
Gurobi 13.0.2 (linux64) logging started Thu Aug 13 06:46:04 2026

Set parameter LogFile to value "/home/23037696r/Documents/research/or_benchmark/wp/results/inactive_0.2/j40/logs/gurobi/j400702_6.log"
Set parameter NumericFocus to value 1
Gurobi Optimizer version 13.0.2 build v13.0.2rc1 (linux64 - "Ubuntu 22.04.3 LTS")

CPU model: Intel Xeon Processor (Cascadelake), instruction set [SSE2|AVX|AVX2|AVX512]
Thread count: 46 physical cores, 46 logical processors, using up to 4 threads

Non-default parameters:
TimeLimit  13800
MIPGap  1e-06
NumericFocus  1
Threads  4

Optimize a model with 63900 rows, 22328 columns and 222680 nonzeros (Min)
Model fingerprint: 0xa45b58b4
Model has 13904 linear objective coefficients and an objective constant of 8.1111795419533757e+02
Variable types: 5088 continuous, 17240 integer (17040 binary)
Coefficient statistics:
  Matrix range     [1e+00, 2e+02]
  Objective range  [1e-02, 1e+03]
  Bounds range     [1e+00, 2e+02]
  RHS range        [1e+00, 2e+02]

Presolve removed 33345 rows and 7052 columns (presolve time = 5s)...
Presolve removed 44046 rows and 8112 columns (presolve time = 10s)...
Presolve removed 44092 rows and 9880 columns (presolve time = 15s)...
Presolve removed 46151 rows and 11431 columns (presolve time = 20s)...
Presolve removed 46155 rows and 11431 columns (presolve time = 25s)...
Presolve removed 46154 rows and 11430 columns
Presolve time: 26.71s
Presolved: 17746 rows, 10898 columns, 113902 nonzeros
Variable types: 0 continuous, 10898 integer (7551 binary)
Found heuristic solution: objective 3974.1890186
Deterministic concurrent LP optimizer: primal and dual simplex
Showing primal log only...


Root simplex log...

Iteration    Objective       Primal Inf.    Dual Inf.      Time
       0    2.0971561e+03   1.209983e+02   8.793659e+08     32s
     182    4.5125064e+05   0.000000e+00   4.781227e+04     32s
    4305    2.2295525e+03   0.000000e+00   0.000000e+00     35s
Concurrent spin time: 0.50s

Solved with primal simplex
    4305    2.2295525e+03   0.000000e+00   0.000000e+00     36s

Root relaxation: objective 2.229553e+03, 4305 iterations, 6.61 seconds (0.26 work units)

    Nodes    |    Current Node    |     Objective Bounds      |     Work
 Expl Unexpl |  Obj  Depth IntInf | Incumbent    BestBd   Gap | It/Node Time

     0     0 2229.55255    0  108 3974.18902 2229.55255  43.9%     -   38s
     0     0 2231.02053    0  117 3974.18902 2231.02053  43.9%     -   39s
H    0     0                    3970.0393014 2231.02053  43.8%     -   44s
H    0     0                    3962.4213369 2231.02053  43.7%     -   44s
     0     0 2236.22124    0  166 3962.42134 2236.22124  43.6%     -   46s
H    0     0                    2584.5660490 2236.64746  13.5%     -   55s
     0     0 2236.64746    0  166 2584.56605 2236.64746  13.5%     -   55s
     0     0 2236.64746    0  166 2584.56605 2236.64746  13.5%     -   56s
H    0     0                    2581.5182273 2236.64746  13.4%     -   62s
     0     0 2238.28008    0  176 2581.51823 2238.28008  13.3%     -   65s
     0     0 2238.28008    0  118 2581.51823 2238.28008  13.3%     -   67s
H    0     0                    2563.3895766 2238.28008  12.7%     -   68s
     0     0 2238.28008    0  167 2563.38958 2238.28008  12.7%     -   69s
     0     0 2238.28008    0  167 2563.38958 2238.28008  12.7%     -   70s
     0     0 2238.28626    0  169 2563.38958 2238.28626  12.7%     -   70s
     0     0 2238.41042    0  167 2563.38958 2238.41042  12.7%     -   71s
     0     0 2238.41084    0  169 2563.38958 2238.41084  12.7%     -   71s
     0     0 2241.11923    0  175 2563.38958 2241.11923  12.6%     -   73s
     0     0 2249.02430    0  100 2563.38958 2249.02430  12.3%     -   73s
     0     0 2249.02443    0   94 2563.38958 2249.02443  12.3%     -   74s
     0     0 2260.91663    0  168 2563.38958 2260.91663  11.8%     -   74s
     0     0 2260.92276    0  168 2563.38958 2260.92276  11.8%     -   75s
     0     0 2260.94729    0  165 2563.38958 2260.94729  11.8%     -   75s
     0     0 2260.94729    0  167 2563.38958 2260.94729  11.8%     -   76s
H    0     0                    2557.0046091 2260.94729  11.6%     -   76s
H    0     0                    2554.3886531 2260.94729  11.5%     -   76s
H    0     0                    2553.6306113 2260.94729  11.5%     -   76s
     0     0 2261.57642    0  176 2553.63061 2261.57642  11.4%     -   77s
     0     0 2261.63720    0  178 2553.63061 2261.63720  11.4%     -   77s
     0     0 2261.63955    0  169 2553.63061 2261.63955  11.4%     -   78s
H    0     0                    2553.4894759 2261.63955  11.4%     -   78s
     0     0 2261.70314    0  170 2553.48948 2261.70314  11.4%     -   78s
     0     0 2262.17081    0  174 2553.48948 2262.17081  11.4%     -   79s
     0     0 2262.17081    0  165 2553.48948 2262.17081  11.4%     -   80s
H    0     0                    2535.0797395 2262.17081  10.8%     -   80s
H    0     0                    2534.4525662 2262.17081  10.7%     -   80s
H    0     0                    2531.0325850 2262.17081  10.6%     -   81s
H    0     0                    2530.4050981 2262.17081  10.6%     -   81s
H    0     0                    2529.9710099 2262.17081  10.6%     -   81s
     0     0 2262.17081    0  170 2529.97101 2262.17081  10.6%     -   81s
     0     0 2262.17081    0  171 2529.97101 2262.17081  10.6%     -   82s
     0     0 2262.17081    0  171 2529.97101 2262.17081  10.6%     -   82s
     0     0 2262.17081    0  110 2529.97101 2262.17081  10.6%     -   83s
     0     0 2262.17081    0  111 2529.97101 2262.17081  10.6%     -   83s
     0     0 2262.23735    0  108 2529.97101 2262.23735  10.6%     -   84s
     0     0 2262.23800    0  109 2529.97101 2262.23800  10.6%     -   86s
     0     0 2262.34484    0  110 2529.97101 2262.34484  10.6%     -   87s
     0     0 2262.34484    0  110 2529.97101 2262.34484  10.6%     -   88s
     0     0 2262.34484    0  110 2529.97101 2262.34484  10.6%     -   88s
     0     0 2262.34484    0  110 2529.97101 2262.34484  10.6%     -   89s
     0     2 2262.72924    0  110 2529.97101 2262.72924  10.6%     -   89s
     2     4 2277.67749    1   66 2529.97101 2262.72924  10.6%   243   90s
    96    80 2267.44271   16  154 2529.97101 2262.72924  10.6%  95.3   95s
   240   168 infeasible   45      2529.97101 2263.88181  10.5%  58.3  100s
H  246   173                    2528.2603780 2263.88181  10.5%  59.1  100s
H  249   173                    2527.0666939 2263.88181  10.4%  58.5  100s
H  251   187                    2526.6915593 2263.88181  10.4%  58.0  101s
H  374   276                    2524.8258142 2263.88249  10.3%  52.5  104s
   410   304 2326.75746   42   35 2524.82581 2263.88249  10.3%  51.8  105s
H  444   310                    2524.4033632 2264.04673  10.3%  52.7  105s
   678   498 2431.79076  128   28 2524.40336 2268.95788  10.1%  47.0  110s
  1140   768 2274.58484   16   81 2524.40336 2269.18861  10.1%  36.2  115s
  1307   860 2377.79923   29  128 2524.40336 2270.80766  10.0%  35.7  120s
  1441   909 2293.76672   28  176 2524.40336 2270.80766  10.0%  35.1  142s
  1443   910 2347.30725   17  167 2524.40336 2270.80766  10.0%  35.1  148s
  1445   912 2387.52911  221  186 2524.40336 2270.80766  10.0%  35.0  150s
  1451   916 2279.66873    7  234 2524.40336 2270.80766  10.0%  34.9  155s
  1457   920 2388.40126  232  192 2524.40336 2270.80766  10.0%  34.7  161s
  1462   923 2326.28012   49  186 2524.40336 2270.80766  10.0%  34.6  165s
  1466   926 2332.57922  173  244 2524.40336 2270.80766  10.0%  34.5  171s
  1468   927 2365.57832   23  266 2524.40336 2270.80766  10.0%  34.5  175s
  1471   929 2433.64978   31  257 2524.40336 2270.80766  10.0%  34.4  180s
  1474   931 2329.00324  133  275 2524.40336 2270.80766  10.0%  34.3  185s
  1477   933 2325.93055   60  281 2524.40336 2270.80766  10.0%  34.3  190s
  1480   935 2382.46900   20  194 2524.40336 2272.80626  10.0%  34.2  195s
  1484   938 2279.66755    9  234 2524.40336 2276.02175  9.84%  34.1  200s
  1487   940 2325.54333   22  202 2524.40336 2277.92334  9.76%  34.0  207s
  1490   942 2374.02178   30  247 2524.40336 2277.92334  9.76%  34.0  211s
  1492   943 2327.49843  112  207 2524.40336 2277.92334  9.76%  33.9  215s
  1494   944 2325.93055   60  205 2524.40336 2277.92334  9.76%  33.9  221s
  1496   946 2332.31119   19  244 2524.40336 2277.92334  9.76%  33.8  225s
  1499   948 2332.13303   22  237 2524.40336 2277.92334  9.76%  33.8  230s
  1502   950 2477.76508   18  245 2524.40336 2277.92334  9.76%  33.7  235s
  1505   952 2388.23791  231  258 2524.40336 2277.92334  9.76%  33.6  241s
  1508   954 2284.57844   23  284 2524.40336 2278.23014  9.75%  33.6  246s
  1511   956 2332.99348  176  298 2524.40336 2278.58894  9.74%  33.5  252s
  1513   957 2306.56687   42  287 2524.40336 2278.62486  9.74%  33.5  255s
  1516   959 2320.93166   37  271 2524.40336 2282.34247  9.59%  33.4  260s
  1520   962 2471.62000   47  296 2524.40336 2282.42565  9.59%  33.3  266s
  1522   963 2294.15553   22  295 2524.40336 2282.86030  9.57%  33.3  270s
  1526   966 2293.73832   24  301 2524.40336 2282.99934  9.56%  33.2  276s
  1529   968 2283.26863   22  300 2524.40336 2283.26863  9.55%  33.1  281s
  1531   969 2329.00324  133  299 2524.40336 2283.27742  9.55%  33.1  285s
  1534   976 2293.97833   16  227 2524.40336 2284.85818  9.49%  40.2  291s
  1553   997 2349.60698   20  179 2524.40336 2285.40931  9.47%  42.9  295s
  1594  1021 2302.19165   24  106 2524.40336 2285.40931  9.47%  44.8  300s
  1617  1024 2342.02741   27   62 2524.40336 2285.40931  9.47%  45.8  305s
  1643  1044 2500.92460   32   62 2524.40336 2285.40931  9.47%  47.4  311s
  1669  1050 2438.03720   35   51 2524.40336 2285.40931  9.47%  47.7  315s
  1691  1061 2391.90943   37   85 2524.40336 2285.40931  9.47%  48.2  320s
  1711  1060 infeasible   38      2524.40336 2285.40931  9.47%  48.1  327s
  1733  1054 2401.24332   39  148 2524.40336 2285.40931  9.47%  48.7  330s
  1764  1066 2402.61617   43  121 2524.40336 2285.40931  9.47%  49.9  337s
  1778  1069 2404.09414   46   56 2524.40336 2293.03771  9.17%  51.2  340s
  1805  1066 2397.70140   18  167 2524.40336 2293.11310  9.16%  52.4  345s
  1816  1081 2402.81153   22  181 2524.40336 2293.11310  9.16%  53.2  350s
  1839  1085 2445.34735   32   53 2524.40336 2293.11310  9.16%  53.5  356s
  1857  1090     cutoff   42      2524.40336 2293.42316  9.15%  53.7  361s
  1870  1091 2502.14458   22    9 2524.40336 2293.42316  9.15%  53.7  365s
  1901  1088 2314.81630   20  120 2524.40336 2294.04558  9.13%  54.2  372s
  1922  1097 2347.25393   22   91 2524.40336 2294.04558  9.13%  54.8  376s
  1945  1116 2427.20870   25  111 2524.40336 2294.04558  9.13%  55.4  380s
  1977  1136 2361.61959   28   42 2524.40336 2294.04558  9.13%  55.4  385s
  2019  1140 2364.35383   27   79 2524.40336 2294.04558  9.13%  55.1  390s
  2060  1150 2409.58973   30   70 2524.40336 2294.94891  9.09%  55.8  395s
  2100  1164 2366.13764   35   41 2524.40336 2296.38504  9.03%  55.8  401s
  2158  1173 2441.07189   40   65 2524.40336 2296.46691  9.03%  55.5  406s
  2244  1192 2337.75230   20  119 2524.40336 2296.46691  9.03%  55.8  411s
  2286  1208 2351.09831   21  127 2524.40336 2297.64661  8.98%  55.9  417s
  2370  1214 2352.39694   22  114 2524.40336 2297.64661  8.98%  55.3  423s
  2460  1215 2363.78215   26   79 2524.40336 2298.37202  8.95%  54.3  428s
  2531  1198 infeasible   37      2524.40336 2298.37202  8.95%  54.1  435s
  2575  1243 infeasible   31      2524.40336 2298.81444  8.94%  54.4  442s
  2691  1242 2504.52491   21   92 2524.40336 2299.52879  8.91%  54.1  450s
  2772  1230 2302.50782   20  146 2524.40336 2299.52879  8.91%  53.9  456s
  2810  1229 2370.07441   23   46 2524.40336 2299.52879  8.91%  54.3  461s
  2843  1244 2370.38251   24  172 2524.40336 2299.52879  8.91%  54.5  467s
  2894  1256 2373.86781   27  162 2524.40336 2300.61991  8.86%  54.5  474s
  2913  1249 2302.20936   24   71 2524.40336 2300.61991  8.86%  54.5  475s
  2957  1251 2441.81784   30    9 2524.40336 2301.09434  8.85%  54.8  481s
  3003  1261 2301.97465   24  197 2524.40336 2301.33289  8.84%  54.9  489s
  3006  1260 2396.43857   25  169 2524.40336 2301.33289  8.84%  55.0  490s
  3090  1244 2345.47290   27  171 2524.40336 2301.33289  8.84%  55.1  498s
  3147  1242 2354.36405   31  107 2524.40336 2301.33289  8.84%  55.6  503s
  3204  1260 2455.74824   25  145 2524.40336 2302.13319  8.80%  56.0  513s
  3302  1272 2447.29101   29   23 2524.40336 2302.58427  8.79%  55.7  522s
  3426  1293 2346.38415   27  194 2524.40336 2303.39658  8.75%  55.9  530s
  3662  1364     cutoff   38      2524.40336 2304.38626  8.72%  56.7  541s
  3868  1314 2498.55157   31  141 2524.40336 2305.80268  8.66%  57.4  549s
  3957  1321 2344.43864   22  164 2524.40336 2309.24755  8.52%  58.1  558s
  4116  1295     cutoff   31      2524.40336 2309.26906  8.52%  58.8  564s
  4212  1295 2425.03969   26   50 2524.40336 2312.40278  8.40%  59.2  571s
  4306  1339 2351.43841   28  157 2524.40336 2314.71283  8.31%  59.9  583s
  4551  1305 2481.97977   38  124 2524.40336 2317.04851  8.21%  61.0  589s
  4600  1345 2337.04557   24  109 2524.40336 2317.70766  8.19%  61.5  598s
  4715  1416 2387.88997   28  109 2524.40336 2326.41753  7.84%  61.7  610s
  4899  1449 2451.88337   24   92 2524.40336 2335.73836  7.47%  63.7  618s
  4966  1490 2441.25407   25  167 2524.40336 2336.21227  7.45%  65.1  623s
  5084  1576 2336.84313   23   90 2524.40336 2336.26058  7.45%  66.1  633s
  5215  1848 2340.32935   32   90 2524.40336 2336.28933  7.45%  65.9  654s
  5673  1884 infeasible   38      2524.40336 2336.86686  7.43%  64.5  673s
  5789  2029 2339.62506   28   89 2524.40336 2337.09751  7.42%  64.6  697s
  6162  2076 infeasible   53      2524.40336 2337.25439  7.41%  64.8  708s
  6300  2221 2340.08976   29  109 2524.40336 2337.60842  7.40%  65.0  727s
  6604  2281 2491.39323   29   94 2524.40336 2337.63538  7.40%  64.7  739s
  6738  2512 2343.77774   41   77 2524.40336 2337.72069  7.40%  65.0  768s
  7252  2527 infeasible   35      2524.40336 2338.14799  7.38%  63.9  782s
  7306  2586 2399.87779   31   86 2524.40336 2338.25749  7.37%  64.3  800s
  7428  2761 2349.80656   38   55 2524.40336 2338.25749  7.37%  64.3  833s
  7812  2782 2450.42072   42  116 2524.40336 2338.64951  7.36%  64.4  857s
  7906  2859 2426.34493   36   84 2524.40336 2338.64951  7.36%  64.7  877s
  8110  2961 2447.85723   41  115 2524.40336 2338.79681  7.35%  65.1  904s
  8381  3257 infeasible   29      2524.40336 2339.14976  7.34%  65.1  943s
  9040  3298 2365.30014   36   65 2524.40336 2339.30996  7.33%  64.6  972s
  9165  3410 2421.58584   46   56 2524.40336 2339.53882  7.32%  64.5  989s
  9473  3781 infeasible   31      2524.40336 2339.79353  7.31%  63.7 1041s
 10330  3947 2404.04744   35   82 2524.40336 2340.20486  7.30%  62.5 1140s
 10845  4266 2465.04328   39   31 2524.40336 2340.39358  7.29%  61.8 1176s
 11707  4318 2480.32223   64   73 2524.40336 2340.73798  7.28%  60.5 1188s
 11891  4389 2392.15308   49   68 2524.40336 2341.01275  7.26%  60.5 1198s
 12135  4614 2343.61813   33   91 2524.40336 2341.20460  7.26%  60.4 1225s
 12829  4689 2507.30175   56  102 2524.40336 2341.33182  7.25%  59.6 1246s
 13051  4691 infeasible   36      2524.40336 2341.50087  7.25%  59.3 1262s
 13057  4710     cutoff   38      2524.40336 2341.50087  7.25%  59.2 1277s
 13135  4803 2363.52582   40   82 2524.40336 2341.67112  7.24%  59.1 1299s
 13435  4860     cutoff   38      2524.40336 2341.78934  7.23%  59.1 1320s
 13724  4949 2345.22668   38   83 2524.40336 2342.02744  7.22%  58.9 1340s
 14090  5071 2343.24413   26  194 2524.40336 2342.31399  7.21%  58.6 1364s
 14440  5122 2488.48417   33  169 2524.40336 2342.39035  7.21%  59.1 1385s
 14614  5190 2505.28744   28  111 2524.40336 2342.48114  7.21%  59.6 1412s
 14915  5372 2443.74497   37   58 2524.40336 2342.59533  7.20%  59.5 1447s
 15504  5413 2392.00866   29  131 2524.40336 2342.79499  7.19%  59.7 1463s
 15758  5513 2365.07527   38   27 2524.40336 2342.88408  7.19%  59.8 1476s
 16167  5739 2350.38222   27  169 2524.40336 2343.04363  7.18%  59.4 1494s
 16750  5851 2393.66752   28  124 2524.40336 2343.31289  7.17%  59.4 1520s
 17057  6026 2343.92025   32  108 2524.40336 2343.38307  7.17%  59.3 1556s
 17678  6131 infeasible   40      2524.40336 2343.59899  7.16%  58.8 1581s
 17999  6207 2395.43157   42  101 2524.40336 2343.73376  7.16%  58.9 1605s
 18317  6412 2469.80831   36  113 2524.40336 2343.83002  7.15%  58.9 1633s
 18991  6453 2475.40329   41   50 2524.40336 2344.05312  7.14%  58.7 1654s
 19322  6546 2442.71188   32   85 2524.40336 2344.20036  7.14%  58.5 1674s
 19657  6625 2400.43315   46   53 2524.40336 2344.35082  7.13%  58.5 1703s
 19864  6667 2495.96797   37   49 2524.40336 2344.35082  7.13%  58.2 1723s
 20095  6760 2354.94465   36   56 2524.40336 2344.56263  7.12%  58.1 1743s
 20472  7085 infeasible   60      2524.40336 2344.64095  7.12%  57.8 1787s
 21387  7086 2444.43048   30  176 2524.40336 2344.82741  7.11%  56.9 2167s
 21389  7087 2407.84951   35  372 2524.40336 2344.82741  7.11%  56.9 2171s
 21392  7089 2403.73884   46  388 2524.40336 2344.82741  7.11%  56.9 2175s
 21396  7092 2347.85947   38  393 2524.40336 2344.82741  7.11%  56.9 2180s
 21400  7095 2483.65626   41  604 2524.40336 2344.82741  7.11%  56.9 2185s
 21405  7098 2503.34852   30  553 2524.40336 2344.82741  7.11%  56.9 2190s
 21411  7102 2447.06853   45  557 2524.40336 2344.82741  7.11%  56.9 2195s
 21416  7105 2366.91870   45  609 2524.40336 2344.82741  7.11%  56.9 2200s
 21421  7109 2502.98473   26  656 2524.40336 2344.82741  7.11%  56.8 2205s
 21424  7111 2452.42420   37  656 2524.40336 2344.82741  7.11%  56.8 2210s
 21428  7113 2354.78492   30  668 2524.40336 2344.82741  7.11%  56.8 2223s
 21429  7114 2473.37036   34  662 2524.40336 2344.82741  7.11%  56.8 2225s
 21431  7115 2434.76112   34  665 2524.40336 2344.82741  7.11%  56.8 2234s
 21432  7116 2407.63747   42  667 2524.40336 2344.82741  7.11%  56.8 2243s
 21433  7117 2492.85807   53  670 2524.40336 2344.82741  7.11%  56.8 2245s
 21434  7117 2439.45953   43  670 2524.40336 2344.82741  7.11%  56.8 2255s
 21437  7119 2491.80016   45  672 2524.40336 2344.82741  7.11%  56.8 2268s
 21439  7121 2353.92200   30  674 2524.40336 2344.82741  7.11%  56.8 2283s
 21443  7123 2389.85510   32  674 2524.40336 2344.82741  7.11%  56.8 2289s
 21444  7124 2345.51674   34  676 2524.40336 2344.82741  7.11%  56.8 2290s
 21446  7125 2428.44130   39  673 2524.40336 2344.82741  7.11%  56.8 2296s
 21447  7126 2458.18873   45  673 2524.40336 2344.82741  7.11%  56.8 2309s
 21448  7127 2503.44561   43  674 2524.40336 2344.82741  7.11%  56.8 2326s
 21449  7127 2427.65527   41  672 2524.40336 2344.82741  7.11%  56.8 2332s
 21450  7128 2436.25180   40  672 2524.40336 2344.82741  7.11%  56.8 2335s
 21461  7147 2344.82741   32  254 2524.40336 2344.82741  7.11%  57.3 2340s
 21484  7159 2509.26518   34   96 2524.40336 2344.82741  7.11%  57.5 2345s
 21515  7171 2514.74570   37  147 2524.40336 2344.82741  7.11%  57.8 2351s
 21538  7187 2380.19623   39  204 2524.40336 2344.82741  7.11%  58.0 2355s
 21609  7187 2432.00871   33  103 2524.40336 2344.82741  7.11%  58.1 2361s
 21643  7191 2344.82741   37  239 2524.40336 2344.82741  7.11%  58.2 2366s
 21667  7184 2344.82741   38  247 2524.40336 2344.82741  7.11%  58.2 2371s
 21698  7180 2344.82741   39  167 2524.40336 2344.82741  7.11%  58.2 2376s
 21728  7189 2455.67165   42  120 2524.40336 2344.82741  7.11%  58.2 2382s
 21765  7197 2461.99401   51  198 2524.40336 2344.82741  7.11%  58.2 2385s
 21844  7194 2344.82741   41  223 2524.40336 2344.82741  7.11%  58.1 2391s
 21891  7223 2345.34459   47  235 2524.40336 2344.82741  7.11%  58.1 2396s
 22000  7241 2432.85282   55   87 2524.40336 2344.82741  7.11%  58.0 2402s
 22172  7271 2472.68671   36   83 2524.40336 2344.82741  7.11%  57.7 2408s
 22320  7260 2519.21630   53  125 2524.40336 2344.82741  7.11%  57.4 2411s
 22517  7253 2344.82741   56  219 2524.40336 2344.82741  7.11%  57.3 2417s
 22616  7256 2522.49820   90   20 2524.40336 2344.82741  7.11%  57.2 2421s
 22675  7265 2367.25145   41  216 2524.40336 2344.82741  7.11%  57.4 2429s
 22737  7297 2377.12084   48  210 2524.40336 2344.82741  7.11%  57.3 2432s
 22845  7309 2387.61006   59  337 2524.40336 2344.82741  7.11%  57.3 2438s
 22927  7296 2350.46901   43  502 2524.40336 2344.82741  7.11%  57.5 2442s
 22941  7372 2351.05549   47  381 2524.40336 2344.82741  7.11%  57.5 2447s
 23032  7380 2420.77430   67   48 2524.40336 2344.82741  7.11%  57.4 2452s
 23143  7378 2355.76008   45  114 2524.40336 2344.82741  7.11%  57.5 2455s
 23342  7499 2344.82741   52  422 2524.40336 2344.82741  7.11%  57.3 2462s
 23507  7477 infeasible   80      2524.40336 2344.82741  7.11%  57.1 2466s
 23564  7530 2476.62936   48   81 2524.40336 2344.82741  7.11%  57.1 2470s
 23682  7572 2465.98612   62  102 2524.40336 2344.82741  7.11%  57.0 2477s
 23858  7521 2352.77179   33  139 2524.40336 2344.82741  7.11%  56.9 2482s
 23870  7616 2390.89964   35  203 2524.40336 2344.82741  7.11%  57.1 2490s
 24035  7589 infeasible   53      2524.40336 2344.82741  7.11%  57.0 2495s
 24074  7623 2344.82741   40  276 2524.40336 2344.82741  7.11%  57.1 2500s
 24139  7615 2386.25845   42  277 2524.40336 2344.82741  7.11%  57.3 2506s
 24161  7666 2387.24990   45  260 2524.40336 2344.82741  7.11%  57.4 2513s
 24300  7632 infeasible   70      2524.40336 2344.82741  7.11%  57.4 2517s
 24320  7661 2344.82741   37  200 2524.40336 2344.82741  7.11%  57.5 2522s
 24399  7662 2344.82741   40  204 2524.40336 2344.82741  7.11%  57.6 2527s
 24439  7741 2383.26169   41  364 2524.40336 2344.82741  7.11%  57.8 2533s
 24573  7693 2471.30917   45  259 2524.40336 2344.82741  7.11%  58.0 2537s
 24608  7715 2372.15428   33  276 2524.40336 2344.82741  7.11%  58.2 2544s
 24646  7757 2459.95906   36  335 2524.40336 2344.82741  7.11%  58.4 2551s
 24706  7775 2497.24791   55  314 2524.40336 2344.82741  7.11%  58.5 2558s
 24843  7810 2385.85646   41  342 2524.40336 2344.82741  7.11%  58.5 2565s
 24982  7822 2387.06234   48  383 2524.40336 2344.82741  7.11%  58.8 2571s
 25079  7968 2393.48075   75  340 2524.40336 2344.82741  7.11%  58.9 2583s
 25392  7913 infeasible   66      2524.40336 2344.82741  7.11%  59.1 2591s
 25500  8029 2491.95814   43  307 2524.40336 2344.82741  7.11%  59.4 2601s
 25750  7984     cutoff   80      2524.40336 2344.82741  7.11%  59.7 2607s
 25815  8263 2362.02450   46   76 2524.40336 2344.82741  7.11%  59.7 2618s
 26322  8254 2510.68945   54  306 2524.40336 2344.82741  7.11%  59.7 2626s
 26634  8160 2474.72780   50  100 2524.40336 2344.82741  7.11%  60.0 2630s
 26686  8305 2433.06100   46  232 2524.40336 2344.82741  7.11%  60.1 2638s
 27112  8177 infeasible   46      2524.40336 2344.82741  7.11%  60.4 2644s
 27145  8307 2354.13032   49  366 2524.40336 2344.82741  7.11%  60.6 2652s
 27473  8219 2410.28015   53  337 2524.40336 2344.82741  7.11%  60.8 2657s
 27529  8554 2426.28013   61  176 2524.40336 2344.82741  7.11%  60.8 2671s
 28211  8557 2465.56851   52  332 2524.40336 2344.82741  7.11%  60.8 2687s
 28620  8482 2344.82741   46  231 2524.40336 2344.82741  7.11%  61.2 2697s
 28719  8771 2398.42506   58  299 2524.40336 2344.82741  7.11%  61.4 2717s
 29325  8586     cutoff   92      2524.40336 2344.82741  7.11%  61.6 2728s
 29390  8894 2510.62559   53   86 2524.40336 2344.82741  7.11%  61.9 2746s
 30075  8677 2442.22218   47  296 2524.40336 2344.82741  7.11%  61.8 2752s
 30122  8809 2460.82357   52  234 2524.40336 2344.82741  7.11%  62.1 2762s
 30400  8780 infeasible   51      2524.40336 2344.82741  7.11%  62.4 2768s
 30574  9037 2446.06524   49  199 2524.40336 2344.82741  7.11%  62.8 2780s
 31262  8828 2488.60903   49  226 2524.40336 2344.82741  7.11%  62.8 2785s
 31324  9143     cutoff   45      2524.40336 2344.82741  7.11%  62.9 2799s
 32008  8949 2366.42608   62  160 2524.40336 2344.82741  7.11%  62.5 2821s
 32103 10225 2396.36360   65   97 2524.40336 2344.82741  7.11%  62.6 2909s
 33596  9727 2344.82741   66  185 2524.40336 2344.82741  7.11%  63.5 2910s
 35017  9272 infeasible   73      2524.40336 2344.82741  7.11%  64.5 2917s
 35077  9279 2434.90348   60  235 2524.40336 2344.82741  7.11%  64.7 2922s
 35148  9655 2484.98155   63  204 2524.40336 2344.82741  7.11%  64.8 2941s
 36019  9457 2452.39402   38  272 2524.40336 2344.82741  7.11%  64.8 2948s
 36186  9774 2411.93327   86   98 2524.40336 2344.82741  7.11%  64.9 2968s
 36919  9531 infeasible   61      2524.40336 2344.82741  7.11%  65.0 2975s
 36969  9893 2512.44031   60  199 2524.40336 2344.82741  7.11%  65.2 2995s
 37725  9661 infeasible   69      2524.40336 2344.82741  7.11%  65.2 3004s
 37818  9859 2485.21819   53  138 2524.40336 2344.82741  7.11%  65.2 3021s
 38334  9687 2414.78815   74   80 2524.40336 2344.82741  7.11%  65.3 3026s
 38342  9688     cutoff   75      2524.40336 2344.82741  7.11%  65.3 3040s
 38358  9683 2452.40308   76   65 2524.40336 2344.82741  7.11%  65.3 3050s
 38405  9743 2361.42150   72  225 2524.40336 2344.82741  7.11%  65.3 3060s
 38541 10015 2463.96013   56  193 2524.40336 2344.82741  7.11%  65.4 3073s
 39238  9809 2386.08574   41  268 2524.40336 2344.82741  7.11%  65.5 3078s
 39291  9964 2387.80225   58  237 2524.40336 2344.82741  7.11%  65.6 3093s
 39616  9880 2397.29277   67  217 2524.40336 2344.82741  7.11%  65.6 3104s
 39699 10082 2344.94339   43  196 2524.40336 2344.82741  7.11%  65.6 3128s
 40266  9901     cutoff   53      2524.40336 2344.82741  7.11%  65.5 3136s
 40307  9907 2481.98427   55  129 2524.40336 2344.82741  7.11%  65.6 3143s
 40339  9919     cutoff   61      2524.40336 2344.82741  7.11%  65.6 3151s
 40433 10143 2480.02639   65  293 2524.40336 2344.82741  7.11%  65.6 3180s
 41128  9955 2511.11266   73   97 2524.40336 2344.82741  7.11%  65.6 3196s
 41251 10233 2512.35660   53   56 2524.40336 2344.82741  7.11%  65.6 3216s
 42047  9980 infeasible   49      2524.40336 2344.82741  7.11%  65.4 3222s
 42104 10262 2398.26571   60  313 2524.40336 2344.82741  7.11%  65.5 3237s
 42810 10046 infeasible   59      2524.40336 2344.98450  7.11%  65.5 3260s
 42906 11767 2452.44934   74  272 2524.40336 2344.98450  7.11%  65.9 3358s
 46881 11784     cutoff   51      2524.40336 2349.09317  6.94%  64.5 3363s
 46946 11819 infeasible   55      2524.40336 2349.29208  6.94%  64.5 3368s
 47022 11830 2480.94482   54  112 2524.40336 2349.40538  6.93%  64.5 3373s
 47080 12137 2387.29593   49  314 2524.40336 2349.55698  6.93%  64.6 3388s
 47651 12217 2424.80101   86  387 2524.40336 2350.13776  6.90%  64.4 3395s
 47876 12595 infeasible  109      2524.40336 2350.40002  6.89%  64.3 3405s
 48507 12607 2511.21963  107  309 2524.40336 2351.06461  6.87%  63.9 3410s
 48558 12752 2464.25116  106  378 2524.40336 2351.06461  6.87%  63.9 3420s
 48943 12817 infeasible   54      2524.40336 2351.73742  6.84%  64.0 3426s
 49115 12941 2480.12005   54  150 2524.40336 2352.10018  6.83%  64.2 3432s
 49399 13001 2476.88055   66  101 2524.40336 2352.46686  6.81%  64.1 3437s
 49624 13136 2386.31552   44  260 2524.40336 2353.30797  6.78%  64.1 3442s
 49906 13196 2482.30091   54  428 2524.40336 2353.48997  6.77%  64.1 3446s
 50023 13492 2355.76697   48  113 2524.40336 2353.78198  6.76%  64.2 3456s
 50670 13675 2481.76194   53  129 2524.40336 2354.42808  6.73%  64.0 3467s
 51094 13845 2509.52383   52  243 2524.40336 2355.52000  6.69%  64.0 3473s
 51417 13916 2503.69029   57  169 2524.40336 2356.05657  6.67%  64.1 3477s
 51574 14162 2412.28000   63  147 2524.40336 2356.58634  6.65%  64.1 3484s
 52108 14248 2361.87149   55  114 2524.40336 2357.60246  6.61%  64.1 3489s
 52277 14523 2362.52972   56  127 2524.40336 2357.62191  6.61%  64.1 3499s
 52888 14537 2424.10085   38  293 2524.40336 2358.60495  6.57%  64.0 3502s
 52934 14859 2466.27051   51   89 2524.40336 2358.89401  6.56%  64.0 3509s
 53682 15442 2369.20745   53  264 2524.40336 2360.08654  6.51%  63.6 3527s
 54774 15793 2412.68275   40  319 2524.40336 2360.81185  6.48%  63.2 3535s
 55443 16031 2429.08200   61  185 2524.40336 2360.95903  6.47%  62.9 3547s
 55925 16273 2513.23630   75  225 2524.40336 2361.58561  6.45%  62.8 3556s
 56413 16578 2364.46980   57  244 2524.40336 2362.14901  6.43%  62.7 3565s
 56842 16828 2386.20015   52  312 2524.40336 2362.20786  6.43%  62.6 3575s
 57412 17057 2471.71347   40  244 2524.40336 2362.83830  6.40%  62.5 3584s
 57875 17087 2377.32760   55  214 2524.40336 2363.26928  6.38%  62.4 3587s
 57966 17176 2401.26085   54  254 2524.40336 2363.31202  6.38%  62.4 3591s
 58139 17234 2476.43851   47  327 2524.40336 2363.39557  6.38%  62.4 3598s
 58235 17244 2374.60488   55  370 2524.40336 2363.44397  6.38%  62.4 3601s
 58257 17498 2426.57059   61  197 2524.40336 2363.49341  6.37%  62.4 3613s
 58796 17502 infeasible   79      2524.40336 2363.79377  6.36%  62.2 3617s
 58869 17743 2469.12564   40  169 2524.40336 2363.79377  6.36%  62.2 3627s
 59321 17926 2518.26985   67  262 2524.40336 2364.10901  6.35%  62.1 3640s
 59842 18195 2469.18264   60  290 2524.40336 2364.56740  6.33%  62.0 3654s
 60364 18291 2511.92707   69   74 2524.40336 2364.84159  6.32%  61.9 3660s
 60597 18405 2487.32107   60  168 2524.40336 2365.00128  6.31%  61.9 3668s
 60908 18410 infeasible   39      2524.40336 2365.24024  6.30%  61.8 3674s
 60940 18760 2513.26464   62  198 2524.40336 2365.24024  6.30%  61.8 3685s
 61531 18825 infeasible   65      2524.40336 2365.47329  6.30%  61.7 3690s
 61677 19044 2404.85110   61  242 2524.40336 2365.58270  6.29%  61.6 3700s
 62216 19331 2523.07739   61   80 2524.40336 2365.99332  6.28%  61.6 3712s
 62694 19324 2417.06660   66  251 2524.40336 2366.12543  6.27%  61.5 3716s
 62761 19616 2421.07780   68  168 2524.40336 2366.16400  6.27%  61.5 3725s
 63302 19631     cutoff   67      2524.40336 2366.47589  6.26%  61.4 3731s
 63399 19900 2481.10593   78   79 2524.40336 2366.61935  6.25%  61.4 3741s
 63905 19954 infeasible   71      2524.40336 2366.95647  6.24%  61.3 3761s
 64088 21026 2452.70199   55  209 2524.40336 2367.14069  6.23%  61.4 3820s
 66335 21028 infeasible   48      2524.40336 2367.92229  6.20%  61.0 3825s
 66357 21046     cutoff   78      2524.40336 2367.95141  6.20%  61.1 3830s
 66408 21133 infeasible   59      2524.40336 2368.01029  6.20%  61.1 3837s
 66579 21337 2492.55358   56   89 2524.40336 2368.19689  6.19%  61.1 3847s
 66982 21355 2371.46579   63  200 2524.40336 2368.38922  6.18%  61.0 3852s
 67051 21640 2422.76835   52  278 2524.40336 2368.53659  6.17%  61.1 3869s
 67675 21709 2508.96523   63  182 2524.40336 2368.73845  6.17%  61.0 3877s
 67852 21926     cutoff   54      2524.40336 2368.81278  6.16%  61.0 3889s
 68384 21937     cutoff   39      2524.40336 2369.15649  6.15%  60.9 3895s
 68419 22176 2506.81442   49  168 2524.40336 2369.15649  6.15%  60.9 3905s
 69095 22540 2484.01439   77   66 2524.40336 2369.38849  6.14%  60.8 3914s
 69756 22554 infeasible   63      2524.40336 2369.74801  6.13%  60.6 3918s
 69810 22712 2455.58068   53  271 2524.40336 2369.82763  6.12%  60.6 3930s
 70437 22845 2504.18233   51   97 2524.40336 2370.14053  6.11%  60.5 3938s
 70788 23032 2475.72590   59  120 2524.40336 2370.50523  6.10%  60.4 3946s
 71326 23359 2474.04668   56  113 2524.40336 2370.74593  6.09%  60.2 3961s
 72062 23424 2429.19261   56  193 2524.40336 2371.27336  6.07%  60.0 3968s
 72283 23468 2423.26503   56  165 2524.40336 2371.56516  6.05%  60.0 3973s
 72409 23732 2393.67960   64  131 2524.40336 2371.66083  6.05%  60.1 3985s
 73229 24046 2416.76174   70  293 2524.40336 2372.22886  6.03%  59.8 3999s
 73883 24085 infeasible  130      2524.40336 2373.01795  6.00%  59.6 4003s
 74018 24368 2378.64707   53   74 2524.40336 2373.12822  5.99%  59.6 4011s
 74702 24387 2424.94096   56  298 2524.40336 2373.73960  5.97%  59.3 4024s
 74751 25647 2428.90306   57  339 2524.40336 2373.73960  5.97%  59.3 4102s
 78710 25665 2510.61955   62   53 2524.40336 2379.09647  5.76%  58.6 4105s
 78963 26060 2441.63975   46  333 2524.40336 2379.33223  5.75%  58.7 4127s
 79922 26179 2477.70643   74  176 2524.40336 2380.99523  5.68%  58.4 4134s
 80159 26519 2432.31160   74  109 2524.40336 2381.12317  5.68%  58.4 4151s
 80926 26521 infeasible   45      2524.40336 2382.78121  5.61%  58.1 4158s
 81001 26760 2514.71820   76  168 2524.40336 2383.12160  5.60%  58.1 4168s
 81436 27112 2436.76214  122  319 2524.40336 2383.39571  5.59%  58.0 4177s
 82132 27122 2522.13773  112   77 2524.40336 2383.59471  5.58%  57.8 4182s
 82196 27471 2429.29606   62  213 2524.40336 2383.79796  5.57%  57.8 4202s
 83031 27717 2469.34455   69  217 2524.40336 2385.74410  5.49%  57.5 4213s
 83378 27744 2438.58970   64  272 2524.40336 2385.80319  5.49%  57.6 4218s
 83419 28023 2459.93195   71  288 2524.40336 2385.80319  5.49%  57.6 4228s
 83809 27995 infeasible   83      2524.40336 2385.82027  5.49%  57.7 4234s
 83853 28003 infeasible   49      2524.40336 2385.82234  5.49%  57.8 4239s
 83886 28241 infeasible   44      2524.40336 2385.82234  5.49%  57.9 4249s
 84333 28233 infeasible   61      2524.40336 2385.84385  5.49%  57.9 4254s
 84393 28488 2401.90185   51  396 2524.40336 2385.93495  5.49%  57.9 4266s
 84786 28489 infeasible   51      2524.40336 2385.93495  5.49%  58.0 4271s
 84825 28615 2394.70506   48  164 2524.40336 2385.93578  5.49%  58.1 4281s
 85082 28650 2450.50358   61  291 2524.40336 2385.93955  5.49%  58.1 4306s
 85207 29581 2386.07503   65  223 2524.40336 2386.03438  5.48%  58.2 4355s
 86889 29598 infeasible   57      2524.40336 2386.05175  5.48%  58.6 4360s
 86947 29639 2399.22614   63  216 2524.40336 2386.06039  5.48%  58.7 4365s
 87032 29925     cutoff   91      2524.40336 2386.07543  5.48%  58.7 4375s
 87583 29932 infeasible   90      2524.40336 2386.07591  5.48%  58.8 4381s
 87673 30156 2424.39258   44  289 2524.40336 2386.07844  5.48%  59.0 4394s
 88132 30147 infeasible   54      2524.40336 2386.08631  5.48%  59.1 4405s
 88153 30166 infeasible   55      2524.40336 2386.09659  5.48%  59.2 4423s
 88196 30186 2387.66144   52  232 2524.40336 2386.09659  5.48%  59.3 4439s
 88257 30434 2401.23044   55  259 2524.40336 2386.09659  5.48%  59.3 4461s
 88776 30453 infeasible   61      2524.40336 2386.11879  5.48%  59.6 4475s
 88854 30751 2386.35245   60  216 2524.40336 2386.11992  5.48%  59.7 4492s
 89464 30748     cutoff   64      2524.40336 2386.13145  5.48%  59.8 4498s
 89513 30848 2499.32761   65  217 2524.40336 2386.13531  5.48%  59.9 4513s
 89813 30905 2389.20454   56  207 2524.40336 2386.15289  5.48%  60.2 4525s
 89957 31211 infeasible   69      2524.40336 2386.16055  5.48%  60.2 4541s
 90649 31263 2387.88118   60  372 2524.40336 2386.16529  5.48%  60.3 4550s
 90777 31709 infeasible   76      2524.40336 2386.16700  5.48%  60.4 4575s
 91537 31758 2419.65614   68  294 2524.40336 2386.17333  5.48%  60.5 4591s
 91736 31953     cutoff   67      2524.40336 2386.18716  5.48%  60.6 4601s
 92109 32053 2468.03625   50  242 2524.40336 2386.19249  5.47%  60.7 4610s
 92326 32203 2517.40744   66  175 2524.40336 2386.20918  5.47%  60.9 4621s
 92590 32223 infeasible   59      2524.40336 2386.21051  5.47%  60.9 4631s
 92651 32276 2505.28977   70  350 2524.40336 2386.21051  5.47%  61.1 4643s
 92811 32457     cutoff   51      2524.40336 2386.21051  5.47%  61.3 4657s
 93199 32550 2439.74538   52  252 2524.40336 2386.21180  5.47%  61.5 4666s
 93355 32823 infeasible   59      2524.40336 2386.21180  5.47%  61.5 4680s
 93905 33135 2450.64846   67  234 2524.40336 2386.22393  5.47%  61.8 4687s
 94489 33167 2465.59575   88  128 2524.40336 2386.23344  5.47%  62.0 4691s
 94556 33532 2408.16690   63  203 2524.40336 2386.23368  5.47%  62.1 4701s
 95334 33542 2448.10423   81  237 2524.40336 2386.24914  5.47%  62.2 4725s
 95377 34889 2398.08399   78  308 2524.40336 2386.25157  5.47%  62.2 4876s
 98564 34910 infeasible   60      2524.40336 2386.34750  5.47%  63.8 4893s
 98665 34934 2504.30224   77  203 2524.40336 2386.35100  5.47%  64.0 4912s
 98765 35183 2445.15223   52  203 2524.40336 2386.35404  5.47%  64.1 4934s
 99390 35202 infeasible   50      2524.40336 2386.36743  5.47%  64.3 4946s
 99473 35661     cutoff   46      2524.40336 2386.37257  5.47%  64.4 4963s
 100394 35679 2391.76039   64  228 2524.40336 2386.43708  5.47%  64.5 4972s
 100474 36108 2394.00909   68  205 2524.40336 2386.43950  5.47%  64.6 4995s
 101338 36170 infeasible   75      2524.40336 2386.47976  5.46%  64.7 5004s
 101540 36571 2509.28882   55  371 2524.40336 2386.48872  5.46%  64.8 5024s
 102311 36594 infeasible   50      2524.40336 2386.50380  5.46%  64.9 5030s
 102391 37022 2515.81341   71  243 2524.40336 2386.50699  5.46%  64.9 5059s
 103244 37061 2438.33524   53  310 2524.40336 2386.52777  5.46%  64.9 5072s
 103336 37361 2496.13983   59   61 2524.40336 2386.52777  5.46%  65.0 5092s
 103980 37418 infeasible   84      2524.40336 2386.55185  5.46%  65.1 5101s
 104182 37654 2522.08020   86  174 2524.40336 2386.56761  5.46%  65.1 5121s
 104596 37662 infeasible   71      2524.40336 2386.57436  5.46%  65.1 5136s
 104661 37874 2396.99544   53  306 2524.40336 2386.58239  5.46%  65.2 5150s
 105120 37882 2518.06628   64  242 2524.40336 2386.59641  5.46%  65.3 5157s
 105200 38129     cutoff   72      2524.40336 2386.59641  5.46%  65.4 5174s
 105870 38170 infeasible   74      2524.40336 2386.63187  5.46%  65.6 5186s
 106043 38604 2506.09083   59  248 2524.40336 2386.64925  5.46%  65.7 5221s
 107057 38658 2414.81847   52  288 2524.40336 2386.67580  5.46%  66.0 5229s
 107135 39117 infeasible   65      2524.40336 2386.67580  5.46%  66.0 5257s
 108206 39120 infeasible   70      2524.40336 2386.79214  5.45%  66.0 5265s
 108273 39364 2389.61135   47  268 2524.40336 2386.79572  5.45%  66.0 5284s
 108848 39380 infeasible   48      2524.40336 2386.84381  5.45%  66.1 5301s
 108890 39604 2451.00518   52  255 2524.40336 2386.86345  5.45%  66.1 5317s
 109393 39594 infeasible   46      2524.40336 2386.90580  5.45%  66.2 5323s
 109441 39941 2391.38366   57  216 2524.40336 2386.92057  5.45%  66.3 5336s
 110168 39952 infeasible   92      2524.40336 2386.96097  5.44%  66.3 5347s
 110221 40271 2447.11569   77  240 2524.40336 2386.96806  5.44%  66.3 5366s
 110946 40262 infeasible   47      2524.40336 2387.00672  5.44%  66.3 5372s
 110998 40569 2441.54997   69  194 2524.40336 2387.01653  5.44%  66.4 5385s
 111640 40565 infeasible   48      2524.40336 2387.04909  5.44%  66.3 5393s
 111660 40779 2504.67991   50  209 2524.40336 2387.04909  5.44%  66.4 5405s
 112076 40779 2510.14529   60  310 2524.40336 2387.09624  5.44%  66.4 5410s
 112122 41103 2478.09365   61  214 2524.40336 2387.09624  5.44%  66.5 5425s
 112842 41507 2389.64061   50  193 2524.40336 2387.17372  5.44%  66.5 5437s
 113551 41498 2440.88014   46  288 2524.40336 2387.18801  5.44%  66.4 5441s
 113582 41712 2392.28372   45  324 2524.40336 2387.19795  5.44%  66.4 5455s
 114058 41721 2476.31328   46  164 2524.40336 2387.23636  5.43%  66.5 5462s
 114098 41978 2389.79285   47  394 2524.40336 2387.23636  5.43%  66.5 5475s
 114664 42009 infeasible   80      2524.40336 2387.29073  5.43%  66.5 5482s
 114810 42304 2501.42835   58   96 2524.40336 2387.32196  5.43%  66.5 5494s
 115479 42318 2461.25294   66  286 2524.40336 2387.36612  5.43%  66.5 5499s
 115532 42665     cutoff   81      2524.40336 2387.36612  5.43%  66.5 5513s
 116160 42710 2390.00297   59  200 2524.40336 2387.41472  5.43%  66.4 5528s
 116248 44405 2487.88191   59  327 2524.40336 2387.42247  5.43%  66.4 5614s
 119733 44425 2462.01520   77  159 2524.40336 2387.67913  5.42%  66.4 5621s
 119755 44452 2516.43529   79  138 2524.40336 2387.67913  5.42%  66.4 5627s
 119802 44461 2459.77559   69  298 2524.40336 2387.67913  5.42%  66.4 5639s
 119839 44463 infeasible   47      2524.40336 2387.69263  5.42%  66.4 5648s
 119859 44460     cutoff   70      2524.40336 2387.69263  5.42%  66.5 5654s
 119872 44461     cutoff   72      2524.40336 2387.69854  5.42%  66.5 5663s
 119893 44468 2441.79190   70  287 2524.40336 2387.70146  5.42%  66.5 5673s
 119925 44476 2459.43606   73  252 2524.40336 2387.70146  5.42%  66.5 5692s
 119948 44848 2448.08984   79  161 2524.40336 2387.70146  5.42%  66.5 5710s
 120692 44888 2417.96942   76  126 2524.40336 2387.73474  5.41%  66.4 5718s
 120793 45270 2391.66675   47  205 2524.40336 2387.75182  5.41%  66.4 5736s
 121531 45465 2390.74226   51  207 2524.40336 2387.80436  5.41%  66.3 5748s
 121925 45479 2508.28972   64  216 2524.40336 2387.83816  5.41%  66.3 5756s
 121982 45696 2512.60415   70  181 2524.40336 2387.85017  5.41%  66.3 5769s
 122545 45693 2466.45575   68  152 2524.40336 2387.90043  5.41%  66.3 5773s
 122587 45895 2456.92426   71  248 2524.40336 2387.91347  5.41%  66.4 5778s
 123104 45950 infeasible   61      2524.40336 2388.01419  5.40%  66.4 5782s
 123191 46220 2443.97541   48  271 2524.40336 2388.01419  5.40%  66.4 5789s
 123770 46250 2391.69706   49  329 2524.40336 2388.05643  5.40%  66.4 5795s
 123934 46555 2521.41700   74  186 2524.40336 2388.07606  5.40%  66.4 5811s
 124581 46570 infeasible   64      2524.40336 2388.15023  5.40%  66.4 5817s
 124637 47049 2407.94431   48  222 2524.40336 2388.15058  5.40%  66.4 5835s
 125494 47171 2388.65278   57  330 2524.40336 2388.21770  5.39%  66.2 5841s
 125736 47390 2421.33070   61  271 2524.40336 2388.22856  5.39%  66.1 5852s
 126315 47389 2462.64124   72  181 2524.40336 2388.25328  5.39%  66.1 5857s
 126357 47642 2409.13155   74  192 2524.40336 2388.26724  5.39%  66.2 5870s
 126981 47809 2465.12422   48  249 2524.40336 2388.32383  5.39%  66.1 5889s
 127281 48638 2392.88463   56  246 2524.40336 2388.36807  5.39%  66.0 5918s
 128897 48640 2403.69510   61  151 2524.40336 2388.46721  5.38%  65.8 5922s
 128915 48901 2404.02226   63  121 2524.40336 2388.46721  5.38%  65.8 5930s
 129479 49223 2446.71451   48  221 2524.40336 2388.50327  5.38%  65.7 5942s
 130061 49430 2505.00544  104   98 2524.40336 2388.53723  5.38%  65.6 5947s
 130527 49444 infeasible   83      2524.40336 2388.58736  5.38%  65.5 5950s
 130577 49591 2392.03150   51  288 2524.40336 2388.59402  5.38%  65.5 5959s
 130994 49771 2446.18253   58  418 2524.40336 2388.62992  5.38%  65.5 5972s
 131428 49772 infeasible   48      2524.40336 2388.68769  5.38%  65.5 5975s
 131466 50008 2424.38452   76  295 2524.40336 2388.69604  5.38%  65.5 5987s
 131988 50107 2506.04015   57  181 2524.40336 2388.79217  5.37%  65.4 5991s
 132160 50117 infeasible   88      2524.40336 2388.82472  5.37%  65.4 5997s
 132219 50120 infeasible   63      2524.40336 2388.83002  5.37%  65.4 6002s
 132227 50181 infeasible   65      2524.40336 2388.83215  5.37%  65.4 6010s
 132344 50382 2390.61862   48  236 2524.40336 2388.83570  5.37%  65.3 6021s
 132798 50692 2446.18576   70  328 2524.40336 2388.85737  5.37%  65.3 6036s
 133373 50738 infeasible   55      2524.40336 2388.88760  5.37%  65.2 6041s
 133465 50957 infeasible   59      2524.40336 2388.88760  5.37%  65.2 6049s
 133920 50967 infeasible   85      2524.40336 2388.91829  5.37%  65.2 6052s
 133960 51234 2404.97862   63  148 2524.40336 2388.91829  5.37%  65.2 6061s
 134576 51462 2453.38089   51  165 2524.40336 2388.99300  5.36%  65.2 6070s
 135074 51696 2443.72492   59  254 2524.40336 2389.05256  5.36%  65.2 6082s
 135592 51851 2492.15258   51  308 2524.40336 2389.08460  5.36%  65.1 6089s
 135973 51889 infeasible   57      2524.40336 2389.10422  5.36%  65.0 6094s
 136104 52139 2389.15783   44  220 2524.40336 2389.12879  5.36%  65.1 6104s
 136602 52146 infeasible   53      2524.40336 2389.17840  5.36%  65.0 6107s
 136646 52329 2438.85731   55  242 2524.40336 2389.18592  5.36%  65.0 6115s
 137118 52515 2399.08931   46  372 2524.40336 2389.23150  5.35%  65.1 6127s
 137579 52541 2458.21380   48  246 2524.40336 2389.27787  5.35%  65.0 6138s
 137655 54149 infeasible   49      2524.40336 2389.27787  5.35%  65.1 6214s
 139516 54149 infeasible   53      2524.40336 2389.28349  5.35%  65.0 6215s
 141390 54180 2410.27448   57  224 2524.40336 2389.51432  5.34%  64.8 6221s
 141447 54226 2473.91062   66  116 2524.40336 2389.51432  5.34%  64.9 6234s
 141508 54335 infeasible   60      2524.40336 2389.51432  5.34%  64.8 6245s
 141694 54792 2443.32995   62  274 2524.40336 2389.57709  5.34%  64.8 6264s
 142563 54892 infeasible   57      2524.40336 2389.69838  5.34%  64.7 6271s
 142802 55197 2497.40221   84   92 2524.40336 2389.70588  5.34%  64.7 6284s
 143405 55227 infeasible   50      2524.40336 2389.72737  5.33%  64.6 6287s
 143489 55661 2499.41436   83  126 2524.40336 2389.74661  5.33%  64.6 6304s
 144355 55814 2393.81625   55  261 2524.40336 2389.79016  5.33%  64.4 6317s
 144832 55808 infeasible   59      2524.40336 2389.83252  5.33%  64.4 6323s
 144883 56166 2503.29163   75   94 2524.40336 2389.84790  5.33%  64.4 6339s
 145617 56295 infeasible  113      2524.40336 2389.89806  5.33%  64.3 6347s
 145890 56622 2452.50804   77  113 2524.40336 2389.90712  5.33%  64.2 6363s
 146614 56625 2485.15372   82  118 2524.40336 2389.94652  5.33%  64.1 6367s
 146656 56913 2394.40464   51  217 2524.40336 2389.95996  5.33%  64.1 6386s
 147310 56972 2473.26916   69  240 2524.40336 2390.01332  5.32%  64.0 6394s
 147426 57200 2504.50282   71  165 2524.40336 2390.02672  5.32%  64.0 6410s
 147966 57224     cutoff   87      2524.40336 2390.04044  5.32%  64.0 6434s
 148060 59111 2481.66374   85  155 2524.40336 2390.04956  5.32%  64.0 6520s
 152060 59116 infeasible   67      2524.40336 2390.44567  5.31%  63.4 6525s
 152147 59149 2399.12025   55  205 2524.40336 2390.44567  5.31%  63.4 6534s
 152177 59425 2521.37237   60  155 2524.40336 2390.44567  5.31%  63.4 6543s
 152718 59611 2393.77313   69  288 2524.40336 2390.49537  5.30%  63.3 6555s
 153239 59928 2508.66628   60  263 2524.40336 2390.52093  5.30%  63.3 6569s
 153727 60160 2395.74437   70  215 2524.40336 2390.56855  5.30%  63.2 6578s
 154158 60167 2405.71721   61  191 2524.40336 2390.59078  5.30%  63.1 6580s
 154176 60438     cutoff   63      2524.40336 2390.59943  5.30%  63.1 6588s
 154688 60450 infeasible   47      2524.40336 2390.61564  5.30%  63.1 6591s
 154743 60700 infeasible   53      2524.40336 2390.63223  5.30%  63.1 6602s
 155297 60696     cutoff   70      2524.40336 2390.64526  5.30%  63.0 6606s
 155333 60866 2420.59983   61  257 2524.40336 2390.65031  5.30%  63.0 6615s
 155769 60966 infeasible   47      2524.40336 2390.69318  5.30%  62.9 6623s
 156007 61032 2394.62685   55  292 2524.40336 2390.71219  5.30%  62.9 6627s
 156121 61198 2501.05399   71  174 2524.40336 2390.71219  5.30%  62.9 6638s
 156578 61251 2417.36112   44  175 2524.40336 2390.77315  5.29%  62.9 6643s
 156715 61486 infeasible   93      2524.40336 2390.78318  5.29%  62.8 6656s
 157263 61539 infeasible   53      2524.40336 2390.82720  5.29%  62.8 6662s
 157398 61831 2479.41861   77  144 2524.40336 2390.86178  5.29%  62.7 6676s
 157972 61917 2488.57844   59  276 2524.40336 2390.89775  5.29%  62.6 6683s
 158174 62212 2482.02287   54   97 2524.40336 2390.92263  5.29%  62.6 6705s
 158774 62466 2424.62732   60  238 2524.40336 2390.96970  5.29%  62.5 6715s
 159230 62820 2429.57781   64  208 2524.40336 2391.01002  5.28%  62.4 6734s
 159995 62850 2392.57971   61  209 2524.40336 2391.06150  5.28%  62.3 6741s
 160042 63139 2456.09122   66  213 2524.40336 2391.06451  5.28%  62.3 6758s
 160676 63308 2432.12931   57  123 2524.40336 2391.10843  5.28%  62.2 6770s
 161064 63430 2462.68751   56  172 2524.40336 2391.13877  5.28%  62.2 6778s
 161309 63841 2393.77549   68  254 2524.40336 2391.15854  5.28%  62.1 6792s
 162107 63862 2481.71752   66   85 2524.40336 2391.19428  5.28%  61.9 6797s
 162163 64238 infeasible   86      2524.40336 2391.20177  5.28%  61.9 6810s
 162888 64502 2394.22605   65  267 2524.40336 2391.22693  5.28%  61.8 6826s
 163497 64514 2507.76173   60  257 2524.40336 2391.26344  5.27%  61.7 6833s
 163516 64622 2508.20365   61  245 2524.40336 2391.26344  5.27%  61.7 6841s
 163798 64633 2509.52862   62  232 2524.40336 2391.26546  5.27%  61.7 6847s
 163817 64776 2510.87726   63  292 2524.40336 2391.26546  5.27%  61.7 6856s
 164188 64774     cutoff   66      2524.40336 2391.28554  5.27%  61.6 6862s
 164224 65110 2451.84100   77  216 2524.40336 2391.30710  5.27%  61.6 6873s
 164881 65326     cutoff   63      2524.40336 2391.34483  5.27%  61.5 6882s
 165374 65348 2481.83448   79   66 2524.40336 2391.36347  5.27%  61.4 6885s
 165442 65664 2392.85683   69  198 2524.40336 2391.36510  5.27%  61.4 6895s
 166031 65962 infeasible   79      2524.40336 2391.40455  5.27%  61.3 6907s
 166639 65973 2465.26233   52  148 2524.40336 2391.42227  5.27%  61.2 6912s
 166676 66218 2466.94538   66  141 2524.40336 2391.42828  5.27%  61.2 6922s
 167151 66220 infeasible   77      2524.40336 2391.45400  5.27%  61.1 6925s
 167195 66488 2395.57489   65  194 2524.40336 2391.46213  5.27%  61.1 6935s
 167859 66854 2466.33678   79  145 2524.40336 2391.52325  5.26%  61.0 6953s
 168471 67159 2408.14747   46  239 2524.40336 2391.53572  5.26%  60.9 6989s
 169121 67603 2456.86327   67  210 2524.40336 2391.58151  5.26%  60.8 7009s
 169993 67605 2480.20182   68  137 2524.40336 2391.60259  5.26%  60.6 7011s
 170024 67922 infeasible   59      2524.40336 2391.61828  5.26%  60.6 7023s
 170681 67952 2400.86816   74  193 2524.40336 2391.64744  5.26%  60.5 7026s
 170730 68203 2401.44447   76  203 2524.40336 2391.64932  5.26%  60.5 7033s
 171255 68300 2398.26596   67  199 2524.40336 2391.65943  5.26%  60.4 7036s
 171468 68544     cutoff   66      2524.40336 2391.66305  5.26%  60.4 7044s
 171958 68577 2420.15629   54  250 2524.40336 2391.69011  5.26%  60.3 7049s
 172033 68585 2458.79639   56  261 2524.40336 2391.69011  5.26%  60.3 7053s
 172041 68578 infeasible   58      2524.40336 2391.69750  5.26%  60.3 7056s
 172065 68587 2391.85384   58  219 2524.40336 2391.69750  5.26%  60.3 7063s
 172069 68589 2392.95732   59  219 2524.40336 2391.69750  5.26%  60.3 7066s
 172077 68594 2423.92730   60  200 2524.40336 2391.69750  5.26%  60.3 7071s
 172085 68598 2471.88453   62   92 2524.40336 2391.69750  5.26%  60.3 7075s
 172093 68600 2424.69942   63  198 2524.40336 2391.69750  5.26%  60.3 7082s
 172097 68601 2424.99670   64  205 2524.40336 2391.69750  5.26%  60.3 7086s
 172107 68604 2425.59949   66  207 2524.40336 2391.69750  5.26%  60.3 7091s
 172119 68611 2426.23018   68  207 2524.40336 2391.70285  5.26%  60.3 7096s
 172131 68618 2428.97599   71  110 2524.40336 2391.70285  5.26%  60.3 7104s
 172139 68622 2429.31384   72  109 2524.40336 2391.70285  5.26%  60.3 7108s
 172143 68621 2429.66503   73  109 2524.40336 2391.70285  5.26%  60.3 7111s
 172156 68629 2430.36817   75  109 2524.40336 2391.70944  5.26%  60.3 7117s
 172160 68627 infeasible   74      2524.40336 2391.70944  5.26%  60.3 7121s
 172170 68631 2396.45608   71  198 2524.40336 2391.70944  5.26%  60.3 7125s
 172174 68635 2443.14538   71  154 2524.40336 2391.70944  5.26%  60.3 7131s
 172182 68642 2400.05892   73  173 2524.40336 2391.70944  5.26%  60.3 7137s
 172186 68646 2445.81749   73  140 2524.40336 2391.70944  5.26%  60.3 7140s
 172190 68650 2448.83575   74  142 2524.40336 2391.70944  5.26%  60.3 7145s
 172194 68654 2444.49983   74   97 2524.40336 2391.70944  5.26%  60.3 7150s
 172202 68660 2445.90291   76  100 2524.40336 2391.70944  5.26%  60.3 7156s
 172206 68664 2446.19531   77  100 2524.40336 2391.70944  5.26%  60.3 7160s
 172214 68667 2446.79944   79   99 2524.40336 2391.70944  5.26%  60.3 7168s
 172221 68671 2447.10562   80  100 2524.40336 2391.71271  5.26%  60.3 7172s
 172225 68675 2447.41592   81  100 2524.40336 2391.71271  5.26%  60.3 7181s
 172229 68675     cutoff   80      2524.40336 2391.71271  5.26%  60.3 7191s
 172237 68678 2395.86754   53  294 2524.40336 2391.71271  5.26%  60.3 7197s
 172242 68676 2396.24001   54  294 2524.40336 2391.71271  5.26%  60.3 7208s
 172252 68679 2457.22829   55  287 2524.40336 2391.71271  5.26%  60.3 7213s
 172257 68682 2396.24001   55  293 2524.40336 2391.71271  5.26%  60.3 7221s
 172262 68686 2404.91201   56  199 2524.40336 2391.71271  5.26%  60.3 7227s
 172266 68690 2436.66421   57  198 2524.40336 2391.71271  5.26%  60.3 7232s
 172270 68693 2436.66421   58  198 2524.40336 2391.71271  5.26%  60.3 7244s
 172274 68697 2508.43928   56  173 2524.40336 2391.71271  5.26%  60.3 7254s
 172278 68695 infeasible   57      2524.40336 2391.71271  5.26%  60.3 7263s
 172288 68699 2515.94221   60  148 2524.40336 2391.71271  5.26%  60.3 7269s
 172292 68703 2509.60676   60  136 2524.40336 2391.71271  5.26%  60.3 7276s
 172296 68705 2509.60676   61  136 2524.40336 2391.71271  5.26%  60.3 7283s
 172302 68708 2509.60676   62  136 2524.40336 2391.71271  5.26%  60.3 7289s
 172306 68711 2509.60676   63  136 2524.40336 2391.71271  5.26%  60.3 7296s
 172310 68716 2509.60676   64  136 2524.40336 2391.71271  5.26%  60.3 7305s
 172326 68724 2509.60676   65  136 2524.40336 2391.71271  5.26%  60.3 7314s
 172343 68731 2509.60676   66  136 2524.40336 2391.72111  5.26%  60.3 7319s
 172378 68740 2395.64040   65  220 2524.40336 2391.72111  5.26%  60.3 7325s
 172412 68747 2467.80172   77  153 2524.40336 2391.72111  5.26%  60.3 7331s
 172445 68769 2395.94139   53  175 2524.40336 2391.72111  5.26%  60.3 7337s
 172484 68794 2457.36825   57  188 2524.40336 2391.72111  5.26%  60.3 7343s
 172557 68815 2439.89269   92  141 2524.40336 2391.73898  5.26%  60.3 7351s
 172629 68851 2500.89561   59  162 2524.40336 2391.73955  5.26%  60.3 7359s
 172722 68876 2397.33610   56  206 2524.40336 2391.74822  5.25%  60.3 7363s
 172763 68897 2471.93922   62  130 2524.40336 2391.74833  5.25%  60.3 7370s
 172841 68941 2496.67095   52  123 2524.40336 2391.75240  5.25%  60.2 7380s
 172915 68957 2404.87197   54  187 2524.40336 2391.75240  5.25%  60.2 7387s
 172961 68976 2505.08765   55  238 2524.40336 2391.75324  5.25%  60.2 7393s
 173005 68998 2521.36466   66  147 2524.40336 2391.75653  5.25%  60.2 7399s
 173063 69020 2426.41637   60  218 2524.40336 2391.75873  5.25%  60.2 7404s
 173121 69045 2456.85364   68  209 2524.40336 2391.76312  5.25%  60.2 7410s
 173172 69059 2446.01280   72  281 2524.40336 2391.77235  5.25%  60.2 7419s
 173231 69091 2452.40895   66  108 2524.40336 2391.77286  5.25%  60.2 7432s
 173299 69091 2454.61048   67  137 2524.40336 2391.77286  5.25%  60.2 7436s
 173356 69640 2395.18914   69  240 2524.40336 2391.77286  5.25%  60.2 7464s
 174658 69777 2448.89589   76  194 2524.40336 2391.82197  5.25%  60.0 7472s
 175010 70170 2452.28183   63  197 2524.40336 2391.84703  5.25%  60.0 7492s
 175837 70184 2416.39037   82  182 2524.40336 2391.86932  5.25%  59.9 7498s
 175869 70583 2417.00454   84  182 2524.40336 2391.86932  5.25%  59.9 7520s
 176776 70686 infeasible   58      2524.40336 2391.90182  5.25%  59.8 7525s
 176989 71120 2460.70751   89  215 2524.40336 2391.90384  5.25%  59.8 7552s
 177901 71197 2441.12124   67  167 2524.40336 2391.95597  5.25%  59.7 7562s
 178073 71606 2470.48474   64  161 2524.40336 2391.96322  5.25%  59.6 7588s
 179023 71684 2491.27896   56  269 2524.40336 2391.99494  5.25%  59.5 7621s
 179259 72799 2446.09972   72  230 2524.40336 2392.03107  5.24%  59.5 7684s
 181132 72799 2397.93925   75  196 2524.40336 2392.06789  5.24%  59.2 7685s
 181935 72821 2398.15089   54  207 2524.40336 2392.08132  5.24%  59.1 7691s
 181975 73114 2397.05180   68  197 2524.40336 2392.08962  5.24%  59.1 7703s
 182587 73189 infeasible   63      2524.40336 2392.15404  5.24%  58.9 7708s
 182789 73542 2472.37772   54  371 2524.40336 2392.17010  5.24%  58.9 7718s
 183497 73546 2398.62757   74  211 2524.40336 2392.18997  5.24%  58.8 7720s
 183525 73789 infeasible   79      2524.40336 2392.19762  5.24%  58.8 7733s
 184026 73914 2449.30855   66  208 2524.40336 2392.20659  5.24%  58.7 7742s
 184280 73961 2395.08268   66  282 2524.40336 2392.21372  5.24%  58.7 7747s
 184453 74236 infeasible   99      2524.40336 2392.22187  5.24%  58.6 7757s
 185033 74491 2400.08206   67  193 2524.40336 2392.23661  5.24%  58.6 7769s
 185574 74691 2398.01534   64  126 2524.40336 2392.26490  5.23%  58.5 7779s
 185965 74691 2447.42044   72  291 2524.40336 2392.27833  5.23%  58.4 7783s
 185973 74685 infeasible   73      2524.40336 2392.27833  5.23%  58.4 7788s
 185986 74690 infeasible   55      2524.40336 2392.27833  5.23%  58.4 7792s
 185993 74824 2393.57976   56  265 2524.40336 2392.27833  5.23%  58.4 7799s
 186297 74876 2394.88884   57  238 2524.40336 2392.27833  5.23%  58.4 7804s
 186414 75011 2394.88884   58  238 2524.40336 2392.27833  5.23%  58.4 7812s
 186772 75013 infeasible   68      2524.40336 2392.29415  5.23%  58.3 7816s
 186798 75290 2521.97337   69  240 2524.40336 2392.30569  5.23%  58.3 7829s
 187405 75413 2515.13591   54   93 2524.40336 2392.32306  5.23%  58.2 7838s
 187736 75459 infeasible   70      2524.40336 2392.33977  5.23%  58.2 7841s
 187849 75543 2469.67818   75  130 2524.40336 2392.34825  5.23%  58.2 7847s
 188014 75587 2469.99050   76  207 2524.40336 2392.34961  5.23%  58.1 7852s
 188101 75747 2470.67931   77  207 2524.40336 2392.34961  5.23%  58.1 7862s
 188423 75758 2406.07194   64  397 2524.40336 2392.36386  5.23%  58.1 7867s
 188462 76046 2406.33181   65  247 2524.40336 2392.36386  5.23%  58.1 7879s
 189015 76320 2395.08389   58  280 2524.40336 2392.39301  5.23%  58.0 7896s
 189653 76372 infeasible   88      2524.40336 2392.40448  5.23%  57.9 7930s
 189859 77863 2457.03127   51  300 2524.40336 2392.41665  5.23%  57.9 7998s
 193249 77855 infeasible   68      2524.40336 2392.58088  5.22%  57.3 8000s
 193310 78070 2398.06469   61  305 2524.40336 2392.58404  5.22%  57.3 8007s
 193732 78063 infeasible   71      2524.40336 2392.59308  5.22%  57.3 8010s
 193755 78218 2523.15423   63   94 2524.40336 2392.59632  5.22%  57.3 8022s
 194202 78250 infeasible   69      2524.40336 2392.60852  5.22%  57.2 8027s
 194339 78465 2399.12676   55  258 2524.40336 2392.62927  5.22%  57.2 8041s
 194873 78674 2451.35101   63  209 2524.40336 2392.64099  5.22%  57.1 8058s
 195340 78780 2509.94638   67  264 2524.40336 2392.65485  5.22%  57.0 8069s
 195612 78846 2397.91383   64  218 2524.40336 2392.69803  5.22%  57.0 8074s
 195746 78958 infeasible   81      2524.40336 2392.70321  5.22%  57.0 8088s
 196067 78972 2504.63020   58   98 2524.40336 2392.70708  5.22%  57.0 8092s
 196097 79219 2508.43688   69  120 2524.40336 2392.70708  5.22%  57.0 8108s
 196707 79474 2512.12839   58  180 2524.40336 2392.75043  5.22%  56.9 8117s
 197182 79474 infeasible   59      2524.40336 2392.76340  5.21%  56.8 8120s
 197215 79758 infeasible   75      2524.40336 2392.76686  5.21%  56.8 8129s
 197827 79858 2481.47389   94  203 2524.40336 2392.79118  5.21%  56.7 8138s
 198133 79901 2484.25564   59  152 2524.40336 2392.80529  5.21%  56.7 8140s
 198219 80100 2399.47957   41  278 2524.40336 2392.80628  5.21%  56.7 8147s
 198707 80264 2437.23187   72  103 2524.40336 2392.82205  5.21%  56.6 8151s
 199086 80459 2442.81151   44  120 2524.40336 2392.85477  5.21%  56.6 8162s
 199462 80628 infeasible   64      2524.40336 2392.86073  5.21%  56.6 8170s
 199861 80931 2392.93339   69  217 2524.40336 2392.88294  5.21%  56.5 8188s
 200443 81389 infeasible   64      2524.40336 2392.90271  5.21%  56.4 8201s
 201636 81648 2476.93964   74  192 2524.40336 2392.94254  5.21%  56.3 8211s
 202317 81803 2400.66747   67  216 2524.40336 2392.97578  5.21%  56.2 8217s
 202772 82046 2440.93363   47  256 2524.40336 2393.01298  5.20%  56.1 8227s
 203266 82081 infeasible   69      2524.40336 2393.02003  5.20%  56.1 8232s
 203404 82208 2454.24082   73  126 2524.40336 2393.02618  5.20%  56.1 8243s
 203787 82205 2429.25595   73  162 2524.40336 2393.03453  5.20%  56.1 8246s
 203853 82379 2396.53693   52  217 2524.40336 2393.04996  5.20%  56.1 8256s
 204336 82570 2412.59171   66   99 2524.40336 2393.07020  5.20%  56.0 8263s
 204814 82575 2447.04608   49  162 2524.40336 2393.08776  5.20%  56.0 8265s
 204843 82834 2488.39222   51  182 2524.40336 2393.09416  5.20%  56.0 8271s
 205356 82829 infeasible   47      2524.40336 2393.11450  5.20%  56.0 8275s
 205431 82933 2393.44042   45  248 2524.40336 2393.13592  5.20%  56.0 8285s
 205837 82999 2417.13246   62   98 2524.40336 2393.14505  5.20%  56.0 8293s
 206053 83148 2397.43565   53  293 2524.40336 2393.14505  5.20%  55.9 8299s
 206433 83213 infeasible   72      2524.40336 2393.19217  5.20%  55.9 8303s
 206677 83409 2494.70369   67  248 2524.40336 2393.21580  5.20%  55.9 8308s
 207201 83403 2520.55627   66  165 2524.40336 2393.24095  5.20%  55.8 8312s
 207249 83729 2498.35390   68  165 2524.40336 2393.24146  5.20%  55.8 8323s
 207955 83869 infeasible   72      2524.40336 2393.26730  5.19%  55.7 8333s
 208368 83892 2464.37500   59  241 2524.40336 2393.29035  5.19%  55.7 8336s
 208432 84143 2414.17203   56   95 2524.40336 2393.29035  5.19%  55.7 8349s
 209040 84255 2490.14471   63  230 2524.40336 2393.33001  5.19%  55.6 8355s
 209472 84495 2519.68990   59  261 2524.40336 2393.35552  5.19%  55.6 8366s
 210090 84691 infeasible   87      2524.40336 2393.36571  5.19%  55.5 8394s
 210665 85164 infeasible   71      2524.40336 2393.40984  5.19%  55.4 8421s
 211770 85179 infeasible   81      2524.40336 2393.46758  5.19%  55.3 8429s
 211829 85432 2400.43121   59  238 2524.40336 2393.47267  5.19%  55.3 8446s
 212430 85658 2432.71064   71  270 2524.40336 2393.49371  5.19%  55.2 8463s
 213022 85685 2454.97179   59  228 2524.40336 2393.51156  5.19%  55.1 8472s
 213081 85890 2523.37242   59  210 2524.40336 2393.51766  5.18%  55.1 8486s
 213603 86085 2395.75756   51  219 2524.40336 2393.55193  5.18%  55.1 8496s
 214159 86345 2487.58485   59  136 2524.40336 2393.58784  5.18%  55.0 8508s
 214752 86545 2421.60369   73  161 2524.40336 2393.60907  5.18%  54.9 8517s
 215229 86552 2471.80395   72  138 2524.40336 2393.62008  5.18%  54.9 8521s
 215245 86711 infeasible   73      2524.40336 2393.62008  5.18%  54.9 8531s
 215752 86747 2395.69814   48  224 2524.40336 2393.64192  5.18%  54.8 8536s
 215866 86756 2460.66167   58  131 2524.40336 2393.64192  5.18%  54.8 8540s
 215892 86943 2500.82144   67  215 2524.40336 2393.64192  5.18%  54.8 8553s
 216342 86934 infeasible   79      2524.40336 2393.67149  5.18%  54.8 8558s
 216367 87157 2507.93072   80  222 2524.40336 2393.67831  5.18%  54.8 8570s
 216917 87457 infeasible   62      2524.40336 2393.71552  5.18%  54.7 8586s
 217604 87538 2516.90752   79  152 2524.40336 2393.73365  5.18%  54.6 8593s
 217780 87729 2517.18878   99  112 2524.40336 2393.73365  5.18%  54.6 8603s
 218265 87748 infeasible   63      2524.40336 2393.77479  5.17%  54.6 8611s
 218308 87979 infeasible   72      2524.40336 2393.77552  5.17%  54.6 8623s
 218864 88235 infeasible   53      2524.40336 2393.79823  5.17%  54.5 8634s
 219430 88245 2428.11973   61  204 2524.40336 2393.82609  5.17%  54.4 8638s
 219454 88544 2479.07261   71  113 2524.40336 2393.82609  5.17%  54.4 8651s
 220115 88653 2493.06546   82  150 2524.40336 2393.85065  5.17%  54.3 8660s
 220470 88902 2447.04665   65  189 2524.40336 2393.86309  5.17%  54.3 8678s
 221047 89327 2515.76437   92  284 2524.40336 2393.88183  5.17%  54.3 8698s
 222117 89332 2497.68691   69  359 2524.40336 2393.92594  5.17%  54.1 8701s
 222152 89616 2516.96294   71  333 2524.40336 2393.93623  5.17%  54.1 8711s
 222811 89688 2475.65298   61  136 2524.40336 2393.95908  5.17%  54.0 8716s
 222986 90008     cutoff   64      2524.40336 2393.96211  5.17%  54.0 8724s
 223649 90013 2454.95661   77  168 2524.40336 2393.98395  5.17%  53.9 8726s
 223674 90265 2508.72340   79  144 2524.40336 2393.98395  5.17%  53.9 8734s
 224256 90427 infeasible   88      2524.40336 2394.01079  5.17%  53.9 8738s
 224641 90501 2482.23717   57  138 2524.40336 2394.01145  5.17%  53.8 8741s
 224782 90726 2511.27437   66  289 2524.40336 2394.02973  5.16%  53.8 8748s
 225317 90736 infeasible   69      2524.40336 2394.03795  5.16%  53.8 8751s
 225375 90903 2488.70445   63  260 2524.40336 2394.06311  5.16%  53.8 8757s
 225812 90946 infeasible   81      2524.40336 2394.07186  5.16%  53.7 8760s
 225947 91181     cutoff   67      2524.40336 2394.08362  5.16%  53.7 8767s
 226538 91210 infeasible   81      2524.40336 2394.11597  5.16%  53.7 8771s
 226637 91528 2446.72127   52  307 2524.40336 2394.11597  5.16%  53.7 8780s
 227372 91851 2418.55814   79  182 2524.40336 2394.15638  5.16%  53.6 8790s
 227951 91932 2454.13956   70  118 2524.40336 2394.16518  5.16%  53.5 8795s
 228220 92181 2394.46883   77  204 2524.40336 2394.18733  5.16%  53.5 8805s
 228917 92186 infeasible   68      2524.40336 2394.21477  5.16%  53.4 8810s
 228956 92401 2503.39350   58  189 2524.40336 2394.21831  5.16%  53.4 8818s
 229505 92565 2415.95525   59  120 2524.40336 2394.23680  5.16%  53.3 8825s
 230093 92872 2455.49644   87  204 2524.40336 2394.26439  5.16%  53.2 8833s
 230676 93056 infeasible   90      2524.40336 2394.28965  5.15%  53.2 8847s
 231228 93464 2466.45565   66  155 2524.40336 2394.30985  5.15%  53.1 8856s
 232235 93749 2507.69997   64  162 2524.40336 2394.34905  5.15%  53.0 8866s
 233369 94060 2496.51508   57  101 2524.40336 2394.39766  5.15%  52.9 8873s
 233649 94061     cutoff   86      2524.40336 2394.40464  5.15%  52.8 8875s
 233666 94063 2474.18798   57  262 2524.40336 2394.40533  5.15%  52.8 8880s
 233684 94081 2475.38505   59  235 2524.40336 2394.40609  5.15%  52.8 8888s
 233699 94173 2476.02296   60  241 2524.40336 2394.40609  5.15%  52.8 8893s
 233863 94532 infeasible   65      2524.40336 2394.40766  5.15%  52.8 8900s
 234611 94561 2425.43247   79  218 2524.40336 2394.43527  5.15%  52.7 8907s
 234682 94587 2498.26229   58  121 2524.40336 2394.43527  5.15%  52.7 8911s
 234748 94610 infeasible   83      2524.40336 2394.44311  5.15%  52.7 8917s
 234879 94662 infeasible   88      2524.40336 2394.44796  5.15%  52.7 8923s
 235016 94713 infeasible   70      2524.40336 2394.45185  5.15%  52.7 8930s
 235202 94807 2426.01491   57  199 2524.40336 2394.45897  5.15%  52.7 8935s
 235410 94822     cutoff   83      2524.40336 2394.45897  5.15%  52.6 8940s
 235483 94876 2402.71325   57  190 2524.40336 2394.47726  5.15%  52.6 8949s
 235611 94976 2451.36470   75  172 2524.40336 2394.48873  5.15%  52.6 8958s
 235811 95338 2395.45763   63  200 2524.40336 2394.49660  5.15%  52.6 8974s
 236819 95359 2492.18429   75  128 2524.40336 2394.52639  5.14%  52.5 8980s
 236880 95630     cutoff   95      2524.40336 2394.52639  5.14%  52.5 8994s
 237630 95904 2487.04289   75  186 2524.40336 2394.57590  5.14%  52.4 9009s
 238378 95934 2395.31219   64  210 2524.40336 2394.59990  5.14%  52.3 9016s
 238473 96321 2395.32177   68  211 2524.40336 2394.59990  5.14%  52.3 9031s
 239339 96637 2522.17053   74  169 2524.40336 2394.63375  5.14%  52.2 9041s
 240046 96644 2497.75612   63  154 2524.40336 2394.65955  5.14%  52.1 9045s
 240088 96902 2497.77870   68  109 2524.40336 2394.66037  5.14%  52.1 9058s
 240655 97017 2448.55562   59  289 2524.40336 2394.68386  5.14%  52.1 9063s
 241026 97072 2447.36947   65  207 2524.40336 2394.70351  5.14%  52.1 9091s
 241280 98240 2402.27451   48  200 2524.40336 2394.70526  5.14%  52.0 9127s
 243956 98257 2460.21282   79  137 2524.40336 2394.80244  5.13%  51.7 9130s
 243998 98419     cutoff   90      2524.40336 2394.80244  5.13%  51.7 9135s
 244421 98449 infeasible   49      2524.40336 2394.82712  5.13%  51.7 9140s
 244533 98748 2518.79626   93  149 2524.40336 2394.83123  5.13%  51.7 9150s
 245218 98988 2518.66765   61  289 2524.40336 2394.86299  5.13%  51.6 9162s
 245734 99187 2507.81327   60   55 2524.40336 2394.87193  5.13%  51.5 9168s
 246222 99191 2487.92959   67   97 2524.40336 2394.89716  5.13%  51.5 9171s
 246255 99397 2476.09790   42  128 2524.40336 2394.89946  5.13%  51.5 9178s
 246772 99574 infeasible   61      2524.40336 2394.91700  5.13%  51.4 9187s
 247233 99584 2456.77506   69   96 2524.40336 2394.91700  5.13%  51.4 9192s
 247271 99796 2469.16047   77  149 2524.40336 2394.92541  5.13%  51.4 9201s
 247757 100027 2395.65879   59  195 2524.40336 2394.94999  5.13%  51.3 9211s
 248287 100214 2486.95040   77  218 2524.40336 2394.96408  5.13%  51.3 9225s
 248723 100383 2395.13067   57  285 2524.40336 2394.98225  5.13%  51.2 9233s
 249103 100382 2514.40860   75   66 2524.40336 2394.99653  5.13%  51.2 9238s
 249170 100554 2489.02980   67  163 2524.40336 2395.00132  5.13%  51.2 9246s
 249588 100731 infeasible   64      2524.40336 2395.01273  5.13%  51.2 9257s
 250016 100787 2464.85537   71  215 2524.40336 2395.04472  5.12%  51.1 9261s
 250106 100966 infeasible   72      2524.40336 2395.04564  5.12%  51.1 9271s
 250565 101111 2513.56915   74  181 2524.40336 2395.05734  5.12%  51.1 9279s
 250857 101226 2395.74763   66  191 2524.40336 2395.08010  5.12%  51.1 9286s
 251128 101414 2402.14080   55  277 2524.40336 2395.08574  5.12%  51.0 9295s
 251603 101483 2401.39661   67  242 2524.40336 2395.10340  5.12%  51.0 9322s
 251792 102789 2476.66296   74  101 2524.40336 2395.11737  5.12%  51.0 9381s
 254785 102792     cutoff   61      2524.40336 2395.19943  5.12%  50.7 9388s
 254813 102802 2452.32778   65  284 2524.40336 2395.20508  5.12%  50.7 9392s
 254825 102845 2466.88791   68  102 2524.40336 2395.20508  5.12%  50.7 9396s
 254906 103061 2496.00860   41  142 2524.40336 2395.21460  5.12%  50.7 9408s
 255379 103238 2491.98381   73  176 2524.40336 2395.22393  5.12%  50.7 9419s
 255921 103244 infeasible   66      2524.40336 2395.25124  5.12%  50.6 9423s
 255943 103486 2521.32666   60   80 2524.40336 2395.25334  5.12%  50.6 9430s
 256572 103708 2440.35276   68  125 2524.40336 2395.28387  5.11%  50.5 9438s
 257031 103713     cutoff   73      2524.40336 2395.29931  5.11%  50.5 9441s
 257059 103947 2428.99567   77  175 2524.40336 2395.29964  5.11%  50.5 9452s
 257568 104115 infeasible   75      2524.40336 2395.30594  5.11%  50.5 9461s
 257987 104161 2468.59423   57  158 2524.40336 2395.33037  5.11%  50.4 9465s
 258120 104418 2400.89190   85  180 2524.40336 2395.33047  5.11%  50.4 9477s
 258766 104522 2398.96703   54  231 2524.40336 2395.35938  5.11%  50.3 9486s
 259060 104596 2440.25572   72  146 2524.40336 2395.36576  5.11%  50.3 9492s
 259287 104659 2462.81923   69  130 2524.40336 2395.38332  5.11%  50.3 9498s
 259453 104910 2452.89553   56  153 2524.40336 2395.38859  5.11%  50.3 9509s
 260100 104904 infeasible   68      2524.40336 2395.40522  5.11%  50.2 9514s
 260144 105086 2396.54783   56  199 2524.40336 2395.41047  5.11%  50.2 9525s
 260648 105187 2523.91763   85   73 2524.40336 2395.42925  5.11%  50.2 9535s
 261069 105427 infeasible   81      2524.40336 2395.44603  5.11%  50.1 9547s
 261629 105458 infeasible   68      2524.40336 2395.46771  5.11%  50.1 9551s
 261731 105685 2491.72877   71  115 2524.40336 2395.47553  5.11%  50.1 9564s
 262319 105708 2485.75765   94  108 2524.40336 2395.48272  5.11%  50.0 9583s
 262564 106768 2502.54483   69  142 2524.40336 2395.50905  5.11%  50.0 9615s
 264820 106775 2434.31515   68  201 2524.40336 2395.56789  5.10%  49.8 9620s
 264858 106979 2464.47158   74  205 2524.40336 2395.57191  5.10%  49.8 9631s
 265410 107004 infeasible   61      2524.40336 2395.60005  5.10%  49.8 9635s
 265533 107243 2491.49745   84  127 2524.40336 2395.61069  5.10%  49.8 9647s
 266179 107276 infeasible   99      2524.40336 2395.62169  5.10%  49.7 9650s
 266236 107461 2495.31979   86  148 2524.40336 2395.62499  5.10%  49.7 9662s
 266844 107551 2523.79000   86  125 2524.40336 2395.66181  5.10%  49.6 9671s
 267230 107807     cutoff   77      2524.40336 2395.68266  5.10%  49.6 9684s
 267796 107806 infeasible   50      2524.40336 2395.69814  5.10%  49.6 9686s
 267811 108080 2410.53402   54  334 2524.40336 2395.70527  5.10%  49.6 9699s
 268406 108173 2503.87683   73  143 2524.40336 2395.72395  5.10%  49.5 9705s
 268632 108483 2399.22215   61  355 2524.40336 2395.72547  5.10%  49.5 9711s
 269251 108705 2465.18805   75  146 2524.40336 2395.75735  5.10%  49.5 9722s
 269788 108833 infeasible   67      2524.40336 2395.76795  5.10%  49.4 9729s
 270171 108822 infeasible   62      2524.40336 2395.77042  5.10%  49.4 9731s
 270192 108875 infeasible   66      2524.40336 2395.77042  5.10%  49.4 9738s
 270370 108883 2397.88193   74  196 2524.40336 2395.77042  5.10%  49.4 9741s
 270403 109073 2425.60049   66  149 2524.40336 2395.77042  5.10%  49.4 9747s
 270971 109197 2396.56774   62  172 2524.40336 2395.79733  5.09%  49.3 9756s
 271409 109281 2422.42630   50  193 2524.40336 2395.82494  5.09%  49.3 9760s
 271623 109461 2399.01583   76   74 2524.40336 2395.83316  5.09%  49.3 9769s
 272235 109604 2500.54253   49   83 2524.40336 2395.85737  5.09%  49.2 9776s
 272616 109844 infeasible   81      2524.40336 2395.87948  5.09%  49.2 9800s
 273236 110179 2506.11630   61   99 2524.40336 2395.89715  5.09%  49.1 9816s
 274108 110415     cutoff   68      2524.40336 2395.92531  5.09%  49.0 9832s
 274775 110427     cutoff   60      2524.40336 2395.95736  5.09%  49.0 9836s
 274856 110679 2521.97583   62  145 2524.40336 2395.95797  5.09%  49.0 9844s
 275469 110880 infeasible   75      2524.40336 2395.97978  5.09%  48.9 9851s
 276035 111096 2397.59270   58  251 2524.40336 2396.00482  5.09%  48.9 9860s
 276548 111319 2448.18372   65  235 2524.40336 2396.02820  5.09%  48.9 9868s
 277133 111331 2404.91734   67  200 2524.40336 2396.06090  5.08%  48.8 9870s
 277159 111598 infeasible   67      2524.40336 2396.06507  5.08%  48.8 9878s
 277714 111831 infeasible   61      2524.40336 2396.07802  5.08%  48.8 9885s
 278253 112080 2452.28573   58  222 2524.40336 2396.09329  5.08%  48.8 9895s
 279029 112317 infeasible   71      2524.40336 2396.11889  5.08%  48.7 9903s
 279543 112322 2450.08427   63  292 2524.40336 2396.14438  5.08%  48.7 9905s
 279580 112556 2397.25530   62  267 2524.40336 2396.14956  5.08%  48.7 9912s
 280130 112749 2499.99806   85  105 2524.40336 2396.16676  5.08%  48.6 9917s
 280683 112746     cutoff   77      2524.40336 2396.18517  5.08%  48.6 9920s
 281266 113094 2440.88550   59  361 2524.40336 2396.21408  5.08%  48.5 9927s
 281610 113450 2516.52388   79  273 2524.40336 2396.22985  5.08%  48.5 9936s
 282253 113484 infeasible  104      2524.40336 2396.25001  5.08%  48.5 9940s
 282406 113737 2511.79292   68  138 2524.40336 2396.25664  5.08%  48.5 9948s
 283067 113872 2408.08860   55  237 2524.40336 2396.29684  5.07%  48.4 9962s
 283467 114391 2422.56178   56   87 2524.40336 2396.31069  5.07%  48.4 9978s
 284766 114683 2476.45801   79  188 2524.40336 2396.33527  5.07%  48.3 9984s
 285417 114773 infeasible   54      2524.40336 2396.37365  5.07%  48.3 9987s
 285668 114927 2483.52351   52  159 2524.40336 2396.38249  5.07%  48.2 9993s
 286073 114928 infeasible  105      2524.40336 2396.39228  5.07%  48.2 9996s
 286171 115208 2407.30316   64  225 2524.40336 2396.40219  5.07%  48.2 10006s
 287274 115355 infeasible   80      2524.40336 2396.45575  5.07%  48.1 10013s
 287460 115632 2460.55637   55   99 2524.40336 2396.45763  5.07%  48.1 10024s
 288058 115680     cutoff   56      2524.40336 2396.47851  5.07%  48.1 10027s
 288185 115883 2496.97586   70  186 2524.40336 2396.48406  5.07%  48.1 10040s
 288761 116074 2496.54763   67  207 2524.40336 2396.50315  5.07%  48.0 10050s
 289440 116382 2456.58958   56  276 2524.40336 2396.54487  5.06%  48.0 10068s
 290136 116481 2510.08226  103  128 2524.40336 2396.55701  5.06%  47.9 10074s
 290371 116610 2485.08691   91   68 2524.40336 2396.56407  5.06%  47.9 10085s
 290807 116849 2411.98807   56  234 2524.40336 2396.58402  5.06%  47.9 10099s
 291388 116849 2494.70625   73   62 2524.40336 2396.61262  5.06%  47.9 10103s
 291435 116930 2444.69294   62  235 2524.40336 2396.61571  5.06%  47.9 10112s
 291682 116940     cutoff   94      2524.40336 2396.62417  5.06%  47.9 10117s
 291746 117143 infeasible   74      2524.40336 2396.63207  5.06%  47.9 10128s
 292376 117163 2513.72994  103  119 2524.40336 2396.64821  5.06%  47.8 10132s
 292466 117333 2467.28905   83  205 2524.40336 2396.64995  5.06%  47.8 10146s
 293011 117363 infeasible   48      2524.40336 2396.67570  5.06%  47.8 10152s
 293174 117589 infeasible   58      2524.40336 2396.68313  5.06%  47.8 10164s
 293734 117703 infeasible   83      2524.40336 2396.69865  5.06%  47.8 10195s
 294136 118136 infeasible   61      2524.40336 2396.72910  5.06%  47.7 10218s
 295401 118166 infeasible   82      2524.40336 2396.77589  5.06%  47.6 10223s
 295539 118386 2413.78521   77  177 2524.40336 2396.78479  5.06%  47.6 10235s
 296175 118639 2461.97907   72  240 2524.40336 2396.81572  5.05%  47.6 10252s
 296802 118668 2467.46875   59  234 2524.40336 2396.83590  5.05%  47.6 10259s
 296983 118898 2452.67968   64  161 2524.40336 2396.83921  5.05%  47.6 10271s
 297590 118898 2512.23521   70  121 2524.40336 2396.89264  5.05%  47.5 10275s
 297627 119197 2442.16473   67  187 2524.40336 2396.90798  5.05%  47.5 10287s
 298304 119250 infeasible   83      2524.40336 2396.92964  5.05%  47.5 10291s
 298428 119469 2402.33397   54  264 2524.40336 2396.93555  5.05%  47.5 10299s
 299053 119634 2463.80683   59  323 2524.40336 2396.95596  5.05%  47.4 10305s
 299553 119868 2507.27541   77   94 2524.40336 2396.97685  5.05%  47.4 10311s
 300342 120169 2514.27008   79  140 2524.40336 2397.00881  5.05%  47.3 10319s
 301021 120186 2504.52327   68  120 2524.40336 2397.02474  5.05%  47.3 10321s
 301094 120410 2514.54306   80   93 2524.40336 2397.03277  5.05%  47.3 10328s
 301683 120452     cutoff   57      2524.40336 2397.05451  5.04%  47.2 10332s
 301887 120571 2465.71481   58  164 2524.40336 2397.06247  5.04%  47.2 10336s
 302448 120789 infeasible   57      2524.40336 2397.09115  5.04%  47.2 10342s
 302953 120844 infeasible   77      2524.40336 2397.09577  5.04%  47.1 10345s
 303148 121056 infeasible   82      2524.40336 2397.11958  5.04%  47.1 10350s
 303781 121419 2478.14334   68  144 2524.40336 2397.14504  5.04%  47.1 10358s
 304512 121804     cutoff   68      2524.40336 2397.18055  5.04%  47.0 10372s
 305491 122137 2459.29866   69  290 2524.40336 2397.21522  5.04%  47.0 10381s
 306213 122425 2470.05390   57  164 2524.40336 2397.24400  5.04%  46.9 10388s
 306920 122639 2494.10125   79   92 2524.40336 2397.25809  5.04%  46.9 10392s
 307483 122904 2484.76887   69  217 2524.40336 2397.27618  5.04%  46.8 10398s
 308238 123176 2488.20435   64  112 2524.40336 2397.31450  5.03%  46.8 10404s
 308724 123178 2481.54540   78  105 2524.40336 2397.31776  5.03%  46.8 10405s
 308771 123417 2504.66513   75  135 2524.40336 2397.32240  5.03%  46.7 10412s
 309352 123556 2477.39115   63   84 2524.40336 2397.34689  5.03%  46.7 10418s
 309721 123573 2504.31723   84  104 2524.40336 2397.35853  5.03%  46.7 10422s
 309778 123626 2444.41245   66  195 2524.40336 2397.35853  5.03%  46.7 10427s
 309866 123652 2444.41245   67  195 2524.40336 2397.35853  5.03%  46.7 10432s
 309975 123694 2445.86403   69  195 2524.40336 2397.36105  5.03%  46.7 10439s
 310062 123697 2446.29765   70  188 2524.40336 2397.36105  5.03%  46.7 10441s
 310087 123717 2514.16066   68  198 2524.40336 2397.36117  5.03%  46.7 10448s
 310124 123887 2514.19909   69  184 2524.40336 2397.36117  5.03%  46.7 10454s
 310498 123888 infeasible   69      2524.40336 2397.37050  5.03%  46.7 10457s
 310525 124212 2521.08952   74  284 2524.40336 2397.38881  5.03%  46.7 10465s
 311368 124375 2496.89675   64  121 2524.40336 2397.42229  5.03%  46.6 10475s
 312019 124424 2424.56953   58   86 2524.40336 2397.45495  5.03%  46.6 10480s
 312212 124535 2456.03672   73  105 2524.40336 2397.46831  5.03%  46.6 10486s
 312794 124723 2397.99059   64  221 2524.40336 2397.50325  5.03%  46.5 10496s
 313409 124986 2463.03322   72  220 2524.40336 2397.52000  5.03%  46.5 10511s
 314096 125116 infeasible   69      2524.40336 2397.56407  5.02%  46.4 10518s
 314511 125151 2471.64522   85  240 2524.40336 2397.57916  5.02%  46.4 10521s
 314592 125374 2477.99416   85  287 2524.40336 2397.58366  5.02%  46.4 10528s
 315127 125836 2519.02322   68  142 2524.40336 2397.59995  5.02%  46.4 10550s
 316235 125951 infeasible   56      2524.40336 2397.64469  5.02%  46.4 10559s
 316518 126064 2439.29588   60  292 2524.40336 2397.66273  5.02%  46.3 10565s
 317012 126265 infeasible  106      2524.40336 2397.68091  5.02%  46.3 10575s
 317683 126483 2468.14529   61  130 2524.40336 2397.70487  5.02%  46.3 10584s
 318255 126697 2507.19664   83   61 2524.40336 2397.73730  5.02%  46.2 10592s
 318832 126825 2501.65790   60  182 2524.40336 2397.76871  5.02%  46.2 10603s
 319296 126965 2515.34079   86  167 2524.40336 2397.77694  5.02%  46.2 10612s
 319872 126966 infeasible   81      2524.40336 2397.80446  5.02%  46.2 10616s
 319922 127180 infeasible   83      2524.40336 2397.80871  5.01%  46.2 10622s
 320477 127452 2399.65347   68  175 2524.40336 2397.83183  5.01%  46.1 10628s
 321131 127458 infeasible   76      2524.40336 2397.85133  5.01%  46.1 10632s
 321159 127690 2479.31640   62  328 2524.40336 2397.85133  5.01%  46.1 10639s
 321684 127728 2489.53927   68   95 2524.40336 2397.87155  5.01%  46.1 10644s
 321938 127816 2446.11361   68  134 2524.40336 2397.89359  5.01%  46.0 10648s
 322152 127888 infeasible   71      2524.40336 2397.90115  5.01%  46.0 10654s
 322433 127896 2419.81360   77  152 2524.40336 2397.92023  5.01%  46.0 10657s
 322483 128009 2510.06284   79   74 2524.40336 2397.92207  5.01%  46.0 10661s
 322899 128072 infeasible   84      2524.40336 2397.93482  5.01%  46.0 10665s
 323085 128222 2461.78656   59  187 2524.40336 2397.93848  5.01%  46.0 10674s
 323663 128223 2450.17133   60  141 2524.40336 2397.96565  5.01%  46.0 10676s
 323697 128427 2450.20947   63  141 2524.40336 2397.96747  5.01%  46.0 10684s
 324307 128566 2483.76765   71  164 2524.40336 2397.99466  5.01%  46.0 10689s
 324738 128590 2514.49059   69  156 2524.40336 2398.00601  5.01%  45.9 10693s
 324926 128704 2436.67100   49  174 2524.40336 2398.01844  5.01%  45.9 10699s
 325458 128779 2398.12134   57  276 2524.40336 2398.03298  5.01%  45.9 10712s
 325680 129754 infeasible   64      2524.40336 2398.04413  5.01%  45.9 10741s
 328067 129838 2467.78359   69  181 2524.40336 2398.13405  5.00%  45.8 10748s
 328294 130026 2447.63432   71  103 2524.40336 2398.13946  5.00%  45.8 10756s
 329007 130207 infeasible   62      2524.40336 2398.16900  5.00%  45.7 10768s
 329531 130285 2400.22305   55  225 2524.40336 2398.19372  5.00%  45.7 10774s
 329776 130314 2443.55829   51  246 2524.40336 2398.20237  5.00%  45.7 10779s
 329928 130549 2479.15444   53  209 2524.40336 2398.21057  5.00%  45.7 10786s
 330541 130704 2519.56482   63  110 2524.40336 2398.23464  5.00%  45.6 10796s
 331338 130959 2496.53445   61  133 2524.40336 2398.27132  5.00%  45.6 10805s
 332057 131221 2400.88760   57  209 2524.40336 2398.29541  5.00%  45.5 10815s
 332665 131404 2430.46020   55   66 2524.40336 2398.33988  4.99%  45.5 10822s
 333134 131417 2435.87098   71  211 2524.40336 2398.36194  4.99%  45.5 10825s
 333198 131554 2467.37545   60  247 2524.40336 2398.36194  4.99%  45.5 10835s
 333771 131675 2518.62326   68  223 2524.40336 2398.38459  4.99%  45.4 10841s
 334251 131884 2466.62395   65  135 2524.40336 2398.42260  4.99%  45.4 10850s
 335035 132021 2469.14648   69  129 2524.40336 2398.46411  4.99%  45.4 10857s
 335379 132043     cutoff   84      2524.40336 2398.47388  4.99%  45.4 10861s
 335605 132083 infeasible   74      2524.40336 2398.49304  4.99%  45.4 10868s
 335778 132522 2493.42376   45  284 2524.40336 2398.49403  4.99%  45.4 10893s
 336989 132521 infeasible   79      2524.40336 2398.54737  4.99%  45.3 10895s
 337144 132666 infeasible   57      2524.40336 2398.56959  4.98%  45.3 10904s
 337571 132708 infeasible   74      2524.40336 2398.57643  4.98%  45.3 10907s
 337653 132984 2502.16971   89  104 2524.40336 2398.57643  4.98%  45.3 10916s
 338374 133157 2510.52612   68   81 2524.40336 2398.61396  4.98%  45.2 10926s
 339016 133316 2420.86324   43  290 2524.40336 2398.64037  4.98%  45.2 10936s
 339522 133320 infeasible   52      2524.40336 2398.64037  4.98%  45.2 10940s
 339628 133432 2448.05036   61  139 2524.40336 2398.65745  4.98%  45.2 10946s
 339978 133428 2472.34869   62  108 2524.40336 2398.69985  4.98%  45.2 10950s
 340077 133632 2475.97955   53  145 2524.40336 2398.70446  4.98%  45.2 10957s
 340592 133802 2446.89163   76  120 2524.40336 2398.71806  4.98%  45.2 10968s
 341099 133807 2447.26763   55  261 2524.40336 2398.73349  4.98%  45.2 10972s
 341203 134054 2451.65871   62  270 2524.40336 2398.73349  4.98%  45.2 10980s
 341958 134262 2402.33650   59  322 2524.40336 2398.77656  4.98%  45.1 10994s
 342501 134253 2446.92761   64  259 2524.40336 2398.79151  4.98%  45.1 10997s
 342550 134436 2516.26198   69  179 2524.40336 2398.79638  4.98%  45.1 11003s
 343045 134488 2446.79431   60  224 2524.40336 2398.84489  4.97%  45.1 11006s
 343260 134554 2450.48465   57  229 2524.40336 2398.84930  4.97%  45.1 11010s
 343472 134600 2456.82967   67  190 2524.40336 2398.85837  4.97%  45.1 11015s
 343703 134665 2521.56134   77  158 2524.40336 2398.87015  4.97%  45.1 11020s
 343893 134749 infeasible   70      2524.40336 2398.88194  4.97%  45.1 11025s
 344121 134882 2442.76215   54  154 2524.40336 2398.88992  4.97%  45.1 11031s
 344448 134940 2517.63901   87  138 2524.40336 2398.91318  4.97%  45.1 11037s
 344656 135253 2436.93604   67  140 2524.40336 2398.92862  4.97%  45.1 11047s
 345313 135248 2496.15781   60  339 2524.40336 2398.93913  4.97%  45.1 11052s
 345340 135492 2502.58730   61  305 2524.40336 2398.94584  4.97%  45.1 11062s
 346069 135622 infeasible   64      2524.40336 2398.97963  4.97%  45.0 11073s
 346595 135840 2411.49013   61  193 2524.40336 2399.00470  4.97%  45.0 11079s
 347180 135927 2408.72414   56  245 2524.40336 2399.03898  4.97%  44.9 11084s
 347419 135951 2493.45242   68  338 2524.40336 2399.04606  4.97%  44.9 11089s
 347535 135958 infeasible   94      2524.40336 2399.04606  4.97%  44.9 11096s
 347583 136403 2452.08923   54  293 2524.40336 2399.05148  4.97%  45.0 11107s
 348608 136416 infeasible   69      2524.40336 2399.09224  4.96%  44.9 11110s
 348694 136812     cutoff   60      2524.40336 2399.10251  4.96%  44.9 11116s
 349509 136977 infeasible   58      2524.40336 2399.13721  4.96%  44.9 11123s
 350025 136979 2442.93144   73  106 2524.40336 2399.18019  4.96%  44.8 11125s
 350076 137186 2490.62719   48  161 2524.40336 2399.18328  4.96%  44.8 11134s
 350748 137308 2473.46839   57  103 2524.40336 2399.20541  4.96%  44.8 11140s
 351251 137597 2399.74033   69  328 2524.40336 2399.23493  4.96%  44.8 11152s
 351893 137874 2463.61220   61  108 2524.40336 2399.25644  4.96%  44.8 11165s
 352602 138126 2440.83402   47  266 2524.40336 2399.27813  4.96%  44.8 11176s
 353328 138354 2469.53513   60  259 2524.40336 2399.32425  4.95%  44.7 11188s
 354045 138612 2425.23167   62  268 2524.40336 2399.36332  4.95%  44.7 11196s
 354663 138611 2492.91162   78  145 2524.40336 2399.39330  4.95%  44.6 11200s
 354701 138866 2478.01618   65  145 2524.40336 2399.40257  4.95%  44.6 11208s
 355248 138919 2522.56518   66  181 2524.40336 2399.42482  4.95%  44.6 11215s
 355420 139104     cutoff   54      2524.40336 2399.43486  4.95%  44.6 11230s
 356042 139409 2426.53215   52  288 2524.40336 2399.45923  4.95%  44.6 11246s
 356786 139705 infeasible   93      2524.40336 2399.48235  4.95%  44.6 11280s
 357675 139733 2496.02777   59  108 2524.40336 2399.51353  4.95%  44.5 11285s
 357744 139910 infeasible   64      2524.40336 2399.51353  4.95%  44.5 11298s
 358342 140018 2450.23602   47  237 2524.40336 2399.54416  4.95%  44.5 11308s
 358792 140046 2456.86966   70  133 2524.40336 2399.57526  4.94%  44.5 11314s
 358920 140268 2480.72772   57  104 2524.40336 2399.59427  4.94%  44.5 11328s
 359484 140291 2485.80018   77   98 2524.40336 2399.62088  4.94%  44.4 11334s
 359555 140291 infeasible   55      2524.40336 2399.62426  4.94%  44.4 11335s
 359576 140450 2521.23731   90  131 2524.40336 2399.62426  4.94%  44.4 11349s
 360190 140528 infeasible   66      2524.40336 2399.67052  4.94%  44.4 11357s
 360462 140591 2494.10105   67  131 2524.40336 2399.68173  4.94%  44.4 11363s
 360654 140848 2480.22378   47  257 2524.40336 2399.70898  4.94%  44.4 11375s
 361285 140986 2471.89280   55  251 2524.40336 2399.73963  4.94%  44.4 11389s
 361863 141018 2491.21957   55  120 2524.40336 2399.76829  4.94%  44.4 11395s
 362028 141076     cutoff   69      2524.40336 2399.77487  4.94%  44.4 11405s
 362447 141067 2441.15555   76  246 2524.40336 2399.82523  4.93%  44.4 11410s
 362507 141151 2442.71766   80  221 2524.40336 2399.82523  4.93%  44.4 11422s
 362942 141182 2495.94464   81   81 2524.40336 2399.86590  4.93%  44.4 11430s
 363104 141288 2509.04209   80  123 2524.40336 2399.87953  4.93%  44.4 11441s
 363531 141303 2518.51624   73  140 2524.40336 2399.89831  4.93%  44.4 11447s
 363651 141603 2406.50418   57  219 2524.40336 2399.90999  4.93%  44.3 11461s
 364337 141592 infeasible   61      2524.40336 2399.93456  4.93%  44.3 11467s
 364412 141777 2453.54799   53  164 2524.40336 2399.95251  4.93%  44.3 11478s
 364909 142018 2450.69560   70  305 2524.40336 2399.97969  4.93%  44.3 11488s
 365472 142057 infeasible   70      2524.40336 2399.99209  4.93%  44.3 11491s
 365557 142353 2479.43146   91  279 2524.40336 2399.99791  4.93%  44.3 11505s
 366304 142513 infeasible   66      2524.40336 2400.03515  4.93%  44.3 11518s
 366743 142559 infeasible   90      2524.40336 2400.05037  4.93%  44.3 11526s
 366929 142574 2404.99159   59  260 2524.40336 2400.06189  4.93%  44.3 11533s
 367082 143016 2466.01187   51  294 2524.40336 2400.08187  4.92%  44.3 11568s
 368152 143008 infeasible   71      2524.40336 2400.14558  4.92%  44.2 11572s
 368193 143070 2498.53239   68   34 2524.40336 2400.14843  4.92%  44.2 11578s
 368374 143174 2497.34771   67  100 2524.40336 2400.16468  4.92%  44.2 11589s
 368792 143177 infeasible   59      2524.40336 2400.18659  4.92%  44.2 11594s
 368817 143325 2490.77394   55  146 2524.40336 2400.18659  4.92%  44.2 11607s
 369288 143315 infeasible   72      2524.40336 2400.20800  4.92%  44.2 11611s
 369355 143523 2418.67846   52  215 2524.40336 2400.20800  4.92%  44.2 11624s
 370053 143556 infeasible   58      2524.40336 2400.25351  4.92%  44.2 11629s
 370203 143613 2450.30021   72  229 2524.40336 2400.27651  4.92%  44.2 11638s
 370490 143616 2511.09619   61  175 2524.40336 2400.29681  4.92%  44.2 11643s
 370609 143834 2463.57732   55  235 2524.40336 2400.30610  4.92%  44.2 11657s
 371181 143864 2473.34972   94  139 2524.40336 2400.34956  4.91%  44.2 11662s
 371278 144062 2440.96373   74  219 2524.40336 2400.35565  4.91%  44.2 11674s
 371844 144055 infeasible   70      2524.40336 2400.40238  4.91%  44.1 11679s
 371867 144231 2449.12041   59  113 2524.40336 2400.40473  4.91%  44.1 11690s
 372500 144416 2433.67640   66  141 2524.40336 2400.42237  4.91%  44.1 11707s
 373109 144464 infeasible   65      2524.40336 2400.47032  4.91%  44.1 11714s
 373301 144496 2443.25022   41  305 2524.40336 2400.48778  4.91%  44.1 11722s
 373453 144535 2504.00578   74   82 2524.40336 2400.49954  4.91%  44.1 11728s
 373541 144632 2504.27085   75   82 2524.40336 2400.49954  4.91%  44.1 11740s
 374018 144845 2474.53060   59  179 2524.40336 2400.55694  4.91%  44.1 11755s
 374673 145006 2434.46952   72   77 2524.40336 2400.58031  4.91%  44.1 11762s
 375204 145004 infeasible   51      2524.40336 2400.62076  4.90%  44.1 11766s
 375226 145226 infeasible   51      2524.40336 2400.62389  4.90%  44.1 11775s
 375906 145439 2404.49243   77  198 2524.40336 2400.66302  4.90%  44.0 11788s
 376573 145494 2456.05789   74  347 2524.40336 2400.70312  4.90%  44.0 11795s
 376756 145551 infeasible   49      2524.40336 2400.70842  4.90%  44.0 11801s
 376951 145750 infeasible   54      2524.40336 2400.71730  4.90%  44.0 11813s
 377553 145767 infeasible   82      2524.40336 2400.75256  4.90%  44.0 11828s
 377692 146976 infeasible   46      2524.40336 2400.75911  4.90%  44.0 11869s
 379946 146976 2479.40485   65   86 2524.40336 2400.78879  4.90%  43.9 11870s
 380819 147014     cutoff   75      2524.40336 2400.91689  4.89%  43.9 11877s
 380884 147174 2453.55876   47  313 2524.40336 2400.91923  4.89%  43.9 11886s
 381474 147275 2499.22593   56  132 2524.40336 2400.94879  4.89%  43.9 11891s
 381805 147304 infeasible   80      2524.40336 2400.97904  4.89%  43.8 11895s
 381909 147465 2467.57644   59  208 2524.40336 2400.97928  4.89%  43.8 11905s
 382343 147472 infeasible   58      2524.40336 2401.01615  4.89%  43.8 11912s
 382409 147638 2463.36801   49  321 2524.40336 2401.01706  4.89%  43.8 11922s
 382893 147634 2515.29544   67  133 2524.40336 2401.06507  4.89%  43.8 11927s
 382941 147912     cutoff   73      2524.40336 2401.07130  4.89%  43.8 11940s
 383606 147992 infeasible   56      2524.40336 2401.08447  4.89%  43.8 11949s
 383874 148067 2431.78353   65  199 2524.40336 2401.11017  4.88%  43.8 11956s
 384116 148169 2504.45817   66  356 2524.40336 2401.12678  4.88%  43.8 11969s
 384615 148175 2449.72283   70  317 2524.40336 2401.17555  4.88%  43.8 11976s
 384666 148437 2455.26320   59  304 2524.40336 2401.17905  4.88%  43.8 11988s
 385306 148642 2431.75367   63   41 2524.40336 2401.20522  4.88%  43.8 11997s
 385812 148636 infeasible   71      2524.40336 2401.22586  4.88%  43.7 12005s
 385836 148796 2519.49357   73  238 2524.40336 2401.23420  4.88%  43.8 12019s
 386286 148834 2510.89160   71  224 2524.40336 2401.24647  4.88%  43.7 12023s
 386378 149048 2422.14298   73  252 2524.40336 2401.25617  4.88%  43.7 12037s
 387034 149080 2440.47898   71   90 2524.40336 2401.30358  4.88%  43.7 12044s
 387205 149249 2466.11886   73  199 2524.40336 2401.31924  4.88%  43.7 12052s
 387770 149313 infeasible   68      2524.40336 2401.34041  4.87%  43.7 12077s
 387965 150262 2449.45356   75  207 2524.40336 2401.34315  4.87%  43.7 12119s
 390234 150277 infeasible   69      2524.40336 2401.49735  4.87%  43.6 12123s
 390271 150277 2435.71282   84  187 2524.40336 2401.49735  4.87%  43.6 12126s
 390290 150280 2446.94493   89  175 2524.40336 2401.49759  4.87%  43.6 12130s
 390317 150332 2448.61623   90  202 2524.40336 2401.50219  4.87%  43.6 12136s
 390404 150395 2506.49901   65  112 2524.40336 2401.50555  4.87%  43.6 12144s
 390634 150576 infeasible   82      2524.40336 2401.51593  4.87%  43.6 12151s
 391070 150566 infeasible   85      2524.40336 2401.54061  4.87%  43.6 12155s
 391162 150769 2421.25659   76  144 2524.40336 2401.55232  4.87%  43.6 12163s
 391649 150991 2516.14597   98  104 2524.40336 2401.56038  4.87%  43.6 12172s
 392191 151024 2471.37708   52  270 2524.40336 2401.60219  4.86%  43.6 12175s
 392313 151187 2491.19993   92  188 2524.40336 2401.61185  4.86%  43.6 12185s
 392887 151263 infeasible   58      2524.40336 2401.63545  4.86%  43.5 12192s
 393121 151279 2441.75322   55  331 2524.40336 2401.65677  4.86%  43.6 12197s
 393182 151509 2442.17009   57  410 2524.40336 2401.66113  4.86%  43.6 12206s
 393740 151707 2472.22641   56  268 2524.40336 2401.71792  4.86%  43.6 12219s
 394304 151716 infeasible   91      2524.40336 2401.74980  4.86%  43.6 12223s
 394374 151933 infeasible   72      2524.40336 2401.75235  4.86%  43.6 12233s
 394865 151984 infeasible   66      2524.40336 2401.75806  4.86%  43.6 12237s
 395063 152195 2488.04225   58  166 2524.40336 2401.78879  4.86%  43.6 12250s
 395719 152207 2449.76981   49  182 2524.40336 2401.82502  4.86%  43.5 12255s
 395795 152445 infeasible   52      2524.40336 2401.82502  4.86%  43.5 12263s
 396424 152440 infeasible   52      2524.40336 2401.86448  4.85%  43.5 12266s
 396486 152602 2422.39660   54  161 2524.40336 2401.87555  4.85%  43.5 12274s
 396908 152606 2454.33092   56  326 2524.40336 2401.89502  4.85%  43.5 12277s
 396918 152854 2445.90285   55  331 2524.40336 2401.89502  4.85%  43.6 12284s
 397471 152897 2405.77052   66  205 2524.40336 2401.91789  4.85%  43.5 12289s
 397610 153073 2471.85474   74  224 2524.40336 2401.91789  4.85%  43.5 12295s
 398101 153078 2471.71765   75  102 2524.40336 2401.97662  4.85%  43.5 12304s
 398201 154259 infeasible   64      2524.40336 2401.98243  4.85%  43.6 12334s
 401619 154275 2499.19365   76   88 2524.40336 2402.15661  4.84%  43.5 12337s
 401668 154284 2470.16617   62  181 2524.40336 2402.16414  4.84%  43.5 12340s
 401784 154442 2402.29991   58  265 2524.40336 2402.17008  4.84%  43.5 12349s
 402366 154496 infeasible   66      2524.40336 2402.21626  4.84%  43.5 12354s
 402579 154669 2500.53760   66  197 2524.40336 2402.23794  4.84%  43.5 12360s
 403236 154954 2508.83024   79  141 2524.40336 2402.28068  4.84%  43.5 12368s
 403937 155008 2513.26560   76  275 2524.40336 2402.32423  4.84%  43.5 12371s
 404085 155197 infeasible   81      2524.40336 2402.34628  4.84%  43.5 12376s
 404662 155462 2502.49575   60  112 2524.40336 2402.38672  4.83%  43.5 12385s
 405589 155618 2477.87030   69  107 2524.40336 2402.45169  4.83%  43.4 12393s
 405860 155756 2483.45972   57  114 2524.40336 2402.47294  4.83%  43.4 12397s
 406344 155777 2451.41320   56  302 2524.40336 2402.50875  4.83%  43.4 12400s
 406488 155919 2457.10616   57  352 2524.40336 2402.51682  4.83%  43.4 12405s
 406976 156219 2496.95410   80  202 2524.40336 2402.56065  4.83%  43.4 12415s
 407693 156567 2501.52365   74   47 2524.40336 2402.63714  4.82%  43.4 12424s
 408330 156632 2443.00680   58  245 2524.40336 2402.66649  4.82%  43.3 12443s
 408624 156739 infeasible   61      2524.40336 2402.69549  4.82%  43.4 12455s
 409174 156867 2474.21635   75  204 2524.40336 2402.74308  4.82%  43.4 12465s
 409722 157111 2431.17569   64  214 2524.40336 2402.78713  4.82%  43.4 12475s
 410510 157493 2437.14203   67  154 2524.40336 2402.84799  4.82%  43.4 12491s
 411481 157601     cutoff   59      2524.40336 2402.90561  4.81%  43.3 12499s
 411926 157647 infeasible   81      2524.40336 2402.96631  4.81%  43.3 12506s
 412166 157958 2505.83692   80   75 2524.40336 2402.97140  4.81%  43.3 12519s
 413009 157952 2408.95933   56  185 2524.40336 2403.03330  4.81%  43.3 12522s
 413056 158290 infeasible   47      2524.40336 2403.04784  4.81%  43.3 12532s
 413956 158303 infeasible   54      2524.40336 2403.12782  4.80%  43.3 12535s
 414054 158465 infeasible   93      2524.40336 2403.13670  4.80%  43.3 12542s
 414668 158724 infeasible   49      2524.40336 2403.17622  4.80%  43.2 12551s
 415474 158870 2465.18427   51  258 2524.40336 2403.24403  4.80%  43.2 12561s
 416055 158938 infeasible   63      2524.40336 2403.27308  4.80%  43.2 12565s
 416254 159156 2413.24818   64  174 2524.40336 2403.29584  4.80%  43.2 12571s
 416920 159344 2473.51946   60  144 2524.40336 2403.39032  4.79%  43.2 12579s
 417498 159536 infeasible   76      2524.40336 2403.43007  4.79%  43.2 12584s
 417969 159566 2468.95915   74  200 2524.40336 2403.48074  4.79%  43.2 12586s
 418054 159792 2510.57320   63  240 2524.40336 2403.49475  4.79%  43.2 12593s
 418702 159955 infeasible   84      2524.40336 2403.53823  4.79%  43.1 12608s
 419141 160030 2513.15772   73  180 2524.40336 2403.55957  4.79%  43.1 12616s
 419645 160218 infeasible   43      2524.40336 2403.61439  4.78%  43.1 12625s
 420383 160256 infeasible   56      2524.40336 2403.71663  4.78%  43.1 12631s
 420652 160634 2514.10813   65  207 2524.40336 2403.73697  4.78%  43.1 12639s
 421512 160626 infeasible   58      2524.40336 2403.81500  4.78%  43.1 12641s
 421560 160876 2454.99956   61  163 2524.40336 2403.82098  4.78%  43.1 12648s
 422203 160935 2447.35079   79  214 2524.40336 2403.86411  4.77%  43.1 12651s
 422353 161198 2477.95847   86  158 2524.40336 2403.87866  4.77%  43.1 12661s
 423199 161406 2450.94254   67  291 2524.40336 2403.93216  4.77%  43.0 12669s
 423866 161435 2404.24792   57  217 2524.40336 2403.99472  4.77%  43.0 12671s
 423944 161675 2518.16880   71  155 2524.40336 2404.00493  4.77%  43.0 12676s
 424568 161883 2455.79086   52  293 2524.40336 2404.02704  4.77%  43.0 12681s
 425035 162102 2489.45859   93  156 2524.40336 2404.06618  4.77%  43.0 12690s
 425962 162260 2429.45470   61  181 2524.40336 2404.12932  4.76%  43.0 12697s
 426185 162478 2520.76756   66  125 2524.40336 2404.18468  4.76%  43.0 12703s
 426833 162482     cutoff   74      2524.40336 2404.23602  4.76%  42.9 12705s
 426875 162697 2406.87472   70  183 2524.40336 2404.24360  4.76%  42.9 12711s
 427471 162899 2493.22392   77   84 2524.40336 2404.31716  4.76%  42.9 12717s
 428082 162891 infeasible   61      2524.40336 2404.37393  4.75%  42.9 12720s
 428727 163296 2443.75179   71  125 2524.40336 2404.42758  4.75%  42.9 12728s
 429104 163350 2408.33050   84  218 2524.40336 2404.43835  4.75%  42.9 12738s
 429499 163829 infeasible   57      2524.40336 2404.49671  4.75%  42.9 12750s
 430864 163997 2498.45782   62  145 2524.40336 2404.63158  4.74%  42.8 12757s
 431311 164111 2406.75625   81  218 2524.40336 2404.65443  4.74%  42.8 12762s
 431747 164236 infeasible   93      2524.40336 2404.67551  4.74%  42.8 12768s
 431995 164352 2496.30203   60  188 2524.40336 2404.68049  4.74%  42.8 12774s
 432346 164411 2493.86868   70  198 2524.40336 2404.71633  4.74%  42.8 12778s
 432524 164633     cutoff   82      2524.40336 2404.73197  4.74%  42.8 12784s
 433123 164634 infeasible   87      2524.40336 2404.77039  4.74%  42.7 12786s
 433155 164821 2494.64323   65  124 2524.40336 2404.77904  4.74%  42.8 12795s
 433838 165065 2447.44919   68  113 2524.40336 2404.85335  4.74%  42.7 12808s
 434463 165072 infeasible   54      2524.40336 2404.89945  4.73%  42.7 12810s
 434496 165295 2474.60947   73  194 2524.40336 2404.90596  4.73%  42.7 12816s
 435164 165360     cutoff   89      2524.40336 2404.97930  4.73%  42.7 12820s
 435573 165649 2409.22419   45  280 2524.40336 2405.00497  4.73%  42.7 12827s
 436156 165958 2413.02450   59  271 2524.40336 2405.04449  4.73%  42.7 12835s
 436736 166056 infeasible   69      2524.40336 2405.10916  4.73%  42.7 12840s
 436995 166233 2436.96026   77  213 2524.40336 2405.11691  4.73%  42.6 12847s
 437431 166234 2496.17799   68  202 2524.40336 2405.15229  4.72%  42.6 12850s
 437461 166464 2515.72099   70  174 2524.40336 2405.15427  4.72%  42.7 12856s
 438059 166680 2493.40240   47  306 2524.40336 2405.19751  4.72%  42.6 12864s
 438643 166757 infeasible   63      2524.40336 2405.25150  4.72%  42.6 12868s
 438829 166943 2474.44777   60  167 2524.40336 2405.30052  4.72%  42.6 12874s
 439475 166994 infeasible   62      2524.40336 2405.40965  4.71%  42.6 12887s
 439644 167900 infeasible   53      2524.40336 2405.42437  4.71%  42.6 12915s
 442219 167919 2518.87376   76  171 2524.40336 2405.59854  4.71%  42.5 12922s
 442253 167925 2458.56332   56  178 2524.40336 2405.61455  4.71%  42.5 12925s
 442279 167995 2460.83696   56  172 2524.40336 2405.61823  4.71%  42.5 12932s
 442473 168034 2487.53555   65  122 2524.40336 2405.61961  4.71%  42.5 12937s
 442575 168119 2479.64809   60  199 2524.40336 2405.61998  4.71%  42.5 12946s
 442965 168122 2496.30105   50  112 2524.40336 2405.65369  4.70%  42.5 12950s
 443004 168323 2410.74902   53  261 2524.40336 2405.67244  4.70%  42.6 12961s
 443679 168353 infeasible   65      2524.40336 2405.71370  4.70%  42.5 12965s
 443794 168465 2466.22068   67  238 2524.40336 2405.71901  4.70%  42.5 12974s
 444219 168598 2491.55607   64  180 2524.40336 2405.77751  4.70%  42.5 12980s
 444535 168684 2499.43013   64  110 2524.40336 2405.79698  4.70%  42.5 12990s
 444914 168690 2507.65106   45  175 2524.40336 2405.83107  4.70%  42.5 12995s
 444988 168885 2441.24440   79  165 2524.40336 2405.84589  4.70%  42.5 13008s
 445581 168975 2487.93433   73  201 2524.40336 2405.89806  4.69%  42.5 13016s
 445868 169040 2411.85881   67   91 2524.40336 2405.91908  4.69%  42.5 13021s
 446096 169186 2510.28417   88  116 2524.40336 2405.93567  4.69%  42.5 13029s
 446563 169179 2495.55906   58  179 2524.40336 2405.97566  4.69%  42.5 13032s
 446597 169484 infeasible   60      2524.40336 2405.97566  4.69%  42.5 13044s
 447281 169608 infeasible   68      2524.40336 2406.03453  4.69%  42.5 13052s
 447594 169793 infeasible   65      2524.40336 2406.09790  4.69%  42.5 13063s
 448222 169828 2465.47171   65   96 2524.40336 2406.14969  4.68%  42.4 13069s
 448322 170028 infeasible   69      2524.40336 2406.15337  4.68%  42.4 13081s
 448925 170107 2408.72080   75  217 2524.40336 2406.18185  4.68%  42.4 13088s
 449231 170176 2472.82174   63  177 2524.40336 2406.25569  4.68%  42.4 13093s
 449471 170210 2407.71109   60  214 2524.40336 2406.29073  4.68%  42.4 13101s
 449731 170416 2410.82417   57  285 2524.40336 2406.32340  4.68%  42.4 13129s
 450343 170476 2519.90312   70  307 2524.40336 2406.39958  4.67%  42.4 13135s
 450600 170637 2427.42102   60  103 2524.40336 2406.44196  4.67%  42.4 13147s
 451245 170628 infeasible   59      2524.40336 2406.49947  4.67%  42.4 13152s
 451308 170825 infeasible   61      2524.40336 2406.52392  4.67%  42.4 13169s
 451961 170940 2413.98248   52   82 2524.40336 2406.59481  4.67%  42.4 13178s
 452301 171018 infeasible   66      2524.40336 2406.63416  4.67%  42.3 13189s
 452782 171123 2440.19701   58  173 2524.40336 2406.67365  4.66%  42.3 13194s
 453018 171319 2409.97628   53  276 2524.40336 2406.69997  4.66%  42.3 13204s
 453551 171380 2471.93384   59  174 2524.40336 2406.78148  4.66%  42.3 13209s
 453712 171565 2487.36826   68  233 2524.40336 2406.81238  4.66%  42.3 13218s
 454283 171563 2441.18332   67  255 2524.40336 2406.83321  4.66%  42.3 13222s
 454319 171760 2441.26864   68  231 2524.40336 2406.83764  4.66%  42.3 13233s
 454858 171765 infeasible   87      2524.40336 2406.85015  4.66%  42.3 13237s
 454909 171990 2497.71585   69   88 2524.40336 2406.85015  4.66%  42.3 13248s
 455477 171992     cutoff   87      2524.40336 2406.97250  4.65%  42.3 13252s
 455534 172194 2508.67700   63  181 2524.40336 2406.97250  4.65%  42.4 13260s
 456213 172374 2468.57653   67  165 2524.40336 2407.01404  4.65%  42.3 13265s
 456739 172601 2463.98430   48  261 2524.40336 2407.08137  4.65%  42.3 13276s
 457251 172602 2514.29411   59  166 2524.40336 2407.10561  4.65%  42.3 13283s
 457315 172830 infeasible   81      2524.40336 2407.11087  4.65%  42.3 13292s
 457993 172894 2413.93401   56  220 2524.40336 2407.15754  4.64%  42.3 13297s
 458272 173099 2452.87294   57  209 2524.40336 2407.17195  4.64%  42.3 13306s
 458876 173310 2499.28302   66   84 2524.40336 2407.22753  4.64%  42.3 13317s
 459512 173471 2435.15535   60  171 2524.40336 2407.26740  4.64%  42.3 13325s
 460027 173521 2410.94202   65  291 2524.40336 2407.33919  4.64%  42.3 13336s
 460186 174198 infeasible   71      2524.40336 2407.34282  4.64%  42.3 13374s
 463103 174186 infeasible   60      2524.40336 2407.57678  4.63%  42.2 13377s
 463167 174406 2440.69592   56  241 2524.40336 2407.58144  4.63%  42.2 13386s
 463697 174560 2497.29854   64   83 2524.40336 2407.61754  4.63%  42.1 13393s
 464050 174691 infeasible   86      2524.40336 2407.65303  4.62%  42.1 13396s
 464374 174836 2511.41232   72   96 2524.40336 2407.67100  4.62%  42.2 13404s
 464834 174825 infeasible   63      2524.40336 2407.69676  4.62%  42.2 13408s
 464907 174843     cutoff  102      2524.40336 2407.72268  4.62%  42.2 13410s
 464986 174959 2520.65228   62   84 2524.40336 2407.72711  4.62%  42.1 13417s
 465288 175017 2506.76327   74  160 2524.40336 2407.73501  4.62%  42.1 13420s
 465410 175183 2516.41422   76   87 2524.40336 2407.76924  4.62%  42.1 13428s
 466019 175320 infeasible   77      2524.40336 2407.83707  4.62%  42.1 13435s
 466565 175489 2506.39189   55  211 2524.40336 2407.90942  4.61%  42.1 13448s
 467142 175541 infeasible   71      2524.40336 2407.97652  4.61%  42.1 13452s
 467326 175678 2492.09448   60  167 2524.40336 2408.01332  4.61%  42.1 13461s
 467888 175911 2411.79675   63  200 2524.40336 2408.06635  4.61%  42.1 13470s
 468468 176023 2484.03719   73  298 2524.40336 2408.13055  4.61%  42.0 13476s
 468806 176040 2428.23158   72   60 2524.40336 2408.16690  4.60%  42.0 13482s
 468855 176228 2478.32791   58  136 2524.40336 2408.18247  4.60%  42.0 13491s
 469375 176386 2411.59919   53  170 2524.40336 2408.21136  4.60%  42.0 13498s
 469806 176372 infeasible   49      2524.40336 2408.24925  4.60%  42.0 13500s
 469859 176548     cutoff   45      2524.40336 2408.27406  4.60%  42.0 13507s
 470316 176634 infeasible   72      2524.40336 2408.33146  4.60%  42.0 13522s
 470615 177178 2508.98035  103  139 2524.40336 2408.34436  4.60%  42.0 13539s
 472116 177176 infeasible   53      2524.40336 2408.51391  4.59%  42.0 13543s
 472158 177247 2415.26243   60  220 2524.40336 2408.51391  4.59%  42.0 13547s
 472406 177243     cutoff   66      2524.40336 2408.57308  4.59%  42.0 13550s
 472456 177460 2439.66575   68  201 2524.40336 2408.58841  4.59%  42.0 13559s
 472987 177472 infeasible   69      2524.40336 2408.64048  4.59%  42.0 13562s
 473034 177598 2457.14626   62  169 2524.40336 2408.65066  4.59%  42.0 13568s
 473432 177690 2470.21367   86  100 2524.40336 2408.65582  4.59%  42.0 13574s
 473669 177819 2493.91243   72   98 2524.40336 2408.68009  4.58%  42.0 13584s
 474145 177824 2461.28089   56   99 2524.40336 2408.71029  4.58%  42.0 13586s
 474189 178043 2461.28089   63   99 2524.40336 2408.71029  4.58%  42.0 13594s
 474782 178094 infeasible   55      2524.40336 2408.77621  4.58%  42.0 13599s
 474965 178187 2510.56562   48  349 2524.40336 2408.79639  4.58%  42.0 13609s
 475378 178220 infeasible   64      2524.40336 2408.86311  4.58%  42.0 13612s
 475547 178380 infeasible   63      2524.40336 2408.90940  4.58%  42.0 13619s
 476155 178405 infeasible   75      2524.40336 2408.95002  4.57%  42.0 13624s
 476418 178468     cutoff   74      2524.40336 2409.02680  4.57%  42.0 13632s
 476638 178638 2510.85110   89  187 2524.40336 2409.03508  4.57%  42.0 13643s
 477263 178658 infeasible   90      2524.40336 2409.13099  4.57%  41.9 13647s
 477315 178880 2494.93305   50  132 2524.40336 2409.14236  4.57%  41.9 13658s
 477840 179071 2430.20627   60  116 2524.40336 2409.17412  4.56%  41.9 13668s
 478391 179091 2412.07219   51  279 2524.40336 2409.21863  4.56%  41.9 13671s
 478437 179102 2414.13203   61  285 2524.40336 2409.23484  4.56%  41.9 13676s
 478445 179104 2414.47397   63  273 2524.40336 2409.23484  4.56%  41.9 13682s
 478455 179106 2414.47398   64  273 2524.40336 2409.23484  4.56%  41.9 13685s
 478464 179111 2414.80638   66  271 2524.40336 2409.23484  4.56%  41.9 13692s
 478469 179113 2414.99461   67  271 2524.40336 2409.23847  4.56%  41.9 13696s
 478527 179142 2520.79840   75  124 2524.40336 2409.24555  4.56%  41.9 13702s
 478614 179195 2418.10846   83  140 2524.40336 2409.24555  4.56%  41.9 13706s
 478663 179200 2456.12541   97  151 2524.40336 2409.25096  4.56%  41.9 13711s
 478705 179202 2413.56909   51  273 2524.40336 2409.28511  4.56%  41.9 13719s
 478715 179204 2415.27247   52  261 2524.40336 2409.28511  4.56%  41.9 13722s
 478721 179212 2415.27247   53  261 2524.40336 2409.28511  4.56%  41.9 13726s
 478760 179265 2419.80823   62  268 2524.40336 2409.28511  4.56%  41.9 13731s
 478930 179363 2466.41509   55  341 2524.40336 2409.29624  4.56%  41.9 13738s
 479325 179371 2465.14454   61  183 2524.40336 2409.30618  4.56%  41.9 13742s
 479358 179617 2469.67137   64  164 2524.40336 2409.30618  4.56%  41.9 13752s
 480019 179630 infeasible   50      2524.40336 2409.38673  4.56%  41.9 13756s
 480098 179901 2488.32588   67  147 2524.40336 2409.40037  4.56%  41.9 13765s
 480713 179907 infeasible   71      2524.40336 2409.48217  4.55%  41.9 13774s
 480814 180458 2500.87046   47   67 2524.40336 2409.49612  4.55%  41.9 13800s

Cutting planes:
  Learned: 3
  Gomory: 6
  Cover: 28
  Implied bound: 163
  Projected implied bound: 4
  Clique: 13
  MIR: 67
  Mixing: 1
  StrongCG: 15
  Flow cover: 48
  GUB cover: 37
  Inf proof: 4
  Zero half: 8
  Mod-K: 3
  RLT: 31
  Relax-and-lift: 12

Explored 482567 nodes (20224216 simplex iterations) in 13800.72 seconds (2184.47 work units)
Thread count was 4 (of 46 available processors)

Solution count 10: 2524.4 2524.83 2526.69 ... 2535.08

Time limit reached
Best objective 2.524403363193e+03, best bound 2.409718105543e+03, gap 4.5431%
