
Gurobi 13.0.2 (linux64) logging started Mon Aug 10 21:12:15 2026

Set parameter LogFile to value "/home/23037696r/Documents/research/or_benchmark/wp/results/inactivate_0.1/j30/logs/gurobi/j300901_5.log"
Set parameter NumericFocus to value 1
Gurobi Optimizer version 13.0.2 build v13.0.2rc1 (linux64 - "Ubuntu 22.04.3 LTS")

CPU model: Intel Xeon Processor (Cascadelake), instruction set [SSE2|AVX|AVX2|AVX512]
Thread count: 46 physical cores, 46 logical processors, using up to 4 threads

Non-default parameters:
TimeLimit  82800
MIPGap  1e-06
NumericFocus  1
Threads  4

Optimize a model with 39487 rows, 18910 columns and 140061 nonzeros (Min)
Model fingerprint: 0xee945fa7
Model has 11670 linear objective coefficients and an objective constant of 3.2487420171913936e+02
Variable types: 4941 continuous, 13969 integer (13814 binary)
Coefficient statistics:
  Matrix range     [1e+00, 2e+02]
  Objective range  [1e-02, 1e+03]
  Bounds range     [1e+00, 2e+02]
  RHS range        [1e+00, 2e+02]

Presolve removed 27979 rows and 8307 columns
Presolve time: 3.40s
Presolved: 11508 rows, 10603 columns, 77446 nonzeros
Variable types: 0 continuous, 10603 integer (7134 binary)
Found heuristic solution: objective 3175.4065431

Root relaxation: objective 1.624363e+03, 2913 iterations, 0.33 seconds (0.28 work units)

    Nodes    |    Current Node    |     Objective Bounds      |     Work
 Expl Unexpl |  Obj  Depth IntInf | Incumbent    BestBd   Gap | It/Node Time

     0     0 1624.36316    0   50 3175.40654 1624.36316  48.8%     -    4s
     0     0 1624.93283    0   80 3175.40654 1624.93283  48.8%     -    4s
     0     0 1624.93674    0   79 3175.40654 1624.93674  48.8%     -    4s
     0     0 1625.00114    0   78 3175.40654 1625.00114  48.8%     -    4s
     0     0 1625.00516    0   77 3175.40654 1625.00516  48.8%     -    4s
     0     0 1625.00623    0   76 3175.40654 1625.00623  48.8%     -    4s
     0     0 1625.00667    0   76 3175.40654 1625.00667  48.8%     -    4s
     0     0 1625.00711    0   76 3175.40654 1625.00711  48.8%     -    4s
     0     0 1625.01983    0   77 3175.40654 1625.01983  48.8%     -    4s
     0     0 1625.01995    0   77 3175.40654 1625.01995  48.8%     -    4s
     0     0 1625.02006    0   77 3175.40654 1625.02006  48.8%     -    4s
     0     0 1639.11424    0  161 3175.40654 1639.11424  48.4%     -    5s
     0     0 1639.21670    0  159 3175.40654 1639.21670  48.4%     -    5s
     0     0 1639.28229    0  157 3175.40654 1639.28229  48.4%     -    5s
     0     0 1639.33733    0  159 3175.40654 1639.33733  48.4%     -    5s
     0     0 1639.37062    0  158 3175.40654 1639.37062  48.4%     -    5s
     0     0 1639.39735    0  157 3175.40654 1639.39735  48.4%     -    5s
     0     0 1639.42113    0  157 3175.40654 1639.42113  48.4%     -    5s
     0     0 1639.44289    0  155 3175.40654 1639.44289  48.4%     -    5s
     0     0 1639.47927    0  155 3175.40654 1639.47927  48.4%     -    5s
     0     0 1639.52894    0  153 3175.40654 1639.52894  48.4%     -    5s
     0     0 1639.55985    0  153 3175.40654 1639.55985  48.4%     -    5s
     0     0 1639.89940    0  158 3175.40654 1639.89940  48.4%     -    5s
     0     0 1639.91302    0  157 3175.40654 1639.91302  48.4%     -    5s
     0     0 1639.91371    0  157 3175.40654 1639.91371  48.4%     -    5s
     0     0 1639.91430    0  157 3175.40654 1639.91430  48.4%     -    5s
     0     0 1639.91451    0  160 3175.40654 1639.91451  48.4%     -    5s
     0     0 1639.91451    0  160 3175.40654 1639.91451  48.4%     -    5s
H    0     0                    3149.5185620 1639.91451  47.9%     -    6s
H    0     0                    3146.8800329 1648.28041  47.6%     -    6s
H    0     0                    3146.0175891 1648.28041  47.6%     -    6s
     0     0 1648.74027    0  145 3146.01759 1648.74027  47.6%     -    6s
     0     0 1648.74027    0  145 3146.01759 1648.74027  47.6%     -    6s
     0     0 1648.74027    0  145 3146.01759 1648.74027  47.6%     -    6s
     0     0 1648.74027    0  142 3146.01759 1648.74027  47.6%     -    6s
     0     0 1648.74027    0  145 3146.01759 1648.74027  47.6%     -    6s
     0     0 1648.74027    0  145 3146.01759 1648.74027  47.6%     -    6s
     0     0 1648.74027    0  145 3146.01759 1648.74027  47.6%     -    6s
     0     0 1648.74027    0  145 3146.01759 1648.74027  47.6%     -    6s
     0     0 1648.74027    0  145 3146.01759 1648.74027  47.6%     -    6s
     0     0 1648.74027    0  145 3146.01759 1648.74027  47.6%     -    6s
     0     0 1648.74787    0  140 3146.01759 1648.74787  47.6%     -    6s
H    0     0                    2008.1476541 1648.74853  17.9%     -    6s
H    0     0                    2006.9118065 1648.74853  17.8%     -    6s
H    0     0                    1998.0635633 1648.74853  17.5%     -    6s
H    0     0                    1996.2925870 1648.74853  17.4%     -    6s
H    0     0                    1996.0037731 1648.74853  17.4%     -    6s
H    0     0                    1993.6308155 1648.74853  17.3%     -    6s
H    0     0                    1989.2363241 1648.74853  17.1%     -    7s
H    0     0                    1988.7929022 1648.74853  17.1%     -    7s
H    0     0                    1988.5880545 1648.74853  17.1%     -    7s
     0     0 1655.53983    0  102 1988.58805 1655.53983  16.7%     -    7s
     0     0 1655.61329    0  105 1988.58805 1655.61329  16.7%     -    7s
     0     0 1655.61380    0  104 1988.58805 1655.61380  16.7%     -    7s
     0     0 1655.64336    0  110 1988.58805 1655.64336  16.7%     -    7s
     0     0 1655.64336    0  109 1988.58805 1655.64336  16.7%     -    7s
     0     0 1662.25044    0  140 1988.58805 1662.25044  16.4%     -    7s
     0     0 1662.50092    0  142 1988.58805 1662.50092  16.4%     -    7s
     0     0 1663.13843    0  148 1988.58805 1663.13843  16.4%     -    7s
     0     0 1663.14053    0  152 1988.58805 1663.14053  16.4%     -    7s
     0     0 1665.15719    0  156 1988.58805 1665.15719  16.3%     -    8s
     0     0 1665.38481    0  127 1988.58805 1665.38481  16.3%     -    8s
     0     0 1665.39024    0  135 1988.58805 1665.39024  16.3%     -    8s
     0     0 1665.49888    0  145 1988.58805 1665.49888  16.2%     -    8s
H    0     0                    1984.9484059 1665.68046  16.1%     -    9s
     0     0 1665.68046    0  150 1984.94841 1665.68046  16.1%     -    9s
     0     0 1665.68046    0  145 1984.94841 1665.68046  16.1%     -    9s
H    0     0                    1983.1278990 1665.68046  16.0%     -    9s
     0     0 1665.68046    0  146 1983.12790 1665.68046  16.0%     -    9s
     0     0 1666.05338    0  156 1983.12790 1666.05338  16.0%     -    9s
     0     0 1666.13252    0  172 1983.12790 1666.13252  16.0%     -   10s
     0     0 1666.13745    0  166 1983.12790 1666.13745  16.0%     -   10s
     0     0 1666.37016    0  163 1983.12790 1666.37016  16.0%     -   10s
     0     0 1666.37957    0  164 1983.12790 1666.37957  16.0%     -   10s
     0     0 1667.56586    0  143 1983.12790 1667.56586  15.9%     -   10s
     0     0 1667.79826    0  145 1983.12790 1667.79826  15.9%     -   10s
     0     0 1667.79826    0  156 1983.12790 1667.79826  15.9%     -   10s
     0     0 1667.90080    0  158 1983.12790 1667.90080  15.9%     -   11s
     0     0 1667.90135    0  158 1983.12790 1667.90135  15.9%     -   11s
     0     0 1667.92220    0  159 1983.12790 1667.92220  15.9%     -   11s
     0     0 1667.92251    0  159 1983.12790 1667.92251  15.9%     -   11s
     0     0 1668.15578    0  154 1983.12790 1668.15578  15.9%     -   11s
     0     0 1668.15725    0  163 1983.12790 1668.15725  15.9%     -   11s
     0     0 1668.23720    0  166 1983.12790 1668.23720  15.9%     -   12s
     0     0 1668.24411    0  166 1983.12790 1668.24411  15.9%     -   12s
     0     0 1668.24694    0  167 1983.12790 1668.24694  15.9%     -   12s
     0     0 1668.24779    0  167 1983.12790 1668.24779  15.9%     -   12s
     0     0 1668.25016    0  169 1983.12790 1668.25016  15.9%     -   12s
     0     0 1668.40519    0  175 1983.12790 1668.40519  15.9%     -   12s
     0     0 1668.40871    0  177 1983.12790 1668.40871  15.9%     -   12s
     0     0 1668.48847    0  170 1983.12790 1668.48847  15.9%     -   12s
     0     0 1668.49268    0  184 1983.12790 1668.49268  15.9%     -   12s
     0     0 1668.49325    0  184 1983.12790 1668.49325  15.9%     -   12s
     0     0 1668.56329    0  173 1983.12790 1668.56329  15.9%     -   13s
     0     0 1668.58479    0  182 1983.12790 1668.58479  15.9%     -   13s
     0     0 1668.58582    0  184 1983.12790 1668.58582  15.9%     -   13s
     0     0 1668.60565    0  189 1983.12790 1668.60565  15.9%     -   13s
     0     0 1668.60590    0  189 1983.12790 1668.60590  15.9%     -   13s
     0     0 1668.60590    0  187 1983.12790 1668.60590  15.9%     -   13s
     0     2 1669.47303    0  187 1983.12790 1669.47303  15.8%     -   13s
H   14    20                    1982.0127948 1685.41843  15.0%   222   14s
    42    54 1742.78168   11   64 1982.01279 1685.41843  15.0%   155   15s
   908   765 1793.88228   10  103 1982.01279 1696.99259  14.4%  50.0   20s
  1260   994 1727.23087   61  187 1982.01279 1696.99276  14.4%  58.9   34s
  1262   995 1850.13816   23  204 1982.01279 1696.99276  14.4%  58.8   38s
  1263   996 1824.16492   26  138 1982.01279 1696.99276  14.4%  58.7   41s
  1266   998 1793.96397   14  290 1982.01279 1696.99276  14.4%  58.6   45s
  1272  1002 1725.92547   52  512 1982.01279 1696.99276  14.4%  58.3   50s
  1275  1004 1728.81728   86  269 1982.01279 1696.99276  14.4%  58.2   55s
  1278  1006 1716.87177   86  283 1982.01279 1696.99276  14.4%  58.0   61s
  1281  1008 1857.59732   57  280 1982.01279 1696.99276  14.4%  57.9   65s
  1284  1010 1857.63912   66  281 1982.01279 1696.99276  14.4%  57.8   70s
  1290  1018 1703.19161   14  169 1982.01279 1696.99276  14.4%  71.3   77s
  1298  1031 1736.39847   16  107 1982.01279 1703.28128  14.1%  73.4   81s
  1347  1047 1788.67069   19   70 1982.01279 1703.28128  14.1%  75.4   85s
  1419  1065 1817.56418   23   80 1982.01279 1709.13505  13.8%  78.3   91s
  1518  1113 1716.59382   23   78 1982.01279 1710.43239  13.7%  75.5   95s
  1785  1184 1728.60906   26   66 1982.01279 1715.05794  13.5%  68.5  100s
  2296  1253 1780.66445   30   25 1982.01279 1730.85508  12.7%  58.2  105s
  2440  1224 1915.93928   31    3 1982.01279 1734.13447  12.5%  57.8  110s
  2660  1282 1764.69576   32   32 1982.01279 1735.46519  12.4%  57.4  115s
  2891  1275 1764.83976   21   64 1982.01279 1737.66127  12.3%  58.1  121s
  2977  1275     cutoff   22      1982.01279 1740.93102  12.2%  59.5  125s
  3178  1260 infeasible   21      1982.01279 1745.47456  11.9%  58.7  130s
  3430  1270 1789.36429   29    7 1982.01279 1746.74448  11.9%  60.1  136s
  3666  1242 1864.85842   39  155 1982.01279 1747.45258  11.8%  63.2  141s
  3811  1247 1861.09207   26   45 1982.01279 1748.44976  11.8%  63.7  146s
  4000  1250 1854.76215   26  115 1982.01279 1748.71532  11.8%  64.3  152s
  4230  1262 1844.18883   26   48 1982.01279 1748.81170  11.8%  63.3  157s
  4372  1285 1817.18112   26  148 1982.01279 1749.27739  11.7%  63.3  162s
  4516  1351 1750.34399   26  102 1982.01279 1749.95990  11.7%  62.9  166s
  4885  1467 1756.60304   23   73 1982.01279 1750.70078  11.7%  61.2  172s
  5152  1543 1756.69920   24   73 1982.01279 1751.20141  11.6%  59.9  175s
  5536  1635 1886.00405   23   24 1982.01279 1752.66732  11.6%  59.0  181s
  6108  1888 infeasible   38      1982.01279 1755.05808  11.5%  57.3  188s
  6474  1975 1931.26985   31   38 1982.01279 1755.37781  11.4%  56.5  192s
  6749  2083 infeasible   26      1982.01279 1755.91202  11.4%  56.5  196s
  7251  2189 1802.59118   34   53 1982.01279 1758.31384  11.3%  56.1  202s
  7391  2261 infeasible   27      1982.01279 1758.31384  11.3%  57.0  205s
  7947  2535 infeasible   32      1982.01279 1760.82579  11.2%  56.8  213s
  8392  2584 1855.42813   34   78 1982.01279 1761.03095  11.1%  55.9  217s
  8504  2799 1857.30395   35   76 1982.01279 1761.29372  11.1%  55.7  221s
  9055  2919 1881.25416   39    8 1982.01279 1761.93268  11.1%  54.3  225s
  9298  3144 1775.23783   35    9 1982.01279 1762.02891  11.1%  54.8  231s
  9829  3273 1785.04377   40   11 1982.01279 1762.14513  11.1%  55.1  235s
 10090  3441 1763.33113   28   95 1982.01279 1762.41273  11.1%  56.2  240s
 10396  3626 1896.99175   54  310 1982.01279 1762.52956  11.1%  57.1  280s
 10734  3826 1829.65720   74  113 1982.01279 1763.33053  11.0%  58.3  288s
 11186  4133 1828.12389   39   23 1982.01279 1763.98643  11.0%  60.0  295s
 11681  4229 1834.62570   50   20 1982.01279 1764.56881  11.0%  60.1  301s
 11953  4316 1834.74376   54  142 1982.01279 1764.56881  11.0%  61.1  308s
 12212  4724 1842.79598   34   12 1982.01279 1765.02051  10.9%  61.6  317s
 13213  4820 1830.07907   36   34 1982.01279 1765.42648  10.9%  60.4  323s
 13551  4832 1775.42580   28   30 1982.01279 1765.92499  10.9%  61.7  328s
 13575  4892 1775.42580   29   29 1982.01279 1765.92499  10.9%  61.7  333s
 13832  5017 1838.44082   38   32 1982.01279 1766.26569  10.9%  62.7  338s
 14181  5170 1883.92573   38  106 1982.01279 1766.30630  10.9%  63.1  343s
 14540  5295 1831.75308   35   68 1982.01279 1766.67479  10.9%  63.6  349s
 14897  5401 1870.04160   30   32 1982.01279 1766.91435  10.9%  64.5  354s
 15199  5544 1872.56069   34   16 1982.01279 1767.00468  10.8%  64.9  360s
 15575  5684 1841.28837   32   40 1982.01279 1767.12206  10.8%  65.0  365s
 15892  5792 infeasible   49      1982.01279 1767.12224  10.8%  66.1  372s
 16174  5956 1820.16144   35   56 1982.01279 1767.26115  10.8%  67.2  378s
 16581  6082 1854.73780   35   46 1982.01279 1767.34838  10.8%  67.4  385s
 16963  6205 1774.96827   36   36 1982.01279 1767.38018  10.8%  68.5  392s
 17300  6309 1953.59031   45   12 1982.01279 1767.51428  10.8%  69.1  399s
 17662  6406 1783.69883   37   29 1982.01279 1767.57159  10.8%  70.3  406s
 18003  6500 1948.22469   71   59 1982.01279 1767.74528  10.8%  71.1  414s
 18364  6658 1890.10958   41   42 1982.01279 1768.00014  10.8%  72.0  420s
 18734  6804 1802.90533   34   89 1982.01279 1768.06330  10.8%  72.6  428s
 19321  6939 1958.97423   48  120 1982.01279 1768.10269  10.8%  72.9  434s
 19697  7066     cutoff   39      1982.01279 1768.38473  10.8%  73.3  441s
 20079  7195 1891.03061   44   58 1982.01279 1768.90692  10.8%  73.6  448s
 20528  7352 1892.90837   61  135 1982.01279 1769.37222  10.7%  73.5  455s
 20926  7353 1890.42466   30  187 1982.01279 1769.47469  10.7%  74.0  664s
 20928  7354 1817.78474   40  265 1982.01279 1769.47469  10.7%  74.0  669s
 20929  7355 1798.87606   39  449 1982.01279 1769.47469  10.7%  74.0  672s
 20930  7356 1971.40487   47  591 1982.01279 1769.47469  10.7%  74.0  675s
 20937  7360 1840.86801   35  562 1982.01279 1769.47469  10.7%  74.0  682s
 20939  7362 1832.41682   47  570 1982.01279 1769.47469  10.7%  74.0  690s
 20940  7362 1909.80070   27  500 1982.01279 1769.47469  10.7%  74.0  695s
 20941  7363 1893.62792   49  485 1982.01279 1769.47469  10.7%  74.0  700s
 20942  7364 1803.32760   36 1138 1982.01279 1769.47469  10.7%  74.0  706s
 20943  7364 1807.76410   39  489 1982.01279 1769.47469  10.7%  74.0  711s
 20944  7365 1879.15016   32  491 1982.01279 1769.47469  10.7%  74.0  716s
 20945  7366 1784.84173   35  493 1982.01279 1769.47469  10.7%  74.0  721s
 20946  7366 1833.96003   40  505 1982.01279 1769.47469  10.7%  74.0  726s
 20947  7367 1886.35577   30  506 1982.01279 1769.47469  10.7%  73.9  732s
 20948  7368 1921.93160   53  506 1982.01279 1769.47469  10.7%  73.9  737s
 20950  7369 1786.78612   32  515 1982.01279 1769.47469  10.7%  73.9  744s
 20951  7370 1778.10587   34  585 1982.01279 1769.47469  10.7%  73.9  749s
 20952  7370 1954.44637   32  592 1982.01279 1769.47469  10.7%  73.9  754s
 20953  7371 1829.78683   51  526 1982.01279 1769.47469  10.7%  73.9  758s
 20954  7372 1836.89634   48  536 1982.01279 1769.47469  10.7%  73.9  765s
 20956  7373 1918.96885   43  517 1982.01279 1769.47469  10.7%  73.9  776s
 20957  7374 1810.18253   26  521 1982.01279 1769.47469  10.7%  73.9  781s
 20958  7374 1829.88324   53  533 1982.01279 1769.47469  10.7%  73.9  788s
 20959  7375 1903.13760   38  523 1982.01279 1769.47469  10.7%  73.9  793s
 20960  7376 1800.66448   27  531 1982.01279 1769.47469  10.7%  73.9  797s
 20961  7376 1903.77812   42  535 1982.01279 1769.47469  10.7%  73.9  801s
 20962  7377 1804.20130   41  536 1982.01279 1769.47469  10.7%  73.9  807s
 20963  7378 1937.92774   42  536 1982.01279 1769.47469  10.7%  73.9  811s
 20964  7378 1827.11868   50  536 1982.01279 1769.47469  10.7%  73.9  816s
 20965  7379 1842.53443   40  536 1982.01279 1769.47469  10.7%  73.9  820s
 20966  7380 1869.87114   42  536 1982.01279 1769.47469  10.7%  73.9  827s
 20967  7380 1853.88754   34  512 1982.01279 1769.47469  10.7%  73.9  832s
 20969  7382 1855.02411   32  514 1982.01279 1769.47469  10.7%  73.9  837s
 20970  7382 1799.00827   32  536 1982.01279 1769.47469  10.7%  73.9  841s
 20971  7383 1846.42927   51  531 1982.01279 1769.47469  10.7%  73.9  846s
 20972  7384 1802.66978   35  518 1982.01279 1769.47469  10.7%  73.9  851s
 20973  7384 1780.30586   27  516 1982.01279 1769.47469  10.7%  73.9  856s
 20975  7386 1814.99168   46  518 1982.01279 1769.47469  10.7%  73.8  863s
 20976  7386 1862.79902   30  515 1982.01279 1769.47469  10.7%  73.8  867s
 20977  7387 1884.24041   30  519 1982.01279 1769.47469  10.7%  73.8  871s
 20978  7388 1890.33913   70  521 1982.01279 1769.47469  10.7%  73.8  876s
 20979  7388 1878.07534   30  522 1982.01279 1769.47469  10.7%  73.8  880s
 20981  7390 1941.94624   41  525 1982.01279 1769.47469  10.7%  73.8  887s
 20982  7390 1906.94777   43  524 1982.01279 1769.47469  10.7%  73.8  890s
 20984  7392 1775.88228   35  525 1982.01279 1769.47469  10.7%  73.8  906s
 20986  7393 1878.18056   39  523 1982.01279 1769.47469  10.7%  73.8  910s
 20993  7403 1769.47469   26  432 1982.01279 1769.47469  10.7%  75.2  919s
 20997  7405 1769.47469   27  401 1982.01279 1769.47469  10.7%  75.3  925s
 21006  7415 1771.38620   29  274 1982.01279 1769.47469  10.7%  75.5  932s
 21027  7423 1786.44613   34  229 1982.01279 1769.47469  10.7%  75.6  937s
 21035  7428 1790.16837   37  227 1982.01279 1769.47469  10.7%  75.6  940s
 21088  7448 1815.64888   49  205 1982.01279 1769.47469  10.7%  75.8  946s
 21120  7452 1941.47069   58   72 1982.01279 1769.47469  10.7%  76.0  951s
 21165  7459 1769.47469   30  297 1982.01279 1769.47469  10.7%  76.0  957s
 21194  7469 1769.47469   31  293 1982.01279 1769.47469  10.7%  76.0  961s
 21281  7496 1889.04827   41  211 1982.01279 1769.47469  10.7%  76.2  965s
 21344  7493 infeasible   53      1982.01279 1769.47469  10.7%  76.1  970s
 21452  7511 1796.24702   35  216 1982.01279 1769.47469  10.7%  75.9  975s
 21562  7536 1856.69956   32  275 1982.01279 1769.47469  10.7%  75.7  980s
 21788  7535 1879.76515   49  228 1982.01279 1769.47469  10.7%  75.2  986s
 21955  7540 1843.63127   37  150 1982.01279 1769.47469  10.7%  74.8  991s
 22098  7530 1958.65472   60  152 1982.01279 1769.47469  10.7%  74.4  998s
 22153  7563 1840.44333   31  259 1982.01279 1769.47469  10.7%  74.5 1000s
 22353  7553 1849.76572   34  364 1982.01279 1769.47469  10.7%  74.5 1005s
 22430  7554 1876.12394   49  154 1982.01279 1769.47469  10.7%  75.2 1011s
 22516  7552 1792.98442   31  391 1982.01279 1769.47469  10.7%  76.2 1017s
 22550  7551 1850.40657   37  341 1982.01279 1769.47469  10.7%  76.4 1021s
 22640  7553 1779.00009   40   72 1982.01279 1769.47469  10.7%  77.1 1029s
 22677  7577 1769.47469   33  292 1982.01279 1769.47469  10.7%  77.6 1033s
 22722  7600 1797.99841   36  418 1982.01279 1769.47469  10.7%  78.0 1036s
 22856  7603     cutoff   58      1982.01279 1769.47469  10.7%  78.7 1043s
 22924  7643 1769.47469   38  284 1982.01279 1769.47469  10.7%  78.8 1047s
 23112  7593 1769.47469   41  294 1982.01279 1769.47469  10.7%  78.9 1051s
 23193  7687 1824.67789   48  513 1982.01279 1769.47469  10.7%  79.8 1057s
 23417  7617 infeasible   57      1982.01279 1769.47469  10.7%  79.9 1061s
 23526  7715 1888.59614   36  393 1982.01279 1769.47469  10.7%  81.0 1068s
 23786  7643 infeasible   54      1982.01279 1769.47469  10.7%  81.0 1072s
 23861  7694 1850.75812   41  243 1982.01279 1769.47469  10.7%  81.0 1076s
 24023  7685 1769.47469   43  265 1982.01279 1769.47469  10.7%  81.6 1082s
 24123  7714 1789.38408   34  424 1982.01279 1769.47469  10.7%  82.8 1087s
 24281  7742 1861.14785   42  282 1982.01279 1769.47469  10.7%  83.4 1092s
 24458  7711 1866.08468   43  129 1982.01279 1769.47469  10.7%  84.7 1098s
 24536  7817 1972.95215   49   64 1982.01279 1769.47469  10.7%  85.2 1104s
 24862  7747 infeasible   75      1982.01279 1769.47469  10.7%  85.1 1109s
 24954  7777 1880.07193   48  247 1982.01279 1769.47469  10.7%  86.3 1115s
 25217  7781 1813.20264   42  211 1982.01279 1769.47469  10.7%  86.6 1122s
 25402  8018 1862.12565   41  401 1982.01279 1769.47469  10.7%  86.9 1128s
 26095  7817 1850.27971   49  286 1982.01279 1769.47469  10.7%  87.2 1134s
 26192  7833     cutoff   56      1982.01279 1769.47469  10.7%  88.0 1142s
 26310  8120 1852.06031   45  394 1982.01279 1769.47469  10.7%  88.0 1149s
 27082  7891 1847.52955   48  370 1982.01279 1769.47469  10.7%  87.6 1158s
 27148  7976 1885.02417   50  361 1982.01279 1769.47469  10.7%  88.0 1164s
 27413  7989 1943.35079   41  107 1982.01279 1769.47469  10.7%  88.1 1172s
 27628  7994 infeasible   51      1982.01279 1769.47469  10.7%  88.2 1178s
 27807  7968 1797.23212   44  137 1982.01279 1769.47469  10.7%  89.1 1185s
 27888  8187 1933.34802   48  228 1982.01279 1769.47469  10.7%  90.5 1192s
 28582  7988 1980.05982   58   53 1982.01279 1769.47469  10.7%  90.5 1200s
 28674  8508     cutoff   57      1982.01279 1769.47469  10.7%  91.0 1209s
 29989  8143 1925.70360   43  130 1982.01279 1769.47469  10.7%  89.6 1217s
 30319  8358 1859.51906   48   78 1982.01279 1769.47469  10.7%  89.7 1223s
 31163  8163 infeasible   62      1982.01279 1769.47469  10.7%  89.6 1238s
 31482  8990 1948.66141   49   89 1982.01279 1769.47469  10.7%  90.3 1254s
 33523  8314 infeasible   50      1982.01279 1769.47469  10.7%  88.4 1259s
 33552  8352 1863.64395   50  387 1982.01279 1769.47469  10.7%  88.7 1264s
 33653  8423 infeasible   54      1982.01279 1769.47469  10.7%  88.8 1268s
 33889  8624 1915.84082   60  331 1982.01279 1769.47469  10.7%  88.6 1273s
 34577  8640 1865.41661   57  144 1982.01279 1769.47469  10.7%  88.0 1278s
 35109  8517 infeasible   48      1982.01279 1769.47469  10.7%  87.6 1282s
 35258  8648 1956.09956   53  104 1982.01279 1769.47469  10.7%  87.8 1286s
 35613  8554 1938.71968   35   55 1982.01279 1769.47469  10.7%  88.3 1291s
 35683  8710     cutoff   42      1982.01279 1769.47469  10.7%  88.6 1295s
 36141  8622 1947.20684   36   63 1982.01279 1769.47469  10.7%  89.0 1301s
 36272  8767 1790.69097   38   61 1982.01279 1769.47469  10.7%  89.0 1305s
 36801  9005 1905.41407   38  286 1982.01279 1769.47469  10.7%  89.1 1314s
 37572  8969 1858.89954   36  183 1982.01279 1769.47469  10.7%  88.7 1319s
 38010  9055 1957.21686   44  310 1982.01279 1769.47469  10.7%  88.1 1323s
 38493  8947 1873.25561   45  236 1982.01279 1769.47469  10.7%  88.1 1328s
 38581  9141 1879.86914   31  210 1982.01279 1769.47469  10.7%  88.6 1333s
 39115  9025 infeasible   46      1982.01279 1769.47469  10.7%  88.5 1338s
 39300  9223 1820.89314   59  258 1982.01279 1769.47469  10.7%  88.5 1342s
 39882  9273 infeasible   67      1982.01279 1769.47469  10.7%  88.0 1347s
 40369  9205     cutoff   50      1982.01279 1769.47469  10.7%  87.6 1352s
 40638  9445 1883.00257   45  218 1982.01279 1769.47469  10.7%  87.5 1357s
 41447  9281 1925.38146   48  107 1982.01279 1769.47469  10.7%  86.9 1369s
 41712  9973 1905.56635   50  314 1982.01279 1769.47469  10.7%  87.3 1379s
 43617  9525 1856.33479   45  429 1982.01279 1769.47469  10.7%  86.7 1382s
 43728  9547 infeasible   49      1982.01279 1769.47469  10.7%  86.7 1387s
 43806  9918 1774.60011   41  413 1982.01279 1769.47469  10.7%  86.8 1391s
 44631  9975 1832.98730   54   92 1982.01279 1770.10047  10.7%  86.0 1395s
 45723 10565     cutoff   62      1982.01279 1770.70481  10.7%  85.0 1402s
 46022 10809 1900.85534   43  109 1982.01279 1770.92864  10.6%  84.7 1406s
 46701 10913 1912.77476   49  109 1982.01279 1771.71931  10.6%  84.6 1412s
 46868 10959 1935.29046   59  174 1982.01279 1771.71931  10.6%  84.8 1415s
 47406 11243 1835.03177   47  116 1982.01279 1772.77073  10.6%  85.0 1421s
 47657 11441 infeasible   56      1982.01279 1773.02003  10.5%  84.9 1425s
 48136 11455 1788.67114   33  180 1982.01279 1773.54224  10.5%  84.7 1431s
 48177 11885 infeasible   39      1982.01279 1773.67245  10.5%  84.9 1436s
 48926 11922 1816.50557   53  112 1982.01279 1774.00959  10.5%  84.1 1440s
 49446 12219 1823.89152   58  327 1982.01279 1774.68798  10.5%  83.9 1447s
 49659 12272 1858.43536   43  442 1982.01279 1774.81628  10.5%  83.9 1450s
 50349 12515 1844.82047   43  301 1982.01279 1775.19488  10.4%  83.5 1456s
 50426 12640 1973.29399   43  220 1982.01279 1775.83110  10.4%  83.5 1460s
 50983 13171 1902.94147   66   58 1982.01279 1776.31979  10.4%  82.9 1468s
 51761 13343 infeasible   39      1982.01279 1776.78471  10.4%  82.5 1478s
 52188 13850 1877.13381   43  209 1982.01279 1776.83857  10.4%  82.3 1485s
 53494 14435 1979.89511   81  191 1982.01279 1778.44245  10.3%  81.6 1493s
 54745 14458 1851.63285   41  111 1982.01279 1779.22493  10.2%  80.4 1496s
 55658 14875 infeasible   68      1982.01279 1779.95711  10.2%  79.4 1501s
 56762 15318 1962.93254   72   59 1982.01279 1781.01585  10.1%  78.2 1506s
 57283 15537 1888.54928   38  411 1982.01279 1781.32718  10.1%  78.0 1511s
 58168 15935 1790.40955   38   60 1982.01279 1782.00865  10.1%  77.2 1516s
 58825 16143 1944.86951   44  126 1982.01279 1782.34596  10.1%  76.7 1521s
 59590 16415 1784.15494   45  260 1982.01279 1783.49256  10.0%  76.2 1525s
 60201 16848 1878.15873   56  180 1982.01279 1784.51185  10.0%  75.9 1531s
 60853 16955 1913.67081   48  110 1982.01279 1785.74529  9.90%  75.5 1535s
 61224 17046 1864.81104   38  430 1982.01279 1785.74529  9.90%  75.6 1540s
 61557 17134 1787.13004   36  328 1982.01279 1786.41577  9.87%  75.8 1545s
 61639 17201 1813.20619   40 1018 1982.01279 1786.41577  9.87%  76.3 1551s
 61773 17256 1845.10642   47  483 1982.01279 1786.41577  9.87%  76.5 1555s
 61881 17290 1912.61499   44  175 1982.01279 1787.09697  9.83%  76.9 1560s
 62109 17371 1841.03803   41  316 1982.01279 1787.22080  9.83%  77.1 1574s
 62216 17541 1787.67764   37  352 1982.01279 1787.22291  9.83%  77.5 1595s
 62703 17713 1866.58890   41 1024 1982.01279 1787.42736  9.82%  78.9 1612s
 63165 17875 1885.15010   43  487 1982.01279 1787.71471  9.80%  80.4 1631s
 63575 18405 1901.33820   49  412 1982.01279 1787.99202  9.79%  81.1 1646s
 64649 18443 1803.02934   58  785 1982.01279 1788.22367  9.78%  83.0 1657s
 64834 18527 infeasible   32      1982.01279 1788.41271  9.77%  83.8 1671s
 65043 18915 infeasible   66      1982.01279 1788.59025  9.76%  84.5 1684s
 65744 18969 infeasible   77      1982.01279 1788.65582  9.76%  86.0 1697s
 65945 19039 infeasible   31      1982.01279 1788.82317  9.75%  86.5 1709s
 66202 19218 1972.74970   39  293 1982.01279 1789.03706  9.74%  87.1 1722s
 66617 19309 infeasible   55      1982.01279 1789.07969  9.73%  88.1 1732s
 66851 19319 1857.97750   49  178 1982.01279 1789.41702  9.72%  88.5 1742s
 66863 19337 infeasible   51      1982.01279 1789.41702  9.72%  88.5 1755s
 66973 19470 infeasible   48      1982.01279 1789.57052  9.71%  88.9 1771s
 67491 19565 1904.64662   49  759 1982.01279 1789.78493  9.70%  89.2 1782s
 67776 19690 1805.87538   51  442 1982.01279 1789.78493  9.70%  89.6 1796s
 67985 19963 1898.31296   79  276 1982.01279 1789.83465  9.70%  90.4 1809s
 68675 20097 1807.97553   52  454 1982.01279 1790.37575  9.67%  90.9 1823s
 68971 20404 1925.51476   71  255 1982.01279 1790.49664  9.66%  91.7 1837s
 69685 20473 infeasible   44      1982.01279 1790.57878  9.66%  92.2 1853s
 69832 20844 1866.45920   64  246 1982.01279 1790.67377  9.65%  92.8 1866s
 70758 20916 infeasible   71      1982.01279 1790.86867  9.64%  93.4 1878s
 71018 21341 1822.31292   70  373 1982.01279 1791.07135  9.63%  94.0 1890s
 71987 21463 infeasible   53      1982.01279 1791.49882  9.61%  94.7 1901s
 72319 21784 1974.64315   45  323 1982.01279 1791.87656  9.59%  95.1 1913s
 72944 21837 1804.73913   39  448 1982.01279 1792.38630  9.57%  95.5 1918s
 73085 21985 1806.47834   50  251 1982.01279 1792.39808  9.57%  95.7 1924s
 73423 22100 1900.85064   44  400 1982.01279 1792.47728  9.56%  96.0 1930s
 73652 22409 1917.90923   62  384 1982.01279 1792.47728  9.56%  96.3 1937s
 74244 22472 1904.33740   56  113 1982.01279 1792.55188  9.56%  96.9 1946s
 74441 22798 1843.84254   49  365 1982.01279 1792.68791  9.55%  97.2 1952s
 75195 22809 infeasible   75      1982.01279 1792.71277  9.55%  97.4 1958s
 75324 22983 infeasible   52      1982.01279 1792.71277  9.55%  97.6 1965s
 75697 23008 infeasible   47      1982.01279 1792.88511  9.54%  98.1 1976s
 75788 23329 1934.28392   59  242 1982.01279 1792.91763  9.54%  98.3 1982s
 76524 23332 infeasible   49      1982.01279 1793.03722  9.53%  98.5 1990s
 76627 23500 1806.59493   48  410 1982.01279 1793.03722  9.53%  98.7 1997s
 77029 23547 1943.55733   42  233 1982.01279 1793.13201  9.53%  99.1 2008s
 77110 23801 1867.87742   56  338 1982.01279 1793.13201  9.53%  99.4 2014s
 77673 23889 1810.91326   41  828 1982.01279 1793.66118  9.50%   100 2022s
 77836 24202 1849.37071   44  403 1982.01279 1793.66118  9.50%   100 2028s
 78499 24244 1844.75610   72  258 1982.01279 1793.77420  9.50%   100 2035s
 78627 24760 1960.06367  103  453 1982.01279 1793.88373  9.49%   100 2042s
 79646 24813 infeasible   46      1982.01279 1794.01282  9.49%   100 2048s
 79762 25121 1829.58410   55  298 1982.01279 1794.01282  9.49%   100 2053s
 80429 25167 infeasible   51      1982.01279 1794.08381  9.48%   100 2059s
 80605 25519 infeasible   54      1982.01279 1794.19979  9.48%   100 2065s
 81240 25562 infeasible   61      1982.01279 1794.33807  9.47%   101 2071s
 81300 25683 1857.66392   65  303 1982.01279 1794.33807  9.47%   101 2080s
 81558 26106 1972.51268   73  121 1982.01279 1794.38976  9.47%   101 2089s
 82336 26248 1911.06928   58  117 1982.01279 1794.43528  9.46%   101 2097s
 82591 26635 infeasible   73      1982.01279 1794.43528  9.46%   101 2112s
 83480 26672 1864.40698   46  268 1982.01279 1794.77400  9.45%   101 2118s
 83566 26720 1799.71059   46  339 1982.01279 1794.79726  9.45%   101 2124s
 83719 26859 1817.08163   65   88 1982.01279 1794.81731  9.44%   101 2128s
 84142 26931 1936.54145   58  249 1982.01279 1794.89355  9.44%   101 2132s
 84290 27157 1980.01980   66  180 1982.01279 1794.93932  9.44%   101 2137s
 84744 27220 1809.08246   62  259 1982.01279 1794.94148  9.44%   102 2142s
 84853 27550 1811.89083   68  178 1982.01279 1795.00228  9.44%   102 2147s
 85594 27576 1924.75863   80   84 1982.01279 1795.08467  9.43%   102 2152s
 85777 27870 1901.51408   74  257 1982.01279 1795.18149  9.43%   102 2158s
 86549 27927 1844.02558   48  291 1982.01279 1795.32175  9.42%   102 2162s
 86614 27977 1908.69287   58  337 1982.01279 1795.32175  9.42%   102 2166s
 86769 28152 1799.30374   39  353 1982.01279 1795.40763  9.41%   102 2171s
 87147 28199 1808.07599   62  121 1982.01279 1795.52937  9.41%   102 2177s
 87262 28322 1814.46821   70  300 1982.01279 1795.52937  9.41%   102 2181s
 87530 28399 1855.56975   53  292 1982.01279 1795.54950  9.41%   103 2187s
 87689 28578 1855.96900   57  343 1982.01279 1795.62825  9.40%   103 2191s
 87976 28570 infeasible   44      1982.01279 1795.62825  9.40%   103 2196s
 87994 28593 1838.57366   46  134 1982.01279 1795.76727  9.40%   103 2201s
 88062 28622 infeasible   52      1982.01279 1795.76727  9.40%   103 2206s
 88126 28669     cutoff   37      1982.01279 1795.76727  9.40%   103 2211s
 88219 28769 1969.95520   67  234 1982.01279 1795.76727  9.40%   103 2217s
 88362 28861 1922.72895   75  210 1982.01279 1795.76827  9.40%   103 2224s
 88552 29142 1869.69386   61  772 1982.01279 1795.76827  9.40%   103 2230s
 89147 29199 1805.01122   50   72 1982.01279 1795.82491  9.39%   103 2239s
 89236 29584 1916.79540   67   97 1982.01279 1795.82849  9.39%   103 2244s
 89964 29647 1848.58988   56  276 1982.01279 1795.89484  9.39%   103 2250s
 90086 29940 1893.35143   58  187 1982.01279 1795.93649  9.39%   103 2255s
 90656 29988 infeasible   75      1982.01279 1796.00331  9.38%   103 2261s
 90784 30315 1805.05396   52  306 1982.01279 1796.06067  9.38%   104 2266s
 91417 30426 1980.37991   81  303 1982.01279 1796.12094  9.38%   104 2271s
 91615 30659 1929.44609   69  185 1982.01279 1796.17389  9.38%   104 2277s
 92050 30716     cutoff   72      1982.01279 1796.22062  9.37%   104 2282s
 92183 30938 1858.54016   60  102 1982.01279 1796.22079  9.37%   104 2287s
 92643 30997 1809.68741   57  435 1982.01279 1796.34932  9.37%   104 2293s
 92759 31264 1915.48535   62  388 1982.01279 1796.42805  9.36%   105 2299s
 93292 31359 1810.36325   60  161 1982.01279 1796.44767  9.36%   105 2312s
 93457 32250 1811.00113   66  249 1982.01279 1796.44767  9.36%   105 2328s
 95711 32294 infeasible   68      1982.01279 1796.60625  9.35%   105 2332s
 95816 32312 infeasible   73      1982.01279 1796.61070  9.35%   105 2338s
 95868 32352 1921.25327   69  240 1982.01279 1796.62049  9.35%   105 2342s
 95949 32367     cutoff   57      1982.01279 1796.62049  9.35%   105 2347s
 96056 32490 1839.92331   63  410 1982.01279 1796.67522  9.35%   105 2352s
 96413 32535 1906.62268   57  371 1982.01279 1796.74698  9.35%   105 2360s
 96535 32861 1889.18908   54   91 1982.01279 1796.81217  9.34%   105 2365s
 97200 32881 1954.87347   64  426 1982.01279 1796.94006  9.34%   106 2370s
 97479 32990 infeasible   41      1982.01279 1796.98052  9.34%   106 2380s
 97642 33332 1863.77561   73  133 1982.01279 1797.00178  9.33%   106 2385s
 98353 33345 1816.20949   42  278 1982.01279 1797.06114  9.33%   106 2391s
 98439 33391 1837.62250   51  150 1982.01279 1797.06114  9.33%   106 2396s
 98547 33721 1906.99528   57  200 1982.01279 1797.07235  9.33%   107 2401s
 99183 33776 infeasible   82      1982.01279 1797.10005  9.33%   107 2406s
 99317 34090 infeasible   64      1982.01279 1797.10026  9.33%   107 2411s
 99986 34145 1814.07028   54  307 1982.01279 1797.12419  9.33%   107 2416s
 100102 34393 1936.77730   70  129 1982.01279 1797.13670  9.33%   107 2421s
 100652 34438 1883.14656   56  386 1982.01279 1797.19965  9.32%   107 2427s
 100734 34693 1867.78678   49  415 1982.01279 1797.20445  9.32%   107 2432s
 101278 34750 1840.41653   52  188 1982.01279 1797.22170  9.32%   107 2436s
 101375 35086 1962.62443   72  222 1982.01279 1797.23330  9.32%   107 2441s
 102024 35127 infeasible   91      1982.01279 1797.24541  9.32%   107 2446s
 102130 35384 1845.86250   57  473 1982.01279 1797.25290  9.32%   107 2452s
 102555 35411 1901.87985   78   16 1982.01279 1797.29570  9.32%   107 2457s
 102658 35468 1978.31448   55  249 1982.01279 1797.30046  9.32%   107 2462s
 102764 35772 1897.34356   72  216 1982.01279 1797.30132  9.32%   107 2467s
 103488 35835 infeasible   49      1982.01279 1797.31073  9.32%   107 2472s
 103640 36160 1840.80660   65  290 1982.01279 1797.31848  9.32%   107 2483s
 104383 36201 1967.40758   65  178 1982.01279 1797.41096  9.31%   107 2488s
 104463 36648 1797.47146   69  289 1982.01279 1797.41116  9.31%   108 2494s
 105419 36666     cutoff   55      1982.01279 1797.44472  9.31%   107 2496s
 105468 36675 infeasible   57      1982.01279 1797.44949  9.31%   107 2500s
 105887 36848 1877.32896   62  384 1982.01279 1797.49353  9.31%   108 2507s
 105940 37092 1952.32015   66  293 1982.01279 1797.50296  9.31%   108 2511s
 106467 37126 1914.17461   78  271 1982.01279 1797.53549  9.31%   108 2515s
 107096 37407 1822.48113   56  132 1982.01279 1797.60556  9.30%   108 2523s
 107205 37645 1802.56327   35  314 1982.01279 1797.61116  9.30%   108 2527s
 107691 37721 1827.37764   69  182 1982.01279 1797.62236  9.30%   108 2531s
 107837 37954 1845.71912   69  113 1982.01279 1797.62236  9.30%   108 2535s
 108410 38114 1862.90921   60  212 1982.01279 1797.70251  9.30%   108 2543s
 108783 38144 1858.27110   37  304 1982.01279 1797.73274  9.30%   108 2547s
 108888 38305 1899.74421   45  347 1982.01279 1797.73274  9.30%   108 2552s
 109333 38316 1883.83828   46  233 1982.01279 1797.77166  9.30%   108 2557s
 109392 38406 1980.68485   58  289 1982.01279 1797.79011  9.29%   108 2561s
 109753 38623 1872.49284   73  276 1982.01279 1797.81699  9.29%   108 2568s
 110191 38655 1811.23978   48   88 1982.01279 1797.83574  9.29%   109 2574s
 110291 38866 infeasible   66      1982.01279 1797.85338  9.29%   109 2578s
 110795 38913 1804.32894   65  284 1982.01279 1797.89791  9.29%   109 2583s
 110903 39127 1934.35963   72  191 1982.01279 1797.90692  9.29%   109 2587s
 111381 39160 infeasible   62      1982.01279 1797.96310  9.29%   109 2593s
 111487 39262 1888.30464   62  240 1982.01279 1798.01687  9.28%   109 2597s
 111780 39336 infeasible   49      1982.01279 1798.04648  9.28%   109 2602s
 111920 39537 1851.62116   58  358 1982.01279 1798.05163  9.28%   109 2606s
 112382 39575 infeasible  112      1982.01279 1798.06643  9.28%   109 2611s
 112499 39701 1956.86578   57  101 1982.01279 1798.06643  9.28%   109 2616s
 112867 39751 1883.66892   64  270 1982.01279 1798.13173  9.28%   109 2621s
 113002 39812 1808.13966   66  242 1982.01279 1798.15992  9.28%   109 2626s
 113206 39869 1806.25599   58  135 1982.01279 1798.17258  9.28%   110 2634s
 113337 40060 1979.19866   44  218 1982.01279 1798.18433  9.27%   110 2638s
 114034 40133 infeasible   64      1982.01279 1798.20339  9.27%   110 2651s
 114240 40709 1975.50518   77  162 1982.01279 1798.21800  9.27%   110 2665s
 115676 40723 infeasible   88      1982.01279 1798.31100  9.27%   110 2672s
 115766 40753 1860.01403   77  105 1982.01279 1798.32268  9.27%   110 2677s
 115870 40821     cutoff   65      1982.01279 1798.32268  9.27%   110 2683s
 115991 40891 1919.82393   66  182 1982.01279 1798.33466  9.27%   110 2688s
 116169 40899 infeasible   76      1982.01279 1798.33466  9.27%   110 2695s
 116202 40902     cutoff   43      1982.01279 1798.35641  9.27%   110 2701s
 116234 40933 1806.59087   62  123 1982.01279 1798.37707  9.27%   110 2708s
 116332 41029 1858.42151   72  249 1982.01279 1798.38754  9.26%   111 2713s
 116520 41105 1981.71251   65  216 1982.01279 1798.44241  9.26%   111 2719s
 116766 41403 1967.19855   46  448 1982.01279 1798.47461  9.26%   111 2726s
 117592 41436 infeasible   45      1982.01279 1798.53122  9.26%   111 2735s
 117686 41893 1858.85071   52   97 1982.01279 1798.54416  9.26%   111 2742s
 118551 41946 infeasible  100      1982.01279 1798.62129  9.25%   111 2750s
 118683 42288 1949.75339   55   31 1982.01279 1798.62922  9.25%   111 2757s
 119420 42324 1850.73183   68  267 1982.01279 1798.70175  9.25%   112 2763s
 119539 42531 1836.16045   72  254 1982.01279 1798.71737  9.25%   112 2770s
 120044 42610 1963.49134   57  432 1982.01279 1798.74929  9.25%   112 2776s
 120214 42933 1852.28942   52   84 1982.01279 1798.74929  9.25%   112 2782s
 120950 42973 1923.59091   40  399 1982.01279 1798.78236  9.24%   112 2788s
 121083 43216     cutoff   60      1982.01279 1798.78284  9.24%   112 2793s
 121747 43280 infeasible   48      1982.01279 1798.83641  9.24%   112 2799s
 121977 43488     cutoff   56      1982.01279 1798.85279  9.24%   112 2805s
 122377 43582 1859.91459   68  318 1982.01279 1798.86573  9.24%   113 2811s
 122689 43629     cutoff   47      1982.01279 1798.88307  9.24%   113 2818s
 122928 43909 1811.01109   43  357 1982.01279 1798.91518  9.24%   113 2824s
 123580 44029 1800.57619   47  343 1982.01279 1798.95459  9.24%   113 2830s
 123790 44401 1863.20800   63  363 1982.01279 1798.95459  9.24%   113 2836s
 124696 44494 1968.13916   72  201 1982.01279 1799.06937  9.23%   113 2852s
 124886 45211 1968.08704   70  217 1982.01279 1799.09324  9.23%   113 2867s
 126510 45241 1836.85821   54  229 1982.01279 1799.18349  9.22%   113 2872s
 126710 45269 1932.36174   67  440 1982.01279 1799.19335  9.22%   113 2877s
 126873 45478 1829.77311   70  141 1982.01279 1799.20827  9.22%   113 2883s
 127470 45540 1923.55019   64  347 1982.01279 1799.26366  9.22%   114 2889s
 127623 45818 1806.66118   50  299 1982.01279 1799.28267  9.22%   114 2895s
 128247 45915 1958.16074   48  180 1982.01279 1799.31744  9.22%   114 2900s
 128443 46216 1828.78187   59  326 1982.01279 1799.33261  9.22%   114 2906s
 129137 46243 1910.55301   67  253 1982.01279 1799.37070  9.21%   114 2913s
 129240 46554 1805.32102   46  310 1982.01279 1799.37124  9.21%   114 2919s
 129839 46605 infeasible   66      1982.01279 1799.43233  9.21%   114 2925s
 130005 46851 1908.30712   65  332 1982.01279 1799.44604  9.21%   114 2931s
 130584 46864 1892.68286   51  319 1982.01279 1799.49688  9.21%   114 2938s
 130693 46972 1963.46077   49  259 1982.01279 1799.49688  9.21%   114 2942s
 131034 46996 infeasible   61      1982.01279 1799.52318  9.21%   114 2947s
 131171 47110 1854.93184   67  269 1982.01279 1799.54069  9.21%   114 2952s
 131605 47124 1874.44002   48  179 1982.01279 1799.56893  9.20%   114 2958s
 131700 47411 1864.83790   50  222 1982.01279 1799.58438  9.20%   114 2963s
 132292 47445 infeasible   79      1982.01279 1799.63339  9.20%   114 2969s
 132448 47603 1859.66384   67  200 1982.01279 1799.65546  9.20%   115 2974s
 132912 47665 1813.56646   67  167 1982.01279 1799.70180  9.20%   115 2979s
 133112 47782 1934.01099   57  258 1982.01279 1799.72424  9.20%   115 2984s
 133468 47934 1802.17506   49  305 1982.01279 1799.74956  9.20%   115 2989s
 133876 47991 infeasible   61      1982.01279 1799.81191  9.19%   115 2995s
 134137 48274     cutoff   60      1982.01279 1799.85011  9.19%   115 3000s
 134913 48345 infeasible   42      1982.01279 1799.88753  9.19%   115 3011s
 135096 48926 1903.95933   56   49 1982.01279 1799.88753  9.19%   115 3025s
 136492 49009 1966.19148   77  204 1982.01279 1800.01149  9.18%   115 3030s
 136679 49122 1863.18220   67  158 1982.01279 1800.02303  9.18%   115 3037s
 136954 49392 infeasible   48      1982.01279 1800.04114  9.18%   115 3043s
 137618 49460 1901.33975   47  313 1982.01279 1800.07259  9.18%   115 3049s
 137866 49698 infeasible   77      1982.01279 1800.11893  9.18%   115 3055s
 138336 49801 1951.36086   90  167 1982.01279 1800.15758  9.18%   115 3060s
 138535 50046 infeasible   53      1982.01279 1800.17140  9.17%   115 3066s
 139269 50076 infeasible   58      1982.01279 1800.22271  9.17%   115 3072s
 139416 50420 1868.15955   63  172 1982.01279 1800.24365  9.17%   115 3077s
 140154 50454 infeasible   54      1982.01279 1800.27880  9.17%   115 3083s
 140293 50717 1881.91242   70  350 1982.01279 1800.28455  9.17%   115 3088s
 140878 50801 1900.65591   80  187 1982.01279 1800.32567  9.17%   115 3093s
 141053 50961 1806.47528   53  221 1982.01279 1800.33197  9.17%   115 3099s
 141543 50992 infeasible   66      1982.01279 1800.36790  9.16%   116 3104s
 141693 51236 1919.78728   71   95 1982.01279 1800.37760  9.16%   116 3110s
 142309 51318 1874.66957   75  142 1982.01279 1800.41043  9.16%   116 3115s
 142499 51479 infeasible   59      1982.01279 1800.43320  9.16%   116 3120s
 142945 51536 infeasible   68      1982.01279 1800.44777  9.16%   116 3126s
 143109 51772 1842.96133   71  256 1982.01279 1800.48912  9.16%   116 3131s
 143625 51803 infeasible   51      1982.01279 1800.50469  9.16%   116 3136s
 143756 52020 1859.27978   63  403 1982.01279 1800.51735  9.16%   116 3141s
 144292 52087 1843.74555   74  198 1982.01279 1800.53724  9.16%   116 3146s
 144458 52478 1931.90328   74  209 1982.01279 1800.54365  9.16%   116 3152s
 145305 52539     cutoff  158      1982.01279 1800.58287  9.15%   116 3164s
 145594 53104 1898.64202   49  277 1982.01279 1800.61459  9.15%   116 3174s
 145913 53104 1801.06694   62  275 1982.01279 1800.61459  9.15%   116 3175s
 146967 53183 1804.01730   62  296 1982.01279 1800.65669  9.15%   116 3182s
 147099 53337 1972.36599   65  155 1982.01279 1800.68298  9.15%   116 3186s
 147648 53416 infeasible   83      1982.01279 1800.72500  9.15%   116 3191s
 147817 53659 infeasible   75      1982.01279 1800.74529  9.15%   116 3195s
 148485 53804 1956.83633   45  298 1982.01279 1800.82154  9.14%   116 3203s
 148985 53825 infeasible   85      1982.01279 1800.84695  9.14%   116 3209s
 149058 54048 infeasible   56      1982.01279 1800.86112  9.14%   116 3213s
 149649 54071 infeasible   73      1982.01279 1800.87232  9.14%   117 3217s
 149758 54291 1896.35247   57  297 1982.01279 1800.89021  9.14%   117 3222s
 150295 54331 1868.40259   63  336 1982.01279 1800.94293  9.14%   117 3227s
 150415 54438 1922.83649   67  169 1982.01279 1800.94382  9.14%   117 3232s
 150633 54481 infeasible   72      1982.01279 1800.96323  9.13%   117 3238s
 150793 54724     cutoff   74      1982.01279 1800.97866  9.13%   117 3243s
 151306 54758 1940.13022   59  214 1982.01279 1801.00581  9.13%   117 3248s
 151436 55025     cutoff   85      1982.01279 1801.00581  9.13%   117 3253s
 152131 55040 1956.28501   56  372 1982.01279 1801.05857  9.13%   117 3258s
 152242 55271 1803.20712   54  271 1982.01279 1801.06468  9.13%   117 3263s
 152742 55303 1802.15569   63  311 1982.01279 1801.08394  9.13%   117 3267s
 152858 55501 1965.06940   56  230 1982.01279 1801.08394  9.13%   117 3272s
 153421 55525 1808.47456   62  163 1982.01279 1801.10525  9.13%   117 3277s
 153518 55731 1862.05418   77  236 1982.01279 1801.11312  9.13%   117 3283s
 154034 55785 1883.32439   59  317 1982.01279 1801.19108  9.12%   117 3288s
 154167 56142     cutoff   72      1982.01279 1801.21277  9.12%   118 3294s
 154978 56217 infeasible   65      1982.01279 1801.24571  9.12%   117 3299s
 155141 56440 1948.68628   70  115 1982.01279 1801.26990  9.12%   117 3304s
 155663 56470 1979.16049   74  169 1982.01279 1801.29052  9.12%   118 3317s
 155764 57171 1846.44946   41  153 1982.01279 1801.29324  9.12%   118 3345s
 157616 57567 infeasible   53      1982.01279 1801.43375  9.11%   118 3352s
 158583 57636 1937.63097   65  201 1982.01279 1801.49178  9.11%   117 3358s
 158837 57941 1950.09289   72  136 1982.01279 1801.51459  9.11%   117 3364s
 159683 58007 1857.69516   60  105 1982.01279 1801.53531  9.11%   117 3369s
 159851 58280     cutoff   70      1982.01279 1801.53531  9.11%   117 3374s
 160536 58359 1802.18551   53  312 1982.01279 1801.59301  9.10%   117 3379s
 160688 58551     cutoff   58      1982.01279 1801.60003  9.10%   117 3384s
 161094 58596 infeasible   71      1982.01279 1801.63773  9.10%   117 3389s
 161291 58972 1869.54520   78  168 1982.01279 1801.65501  9.10%   117 3395s
 162228 59322 1865.00430   73  179 1982.01279 1801.69728  9.10%   117 3404s
 162895 59362 1965.77238  158   39 1982.01279 1801.74511  9.10%   117 3409s
 163059 59536 1870.86675   63  282 1982.01279 1801.74803  9.10%   117 3414s
 163589 59566 1885.61398   73  154 1982.01279 1801.77454  9.09%   117 3418s
 163687 59721 1802.44180   56  330 1982.01279 1801.78374  9.09%   117 3423s
 164086 59791 1970.11468   93  102 1982.01279 1801.80911  9.09%   117 3428s
 164294 59959 1814.59092   57  224 1982.01279 1801.81723  9.09%   117 3433s
 164677 59978 1849.62858   73  270 1982.01279 1801.81723  9.09%   117 3438s
 164735 60026 1855.41705   64  236 1982.01279 1801.84008  9.09%   117 3442s
 164858 60187 1844.20295   61  192 1982.01279 1801.84008  9.09%   117 3447s
 165430 60227 1865.92944   62  196 1982.01279 1801.86932  9.09%   117 3452s
 165514 60475 1875.07087   72   72 1982.01279 1801.86932  9.09%   117 3458s
 166089 60511 1939.57468   56  230 1982.01279 1801.93487  9.09%   117 3472s
 166240 61002 1970.45610   68  342 1982.01279 1801.94160  9.09%   117 3493s
 167958 61056 1907.28167   52  144 1982.01279 1802.02332  9.08%   117 3498s
 168078 61095 1853.51557   72  333 1982.01279 1802.02332  9.08%   117 3505s
 168205 61172 1877.09513   76  332 1982.01279 1802.02332  9.08%   117 3511s
 168439 61496 infeasible   74      1982.01279 1802.07190  9.08%   117 3518s
 169230 61554 1883.26651   92  264 1982.01279 1802.11359  9.08%   117 3525s
 169382 61835 1926.74588   66   71 1982.01279 1802.13529  9.08%   117 3532s
 170085 61893 infeasible   63      1982.01279 1802.15563  9.07%   117 3539s
 170290 62121 1931.50784   50  295 1982.01279 1802.19709  9.07%   117 3545s
 170816 62179 1974.26032   76   49 1982.01279 1802.25352  9.07%   118 3551s
 171010 62607 1815.94053   56  364 1982.01279 1802.26247  9.07%   118 3557s
 171870 62662 1970.11297   59  103 1982.01279 1802.29703  9.07%   118 3563s
 172036 62941 1806.99010   50  288 1982.01279 1802.31419  9.07%   118 3569s
 172841 63002 1972.49425   63  260 1982.01279 1802.34753  9.06%   117 3574s
 172984 63328 1882.60091   67  199 1982.01279 1802.34753  9.06%   117 3579s
 173703 63382 infeasible   46      1982.01279 1802.43327  9.06%   117 3584s
 173849 63602 1893.99286   73  175 1982.01279 1802.44336  9.06%   117 3588s
 174375 63654 infeasible   81      1982.01279 1802.47493  9.06%   117 3593s
 174499 63911     cutoff   67      1982.01279 1802.48004  9.06%   117 3599s
 175221 63953 infeasible   63      1982.01279 1802.53668  9.06%   117 3603s
 175333 64108 1886.44832   53  162 1982.01279 1802.53947  9.06%   117 3608s
 175724 64163 1926.24504   79  365 1982.01279 1802.55765  9.05%   117 3613s
 175855 64347     cutoff   64      1982.01279 1802.56334  9.05%   117 3618s
 176437 64406 infeasible   53      1982.01279 1802.58692  9.05%   117 3630s
 176657 64791 1869.09468   57  238 1982.01279 1802.60574  9.05%   118 3642s
 177618 64828 infeasible   53      1982.01279 1802.71216  9.05%   118 3650s
 177753 65261 1870.13794   60  191 1982.01279 1802.71576  9.05%   118 3657s
 178788 65311 infeasible   96      1982.01279 1802.78225  9.04%   118 3662s
 178921 65611 1867.50477   61  265 1982.01279 1802.78480  9.04%   118 3668s
 179627 65672 1923.53262   72   71 1982.01279 1802.83595  9.04%   118 3673s
 179734 65979 1864.64627   74  185 1982.01279 1802.86493  9.04%   118 3679s
 180386 66011 1892.81557   85  321 1982.01279 1802.88895  9.04%   118 3685s
 180494 66193 1892.70760   85  222 1982.01279 1802.89511  9.04%   118 3690s
 180989 66238 infeasible   70      1982.01279 1802.96151  9.03%   117 3695s
 181134 66566 1954.24404   60  176 1982.01279 1802.96354  9.03%   117 3700s
 182006 66857 1822.26112   40  337 1982.01279 1802.98782  9.03%   117 3709s
 182558 66896 1869.99518   55  380 1982.01279 1803.02640  9.03%   117 3714s
 182648 67068 1930.07381   61  241 1982.01279 1803.03940  9.03%   117 3718s
 183092 67074 1916.11675   66  334 1982.01279 1803.07170  9.03%   118 3723s
 183138 67364 infeasible   63      1982.01279 1803.07309  9.03%   118 3728s
 183763 67368 infeasible   65      1982.01279 1803.09203  9.03%   118 3735s
 183891 67606 1974.80364   66  309 1982.01279 1803.11254  9.03%   118 3741s
 184392 67655 1907.86027   53  293 1982.01279 1803.11746  9.03%   118 3745s
 184515 67978 1955.53884   62  126 1982.01279 1803.12256  9.03%   118 3750s
 185335 68058 1968.74136   54  320 1982.01279 1803.16352  9.02%   117 3755s
 185492 68275 1968.82112   56  145 1982.01279 1803.17849  9.02%   117 3760s
 186034 68299     cutoff   94      1982.01279 1803.18296  9.02%   117 3767s
 186136 68545     cutoff   87      1982.01279 1803.19359  9.02%   118 3772s
 186691 68629 1953.86894   77  367 1982.01279 1803.21687  9.02%   118 3784s
 186890 69334 1920.63919   72  278 1982.01279 1803.22076  9.02%   118 3798s
 188802 69355 1954.71916   74  142 1982.01279 1803.31868  9.02%   117 3803s
 188886 69377 1854.76823   52  358 1982.01279 1803.34791  9.01%   117 3807s
 188987 69435     cutoff   75      1982.01279 1803.35404  9.01%   117 3813s
 189110 69705     cutoff   80      1982.01279 1803.37687  9.01%   117 3817s
 189754 69721     cutoff   85      1982.01279 1803.41326  9.01%   117 3821s
 189878 69942     cutoff   65      1982.01279 1803.43944  9.01%   117 3825s
 190491 69968 1804.25472   66  292 1982.01279 1803.46817  9.01%   117 3831s
 190588 70149 1882.73968   57  109 1982.01279 1803.49322  9.01%   117 3835s
 191134 70268 1878.58275   54  146 1982.01279 1803.56112  9.00%   117 3843s
 191312 70375 1973.80654   71  107 1982.01279 1803.56866  9.00%   117 3848s
 191668 70486 1877.04003   42  346 1982.01279 1803.59236  9.00%   117 3853s
 191921 70685 1898.95315   63  258 1982.01279 1803.60399  9.00%   117 3857s
 192455 70728 1933.36118   72  128 1982.01279 1803.63246  9.00%   117 3861s
 192592 71047 1954.78394   59  427 1982.01279 1803.63755  9.00%   117 3866s
 193425 71073 1838.56221   65  313 1982.01279 1803.69456  9.00%   117 3870s
 194065 71271 1900.90167   55  170 1982.01279 1803.76307  8.99%   117 3878s
 194192 71657 1959.64969   70    2 1982.01279 1803.76713  8.99%   117 3883s
 194956 71695 infeasible   57      1982.01279 1803.81547  8.99%   117 3887s
 195089 71872 1947.32059   83  114 1982.01279 1803.81654  8.99%   117 3891s
 195594 71904 1832.27852   60  231 1982.01279 1803.84859  8.99%   117 3896s
 195657 71943 1911.91663   61   97 1982.01279 1803.84963  8.99%   117 3901s
 195870 72297 1839.35247   69  410 1982.01279 1803.88251  8.99%   117 3905s
 196629 72346 1893.89780   60  357 1982.01279 1803.90644  8.99%   117 3911s
 197559 72860 1887.82416   79  324 1982.01279 1803.98353  8.98%   117 3925s
 197950 73181 1810.45431   64  245 1982.01279 1804.01422  8.98%   117 3931s
 198714 73240 1871.50297   58  186 1982.01279 1804.05660  8.98%   117 3935s
 198910 73477 1970.43892   79   75 1982.01279 1804.09333  8.98%   117 3940s
 199529 73542 1872.79278   49  329 1982.01279 1804.13609  8.97%   117 3945s
 199639 73854 1873.31371   51  260 1982.01279 1804.14708  8.97%   117 3950s
 200532 73952 1933.14455   78  284 1982.01279 1804.15773  8.97%   117 3959s
 200675 73975     cutoff   83      1982.01279 1804.15773  8.97%   117 3964s
 200728 74075 infeasible   84      1982.01279 1804.15910  8.97%   117 3968s
 201008 74332 1962.07633   74  129 1982.01279 1804.16029  8.97%   116 3974s
 201665 74389 1879.68858   70  144 1982.01279 1804.18353  8.97%   116 3979s
 201778 74785 1945.64227   82  152 1982.01279 1804.18358  8.97%   116 3984s
 202766 74876 1924.57835   80  271 1982.01279 1804.21622  8.97%   116 3988s
 202985 75151     cutoff   88      1982.01279 1804.23231  8.97%   116 3992s
 203755 75183 infeasible   74      1982.01279 1804.27181  8.97%   116 3996s
 203892 75489 infeasible   74      1982.01279 1804.29570  8.97%   116 4000s
 204865 75858 1981.85869   49  186 1982.01279 1804.33052  8.96%   116 4007s
 205606 75885 1819.11829   57  236 1982.01279 1804.33573  8.96%   116 4012s
 205697 76129 infeasible   62      1982.01279 1804.33573  8.96%   116 4015s
 206304 76361 1847.95120   50  124 1982.01279 1804.41187  8.96%   116 4023s
 206584 76396 1906.20568   83   18 1982.01279 1804.41233  8.96%   116 4026s
 206680 76612 1906.24096   56  153 1982.01279 1804.41330  8.96%   116 4030s
 207276 76759 1929.58122   56  236 1982.01279 1804.44592  8.96%   116 4038s
 207556 76995 1806.72056   61  187 1982.01279 1804.47693  8.96%   116 4041s
 208110 77051 1952.04191   66   80 1982.01279 1804.50902  8.96%   116 4055s
 208258 78443 1960.79190   58  332 1982.01279 1804.52409  8.95%   116 4076s
 211382 78490 infeasible   65      1982.01279 1804.64063  8.95%   115 4080s
 211601 78610     cutoff   82      1982.01279 1804.68034  8.95%   115 4087s
 211721 78648 1921.58019   60  332 1982.01279 1804.71501  8.95%   115 4090s
 212139 78836 infeasible   76      1982.01279 1804.75069  8.94%   115 4098s
 212246 78918 1935.93811   96  175 1982.01279 1804.75177  8.94%   115 4102s
 212463 79002 1936.57698  103   38 1982.01279 1804.75404  8.94%   115 4106s
 212659 79038 1953.87962  131  327 1982.01279 1804.76423  8.94%   115 4110s
 212958 79425 1857.48515   52  366 1982.01279 1804.79206  8.94%   115 4118s
 213760 79462 1964.27595   66  366 1982.01279 1804.79206  8.94%   115 4122s
 213873 79680 1898.14631   71  125 1982.01279 1804.81371  8.94%   115 4127s
 214320 79742 1908.39374   71  141 1982.01279 1804.84360  8.94%   115 4131s
 214484 79992 1962.41698   73  232 1982.01279 1804.87797  8.94%   115 4135s
 215337 80335 1917.37661   97  187 1982.01279 1804.91276  8.94%   115 4143s
 215871 80408 1896.51276   83  448 1982.01279 1804.94346  8.93%   115 4147s
 216126 80551 1914.07260   51  366 1982.01279 1804.95820  8.93%   115 4151s
 216438 80789 1929.24114   69  195 1982.01279 1804.96018  8.93%   115 4155s
 217210 81116 1809.50505   69  296 1982.01279 1804.98528  8.93%   115 4163s
 217786 81143 1861.61309   57  233 1982.01279 1805.01976  8.93%   115 4167s
 217929 81315     cutoff   80      1982.01279 1805.03584  8.93%   115 4171s
 218461 81387 1949.44339   72  107 1982.01279 1805.05405  8.93%   115 4182s
 218678 81979 1826.84414   67  274 1982.01279 1805.06585  8.93%   115 4192s
 220164 81970 infeasible   65      1982.01279 1805.15035  8.92%   115 4195s
 220181 82030 1805.44204   53  309 1982.01279 1805.15035  8.92%   115 4200s
 220368 82119 1899.09644   85   76 1982.01279 1805.16424  8.92%   115 4208s
 220508 82186 1946.20370   93  336 1982.01279 1805.18727  8.92%   115 4214s
 220729 82494 1963.66064   51  302 1982.01279 1805.21753  8.92%   115 4219s
 221521 82530 infeasible   53      1982.01279 1805.25954  8.92%   115 4224s
 221658 82803 1870.37215   80  216 1982.01279 1805.26206  8.92%   115 4228s
 222236 82816 infeasible  120      1982.01279 1805.29517  8.92%   115 4233s
 222320 82848 1805.47964   64  272 1982.01279 1805.31070  8.92%   115 4237s
 222472 83121 1904.65659   54  298 1982.01279 1805.31855  8.91%   115 4242s
 223179 83168 1890.43384   53  160 1982.01279 1805.32977  8.91%   115 4246s
 223323 83297 1927.98675   75   60 1982.01279 1805.33591  8.91%   116 4250s
 223787 83331 1873.98894   82  300 1982.01279 1805.36944  8.91%   116 4255s
 224411 83609 1941.65066   62  189 1982.01279 1805.40881  8.91%   116 4262s
 224566 83855 1888.07419   57  422 1982.01279 1805.43207  8.91%   116 4267s
 225104 83894 infeasible  101      1982.01279 1805.44735  8.91%   116 4273s
 225230 84175 1881.61794   77  160 1982.01279 1805.45510  8.91%   116 4278s
 225841 84219 infeasible   57      1982.01279 1805.46660  8.91%   116 4283s
 226016 84559 1955.27428   78  196 1982.01279 1805.47654  8.91%   116 4287s
 226893 84582 infeasible   65      1982.01279 1805.49259  8.91%   116 4292s
 227014 84635 infeasible   59      1982.01279 1805.49259  8.91%   116 4297s
 227203 84901 1857.25716   58  222 1982.01279 1805.51188  8.91%   116 4301s
 227859 84921 1941.36363   92   11 1982.01279 1805.54048  8.90%   116 4306s
 227952 85003 1861.94122   62  313 1982.01279 1805.55770  8.90%   116 4310s
 228150 85160 infeasible   71      1982.01279 1805.55770  8.90%   116 4315s
 228734 85239 1822.29549   67  258 1982.01279 1805.61422  8.90%   116 4326s
 228929 85665 1892.81835   78  349 1982.01279 1805.62217  8.90%   116 4340s
 230120 85718 infeasible   63      1982.01279 1805.67082  8.90%   116 4346s
 230351 85800 infeasible   41      1982.01279 1805.69040  8.90%   116 4352s
 230540 86227 1948.76437   71  125 1982.01279 1805.70296  8.90%   116 4359s
 231715 86272 1952.40949   65  277 1982.01279 1805.74777  8.89%   116 4364s
 231855 86371 1962.16268   86  257 1982.01279 1805.76357  8.89%   116 4368s
 232191 86422 infeasible   60      1982.01279 1805.78013  8.89%   116 4374s
 232351 86485 1920.10433   55  435 1982.01279 1805.78602  8.89%   116 4379s
 232594 86505 1949.43940   60  175 1982.01279 1805.78853  8.89%   116 4384s
 232727 86751 1979.38077   69  114 1982.01279 1805.80553  8.89%   116 4388s
 233290 86821 infeasible   75      1982.01279 1805.82542  8.89%   116 4394s
 233492 87164 infeasible   52      1982.01279 1805.84960  8.89%   116 4400s
 234232 87207 1896.48513   74  155 1982.01279 1805.89264  8.89%   116 4405s
 234391 87362 1873.98426   78  176 1982.01279 1805.90682  8.89%   116 4410s
 234890 87411 infeasible   73      1982.01279 1805.92795  8.88%   116 4416s
 235070 87769 1874.25166   70  247 1982.01279 1805.93728  8.88%   117 4421s
 235835 87822     cutoff   67      1982.01279 1805.95982  8.88%   116 4426s
 235993 88079 1893.43760   86  352 1982.01279 1805.97958  8.88%   117 4430s
 236596 88159 1807.77807   62   79 1982.01279 1806.00370  8.88%   117 4435s
 236764 88311 1807.13655   62  291 1982.01279 1806.02203  8.88%   117 4440s
 237163 88348 1895.53900   73  114 1982.01279 1806.02453  8.88%   117 4445s
 237325 88636 1880.89900   74  140 1982.01279 1806.06236  8.88%   117 4450s
 238199 89014 infeasible   70      1982.01279 1806.11193  8.87%   116 4459s
 238902 89027 1953.73672   85  143 1982.01279 1806.15059  8.87%   116 4463s
 239019 89362 infeasible   48      1982.01279 1806.15988  8.87%   117 4474s
 239751 89396 infeasible   65      1982.01279 1806.21237  8.87%   117 4478s
 239861 89396 infeasible   70      1982.01279 1806.21496  8.87%   117 4482s
 239911 89423 infeasible   69      1982.01279 1806.21541  8.87%   117 4487s
 239969 89451 1930.87631   76  170 1982.01279 1806.21942  8.87%   117 4493s
 240064 89496 1907.21696   57  256 1982.01279 1806.22192  8.87%   117 4499s
 240190 89550 1944.92675   56  100 1982.01279 1806.22739  8.87%   117 4506s
 240370 89611 1806.51488   72  282 1982.01279 1806.22739  8.87%   117 4514s
 240560 90086 1944.28670   79  133 1982.01279 1806.27005  8.87%   117 4522s
 241602 90106 1877.18799   63  259 1982.01279 1806.32982  8.86%   117 4528s
 241791 90278 1955.65178   68  240 1982.01279 1806.34880  8.86%   117 4534s
 242231 90353 1962.13009   96   85 1982.01279 1806.37919  8.86%   117 4540s
 242416 90599 1929.67184   71  304 1982.01279 1806.37919  8.86%   117 4546s
 242988 90663 1978.83803   73  374 1982.01279 1806.40245  8.86%   117 4553s
 243151 90870 1868.60678   63  102 1982.01279 1806.41164  8.86%   117 4559s
 243782 90928 infeasible   50      1982.01279 1806.44281  8.86%   117 4566s
 243977 91171 1972.11326   54  168 1982.01279 1806.44803  8.86%   117 4572s
 244637 91242 infeasible  121      1982.01279 1806.47074  8.86%   117 4578s
 244840 91502 infeasible   72      1982.01279 1806.51234  8.85%   117 4584s
 245461 91544 1971.19939   69  140 1982.01279 1806.54367  8.85%   117 4591s
 245567 91813 1973.46357   77  171 1982.01279 1806.54367  8.85%   117 4597s
 246148 91878     cutoff   74      1982.01279 1806.56925  8.85%   117 4603s
 246327 92180 1931.36269   67  229 1982.01279 1806.60502  8.85%   117 4609s
 247161 92286 infeasible   67      1982.01279 1806.65236  8.85%   117 4614s
 247333 92557 1895.26504   73  310 1982.01279 1806.65236  8.85%   117 4620s
 247930 92594 1952.18525  104  207 1982.01279 1806.68689  8.85%   117 4627s
 248076 92915     cutoff  106      1982.01279 1806.68689  8.85%   117 4632s
 248873 92962 1889.34477   65  316 1982.01279 1806.70449  8.84%   117 4638s
 249019 93225 1958.55139   89  179 1982.01279 1806.71435  8.84%   117 4643s
 249697 93217     cutoff   56      1982.01279 1806.75083  8.84%   117 4654s
 249742 94188 1860.18714   69  360 1982.01279 1806.75125  8.84%   117 4709s
 252378 94481 1963.74416   72  387 1982.01279 1806.81518  8.84%   118 4716s
 253174 94840 1942.56108   78  205 1982.01279 1806.86981  8.84%   118 4723s
 254220 94920 infeasible   78      1982.01279 1806.96081  8.83%   118 4729s
 254494 95193 1822.37859   66  106 1982.01279 1806.97571  8.83%   118 4735s
 255143 95255 infeasible   66      1982.01279 1806.99717  8.83%   118 4740s
 255382 95422 1897.32091   65  120 1982.01279 1807.01888  8.83%   118 4745s
 255868 95488 infeasible   71      1982.01279 1807.03185  8.83%   118 4752s
 256030 95635 infeasible   64      1982.01279 1807.05935  8.83%   118 4757s
 256568 95684 1966.53765   65  247 1982.01279 1807.07022  8.83%   118 4764s
 256714 96032     cutoff   75      1982.01279 1807.07022  8.83%   118 4770s
 257568 96088     cutoff   60      1982.01279 1807.14723  8.82%   118 4776s
 257774 96387 infeasible   78      1982.01279 1807.16295  8.82%   118 4781s
 258599 96463 1889.32024   83  369 1982.01279 1807.21233  8.82%   118 4787s
 258740 96704 1889.78653   89  104 1982.01279 1807.21461  8.82%   118 4793s
 259292 96734 1940.48437   77  143 1982.01279 1807.24252  8.82%   118 4798s
 259457 96967 infeasible   62      1982.01279 1807.26365  8.82%   118 4804s
 259959 97010 1965.54320  101  203 1982.01279 1807.27179  8.82%   118 4814s
 260128 97257 infeasible   79      1982.01279 1807.29879  8.81%   118 4828s
 261072 97365 infeasible   83      1982.01279 1807.32860  8.81%   118 4834s
 261371 97687 1938.45029   74  186 1982.01279 1807.35965  8.81%   118 4841s
 262311 97727 infeasible   63      1982.01279 1807.41330  8.81%   118 4847s
 262497 97840 1820.67722   57  264 1982.01279 1807.42531  8.81%   118 4853s
 262755 97909 1903.31707   82  215 1982.01279 1807.43112  8.81%   118 4859s
 263025 98090 1820.84584   65  270 1982.01279 1807.45895  8.81%   118 4865s
 263500 98164 1956.82575   69  223 1982.01279 1807.47939  8.81%   119 4871s
 263751 98486 infeasible   70      1982.01279 1807.49810  8.80%   119 4877s
 264690 98522 1896.43542   81  205 1982.01279 1807.55457  8.80%   119 4883s
 264919 98794     cutoff   77      1982.01279 1807.56800  8.80%   119 4889s
 265649 98841 1808.49105   84  317 1982.01279 1807.60457  8.80%   119 4897s
 265833 99087 infeasible   56      1982.01279 1807.63350  8.80%   119 4902s
 266485 99119 1953.52826   66  418 1982.01279 1807.66538  8.80%   119 4907s
 266571 99229 1909.20267   65  112 1982.01279 1807.66538  8.80%   119 4912s
 266927 99339 1858.58099   72  399 1982.01279 1807.67852  8.80%   119 4918s
 267353 99399 1881.54654   61  259 1982.01279 1807.73450  8.79%   119 4924s
 267565 99683 infeasible   68      1982.01279 1807.74335  8.79%   119 4929s
 268222 99724 1944.77766   97   96 1982.01279 1807.78791  8.79%   119 4934s
 268378 99861 infeasible   71      1982.01279 1807.79968  8.79%   119 4939s
 268906 99910 1974.67939   71  120 1982.01279 1807.83929  8.79%   119 4945s
 269069 100171 infeasible   60      1982.01279 1807.86429  8.79%   119 4951s
 269805 100224 1869.16690   77  399 1982.01279 1807.88154  8.79%   119 4957s
 269963 100360 1881.15590   93  144 1982.01279 1807.88532  8.79%   119 4962s
 270283 100410 1848.14037   66  401 1982.01279 1807.91020  8.78%   119 4973s
 270479 100880 1928.25986   64  113 1982.01279 1807.94691  8.78%   119 4987s
 272049 100912 1967.88744   63  118 1982.01279 1808.02096  8.78%   119 4991s
 272233 100980 1948.63968   61  133 1982.01279 1808.04908  8.78%   119 4998s
 272414 101188 1941.56629   81  209 1982.01279 1808.06878  8.78%   119 5003s
 273057 101240 1914.59295   69  156 1982.01279 1808.10767  8.77%   119 5008s
 273169 101437 infeasible   81      1982.01279 1808.13096  8.77%   119 5013s
 273684 101451 1808.77173   64  139 1982.01279 1808.14262  8.77%   119 5018s
 273765 101474 1861.61932   67  222 1982.01279 1808.14262  8.77%   119 5022s
 273939 101717 infeasible   70      1982.01279 1808.15442  8.77%   119 5027s
 274526 101788 1927.91338   60  221 1982.01279 1808.16325  8.77%   119 5032s
 274728 102002 1902.71319   74  369 1982.01279 1808.19716  8.77%   119 5037s
 275387 102062 infeasible   74      1982.01279 1808.22258  8.77%   119 5042s
 275493 102334 1967.66179  104   65 1982.01279 1808.22258  8.77%   119 5047s
 276220 102399 1862.42910   75  343 1982.01279 1808.24548  8.77%   119 5052s
 276362 102658 1977.22767   82  275 1982.01279 1808.24548  8.77%   119 5056s
 277117 102706 1874.35162   62  209 1982.01279 1808.27416  8.77%   119 5060s
 277994 103015 1918.23893   69  196 1982.01279 1808.33140  8.76%   119 5068s
 278140 103271 1919.17497   76  192 1982.01279 1808.33140  8.76%   119 5072s
 278831 103317 1861.68866   61  293 1982.01279 1808.35206  8.76%   119 5076s
 278951 103556 1938.83771   68  263 1982.01279 1808.35567  8.76%   119 5080s
 279654 103805 infeasible   61      1982.01279 1808.39548  8.76%   119 5087s
 280163 103817 infeasible   62      1982.01279 1808.43002  8.76%   119 5091s
 280282 104054 1954.80172   80  115 1982.01279 1808.45360  8.76%   119 5095s
 280824 104079 infeasible   69      1982.01279 1808.47456  8.76%   119 5107s
 280985 104645 1896.43181   66  280 1982.01279 1808.48195  8.76%   119 5123s
 282356 104693     cutoff   83      1982.01279 1808.51636  8.75%   119 5128s
 282549 104780 infeasible   74      1982.01279 1808.53898  8.75%   119 5134s
 282780 105071 1964.95238   77   93 1982.01279 1808.54259  8.75%   119 5141s
 283624 105116 infeasible   87      1982.01279 1808.57697  8.75%   119 5147s
 283821 105143 infeasible   77      1982.01279 1808.60829  8.75%   119 5153s
 284032 105191     cutoff   93      1982.01279 1808.61847  8.75%   119 5159s
 284249 105468 1808.83718   70  336 1982.01279 1808.63387  8.75%   119 5166s
 285117 105546 infeasible   66      1982.01279 1808.66013  8.75%   119 5172s
 285345 105752 1938.51641   87  246 1982.01279 1808.68210  8.75%   119 5178s
 286053 105788 infeasible   53      1982.01279 1808.72743  8.74%   119 5183s
 286273 106038 1899.46333   69  161 1982.01279 1808.73515  8.74%   119 5187s
 287007 106063 1968.79388   83   79 1982.01279 1808.77078  8.74%   119 5192s
 287153 106204 1900.97197   52  165 1982.01279 1808.78395  8.74%   119 5197s
 287709 106228 infeasible   67      1982.01279 1808.82273  8.74%   119 5203s
 287848 106341 1953.92182   66  319 1982.01279 1808.84085  8.74%   119 5209s
 288176 106372 1902.60913   73  153 1982.01279 1808.86192  8.74%   119 5214s
 288412 106587 1975.03160   78   94 1982.01279 1808.88576  8.73%   119 5219s
 288944 106605 infeasible   71      1982.01279 1808.89859  8.73%   119 5225s
 289135 106730 1921.68726   59   68 1982.01279 1808.95382  8.73%   119 5231s
 289611 106803 1837.11322   53  162 1982.01279 1808.99405  8.73%   119 5237s
 289752 106888 1910.06668   67  148 1982.01279 1808.99590  8.73%   119 5242s
 290253 106917 1936.98089   69  352 1982.01279 1809.03350  8.73%   119 5247s
 290396 106996 infeasible   73      1982.01279 1809.04406  8.73%   120 5252s
 290687 107000 infeasible   67      1982.01279 1809.07191  8.73%   120 5257s
 290814 107164     cutoff   59      1982.01279 1809.08783  8.72%   120 5263s
 291330 107185 infeasible   58      1982.01279 1809.11338  8.72%   120 5274s
 291537 107602 1975.18141   67   62 1982.01279 1809.15097  8.72%   120 5286s
 292587 107660 1848.39467   76  241 1982.01279 1809.23547  8.72%   120 5291s
 292766 107664 1924.90025   84   86 1982.01279 1809.25450  8.72%   120 5296s
 292770 107665     cutoff   85      1982.01279 1809.25450  8.72%   120 5300s
 292777 107668 1925.51739   86  219 1982.01279 1809.25790  8.72%   120 5307s
 292782 107706 1924.90025   86   86 1982.01279 1809.25790  8.72%   120 5313s
 292869 107751     cutoff   87      1982.01279 1809.25790  8.72%   120 5320s
 293035 107803 1922.77251   82  171 1982.01279 1809.27387  8.72%   120 5328s
 293234 107937 1919.12013   83  204 1982.01279 1809.29490  8.71%   120 5336s
 293532 108366 1962.15411   75  179 1982.01279 1809.30648  8.71%   120 5343s
 294829 108415 1861.29123   60  245 1982.01279 1809.37137  8.71%   120 5350s
 294982 108697 infeasible   79      1982.01279 1809.37424  8.71%   120 5355s
 295829 109116 infeasible   56      1982.01279 1809.42973  8.71%   120 5365s
 296873 109420 infeasible   80      1982.01279 1809.47617  8.71%   120 5374s
 297570 109460 infeasible   66      1982.01279 1809.51830  8.70%   120 5379s
 297706 109712 infeasible   75      1982.01279 1809.52341  8.70%   120 5384s
 298329 109713 infeasible   71      1982.01279 1809.54667  8.70%   120 5388s
 298421 109750     cutoff   70      1982.01279 1809.54667  8.70%   120 5392s
 298520 109765 1884.59250   74   94 1982.01279 1809.57756  8.70%   120 5397s
 298606 109796 1885.98106   75  193 1982.01279 1809.58873  8.70%   120 5401s
 298746 109808 1884.77122   75   84 1982.01279 1809.58873  8.70%   120 5406s
 298804 109848 1884.77122   76   83 1982.01279 1809.58873  8.70%   120 5410s
 298922 109904 1885.47110   77  360 1982.01279 1809.60543  8.70%   120 5415s
 299100 110054     cutoff   89      1982.01279 1809.61526  8.70%   120 5420s
 299540 110315 1893.87074   60  320 1982.01279 1809.66007  8.70%   120 5425s
 300267 110391 infeasible   65      1982.01279 1809.70386  8.69%   120 5430s
 300473 110661 1957.98508   74  349 1982.01279 1809.71486  8.69%   120 5435s
 301352 110795 1863.58272   70  314 1982.01279 1809.75641  8.69%   119 5440s
 301626 111051 1920.52488   78  163 1982.01279 1809.76864  8.69%   119 5450s
 302365 111328 1865.70058   63  314 1982.01279 1809.86203  8.69%   120 5459s
 303134 111356 1912.26237   48   73 1982.01279 1809.91768  8.68%   119 5463s
 303253 111454 1863.40335   78   93 1982.01279 1809.92200  8.68%   119 5466s
 303571 111516 infeasible   70      1982.01279 1809.96458  8.68%   120 5470s
 304174 111590 infeasible   62      1982.01279 1810.00980  8.68%   120 5478s
 304273 111620 infeasible   60      1982.01279 1810.01601  8.68%   120 5483s
 304432 111852 1927.60513   57  281 1982.01279 1810.03546  8.68%   120 5488s
 305166 111902 1909.71821   63  325 1982.01279 1810.06115  8.68%   120 5493s
 305364 112084 1947.48833   69  108 1982.01279 1810.08211  8.67%   120 5497s
 305911 112088 infeasible   89      1982.01279 1810.11329  8.67%   120 5502s
 306052 112220 1909.82347   60  226 1982.01279 1810.13473  8.67%   120 5507s
 306554 112248 infeasible   77      1982.01279 1810.17148  8.67%   120 5512s
 306705 112539 1863.83969   81  160 1982.01279 1810.18613  8.67%   120 5516s
 307543 112560 1972.79135   66  271 1982.01279 1810.26561  8.67%   120 5521s
 307694 112820 1940.13103   68  236 1982.01279 1810.26780  8.67%   120 5525s
 308363 112875 1931.05799   70  224 1982.01279 1810.34501  8.66%   120 5530s
 309065 113107 infeasible   77      1982.01279 1810.37006  8.66%   120 5537s
 309195 113278 1866.79985   56  544 1982.01279 1810.38745  8.66%   120 5541s
 309737 113345 1957.49341   77  100 1982.01279 1810.43120  8.66%   120 5545s
 310758 113691 infeasible   72      1982.01279 1810.48681  8.65%   120 5554s
 310930 113774 1886.48614   64  104 1982.01279 1810.48681  8.65%   120 5558s
 311265 113971 1867.03199   65  294 1982.01279 1810.55767  8.65%   120 5562s
 311920 114024 1896.60016   56  348 1982.01279 1810.59969  8.65%   120 5574s
 312114 114576 1824.46277   36  309 1982.01279 1810.64953  8.65%   120 5587s
 313716 114612 1929.19727   55  238 1982.01279 1810.71939  8.64%   120 5592s
 313855 114656 infeasible   53      1982.01279 1810.73954  8.64%   120 5597s
 314010 114707 1971.57242   69  219 1982.01279 1810.73954  8.64%   120 5602s
 314190 114985 1948.42533   66  119 1982.01279 1810.81079  8.64%   120 5607s
 315002 115041 infeasible   63      1982.01279 1810.87099  8.63%   120 5611s
 315167 115190 1937.52125   40  125 1982.01279 1810.89841  8.63%   120 5615s
 315774 115226 infeasible   73      1982.01279 1810.94781  8.63%   120 5620s
 316629 115465 1837.23849   68  277 1982.01279 1811.01153  8.63%   120 5628s
 316799 115703 1941.38620   84  181 1982.01279 1811.01153  8.63%   120 5632s
 317367 115709     cutoff   64      1982.01279 1811.06185  8.63%   120 5637s
 317469 115828 1938.39350   73  136 1982.01279 1811.06461  8.62%   120 5642s
 317839 115837 1811.31694   52  247 1982.01279 1811.12579  8.62%   120 5646s
 317920 115912 infeasible   62      1982.01279 1811.12613  8.62%   120 5650s
 318299 115914 1947.06769   74  287 1982.01279 1811.16163  8.62%   120 5656s
 318447 116120 1815.79772   50   91 1982.01279 1811.17043  8.62%   120 5661s
 319030 116132 1943.60987   93  217 1982.01279 1811.21117  8.62%   120 5666s
 319148 116258 1873.84178   60  198 1982.01279 1811.25962  8.62%   120 5670s
 319602 116330 infeasible   43      1982.01279 1811.29577  8.61%   120 5675s
 320438 116577 infeasible   75      1982.01279 1811.37902  8.61%   120 5684s
 320610 116737 1883.79501   61  360 1982.01279 1811.41017  8.61%   120 5689s
 321143 116754 infeasible   79      1982.01279 1811.44182  8.61%   120 5692s
 321293 116890 1868.29203   55  279 1982.01279 1811.48185  8.60%   120 5696s
 321808 116926     cutoff   58      1982.01279 1811.58995  8.60%   120 5700s
 321951 117246 1906.65082   59  130 1982.01279 1811.62945  8.60%   120 5705s
 322729 117298 1930.19831   66  125 1982.01279 1811.69240  8.59%   120 5715s
 322948 117855 1954.08541   65  351 1982.01279 1811.72196  8.59%   120 5725s
 324815 117903 1954.16121   81  100 1982.01279 1811.87035  8.58%   120 5732s
 324967 117963 1852.95129   74  147 1982.01279 1811.88689  8.58%   120 5735s
 325280 118242 1915.27595   86  372 1982.01279 1811.91161  8.58%   120 5743s
 325989 118285 1826.40493   58  263 1982.01279 1811.95827  8.58%   119 5746s
 326076 118452 1948.21222   70  200 1982.01279 1811.96934  8.58%   120 5750s
 326787 118633 1939.02898   72  154 1982.01279 1812.02880  8.58%   119 5757s
 327168 118912 1928.31472   53  211 1982.01279 1812.05638  8.57%   119 5761s
 327961 118945 1863.17939   64  221 1982.01279 1812.07919  8.57%   119 5766s
 328061 119064 1863.22803   68  170 1982.01279 1812.08297  8.57%   119 5770s
 328582 119227 1900.42154   71  361 1982.01279 1812.13327  8.57%   119 5776s
 329034 119288 infeasible   49      1982.01279 1812.16773  8.57%   119 5780s
 329722 119451 1834.60750   72  391 1982.01279 1812.21389  8.57%   119 5789s
 329807 119492 1940.12739   90   97 1982.01279 1812.22597  8.57%   119 5794s
 329933 119638 1962.29080  101  198 1982.01279 1812.23103  8.57%   119 5799s
 330524 119642 infeasible   79      1982.01279 1812.28967  8.56%   119 5804s
 330593 119866 1904.61493   55  497 1982.01279 1812.30569  8.56%   119 5808s
 331267 119905 infeasible   70      1982.01279 1812.34394  8.56%   119 5813s
 331406 120055     cutoff   90      1982.01279 1812.37107  8.56%   119 5817s
 331784 120097 1881.05700   84  324 1982.01279 1812.40919  8.56%   119 5821s
 331949 120305 1959.66171   74   34 1982.01279 1812.45447  8.55%   119 5826s
 332400 120334 1969.02416   85   33 1982.01279 1812.48545  8.55%   119 5831s
 332523 120467 1889.93995   72  371 1982.01279 1812.49004  8.55%   119 5835s
 333559 120865 infeasible   71      1982.01279 1812.56955  8.55%   119 5850s
 333759 121457 1977.16911   71  247 1982.01279 1812.59629  8.55%   119 5864s
 335593 121481 infeasible   81      1982.01279 1812.73692  8.54%   119 5868s
 335732 121559 1934.03924   79  106 1982.01279 1812.76374  8.54%   119 5872s
 335914 121699 1897.38219   67  351 1982.01279 1812.79930  8.54%   119 5875s
 336714 121887 1933.66230   92  117 1982.01279 1812.90138  8.53%   119 5882s
 337203 121902 infeasible   60      1982.01279 1812.93927  8.53%   119 5887s
 337341 121923 1930.38117   59  200 1982.01279 1812.97763  8.53%   119 5890s
 337507 121980 infeasible   72      1982.01279 1813.00661  8.53%   119 5899s
 337600 122204 1870.54753   68  349 1982.01279 1813.02812  8.53%   119 5903s
 338216 122241 1918.17650   81  188 1982.01279 1813.02812  8.53%   119 5909s
 338298 122405 1972.69453   90  233 1982.01279 1813.03825  8.53%   119 5914s
 338831 122441 1936.51028   72  140 1982.01279 1813.10080  8.52%   119 5918s
 338984 122655 1932.66194   63  158 1982.01279 1813.15615  8.52%   119 5923s
 339572 122663 infeasible   53      1982.01279 1813.21960  8.52%   119 5928s
 339652 122887 1821.65799   61  109 1982.01279 1813.22238  8.52%   119 5933s
 340164 122961 1863.14950   61   98 1982.01279 1813.31401  8.51%   119 5937s
 340431 123097 1885.51986   60  281 1982.01279 1813.37170  8.51%   119 5941s
 341057 123137 1953.09714   78  292 1982.01279 1813.43363  8.51%   119 5945s
 341822 123435 1919.42194   56  350 1982.01279 1813.53263  8.50%   119 5953s
 341980 123567 1828.56112   72  216 1982.01279 1813.53619  8.50%   119 5956s
 342500 123621 infeasible   87      1982.01279 1813.56111  8.50%   119 5960s
 342643 123897 1945.91805   61   64 1982.01279 1813.59787  8.50%   119 5965s
 343419 124296 infeasible   65      1982.01279 1813.64669  8.49%   119 5975s
 344317 124415 1832.24418   59  162 1982.01279 1813.68224  8.49%   119 5985s
 344694 124712 1895.24971   51  245 1982.01279 1813.72331  8.49%   119 5992s
 345677 124751 1865.78609   69  166 1982.01279 1813.85775  8.48%   119 5995s
 346360 125029 infeasible   64      1982.01279 1813.93533  8.48%   119 6003s
 346489 125238 1934.22413   63   84 1982.01279 1813.95927  8.48%   119 6008s
 347162 125251 1976.53532   65  169 1982.01279 1814.02923  8.48%   119 6012s
 347303 125488 infeasible   44      1982.01279 1814.06229  8.47%   119 6015s
 348070 125752     cutoff   82      1982.01279 1814.13171  8.47%   119 6022s
 348924 125779 infeasible   68      1982.01279 1814.19241  8.47%   118 6026s
 349489 125876     cutoff   76      1982.01279 1814.25433  8.46%   118 6033s
 349575 125894 1946.63039   49  200 1982.01279 1814.29521  8.46%   118 6037s
 349640 126126 1945.40597   54  290 1982.01279 1814.29621  8.46%   119 6040s
 350340 126275     cutoff   80      1982.01279 1814.38747  8.46%   118 6047s
 351003 126408 1924.64722   80  306 1982.01279 1814.49673  8.45%   118 6053s
 351409 126422 1940.38851   64  305 1982.01279 1814.56549  8.45%   118 6057s
 351505 126462 1934.09889   86  122 1982.01279 1814.59269  8.45%   118 6061s
 351884 126678 1979.96636   78  199 1982.01279 1814.69351  8.44%   118 6068s
 352556 126672 1860.96150   51  111 1982.01279 1814.73515  8.44%   118 6072s
 352637 126753 infeasible   55      1982.01279 1814.81028  8.44%   118 6077s
 352931 126975 1815.37996   70  254 1982.01279 1814.84226  8.43%   118 6080s
 353672 127017 1965.61504   71  232 1982.01279 1814.86963  8.43%   118 6085s
 354515 127271 infeasible   68      1982.01279 1814.97241  8.43%   118 6092s
 354612 127598 infeasible   54      1982.01279 1814.97241  8.43%   118 6103s
 355563 127604 1952.82189   65  276 1982.01279 1815.02637  8.43%   118 6105s
 355629 127646 1817.62211   50  128 1982.01279 1815.03534  8.42%   118 6111s
 355799 127740     cutoff   80      1982.01279 1815.03938  8.42%   118 6118s
 355998 128014 1930.83287   71  111 1982.01279 1815.12214  8.42%   118 6121s
 356902 128149 1970.52558   55  274 1982.01279 1815.22044  8.42%   118 6129s
 357239 128300 infeasible   78      1982.01279 1815.25129  8.41%   118 6133s
 357691 128424 infeasible   45      1982.01279 1815.29555  8.41%   118 6137s
 358085 128547 1922.55827   59  168 1982.01279 1815.34944  8.41%   118 6142s
 358478 128702 1957.73369   62  188 1982.01279 1815.37020  8.41%   118 6146s
 358928 128727 1869.88744   37  297 1982.01279 1815.42748  8.40%   118 6150s
 359912 129110 infeasible   69      1982.01279 1815.52450  8.40%   118 6158s
 360012 129320 1870.37437   82  266 1982.01279 1815.52737  8.40%   118 6162s
 360506 129355 infeasible   64      1982.01279 1815.57452  8.40%   118 6166s
 360649 129589 1930.07177   72  130 1982.01279 1815.59085  8.40%   118 6170s
 361238 129621 1902.60035   40  198 1982.01279 1815.61576  8.40%   118 6175s
 362102 129890 infeasible   67      1982.01279 1815.70644  8.39%   117 6183s
 362264 130085 1904.38812   44  245 1982.01279 1815.76234  8.39%   117 6186s
 362865 130112 infeasible   61      1982.01279 1815.82266  8.38%   117 6190s
 363719 130395 infeasible   67      1982.01279 1815.92472  8.38%   117 6198s
 363875 130580 1912.63846   52  115 1982.01279 1815.94828  8.38%   117 6202s
 364529 130577 infeasible   69      1982.01279 1816.00384  8.38%   117 6205s
 365209 130791 1927.67107   62  117 1982.01279 1816.07285  8.37%   117 6220s
 365423 131689 1911.80231   77   58 1982.01279 1816.12598  8.37%   117 6233s
 367483 131711 1883.03569   64   71 1982.01279 1816.25761  8.36%   117 6237s
 367557 131769 1867.45315   58  194 1982.01279 1816.27396  8.36%   117 6240s
 367804 132050 1962.23488   52   35 1982.01279 1816.32169  8.36%   117 6247s
 368522 132090 1884.17466   62   52 1982.01279 1816.32880  8.36%   117 6251s
 369151 132264 infeasible   68      1982.01279 1816.40429  8.36%   117 6256s
 369794 132391 infeasible   68      1982.01279 1816.44354  8.35%   117 6262s
 369876 132589 1934.10262   61  260 1982.01279 1816.49100  8.35%   117 6266s
 370607 132787 1873.68202   63  360 1982.01279 1816.52052  8.35%   117 6272s
 370983 132806 infeasible   56      1982.01279 1816.54915  8.35%   117 6276s
 371092 132885     cutoff   56      1982.01279 1816.55996  8.35%   117 6280s
 371672 133077 1925.17982   82   90 1982.01279 1816.59946  8.35%   117 6287s
 372044 133160 1977.04670   79   21 1982.01279 1816.65821  8.34%   117 6291s
 372544 133224 1938.64030   77  230 1982.01279 1816.71459  8.34%   117 6297s
 372662 133317 1893.79586   40  108 1982.01279 1816.72551  8.34%   117 6301s
 373143 133696 1955.93585   62  336 1982.01279 1816.77279  8.34%   117 6308s
 373972 133754 1919.65579   43  141 1982.01279 1816.83298  8.33%   117 6311s
 374117 134006 1911.69837   50  316 1982.01279 1816.84840  8.33%   117 6315s
 374928 134393     cutoff   38      1982.01279 1816.93500  8.33%   116 6322s
 375840 134425     cutoff   89      1982.01279 1816.98342  8.33%   116 6333s
 376052 135433 infeasible   53      1982.01279 1817.01101  8.32%   116 6344s
 378448 135446 1955.78473   64  140 1982.01279 1817.11745  8.32%   116 6347s
 378578 135496 infeasible   76      1982.01279 1817.14995  8.32%   116 6352s
 378685 135698 1839.62554   39  110 1982.01279 1817.18787  8.32%   116 6355s
 379286 135966 1870.98706   48  313 1982.01279 1817.22872  8.31%   116 6361s
 380088 136084 1964.96712   54   64 1982.01279 1817.33664  8.31%   116 6367s
 380399 136095 infeasible   64      1982.01279 1817.36759  8.31%   116 6370s
 380539 136179 1979.47663   58  283 1982.01279 1817.37914  8.31%   116 6377s
 380890 136176 infeasible   39      1982.01279 1817.39067  8.31%   116 6382s
 380954 136303 1910.86976   64  231 1982.01279 1817.41331  8.30%   116 6386s
 381504 136404 1921.31170   48  287 1982.01279 1817.48383  8.30%   116 6390s
 381962 136631 1869.80942   42  343 1982.01279 1817.57111  8.30%   116 6396s
 382564 136754 infeasible   40      1982.01279 1817.64979  8.29%   116 6402s
 382981 136800 infeasible   47      1982.01279 1817.70401  8.29%   116 6405s
 383678 137105 infeasible   62      1982.01279 1817.77423  8.29%   116 6412s
 383829 137292 infeasible   58      1982.01279 1817.79803  8.29%   116 6416s
 384426 137539 1951.50576   48  220 1982.01279 1817.84497  8.28%   116 6422s
 384765 137579     cutoff   60      1982.01279 1817.84931  8.28%   116 6426s
 385654 137949 infeasible   68      1982.01279 1817.85548  8.28%   116 6433s
 385794 138278 1899.77827   60  318 1982.01279 1817.85561  8.28%   116 6437s
 386572 138357 infeasible   89      1982.01279 1817.86295  8.28%   116 6447s
 386834 139007 infeasible   39      1982.01279 1817.88216  8.28%   116 6456s
 388456 139066 1871.47159   65   66 1982.01279 1817.92653  8.28%   115 6462s
 388562 139193 1902.63632   69  238 1982.01279 1817.94672  8.28%   115 6466s
 388962 139268 1900.14631   65  212 1982.01279 1817.95712  8.28%   115 6470s
 389705 139575 1817.97769   73  246 1982.01279 1817.96552  8.28%   115 6478s
 389716 139610 1818.82158   75  228 1982.01279 1817.96644  8.28%   115 6482s
 389832 139978 1903.77479   70  249 1982.01279 1817.96749  8.28%   115 6486s
 390738 140107 1820.98660   44  245 1982.01279 1817.96760  8.28%   115 6490s
 391636 140604 infeasible   50      1982.01279 1818.01213  8.27%   115 6497s
 392111 140667 1818.55265   65  256 1982.01279 1818.01684  8.27%   115 6501s
 392784 140897 infeasible   70      1982.01279 1818.07167  8.27%   115 6508s
 392987 140952 1893.22084   67  141 1982.01279 1818.08277  8.27%   115 6511s
 393238 140962 infeasible   54      1982.01279 1818.09594  8.27%   115 6515s
 393774 141146 infeasible   55      1982.01279 1818.11863  8.27%   115 6521s
 393882 141368     cutoff   64      1982.01279 1818.13134  8.27%   115 6525s
 394510 141544 1823.65775   52  224 1982.01279 1818.14945  8.27%   115 6531s
 395013 141605 1962.20996   70   36 1982.01279 1818.18622  8.27%   115 6535s
 395774 141952 1818.43797   38  283 1982.01279 1818.24703  8.26%   115 6543s
 395937 142175 1967.18551   65   19 1982.01279 1818.24703  8.26%   115 6546s
 396558 142276 infeasible   81      1982.01279 1818.29567  8.26%   115 6550s
 396965 142360 1904.48280   56  132 1982.01279 1818.35352  8.26%   115 6560s
 397227 143052 infeasible   47      1982.01279 1818.38128  8.26%   115 6571s
 399107 143115 1820.89409   59  331 1982.01279 1818.45632  8.25%   115 6577s
 399255 143146 1900.68056   38   58 1982.01279 1818.50359  8.25%   115 6580s
 400211 143532 1865.05678   60  231 1982.01279 1818.58441  8.25%   115 6586s
 400760 143714 1883.39305   95  185 1982.01279 1818.61485  8.24%   115 6593s
 400804 143722 1937.87031   80  181 1982.01279 1818.61485  8.24%   115 6596s
 400861 143760 1956.90034   54   67 1982.01279 1818.61485  8.24%   115 6600s
 401232 143828 1954.61682   56   34 1982.01279 1818.61488  8.24%   115 6606s
 401519 144239 1949.28935   71   42 1982.01279 1818.62308  8.24%   115 6613s
 402332 144371 1818.71697   44  270 1982.01279 1818.67620  8.24%   114 6616s
 402539 144590 1855.63144   46  307 1982.01279 1818.67839  8.24%   114 6620s
 403071 144633 1957.09540   72  163 1982.01279 1818.72037  8.24%   114 6625s
 403443 144929 infeasible   61      1982.01279 1818.73162  8.24%   114 6632s
 404118 144988 infeasible   51      1982.01279 1818.74993  8.24%   114 6635s
 404882 145273 1864.19523   40  159 1982.01279 1818.78499  8.24%   114 6641s
 405024 145565 1888.87770   48  218 1982.01279 1818.80015  8.23%   114 6645s
 405832 145824 1883.36567   78  190 1982.01279 1818.82308  8.23%   114 6653s
 406352 145907 infeasible   80      1982.01279 1818.82308  8.23%   114 6656s
 406823 146042 1878.09828   48  346 1982.01279 1818.89424  8.23%   114 6664s
 406983 146232 1898.64292   81   25 1982.01279 1818.93093  8.23%   114 6667s
 407546 146351 1944.95309   59   92 1982.01279 1818.96479  8.23%   114 6676s
 407914 147016 1881.67156   54  307 1982.01279 1818.98935  8.23%   114 6683s
 409285 147043 1892.98372   66   71 1982.01279 1819.04845  8.22%   114 6686s
 410065 147458 infeasible   65      1982.01279 1819.09637  8.22%   114 6692s
 410152 147636     cutoff   61      1982.01279 1819.09715  8.22%   114 6695s
 410757 147837 1969.44064   48  122 1982.01279 1819.11729  8.22%   114 6700s
 411269 148021 infeasible   54      1982.01279 1819.13373  8.22%   114 6705s
 411803 148241 1889.08779   48  468 1982.01279 1819.16850  8.22%   114 6712s
 412206 148242 1867.55273   54  143 1982.01279 1819.18643  8.22%   114 6715s
 412337 148499 1893.24391   56  110 1982.01279 1819.19834  8.21%   114 6721s
 413090 148697 1980.84216   96   50 1982.01279 1819.22738  8.21%   114 6727s
 413910 149182 1923.31170   43  215 1982.01279 1819.25042  8.21%   113 6732s
 415057 149402 1945.52288   59  368 1982.01279 1819.31070  8.21%   113 6737s
 415630 149647     cutoff   61      1982.01279 1819.33548  8.21%   113 6742s
 416067 149681 1932.60374   47  354 1982.01279 1819.36056  8.21%   113 6745s
 416925 150097 infeasible   47      1982.01279 1819.40597  8.20%   113 6750s
 417632 150385 1908.46857   56   60 1982.01279 1819.43975  8.20%   113 6756s
 418414 150814 1944.01031   57  166 1982.01279 1819.48757  8.20%   113 6769s
 418687 151664 1866.95992   53  105 1982.01279 1819.50171  8.20%   113 6779s
 420704 151713 infeasible   76      1982.01279 1819.51683  8.20%   112 6782s
 420840 151833 1823.97323   68   56 1982.01279 1819.51683  8.20%   112 6785s
 421848 152211 infeasible   69      1982.01279 1819.57636  8.20%   112 6790s
 422553 152503 1896.26976   73  205 1982.01279 1819.60890  8.19%   112 6795s
 423627 153033     cutoff   68      1982.01279 1819.63404  8.19%   112 6802s
 424191 153217 1861.97534   52   37 1982.01279 1819.65464  8.19%   112 6806s
 424804 153439     cutoff   71      1982.01279 1819.68758  8.19%   112 6812s
 424884 153560 1927.31194   65  265 1982.01279 1819.69174  8.19%   112 6815s
 425415 153784 1879.24492   53  126 1982.01279 1819.71296  8.19%   112 6820s
 426379 154089     cutoff   65      1982.01279 1819.74934  8.19%   112 6827s
 426511 154372 1824.40553   44  224 1982.01279 1819.75691  8.19%   112 6830s
 427745 154645 1929.55127   68  236 1982.01279 1819.81626  8.18%   112 6836s
 428370 154968 1820.32927   49  264 1982.01279 1819.83693  8.18%   112 6841s
 428692 155051     cutoff   73      1982.01279 1819.85463  8.18%   112 6853s
 428832 155760 1916.05086   47  309 1982.01279 1819.86156  8.18%   112 6869s
 430602 155824 1928.13328   54  156 1982.01279 1819.94531  8.18%   111 6874s
 430824 156141 1942.41872   45  168 1982.01279 1819.96392  8.18%   111 6879s
 431488 156250 1901.23951   66  122 1982.01279 1819.96401  8.18%   111 6883s
 431746 156605 infeasible   68      1982.01279 1819.98307  8.18%   111 6887s
 432417 156632 infeasible   82      1982.01279 1820.02062  8.17%   111 6892s
 432506 156800 1876.09206   64  262 1982.01279 1820.02062  8.17%   111 6896s
 433063 156905 infeasible   51      1982.01279 1820.03910  8.17%   111 6900s
 434325 157575 infeasible   72      1982.01279 1820.07282  8.17%   111 6908s
 434858 157638 1900.91653   49  115 1982.01279 1820.10639  8.17%   111 6911s
 435027 158002 1962.43129   61  146 1982.01279 1820.12357  8.17%   111 6915s
 435966 158042 infeasible   51      1982.01279 1820.13996  8.17%   111 6922s
 436065 158328 infeasible   52      1982.01279 1820.13996  8.17%   111 6925s
 436840 158701 1909.38239   81  277 1982.01279 1820.17504  8.17%   111 6932s
 437624 158756 infeasible   57      1982.01279 1820.20544  8.16%   111 6936s
 438449 159088 1820.58980   50  240 1982.01279 1820.25549  8.16%   111 6942s
 438545 159280 1899.92575   51  193 1982.01279 1820.27143  8.16%   111 6945s
 438988 159419 1947.11669   58   94 1982.01279 1820.29137  8.16%   110 6955s
 439413 159659 infeasible   74      1982.01279 1820.29522  8.16%   111 6960s
 440491 160093 1827.51666   45  336 1982.01279 1820.34285  8.16%   110 6969s
 441246 160137     cutoff   94      1982.01279 1820.37014  8.16%   110 6973s
 441386 160457 infeasible   48      1982.01279 1820.38297  8.15%   110 6977s
 442134 160526 infeasible   46      1982.01279 1820.42290  8.15%   110 6980s
 442797 160870 1963.86920   77   62 1982.01279 1820.44255  8.15%   110 6988s
 443079 160904 1963.86920   78   68 1982.01279 1820.44463  8.15%   110 6993s
 443177 160938 infeasible   78      1982.01279 1820.45747  8.15%   110 6997s
 443274 160974 1963.86920   80   67 1982.01279 1820.46060  8.15%   110 7001s
 443349 161032 infeasible   81      1982.01279 1820.46804  8.15%   110 7006s
 443473 161062 1963.86920   80   67 1982.01279 1820.47272  8.15%   110 7011s
 443654 161145 infeasible   82      1982.01279 1820.47272  8.15%   110 7018s
 443780 161200 infeasible   51      1982.01279 1820.48390  8.15%   110 7022s
 443900 161265 1918.64484   57  259 1982.01279 1820.49178  8.15%   110 7027s
 444076 161809 1829.62592   73  132 1982.01279 1820.50650  8.15%   110 7032s
 445303 161861 infeasible   61      1982.01279 1820.52635  8.15%   110 7037s
 445501 162259 1903.80978   56   91 1982.01279 1820.54468  8.15%   110 7041s
 446374 162345 1967.87085   78   37 1982.01279 1820.56516  8.15%   110 7045s
 446574 162766 1951.86909   84  115 1982.01279 1820.56668  8.15%   110 7050s
 447612 163184 1825.18224   46  254 1982.01279 1820.59312  8.14%   110 7058s
 448414 163261 1822.68496   61  279 1982.01279 1820.62073  8.14%   110 7062s
 448568 163742 1906.98230   67   51 1982.01279 1820.62073  8.14%   110 7065s
 449564 163891 1826.23894   39  185 1982.01279 1820.65973  8.14%   109 7076s
 449918 164443 infeasible   71      1982.01279 1820.67346  8.14%   109 7084s
 451253 164492 infeasible   45      1982.01279 1820.72146  8.14%   109 7087s
 451399 164888 1930.59320   71   79 1982.01279 1820.73943  8.14%   109 7090s
 452309 165101 1977.92489   68   40 1982.01279 1820.78502  8.13%   109 7096s
 452917 165285     cutoff   69      1982.01279 1820.81068  8.13%   109 7102s
 453218 165335 infeasible   45      1982.01279 1820.82171  8.13%   109 7105s
 453995 165680 infeasible   68      1982.01279 1820.83861  8.13%   109 7112s
 454121 165873 1912.12091   75  187 1982.01279 1820.84421  8.13%   109 7115s
 454933 166209 1920.63980   72  220 1982.01279 1820.85910  8.13%   109 7121s
 455759 166541 1863.22774   70  180 1982.01279 1820.88926  8.13%   109 7127s
 456374 166579 infeasible   63      1982.01279 1820.90247  8.13%   109 7131s
 456995 166770 1968.67057   59  130 1982.01279 1820.91714  8.13%   109 7137s
 457077 166914 1870.36435   60  294 1982.01279 1820.93126  8.13%   109 7142s
 457572 167039 infeasible   74      1982.01279 1820.95188  8.13%   109 7147s
 457895 167090 1954.11238   48  143 1982.01279 1820.95925  8.13%   109 7150s
 458802 167462 1942.27792   62   55 1982.01279 1820.98047  8.12%   109 7156s
 458943 167793 1934.88443   57  134 1982.01279 1820.98610  8.12%   109 7160s
 459705 168069 1861.64787   55   17 1982.01279 1821.01353  8.12%   109 7166s
 460290 168140 infeasible   71      1982.01279 1821.04359  8.12%   109 7175s
 460578 168538 1903.76903   58  348 1982.01279 1821.05678  8.12%   109 7183s
 461602 168569 1829.73969   66  154 1982.01279 1821.08896  8.12%   108 7187s
 461738 168911 1860.26673   36  129 1982.01279 1821.10006  8.12%   108 7192s
 462501 168976 infeasible   45      1982.01279 1821.13603  8.12%   108 7196s
 462639 169452 1967.94719   55  101 1982.01279 1821.13761  8.12%   108 7201s
 463800 169929 1970.52911   69   59 1982.01279 1821.16249  8.12%   108 7207s
 464545 170156 1980.21848   49  152 1982.01279 1821.17755  8.11%   108 7211s
 465126 170462 1935.22815   56  233 1982.01279 1821.19380  8.11%   108 7217s
 465781 170717 1878.41193   51  311 1982.01279 1821.24385  8.11%   108 7222s
 466416 170772 1897.50524   54   54 1982.01279 1821.26051  8.11%   108 7225s
 467167 171036 infeasible   83      1982.01279 1821.28399  8.11%   108 7231s
 467883 171367 1823.74963   45  231 1982.01279 1821.31111  8.11%   108 7237s
 468030 171554 1944.82080   66   26 1982.01279 1821.31111  8.11%   108 7240s
 468713 171910 1883.67722   64  226 1982.01279 1821.34141  8.11%   108 7247s
 469383 171974 infeasible   82      1982.01279 1821.37710  8.10%   108 7251s
 469962 172180     cutoff   97      1982.01279 1821.40373  8.10%   108 7257s
 470118 172414 1969.53174   56  139 1982.01279 1821.41466  8.10%   108 7260s
 470754 172498 infeasible   82      1982.01279 1821.43229  8.10%   108 7270s
 471052 173111 1893.65661   68  247 1982.01279 1821.45898  8.10%   108 7279s
 472348 173146 1892.36236   67  288 1982.01279 1821.50694  8.10%   108 7282s
 472436 173195 1910.01248   67  131 1982.01279 1821.51200  8.10%   108 7285s
 473260 173473 infeasible   70      1982.01279 1821.54898  8.10%   108 7292s
 473326 173475 1902.56705   69  314 1982.01279 1821.55235  8.10%   108 7296s
 473336 173486 1839.30292   73  289 1982.01279 1821.55345  8.10%   108 7302s
 473347 173497 1902.15565   73  262 1982.01279 1821.55345  8.10%   108 7305s
 473478 173566 1841.88198   76  333 1982.01279 1821.55380  8.10%   108 7312s
 473576 173631 infeasible   41      1982.01279 1821.55705  8.10%   108 7316s
 473731 173677 1821.65935   65  304 1982.01279 1821.55705  8.10%   108 7320s
 473857 173749 1824.87421   57  250 1982.01279 1821.56485  8.10%   108 7325s
 474060 173939 1905.04024   77  134 1982.01279 1821.57534  8.09%   108 7330s
 474578 173963 1951.04267   54  198 1982.01279 1821.58222  8.09%   108 7335s
 474658 174168 1911.22121   52  121 1982.01279 1821.58222  8.09%   108 7340s
 475171 174190 infeasible   62      1982.01279 1821.60593  8.09%   108 7345s
 475271 174434 1903.36945   49  128 1982.01279 1821.61352  8.09%   108 7350s
 476072 174816 1969.39914   91   52 1982.01279 1821.64223  8.09%   107 7359s
 476753 174882 1898.38832   77   81 1982.01279 1821.65502  8.09%   107 7365s
 476983 175227 infeasible   59      1982.01279 1821.67985  8.09%   107 7370s
 477837 175307 1841.73212   58  276 1982.01279 1821.70306  8.09%   107 7375s
 478084 175783 1947.46445   84  119 1982.01279 1821.70666  8.09%   107 7380s
 479172 175921 1936.25209   70  327 1982.01279 1821.72640  8.09%   107 7385s
 479697 176122 1896.93365   58  113 1982.01279 1821.76458  8.09%   107 7394s
 480075 176365 1973.05326   78  121 1982.01279 1821.78385  8.08%   107 7398s
 480591 176585 1822.16455   66  239 1982.01279 1821.79698  8.08%   107 7402s
 481184 176676 1926.00218   56  129 1982.01279 1821.80604  8.08%   107 7413s
 481514 177361 infeasible   60      1982.01279 1821.83020  8.08%   107 7420s
 483331 177444 1970.74604   67   76 1982.01279 1821.89040  8.08%   107 7425s
 484208 177852 infeasible   55      1982.01279 1821.92624  8.08%   107 7432s
 484740 178037 1954.80556   57  205 1982.01279 1821.94345  8.08%   107 7436s
 485518 178298 infeasible   56      1982.01279 1821.97908  8.07%   107 7442s
 486001 178469 1933.68960   57  177 1982.01279 1821.99747  8.07%   107 7446s
 486758 178706 infeasible   64      1982.01279 1822.02798  8.07%   106 7453s
 486841 178909 infeasible   68      1982.01279 1822.03359  8.07%   106 7455s
 487397 178994 1822.17467   69  239 1982.01279 1822.06984  8.07%   106 7461s
 487894 179182 infeasible   45      1982.01279 1822.08389  8.07%   106 7466s
 488633 179467 1835.64883   62  201 1982.01279 1822.10906  8.07%   106 7472s
 488776 179740     cutoff   76      1982.01279 1822.10910  8.07%   106 7475s
 489475 180004 1823.20603   56  231 1982.01279 1822.12134  8.07%   106 7480s
 490122 180270 1961.39885   79   49 1982.01279 1822.13726  8.07%   106 7485s
 490811 180526 1929.99304   47   76 1982.01279 1822.14955  8.07%   106 7491s
 491351 180809 1902.61074   71  245 1982.01279 1822.15934  8.07%   106 7497s
 492033 180942 1823.60302   78  310 1982.01279 1822.17542  8.06%   106 7508s
 492465 181344 1946.80601   54  202 1982.01279 1822.19798  8.06%   106 7514s
 493500 181369 1918.44240   59  122 1982.01279 1822.21963  8.06%   106 7517s
 493631 181597 1894.72597   56  176 1982.01279 1822.23314  8.06%   106 7522s
 494151 181616     cutoff   71      1982.01279 1822.25366  8.06%   106 7525s
 494733 181857 1978.56392   72   69 1982.01279 1822.26894  8.06%   106 7531s
 494869 182152 1978.64812   74   37 1982.01279 1822.26894  8.06%   106 7535s
 495779 182496 1951.78555   55   98 1982.01279 1822.31775  8.06%   106 7541s
 496570 182542 1958.52900   64   49 1982.01279 1822.33243  8.06%   106 7545s
 497273 182880 1969.96122   71  254 1982.01279 1822.36363  8.05%   106 7550s
 498086 183150 1938.84031   70   69 1982.01279 1822.39890  8.05%   106 7556s
 498851 183476 infeasible   56      1982.01279 1822.42383  8.05%   105 7561s
 499499 183675 1925.89596   46  381 1982.01279 1822.45496  8.05%   105 7566s
 500010 184087 1950.77864   69  228 1982.01279 1822.47332  8.05%   105 7572s
 500708 184125 infeasible   69      1982.01279 1822.49207  8.05%   105 7575s
 501384 184387 1879.38364   90  203 1982.01279 1822.50676  8.05%   105 7580s
 502122 184659 1881.66533   56  207 1982.01279 1822.54051  8.05%   105 7586s
 502352 185265 1822.56025   72  225 1982.01279 1822.54391  8.05%   105 7597s
 503726 185307 1877.79912   63  247 1982.01279 1822.57971  8.04%   105 7601s
 504169 185474 infeasible   57      1982.01279 1822.60740  8.04%   105 7605s
 504772 185792 1877.02316   66  223 1982.01279 1822.61180  8.04%   105 7610s
 505580 186203     cutoff   80      1982.01279 1822.63737  8.04%   105 7615s
 506108 186330 1981.73043   48   73 1982.01279 1822.65789  8.04%   105 7620s
 506253 186411 1941.34121   59   34 1982.01279 1822.66633  8.04%   105 7625s
 506522 186563 infeasible   77      1982.01279 1822.67075  8.04%   105 7631s
 506962 186851 1879.77610   86   33 1982.01279 1822.69455  8.04%   105 7637s
 507473 186902 1962.42037   83  104 1982.01279 1822.71563  8.04%   105 7640s
 508176 187241 infeasible   70      1982.01279 1822.74288  8.04%   105 7645s
 508671 187559 1906.05610   46  232 1982.01279 1822.77029  8.03%   105 7650s
 509428 187883 1825.54817   57  215 1982.01279 1822.79654  8.03%   105 7655s
 509956 187907 1828.38886   72  218 1982.01279 1822.82401  8.03%   105 7661s
 510449 188106 1901.53979   74  287 1982.01279 1822.84102  8.03%   105 7668s
 510522 188420 1958.74233   61  321 1982.01279 1822.85247  8.03%   105 7671s
 511352 188730 1925.43506   68   45 1982.01279 1822.88386  8.03%   105 7677s
 511902 188762 1912.91254   57   80 1982.01279 1822.89213  8.03%   105 7681s
 512509 189025 1824.44462   53  210 1982.01279 1822.91601  8.03%   105 7686s
 512653 189460 infeasible   56      1982.01279 1822.91891  8.03%   105 7697s
 513801 189495 1972.28206   60   97 1982.01279 1822.97410  8.02%   104 7702s
 513870 189552 1874.63440   71  170 1982.01279 1822.97461  8.02%   104 7705s
 514102 189933 1825.98180   50  215 1982.01279 1822.98188  8.02%   104 7711s
 514972 190115 1879.65189   74   70 1982.01279 1823.02051  8.02%   104 7717s
 515460 190191 1824.68749   60  241 1982.01279 1823.04983  8.02%   104 7720s
 516264 190584 infeasible   62      1982.01279 1823.07707  8.02%   104 7726s
 516472 190834 1927.17573   69  109 1982.01279 1823.09180  8.02%   104 7730s
 517172 191277 1961.68125  110  203 1982.01279 1823.12581  8.02%   104 7737s
 517960 191294 1923.12051   56  228 1982.01279 1823.14638  8.02%   104 7740s
 518595 191604 1972.70606   84   18 1982.01279 1823.17527  8.01%   104 7746s
 519216 191830 1969.94635   75  103 1982.01279 1823.19181  8.01%   104 7752s
 519368 192107 1919.12746   65  204 1982.01279 1823.19181  8.01%   104 7755s
 520401 192494 1977.51369   67   57 1982.01279 1823.21656  8.01%   104 7760s
 521100 192716 infeasible   63      1982.01279 1823.25629  8.01%   104 7766s
 521676 192995 1837.76039   72  379 1982.01279 1823.27512  8.01%   104 7772s
 522251 193047 1829.01089   47  217 1982.01279 1823.28120  8.01%   104 7775s
 522750 193292 infeasible   74      1982.01279 1823.31921  8.01%   104 7780s
 522969 193675 1950.84491   50  135 1982.01279 1823.32873  8.01%   104 7791s
 524065 193839 1970.74642   64  103 1982.01279 1823.35237  8.01%   104 7796s
 524794 194016 1929.31918   64  271 1982.01279 1823.38784  8.00%   104 7802s
 524907 194333 1962.24591   71   39 1982.01279 1823.38975  8.00%   104 7805s
 525843 194610 1876.73947   43  240 1982.01279 1823.42022  8.00%   104 7811s
 526602 194982 1906.66094   62   70 1982.01279 1823.44629  8.00%   104 7817s
 527288 195020 1865.92476   54  312 1982.01279 1823.47296  8.00%   103 7820s
 528022 195309 1978.34163   72  198 1982.01279 1823.49352  8.00%   103 7826s
 528709 195563 infeasible   47      1982.01279 1823.52119  8.00%   103 7832s
 528823 195804 1941.25259   56  155 1982.01279 1823.52895  8.00%   103 7835s
 529547 196128 1920.43641   67  235 1982.01279 1823.55928  7.99%   103 7841s
 530197 196430 1924.94317   83  197 1982.01279 1823.58136  7.99%   103 7846s
 530873 196562 1962.55999   65  221 1982.01279 1823.61262  7.99%   103 7851s
 531351 197074 1966.82277   75   38 1982.01279 1823.62193  7.99%   103 7856s
 532791 197547 1864.39642   62  103 1982.01279 1823.65024  7.99%   103 7861s
 533602 197813 1972.04140   54  101 1982.01279 1823.67073  7.99%   103 7874s
 533820 198804 1956.90163   49  153 1982.01279 1823.68410  7.99%   103 7886s
 536220 198937 infeasible   64      1982.01279 1823.74963  7.98%   103 7891s
 536720 199172 1958.66872   75  236 1982.01279 1823.76281  7.98%   103 7896s
 537275 199596 1940.68065   70  302 1982.01279 1823.78306  7.98%   103 7903s
 537902 199654 infeasible   62      1982.01279 1823.79565  7.98%   103 7906s
 538769 200059 1925.72899   67   72 1982.01279 1823.81830  7.98%   103 7911s
 539589 200383 1945.85469   64   67 1982.01279 1823.83939  7.98%   103 7917s
 539685 200736 1976.08792   64  121 1982.01279 1823.84186  7.98%   103 7920s
 540561 201161 1927.88262   52  271 1982.01279 1823.85077  7.98%   102 7926s
 541647 201349 1926.09360   66   72 1982.01279 1823.89464  7.98%   102 7931s
 542502 201777 1963.27750   86   76 1982.01279 1823.90469  7.98%   102 7936s
 543267 202260 1941.57401   58   66 1982.01279 1823.91550  7.98%   102 7941s
 543892 202698 1841.63071   70  358 1982.01279 1823.94671  7.98%   102 7953s
 544824 202746 1824.14543   60  227 1982.01279 1823.98215  7.97%   102 7959s
 544940 202910 1930.44447   70   81 1982.01279 1823.98295  7.97%   102 7962s
 545335 202931 1900.54536   78  142 1982.01279 1823.99365  7.97%   102 7965s
 546278 203351 infeasible   51      1982.01279 1824.00985  7.97%   102 7971s
 547073 203648 infeasible   66      1982.01279 1824.04555  7.97%   102 7976s
 547215 203980 1947.82768   56   44 1982.01279 1824.05303  7.97%   102 7980s
 548104 204314 infeasible   62      1982.01279 1824.08156  7.97%   102 7985s
 548845 204569 1965.56075   72  107 1982.01279 1824.10372  7.97%   102 7990s
 549313 204607 1928.91371   54  133 1982.01279 1824.11659  7.97%   102 7996s
 549555 204617 infeasible   51      1982.01279 1824.13191  7.97%   102 8001s
 549570 204621 1824.44934   53  242 1982.01279 1824.13414  7.97%   102 8007s
 549579 204623 1824.44934   55  242 1982.01279 1824.13414  7.97%   102 8011s
 549590 204631 1824.44934   57  242 1982.01279 1824.13420  7.97%   102 8015s
 549602 204643 1824.44935   60  241 1982.01279 1824.13420  7.97%   102 8021s
 549610 204651 1824.44936   62  239 1982.01279 1824.13420  7.97%   102 8026s
 549618 204659 1824.44938   64  239 1982.01279 1824.13420  7.97%   102 8030s
 549630 204669 1824.58712   67  239 1982.01279 1824.13420  7.97%   102 8036s
 549644 204673 1897.29657   68  191 1982.01279 1824.13420  7.97%   102 8041s
 549653 204680 1898.36207   67  129 1982.01279 1824.13420  7.97%   102 8045s
 549661 204688 1960.97370   69   33 1982.01279 1824.13420  7.97%   102 8051s
 549670 204694 1981.74886   71   12 1982.01279 1824.13420  7.97%   102 8055s
 549681 204699     cutoff   72      1982.01279 1824.13420  7.97%   102 8063s
 549686 204696     cutoff   73      1982.01279 1824.13869  7.97%   102 8066s
 549697 204694 1899.41986   46  123 1982.01279 1824.13869  7.97%   102 8074s
 549707 204696 1969.25252   46  100 1982.01279 1824.13869  7.97%   102 8076s
 549719 204701 1899.47170   48  120 1982.01279 1824.13869  7.97%   102 8081s
 549724 204711 1899.48599   49  117 1982.01279 1824.13869  7.97%   102 8085s
 549810 204753 1838.95515   56  208 1982.01279 1824.14606  7.96%   102 8091s
 549924 204811     cutoff   81      1982.01279 1824.14606  7.96%   102 8097s
 549974 204851 1942.76571   80   72 1982.01279 1824.15341  7.96%   102 8100s
 550056 204868 1824.75612   66  236 1982.01279 1824.15341  7.96%   102 8106s
 550194 204927     cutoff   54      1982.01279 1824.16288  7.96%   102 8113s
 550308 204971 1824.29769   56  227 1982.01279 1824.16404  7.96%   102 8117s
 550394 204979     cutoff   70      1982.01279 1824.17166  7.96%   102 8121s
 550443 205035     cutoff   60      1982.01279 1824.17576  7.96%   102 8125s
 550791 205187     cutoff   78      1982.01279 1824.18229  7.96%   102 8132s
 550954 205293 1864.30713   68  131 1982.01279 1824.18481  7.96%   102 8136s
 551178 205357 1824.38299   58  228 1982.01279 1824.18838  7.96%   102 8140s
 551567 205554     cutoff   78      1982.01279 1824.20275  7.96%   102 8146s
 551837 205612 infeasible   48      1982.01279 1824.20594  7.96%   101 8151s
 551990 205683 1952.59489   53  159 1982.01279 1824.20594  7.96%   101 8155s
 552158 205778 1969.55285   82   88 1982.01279 1824.22100  7.96%   101 8160s
 552409 205892 1965.91286   66   51 1982.01279 1824.23524  7.96%   101 8165s
 552634 205970 1913.17511   70  102 1982.01279 1824.24392  7.96%   101 8170s
 552868 206081 1884.80787   64  157 1982.01279 1824.24394  7.96%   101 8175s
 553161 206406 1976.97742   50  115 1982.01279 1824.24810  7.96%   101 8180s
 554255 207071     cutoff   61      1982.01279 1824.29588  7.96%   101 8194s
 555627 207097 1944.88279   49  194 1982.01279 1824.32737  7.96%   101 8196s
 556145 207310 1952.40301   49  260 1982.01279 1824.34968  7.95%   101 8200s
 556700 207541 1923.34277   49   87 1982.01279 1824.36081  7.95%   101 8205s
 557119 207718 1859.92954   53  482 1982.01279 1824.37683  7.95%   101 8210s
 558099 208004 infeasible   82      1982.01279 1824.39529  7.95%   101 8217s
 558648 208287 infeasible   70      1982.01279 1824.41602  7.95%   101 8222s
 559356 208553 infeasible   65      1982.01279 1824.43698  7.95%   101 8227s
 560253 209020 1892.17621   62   87 1982.01279 1824.45932  7.95%   101 8232s
 561037 209321 1885.02270   60   87 1982.01279 1824.48570  7.95%   101 8236s
 561795 209647 infeasible   87      1982.01279 1824.50110  7.95%   101 8241s
 562472 209972 1902.80075   51  105 1982.01279 1824.53996  7.95%   101 8246s
 563162 210229     cutoff   63      1982.01279 1824.56163  7.94%   101 8251s
 563745 210422 1932.41753   94  348 1982.01279 1824.58322  7.94%   101 8256s
 564328 210657 1970.77665   50  185 1982.01279 1824.60621  7.94%   101 8263s
 564439 210896 1971.82087   82  225 1982.01279 1824.60776  7.94%   101 8265s
 565105 211317     cutoff   78      1982.01279 1824.62496  7.94%   101 8275s
 566244 211588 1957.75146   52  137 1982.01279 1824.66654  7.94%   100 8281s
 566967 211794 infeasible   79      1982.01279 1824.68749  7.94%   100 8286s
 567464 211824 1834.62013   39  286 1982.01279 1824.70467  7.94%   100 8290s
 568029 212017 infeasible   88      1982.01279 1824.73836  7.94%   100 8296s
 568707 212241 infeasible   76      1982.01279 1824.75625  7.93%   100 8300s
 569429 212543 1866.77974   83  405 1982.01279 1824.78416  7.93%   100 8305s
 570329 212976 1953.82504   80   47 1982.01279 1824.80345  7.93%   100 8311s
 571182 213280 infeasible   47      1982.01279 1824.82881  7.93%   100 8317s
 571896 213631 1895.79299   74   77 1982.01279 1824.84442  7.93%   100 8322s
 572572 213913 1866.76394   53  216 1982.01279 1824.86353  7.93%   100 8326s
 572963 214243 1909.53461   68  173 1982.01279 1824.89307  7.93%   100 8331s
 573709 214558 1947.17453   49  203 1982.01279 1824.90448  7.93%   100 8336s
 574453 214884 infeasible   78      1982.01279 1824.93812  7.93%   100 8341s
 575192 215138 1952.46591   68  155 1982.01279 1824.96863  7.92%   100 8346s
 575801 215344 infeasible   88      1982.01279 1824.98404  7.92%   100 8356s
 576308 215936 1878.07202   48  251 1982.01279 1824.99786  7.92%   100 8360s
 577468 215995 1906.60272   64  130 1982.01279 1825.02569  7.92%   100 8366s
 578121 216329 1906.22938   58  151 1982.01279 1825.05789  7.92%   100 8372s
 578490 216704 1912.80056   77   78 1982.01279 1825.07927  7.92%   100 8375s
 579458 217180 1969.29390   57  233 1982.01279 1825.10312  7.92%  99.5 8380s
 580697 217456 1827.38325   59  227 1982.01279 1825.12325  7.92%  99.3 8385s
 580900 217714 1826.49865   56  253 1982.01279 1825.13474  7.92%  99.4 8390s
 581612 217992 1979.67133   70  289 1982.01279 1825.14127  7.91%  99.3 8396s
 582017 218075 1912.43954   51  185 1982.01279 1825.14446  7.91%  99.3 8402s
 582222 218173 1949.14633   80  111 1982.01279 1825.16175  7.91%  99.3 8405s
 582710 218307 1942.06612   75  171 1982.01279 1825.18952  7.91%  99.3 8410s
 583850 219071 1955.59850   67   51 1982.01279 1825.22883  7.91%  99.2 8416s
 584547 219085 1909.25619   65   85 1982.01279 1825.25674  7.91%  99.1 8420s
 585301 219404 infeasible   65      1982.01279 1825.28941  7.91%  99.1 8425s
 586093 219935 1958.39592   67   61 1982.01279 1825.31394  7.91%  99.0 8437s
 586446 220775 1948.79056   68  108 1982.01279 1825.31866  7.91%  99.0 8444s
 588232 220807 infeasible   49      1982.01279 1825.37941  7.90%  98.8 8446s
 588376 221148 1927.06350   57  147 1982.01279 1825.37941  7.90%  98.8 8452s
 589102 221487 1941.74917   56   83 1982.01279 1825.41167  7.90%  98.7 8456s
 589780 221834 1912.04924   52  133 1982.01279 1825.42706  7.90%  98.7 8461s
 590436 222159 infeasible   76      1982.01279 1825.44576  7.90%  98.6 8466s
 591276 222367 1892.57007   59  327 1982.01279 1825.46702  7.90%  98.5 8470s
 592122 222641 infeasible   54      1982.01279 1825.48315  7.90%  98.5 8477s
 592245 222943 1930.90202   82  110 1982.01279 1825.48677  7.90%  98.5 8480s
 593203 223182 1902.60857   66  101 1982.01279 1825.50291  7.90%  98.4 8485s
 594073 223550     cutoff   55      1982.01279 1825.52065  7.90%  98.3 8490s
 594896 224188 1825.65882   56  235 1982.01279 1825.54832  7.89%  98.3 8496s
 596079 224484 1907.08142   62  315 1982.01279 1825.55693  7.89%  98.2 8500s
 596639 225003 1858.72458   58   65 1982.01279 1825.56377  7.89%  98.1 8512s
 597325 225163 infeasible   64      1982.01279 1825.58089  7.89%  98.1 8516s
 598556 225630 infeasible   71      1982.01279 1825.59242  7.89%  98.0 8522s
 598708 225948 1870.42714   55  101 1982.01279 1825.60397  7.89%  98.0 8525s
 600218 226458 1959.61898   90   60 1982.01279 1825.62034  7.89%  97.9 8531s
 601200 226884 infeasible   70      1982.01279 1825.64576  7.89%  97.8 8537s
 601875 227192 1907.90670   62  166 1982.01279 1825.65882  7.89%  97.7 8542s
 602632 227521 infeasible   74      1982.01279 1825.67743  7.89%  97.7 8547s
 603477 228106 1949.64696   70   31 1982.01279 1825.68507  7.89%  97.6 8551s
 604101 228391 1913.82962   52  101 1982.01279 1825.70664  7.89%  97.5 8555s
 605341 228742 1971.11316   66   73 1982.01279 1825.72798  7.89%  97.5 8562s
 605438 228941 1965.85917   68  369 1982.01279 1825.73195  7.88%  97.5 8565s
 606429 229283 infeasible   69      1982.01279 1825.75235  7.88%  97.4 8572s
 607315 229738 infeasible   60      1982.01279 1825.77121  7.88%  97.3 8585s
 607723 230575 1947.77745   83   49 1982.01279 1825.77831  7.88%  97.3 8592s
 609613 230761 1887.86075   68   74 1982.01279 1825.82084  7.88%  97.1 8597s
 610092 231038 1929.41622   64  144 1982.01279 1825.83428  7.88%  97.1 8602s
 610780 231301 1948.29185   74   80 1982.01279 1825.84712  7.88%  97.1 8607s
 611493 231599 1945.22079   57  100 1982.01279 1825.86633  7.88%  97.0 8611s
 612048 231770 1889.84797   63  333 1982.01279 1825.87516  7.88%  97.0 8616s
 612574 232066 infeasible   75      1982.01279 1825.89945  7.88%  97.0 8621s
 613115 232073 infeasible   76      1982.01279 1825.92621  7.88%  96.9 8625s
 613686 232405 infeasible   78      1982.01279 1825.94028  7.87%  96.9 8631s
 614358 232813 1878.39480   65  279 1982.01279 1825.95471  7.87%  96.9 8637s
 614818 232824 1909.01301   55  298 1982.01279 1825.96232  7.87%  96.8 8640s
 615440 233173 1869.34323   60  274 1982.01279 1825.97244  7.87%  96.8 8646s
 616241 233871     cutoff   45      1982.01279 1825.98415  7.87%  96.7 8652s
 617021 234047 1941.86731   58  326 1982.01279 1825.99732  7.87%  96.7 8657s
 617563 234482 infeasible   42      1982.01279 1826.01574  7.87%  96.7 8671s
 618736 234790 1957.44188   64  163 1982.01279 1826.05051  7.87%  96.6 8676s
 619557 234969 1963.04627   81  103 1982.01279 1826.07994  7.87%  96.5 8682s
 620060 235175 infeasible   68      1982.01279 1826.08570  7.87%  96.5 8687s
 620591 235413 infeasible   60      1982.01279 1826.11833  7.87%  96.5 8692s
 620924 235859 1904.26292   66  208 1982.01279 1826.12948  7.86%  96.5 8695s
 621900 236223 1979.21852   50  173 1982.01279 1826.15960  7.86%  96.4 8700s
 622759 236521 1913.51558   59  262 1982.01279 1826.18841  7.86%  96.3 8705s
 623571 236820     cutoff   66      1982.01279 1826.22144  7.86%  96.2 8710s
 624543 237056 1900.34213   75  295 1982.01279 1826.25463  7.86%  96.2 8716s
 625263 237368 infeasible   77      1982.01279 1826.26954  7.86%  96.1 8721s
 626050 237711 1972.43368   65  115 1982.01279 1826.29657  7.86%  96.1 8726s
 626366 237777 1906.09745   55  201 1982.01279 1826.31622  7.86%  96.1 8731s
 627058 238182 1826.72633   67  225 1982.01279 1826.33413  7.85%  96.0 8736s
 627715 238354 1894.02589   78  183 1982.01279 1826.35532  7.85%  96.0 8741s
 627830 238924 1895.55076   52  119 1982.01279 1826.36201  7.85%  96.0 8750s
 629280 239180 1846.77937   78  388 1982.01279 1826.39959  7.85%  95.9 8756s
 629777 239350 1827.56700   63  303 1982.01279 1826.41231  7.85%  95.9 8760s
 630152 239559     cutoff   69      1982.01279 1826.41839  7.85%  95.9 8766s
 630702 239899 1828.21475   57  212 1982.01279 1826.46506  7.85%  95.9 8771s
 631460 240117 1925.77432   49  102 1982.01279 1826.47923  7.85%  95.8 8775s
 631982 240332 1893.85740   52  364 1982.01279 1826.49901  7.85%  95.8 8780s
 632688 240813 1958.84963   79   83 1982.01279 1826.51737  7.85%  95.8 8785s
 633873 241106 1927.96548   67  314 1982.01279 1826.54265  7.84%  95.7 8791s
 634741 241457 infeasible   64      1982.01279 1826.55348  7.84%  95.6 8797s
 634933 241627 1827.28263   64  226 1982.01279 1826.56306  7.84%  95.6 8800s
 635842 241858 1936.65292   60   50 1982.01279 1826.58267  7.84%  95.6 8805s
 636706 242315     cutoff   78      1982.01279 1826.60952  7.84%  95.5 8812s
 637250 242339 infeasible   52      1982.01279 1826.63344  7.84%  95.5 8816s
 637923 242697 infeasible   70      1982.01279 1826.65345  7.84%  95.5 8820s
 638083 243199 1907.84004   96  107 1982.01279 1826.65345  7.84%  95.4 8829s
 639186 243198 infeasible   75      1982.01279 1826.67503  7.84%  95.4 8832s
 639262 243282 1968.96633   69   50 1982.01279 1826.67503  7.84%  95.4 8837s
 639360 243515 1828.68276   69  287 1982.01279 1826.67503  7.84%  95.4 8840s
 639949 243803 1942.61611   79  302 1982.01279 1826.70307  7.84%  95.3 8845s
 640714 244061 infeasible   71      1982.01279 1826.72684  7.83%  95.3 8850s
 641267 244212 1837.82039   73  207 1982.01279 1826.75582  7.83%  95.3 8856s
 641773 244538 infeasible   70      1982.01279 1826.77068  7.83%  95.3 8862s
 642389 244557 infeasible   63      1982.01279 1826.79000  7.83%  95.3 8865s
 643019 244739 1877.90678   62  245 1982.01279 1826.80881  7.83%  95.2 8872s
 643122 244965 1932.41013   72  187 1982.01279 1826.80881  7.83%  95.2 8875s
 643778 245308 1901.38393   51  135 1982.01279 1826.85352  7.83%  95.2 8881s
 644801 245507 infeasible   56      1982.01279 1826.89230  7.83%  95.2 8885s
 645724 245824 infeasible   54      1982.01279 1826.91688  7.83%  95.1 8891s
 646391 246104 1906.54645   64  242 1982.01279 1826.94189  7.82%  95.1 8896s
 646628 246148 1829.77879   54  260 1982.01279 1826.96995  7.82%  95.1 8900s
 647447 246468 1845.08131   61  307 1982.01279 1827.00237  7.82%  95.1 8905s
 648058 246733 1912.97825   59  183 1982.01279 1827.01058  7.82%  95.1 8911s
 648366 247286 1847.51741   78  116 1982.01279 1827.03845  7.82%  95.0 8921s
 649705 247380 1876.91902   66  176 1982.01279 1827.07429  7.82%  94.9 8925s
 650325 247544 1933.65905   57  132 1982.01279 1827.09408  7.82%  94.9 8930s
 651093 247857 infeasible  126      1982.01279 1827.11115  7.82%  94.9 8935s
 651781 248480 1887.37475   46  151 1982.01279 1827.13648  7.81%  94.8 8941s
 652476 248712 1870.33940   40   92 1982.01279 1827.14302  7.81%  94.8 8946s
 653475 248938 1920.07120   58  267 1982.01279 1827.16932  7.81%  94.7 8951s
 653959 249195 infeasible   67      1982.01279 1827.17801  7.81%  94.7 8956s
 654520 249371 infeasible   53      1982.01279 1827.18295  7.81%  94.7 8961s
 655275 249713 1903.69136   63  196 1982.01279 1827.20609  7.81%  94.6 8966s
 655981 250048 1833.17435   77  258 1982.01279 1827.21746  7.81%  94.6 8971s
 656699 250415 1867.50999   58  100 1982.01279 1827.23136  7.81%  94.6 8975s
 657408 250666 1832.07481   73  358 1982.01279 1827.24680  7.81%  94.5 8980s
 657987 250772 1917.90487   73  373 1982.01279 1827.28114  7.81%  94.5 8986s
 658457 251045 1975.53967   72   86 1982.01279 1827.29528  7.81%  94.5 8991s
 658994 251208 1950.68808   89  229 1982.01279 1827.30330  7.81%  94.4 8999s
 659346 251920 1828.65759   69  265 1982.01279 1827.31063  7.81%  94.4 9004s
 660838 251936 infeasible   75      1982.01279 1827.35892  7.80%  94.3 9006s
 661392 252147 1963.34286   88   67 1982.01279 1827.40558  7.80%  94.3 9010s
 661943 252371 infeasible   49      1982.01279 1827.42354  7.80%  94.3 9016s
 662810 252724 infeasible   75      1982.01279 1827.45969  7.80%  94.2 9022s
 663457 253028 infeasible   64      1982.01279 1827.47968  7.80%  94.2 9027s
 663799 253105 1942.58958   71   43 1982.01279 1827.49127  7.80%  94.2 9030s
 664872 253573 1981.14164   79   90 1982.01279 1827.52499  7.79%  94.1 9037s
 665060 253688 1929.55856   82  209 1982.01279 1827.52916  7.79%  94.1 9040s
 665514 253897     cutoff   78      1982.01279 1827.54694  7.79%  94.1 9045s
 666114 254165 infeasible   68      1982.01279 1827.54694  7.79%  94.0 9050s
 667329 254561 1923.72109   68   83 1982.01279 1827.60079  7.79%  94.0 9056s
 667902 254850 1841.21315   47  135 1982.01279 1827.62170  7.79%  94.0 9062s
 668290 254961 1913.16505   79  218 1982.01279 1827.62562  7.79%  93.9 9065s
 669204 255571     cutoff   85      1982.01279 1827.65206  7.79%  93.9 9077s
 669763 255869 1925.98675   80   88 1982.01279 1827.66790  7.79%  93.8 9081s
 670647 256158 1921.26698   69  323 1982.01279 1827.69649  7.79%  93.8 9086s
 671409 256490 1901.14164   59  116 1982.01279 1827.72150  7.78%  93.7 9093s
 672135 256612 infeasible   55      1982.01279 1827.73980  7.78%  93.7 9095s
 673008 256933 1946.23430   54   65 1982.01279 1827.75762  7.78%  93.6 9101s
 673763 257222 infeasible   66      1982.01279 1827.79195  7.78%  93.6 9105s
 674364 257536 1959.68104   68  111 1982.01279 1827.79864  7.78%  93.6 9110s
 675205 257867     cutoff   81      1982.01279 1827.83566  7.78%  93.5 9115s
 676036 258586 1847.58101   63  112 1982.01279 1827.86055  7.78%  93.5 9122s
 676744 258776     cutoff   75      1982.01279 1827.87906  7.78%  93.4 9127s
 677355 259090 1828.07421   63  252 1982.01279 1827.90478  7.78%  93.4 9131s
 678133 259393 1969.80965   76   44 1982.01279 1827.91703  7.77%  93.3 9136s
 678637 259487 1919.15716   71  307 1982.01279 1827.94282  7.77%  93.3 9140s
 678964 259571 1926.43761   71   96 1982.01279 1827.96028  7.77%  93.3 9145s
 679422 259983 1924.61185   56  127 1982.01279 1827.97116  7.77%  93.3 9157s
 680101 260267 1961.69377   71   75 1982.01279 1828.00263  7.77%  93.2 9161s
 681052 260492 infeasible   78      1982.01279 1828.02154  7.77%  93.1 9166s
 681620 260856 infeasible   69      1982.01279 1828.04461  7.77%  93.1 9171s
 682495 261186 1897.58593   71  127 1982.01279 1828.08307  7.77%  93.1 9176s
 683154 261464 1952.80877   72  108 1982.01279 1828.11109  7.76%  93.0 9181s
 683858 261693 1944.34858   40   44 1982.01279 1828.13462  7.76%  93.0 9186s
 684431 261937 1944.95066   69  154 1982.01279 1828.15575  7.76%  93.0 9192s
 685023 261984 1954.35145   70  226 1982.01279 1828.17643  7.76%  92.9 9195s
 685580 262184 infeasible   81      1982.01279 1828.19478  7.76%  92.9 9202s
 685689 262385 1962.15581   80   78 1982.01279 1828.20038  7.76%  92.9 9205s
 686371 262698 1887.09883   71  194 1982.01279 1828.22092  7.76%  92.9 9212s
 687014 262805 1962.35155   54   93 1982.01279 1828.22722  7.76%  92.9 9215s
 687632 263270 1881.89951   89  188 1982.01279 1828.25330  7.76%  92.8 9221s
 688370 263412 1894.48397   59  172 1982.01279 1828.27904  7.76%  92.8 9227s
 688823 263521 1950.57992   80  278 1982.01279 1828.30246  7.76%  92.8 9230s
 689551 263773 1884.76288   82  324 1982.01279 1828.33574  7.75%  92.7 9237s
 689678 264029 1865.93813   64  195 1982.01279 1828.34836  7.75%  92.7 9247s
 690335 264032 1897.99123   41  233 1982.01279 1828.36524  7.75%  92.7 9252s
 690398 264252 1923.53089   47   93 1982.01279 1828.37355  7.75%  92.8 9257s
 690966 264274 1914.27733   61  345 1982.01279 1828.41361  7.75%  92.7 9262s
 691077 264485 1850.45246   62  356 1982.01279 1828.41520  7.75%  92.8 9266s
 691594 264517 1931.29338   70  191 1982.01279 1828.43801  7.75%  92.8 9271s
 691732 264684 1959.35855   77   88 1982.01279 1828.44413  7.75%  92.8 9275s
 692277 264727 infeasible   66      1982.01279 1828.47855  7.75%  92.8 9280s
 692485 265011 1884.14049   73  196 1982.01279 1828.49058  7.75%  92.8 9285s
 693500 265289 1830.57989   75   92 1982.01279 1828.53621  7.74%  92.7 9295s
 694361 265406 infeasible   54      1982.01279 1828.57133  7.74%  92.7 9303s
 694566 265531 1836.53266   75  307 1982.01279 1828.58953  7.74%  92.7 9308s
 694978 265564 1962.08285   60   51 1982.01279 1828.60048  7.74%  92.7 9312s
 695104 265782 1978.31424   63  102 1982.01279 1828.61134  7.74%  92.7 9317s
 695796 265856 1939.02817   75  409 1982.01279 1828.63486  7.74%  92.7 9322s
 695933 266168 1930.98933   67  299 1982.01279 1828.64654  7.74%  92.7 9327s
 696683 266310 1966.01920   88    7 1982.01279 1828.68975  7.74%  92.7 9331s
 697250 266514     cutoff   74      1982.01279 1828.71380  7.73%  92.6 9338s
 697814 266589 1973.33677   82   71 1982.01279 1828.74511  7.73%  92.6 9343s
 698055 266877 1830.57719   46  268 1982.01279 1828.75640  7.73%  92.6 9347s
 698608 266935 infeasible   82      1982.01279 1828.78177  7.73%  92.6 9352s
 698739 267139 1962.83615   95  267 1982.01279 1828.78177  7.73%  92.6 9356s
 699247 267181 1931.01650   67   78 1982.01279 1828.82327  7.73%  92.6 9360s
 699399 267468 1965.33221   62   83 1982.01279 1828.82822  7.73%  92.6 9365s
 699995 267573 1900.21163   67  310 1982.01279 1828.84381  7.73%  92.6 9376s
 700272 268144 1949.15064   72   98 1982.01279 1828.86145  7.73%  92.6 9386s
 701721 268202 1828.98503   53  235 1982.01279 1828.90447  7.72%  92.5 9390s
 702191 268472 1959.68370   61   73 1982.01279 1828.93377  7.72%  92.5 9398s
 702491 268617     cutoff   63      1982.01279 1828.94660  7.72%  92.5 9402s
 702840 268677 1832.24034   47   51 1982.01279 1828.97234  7.72%  92.5 9407s
 703018 268839 1839.37003   42  283 1982.01279 1828.97737  7.72%  92.5 9412s
 703386 269157 1829.64399   56  219 1982.01279 1829.00286  7.72%  92.5 9417s
 703968 269250 1898.95326   72  252 1982.01279 1829.02074  7.72%  92.5 9421s
 704216 269588 1897.69502   62  171 1982.01279 1829.03244  7.72%  92.4 9426s
 705052 269711 1933.02322   68   55 1982.01279 1829.06698  7.72%  92.4 9431s
 705330 270069 1975.56917   66  184 1982.01279 1829.08134  7.72%  92.4 9435s
 706313 270495 1950.83631   66  119 1982.01279 1829.11311  7.71%  92.3 9442s
 706927 270719 1919.45986   61  390 1982.01279 1829.15558  7.71%  92.3 9447s
 707460 270824 1869.24605   50   44 1982.01279 1829.17606  7.71%  92.3 9451s
 707672 271004     cutoff   71      1982.01279 1829.18451  7.71%  92.3 9455s
 708095 271116 1932.88715   74  288 1982.01279 1829.20698  7.71%  92.3 9460s
 708505 271271 1927.83831   60  275 1982.01279 1829.22665  7.71%  92.3 9468s
 708784 271317     cutoff   69      1982.01279 1829.23274  7.71%  92.3 9474s
 708934 271429 1918.96715   65  148 1982.01279 1829.24110  7.71%  92.3 9478s
 709303 271521 1918.53322   56  131 1982.01279 1829.25021  7.71%  92.3 9482s
 709589 271845 1830.14158   59  225 1982.01279 1829.27333  7.71%  92.3 9487s
 710221 271990 1896.29346   69  135 1982.01279 1829.29962  7.70%  92.3 9499s
 710640 272520 1918.27576   74  190 1982.01279 1829.31084  7.70%  92.3 9505s
 711940 272811 1903.54089   68   36 1982.01279 1829.39581  7.70%  92.2 9511s
 712675 273066 1884.66397   62  209 1982.01279 1829.43360  7.70%  92.2 9518s
 713303 273118 1898.78767   60  139 1982.01279 1829.44708  7.70%  92.1 9521s
 713450 273323 1934.31810   59  205 1982.01279 1829.45927  7.70%  92.1 9525s
 714038 273709 1830.23549   66  245 1982.01279 1829.48569  7.70%  92.1 9532s
 714774 273772 1947.27980   72   80 1982.01279 1829.52753  7.69%  92.0 9535s
 715591 273998 1933.91067   80   87 1982.01279 1829.55846  7.69%  92.0 9542s
 715688 274262 1967.47352   76  221 1982.01279 1829.56017  7.69%  92.0 9545s
 716339 274577 1901.72871   66  143 1982.01279 1829.59235  7.69%  92.0 9552s
 716868 274598 1965.04624   70  327 1982.01279 1829.60607  7.69%  91.9 9555s
 717443 274857 1941.83602   59  187 1982.01279 1829.62041  7.69%  91.9 9560s
 717985 275104 infeasible   66      1982.01279 1829.64363  7.69%  91.9 9567s
 718102 275269 1939.00418   56  111 1982.01279 1829.65112  7.69%  91.9 9570s
 718618 275512 1909.54933   49  119 1982.01279 1829.67180  7.69%  91.9 9577s
 719092 275589 1846.42425   74  216 1982.01279 1829.67655  7.69%  91.9 9580s
 719674 275832 1948.48301   59   87 1982.01279 1829.70716  7.68%  91.9 9586s
 720254 276018 infeasible  102      1982.01279 1829.72215  7.68%  91.9 9592s
 720331 276078 1881.59522   61  113 1982.01279 1829.73818  7.68%  91.9 9596s
 720499 276262 1936.97906   58  223 1982.01279 1829.74691  7.68%  91.9 9606s
 721021 276278 infeasible   67      1982.01279 1829.76826  7.68%  91.9 9611s
 721140 276432 1873.71369   60  146 1982.01279 1829.78207  7.68%  91.9 9618s
 721553 276946 1873.61942   71  148 1982.01279 1829.79920  7.68%  91.9 9625s
 722811 277142 1844.05323   59  132 1982.01279 1829.86951  7.68%  91.9 9633s
 723186 277188 infeasible   90      1982.01279 1829.87125  7.68%  91.9 9637s
 723367 277513 1883.57024   64  224 1982.01279 1829.87789  7.68%  91.9 9641s
 724160 277526 1981.97970   71  220 1982.01279 1829.93437  7.67%  91.8 9646s
 724240 277752 1847.55741   41   76 1982.01279 1829.94415  7.67%  91.8 9650s
 724886 278004 1869.10152   59   96 1982.01279 1829.97993  7.67%  91.8 9658s
 725456 278085 1938.37917   61  167 1982.01279 1830.00349  7.67%  91.8 9661s
 726111 278456 1841.62896   74  245 1982.01279 1830.04735  7.67%  91.8 9666s
 726753 278708 1869.87882   70  223 1982.01279 1830.07950  7.67%  91.8 9672s
 727353 278781 1886.02010   79  215 1982.01279 1830.10927  7.66%  91.8 9675s
 728325 279103 infeasible   64      1982.01279 1830.14324  7.66%  91.7 9680s
 728382 279142 infeasible   65      1982.01279 1830.15484  7.66%  91.8 9685s
 728592 279266 1886.58115   68  233 1982.01279 1830.15715  7.66%  91.8 9690s
 729076 279482 1851.23128   73  118 1982.01279 1830.18547  7.66%  91.7 9697s
 729357 279623     cutoff   71      1982.01279 1830.20310  7.66%  91.7 9701s
 729698 279921 1916.46064   48  129 1982.01279 1830.21691  7.66%  91.7 9705s
 730564 280218 1934.89101   82   32 1982.01279 1830.25058  7.66%  91.7 9712s
 731057 280406 infeasible   77      1982.01279 1830.27095  7.66%  91.7 9721s
 731527 280589 infeasible   54      1982.01279 1830.27994  7.66%  91.7 9725s
 732531 281088 1973.52437   57  115 1982.01279 1830.30675  7.65%  91.6 9733s
 733304 281136 1884.88391   64  406 1982.01279 1830.32484  7.65%  91.6 9735s
 734146 281491 1959.21132   64  122 1982.01279 1830.35582  7.65%  91.5 9742s
 734252 281762 1918.71199   65  137 1982.01279 1830.36674  7.65%  91.5 9745s
 735590 282197     cutoff   84      1982.01279 1830.41113  7.65%  91.5 9751s
 736289 282506 1934.37333   87   76 1982.01279 1830.43231  7.65%  91.5 9756s
 736834 282769 1948.24887   68  105 1982.01279 1830.44953  7.65%  91.5 9761s
 737187 282883 1953.52017   63  148 1982.01279 1830.46390  7.65%  91.5 9766s
 737838 283161     cutoff   75      1982.01279 1830.49354  7.64%  91.5 9771s
 738534 283402 1957.98445   57   78 1982.01279 1830.52319  7.64%  91.4 9776s
 738664 283696 1911.36160   62  101 1982.01279 1830.54093  7.64%  91.4 9780s
 739477 283936 1967.13274   70   60 1982.01279 1830.57982  7.64%  91.4 9786s
 740209 284250 1830.73890   53  215 1982.01279 1830.60077  7.64%  91.4 9792s
 740758 284272 1937.64445   68  189 1982.01279 1830.61371  7.64%  91.3 9795s
 741389 284575 infeasible   39      1982.01279 1830.63625  7.64%  91.3 9807s
 741752 285089 1937.69329  105  197 1982.01279 1830.63793  7.64%  91.3 9812s
 742755 285152 1867.35513   53  289 1982.01279 1830.67610  7.64%  91.3 9816s
 743451 285446 1959.09747   97  209 1982.01279 1830.69881  7.63%  91.2 9823s
 743688 285625 1885.54096   63  305 1982.01279 1830.70604  7.63%  91.2 9826s
 744238 285920 1910.92703   69  223 1982.01279 1830.72208  7.63%  91.2 9833s
 744886 285941 infeasible   64      1982.01279 1830.74358  7.63%  91.2 9836s
 745005 286236 infeasible   67      1982.01279 1830.75256  7.63%  91.2 9840s
 745868 286413 1832.47233   56   89 1982.01279 1830.77213  7.63%  91.2 9845s
 746404 286702 1981.39825   70   62 1982.01279 1830.79892  7.63%  91.2 9851s
 747261 286845 1917.44398   62  432 1982.01279 1830.84838  7.63%  91.2 9857s
 747563 287115 infeasible   68      1982.01279 1830.87654  7.63%  91.2 9861s
 748212 287459 1916.67474   83  116 1982.01279 1830.89709  7.62%  91.2 9866s
 748882 287502 infeasible   77      1982.01279 1830.92362  7.62%  91.2 9872s
 749012 287706 1886.39129   74  154 1982.01279 1830.94186  7.62%  91.1 9875s
 749919 287862 infeasible   68      1982.01279 1831.00350  7.62%  91.1 9882s
 750056 288091 1958.83954   78   31 1982.01279 1831.00538  7.62%  91.1 9885s
 750755 288263 1876.21558   48  193 1982.01279 1831.03121  7.62%  91.1 9893s
 751220 288311 infeasible   69      1982.01279 1831.07965  7.62%  91.1 9897s
 751376 288544 1963.47888   62  306 1982.01279 1831.08924  7.61%  91.1 9901s
 751956 288605 infeasible   63      1982.01279 1831.11308  7.61%  91.1 9910s
 752233 289103 1881.68719   83  388 1982.01279 1831.15433  7.61%  91.1 9917s
 753490 289154 1977.68295   53   84 1982.01279 1831.21215  7.61%  91.1 9920s
 753773 289373 1969.53541   67  121 1982.01279 1831.22629  7.61%  91.1 9927s
 754319 289383 1964.67858   69  200 1982.01279 1831.25835  7.61%  91.1 9931s
 754355 289475 1903.82950   71   23 1982.01279 1831.26540  7.61%  91.1 9935s
 754947 289760     cutoff   82      1982.01279 1831.30615  7.60%  91.1 9943s
 755472 289876 1895.21567   54  192 1982.01279 1831.33420  7.60%  91.1 9946s
 755829 290198 1941.86133   62   97 1982.01279 1831.33845  7.60%  91.1 9950s
 756697 290513 1961.69168   64  185 1982.01279 1831.38295  7.60%  91.0 9958s
 757428 290558 1899.10880   64  217 1982.01279 1831.44608  7.60%  91.0 9963s
 757536 290810 1925.45188   66   48 1982.01279 1831.44968  7.60%  91.0 9966s
 758173 290893 1913.33195   74  112 1982.01279 1831.46541  7.60%  91.0 9970s
 758949 291232 1935.37919   58  369 1982.01279 1831.51345  7.59%  91.0 9977s
 759132 291465     cutoff  101      1982.01279 1831.53860  7.59%  91.0 9980s
 759906 291715     cutoff   75      1982.01279 1831.58062  7.59%  91.0 9987s
 760423 291759 1882.19765   75  217 1982.01279 1831.59228  7.59%  91.0 9991s
 761269 292135 1842.67567   77  440 1982.01279 1831.62630  7.59%  90.9 9998s
 761429 292525 1941.16454   82  239 1982.01279 1831.63032  7.59%  90.9 10001s
 762253 292636 1937.03973   85   38 1982.01279 1831.67348  7.59%  90.9 10010s
 762614 293061 1951.14593   75  265 1982.01279 1831.68463  7.58%  90.9 10017s
 763864 293223 1880.32429   90  219 1982.01279 1831.76455  7.58%  90.8 10023s
 764168 293442 1886.59642   64  447 1982.01279 1831.77718  7.58%  90.8 10026s
 764709 293471 infeasible   92      1982.01279 1831.77718  7.58%  90.8 10030s
 765033 293605 1882.36387   58  451 1982.01279 1831.80119  7.58%  90.8 10035s
 765691 293831 infeasible   68      1982.01279 1831.87064  7.58%  90.8 10043s
 765837 294135 1980.32489   59  113 1982.01279 1831.89179  7.57%  90.8 10046s
 766713 294243 1918.88507   80  225 1982.01279 1831.92927  7.57%  90.8 10053s
 767166 294299 1884.69572   75  168 1982.01279 1831.95006  7.57%  90.8 10058s
 767311 294473 1935.12611   65   44 1982.01279 1831.96941  7.57%  90.8 10062s
 767978 294618     cutoff   75      1982.01279 1831.99372  7.57%  90.8 10065s
 768531 294863     cutoff   87      1982.01279 1832.02131  7.57%  90.8 10072s
 769149 294894 infeasible   70      1982.01279 1832.04756  7.57%  90.8 10075s
 769936 295267 1886.98379   72  249 1982.01279 1832.06888  7.57%  90.7 10082s
 770053 295369 1900.22539   88  246 1982.01279 1832.06888  7.57%  90.7 10085s
 770636 295698 infeasible   75      1982.01279 1832.12613  7.56%  90.7 10091s
 771559 295782 1955.04581   83  109 1982.01279 1832.17364  7.56%  90.7 10097s
 771701 295927 infeasible  103      1982.01279 1832.18747  7.56%  90.7 10101s
 772398 296129 1913.12763   55   84 1982.01279 1832.22496  7.56%  90.7 10108s
 772913 296198     cutoff   65      1982.01279 1832.24943  7.56%  90.7 10118s
 773168 296531 1956.51252   57  140 1982.01279 1832.26716  7.56%  90.7 10126s
 774458 296627 1833.58490   65  223 1982.01279 1832.35862  7.55%  90.7 10133s
 774683 296905 1980.76058   54  134 1982.01279 1832.36857  7.55%  90.7 10136s
 775350 296932 1885.17644   61  177 1982.01279 1832.39330  7.55%  90.7 10140s
 776210 297249 infeasible   80      1982.01279 1832.44643  7.55%  90.7 10145s
 777184 297570 1914.80399   53  132 1982.01279 1832.49177  7.54%  90.7 10153s
 777334 297716 1975.08603   71  193 1982.01279 1832.50193  7.54%  90.7 10156s
 777710 297854 1934.32428   65  222 1982.01279 1832.51442  7.54%  90.7 10160s
 778482 298182 infeasible   71      1982.01279 1832.57850  7.54%  90.7 10167s
 779205 298239 1877.76170   72  241 1982.01279 1832.59160  7.54%  90.6 10170s
 780044 298624 1834.38865   56  243 1982.01279 1832.63608  7.54%  90.6 10178s
 780306 298780 1835.92637   67  323 1982.01279 1832.64187  7.54%  90.6 10181s
 780834 298796 infeasible   41      1982.01279 1832.65507  7.54%  90.6 10185s
 781701 299158 infeasible   52      1982.01279 1832.70560  7.53%  90.6 10191s
 782494 299431 1950.37587   76   88 1982.01279 1832.73665  7.53%  90.6 10198s
 782592 299747 1962.62068   70   88 1982.01279 1832.74367  7.53%  90.6 10200s
 783275 299791 1901.53124   66  184 1982.01279 1832.76993  7.53%  90.5 10208s
 783584 300381 1859.26336   75  270 1982.01279 1832.79930  7.53%  90.5 10215s
 785120 300502     cutoff   54      1982.01279 1832.86257  7.53%  90.5 10220s
 785551 300754     cutoff   68      1982.01279 1832.87482  7.52%  90.4 10225s
 786016 301051 1924.73841   83  116 1982.01279 1832.87482  7.52%  90.5 10232s
 786613 301107 1958.55552   42  159 1982.01279 1832.91495  7.52%  90.5 10235s
 787543 301437 1911.91336   67  148 1982.01279 1832.93307  7.52%  90.4 10241s
 788309 301723 infeasible   42      1982.01279 1832.96911  7.52%  90.4 10246s
 788871 302027 1964.77046   61   29 1982.01279 1833.02159  7.52%  90.4 10251s
 789729 302382 1956.41496   62  255 1982.01279 1833.05128  7.52%  90.3 10256s
 790369 302609 1971.45614   91   17 1982.01279 1833.08678  7.51%  90.3 10261s
 790992 302883 1895.06231   52  168 1982.01279 1833.13207  7.51%  90.3 10267s
 791741 302898 infeasible   67      1982.01279 1833.16590  7.51%  90.3 10270s
 792203 303071 infeasible   65      1982.01279 1833.19828  7.51%  90.3 10275s
 792960 303403 1890.96918   78  275 1982.01279 1833.23576  7.51%  90.3 10282s
 793078 303582     cutoff   68      1982.01279 1833.23576  7.51%  90.3 10285s
 793676 303719 infeasible   72      1982.01279 1833.27120  7.50%  90.3 10294s
 794070 303979 1964.55140   95  245 1982.01279 1833.30248  7.50%  90.3 10300s
 795076 304459 1910.34339   57   95 1982.01279 1833.35070  7.50%  90.2 10307s
 796053 304473 infeasible   55      1982.01279 1833.39193  7.50%  90.2 10310s
 796492 304619 1833.91525   43  209 1982.01279 1833.42638  7.50%  90.2 10315s
 797137 304817 infeasible   70      1982.01279 1833.44450  7.50%  90.2 10321s
 797778 305035 infeasible   70      1982.01279 1833.51303  7.49%  90.1 10327s
 797858 305486 1948.88419   57   39 1982.01279 1833.51959  7.49%  90.2 10331s
 798820 305990 1956.15678  106   76 1982.01279 1833.53072  7.49%  90.1 10336s
 800008 306197 infeasible   55      1982.01279 1833.58305  7.49%  90.0 10340s
 800715 306441 1888.01907   77  361 1982.01279 1833.62070  7.49%  90.0 10347s
 800813 306767 1980.50794   83  225 1982.01279 1833.62514  7.49%  90.0 10351s
 801577 307291 1855.89255   54   98 1982.01279 1833.66187  7.48%  90.0 10357s
 802527 307426 infeasible   67      1982.01279 1833.69338  7.48%  89.9 10362s
 802949 307600 infeasible   73      1982.01279 1833.70898  7.48%  89.9 10367s
 803550 307877 1885.81922   73  124 1982.01279 1833.74174  7.48%  89.9 10372s
 804075 307910 1976.12520   57  233 1982.01279 1833.76357  7.48%  89.9 10381s
 804294 308426 1952.83870   69  116 1982.01279 1833.80277  7.48%  89.9 10390s
 805871 308485 1894.32006   59  124 1982.01279 1833.87605  7.47%  89.9 10396s
 806014 308599 1951.28730   75  328 1982.01279 1833.88883  7.47%  89.9 10400s
 806809 309040 1856.81916   42  178 1982.01279 1833.93475  7.47%  89.9 10406s
 808434 309479 1914.53301   78   55 1982.01279 1834.01421  7.47%  89.8 10414s
 808558 309692 1887.85529   67  296 1982.01279 1834.02811  7.47%  89.8 10417s
 809095 309791 1976.29151   75   92 1982.01279 1834.05290  7.47%  89.8 10421s
 809507 310203 1896.34958   71   93 1982.01279 1834.10102  7.46%  89.8 10426s
 810367 310441 1895.45994   78  241 1982.01279 1834.12948  7.46%  89.8 10432s
 810942 310510 infeasible   67      1982.01279 1834.14489  7.46%  89.7 10435s
 811833 310846 infeasible   82      1982.01279 1834.18585  7.46%  89.7 10441s
 811975 311082     cutoff   69      1982.01279 1834.20075  7.46%  89.7 10445s
 812696 311304 1889.69769   86  296 1982.01279 1834.22668  7.46%  89.7 10450s
 813398 311552 1917.50411   51  117 1982.01279 1834.26040  7.45%  89.7 10457s
 813997 311559 1947.01278   80  215 1982.01279 1834.28638  7.45%  89.6 10460s
 814495 311728     cutoff   71      1982.01279 1834.31056  7.45%  89.6 10472s
 814758 312336 1906.99673   71  207 1982.01279 1834.33675  7.45%  89.7 10479s
 816261 312357 1866.33059   56  343 1982.01279 1834.42276  7.45%  89.6 10481s
 816354 312366 1871.20140   43  126 1982.01279 1834.45211  7.44%  89.6 10485s
 816666 312684 1981.79611   53  151 1982.01279 1834.47674  7.44%  89.6 10491s
 817421 312928 1836.27291   80  232 1982.01279 1834.50926  7.44%  89.6 10497s
 818016 312992 infeasible   86      1982.01279 1834.54898  7.44%  89.6 10500s
 818716 313168 1874.82879   72  207 1982.01279 1834.61539  7.44%  89.5 10505s
 819250 313435 1938.88067   45  233 1982.01279 1834.66576  7.43%  89.5 10511s
 819594 313527 1962.07203   59  190 1982.01279 1834.68643  7.43%  89.5 10515s
 820510 313810 1959.97364   47  197 1982.01279 1834.71087  7.43%  89.5 10521s
 820614 314075 1960.88914   63  201 1982.01279 1834.71822  7.43%  89.5 10525s
 821512 314374 1912.20499   61  135 1982.01279 1834.78043  7.43%  89.4 10531s
 822230 314745 1876.07142   68  138 1982.01279 1834.79755  7.43%  89.4 10536s
 823127 314942 1868.45480   71  236 1982.01279 1834.87540  7.42%  89.4 10540s
 823537 315159 1955.40113   78  126 1982.01279 1834.89519  7.42%  89.4 10545s
 824352 315441 1981.43188   71   75 1982.01279 1834.97218  7.42%  89.4 10551s
 825034 315487 infeasible   76      1982.01279 1834.99263  7.42%  89.3 10559s
 825228 316050     cutoff   63      1982.01279 1835.01636  7.42%  89.3 10568s
 826842 316100 1897.58567   80  110 1982.01279 1835.09905  7.41%  89.3 10572s
 826984 316152 1853.10858   56  180 1982.01279 1835.10394  7.41%  89.3 10575s
 827789 316397 1946.62878   90  270 1982.01279 1835.18881  7.41%  89.3 10583s
 827962 316563 1918.89014   53  155 1982.01279 1835.20933  7.41%  89.3 10586s
 828538 316642 infeasible   61      1982.01279 1835.25810  7.40%  89.3 10590s
 829024 316859 1938.99864   74   41 1982.01279 1835.27269  7.40%  89.3 10595s
 829746 316979 1962.86467   56  137 1982.01279 1835.32399  7.40%  89.3 10603s
 830052 317065 1978.52839   86  376 1982.01279 1835.34816  7.40%  89.3 10606s
 830316 317152 1922.81092   59  139 1982.01279 1835.36577  7.40%  89.3 10610s
 830869 317476 1913.88716   66   42 1982.01279 1835.41363  7.40%  89.3 10617s
 831722 317497 infeasible   72      1982.01279 1835.48098  7.39%  89.3 10621s
 831890 317817 1980.97357   71  132 1982.01279 1835.49796  7.39%  89.3 10625s
 832774 318096 1849.60072   65  164 1982.01279 1835.54474  7.39%  89.2 10632s
 833399 318168     cutoff   86      1982.01279 1835.57290  7.39%  89.2 10635s
 834179 318468 infeasible   54      1982.01279 1835.62694  7.39%  89.2 10642s
 834354 318718 1971.25363   66  242 1982.01279 1835.66433  7.38%  89.2 10646s
 835195 318938 1949.80610   54  194 1982.01279 1835.74476  7.38%  89.2 10652s
 835686 319043 infeasible   72      1982.01279 1835.75713  7.38%  89.2 10661s
 836008 319282 1936.05502   91  162 1982.01279 1835.78558  7.38%  89.2 10667s
 836758 319346 1969.06215   72  404 1982.01279 1835.82951  7.38%  89.2 10671s
 836963 319433 1900.93406   73  195 1982.01279 1835.85211  7.37%  89.2 10675s
 837933 319860 1943.90066   74  137 1982.01279 1835.91181  7.37%  89.2 10683s
 838760 319930     cutoff   86      1982.01279 1835.98757  7.37%  89.1 10686s
 839072 320218 infeasible   71      1982.01279 1836.00886  7.37%  89.1 10690s
 839914 320424     cutoff   91      1982.01279 1836.06449  7.36%  89.1 10697s
 840629 320445 1972.67780   83  105 1982.01279 1836.11570  7.36%  89.1 10701s
 841200 320590 infeasible   70      1982.01279 1836.16870  7.36%  89.1 10707s
 841337 320718 1913.64546   64   46 1982.01279 1836.19566  7.36%  89.1 10711s
 841992 321030 1957.11651   72  185 1982.01279 1836.23230  7.36%  89.1 10717s
 842569 321118 1913.97448   79   84 1982.01279 1836.24251  7.35%  89.1 10724s
 842719 321406 1955.99822   77  199 1982.01279 1836.25760  7.35%  89.1 10727s
 843417 321619 1912.89980   68   96 1982.01279 1836.25919  7.35%  89.0 10730s
 844211 322154 1975.19902   74  118 1982.01279 1836.31606  7.35%  89.0 10737s
 845248 322343 infeasible   78      1982.01279 1836.34816  7.35%  88.9 10740s
 845935 322696 1964.12985   57  152 1982.01279 1836.41522  7.35%  88.9 10752s
 846740 322727     cutoff   80      1982.01279 1836.46151  7.34%  88.9 10755s
 847043 323191 1901.48335   83   39 1982.01279 1836.49727  7.34%  88.9 10762s
 847717 323220 infeasible   58      1982.01279 1836.51170  7.34%  88.9 10765s
 848455 323508 1856.33655   48  114 1982.01279 1836.54923  7.34%  88.9 10771s
 849266 323832 infeasible   82      1982.01279 1836.60333  7.34%  88.9 10777s
 850080 323982 infeasible   62      1982.01279 1836.65293  7.33%  88.8 10783s
 850170 324200 1967.50435   64  145 1982.01279 1836.65990  7.33%  88.8 10785s
 850802 324434 1894.48463   75  196 1982.01279 1836.68074  7.33%  88.8 10790s
 851444 324773 infeasible   59      1982.01279 1836.72449  7.33%  88.8 10796s
 852130 324884 1955.16093   58  122 1982.01279 1836.74214  7.33%  88.8 10800s
 852610 325236 1952.57519   62   27 1982.01279 1836.77475  7.33%  88.8 10806s
 853445 325405 1977.32042  108   81 1982.01279 1836.80362  7.33%  88.7 10812s
 853759 325433 infeasible   75      1982.01279 1836.82768  7.33%  88.8 10815s
 854632 325773 1877.60026   63  209 1982.01279 1836.87234  7.32%  88.7 10822s
 854803 326070 1954.02288   75  101 1982.01279 1836.87433  7.32%  88.7 10825s
 855700 326289 1860.73869   58  170 1982.01279 1836.93089  7.32%  88.7 10832s
 856178 326434 infeasible   61      1982.01279 1836.93871  7.32%  88.7 10842s
 856679 326530 1876.65315   61   86 1982.01279 1836.98786  7.32%  88.6 10845s
 857659 326740 1875.06426   59   75 1982.01279 1837.05004  7.31%  88.6 10852s
 857792 327074 1937.56399   66   74 1982.01279 1837.05771  7.31%  88.6 10858s
 858738 327120     cutoff   74      1982.01279 1837.10909  7.31%  88.6 10861s
 859388 327368 infeasible   62      1982.01279 1837.15361  7.31%  88.6 10867s
 859658 327580 infeasible   58      1982.01279 1837.16639  7.31%  88.6 10871s
 860330 327695 1958.01806   63    7 1982.01279 1837.21301  7.31%  88.6 10875s
 861082 327863     cutoff   73      1982.01279 1837.26035  7.30%  88.5 10883s
 861244 328154     cutoff   76      1982.01279 1837.27267  7.30%  88.5 10887s
 861984 328186 1912.20012   70  144 1982.01279 1837.31794  7.30%  88.5 10890s
 862776 328567     cutoff   68      1982.01279 1837.34686  7.30%  88.5 10897s
 863029 328650 1937.64939   71  119 1982.01279 1837.38302  7.30%  88.5 10900s
 863591 328883 1963.36170   91  285 1982.01279 1837.41210  7.30%  88.5 10906s
 864526 329296 1918.67108   90  116 1982.01279 1837.46737  7.29%  88.5 10912s
 865177 329338 1975.81709   50   48 1982.01279 1837.48901  7.29%  88.4 10917s
 865343 329545 1910.04080   60  150 1982.01279 1837.50524  7.29%  88.4 10920s
 866077 329827 1954.02341   77  176 1982.01279 1837.53420  7.29%  88.4 10925s
 866582 329895 infeasible   58      1982.01279 1837.55986  7.29%  88.4 10934s
 866861 330371 1837.74921   52  200 1982.01279 1837.57979  7.29%  88.4 10941s
 868269 330428 1954.49129   74   70 1982.01279 1837.66192  7.28%  88.4 10947s
 868439 330702     cutoff   69      1982.01279 1837.68136  7.28%  88.4 10950s
 869262 331067 1841.62435   80  294 1982.01279 1837.71319  7.28%  88.3 10957s
 870007 331096 infeasible   77      1982.01279 1837.75765  7.28%  88.3 10960s
 870687 331325 1903.83815   72  204 1982.01279 1837.79304  7.28%  88.3 10965s
 871298 331583 infeasible   82      1982.01279 1837.83202  7.27%  88.3 10970s
 871742 331740     cutoff   69      1982.01279 1837.87439  7.27%  88.3 10977s
 871961 331859 infeasible   78      1982.01279 1837.89532  7.27%  88.3 10980s
 872568 332056 1905.63777   67  175 1982.01279 1837.93669  7.27%  88.3 10986s
 872974 332062 infeasible   57      1982.01279 1837.94676  7.27%  88.3 10990s
 873180 332277 1865.98136   55  107 1982.01279 1837.94676  7.27%  88.3 10996s
 873946 332437 1946.20453   45   52 1982.01279 1838.07226  7.26%  88.3 11002s
 874388 332480     cutoff   51      1982.01279 1838.09063  7.26%  88.3 11006s
 874510 332796 1920.99075   68   70 1982.01279 1838.10227  7.26%  88.3 11010s
 875551 332971 1976.86122   67   68 1982.01279 1838.19398  7.26%  88.2 11016s
 876316 333403 1947.40038   83  160 1982.01279 1838.22002  7.25%  88.2 11022s
 877020 333472 infeasible   67      1982.01279 1838.25272  7.25%  88.2 11031s
 877239 334210 1944.43643   80  140 1982.01279 1838.28230  7.25%  88.2 11039s
 879124 334217 infeasible   76      1982.01279 1838.37831  7.25%  88.1 11042s
 879195 334221 1894.89437   89  187 1982.01279 1838.37831  7.25%  88.1 11045s
 879473 334356 1975.03764   65   64 1982.01279 1838.43211  7.24%  88.1 11051s
 880008 334603 1949.79872   52  162 1982.01279 1838.46746  7.24%  88.2 11058s
 880612 334646 infeasible   49      1982.01279 1838.54633  7.24%  88.1 11061s
 881154 334825 infeasible   74      1982.01279 1838.57051  7.24%  88.1 11067s
 881289 334996 1945.29640   54   38 1982.01279 1838.59511  7.24%  88.1 11070s
 881963 335244 1846.48958   80  303 1982.01279 1838.64934  7.23%  88.2 11076s
 882474 335304 infeasible   90      1982.01279 1838.67592  7.23%  88.1 11080s
 883223 335734 1840.88796   65  286 1982.01279 1838.73839  7.23%  88.1 11086s
 883971 335973 1919.10155   73  119 1982.01279 1838.77325  7.23%  88.1 11092s
 884624 336225 1974.68356   75   66 1982.01279 1838.84989  7.22%  88.1 11098s
 885110 336266 1938.55947   80  408 1982.01279 1838.86098  7.22%  88.1 11101s
 885777 336523 infeasible   73      1982.01279 1838.90179  7.22%  88.1 11107s
 885984 336622 1981.63051   74  237 1982.01279 1838.91176  7.22%  88.1 11111s
 886373 336895     cutoff   69      1982.01279 1838.92496  7.22%  88.1 11118s
 886781 336897 1888.26750   73   98 1982.01279 1838.95911  7.22%  88.1 11121s
 886792 336902 1880.35357   72   85 1982.01279 1838.95911  7.22%  88.1 11127s
 886804 336914 1880.38605   73   85 1982.01279 1838.96032  7.22%  88.1 11130s
 886884 336988 1888.36492   76   98 1982.01279 1838.97135  7.22%  88.1 11136s
 887199 337105     cutoff   62      1982.01279 1838.99239  7.22%  88.1 11142s
 887358 337459 1887.39812   64  121 1982.01279 1838.99827  7.22%  88.1 11153s
 888107 337513 infeasible   70      1982.01279 1839.03847  7.21%  88.1 11155s
 888653 337737 infeasible   62      1982.01279 1839.05626  7.21%  88.1 11161s
 888863 337957 infeasible   52      1982.01279 1839.06242  7.21%  88.1 11165s
 889689 338145 infeasible   75      1982.01279 1839.12483  7.21%  88.1 11171s
 890309 338285     cutoff   66      1982.01279 1839.17671  7.21%  88.1 11177s
 890722 338326 infeasible   54      1982.01279 1839.20073  7.21%  88.1 11181s
 891363 338460 1888.07030   77   52 1982.01279 1839.27175  7.20%  88.1 11188s
 891500 338659     cutoff   84      1982.01279 1839.27985  7.20%  88.1 11191s
 892023 338737 infeasible   97      1982.01279 1839.29962  7.20%  88.1 11195s
 893081 339025     cutoff   54      1982.01279 1839.37229  7.20%  88.1 11202s
 893283 339203 1915.48077   75  240 1982.01279 1839.40056  7.20%  88.1 11206s
 893909 339248 1950.78575   52  113 1982.01279 1839.43185  7.19%  88.1 11210s
 894597 339505 1910.90794   62  110 1982.01279 1839.47994  7.19%  88.0 11217s
 894764 339710 1968.34100   55  144 1982.01279 1839.52788  7.19%  88.0 11221s
 895582 339945 1957.87661   76  119 1982.01279 1839.57579  7.19%  88.0 11227s
 896072 340034 1888.31139   58  114 1982.01279 1839.61370  7.18%  88.0 11231s
 896242 340300 1928.94426  101   62 1982.01279 1839.61586  7.18%  88.0 11235s
 897582 340554 infeasible   74      1982.01279 1839.73606  7.18%  88.0 11249s
 897819 341180 1889.72115   62  175 1982.01279 1839.74560  7.18%  88.0 11256s
 899586 341230 1959.75623   72   48 1982.01279 1839.83819  7.17%  87.9 11262s
 899690 341319 1971.36684   71   77 1982.01279 1839.83855  7.17%  88.0 11265s
 900746 341739 infeasible   86      1982.01279 1839.87513  7.17%  87.9 11270s
 901433 341911 1935.95858   78  165 1982.01279 1839.91081  7.17%  87.9 11276s
 901643 342038 1955.04240   70  187 1982.01279 1839.92144  7.17%  87.9 11281s
 902358 342263 infeasible   61      1982.01279 1839.98161  7.17%  87.9 11287s
 902968 342332     cutoff   73      1982.01279 1840.01510  7.16%  87.9 11290s
 903394 342425 1937.31238   47   55 1982.01279 1840.04326  7.16%  87.9 11295s
 903792 342539 1939.97101   93  152 1982.01279 1840.08435  7.16%  87.9 11300s
 904279 342756     cutoff   98      1982.01279 1840.11360  7.16%  87.9 11305s
 904968 343022 infeasible   73      1982.01279 1840.19311  7.16%  87.9 11310s
 905889 343203 1912.63866   67   35 1982.01279 1840.22821  7.15%  87.9 11315s
 906832 343422 1888.63674   62  203 1982.01279 1840.30795  7.15%  87.8 11321s
 907627 343635 1981.23120   71  223 1982.01279 1840.37300  7.15%  87.8 11326s
 907748 343660 1912.35727   55  389 1982.01279 1840.38750  7.15%  87.8 11332s
 907865 343819 1849.09516   78  258 1982.01279 1840.40962  7.14%  87.8 11341s
 908579 344137 infeasible   71      1982.01279 1840.44283  7.14%  87.9 11348s
 909277 344219 1923.30974   76   88 1982.01279 1840.45597  7.14%  87.8 11351s
 909483 344342 1973.10322   75  187 1982.01279 1840.50181  7.14%  87.8 11355s
 910159 344403 1913.01964   59  300 1982.01279 1840.58365  7.14%  87.9 11363s
 910421 344459 1898.47027   42  489 1982.01279 1840.61774  7.13%  87.9 11366s
 910677 344606 1927.86758   51  409 1982.01279 1840.61940  7.13%  87.9 11370s
 911573 344884 1972.24986   80  152 1982.01279 1840.69918  7.13%  87.9 11377s
 912132 345006 infeasible   51      1982.01279 1840.73443  7.13%  87.9 11381s
 913335 345358 infeasible   74      1982.01279 1840.79348  7.13%  87.9 11388s
 913464 345560 1923.26953   63  204 1982.01279 1840.80554  7.12%  87.9 11392s
 914086 345626 1841.05045   52  236 1982.01279 1840.83440  7.12%  87.9 11397s
 914258 345749 1937.95682   85   65 1982.01279 1840.85990  7.12%  87.9 11401s
 915025 346059     cutoff   64      1982.01279 1840.90047  7.12%  87.9 11408s
 915761 346071 infeasible   83      1982.01279 1840.94796  7.12%  87.9 11413s
 915893 346144     cutoff   46      1982.01279 1840.95435  7.12%  87.9 11417s
 916081 346259 1905.70030   51   56 1982.01279 1840.96609  7.12%  87.9 11421s
 916455 346525 infeasible   68      1982.01279 1841.01401  7.11%  87.9 11425s
 917340 346951 1926.26997   96  224 1982.01279 1841.06136  7.11%  87.9 11432s
 918196 346969 infeasible   68      1982.01279 1841.10832  7.11%  87.8 11440s
 918313 347378     cutoff   80      1982.01279 1841.11712  7.11%  87.8 11456s
 919840 347643 infeasible   56      1982.01279 1841.20929  7.10%  87.8 11461s
 920727 347704     cutoff   63      1982.01279 1841.29190  7.10%  87.8 11465s
 921467 347920 infeasible   53      1982.01279 1841.37248  7.10%  87.8 11474s
 921614 348105 1918.73210   78  306 1982.01279 1841.39585  7.09%  87.8 11478s
 922355 348150 1910.60908   66  284 1982.01279 1841.41092  7.09%  87.8 11482s
 922481 348275 1842.26184   46  388 1982.01279 1841.41935  7.09%  87.8 11487s
 923012 348373 1928.60327   71  284 1982.01279 1841.44507  7.09%  87.8 11493s
 923225 348519 1931.31828  106   76 1982.01279 1841.46025  7.09%  87.8 11497s
 923765 348609 1921.76782   66   63 1982.01279 1841.49727  7.09%  87.8 11501s
 924207 348682 1965.66201   68  212 1982.01279 1841.51327  7.09%  87.8 11505s
 924395 349015 infeasible   61      1982.01279 1841.53771  7.09%  87.8 11510s
 925519 349376 1947.55650   46   60 1982.01279 1841.59909  7.08%  87.8 11516s
 926151 349388 infeasible   49      1982.01279 1841.62482  7.08%  87.8 11520s
 926942 349677 1882.11124   71   82 1982.01279 1841.65665  7.08%  87.8 11527s
 927078 349829 1895.83806   42  356 1982.01279 1841.67125  7.08%  87.8 11530s
 927674 350173 infeasible   56      1982.01279 1841.70334  7.08%  87.8 11539s
 928447 350291 infeasible   54      1982.01279 1841.72568  7.08%  87.8 11548s
 928729 350720 1967.02995   61   95 1982.01279 1841.74023  7.08%  87.8 11554s
 929726 350773 infeasible   62      1982.01279 1841.75763  7.08%  87.8 11558s
 929849 351035     cutoff   53      1982.01279 1841.75763  7.08%  87.8 11562s
 930415 351073 1898.52917   96  204 1982.01279 1841.79735  7.07%  87.8 11566s
 930529 351138 infeasible   99      1982.01279 1841.80892  7.07%  87.8 11570s
 930729 351318 1950.15726   82  100 1982.01279 1841.82314  7.07%  87.8 11575s
 931214 351332 1843.20882   51  120 1982.01279 1841.82314  7.07%  87.8 11580s
 931314 351395 1844.75534   73  180 1982.01279 1841.84107  7.07%  87.8 11585s
 931509 351692 1897.72649   38  222 1982.01279 1841.86342  7.07%  87.8 11590s
 932547 351943     cutoff   64      1982.01279 1841.92901  7.07%  87.8 11598s
 933062 351991 infeasible   62      1982.01279 1841.93810  7.07%  87.8 11602s
 933217 352148     cutoff   73      1982.01279 1841.95692  7.07%  87.8 11605s
 933939 352414 1945.15798   69  143 1982.01279 1841.99701  7.06%  87.9 11614s
 934518 352511 1958.31108   72  153 1982.01279 1842.04173  7.06%  87.9 11619s
 934775 352753 1897.40900   44  221 1982.01279 1842.06184  7.06%  87.9 11624s
 935482 352776 1944.96790   67  140 1982.01279 1842.08497  7.06%  87.8 11629s
 935614 352871 1842.74007   46  383 1982.01279 1842.11410  7.06%  87.9 11633s
 935934 352887 infeasible   56      1982.01279 1842.12812  7.06%  87.9 11639s
 936024 352977 1844.99922   56  397 1982.01279 1842.12812  7.06%  87.9 11644s
 936348 353029 1911.65175   67   93 1982.01279 1842.13211  7.06%  87.9 11648s
 936485 353351 1843.30558   46  448 1982.01279 1842.13760  7.06%  87.9 11653s
 937137 353367 infeasible   58      1982.01279 1842.16158  7.06%  87.9 11658s
 937283 353417 1931.78157   63  180 1982.01279 1842.17497  7.06%  87.9 11662s
 937517 353664 1870.79907   45  541 1982.01279 1842.17777  7.06%  88.0 11666s
 938147 353748 infeasible   45      1982.01279 1842.20659  7.05%  88.0 11670s
 938397 353916 infeasible   62      1982.01279 1842.22867  7.05%  88.0 11675s
 938892 354022 infeasible   62      1982.01279 1842.26634  7.05%  88.0 11684s
 939136 354190 1888.68172   52  120 1982.01279 1842.27878  7.05%  88.0 11691s
 939866 354240 1939.03898   55  198 1982.01279 1842.29960  7.05%  88.0 11696s
 940049 354264 infeasible   81      1982.01279 1842.30777  7.05%  88.0 11703s
 940253 354488 1843.47394   47  508 1982.01279 1842.33440  7.05%  88.0 11711s
 940913 354593 1946.24921   80   93 1982.01279 1842.36342  7.05%  88.0 11717s
 941230 354964 1884.95255   73  245 1982.01279 1842.36804  7.05%  88.0 11723s
 942041 355025 infeasible   79      1982.01279 1842.41119  7.04%  88.1 11728s
 942198 355267 1972.02834   90  141 1982.01279 1842.42216  7.04%  88.1 11733s
 942839 355298 1854.48006   80  241 1982.01279 1842.43445  7.04%  88.0 11738s
 942967 355435 1900.88997   78  366 1982.01279 1842.44683  7.04%  88.1 11744s
 943496 355475 1903.42325   39  282 1982.01279 1842.46817  7.04%  88.1 11752s
 943646 355709 infeasible   45      1982.01279 1842.47546  7.04%  88.1 11757s
 944249 355732 infeasible   57      1982.01279 1842.50244  7.04%  88.1 11765s
 944321 355867 1843.53587   47  398 1982.01279 1842.50305  7.04%  88.1 11770s
 944742 355888 1851.86926   54  416 1982.01279 1842.51473  7.04%  88.2 11776s
 944870 356177 1949.25359   61  207 1982.01279 1842.52483  7.04%  88.2 11781s
 945523 356205 infeasible   70      1982.01279 1842.53630  7.04%  88.2 11787s
 945645 356344 infeasible   45      1982.01279 1842.54868  7.04%  88.2 11792s
 946111 356439 infeasible   45      1982.01279 1842.56996  7.04%  88.2 11797s
 946338 356552 1920.63834   71  380 1982.01279 1842.57905  7.03%  88.2 11802s
 946827 356687 infeasible   63      1982.01279 1842.59788  7.03%  88.2 11807s
 947183 356910     cutoff   53      1982.01279 1842.62838  7.03%  88.2 11813s
 947777 356960 1899.60028   54  583 1982.01279 1842.64313  7.03%  88.2 11818s
 947952 357337 1946.70277   39  315 1982.01279 1842.65728  7.03%  88.3 11824s
 948852 357383     cutoff   71      1982.01279 1842.68649  7.03%  88.2 11830s
 949080 357542 infeasible   49      1982.01279 1842.69600  7.03%  88.3 11835s
 949558 357547 infeasible   52      1982.01279 1842.71157  7.03%  88.3 11844s
 949668 357936 infeasible   57      1982.01279 1842.72344  7.03%  88.3 11860s
 950933 358155 1883.79170   57  100 1982.01279 1842.78848  7.02%  88.3 11867s
 951510 358209 1947.10867   43   49 1982.01279 1842.80837  7.02%  88.3 11873s
 951739 358528 1854.31787   71  322 1982.01279 1842.81854  7.02%  88.3 11879s
 952529 358571 infeasible   36      1982.01279 1842.84627  7.02%  88.3 11886s
 952760 358634 1870.42972   64  295 1982.01279 1842.85090  7.02%  88.3 11891s
 952991 358685 infeasible   67      1982.01279 1842.85090  7.02%  88.4 11896s
 953169 359040 infeasible   68      1982.01279 1842.87130  7.02%  88.4 11902s
 954160 359077 infeasible   67      1982.01279 1842.91006  7.02%  88.4 11907s
 954330 359140 1873.06691   62  372 1982.01279 1842.91679  7.02%  88.4 11912s
 954504 359353 1862.13938   82  212 1982.01279 1842.93057  7.02%  88.4 11918s
 955091 359370 1898.27210   47  447 1982.01279 1842.94445  7.02%  88.4 11923s
 955231 359537 1845.68608   59  315 1982.01279 1842.95995  7.02%  88.4 11929s
 955718 359549 infeasible   40      1982.01279 1842.96892  7.02%  88.4 11939s
 955838 359730 1852.20215   50  355 1982.01279 1842.97950  7.01%  88.5 11945s
 956425 359733 infeasible   53      1982.01279 1842.99463  7.01%  88.5 11951s
 956484 359733 1845.85619   59  324 1982.01279 1842.99670  7.01%  88.5 11956s
 956570 359880 1879.89101   76  413 1982.01279 1842.99895  7.01%  88.5 11961s
 957051 359885 infeasible   52      1982.01279 1843.00357  7.01%  88.5 11967s
 957166 360117 1903.55581   78  183 1982.01279 1843.02726  7.01%  88.5 11971s
 957763 360160 infeasible   64      1982.01279 1843.03475  7.01%  88.6 11976s
 957954 360417 1959.31485   71   71 1982.01279 1843.04635  7.01%  88.6 11981s
 958664 360489 infeasible   79      1982.01279 1843.07132  7.01%  88.6 11986s
 958849 360637 1843.43517   58  432 1982.01279 1843.08928  7.01%  88.6 11991s
 959282 360675 1867.05921   74  157 1982.01279 1843.09883  7.01%  88.6 11996s
 959413 360884 1844.45501   50  309 1982.01279 1843.10826  7.01%  88.6 12001s
 959997 360930 infeasible   62      1982.01279 1843.12878  7.01%  88.7 12011s
 960116 361167 1898.28043   56  306 1982.01279 1843.13382  7.01%  88.7 12027s
 960735 361562 1856.20554   68  273 1982.01279 1843.15091  7.01%  88.7 12036s
 961774 361609 infeasible   73      1982.01279 1843.16312  7.01%  88.8 12042s
 962086 361808 1907.03438   72  204 1982.01279 1843.18214  7.00%  88.8 12048s
 962720 362124 1843.33791   44  407 1982.01279 1843.19843  7.00%  88.8 12054s
 963358 362176 1869.08475   67  178 1982.01279 1843.19843  7.00%  88.8 12059s
 963526 362368 infeasible   80      1982.01279 1843.22405  7.00%  88.8 12065s
 964058 362388 infeasible   77      1982.01279 1843.24313  7.00%  88.8 12072s
 964199 362505 1843.33027   55  224 1982.01279 1843.25759  7.00%  88.8 12079s
 964438 362617 1847.74478   60  443 1982.01279 1843.25865  7.00%  88.8 12085s
 964709 362751 1970.55799   49  493 1982.01279 1843.26948  7.00%  88.8 12093s
 965039 362968 1949.83072   62  296 1982.01279 1843.27768  7.00%  88.8 12100s
 965693 362998 1912.99124   59   76 1982.01279 1843.30578  7.00%  88.8 12106s
 965840 363175     cutoff   70      1982.01279 1843.31693  7.00%  88.8 12113s
 966342 363259     cutoff   58      1982.01279 1843.32853  7.00%  88.9 12118s
 966569 363465 1948.92530   71  219 1982.01279 1843.34258  7.00%  88.9 12125s
 967231 363473 infeasible   49      1982.01279 1843.37310  6.99%  88.9 12131s
 967321 363555 1950.23947   44  547 1982.01279 1843.37990  6.99%  88.9 12138s
 967645 363601 infeasible   72      1982.01279 1843.40492  6.99%  89.0 12144s
 967832 363822 1897.97736   72  160 1982.01279 1843.42554  6.99%  89.0 12151s
 968655 363942 1946.21440   80   43 1982.01279 1843.45680  6.99%  89.0 12159s
 968900 364216 1848.02478   46  425 1982.01279 1843.46897  6.99%  89.0 12165s
 969607 364310 infeasible   56      1982.01279 1843.47988  6.99%  89.0 12172s
 969870 364514 infeasible   48      1982.01279 1843.48973  6.99%  89.0 12178s
 970491 364564 infeasible   55      1982.01279 1843.51159  6.99%  89.0 12188s
 970615 364898 1851.83859   53  416 1982.01279 1843.51521  6.99%  89.0 12206s
 971703 364917 1958.33672   60  455 1982.01279 1843.56904  6.99%  89.1 12214s
 971910 365064 1947.14418   53   59 1982.01279 1843.58869  6.98%  89.1 12221s
 972496 365102 infeasible   57      1982.01279 1843.60424  6.98%  89.1 12229s
 972679 365286 infeasible   65      1982.01279 1843.62600  6.98%  89.1 12236s
 973303 365310 1855.13201   74  778 1982.01279 1843.64684  6.98%  89.2 12243s
 973465 365529 1855.14906  112  825 1982.01279 1843.64846  6.98%  89.2 12251s
 974295 365586 infeasible   46      1982.01279 1843.67268  6.98%  89.2 12259s
 974594 365795 1971.03133   70  114 1982.01279 1843.70429  6.98%  89.2 12265s
 975254 365813 infeasible   55      1982.01279 1843.72669  6.98%  89.2 12272s
 975449 365969 1846.85890   86  296 1982.01279 1843.72669  6.98%  89.2 12278s
 976023 365973     cutoff   60      1982.01279 1843.75167  6.98%  89.2 12284s
 976128 366023 1917.85169   70  159 1982.01279 1843.76834  6.97%  89.2 12292s
 976397 366234 infeasible   60      1982.01279 1843.78976  6.97%  89.2 12298s
 977069 366269 1844.19546   53  173 1982.01279 1843.83461  6.97%  89.2 12304s
 977318 366457 1875.26730   44  224 1982.01279 1843.83922  6.97%  89.3 12312s
 977934 366465 infeasible   52      1982.01279 1843.87521  6.97%  89.3 12320s
 978042 366637 1897.42686   87  142 1982.01279 1843.89265  6.97%  89.3 12328s
 978511 366678 1899.40047   57  459 1982.01279 1843.90871  6.97%  89.3 12335s
 978766 366830 1943.25477   60  216 1982.01279 1843.91813  6.97%  89.3 12341s
 979379 366899 infeasible   66      1982.01279 1843.95574  6.97%  89.4 12346s
 979595 366975 1902.72177   88  149 1982.01279 1843.98179  6.96%  89.4 12351s
 979941 367002 infeasible   84      1982.01279 1844.00266  6.96%  89.4 12357s
 980136 367201 infeasible   54      1982.01279 1844.01248  6.96%  89.4 12363s
 980798 367231 1949.57482   67  135 1982.01279 1844.05039  6.96%  89.5 12373s
 980926 367423     cutoff   66      1982.01279 1844.05900  6.96%  89.5 12390s
 981680 367687 1936.62973   67   82 1982.01279 1844.11334  6.96%  89.5 12399s
 982723 367720     cutoff  116      1982.01279 1844.13912  6.96%  89.6 12407s
 982947 367893 1864.12198   80  170 1982.01279 1844.14869  6.96%  89.6 12415s
 983706 367969 infeasible   52      1982.01279 1844.21263  6.95%  89.6 12421s
 983922 368190 1901.90463   55  460 1982.01279 1844.21263  6.95%  89.6 12428s
 984735 368206 infeasible   49      1982.01279 1844.26184  6.95%  89.6 12436s
 984938 368424 1879.71497   58  114 1982.01279 1844.26184  6.95%  89.6 12442s
 985673 368447 infeasible   48      1982.01279 1844.30708  6.95%  89.6 12447s
 985820 368689 1941.49040   45  601 1982.01279 1844.33851  6.95%  89.6 12452s
 986554 368731 1905.27098   43  243 1982.01279 1844.35883  6.95%  89.6 12458s
 986740 368877 infeasible   49      1982.01279 1844.37314  6.94%  89.6 12463s
 987393 368897 infeasible   58      1982.01279 1844.41406  6.94%  89.7 12469s
 987551 369093 1866.16826   61  150 1982.01279 1844.43409  6.94%  89.7 12474s
 988342 369116 1846.60718   56  342 1982.01279 1844.48557  6.94%  89.7 12480s
 988504 369242 infeasible   41      1982.01279 1844.49955  6.94%  89.7 12485s
 988972 369275 infeasible   71      1982.01279 1844.54154  6.94%  89.7 12490s
 989177 369413 1848.84414   68  296 1982.01279 1844.55846  6.94%  89.7 12495s
 989675 369440 1901.78367   68   15 1982.01279 1844.58339  6.93%  89.7 12503s
 989801 369626 1974.10947   70   12 1982.01279 1844.59504  6.93%  89.7 12509s
 990415 369628 1852.08463   56  457 1982.01279 1844.62718  6.93%  89.7 12514s
 990581 369725 1855.10935   55  207 1982.01279 1844.63427  6.93%  89.8 12519s
 990851 369900 infeasible   85      1982.01279 1844.64033  6.93%  89.8 12525s
 991433 369981 1847.46252   76  261 1982.01279 1844.67101  6.93%  89.8 12534s
 991667 370190 1917.30188  101   90 1982.01279 1844.67831  6.93%  89.8 12542s
 992683 370245     cutoff   42      1982.01279 1844.73585  6.93%  89.8 12548s
 992881 370378 1906.75588   47  248 1982.01279 1844.73585  6.93%  89.8 12553s
 993270 370433 infeasible   48      1982.01279 1844.76943  6.92%  89.8 12558s
 993430 370670 1910.11051   65  437 1982.01279 1844.77900  6.92%  89.8 12564s
 994247 370677 1966.63173   83  125 1982.01279 1844.81161  6.92%  89.8 12569s
 994403 370734 1895.65730   40  164 1982.01279 1844.82740  6.92%  89.8 12574s
 994729 370752 infeasible   48      1982.01279 1844.84659  6.92%  89.9 12578s
 994914 370896 1899.08529   80  351 1982.01279 1844.86552  6.92%  89.9 12583s
 995475 370948 infeasible   50      1982.01279 1844.89261  6.92%  89.9 12589s
 995665 371010 1945.81097   59   24 1982.01279 1844.90565  6.92%  89.9 12594s
 995937 371027 1897.67417   79  237 1982.01279 1844.92445  6.92%  89.9 12600s
 996110 371177 1911.42007   43  437 1982.01279 1844.92445  6.92%  89.9 12605s
 996633 371202 infeasible   62      1982.01279 1844.96334  6.91%  89.9 12610s
 996798 371421 1958.03030   68    4 1982.01279 1844.99364  6.91%  90.0 12615s
 997700 371626 infeasible   55      1982.01279 1845.04246  6.91%  90.0 12623s
 998280 371639 1868.12781   81  937 1982.01279 1845.04759  6.91%  90.0 12628s
 998427 371859 1868.13294   95  937 1982.01279 1845.06689  6.91%  90.0 12635s
 999221 371901 1932.60493   72  323 1982.01279 1845.13114  6.91%  90.0 12640s
 999774 372004 infeasible   78      1982.01279 1845.16017  6.90%  90.0 12645s
 1000072 372084 1901.87584   58  241 1982.01279 1845.17195  6.90%  90.0 12655s
 1000350 372115 1909.30821   52  182 1982.01279 1845.19694  6.90%  90.0 12660s
 1000546 372237 infeasible   53      1982.01279 1845.21173  6.90%  90.0 12665s
 1001122 372273 infeasible   54      1982.01279 1845.22416  6.90%  90.1 12671s
 1001407 372458 1898.85554   55  397 1982.01279 1845.25309  6.90%  90.1 12676s
 1002031 372506 1937.86724   52   96 1982.01279 1845.28049  6.90%  90.1 12687s
 1002195 372926 infeasible   56      1982.01279 1845.28680  6.90%  90.1 12699s
 1003484 372958 1903.65919   64  391 1982.01279 1845.35219  6.90%  90.1 12704s
 1003619 373003 1861.03469   72  232 1982.01279 1845.35888  6.89%  90.1 12712s
 1003792 373270 1863.95215   75  141 1982.01279 1845.37448  6.89%  90.1 12719s
 1004656 373261 infeasible   62      1982.01279 1845.40044  6.89%  90.1 12724s
 1004773 373291 infeasible   77      1982.01279 1845.40979  6.89%  90.1 12730s
 1005332 373538 infeasible   65      1982.01279 1845.45648  6.89%  90.2 12739s
 1005669 373692 1913.75513   62   74 1982.01279 1845.47181  6.89%  90.2 12745s
 1006202 373756 infeasible   72      1982.01279 1845.50731  6.89%  90.2 12751s
 1006356 373923 infeasible   50      1982.01279 1845.51199  6.89%  90.2 12756s
 1006935 374004 infeasible   46      1982.01279 1845.54491  6.89%  90.2 12761s
 1007262 374290 infeasible   66      1982.01279 1845.57059  6.88%  90.2 12767s
 1008038 374367 infeasible   70      1982.01279 1845.59290  6.88%  90.2 12774s
 1008195 374501 1870.61469   53  216 1982.01279 1845.60512  6.88%  90.2 12779s
 1008817 374558 1897.97090   54  493 1982.01279 1845.63116  6.88%  90.2 12785s
 1009146 374649 1846.57241   72  183 1982.01279 1845.65724  6.88%  90.2 12791s
 1009451 374723 infeasible   52      1982.01279 1845.66816  6.88%  90.2 12796s
 1009785 374757 1942.40177   82  101 1982.01279 1845.69640  6.88%  90.2 12801s
 1009989 374885 1917.59323   70  173 1982.01279 1845.69759  6.88%  90.2 12807s
 1010522 374921     cutoff   60      1982.01279 1845.72715  6.88%  90.2 12813s
 1010741 375129 1957.17699   67  149 1982.01279 1845.73176  6.88%  90.2 12818s
 1011497 375137 1858.84010   49  396 1982.01279 1845.76824  6.87%  90.2 12825s
 1011571 375297 1908.51895   53  324 1982.01279 1845.76883  6.87%  90.2 12830s
 1012055 375311 1945.63813  131  168 1982.01279 1845.76883  6.87%  90.2 12839s
 1012157 375484 1968.49950   79  319 1982.01279 1845.78278  6.87%  90.2 12845s
 1012740 375642 infeasible   56      1982.01279 1845.81385  6.87%  90.2 12854s
 1013263 375695 1939.57607   55   57 1982.01279 1845.85298  6.87%  90.2 12858s
 1013472 375828 infeasible   86      1982.01279 1845.85856  6.87%  90.2 12863s
 1013993 375864 infeasible   46      1982.01279 1845.89116  6.87%  90.3 12867s
 1014186 375972 1850.01553   67  296 1982.01279 1845.90862  6.87%  90.3 12871s
 1014581 376014 infeasible   83      1982.01279 1845.91871  6.87%  90.3 12876s
 1014797 376134 1899.28073   81  224 1982.01279 1845.94048  6.87%  90.3 12880s
 1015649 376315 1966.00326   83  112 1982.01279 1846.00617  6.86%  90.3 12890s
 1016178 376349 1855.67914   61  222 1982.01279 1846.02091  6.86%  90.3 12895s
 1016249 376565 infeasible   68      1982.01279 1846.02485  6.86%  90.3 12901s
 1016862 376623 infeasible   55      1982.01279 1846.04699  6.86%  90.3 12906s
 1017011 376792 1928.80018   66   53 1982.01279 1846.07147  6.86%  90.3 12911s
 1017493 376867 1848.84369   43  381 1982.01279 1846.08147  6.86%  90.3 12917s
 1017775 377048 1902.78902   45  364 1982.01279 1846.08343  6.86%  90.3 12921s
 1018416 377149 infeasible   82      1982.01279 1846.13412  6.86%  90.3 12925s
 1018699 377220 1926.03411   57  271 1982.01279 1846.13840  6.86%  90.3 12930s
 1018985 377248 infeasible   57      1982.01279 1846.14017  6.86%  90.3 12935s
 1019185 377450 infeasible   64      1982.01279 1846.16358  6.85%  90.3 12940s
 1019829 377471 1915.27604   66  309 1982.01279 1846.18236  6.85%  90.3 12945s
 1020000 377537 infeasible   56      1982.01279 1846.19626  6.85%  90.4 12950s
 1020297 377595 1878.09631   62  242 1982.01279 1846.23800  6.85%  90.4 12956s
 1020498 377897 infeasible   79      1982.01279 1846.25271  6.85%  90.4 12961s
 1021176 377939 1847.37336   55  215 1982.01279 1846.27597  6.85%  90.4 12967s
 1021341 378082 infeasible   66      1982.01279 1846.28911  6.85%  90.4 12972s
 1021915 378138 1888.36937   79  118 1982.01279 1846.30572  6.85%  90.4 12977s
 1022149 378341 1920.06347   65  339 1982.01279 1846.33172  6.85%  90.4 12983s
 1022816 378361 infeasible   35      1982.01279 1846.35936  6.84%  90.4 12988s
 1022983 378579 1900.22236   73  145 1982.01279 1846.37745  6.84%  90.4 12997s
 1023547 378605 1847.35270   50  385 1982.01279 1846.40002  6.84%  90.4 13000s
 1023659 378846 1855.65057   50  477 1982.01279 1846.41962  6.84%  90.4 13005s
 1024428 379174 1952.07807   78  188 1982.01279 1846.44607  6.84%  90.4 13014s
 1025158 379210 infeasible   59      1982.01279 1846.47656  6.84%  90.4 13018s
 1025309 379473 1974.70632   48  315 1982.01279 1846.47674  6.84%  90.4 13022s
 1025995 379562 1848.69168   71  252 1982.01279 1846.49797  6.84%  90.4 13027s
 1026175 379753 1861.94918   55   58 1982.01279 1846.50048  6.84%  90.4 13031s
 1026790 379981 1923.99895   56  600 1982.01279 1846.53424  6.84%  90.4 13039s
 1027316 379997 1847.68455   49  344 1982.01279 1846.54083  6.84%  90.4 13043s
 1027405 380079 1976.56713   77  130 1982.01279 1846.55908  6.83%  90.4 13048s
 1027790 380158 1948.59725   61   44 1982.01279 1846.57796  6.83%  90.4 13053s
 1028111 380439     cutoff   73      1982.01279 1846.58858  6.83%  90.4 13057s
 1028690 380459 infeasible   61      1982.01279 1846.61088  6.83%  90.4 13062s
 1028824 380561 1872.54044   41  231 1982.01279 1846.61943  6.83%  90.4 13066s
 1029310 380585 1887.36805   49   94 1982.01279 1846.63865  6.83%  90.4 13070s
 1029683 380667 1865.17615   55  427 1982.01279 1846.65337  6.83%  90.4 13076s
 1029873 380783 1977.34919   69   62 1982.01279 1846.65998  6.83%  90.5 13080s
 1030463 381072 1917.05699   64   85 1982.01279 1846.69899  6.83%  90.5 13088s
 1031064 381135 1934.94434   77  155 1982.01279 1846.71864  6.83%  90.5 13092s
 1031280 381275 1941.00680   83  181 1982.01279 1846.72639  6.83%  90.5 13097s
 1031887 381383 infeasible   50      1982.01279 1846.74162  6.82%  90.5 13101s
 1032113 381618 1946.79882   64  352 1982.01279 1846.75704  6.82%  90.5 13106s
 1032690 381707 infeasible   82      1982.01279 1846.77940  6.82%  90.4 13111s
 1033068 381774 1971.61823   73   39 1982.01279 1846.78937  6.82%  90.4 13115s
 1033400 381850 1913.71471   53  216 1982.01279 1846.81561  6.82%  90.4 13125s
 1033701 381919 1850.47219   34  462 1982.01279 1846.83134  6.82%  90.5 13132s
 1033927 382273 1964.78939   51   93 1982.01279 1846.83134  6.82%  90.5 13141s
 1034985 382316 infeasible   87      1982.01279 1846.86701  6.82%  90.5 13145s
 1035137 382433 1918.80138   61  264 1982.01279 1846.88168  6.82%  90.5 13150s
 1035420 382629 1865.41959   58  218 1982.01279 1846.88168  6.82%  90.5 13156s
 1036284 382646 1913.43577   79  202 1982.01279 1846.92569  6.82%  90.5 13161s
 1036440 382847 1966.46042   52  125 1982.01279 1846.93312  6.82%  90.5 13167s
 1037168 382895 1974.52310   71  150 1982.01279 1846.94830  6.81%  90.5 13172s
 1037333 383086 1855.83148   70  308 1982.01279 1846.95160  6.81%  90.5 13176s
 1037881 383105 infeasible   51      1982.01279 1846.99004  6.81%  90.5 13181s
 1038015 383238 1960.43589   57   72 1982.01279 1846.99392  6.81%  90.5 13186s
 1038451 383270 1918.98911   63  133 1982.01279 1847.01291  6.81%  90.5 13191s
 1038654 383590 1929.65554   66  202 1982.01279 1847.02464  6.81%  90.5 13196s
 1039365 383609 infeasible   64      1982.01279 1847.04403  6.81%  90.5 13201s
 1039496 383711 1963.68214   77  280 1982.01279 1847.04990  6.81%  90.5 13206s
 1039719 383818 1912.16941   61  201 1982.01279 1847.04990  6.81%  90.5 13211s
 1040090 383861 1911.67737   59  190 1982.01279 1847.07199  6.81%  90.5 13215s
 1040187 383871 infeasible   84      1982.01279 1847.07466  6.81%  90.5 13220s
 1040280 383884 1886.57454   71   88 1982.01279 1847.08244  6.81%  90.5 13225s
 1040402 384010 1980.02627   54  207 1982.01279 1847.08873  6.81%  90.6 13230s
 1040917 384211 1906.94214   56   61 1982.01279 1847.10938  6.81%  90.6 13240s
 1041852 384424 1950.89556   58  300 1982.01279 1847.13776  6.80%  90.6 13250s
 1042442 384466 infeasible   64      1982.01279 1847.16116  6.80%  90.6 13255s
 1042610 384817 1979.05658   58  276 1982.01279 1847.17384  6.80%  90.6 13261s
 1043560 384827 infeasible   57      1982.01279 1847.19079  6.80%  90.5 13266s
 1043744 385135 1848.31651   50  203 1982.01279 1847.19889  6.80%  90.5 13279s
 1044670 385175 1898.36313   58  248 1982.01279 1847.22344  6.80%  90.5 13282s
 1044771 385256 1901.54931   65  255 1982.01279 1847.22344  6.80%  90.5 13287s
 1044986 385426 1847.71845   49  277 1982.01279 1847.22742  6.80%  90.5 13290s
 1045525 385571 infeasible   59      1982.01279 1847.26233  6.80%  90.5 13298s
 1045941 385589 1862.85040   72  203 1982.01279 1847.27369  6.80%  90.5 13301s
 1046086 385821     cutoff   69      1982.01279 1847.28522  6.80%  90.5 13305s
 1046789 386046 1855.52239   66  287 1982.01279 1847.30946  6.80%  90.5 13311s
 1047247 386063 infeasible   57      1982.01279 1847.31725  6.80%  90.5 13316s
 1047305 386123 1848.45361   59  331 1982.01279 1847.31725  6.80%  90.6 13320s
 1048112 386410 infeasible   76      1982.01279 1847.35405  6.79%  90.5 13328s
 1048301 386562     cutoff   50      1982.01279 1847.36060  6.79%  90.5 13333s
 1048733 386591 infeasible   58      1982.01279 1847.37597  6.79%  90.6 13337s
 1048914 386771 1979.80970   75   99 1982.01279 1847.38494  6.79%  90.6 13342s
 1049420 386835 infeasible   68      1982.01279 1847.40858  6.79%  90.6 13348s
 1049587 386932 1849.20581   54  338 1982.01279 1847.41158  6.79%  90.6 13352s
 1049984 386979 infeasible   52      1982.01279 1847.41530  6.79%  90.6 13356s
 1050147 387328 1944.32335   62  312 1982.01279 1847.42843  6.79%  90.6 13361s
 1050910 387339 infeasible   52      1982.01279 1847.45060  6.79%  90.6 13365s
 1051024 387621 1902.94439   65  407 1982.01279 1847.45367  6.79%  90.6 13370s
 1051780 387730 infeasible   60      1982.01279 1847.47131  6.79%  90.6 13378s
 1052134 387894 1900.23156   53  335 1982.01279 1847.48340  6.79%  90.6 13383s
 1052541 388049 1865.25759   90  256 1982.01279 1847.50231  6.79%  90.6 13388s
 1053033 388147 1899.50374   60  291 1982.01279 1847.51567  6.79%  90.6 13392s
 1053340 388358 1961.99510   84   60 1982.01279 1847.51794  6.79%  90.6 13397s
 1053820 388396 1915.21132   58  393 1982.01279 1847.53107  6.79%  90.6 13403s
 1053927 388590 1963.54795   62  193 1982.01279 1847.53107  6.79%  90.6 13408s
 1054455 388627 1924.50783   65  366 1982.01279 1847.53528  6.78%  90.6 13420s
 1054583 389445 1910.91660   63  123 1982.01279 1847.53957  6.78%  90.6 13440s
 1056340 389510 1902.36805  102  331 1982.01279 1847.57052  6.78%  90.6 13445s
 1056498 389650 infeasible   66      1982.01279 1847.57299  6.78%  90.6 13451s
 1056803 389944 1915.93207   72  188 1982.01279 1847.58771  6.78%  90.6 13456s
 1057472 390072 1915.46392   76  169 1982.01279 1847.59779  6.78%  90.6 13462s
 1057886 390202 1901.31217   59  246 1982.01279 1847.60698  6.78%  90.6 13467s
 1058210 390650 1873.32131   74  106 1982.01279 1847.61556  6.78%  90.6 13473s
 1059262 390696 1862.16908   67  117 1982.01279 1847.63409  6.78%  90.6 13478s
 1059395 390942 1900.52035   89  267 1982.01279 1847.63939  6.78%  90.6 13482s
 1059988 391023 infeasible   59      1982.01279 1847.65699  6.78%  90.6 13487s
 1060159 391325 1981.43597   86  218 1982.01279 1847.66545  6.78%  90.6 13491s
 1060739 391347     cutoff   87      1982.01279 1847.67322  6.78%  90.6 13495s
 1060833 391714     cutoff   74      1982.01279 1847.67725  6.78%  90.6 13500s
 1061748 391912 1849.00618   44  244 1982.01279 1847.68932  6.78%  90.6 13508s
 1062175 391986 1905.46201   73  258 1982.01279 1847.69216  6.78%  90.6 13514s
 1062354 392231     cutoff  126      1982.01279 1847.69693  6.78%  90.6 13518s
 1062815 392334 infeasible   59      1982.01279 1847.69693  6.78%  90.6 13522s
 1063050 392627 1937.84409   64   66 1982.01279 1847.70283  6.78%  90.6 13526s
 1063629 392679 infeasible   90      1982.01279 1847.71160  6.78%  90.6 13530s
 1063763 392760 1925.50512   62   51 1982.01279 1847.71674  6.78%  90.6 13535s
 1064001 392807     cutoff   67      1982.01279 1847.72019  6.78%  90.6 13540s
 1064718 393282 infeasible   87      1982.01279 1847.73419  6.77%  90.6 13554s
 1065173 393625 1901.74560   61  373 1982.01279 1847.74472  6.77%  90.6 13558s
 1065966 393706 1906.14563   89  166 1982.01279 1847.77370  6.77%  90.6 13561s
 1066526 393893 infeasible   69      1982.01279 1847.78218  6.77%  90.6 13569s
 1066610 394105 1898.30111   55  418 1982.01279 1847.78218  6.77%  90.6 13572s
 1067142 394131 1847.98376   67  323 1982.01279 1847.79135  6.77%  90.6 13576s
 1067284 394306 1980.46063   83  184 1982.01279 1847.80031  6.77%  90.6 13580s
 1067908 394648 1848.07208   55  202 1982.01279 1847.82298  6.77%  90.6 13587s
 1068541 394775 1873.51181   73  135 1982.01279 1847.83603  6.77%  90.6 13591s
 1069209 395124     cutoff   74      1982.01279 1847.84509  6.77%  90.6 13598s
 1069431 395298 1862.83546   52  183 1982.01279 1847.85165  6.77%  90.6 13603s
 1069817 395299 infeasible   61      1982.01279 1847.86140  6.77%  90.6 13607s
 1069856 395328 1885.88542   79  125 1982.01279 1847.86140  6.77%  90.6 13610s
 1069957 395368 1886.01070   81  127 1982.01279 1847.86140  6.77%  90.6 13618s
 1069969 395375 1886.64097   82  185 1982.01279 1847.86140  6.77%  90.6 13621s
 1070039 395398 1953.71726   82   95 1982.01279 1847.86350  6.77%  90.6 13627s
 1070078 395400 1950.70367   80   95 1982.01279 1847.86474  6.77%  90.6 13632s
 1070107 395415 1949.97063   82   99 1982.01279 1847.86538  6.77%  90.6 13636s
 1070135 395428 1887.30105   83  125 1982.01279 1847.86538  6.77%  90.6 13640s
 1070245 395466 1955.09806   84  100 1982.01279 1847.86595  6.77%  90.6 13647s
 1070294 395480 1951.43653   85   99 1982.01279 1847.86595  6.77%  90.6 13652s
 1070344 395490 1955.09806   85   99 1982.01279 1847.86906  6.77%  90.6 13658s
 1070397 395500 1954.29061   83   77 1982.01279 1847.86906  6.77%  90.6 13662s
 1070419 395531 1954.29061   84   76 1982.01279 1847.87069  6.77%  90.6 13674s
 1070479 395551 infeasible   85      1982.01279 1847.87069  6.77%  90.6 13680s
 1070524 395560 1953.61787   87  101 1982.01279 1847.87402  6.77%  90.6 13685s
 1070533 395572 infeasible   87      1982.01279 1847.87402  6.77%  90.6 13690s
 1070605 395603     cutoff   88      1982.01279 1847.87403  6.77%  90.6 13695s
 1070680 395657 infeasible   58      1982.01279 1847.87915  6.77%  90.6 13701s
 1070807 395760 1849.90141   51  370 1982.01279 1847.87915  6.77%  90.6 13708s
 1070978 395849 1849.90369   52  307 1982.01279 1847.87915  6.77%  90.6 13714s
 1071159 395887 1849.91512   53  343 1982.01279 1847.87915  6.77%  90.7 13719s
 1071260 395992 1971.55890   59  318 1982.01279 1847.89344  6.77%  90.7 13725s
 1071477 396087 1954.56623   82  152 1982.01279 1847.89714  6.77%  90.7 13731s
 1071753 396146 infeasible   77      1982.01279 1847.90383  6.77%  90.6 13738s
 1071977 396210     cutoff   70      1982.01279 1847.90612  6.77%  90.6 13745s
 1072203 396297 1875.78023   74   49 1982.01279 1847.90819  6.77%  90.7 13752s
 1072405 396699 infeasible   91      1982.01279 1847.90977  6.77%  90.7 13759s
 1073299 396853 infeasible   50      1982.01279 1847.92677  6.77%  90.7 13766s
 1073607 397170 1931.49333   62  238 1982.01279 1847.93713  6.76%  90.7 13772s
 1074336 397257 1930.90034   71  168 1982.01279 1847.94585  6.76%  90.7 13779s
 1074548 397706 1887.29748   77  126 1982.01279 1847.95251  6.76%  90.7 13785s
 1075678 397741 infeasible   79      1982.01279 1847.97589  6.76%  90.7 13795s
 1075801 398587 1891.41868   80  131 1982.01279 1847.98477  6.76%  90.7 13811s
 1077963 398588 infeasible   81      1982.01279 1848.02460  6.76%  90.7 13815s
 1078074 398635 1917.00658   72  183 1982.01279 1848.02585  6.76%  90.7 13822s
 1078162 398701 1917.43443   54  382 1982.01279 1848.02840  6.76%  90.7 13826s
 1078310 398856     cutoff   67      1982.01279 1848.02943  6.76%  90.7 13830s
 1078643 398923     cutoff   60      1982.01279 1848.03519  6.76%  90.7 13835s
 1079410 399264 1896.11512   69   85 1982.01279 1848.05811  6.76%  90.7 13843s
 1079540 399547 1950.21845   76  180 1982.01279 1848.05978  6.76%  90.7 13847s
 1080167 399599 infeasible   89      1982.01279 1848.07454  6.76%  90.7 13851s
 1080325 399855 1906.12581   71  320 1982.01279 1848.07757  6.76%  90.7 13855s
 1080957 399956 1851.70008   64  154 1982.01279 1848.08957  6.76%  90.7 13863s
 1081278 400228 1889.09241   80  330 1982.01279 1848.09404  6.76%  90.7 13867s
 1081845 400283 1874.05105   62  107 1982.01279 1848.09789  6.76%  90.7 13872s
 1082021 400521 1976.78467   83  113 1982.01279 1848.09789  6.76%  90.7 13876s
 1082674 400548 1897.86847   64  327 1982.01279 1848.11055  6.76%  90.7 13881s
 1082762 400826 1934.67997   70  338 1982.01279 1848.11371  6.76%  90.7 13885s
 1083365 400831 1930.19786   74  267 1982.01279 1848.12921  6.75%  90.7 13890s
 1083441 401076 1980.85285   83  295 1982.01279 1848.13173  6.75%  90.7 13895s
 1084008 401118 infeasible   77      1982.01279 1848.13984  6.75%  90.7 13900s
 1084145 401421 1893.00551   59  409 1982.01279 1848.14423  6.75%  90.8 13905s
 1084634 401454 1930.24017   74  122 1982.01279 1848.14815  6.75%  90.8 13911s
 1084760 401719 infeasible   97      1982.01279 1848.15156  6.75%  90.8 13915s
 1085438 401979 1851.86838   58  234 1982.01279 1848.16289  6.75%  90.8 13923s
 1086024 402056 1966.24729   63  181 1982.01279 1848.17536  6.75%  90.8 13932s
 1086218 402737 1961.53975   61  190 1982.01279 1848.17923  6.75%  90.8 13942s
 1087659 402842 1936.71608   81  209 1982.01279 1848.20187  6.75%  90.8 13946s
 1087802 402971     cutoff  101      1982.01279 1848.20263  6.75%  90.8 13951s
 1088029 403238 1912.90149   69  272 1982.01279 1848.20368  6.75%  90.8 13955s
 1088873 403411 infeasible   48      1982.01279 1848.21743  6.75%  90.8 13962s
 1088968 403750 1891.47216   53  240 1982.01279 1848.21919  6.75%  90.8 13966s
 1089761 404032 1964.07307   74  357 1982.01279 1848.23322  6.75%  90.8 13973s
 1090349 404109 1917.37139   75  451 1982.01279 1848.24766  6.75%  90.8 13978s
 1090471 404383 1917.16213   77  451 1982.01279 1848.24921  6.75%  90.8 13981s
 1091125 404431 1946.54320   83  196 1982.01279 1848.25964  6.75%  90.8 13985s
 1091755 404624 infeasible  107      1982.01279 1848.27276  6.75%  90.8 13992s
 1091848 404737 1906.94087   52  694 1982.01279 1848.28127  6.75%  90.8 13995s
 1092276 404788 infeasible   58      1982.01279 1848.29546  6.75%  90.9 14000s
 1093020 405059 1930.21065   57   57 1982.01279 1848.31240  6.75%  90.9 14007s
 1093142 405331 1848.54514   37  311 1982.01279 1848.31989  6.75%  90.9 14011s
 1093735 405366 infeasible   80      1982.01279 1848.33437  6.74%  90.9 14016s
 1093792 405575 1943.34344   90  214 1982.01279 1848.33437  6.74%  90.9 14020s
 1094404 405875 1964.42597   59  306 1982.01279 1848.35645  6.74%  90.9 14027s
 1095023 405913 1907.35884   82  434 1982.01279 1848.36135  6.74%  90.9 14030s
 1095831 406273 infeasible   72      1982.01279 1848.38216  6.74%  90.9 14037s
 1096025 406427 1850.88960   60  386 1982.01279 1848.39379  6.74%  90.9 14041s
 1096465 406453     cutoff   52      1982.01279 1848.40106  6.74%  90.9 14049s
 1096600 406960 1961.58481   69  218 1982.01279 1848.40127  6.74%  90.9 14062s
 1097950 407010 1848.51063   75  310 1982.01279 1848.43569  6.74%  90.9 14067s
 1098060 407123     cutoff   93      1982.01279 1848.43569  6.74%  90.9 14073s
 1098392 407338 1974.51444   69   93 1982.01279 1848.43569  6.74%  90.9 14079s
 1098957 407424 1861.68353   58  467 1982.01279 1848.47653  6.74%  90.9 14084s
 1099182 407622     cutoff   56      1982.01279 1848.48519  6.74%  91.0 14089s
 1099681 407620 infeasible   72      1982.01279 1848.49711  6.74%  90.9 14094s
 1099691 407621 1865.71630   64  136 1982.01279 1848.49951  6.74%  91.0 14099s
 1099732 407670 1865.71630   65  136 1982.01279 1848.49962  6.74%  91.0 14105s
 1099911 407702 1890.43408   71  354 1982.01279 1848.50219  6.74%  91.0 14111s
 1100087 407847 1956.94098   53  198 1982.01279 1848.51141  6.74%  91.0 14118s
 1100423 408189 1967.31358   52  379 1982.01279 1848.52305  6.74%  91.0 14125s
 1101105 408288 1888.24014   61   95 1982.01279 1848.52791  6.73%  91.0 14131s
 1101279 408608 1887.76799   69  128 1982.01279 1848.53034  6.73%  91.0 14136s
 1102106 408695 infeasible   46      1982.01279 1848.54994  6.73%  91.0 14143s
 1102296 409022 1872.07695   75   30 1982.01279 1848.55322  6.73%  91.0 14149s
 1103166 409158 1888.67200   79   98 1982.01279 1848.57078  6.73%  91.0 14154s
 1103504 409356 1873.63705   60  384 1982.01279 1848.57823  6.73%  91.0 14160s
 1104080 409489 infeasible   66      1982.01279 1848.61775  6.73%  91.0 14166s
 1104383 409814 1964.42164   63  381 1982.01279 1848.62421  6.73%  91.0 14171s
 1105117 409868 1936.09471   55  395 1982.01279 1848.63717  6.73%  91.0 14176s
 1105295 410157 1891.55129   61  134 1982.01279 1848.64232  6.73%  91.0 14181s
 1105972 410210 1941.52599   65  134 1982.01279 1848.65709  6.73%  91.0 14186s
 1106222 410496 1916.20826   69  218 1982.01279 1848.66683  6.73%  91.0 14190s
 1106933 410521 infeasible   89      1982.01279 1848.68058  6.73%  91.0 14198s
 1107050 411201     cutoff   71      1982.01279 1848.68518  6.73%  91.0 14216s
 1108616 411275 infeasible   45      1982.01279 1848.72455  6.72%  91.0 14222s
 1108771 411548 1919.49550   70  365 1982.01279 1848.72683  6.72%  91.1 14227s
 1109425 411584 1917.03968   77  161 1982.01279 1848.73632  6.72%  91.1 14232s
 1109570 411805 1892.15124   80  256 1982.01279 1848.74816  6.72%  91.1 14237s
 1110091 411961 1925.28139   94  165 1982.01279 1848.77042  6.72%  91.1 14242s
 1110457 412337 1955.91645   70  166 1982.01279 1848.78188  6.72%  91.1 14247s
 1111330 412372 infeasible   79      1982.01279 1848.80061  6.72%  91.1 14251s
 1111438 412719 1916.29621   69  380 1982.01279 1848.80177  6.72%  91.1 14255s
 1112342 412982 1887.02451   69  129 1982.01279 1848.81203  6.72%  91.1 14263s
 1112755 413092 1882.22118   70  149 1982.01279 1848.82848  6.72%  91.1 14267s
 1113013 413245 1871.03574   78  107 1982.01279 1848.84254  6.72%  91.1 14271s
 1113343 413319 1848.95722   59  307 1982.01279 1848.85060  6.72%  91.1 14275s
 1114265 413698 1967.22162   90  196 1982.01279 1848.85991  6.72%  91.1 14283s
 1114475 413944 1941.88971   62   43 1982.01279 1848.86620  6.72%  91.1 14286s
 1115088 414014 infeasible   77      1982.01279 1848.88042  6.72%  91.1 14290s
 1115225 414250 1936.92964   89  240 1982.01279 1848.88427  6.72%  91.1 14295s
 1116093 414663 1958.38691  113  110 1982.01279 1848.89706  6.72%  91.1 14304s
 1116761 414726     cutoff   89      1982.01279 1848.90868  6.72%  91.1 14308s
 1116900 414977 1921.25719   93  685 1982.01279 1848.91011  6.72%  91.1 14313s
 1117478 415097 1969.71140   64  183 1982.01279 1848.91232  6.72%  91.1 14323s
 1117712 415638 1927.38523   97  196 1982.01279 1848.91658  6.72%  91.1 14332s
 1119010 415745 infeasible   71      1982.01279 1848.95093  6.71%  91.1 14336s
 1119185 415886 1849.35770   67  319 1982.01279 1848.95155  6.71%  91.1 14340s
 1119468 415971     cutoff   77      1982.01279 1848.95729  6.71%  91.1 14345s
 1120067 416147 infeasible   73      1982.01279 1848.97358  6.71%  91.1 14352s
 1120186 416500 1904.08903   63  434 1982.01279 1848.97358  6.71%  91.1 14357s
 1120882 416531 infeasible  103      1982.01279 1848.99557  6.71%  91.1 14361s
 1120982 416799 1881.76025   59  139 1982.01279 1848.99716  6.71%  91.1 14366s
 1121605 416902 1958.10653   71  204 1982.01279 1849.00538  6.71%  91.1 14370s
 1122302 417192     cutoff   75      1982.01279 1849.01905  6.71%  91.1 14379s
 1122419 417397 1871.32493   64  162 1982.01279 1849.03350  6.71%  91.1 14383s
 1122911 417448 1904.38886   61  404 1982.01279 1849.04755  6.71%  91.1 14388s
 1123014 417667 1940.91009   75  329 1982.01279 1849.04840  6.71%  91.1 14393s
 1123574 417711 1888.19061   61  323 1982.01279 1849.05854  6.71%  91.1 14397s
 1123741 417982 infeasible   59      1982.01279 1849.06762  6.71%  91.1 14400s
 1124332 418032 1890.10433   66  119 1982.01279 1849.08254  6.71%  91.1 14405s
 1125006 418289 infeasible   84      1982.01279 1849.09489  6.71%  91.2 14414s
 1125111 418560 infeasible   76      1982.01279 1849.09777  6.71%  91.2 14418s
 1125692 418611 1849.71446   52  405 1982.01279 1849.10333  6.71%  91.2 14422s
 1125781 418689 infeasible   58      1982.01279 1849.10955  6.71%  91.2 14425s
 1126029 418762 1923.33126   78  178 1982.01279 1849.11346  6.71%  91.2 14430s
 1126671 419038 1954.38576   64  141 1982.01279 1849.14144  6.70%  91.2 14438s
 1126816 419258 1936.52392   75  220 1982.01279 1849.14567  6.70%  91.2 14442s
 1127468 419298     cutoff   73      1982.01279 1849.16594  6.70%  91.2 14446s
 1127588 419431 1954.54482   75   48 1982.01279 1849.17378  6.70%  91.2 14451s
 1127944 419465 1909.70408   64  437 1982.01279 1849.18252  6.70%  91.2 14461s
 1128036 420177 1958.74628   67  369 1982.01279 1849.18252  6.70%  91.2 14480s
 1130297 420352     cutoff   85      1982.01279 1849.25954  6.70%  91.3 14489s
 1130500 420532 1951.89082   59  201 1982.01279 1849.27184  6.70%  91.3 14493s
 1131066 420558 infeasible   73      1982.01279 1849.28416  6.70%  91.3 14499s
 1131203 420760 1970.94397   56  293 1982.01279 1849.28916  6.70%  91.3 14504s
 1131719 420807 1969.84971   54  290 1982.01279 1849.29268  6.70%  91.3 14509s
 1131830 420948 1882.86519   60  123 1982.01279 1849.29268  6.70%  91.3 14513s
 1132104 421145 1948.05943   86  129 1982.01279 1849.29268  6.70%  91.3 14518s
 1132680 421166 1908.13619   67  128 1982.01279 1849.33969  6.69%  91.4 14523s
 1132807 421399 1930.40388   67   77 1982.01279 1849.34363  6.69%  91.4 14528s
 1133461 421456 1850.05352   42  385 1982.01279 1849.36425  6.69%  91.4 14533s
 1133629 421561 1955.63034   89   97 1982.01279 1849.36847  6.69%  91.4 14538s
 1133911 421610 1904.22880   47  409 1982.01279 1849.36924  6.69%  91.4 14543s
 1134055 421721     cutoff   62      1982.01279 1849.36924  6.69%  91.4 14548s
 1134343 421899 infeasible   52      1982.01279 1849.38998  6.69%  91.4 14554s
 1134886 421961 infeasible   73      1982.01279 1849.40149  6.69%  91.4 14558s
 1135010 422225 1882.85552   74  370 1982.01279 1849.40553  6.69%  91.4 14563s
 1135638 422265 1872.73026   71  196 1982.01279 1849.42756  6.69%  91.4 14568s
 1135752 422573 1926.98675   73  241 1982.01279 1849.43309  6.69%  91.5 14573s
 1136382 422609 1947.25312   81  217 1982.01279 1849.44570  6.69%  91.4 14578s
 1136568 422895     cutoff   53      1982.01279 1849.45992  6.69%  91.4 14583s
 1137288 422938 1917.93473   78  736 1982.01279 1849.47472  6.69%  91.5 14588s
 1137480 423208 infeasible   97      1982.01279 1849.47922  6.69%  91.5 14592s
 1138212 423253 infeasible   58      1982.01279 1849.50164  6.69%  91.5 14602s
 1138408 423617 1867.16625   49  106 1982.01279 1849.50698  6.69%  91.5 14610s
 1139216 423682 1884.01823   62  137 1982.01279 1849.52668  6.68%  91.5 14619s
 1139359 424068 1860.65133   36  563 1982.01279 1849.53097  6.68%  91.5 14631s
 1140347 424084 1914.93342   60  412 1982.01279 1849.54802  6.68%  91.5 14638s
 1140411 424190 1954.50951   61  128 1982.01279 1849.54917  6.68%  91.5 14647s
 1140671 424399 1904.52108   41  505 1982.01279 1849.56089  6.68%  91.5 14655s
 1141151 424436 infeasible   56      1982.01279 1849.56693  6.68%  91.5 14661s
 1141286 424712 1855.15012   57  275 1982.01279 1849.57151  6.68%  91.5 14668s
 1141999 424736 infeasible   66      1982.01279 1849.60151  6.68%  91.5 14676s
 1142100 424761 1950.38059   77  127 1982.01279 1849.60204  6.68%  91.6 14684s
 1142213 424912 1935.62921   63  375 1982.01279 1849.60692  6.68%  91.6 14695s
 1142661 424970 1909.77976   59   67 1982.01279 1849.61799  6.68%  91.6 14701s
 1142881 425159 1873.99421   72  289 1982.01279 1849.62815  6.68%  91.6 14710s
 1143450 425209 infeasible   79      1982.01279 1849.64218  6.68%  91.6 14717s
 1143595 425533 1851.66181   41  151 1982.01279 1849.64689  6.68%  91.6 14725s
 1144354 425560 infeasible   54      1982.01279 1849.65366  6.68%  91.6 14732s
 1144499 425785 1915.05299   65  480 1982.01279 1849.66310  6.68%  91.6 14739s
 1145043 425854 1873.55915   89   71 1982.01279 1849.67754  6.68%  91.7 14746s
 1145243 426111 1850.73972   42  420 1982.01279 1849.68567  6.68%  91.7 14759s
 1145407 426111 1963.73209   82  213 1982.01279 1849.68567  6.68%  91.7 14760s
 1145970 426160 infeasible   56      1982.01279 1849.71120  6.68%  91.7 14768s
 1146145 426372 infeasible  101      1982.01279 1849.71473  6.67%  91.7 14780s
 1146743 426394 infeasible   59      1982.01279 1849.74477  6.67%  91.7 14788s
 1146898 426627 1950.41087   82  211 1982.01279 1849.75617  6.67%  91.7 14798s
 1147529 426696 infeasible   78      1982.01279 1849.76258  6.67%  91.7 14803s
 1147673 426920 1863.72715   89  213 1982.01279 1849.76572  6.67%  91.7 14812s
 1148312 426973 1949.43953   88   62 1982.01279 1849.80136  6.67%  91.7 14819s
 1148528 427241     cutoff   75      1982.01279 1849.80840  6.67%  91.7 14832s
 1149123 427255 infeasible   72      1982.01279 1849.81607  6.67%  91.7 14838s
 1149243 427387 1897.33150   87  311 1982.01279 1849.82891  6.67%  91.7 14845s
 1149603 427430 1887.49018   81  305 1982.01279 1849.83414  6.67%  91.7 14852s
 1149713 427588 1916.89275   93  143 1982.01279 1849.84341  6.67%  91.7 14858s
 1149985 427963 1970.73007  109   94 1982.01279 1849.84341  6.67%  91.7 14869s
 1150840 427979     cutoff  121      1982.01279 1849.86347  6.67%  91.7 14875s
 1150930 428139 1959.17014   79  422 1982.01279 1849.86848  6.67%  91.7 14882s
 1151375 428143 1869.31976   58  189 1982.01279 1849.87881  6.67%  91.7 14888s
 1151459 428420 1850.09196   58  139 1982.01279 1849.88192  6.67%  91.7 14897s
 1152175 428455 infeasible  111      1982.01279 1849.90065  6.67%  91.7 14902s
 1152287 428537 1874.46768   57  276 1982.01279 1849.90065  6.67%  91.7 14909s
 1152543 428743 1934.95101   57  217 1982.01279 1849.90794  6.67%  91.7 14918s
 1153063 428765 1971.34141   66  194 1982.01279 1849.92530  6.66%  91.8 14926s
 1153159 428959 1850.03873   60  332 1982.01279 1849.92948  6.66%  91.8 14937s
 1153729 429004 1886.78628   63  262 1982.01279 1849.94167  6.66%  91.8 14944s
 1153886 429294 1965.57671   76   75 1982.01279 1849.94167  6.66%  91.8 14951s
 1154444 429321     cutoff  111      1982.01279 1849.97223  6.66%  91.8 14957s
 1154548 429664 1888.64501   68  304 1982.01279 1849.97845  6.66%  91.8 14963s
 1155185 429704 infeasible   39      1982.01279 1849.98635  6.66%  91.8 14969s
 1155328 429974 1873.44082   65  261 1982.01279 1849.99311  6.66%  91.8 14978s
 1155927 430024 1950.56342   76  134 1982.01279 1850.00480  6.66%  91.8 14984s
 1156143 430244 1881.13097   59  252 1982.01279 1850.00980  6.66%  91.8 14993s
 1156705 430295 1926.00709   67  323 1982.01279 1850.02849  6.66%  91.8 14998s
 1156864 430533 1961.24921   64   23 1982.01279 1850.03298  6.66%  91.8 15004s
 1157420 430607 infeasible   73      1982.01279 1850.04286  6.66%  91.8 15010s
 1157597 430791 1886.13582   66  245 1982.01279 1850.04758  6.66%  91.8 15019s
 1158202 430865 infeasible   87      1982.01279 1850.05716  6.66%  91.9 15024s
 1158423 431224 infeasible   77      1982.01279 1850.07016  6.66%  91.8 15033s
 1159148 431314 1942.88122   96  329 1982.01279 1850.07391  6.66%  91.8 15044s
 1159419 431880 1890.13294   66  103 1982.01279 1850.09439  6.66%  91.8 15061s
 1160469 431944 1944.75240   71  137 1982.01279 1850.10848  6.66%  91.8 15065s
 1160604 432109 1973.70604   73  309 1982.01279 1850.10848  6.66%  91.8 15074s
 1161078 432136 infeasible   64      1982.01279 1850.12062  6.65%  91.8 15081s
 1161187 432348 1972.23424   70  260 1982.01279 1850.12206  6.65%  91.8 15089s
 1161718 432397 1981.51594   78  184 1982.01279 1850.12693  6.65%  91.8 15096s
 1161816 432637 infeasible   75      1982.01279 1850.13005  6.65%  91.9 15108s
 1162404 432697 1980.55263   64  189 1982.01279 1850.15311  6.65%  91.9 15116s
 1162562 433003 1967.95556  109   18 1982.01279 1850.15375  6.65%  91.9 15125s
 1163107 433039 1912.78571   84  350 1982.01279 1850.16541  6.65%  91.9 15130s
 1163263 433286 1904.68122   63  391 1982.01279 1850.17086  6.65%  91.9 15139s
 1163863 433373 infeasible   77      1982.01279 1850.18369  6.65%  91.9 15144s
 1164031 433650     cutoff  110      1982.01279 1850.18615  6.65%  91.9 15154s
 1164736 433716 1855.35042   70  185 1982.01279 1850.20602  6.65%  91.9 15159s
 1164875 433916 1943.13433   88  232 1982.01279 1850.20763  6.65%  91.9 15168s
 1165321 433975     cutoff   69      1982.01279 1850.21027  6.65%  91.9 15175s
 1165468 434216 1929.30178   76  268 1982.01279 1850.21254  6.65%  91.9 15185s
 1166045 434242 1863.84823   80  206 1982.01279 1850.22957  6.65%  91.9 15192s
 1166141 434398 1916.12540   71  473 1982.01279 1850.23346  6.65%  91.9 15209s
 1166456 434438     cutoff   90      1982.01279 1850.23346  6.65%  91.9 15215s
 1166598 434653 1882.95549   83  207 1982.01279 1850.24321  6.65%  91.9 15223s
 1167053 434691 1920.64284   77  326 1982.01279 1850.25653  6.65%  91.9 15228s
 1167177 434988 1852.31237   54  298 1982.01279 1850.26495  6.65%  91.9 15237s
 1167782 435049 1940.97844   59  124 1982.01279 1850.27264  6.65%  91.9 15244s
 1167915 435389 1850.36005   62  300 1982.01279 1850.27839  6.65%  91.9 15252s
 1168570 435424 infeasible   49      1982.01279 1850.28280  6.65%  91.9 15258s
 1168702 435545 1867.48891   70   84 1982.01279 1850.29337  6.65%  91.9 15264s
 1169165 435596 1904.06853   71  419 1982.01279 1850.29882  6.65%  92.0 15268s
 1169300 435830 1954.95935   96   63 1982.01279 1850.29882  6.65%  92.0 15276s
 1169862 435844 infeasible   51      1982.01279 1850.31217  6.64%  92.0 15288s
 1169973 436554 1876.17435   60  225 1982.01279 1850.31217  6.64%  92.0 15327s
 1171827 436627 infeasible   97      1982.01279 1850.36797  6.64%  92.0 15333s
 1171993 436745 1977.00140   72  190 1982.01279 1850.37188  6.64%  92.0 15341s
 1172276 436880 1853.34067   69  319 1982.01279 1850.38073  6.64%  92.0 15352s
 1172784 436906 1937.83144   64   38 1982.01279 1850.40336  6.64%  92.0 15359s
 1172933 437313 1966.19968   76  207 1982.01279 1850.40863  6.64%  92.0 15373s
 1173828 437371 1920.50356   77  257 1982.01279 1850.42387  6.64%  92.0 15380s
 1173959 437806 1966.35344   87  119 1982.01279 1850.42387  6.64%  92.0 15395s
 1174901 437831     cutoff  134      1982.01279 1850.43997  6.64%  92.0 15402s
 1174980 437885 1858.62950   68  295 1982.01279 1850.44318  6.64%  92.0 15407s
 1175131 438076 1858.62950   69  296 1982.01279 1850.44318  6.64%  92.0 15420s
 1175669 438115 1944.81813   72  263 1982.01279 1850.46885  6.64%  92.0 15426s
 1175739 438277 1956.98817   77  151 1982.01279 1850.47222  6.64%  92.0 15432s
 1176260 438362 1908.37582   73  140 1982.01279 1850.48798  6.64%  92.0 15440s
 1176446 438684 1925.37473   75  389 1982.01279 1850.49161  6.64%  92.0 15448s
 1177112 438751 1873.41601   66  299 1982.01279 1850.50696  6.63%  92.0 15452s
 1177250 439029 1885.54401   73   90 1982.01279 1850.51729  6.63%  92.0 15462s
 1177819 439103 infeasible   68      1982.01279 1850.53040  6.63%  92.0 15469s
 1178010 439417 1959.62481   63  340 1982.01279 1850.53163  6.63%  92.0 15478s
 1178742 439457 infeasible   55      1982.01279 1850.55693  6.63%  92.0 15484s
 1178871 439685 1866.32732   80  173 1982.01279 1850.55832  6.63%  92.0 15491s
 1179448 439683 infeasible   78      1982.01279 1850.57396  6.63%  92.0 15496s
 1179541 439853 1974.09531   54   57 1982.01279 1850.58088  6.63%  92.0 15503s
 1179897 439905 1972.31266   81  129 1982.01279 1850.58870  6.63%  92.0 15508s
 1180029 440127     cutoff   76      1982.01279 1850.59100  6.63%  92.0 15515s
 1180551 440202     cutoff   72      1982.01279 1850.60103  6.63%  92.0 15528s
 1180808 440562 1867.55495   73  200 1982.01279 1850.60685  6.63%  92.0 15557s
 1181749 440597     cutoff   80      1982.01279 1850.62226  6.63%  92.0 15562s
 1181895 440843 infeasible   63      1982.01279 1850.62997  6.63%  92.0 15577s
 1182575 440873 infeasible   88      1982.01279 1850.63623  6.63%  92.0 15585s
 1182689 441139 1904.52975   84  240 1982.01279 1850.64583  6.63%  92.0 15598s
 1183256 441202 1956.03178   80   18 1982.01279 1850.66604  6.63%  92.0 15606s
 1183437 441424 1893.37260   74  257 1982.01279 1850.67948  6.63%  92.0 15614s
 1183949 441491 infeasible   78      1982.01279 1850.68131  6.63%  92.0 15621s
 1184139 441740 1903.97231   60  497 1982.01279 1850.68748  6.63%  92.0 15632s
 1184629 441806 infeasible   84      1982.01279 1850.69111  6.63%  92.1 15638s
 1184740 441992 1933.43958   73  238 1982.01279 1850.69267  6.63%  92.1 15648s
 1185265 442050 1889.92628   55  147 1982.01279 1850.70492  6.62%  92.1 15654s
 1185409 442305 1907.05734   73   97 1982.01279 1850.71826  6.62%  92.1 15665s
 1186057 442383     cutoff   45      1982.01279 1850.72470  6.62%  92.1 15672s
 1186222 442653 1912.50272   70  113 1982.01279 1850.73225  6.62%  92.1 15684s
 1186767 442729     cutoff   68      1982.01279 1850.74091  6.62%  92.1 15690s
 1186965 443132 1936.87982   79  117 1982.01279 1850.74281  6.62%  92.1 15704s
 1187897 443175 infeasible   85      1982.01279 1850.75619  6.62%  92.0 15717s
 1188035 443587 1963.56226   88  250 1982.01279 1850.75900  6.62%  92.1 15730s
 1188910 443607 1951.64020   85  359 1982.01279 1850.77180  6.62%  92.0 15735s
 1188976 443808 1977.01194   85  112 1982.01279 1850.77180  6.62%  92.0 15745s
 1189454 443863 1865.29504   81  231 1982.01279 1850.78612  6.62%  92.0 15752s
 1189579 444007 1867.25747   77  263 1982.01279 1850.78858  6.62%  92.0 15765s
 1190039 444132 1949.42722   60   27 1982.01279 1850.80092  6.62%  92.0 15773s
 1190274 444418 1926.49516   89  241 1982.01279 1850.80781  6.62%  92.0 15788s
 1190878 444508 1902.53286   52  240 1982.01279 1850.81948  6.62%  92.0 15805s
 1191056 445180 1851.10174   66  317 1982.01279 1850.82100  6.62%  92.0 15847s
 1192757 445237 1865.86420   76  135 1982.01279 1850.85439  6.62%  92.0 15855s
 1192868 445240 1867.14848   81  292 1982.01279 1850.85439  6.62%  92.0 15861s
 1192879 445257 1879.38399   82  269 1982.01279 1850.85768  6.62%  92.0 15869s
 1192950 445299 1850.95561   84  283 1982.01279 1850.85857  6.62%  92.0 15875s
 1193034 445407 1950.61178   56   69 1982.01279 1850.86100  6.62%  92.0 15889s
 1193323 445746     cutoff  108      1982.01279 1850.86861  6.62%  92.0 15909s
 1193520 445746 1850.91661   63  324 1982.01279 1850.86861  6.62%  92.0 15910s
 1193979 445795 1947.17320   85  181 1982.01279 1850.87366  6.62%  92.1 15915s
 1194118 445969 infeasible  102      1982.01279 1850.87522  6.62%  92.1 15933s
 1194542 446006 1907.87333   74   80 1982.01279 1850.88793  6.62%  92.1 15940s
 1194635 446164 infeasible  102      1982.01279 1850.88959  6.62%  92.1 15956s
 1195101 446175 1946.53357   72  295 1982.01279 1850.89745  6.62%  92.1 15969s
 1195165 446212 1854.77553   40  376 1982.01279 1850.89898  6.62%  92.1 15980s
 1195361 446477 1905.55887   73   74 1982.01279 1850.90231  6.62%  92.1 15999s
 1196100 446514 infeasible   63      1982.01279 1850.91023  6.61%  92.1 16011s
 1196211 446734 1859.18788   65  123 1982.01279 1850.91506  6.61%  92.1 16024s
 1196664 446847 infeasible   79      1982.01279 1850.91872  6.61%  92.1 16036s
 1196966 446967 1896.72381   82  316 1982.01279 1850.92256  6.61%  92.1 16051s
 1197346 447032 1968.31680   63   62 1982.01279 1850.92731  6.61%  92.1 16063s
 1197560 447179 1962.10088   92  114 1982.01279 1850.93700  6.61%  92.1 16077s
 1197936 447183 infeasible  115      1982.01279 1850.93777  6.61%  92.1 16087s
 1198054 447264 1941.09926   66   92 1982.01279 1850.95029  6.61%  92.2 16098s
 1198228 447476 1947.37123   75  317 1982.01279 1850.95537  6.61%  92.2 16117s
 1198684 447566 1898.85398   78   83 1982.01279 1850.96064  6.61%  92.2 16128s
 1198900 447802 infeasible  135      1982.01279 1850.96113  6.61%  92.2 16146s
 1199403 447854 1866.14670   80  338 1982.01279 1850.97147  6.61%  92.2 16154s
 1199540 448203 1864.62784   72  281 1982.01279 1850.98065  6.61%  92.2 16168s
 1200183 448240 1943.90785   70  259 1982.01279 1850.98537  6.61%  92.2 16175s
 1200296 448532 1866.23024   71  297 1982.01279 1850.98537  6.61%  92.2 16195s
 1200977 448593 1974.26252   64  282 1982.01279 1851.00374  6.61%  92.2 16207s
 1201137 448872 infeasible   57      1982.01279 1851.01294  6.61%  92.2 16230s
 1201675 448886 1918.14070   58  350 1982.01279 1851.02014  6.61%  92.2 16238s
 1201739 449114 1905.07400   59  445 1982.01279 1851.02119  6.61%  92.2 16252s
 1202286 449157 1919.34996   84  345 1982.01279 1851.03387  6.61%  92.2 16264s
 1202462 449491 1969.47723   52  117 1982.01279 1851.04379  6.61%  92.2 16282s
 1203203 449502 1923.45451   80  311 1982.01279 1851.05560  6.61%  92.2 16290s
 1203247 449802 1851.19792   68  271 1982.01279 1851.05560  6.61%  92.3 16306s
 1203885 449847 1955.59160   91  153 1982.01279 1851.05921  6.61%  92.2 16318s
 1204069 450002 1966.22605   85   73 1982.01279 1851.06758  6.61%  92.2 16336s
 1204535 450058 1858.11697   50  533 1982.01279 1851.07641  6.61%  92.3 16344s
 1204634 450335 1858.99812   49  487 1982.01279 1851.07641  6.61%  92.3 16360s
 1205351 450370 infeasible   80      1982.01279 1851.09175  6.61%  92.2 16369s
 1205450 450568 1947.71645   74  347 1982.01279 1851.09346  6.61%  92.3 16376s
 1205824 450585     cutoff   81      1982.01279 1851.09604  6.61%  92.3 16384s
 1205930 450740     cutoff   85      1982.01279 1851.09839  6.61%  92.3 16396s
 1206285 450795 1943.87501   73  247 1982.01279 1851.10757  6.60%  92.3 16405s
 1206465 450957 1867.90706   55  201 1982.01279 1851.11172  6.60%  92.3 16422s
 1206891 450999 1853.38153   58  335 1982.01279 1851.11834  6.60%  92.3 16431s
 1207012 451249 1891.38147   83  136 1982.01279 1851.12311  6.60%  92.3 16449s
 1207592 451255 infeasible   54      1982.01279 1851.13619  6.60%  92.3 16461s
 1207715 451470 1920.15099   77  342 1982.01279 1851.13947  6.60%  92.3 16476s
 1208270 451541 1882.21033   72  261 1982.01279 1851.15387  6.60%  92.3 16484s
 1208416 451817     cutoff   91      1982.01279 1851.15930  6.60%  92.3 16503s
 1209001 451839 1948.99132   59  245 1982.01279 1851.16639  6.60%  92.3 16526s
 1209068 451863 1942.60549   79  239 1982.01279 1851.16639  6.60%  92.3 16533s
 1209144 451911 1903.24801   52  155 1982.01279 1851.16723  6.60%  92.4 16541s
 1209297 451971 infeasible   55      1982.01279 1851.16955  6.60%  92.4 16549s
 1209419 452012 1971.17980   73  176 1982.01279 1851.17176  6.60%  92.4 16561s
 1209604 452070 infeasible   76      1982.01279 1851.17498  6.60%  92.4 16571s
 1209729 452358 infeasible   61      1982.01279 1851.17815  6.60%  92.4 16585s
 1210387 452384 infeasible   64      1982.01279 1851.18541  6.60%  92.4 16599s
 1210481 452692 1975.29336   74  169 1982.01279 1851.18859  6.60%  92.4 16620s
 1211221 452726 infeasible  105      1982.01279 1851.19915  6.60%  92.4 16629s
 1211301 452999 1874.20641   71  157 1982.01279 1851.19915  6.60%  92.4 16657s
 1211846 453068     cutoff   82      1982.01279 1851.20866  6.60%  92.4 16673s
 1212066 453824 1946.39196   70  248 1982.01279 1851.21073  6.60%  92.4 16723s
 1213447 453848 1860.86822   48  441 1982.01279 1851.22282  6.60%  92.4 16732s
 1213513 453880 1959.16596   91  119 1982.01279 1851.22712  6.60%  92.4 16744s
 1213620 454127 1871.32665   59  263 1982.01279 1851.22733  6.60%  92.4 16769s
 1214189 454196 infeasible  103      1982.01279 1851.23295  6.60%  92.4 16779s
 1214342 454395 1957.22745   81  213 1982.01279 1851.24048  6.60%  92.4 16800s
 1214865 454463 infeasible   79      1982.01279 1851.25412  6.60%  92.4 16810s
 1215021 454697 1851.37926   63  359 1982.01279 1851.26006  6.60%  92.4 16837s
 1215494 454723     cutoff   69      1982.01279 1851.26953  6.60%  92.4 16848s
 1215556 454950 1967.05775   70  457 1982.01279 1851.26965  6.60%  92.4 16864s
 1216041 455004 1966.70477   77  386 1982.01279 1851.27804  6.60%  92.5 16873s
 1216161 455220     cutoff   77      1982.01279 1851.27804  6.60%  92.5 16896s
 1216695 455284 infeasible   77      1982.01279 1851.28243  6.60%  92.5 16904s
 1216843 455455 1851.52962   74  277 1982.01279 1851.28635  6.60%  92.5 16920s
 1217303 455489 1952.61020   70  267 1982.01279 1851.29458  6.60%  92.5 16933s
 1217390 455724 1888.06943   75  359 1982.01279 1851.29803  6.60%  92.5 16956s
 1217805 455783     cutoff   66      1982.01279 1851.30134  6.59%  92.5 16963s
 1217930 455887 1944.39881   72  118 1982.01279 1851.30134  6.59%  92.5 16976s
 1218087 455927 1901.68203   67  216 1982.01279 1851.30281  6.59%  92.5 16985s
 1218165 455944 1957.30706   77  128 1982.01279 1851.30589  6.59%  92.5 16997s
 1218249 455969 1958.17856   59  137 1982.01279 1851.30589  6.59%  92.5 17007s
 1218343 456041 infeasible   73      1982.01279 1851.30937  6.59%  92.5 17025s
 1218509 456071 1976.40326   63  198 1982.01279 1851.31103  6.59%  92.5 17035s
 1218564 456112 1925.61087   67  323 1982.01279 1851.31103  6.59%  92.5 17047s
 1218664 456144 1937.25202   70  403 1982.01279 1851.31103  6.59%  92.5 17056s
 1218762 456195 1928.35314   70  165 1982.01279 1851.31584  6.59%  92.5 17065s
 1218844 456422 1978.19449   62  332 1982.01279 1851.31792  6.59%  92.5 17088s
 1219271 456486 1852.52862   83  306 1982.01279 1851.32153  6.59%  92.5 17103s
 1219447 456845 1951.78345   55  250 1982.01279 1851.32271  6.59%  92.5 17121s
 1220161 456899 1933.33054   57  380 1982.01279 1851.33123  6.59%  92.5 17132s
 1220315 457141 1883.57744   62  100 1982.01279 1851.33305  6.59%  92.5 17154s
 1220940 457234 1974.90853   69  298 1982.01279 1851.34057  6.59%  92.6 17161s
 1221121 457582     cutoff   81      1982.01279 1851.34308  6.59%  92.6 17184s
 1221929 457710 1911.80100   65  316 1982.01279 1851.34497  6.59%  92.5 17199s
 1222207 457845     cutoff   70      1982.01279 1851.35437  6.59%  92.6 17220s
 1222478 458183 1918.01785   84  176 1982.01279 1851.36057  6.59%  92.6 17256s
 1223229 458242 1964.00925   71  426 1982.01279 1851.37274  6.59%  92.6 17270s
 1223359 458363     cutoff   71      1982.01279 1851.37344  6.59%  92.6 17289s
 1223729 458754 1959.58709   84  267 1982.01279 1851.38171  6.59%  92.6 17332s
 1224612 458828 1941.17682   80  178 1982.01279 1851.38843  6.59%  92.6 17345s
 1224784 458957 1950.68293  103   91 1982.01279 1851.38948  6.59%  92.6 17366s
 1225154 459075 1873.41283   75  152 1982.01279 1851.39192  6.59%  92.6 17381s
 1225407 459370 1852.61154   75  212 1982.01279 1851.39310  6.59%  92.6 17405s
 1226134 459407 infeasible   48      1982.01279 1851.40691  6.59%  92.6 17418s
 1226261 459712 1974.39273   66  238 1982.01279 1851.41304  6.59%  92.6 17445s
 1226842 459760 1980.10711   76  425 1982.01279 1851.41458  6.59%  92.6 17465s
 1227009 460057 1916.65681   49  337 1982.01279 1851.42363  6.59%  92.6 17496s
 1227752 460107 infeasible   77      1982.01279 1851.42878  6.59%  92.6 17505s
 1227910 460355 1957.72601   68  168 1982.01279 1851.43268  6.59%  92.6 17527s
 1228438 460396 infeasible   61      1982.01279 1851.44078  6.59%  92.6 17541s
 1228585 460613 1890.49318   66  199 1982.01279 1851.44459  6.59%  92.6 17565s
 1229043 460672 1976.87568   79  212 1982.01279 1851.45125  6.59%  92.7 17577s
 1229153 460854 1860.63432   50  210 1982.01279 1851.45125  6.59%  92.7 17604s
 1229614 460930 1935.45924   76  403 1982.01279 1851.45879  6.59%  92.7 17616s
 1229828 461082 1980.17648   50  371 1982.01279 1851.45954  6.59%  92.7 17634s
 1230079 461082 1870.72859   64  174 1982.01279 1851.45954  6.59%  92.7 17635s
 1230191 461105 1939.20075   61   70 1982.01279 1851.46862  6.59%  92.7 17642s
 1230291 461295 1940.40556   67  166 1982.01279 1851.46862  6.59%  92.7 17662s
 1230878 461322 infeasible   65      1982.01279 1851.47899  6.59%  92.7 17674s
 1231042 461571 1851.54012   72   52 1982.01279 1851.48373  6.59%  92.7 17701s
 1231689 461589 1907.91551   54  427 1982.01279 1851.49774  6.58%  92.7 17712s
 1231791 461824 1935.64890   69  402 1982.01279 1851.50014  6.58%  92.7 17733s
 1232389 461898 1974.68153   76  118 1982.01279 1851.50688  6.58%  92.7 17744s
 1232544 462173 1862.85602   84  280 1982.01279 1851.50688  6.58%  92.7 17777s
 1233103 462211 infeasible   76      1982.01279 1851.51412  6.58%  92.8 17785s
 1233179 462509 1975.89462   75  138 1982.01279 1851.51412  6.58%  92.8 17801s
 1233851 462562 1933.09581   59  250 1982.01279 1851.52399  6.58%  92.8 17806s
 1233986 462758 infeasible   72      1982.01279 1851.52692  6.58%  92.8 17821s
 1234430 462793     cutoff   79      1982.01279 1851.53144  6.58%  92.8 17830s
 1234544 463012     cutoff   85      1982.01279 1851.53156  6.58%  92.8 17841s
 1235035 463082 1975.15513   57  277 1982.01279 1851.53632  6.58%  92.8 17850s
 1235183 463442 1976.97385   62  237 1982.01279 1851.54098  6.58%  92.8 17867s
 1235943 463541 1943.50662   62  116 1982.01279 1851.55293  6.58%  92.8 17876s
 1236176 463875 1904.74014   59  329 1982.01279 1851.55958  6.58%  92.8 17895s
 1236828 463904 1932.79550  103  238 1982.01279 1851.56245  6.58%  92.8 17902s
 1236916 464260 1933.10868  109  125 1982.01279 1851.56688  6.58%  92.8 17927s
 1237756 464273 1889.43833   63  149 1982.01279 1851.57125  6.58%  92.8 17937s
 1237794 464302 1955.10568   66  125 1982.01279 1851.57346  6.58%  92.8 17944s
 1237857 464370 1873.49060   57  264 1982.01279 1851.57346  6.58%  92.8 17951s
 1237955 464445 1944.09551   72  196 1982.01279 1851.57346  6.58%  92.8 17958s
 1238126 464537 1921.15111   57  124 1982.01279 1851.57824  6.58%  92.8 17965s
 1238341 464778 1973.85165   75  203 1982.01279 1851.58132  6.58%  92.8 17982s
 1238974 464839 infeasible   61      1982.01279 1851.58908  6.58%  92.8 17992s
 1239078 465104 1919.63136   73  372 1982.01279 1851.58908  6.58%  92.8 18007s
 1239607 465171     cutoff   72      1982.01279 1851.59241  6.58%  92.8 18014s
 1239717 465467 1934.12613  109   49 1982.01279 1851.59454  6.58%  92.8 18030s
 1240369 465518 infeasible   81      1982.01279 1851.60053  6.58%  92.8 18038s
 1240543 465659 1905.27235   56  391 1982.01279 1851.60281  6.58%  92.8 18052s
 1240939 465709 1869.44672   70  273 1982.01279 1851.60281  6.58%  92.8 18060s
 1241063 465941 1908.26602   68  110 1982.01279 1851.60837  6.58%  92.8 18076s
 1241594 466010 infeasible   43      1982.01279 1851.61637  6.58%  92.8 18087s
 1241786 466270 1958.77113   71  310 1982.01279 1851.61859  6.58%  92.8 18111s
 1242337 466311 infeasible   71      1982.01279 1851.62602  6.58%  92.8 18120s
 1242495 466584 1970.51612   68  207 1982.01279 1851.62859  6.58%  92.8 18136s
 1243069 466642     cutoff   74      1982.01279 1851.63243  6.58%  92.8 18151s
 1243206 467308     cutoff   78      1982.01279 1851.63309  6.58%  92.8 18206s
 1244888 467371 1920.42918   71  205 1982.01279 1851.65045  6.58%  92.8 18216s
 1245088 467568 1884.74920   68  303 1982.01279 1851.65847  6.58%  92.8 18233s
 1245569 467681 1892.29869   71  112 1982.01279 1851.66511  6.58%  92.8 18242s
 1245806 467980 1948.60699   83  261 1982.01279 1851.66601  6.58%  92.8 18267s
 1246485 468050 1931.11245   84  252 1982.01279 1851.67567  6.58%  92.8 18279s
 1246645 468373     cutoff   81      1982.01279 1851.68048  6.58%  92.8 18301s
 1247327 468428 1872.41546   55  159 1982.01279 1851.68371  6.58%  92.8 18309s
 1247464 468691 1862.83218   64  206 1982.01279 1851.68458  6.58%  92.8 18323s
 1248062 468757 1874.54245   70  258 1982.01279 1851.69340  6.58%  92.8 18331s
 1248207 469069 1931.40781   71  244 1982.01279 1851.69407  6.58%  92.8 18352s
 1248853 469164     cutoff   67      1982.01279 1851.70243  6.57%  92.8 18361s
 1249082 469486 1950.69746   67  257 1982.01279 1851.70293  6.57%  92.8 18379s
 1249801 469581 infeasible   93      1982.01279 1851.71047  6.57%  92.8 18390s
 1250054 469923 infeasible   72      1982.01279 1851.71121  6.57%  92.8 18409s
 1250645 469982 1865.63782   71  287 1982.01279 1851.71890  6.57%  92.8 18418s
 1250728 470222     cutoff   84      1982.01279 1851.72062  6.57%  92.8 18433s
 1251244 470227 infeasible   77      1982.01279 1851.72597  6.57%  92.8 18442s
 1251325 470486 1944.88669   59  177 1982.01279 1851.72910  6.57%  92.8 18456s
 1252024 470551 1931.60220   51   76 1982.01279 1851.73457  6.57%  92.8 18462s
 1252150 470573 1964.67379   79  219 1982.01279 1851.73484  6.57%  92.8 18469s
 1252202 470592 1964.68573   80  219 1982.01279 1851.73484  6.57%  92.8 18475s
 1252272 470685 1918.02956   85  342 1982.01279 1851.73547  6.57%  92.8 18484s
 1252478 470862 1980.02741   84  362 1982.01279 1851.74001  6.57%  92.8 18502s
 1252906 470961 1877.04518   79  203 1982.01279 1851.74994  6.57%  92.8 18510s
 1253090 471246     cutoff  131      1982.01279 1851.75110  6.57%  92.8 18525s
 1253717 471308 infeasible   65      1982.01279 1851.76000  6.57%  92.8 18544s
 1253956 471705 1883.46158   70  118 1982.01279 1851.76266  6.57%  92.8 18578s
 1254874 471743 1917.23078   57  328 1982.01279 1851.77543  6.57%  92.8 18586s
 1254971 471973 1971.51190   62  384 1982.01279 1851.77638  6.57%  92.8 18601s
 1255447 472067 1941.07973   71  191 1982.01279 1851.78000  6.57%  92.8 18611s
 1255678 472405 1861.33606   72  251 1982.01279 1851.78345  6.57%  92.8 18643s
 1256442 472463 infeasible   99      1982.01279 1851.79452  6.57%  92.8 18660s
 1256565 472738 infeasible   92      1982.01279 1851.79714  6.57%  92.8 18687s
 1257285 472763 1936.14241   70  336 1982.01279 1851.80580  6.57%  92.8 18698s
 1257429 473018     cutoff   76      1982.01279 1851.80879  6.57%  92.8 18715s
 1258038 473031 infeasible   72      1982.01279 1851.81837  6.57%  92.8 18723s
 1258121 473136 1852.34419   70  273 1982.01279 1851.81927  6.57%  92.8 18732s
 1258442 473285 1915.73757   54  290 1982.01279 1851.82402  6.57%  92.8 18746s
 1258794 473435 1892.85575   89  347 1982.01279 1851.82883  6.57%  92.8 18761s
 1259171 473443 1972.95484   69  252 1982.01279 1851.83439  6.57%  92.9 18774s
 1259295 473676 1961.41817   60  232 1982.01279 1851.84678  6.57%  92.9 18800s
 1259868 473726 infeasible   80      1982.01279 1851.85543  6.57%  92.9 18816s
 1260019 474063 1941.52902   75  216 1982.01279 1851.86244  6.57%  92.9 18842s
 1260838 474102 1961.50774   68  164 1982.01279 1851.87203  6.57%  92.9 18848s
 1260961 474299 1920.56660   72  144 1982.01279 1851.87512  6.57%  92.9 18872s
 1261507 474312 infeasible  100      1982.01279 1851.87558  6.57%  92.9 18881s
 1261616 474478 infeasible   69      1982.01279 1851.88381  6.57%  92.9 18893s
 1261993 474501 1873.24602   80  417 1982.01279 1851.90013  6.56%  92.9 18901s
 1262066 474805 1870.93887   60  102 1982.01279 1851.90068  6.56%  92.9 18920s
 1262747 474845 1961.03183   78  291 1982.01279 1851.90942  6.56%  92.9 18932s
 1262873 475119 1875.55879   67  245 1982.01279 1851.91116  6.56%  92.9 18955s
 1263498 475123 1912.73770   59  237 1982.01279 1851.91665  6.56%  92.9 18970s
 1263574 475383 1917.43055   65  263 1982.01279 1851.91900  6.56%  92.9 18995s
 1264165 475448 1853.24407   66  280 1982.01279 1851.92606  6.56%  92.9 19013s
 1264343 476028 1924.47386   78  450 1982.01279 1851.93102  6.56%  92.9 19068s
 1265647 476071 infeasible   54      1982.01279 1851.94593  6.56%  93.0 19082s
 1265789 476118 1907.31251   63  394 1982.01279 1851.95690  6.56%  93.0 19095s
 1265933 476315 1928.08921   50  110 1982.01279 1851.96411  6.56%  93.0 19120s
 1266538 476350     cutoff   88      1982.01279 1851.96484  6.56%  93.0 19137s
 1266644 476484 infeasible   82      1982.01279 1851.96660  6.56%  93.0 19170s
 1267222 476544 1898.15386   66  555 1982.01279 1851.98158  6.56%  93.0 19188s
 1267365 476840 infeasible   76      1982.01279 1851.98593  6.56%  93.0 19209s
 1268010 476895     cutoff   67      1982.01279 1851.99883  6.56%  93.0 19215s
 1268115 477257     cutoff   99      1982.01279 1852.00010  6.56%  93.0 19232s
 1268888 477362 1933.11769   67  198 1982.01279 1852.00967  6.56%  93.0 19238s
 1269083 477549     cutoff   78      1982.01279 1852.01486  6.56%  93.0 19258s
 1269622 477648 1949.70899   65  155 1982.01279 1852.02294  6.56%  93.0 19272s
 1269864 477794 infeasible  101      1982.01279 1852.02656  6.56%  93.0 19291s
 1270226 477872 1965.99364   72  207 1982.01279 1852.03002  6.56%  93.0 19305s
 1270474 478127 1880.29362   76  412 1982.01279 1852.03864  6.56%  93.1 19336s
 1271130 478174 1888.22459   86  242 1982.01279 1852.04690  6.56%  93.0 19348s
 1271285 478436 1869.71359   71  117 1982.01279 1852.04697  6.56%  93.0 19378s
 1271963 478472 1980.04768   78  298 1982.01279 1852.05983  6.56%  93.0 19394s
 1272122 478674 1976.23305   65   21 1982.01279 1852.06238  6.56%  93.1 19427s
 1272794 478700 infeasible   77      1982.01279 1852.07379  6.56%  93.1 19447s
 1272937 478864 1908.46480   71  348 1982.01279 1852.07744  6.56%  93.1 19471s
 1273454 478914 1869.46987   73  138 1982.01279 1852.07811  6.56%  93.1 19483s
 1273564 479158 1966.51056   64   80 1982.01279 1852.08396  6.56%  93.1 19495s
 1274090 479215 1938.53863   99  223 1982.01279 1852.09377  6.55%  93.1 19509s
 1274267 479395 1949.70598   75  312 1982.01279 1852.09915  6.55%  93.1 19535s
 1274845 479433 infeasible   58      1982.01279 1852.10798  6.55%  93.1 19557s
 1274988 480034 1955.52776   51   47 1982.01279 1852.11043  6.55%  93.1 19653s
 1276929 480080 1861.96651   77  254 1982.01279 1852.14233  6.55%  93.1 19665s
 1277027 480095 1945.96597   83  309 1982.01279 1852.14853  6.55%  93.1 19673s
 1277098 480118 infeasible   77      1982.01279 1852.15505  6.55%  93.1 19682s
 1277193 480270 1951.47091   85  420 1982.01279 1852.15505  6.55%  93.1 19706s
 1277661 480392 infeasible  119      1982.01279 1852.16142  6.55%  93.1 19726s
 1277913 480658 1945.32313  114   41 1982.01279 1852.17310  6.55%  93.1 19773s
 1278517 480693 1945.86735   92  280 1982.01279 1852.17727  6.55%  93.1 19795s
 1278640 480770 1913.23678   66  344 1982.01279 1852.17727  6.55%  93.1 19821s
 1278924 480843 1853.07852   47  378 1982.01279 1852.19080  6.55%  93.1 19846s
 1279103 481053 1926.65259   51   51 1982.01279 1852.19597  6.55%  93.1 19894s
 1279782 481138 infeasible   77      1982.01279 1852.20517  6.55%  93.1 19916s
 1279969 481291 1912.26732   71  223 1982.01279 1852.20785  6.55%  93.1 19964s
 1280519 481303 infeasible   61      1982.01279 1852.22281  6.55%  93.1 19988s
 1280609 481506     cutoff   67      1982.01279 1852.22559  6.55%  93.2 20040s
 1281183 481535 1925.70510   70  381 1982.01279 1852.23362  6.55%  93.2 20050s
 1281293 481702 1870.87296   66  134 1982.01279 1852.24040  6.55%  93.2 20072s
 1281823 481745     cutoff   89      1982.01279 1852.24920  6.55%  93.2 20085s
 1281966 481956 1977.18910   71  157 1982.01279 1852.25354  6.55%  93.2 20116s
 1282579 481973 infeasible   48      1982.01279 1852.26800  6.55%  93.2 20125s
 1282662 482236 1936.72883   65  265 1982.01279 1852.26800  6.55%  93.2 20153s
 1283425 482252 infeasible   77      1982.01279 1852.28256  6.55%  93.2 20162s
 1283490 482416 1931.99889   72  289 1982.01279 1852.29015  6.54%  93.2 20180s
 1283866 482435 1965.87265   94  235 1982.01279 1852.29404  6.54%  93.2 20188s
 1283925 482734 1938.89322   65  205 1982.01279 1852.29689  6.54%  93.2 20205s
 1284575 482751 1852.68471   71  398 1982.01279 1852.30007  6.54%  93.2 20216s
 1284659 482968 1959.46855   76  216 1982.01279 1852.30007  6.54%  93.2 20233s
 1285196 483009     cutoff   99      1982.01279 1852.31213  6.54%  93.2 20246s
 1285361 483631 1883.11338   76  123 1982.01279 1852.31553  6.54%  93.2 20315s
 1286907 483678 infeasible   79      1982.01279 1852.33421  6.54%  93.2 20325s
 1287030 483727 1971.00327   97   83 1982.01279 1852.33559  6.54%  93.2 20338s
 1287180 483985 1951.45714   66  107 1982.01279 1852.33731  6.54%  93.2 20362s
 1287737 484007 infeasible   52      1982.01279 1852.34443  6.54%  93.2 20375s
 1287847 484315 1853.11526   48  378 1982.01279 1852.35257  6.54%  93.2 20405s
 1288660 484333 infeasible   84      1982.01279 1852.35640  6.54%  93.2 20416s
 1288767 484508 1936.33897   77  332 1982.01279 1852.35763  6.54%  93.2 20441s
 1289284 484522 1909.90862   84  404 1982.01279 1852.36467  6.54%  93.2 20452s
 1289393 484680 1960.69794   85  407 1982.01279 1852.36611  6.54%  93.2 20480s
 1289850 484681 1910.50548   46  369 1982.01279 1852.37299  6.54%  93.2 20490s
 1289919 484774 1915.55474   52  144 1982.01279 1852.37460  6.54%  93.2 20502s
 1290168 485017 1866.65485   66  203 1982.01279 1852.37887  6.54%  93.2 20531s
 1290781 485018 1960.34958   67  197 1982.01279 1852.39045  6.54%  93.2 20541s
 1290887 485223 infeasible   67      1982.01279 1852.39815  6.54%  93.2 20569s
 1291455 485264 infeasible   67      1982.01279 1852.40330  6.54%  93.2 20582s
 1291613 485480 1866.61877   91  175 1982.01279 1852.40902  6.54%  93.2 20612s
 1292094 485536 infeasible   44      1982.01279 1852.41686  6.54%  93.3 20626s
 1292229 485763 1924.16375   84  276 1982.01279 1852.41723  6.54%  93.3 20643s
 1292823 485797 infeasible   95      1982.01279 1852.42686  6.54%  93.2 20652s
 1292941 485928 1959.36642   67  228 1982.01279 1852.42847  6.54%  93.3 20675s
 1293449 486013 1864.47088   52  233 1982.01279 1852.43462  6.54%  93.3 20686s
 1293740 486184 1922.19736   87  108 1982.01279 1852.44590  6.54%  93.3 20707s
 1294095 486317 1960.20546   59   41 1982.01279 1852.45337  6.54%  93.2 20731s
 1294485 486345 1970.07257   99  199 1982.01279 1852.45997  6.54%  93.2 20741s
 1294618 486577 1976.75150   56  250 1982.01279 1852.46125  6.54%  93.3 20760s
 1295241 486601     cutoff   82      1982.01279 1852.46879  6.54%  93.3 20766s
 1295322 486786 1956.80893   88  336 1982.01279 1852.47192  6.54%  93.3 20792s
 1295812 486825 1915.37428   71  409 1982.01279 1852.48040  6.54%  93.3 20818s
 1296010 487445 infeasible   62      1982.01279 1852.48248  6.54%  93.3 20886s
 1297405 487490 1975.68191   75  303 1982.01279 1852.49602  6.53%  93.3 20893s
 1297506 487522 infeasible   78      1982.01279 1852.49602  6.53%  93.3 20900s
 1297643 487654 1966.52460   80  303 1982.01279 1852.50123  6.53%  93.3 20919s
 1298148 487673 infeasible   84      1982.01279 1852.52116  6.53%  93.3 20930s
 1298288 487949 1909.15064   79  450 1982.01279 1852.52184  6.53%  93.3 20955s
 1298962 488008 1871.64263   63   80 1982.01279 1852.52735  6.53%  93.3 20967s
 1299062 488195 1981.28665   78  269 1982.01279 1852.52735  6.53%  93.3 21000s
 1299648 488202 1968.40263   79   26 1982.01279 1852.53633  6.53%  93.3 21010s
 1299765 488434 1978.04944   64  251 1982.01279 1852.53783  6.53%  93.3 21029s
 1300325 488524     cutoff   89      1982.01279 1852.54493  6.53%  93.3 21042s
 1300504 488723 1958.95651   68  266 1982.01279 1852.55022  6.53%  93.3 21070s
 1301050 488825 1873.21135   69  270 1982.01279 1852.55278  6.53%  93.3 21086s
 1301325 488946 infeasible   60      1982.01279 1852.55687  6.53%  93.3 21099s
 1301559 489120 infeasible  102      1982.01279 1852.56295  6.53%  93.3 21117s
 1302056 489164 1909.95929   69  407 1982.01279 1852.56614  6.53%  93.3 21127s
 1302200 489373     cutoff   74      1982.01279 1852.56614  6.53%  93.3 21140s
 1302741 489397 1920.75842   84   95 1982.01279 1852.58144  6.53%  93.3 21146s
 1302815 489688 1909.31377   82  437 1982.01279 1852.58345  6.53%  93.3 21163s
 1303542 489710 1907.46013   80  362 1982.01279 1852.58784  6.53%  93.3 21175s
 1303701 489978 1894.37297   69  122 1982.01279 1852.59245  6.53%  93.3 21204s
 1304283 490029 1930.76678   81  253 1982.01279 1852.60355  6.53%  93.3 21218s
 1304445 490166 1856.70195   54  309 1982.01279 1852.60756  6.53%  93.3 21236s
 1304784 490211 1935.92515   64   57 1982.01279 1852.61154  6.53%  93.3 21246s
 1304939 490467 1944.13444   52  300 1982.01279 1852.61973  6.53%  93.3 21275s
 1305578 490495     cutoff   85      1982.01279 1852.62780  6.53%  93.3 21288s
 1305720 490696 1901.52637   57  550 1982.01279 1852.63364  6.53%  93.3 21318s
 1306214 490742 1928.45642   80   85 1982.01279 1852.63372  6.53%  93.3 21343s
 1306384 491524 1887.21597   61  367 1982.01279 1852.64121  6.53%  93.3 21431s
 1307995 491570 infeasible   87      1982.01279 1852.65612  6.53%  93.3 21440s
 1308109 491589 1964.12948   66  147 1982.01279 1852.66038  6.53%  93.3 21453s
 1308302 491819 1979.20153   66  227 1982.01279 1852.67507  6.53%  93.3 21487s
 1308812 491831 1858.27678   71  284 1982.01279 1852.68746  6.52%  93.3 21501s
 1308920 492092 1857.32980   49  397 1982.01279 1852.68806  6.52%  93.3 21531s
 1309550 492135 1880.86774   66  260 1982.01279 1852.69845  6.52%  93.3 21544s
 1309677 492368 infeasible   50      1982.01279 1852.70122  6.52%  93.3 21566s
 1310219 492407 infeasible  103      1982.01279 1852.70638  6.52%  93.3 21580s
 1310366 492656 1884.15612   80   68 1982.01279 1852.71238  6.52%  93.3 21605s
 1310854 492718 infeasible   91      1982.01279 1852.71636  6.52%  93.3 21615s
 1311024 493030 1861.80927   70  393 1982.01279 1852.71895  6.52%  93.3 21647s
 1311785 493049 1929.69013   70   47 1982.01279 1852.73041  6.52%  93.3 21659s
 1311901 493267 1972.54424   44  359 1982.01279 1852.73346  6.52%  93.3 21693s
 1312320 493311 1931.42139   70  136 1982.01279 1852.73505  6.52%  93.3 21706s
 1312433 493538 1977.16949   73  127 1982.01279 1852.73700  6.52%  93.3 21736s
 1313005 493569 1942.39751   67  238 1982.01279 1852.74478  6.52%  93.4 21748s
 1313131 493842 1978.89932   69  229 1982.01279 1852.74853  6.52%  93.4 21769s
 1313787 493882 infeasible   57      1982.01279 1852.76040  6.52%  93.3 21779s
 1313892 494146 infeasible   72      1982.01279 1852.76040  6.52%  93.4 21812s
 1314562 494166     cutoff   57      1982.01279 1852.77523  6.52%  93.3 21825s
 1314689 494351 1958.14264   77  296 1982.01279 1852.77876  6.52%  93.4 21848s
 1315118 494361 infeasible   75      1982.01279 1852.78403  6.52%  93.4 21858s
 1315204 494588 1919.04026   55  374 1982.01279 1852.78403  6.52%  93.4 21882s
 1315805 494654 1861.39267   73  126 1982.01279 1852.79254  6.52%  93.4 21893s
 1315971 494866 1976.46256   61  271 1982.01279 1852.79316  6.52%  93.4 21917s
 1316525 494926     cutoff   83      1982.01279 1852.80396  6.52%  93.4 21934s
 1316706 495418 1962.36767   82  246 1982.01279 1852.81058  6.52%  93.4 21996s
 1318078 495458 1979.70501   69  223 1982.01279 1852.82657  6.52%  93.4 22006s
 1318160 495523 1979.90520   66  124 1982.01279 1852.82833  6.52%  93.4 22024s
 1318322 495608 1923.83827   98  123 1982.01279 1852.83007  6.52%  93.4 22040s
 1318566 495785 infeasible   52      1982.01279 1852.83275  6.52%  93.4 22063s
 1319079 495830 1922.55743   59   57 1982.01279 1852.84453  6.52%  93.4 22073s
 1319247 496021 1974.67501   68  206 1982.01279 1852.84811  6.52%  93.4 22087s
 1319788 496069 1895.52886   65  193 1982.01279 1852.85342  6.52%  93.5 22094s
 1319905 496371 1951.30528   83  149 1982.01279 1852.86038  6.52%  93.5 22119s
 1320584 496410 1971.41934   81   88 1982.01279 1852.86153  6.52%  93.5 22132s
 1320710 496731 1906.81559   73  179 1982.01279 1852.86807  6.52%  93.5 22163s
 1321452 496757 infeasible   66      1982.01279 1852.88557  6.51%  93.5 22180s
 1321578 497018 1866.32778   76  198 1982.01279 1852.88991  6.51%  93.5 22203s
 1322295 497040 1861.67943   71  259 1982.01279 1852.89733  6.51%  93.5 22215s
 1322417 497191 1862.77776   77  263 1982.01279 1852.90148  6.51%  93.5 22234s
 1322864 497251 1975.62143   53  245 1982.01279 1852.92129  6.51%  93.5 22248s
 1323040 497453     cutoff   75      1982.01279 1852.92178  6.51%  93.5 22276s
 1323595 497508 infeasible   55      1982.01279 1852.92984  6.51%  93.5 22284s
 1323721 497798     cutoff   74      1982.01279 1852.92984  6.51%  93.5 22313s
 1324272 497871 infeasible   79      1982.01279 1852.93346  6.51%  93.5 22325s
 1324499 498222 1854.79752   61  329 1982.01279 1852.94667  6.51%  93.5 22358s
 1325201 498249 infeasible   91      1982.01279 1852.95397  6.51%  93.5 22371s
 1325330 498553 1936.29478   60  157 1982.01279 1852.95485  6.51%  93.5 22394s
 1326097 498583 infeasible   87      1982.01279 1852.96638  6.51%  93.5 22405s
 1326233 498847 1956.94842   67  178 1982.01279 1852.97106  6.51%  93.5 22432s
 1326893 498883 1969.21482   75  244 1982.01279 1852.97617  6.51%  93.5 22454s
 1327017 499710 1944.28684   61  121 1982.01279 1852.98090  6.51%  93.5 22541s
 1329221 499714 infeasible   85      1982.01279 1853.00503  6.51%  93.5 22555s
 1329283 499771 1976.57139   79  328 1982.01279 1853.00723  6.51%  93.5 22564s
 1329411 499836 1931.46589   45  115 1982.01279 1853.00726  6.51%  93.5 22575s
 1329581 500009 1853.58930   69  349 1982.01279 1853.00766  6.51%  93.5 22597s
 1330023 500055 1920.90300   86  237 1982.01279 1853.01146  6.51%  93.5 22620s
 1330161 500220 1980.70629   71  399 1982.01279 1853.01676  6.51%  93.5 22651s
 1330703 500255 infeasible   76      1982.01279 1853.02740  6.51%  93.5 22673s
 1330819 500459 infeasible   78      1982.01279 1853.03105  6.51%  93.5 22701s
 1331350 500505 1880.79658   59  367 1982.01279 1853.03709  6.51%  93.5 22719s
 1331515 500704 1946.96075   95  213 1982.01279 1853.03948  6.51%  93.5 22748s
 1332190 500728 1939.43484   72  327 1982.01279 1853.04578  6.51%  93.5 22768s
 1332294 500952 infeasible   67      1982.01279 1853.04932  6.51%  93.6 22795s
 1332842 500972 1910.15408   62  438 1982.01279 1853.06420  6.51%  93.6 22809s
 1332919 501065 1853.13995   57  303 1982.01279 1853.06440  6.51%  93.6 22826s
 1333075 501095     cutoff   82      1982.01279 1853.06978  6.51%  93.6 22835s
 1333148 501205 infeasible   70      1982.01279 1853.07165  6.51%  93.6 22856s
 1333468 501292 1888.41104   57  130 1982.01279 1853.07859  6.51%  93.6 22873s
 1333664 501532 1960.45624   98  264 1982.01279 1853.07859  6.51%  93.6 22907s
 1334293 501605 1924.74461   77  301 1982.01279 1853.08720  6.50%  93.6 22921s
 1334457 501731 1853.28314   61  293 1982.01279 1853.08720  6.50%  93.6 22949s
 1334948 501789 infeasible   64      1982.01279 1853.10320  6.50%  93.6 22965s
 1335101 502065 1955.22709   60  352 1982.01279 1853.10657  6.50%  93.6 23000s
 1335639 502125 infeasible   58      1982.01279 1853.11663  6.50%  93.6 23017s
 1335823 502234 1854.92740   48  261 1982.01279 1853.12448  6.50%  93.6 23034s
 1336157 502293 infeasible   48      1982.01279 1853.12973  6.50%  93.7 23048s
 1336330 502551 1908.81499   50  486 1982.01279 1853.12978  6.50%  93.7 23070s
 1337024 502586 infeasible   75      1982.01279 1853.14094  6.50%  93.7 23082s
 1337123 502740     cutoff   75      1982.01279 1853.14437  6.50%  93.7 23109s
 1337592 502773 infeasible   82      1982.01279 1853.14923  6.50%  93.7 23120s
 1337706 503039 1911.36035   86  315 1982.01279 1853.15255  6.50%  93.7 23151s
 1338384 503068 1969.47134   62  297 1982.01279 1853.16363  6.50%  93.7 23162s
 1338491 503305 infeasible   73      1982.01279 1853.17082  6.50%  93.7 23186s
 1339135 503334 1906.86832   64  116 1982.01279 1853.17938  6.50%  93.7 23200s
 1339243 503472 1863.63372   79  161 1982.01279 1853.18173  6.50%  93.7 23226s
 1339659 503514 1919.29439   64  341 1982.01279 1853.18917  6.50%  93.7 23244s
 1339828 503778 1896.47326   61   69 1982.01279 1853.19422  6.50%  93.7 23275s
 1340527 503825 1918.08894   64  401 1982.01279 1853.19535  6.50%  93.7 23290s
 1340655 504033 1976.03700   77  404 1982.01279 1853.19535  6.50%  93.7 23317s
 1341220 504079     cutoff   97      1982.01279 1853.20236  6.50%  93.8 23333s
 1341381 504082 1950.45615   60  233 1982.01279 1853.20721  6.50%  93.8 23357s
 1341386 504086 1950.50426   61  233 1982.01279 1853.20721  6.50%  93.8 23369s
 1341390 504090 1950.50426   62  233 1982.01279 1853.20721  6.50%  93.8 23384s
 1341394 504111 1950.50426   63  246 1982.01279 1853.20721  6.50%  93.8 23399s
 1341463 504128 1908.39379   61  404 1982.01279 1853.20821  6.50%  93.8 23411s
 1341526 504173 1937.96870   62  270 1982.01279 1853.21035  6.50%  93.8 23422s
 1341643 504223     cutoff   71      1982.01279 1853.21134  6.50%  93.8 23435s
 1341822 504305 infeasible   71      1982.01279 1853.21339  6.50%  93.8 23462s
 1342163 504357 1876.95008   54  133 1982.01279 1853.21901  6.50%  93.8 23479s
 1342407 504704 infeasible   63      1982.01279 1853.23051  6.50%  93.8 23517s
 1343203 504746 1906.69311   91  224 1982.01279 1853.23732  6.50%  93.8 23532s
 1343401 505066 1922.96931   72  211 1982.01279 1853.24236  6.50%  93.8 23569s
 1344183 505112 1901.60584   54  436 1982.01279 1853.25446  6.50%  93.8 23581s
 1344308 505376 1926.79416   62  458 1982.01279 1853.25690  6.50%  93.8 23597s
 1344903 505403 1928.79976   74  118 1982.01279 1853.25950  6.50%  93.8 23609s
 1344985 505627 1965.17241   55  158 1982.01279 1853.26778  6.50%  93.8 23626s
 1345663 505691 1917.76114   69  107 1982.01279 1853.27145  6.50%  93.8 23640s
 1345787 505844     cutoff   81      1982.01279 1853.27175  6.50%  93.8 23662s
 1346241 505973 1894.95206   84  254 1982.01279 1853.28486  6.49%  93.8 23679s
 1346458 506144 1975.72528   79  112 1982.01279 1853.28837  6.49%  93.8 23703s
 1347009 506347 1880.20267   70  296 1982.01279 1853.29335  6.49%  93.8 23735s
 1347471 506426 1908.21073   74  223 1982.01279 1853.30291  6.49%  93.8 23754s
 1347585 507095 1938.18395   95   35 1982.01279 1853.30444  6.49%  93.8 23844s
 1349507 507187 1877.86339   75   40 1982.01279 1853.31955  6.49%  93.8 23860s
 1349689 507253 1967.60216   90  102 1982.01279 1853.33027  6.49%  93.8 23870s
 1349811 507304 1955.12573   90  298 1982.01279 1853.33153  6.49%  93.8 23881s
 1349935 507566 1954.01468   47  126 1982.01279 1853.33713  6.49%  93.8 23911s
 1350544 507660 1872.50371   68  215 1982.01279 1853.35406  6.49%  93.8 23924s
 1350795 507922 1953.71795   70  400 1982.01279 1853.35741  6.49%  93.8 23960s
 1351480 507975 1939.90728   85  182 1982.01279 1853.36362  6.49%  93.8 23973s
 1351601 508136 1929.88875   75   62 1982.01279 1853.36754  6.49%  93.8 24001s
 1352123 508171 1919.88877   98  194 1982.01279 1853.37153  6.49%  93.9 24016s
 1352235 508420 infeasible   98      1982.01279 1853.37226  6.49%  93.9 24050s
 1352869 508445 1936.69462   66  280 1982.01279 1853.37780  6.49%  93.9 24066s
 1352976 508845     cutoff   70      1982.01279 1853.37780  6.49%  93.9 24102s
 1353786 508884 1937.75425   59  321 1982.01279 1853.38476  6.49%  93.9 24110s
 1353914 509077 1927.20309   67  259 1982.01279 1853.38861  6.49%  93.9 24140s
 1354520 509089 infeasible   65      1982.01279 1853.39959  6.49%  93.9 24159s
 1354659 509284     cutoff   71      1982.01279 1853.40367  6.49%  93.9 24182s
 1355193 509312 infeasible  112      1982.01279 1853.40668  6.49%  93.9 24194s
 1355316 509443 1937.60104   61  151 1982.01279 1853.40800  6.49%  93.9 24212s
 1355716 509501 1853.44913   70   76 1982.01279 1853.41354  6.49%  93.9 24222s
 1355858 509696 1968.38525   94  176 1982.01279 1853.41354  6.49%  93.9 24249s
 1356456 509753 1944.30635   85  232 1982.01279 1853.42440  6.49%  93.9 24263s
 1356630 510074 1853.53606   62  295 1982.01279 1853.42866  6.49%  93.9 24288s
 1357225 510088 1977.15180   72  301 1982.01279 1853.43219  6.49%  93.9 24300s
 1357314 510311 1937.17424   61  389 1982.01279 1853.43626  6.49%  93.9 24332s
 1357878 510352 1959.22132   61  380 1982.01279 1853.43936  6.49%  93.9 24347s
 1357961 510920 1960.61313   73  336 1982.01279 1853.44047  6.49%  93.9 24472s
 1359741 510923 1907.56212   71  104 1982.01279 1853.45255  6.49%  93.9 24500s
 1359746 510919 1907.56212   72  104 1982.01279 1853.45255  6.49%  93.9 24517s
 1359777 510960 1907.59389   73  293 1982.01279 1853.45255  6.49%  93.9 24543s
 1359880 510998 1951.05558   68  219 1982.01279 1853.45765  6.49%  93.9 24565s
 1360025 511088 1908.59700   59  234 1982.01279 1853.46243  6.49%  94.0 24590s
 1360247 511414 1974.13832   91  185 1982.01279 1853.46406  6.49%  94.0 24644s
 1361082 511425 infeasible   61      1982.01279 1853.47704  6.49%  94.0 24666s
 1361207 511508 1917.81727   86  297 1982.01279 1853.47704  6.49%  94.0 24690s
 1361488 511929 1853.60175   62  279 1982.01279 1853.48092  6.48%  94.0 24731s
 1362499 511994 1899.67986   88  230 1982.01279 1853.49156  6.48%  94.0 24751s
 1362675 512348 1979.18010   75  241 1982.01279 1853.49156  6.48%  94.0 24787s
 1363453 512411     cutoff   83      1982.01279 1853.50354  6.48%  94.0 24804s
 1363666 512693 1934.52170   62  365 1982.01279 1853.50617  6.48%  94.0 24848s
 1364359 512768 1979.96100   94  185 1982.01279 1853.51252  6.48%  94.0 24869s
 1364556 513173 infeasible   68      1982.01279 1853.51358  6.48%  94.0 24916s
 1365352 513236 1902.10708   68  495 1982.01279 1853.51795  6.48%  94.0 24935s
 1365544 513679 1967.91874   54  148 1982.01279 1853.51960  6.48%  94.0 24979s
 1366426 513755 1864.97277   63  306 1982.01279 1853.52275  6.48%  94.0 24995s
 1366627 514009 1978.09691   69  300 1982.01279 1853.52440  6.48%  94.0 25025s
 1367159 514096 1881.99123   82  125 1982.01279 1853.53097  6.48%  94.0 25044s
 1367378 514298 1863.03054   88  313 1982.01279 1853.53464  6.48%  94.0 25076s
 1367927 514389 infeasible   74      1982.01279 1853.54244  6.48%  94.0 25090s
 1368107 514664 1935.75093   72  200 1982.01279 1853.54327  6.48%  94.0 25132s
 1368693 514713 infeasible   66      1982.01279 1853.54812  6.48%  94.0 25143s
 1368822 515144 infeasible   85      1982.01279 1853.54889  6.48%  94.0 25176s
 1369585 515178 1917.35755   61   41 1982.01279 1853.55557  6.48%  94.0 25184s
 1369730 515405 1931.01187   84  119 1982.01279 1853.55614  6.48%  94.0 25216s
 1370352 515421 1919.85557   58  393 1982.01279 1853.56570  6.48%  94.0 25227s
 1370424 515648 1861.50769   76  255 1982.01279 1853.56631  6.48%  94.0 25251s
 1370973 515703 infeasible   91      1982.01279 1853.57181  6.48%  94.0 25266s
 1371084 515820 1955.02853   61  380 1982.01279 1853.57312  6.48%  94.0 25285s
 1371391 515900 infeasible   67      1982.01279 1853.57722  6.48%  94.0 25298s
 1371633 516070 1853.67757   62  316 1982.01279 1853.57882  6.48%  94.0 25313s
 1372030 516082 1954.86628   66  107 1982.01279 1853.57882  6.48%  94.0 25321s
 1372132 516311 1953.39421   44   44 1982.01279 1853.58114  6.48%  94.0 25338s
 1372628 516329 1882.51745   69  126 1982.01279 1853.58601  6.48%  94.0 25352s
 1372707 516528     cutoff   82      1982.01279 1853.59004  6.48%  94.0 25386s
 1373173 516528 1940.39273   61  247 1982.01279 1853.59727  6.48%  94.0 25400s
 1373279 516797 1965.22547   48  232 1982.01279 1853.60385  6.48%  94.0 25443s
 1373982 516815 1861.09548   73  317 1982.01279 1853.61088  6.48%  94.0 25450s
 1374034 516874 1865.52720   74  225 1982.01279 1853.61165  6.48%  94.0 25464s
 1374161 517073 1915.36098   80  166 1982.01279 1853.61262  6.48%  94.0 25492s
 1374661 517138     cutoff   65      1982.01279 1853.61766  6.48%  94.0 25504s
 1374832 517379 1870.48588   44  219 1982.01279 1853.62206  6.48%  94.0 25536s
 1375508 517412 1959.66319   70  300 1982.01279 1853.63031  6.48%  94.0 25551s
 1375601 517694 1936.97124   62  377 1982.01279 1853.63088  6.48%  94.0 25577s
 1376166 517726 1902.60028   84  111 1982.01279 1853.63822  6.48%  94.0 25587s
 1376256 517921 infeasible   79      1982.01279 1853.64094  6.48%  94.0 25609s
 1376714 517972 1962.43454   92  195 1982.01279 1853.64435  6.48%  94.0 25621s
 1376878 518283 1936.77579   66  201 1982.01279 1853.64841  6.48%  94.0 25638s
 1377563 518305 1939.50371   80  145 1982.01279 1853.65004  6.48%  94.0 25647s
 1377652 518414 1853.86345   73  376 1982.01279 1853.65198  6.48%  94.0 25665s
 1378019 518438 1936.68303   85  255 1982.01279 1853.65955  6.48%  94.0 25678s
 1378086 518546 infeasible   87      1982.01279 1853.66079  6.48%  94.0 25701s
 1378464 518584 infeasible   50      1982.01279 1853.66891  6.48%  94.0 25717s
 1378571 518835 1946.58934   76   40 1982.01279 1853.66904  6.48%  94.0 25786s
 1379411 518921 1855.22166   68  338 1982.01279 1853.67154  6.48%  94.0 25820s
 1379606 519012 1874.06286   67  271 1982.01279 1853.67154  6.48%  94.0 25860s
 1379873 519154 infeasible   81      1982.01279 1853.67786  6.47%  94.0 25906s
 1380328 519812 1950.96881   71  273 1982.01279 1853.70147  6.47%  94.0 26014s
 1382055 519919 1943.21648   71  336 1982.01279 1853.72601  6.47%  94.0 26047s
 1382363 520315 1938.47939   80  446 1982.01279 1853.73180  6.47%  94.1 26101s
 1383403 520357 1938.49311   60  389 1982.01279 1853.74671  6.47%  94.0 26132s
 1383584 520743 1865.12467   78  351 1982.01279 1853.74748  6.47%  94.1 26179s
 1384441 520796 1854.01751   62  324 1982.01279 1853.75915  6.47%  94.1 26196s
 1384597 521084 1886.58217   76  156 1982.01279 1853.76052  6.47%  94.1 26239s
 1385221 521158     cutoff   72      1982.01279 1853.76314  6.47%  94.1 26262s
 1385379 521479     cutoff   73      1982.01279 1853.77520  6.47%  94.1 26308s
 1386123 521530     cutoff   81      1982.01279 1853.78253  6.47%  94.1 26325s
 1386279 521820     cutoff   76      1982.01279 1853.78516  6.47%  94.1 26367s
 1387052 521882 1918.78174   63  376 1982.01279 1853.80036  6.47%  94.1 26386s
 1387226 522155 1937.96972   74  288 1982.01279 1853.80409  6.47%  94.1 26421s
 1387878 522218 1915.42728   62  418 1982.01279 1853.81715  6.47%  94.1 26434s
 1388016 522589 1980.08212   65  120 1982.01279 1853.82116  6.47%  94.1 26465s
 1388835 522717 infeasible   70      1982.01279 1853.82909  6.47%  94.1 26488s
 1389183 522975 1908.74537   65  275 1982.01279 1853.83603  6.47%  94.1 26528s
 1389970 523017 1857.47151   67  280 1982.01279 1853.84455  6.47%  94.1 26542s
 1390083 523197 1966.62994   78   94 1982.01279 1853.85151  6.47%  94.1 26583s
 1390619 523274 infeasible   62      1982.01279 1853.86304  6.47%  94.1 26597s
 1390785 523546 1865.88660   74  223 1982.01279 1853.86670  6.47%  94.1 26640s
 1391369 523563 1870.77482   88  305 1982.01279 1853.87625  6.46%  94.1 26659s
 1391463 523731 1908.97504   59  359 1982.01279 1853.87681  6.46%  94.1 26696s
 1391954 523772 infeasible   83      1982.01279 1853.88177  6.46%  94.1 26711s
 1392083 524040 1936.31037   78  132 1982.01279 1853.88268  6.46%  94.1 26754s
 1392673 524058 1936.49335   70  200 1982.01279 1853.88849  6.46%  94.1 26763s
 1392822 524257     cutoff   77      1982.01279 1853.89270  6.46%  94.1 26784s
 1393307 524283 1918.85205   67  312 1982.01279 1853.90048  6.46%  94.1 26795s
 1393389 524470 1966.46900   65  108 1982.01279 1853.90376  6.46%  94.1 26823s
 1393923 524557 1894.75839   61   93 1982.01279 1853.90683  6.46%  94.1 26840s
 1394112 524925 1928.00996   71  193 1982.01279 1853.91090  6.46%  94.1 26883s
 1394942 525040     cutoff   96      1982.01279 1853.91385  6.46%  94.1 26904s
 1395161 525191 1886.92022   69  108 1982.01279 1853.92159  6.46%  94.1 26935s
 1395473 525282     cutoff   80      1982.01279 1853.92527  6.46%  94.1 26955s
 1395710 525503 1853.96269   68  307 1982.01279 1853.92969  6.46%  94.1 26989s
 1396281 525607 1935.78271   73  107 1982.01279 1853.93434  6.46%  94.1 27006s
 1396525 525820     cutoff   66      1982.01279 1853.93995  6.46%  94.1 27024s
 1396970 525868 1855.11736   71  299 1982.01279 1853.94497  6.46%  94.1 27040s
 1397078 526054 1941.96370   77  209 1982.01279 1853.94497  6.46%  94.1 27078s
 1397571 526095 1924.40689   65  271 1982.01279 1853.95531  6.46%  94.2 27094s
 1397701 526308 1972.02849   79  203 1982.01279 1853.95644  6.46%  94.2 27127s
 1398259 526364 1938.48996   62  472 1982.01279 1853.96055  6.46%  94.2 27148s
 1398437 526561 1937.54008   60  372 1982.01279 1853.96347  6.46%  94.2 27186s
 1399030 526579 infeasible   55      1982.01279 1853.96866  6.46%  94.2 27201s
 1399136 526919 1920.07108   62  310 1982.01279 1853.97123  6.46%  94.2 27243s
 1400042 526934 1864.11280   69  148 1982.01279 1853.97548  6.46%  94.2 27256s
 1400073 526978 1917.67648   76  225 1982.01279 1853.97625  6.46%  94.2 27269s
 1400178 527200 1954.82035   80  238 1982.01279 1853.97808  6.46%  94.2 27288s
 1400537 527299 1854.13745   63  366 1982.01279 1853.98160  6.46%  94.2 27301s
 1400745 527480 1924.37938   75  468 1982.01279 1853.98301  6.46%  94.2 27327s
 1401263 527544 1973.27535   87  116 1982.01279 1853.98646  6.46%  94.1 27338s
 1401363 527695 1855.52018   68  334 1982.01279 1853.98646  6.46%  94.2 27367s
 1401752 527700     cutoff   52      1982.01279 1853.99501  6.46%  94.2 27380s
 1401817 527940 1941.06045   73  251 1982.01279 1853.99911  6.46%  94.2 27415s
 1402276 527981 1923.39110   73  263 1982.01279 1854.00257  6.46%  94.2 27431s
 1402363 528130 1944.50613   76  239 1982.01279 1854.00257  6.46%  94.2 27452s
 1402764 528152 1921.90802   94  399 1982.01279 1854.00828  6.46%  94.2 27463s
 1402856 528374 1974.25339   99  191 1982.01279 1854.01028  6.46%  94.2 27489s
 1403376 528387     cutoff   66      1982.01279 1854.01854  6.46%  94.2 27504s
 1403457 528602 infeasible   72      1982.01279 1854.01954  6.46%  94.2 27539s
 1404031 528659 infeasible   78      1982.01279 1854.02624  6.46%  94.2 27551s
 1404192 528854 1883.87757   83  110 1982.01279 1854.03093  6.46%  94.2 27572s
 1404663 528902 infeasible   77      1982.01279 1854.03622  6.46%  94.2 27578s
 1404808 529125 infeasible   64      1982.01279 1854.04133  6.46%  94.2 27593s
 1405265 529188 1954.41358   64  173 1982.01279 1854.04742  6.46%  94.2 27603s
 1405441 529419 1915.47733   57   99 1982.01279 1854.04926  6.46%  94.2 27626s
 1405918 529466 1954.24468  129   13 1982.01279 1854.05471  6.46%  94.2 27642s
 1406092 529673 1954.31113  141  192 1982.01279 1854.05789  6.46%  94.2 27674s
 1406728 529766 1921.17490   78  132 1982.01279 1854.07056  6.46%  94.2 27694s
 1406960 529960 1928.35809   73  185 1982.01279 1854.07321  6.46%  94.2 27722s
 1407480 529973 1930.86261   81  179 1982.01279 1854.08188  6.45%  94.2 27736s
 1407552 530131 1932.40423   85   95 1982.01279 1854.08237  6.45%  94.2 27764s
 1408028 530154 1924.91418   72  390 1982.01279 1854.08971  6.45%  94.2 27779s
 1408129 530321 1894.82308   68  411 1982.01279 1854.09109  6.45%  94.2 27816s
 1408617 530372 1936.83617   78  132 1982.01279 1854.10174  6.45%  94.3 27828s
 1408752 530548 1876.09209   74  193 1982.01279 1854.10519  6.45%  94.3 27863s
 1409369 530604 infeasible   63      1982.01279 1854.11353  6.45%  94.3 27894s
 1409504 531291 1854.39702   64  320 1982.01279 1854.11643  6.45%  94.3 28015s
 1411456 531330 1920.41751   82   92 1982.01279 1854.14723  6.45%  94.3 28029s
 1411541 531403 1916.11677   48  105 1982.01279 1854.14994  6.45%  94.3 28054s
 1411685 531496 1859.98347   88  246 1982.01279 1854.15432  6.45%  94.3 28077s
 1411845 531762     cutoff   60      1982.01279 1854.15446  6.45%  94.3 28109s
 1412605 531784 1972.81319   69   49 1982.01279 1854.16129  6.45%  94.3 28121s
 1412780 531998 1942.31149   74  331 1982.01279 1854.16844  6.45%  94.3 28143s
 1413449 532031 1888.04966   49   68 1982.01279 1854.17498  6.45%  94.3 28154s
 1413584 532288 1954.59579   57  135 1982.01279 1854.18161  6.45%  94.3 28168s
 1414195 532383 1854.76333   47  405 1982.01279 1854.19017  6.45%  94.3 28182s
 1414364 532571 1893.92451   75  433 1982.01279 1854.19019  6.45%  94.3 28207s
 1414864 532601 infeasible   95      1982.01279 1854.20672  6.45%  94.3 28223s
 1414947 532753 1980.27464   73  252 1982.01279 1854.20672  6.45%  94.3 28261s
 1415377 532805 1938.24548   72  284 1982.01279 1854.21444  6.45%  94.3 28285s
 1415521 533053 1934.77495   80  279 1982.01279 1854.22030  6.45%  94.3 28328s
 1416162 533075 infeasible   67      1982.01279 1854.22561  6.45%  94.3 28350s
 1416263 533228 1946.09445   74  265 1982.01279 1854.22771  6.45%  94.3 28381s
 1416672 533261 1972.69246   59  143 1982.01279 1854.23588  6.45%  94.3 28400s
 1416915 533427 infeasible   78      1982.01279 1854.23843  6.45%  94.3 28436s
 1417436 533471 1946.12101   85  104 1982.01279 1854.24340  6.45%  94.3 28448s
 1417582 533774     cutoff   76      1982.01279 1854.24631  6.45%  94.3 28491s
 1418274 533812 1977.85687   70  147 1982.01279 1854.26289  6.45%  94.3 28514s
 1418387 534087 1854.78278   71  304 1982.01279 1854.26584  6.45%  94.3 28551s
 1419104 534128 infeasible   69      1982.01279 1854.27644  6.44%  94.3 28566s
 1419244 534399 1868.76590   78  136 1982.01279 1854.28116  6.44%  94.3 28599s
 1419896 534450 infeasible   77      1982.01279 1854.29289  6.44%  94.3 28620s
 1420047 534959 1920.11224   57  305 1982.01279 1854.29289  6.44%  94.3 28702s
 1421158 535025 infeasible   78      1982.01279 1854.29718  6.44%  94.4 28731s
 1421389 535054 1857.84264   69  300 1982.01279 1854.30209  6.44%  94.4 28755s
 1421501 535232 infeasible   71      1982.01279 1854.30491  6.44%  94.4 28786s
 1421997 535255 1919.85843   68  431 1982.01279 1854.31588  6.44%  94.4 28802s
 1422113 535564 1855.95338   67  299 1982.01279 1854.31588  6.44%  94.4 28836s
 1422839 535605 1907.43482   69  395 1982.01279 1854.32676  6.44%  94.4 28856s
 1422928 535657 1858.87597   54  111 1982.01279 1854.32676  6.44%  94.4 28878s
 1423100 535797 1854.99335   57  309 1982.01279 1854.33479  6.44%  94.4 28923s
 1423494 535900 1910.57461   73  327 1982.01279 1854.34215  6.44%  94.4 28966s
 1423855 536123 1940.38390   85  404 1982.01279 1854.35064  6.44%  94.4 29012s
 1424366 536156 1910.89978   65  239 1982.01279 1854.36160  6.44%  94.4 29024s
 1424553 536461 1899.25052   77  207 1982.01279 1854.36417  6.44%  94.4 29080s
 1425532 536532     cutoff   67      1982.01279 1854.38005  6.44%  94.4 29104s
 1425686 536908 1908.35705   72  235 1982.01279 1854.38193  6.44%  94.4 29155s
 1426498 536984 1896.92799   78  338 1982.01279 1854.39577  6.44%  94.4 29181s
 1426669 537245 1970.53518   83  260 1982.01279 1854.39702  6.44%  94.5 29209s
 1427350 537268 1923.57396   79  303 1982.01279 1854.41135  6.44%  94.5 29226s
 1427462 537528 1973.39084   83  293 1982.01279 1854.41715  6.44%  94.5 29277s
 1428219 537605 1976.99417   72  141 1982.01279 1854.42769  6.44%  94.5 29298s
 1428452 537830 infeasible   66      1982.01279 1854.42951  6.44%  94.5 29337s
 1429179 537892 1855.15603   47  527 1982.01279 1854.43891  6.44%  94.5 29357s
 1429371 538048 infeasible   74      1982.01279 1854.44143  6.44%  94.5 29406s
 1429899 538104 infeasible   57      1982.01279 1854.45239  6.44%  94.5 29424s
 1430025 538290 1969.76394   70  335 1982.01279 1854.45448  6.44%  94.5 29466s
 1430549 538327 infeasible   61      1982.01279 1854.46125  6.44%  94.5 29488s
 1430650 539186 1870.10905   79  111 1982.01279 1854.46337  6.44%  94.5 29668s
 1432899 539239 1868.27562   60  129 1982.01279 1854.48924  6.43%  94.5 29694s
 1433033 539258 1971.94956   70  327 1982.01279 1854.48924  6.43%  94.6 29711s
 1433139 539335 infeasible   76      1982.01279 1854.49781  6.43%  94.6 29729s
 1433326 539634 1857.17781   49  374 1982.01279 1854.49984  6.43%  94.6 29754s
 1433936 539800 1855.67364   63  305 1982.01279 1854.50512  6.43%  94.6 29768s
 1434226 540000 1912.75775   80  112 1982.01279 1854.50816  6.43%  94.6 29799s
 1434772 540019     cutoff   51      1982.01279 1854.51102  6.43%  94.6 29816s
 1434870 540283 1954.11155   44  445 1982.01279 1854.51362  6.43%  94.6 29867s
 1435494 540323 infeasible   70      1982.01279 1854.51634  6.43%  94.6 29886s
 1435612 540550 1919.42695   86  382 1982.01279 1854.51749  6.43%  94.6 29930s
 1436181 540550 1894.51985   88  359 1982.01279 1854.52219  6.43%  94.6 29949s
 1436215 540587 infeasible   68      1982.01279 1854.52296  6.43%  94.6 29962s
 1436272 540599 1957.11567   89  255 1982.01279 1854.52296  6.43%  94.6 29978s
 1436381 540665 1974.07922   76  415 1982.01279 1854.52575  6.43%  94.6 30000s
 1436531 540934 1858.54219   75  284 1982.01279 1854.52780  6.43%  94.6 30054s
 1437181 540998 1924.56073   68  537 1982.01279 1854.53563  6.43%  94.6 30072s
 1437345 541201 1864.44352   75  111 1982.01279 1854.53761  6.43%  94.6 30117s
 1437796 541264 1975.65082   77  291 1982.01279 1854.53958  6.43%  94.6 30143s
 1437925 541569 1948.78287   62  253 1982.01279 1854.53958  6.43%  94.6 30193s
 1438600 541597 infeasible   66      1982.01279 1854.54458  6.43%  94.6 30214s
 1438721 541809 1878.53453   67  439 1982.01279 1854.54760  6.43%  94.6 30247s
 1439279 541847 1956.57016   74  278 1982.01279 1854.55590  6.43%  94.6 30257s
 1439388 542009 1966.60248   84  153 1982.01279 1854.55590  6.43%  94.6 30291s
 1440000 542043 infeasible   81      1982.01279 1854.56225  6.43%  94.7 30307s
 1440080 542330 infeasible   79      1982.01279 1854.56611  6.43%  94.7 30351s
 1440724 542476 1934.75621   72  206 1982.01279 1854.57616  6.43%  94.7 30380s
 1441047 542654 1908.11486   85   91 1982.01279 1854.58290  6.43%  94.7 30437s
 1441663 542630 infeasible   67      1982.01279 1854.58915  6.43%  94.7 30453s
 1441736 542668 1936.61066   70  412 1982.01279 1854.59291  6.43%  94.7 30474s
 1441943 542824 infeasible   60      1982.01279 1854.59814  6.43%  94.7 30519s
 1442466 542868 infeasible   63      1982.01279 1854.60406  6.43%  94.7 30536s
 1442584 543094     cutoff   82      1982.01279 1854.60505  6.43%  94.7 30585s
 1443162 543118 1981.48916   69  299 1982.01279 1854.61046  6.43%  94.7 30604s
 1443276 543291 1942.28437   59  402 1982.01279 1854.61258  6.43%  94.7 30660s
 1443895 543342 infeasible   60      1982.01279 1854.62410  6.43%  94.7 30674s
 1444112 543561 1947.15050   73  136 1982.01279 1854.62625  6.43%  94.7 30721s
 1444719 543703 1963.86270   81  246 1982.01279 1854.63124  6.43%  94.7 30764s
 1445098 543741 1977.33860   64  221 1982.01279 1854.63417  6.43%  94.7 30781s
 1445251 543953 1866.54883   88  351 1982.01279 1854.63417  6.43%  94.7 30835s
 1445863 543943     cutoff   86      1982.01279 1854.64355  6.43%  94.7 30856s
 1445936 544114 1906.02506   92  226 1982.01279 1854.64531  6.43%  94.7 30897s
 1446514 544152 1949.71670   81  239 1982.01279 1854.65394  6.43%  94.7 30915s
 1446642 544324 1939.72114   72  162 1982.01279 1854.65618  6.43%  94.7 30947s
 1447240 544391 1921.00641   80  338 1982.01279 1854.66490  6.43%  94.7 30965s
 1447468 544586 1944.30453   94  264 1982.01279 1854.66490  6.43%  94.7 31019s
 1448008 544714 1978.76041   84  102 1982.01279 1854.67153  6.42%  94.7 31050s
 1448315 544820 1862.84685   79  140 1982.01279 1854.67855  6.42%  94.7 31083s
 1448620 545017     cutoff   94      1982.01279 1854.68329  6.42%  94.8 31119s
 1449092 545051 1901.46583   59  105 1982.01279 1854.69141  6.42%  94.8 31137s
 1449215 545242 1923.74281   76  257 1982.01279 1854.69286  6.42%  94.8 31181s
 1449757 545311 1944.86677   75  188 1982.01279 1854.69755  6.42%  94.8 31214s
 1449966 545490 1922.96618   68  427 1982.01279 1854.70021  6.42%  94.8 31262s
 1450600 545544 infeasible   80      1982.01279 1854.70895  6.42%  94.8 31279s
 1450654 545544 1873.57957   74  140 1982.01279 1854.70996  6.42%  94.8 31280s
 1450711 545753 1978.97506   84  225 1982.01279 1854.71090  6.42%  94.8 31310s
 1451303 545841 1981.23458   67  115 1982.01279 1854.71329  6.42%  94.8 31332s
 1451576 546211 1925.36187   74  251 1982.01279 1854.72305  6.42%  94.8 31383s
 1452566 546247 infeasible   73      1982.01279 1854.73211  6.42%  94.8 31396s
 1452703 546399 1977.95624   84  300 1982.01279 1854.73988  6.42%  94.8 31431s
 1453071 546438 infeasible   62      1982.01279 1854.74112  6.42%  94.8 31450s
 1453219 546636 1916.87277   62  172 1982.01279 1854.74306  6.42%  94.8 31489s
 1453719 546715 1864.14966   88  109 1982.01279 1854.75232  6.42%  94.8 31507s
 1453908 546956 1956.23893   80  157 1982.01279 1854.75432  6.42%  94.8 31535s
 1454546 547034 infeasible   72      1982.01279 1854.76011  6.42%  94.8 31545s
 1454755 547228 infeasible   62      1982.01279 1854.76402  6.42%  94.8 31570s
 1455206 547258 infeasible   87      1982.01279 1854.76557  6.42%  94.8 31592s
 1455325 547497 1856.52019   88  217 1982.01279 1854.76903  6.42%  94.8 31640s
 1456008 547559 1854.98195   73  190 1982.01279 1854.77947  6.42%  94.8 31659s
 1456155 547821     cutoff   66      1982.01279 1854.78004  6.42%  94.8 31699s
 1456716 547861 1914.40209   73  143 1982.01279 1854.78278  6.42%  94.8 31718s
 1456805 548092     cutoff   68      1982.01279 1854.78510  6.42%  94.8 31758s
 1457377 548110 infeasible   54      1982.01279 1854.78737  6.42%  94.8 31777s
 1457481 548384 1920.05485   64  382 1982.01279 1854.78737  6.42%  94.8 31821s
 1458142 548408 1938.52584   63  306 1982.01279 1854.79473  6.42%  94.8 31837s
 1458225 548708 1919.77530   77  404 1982.01279 1854.79473  6.42%  94.8 31875s
 1458956 548774 1957.34450   96   37 1982.01279 1854.79960  6.42%  94.8 31904s
 1459169 548995 1981.26704   94  136 1982.01279 1854.80002  6.42%  94.8 31930s
 1459630 549001 1867.78111   60  237 1982.01279 1854.80495  6.42%  94.8 31946s
 1459719 549198 1855.21884   66  306 1982.01279 1854.80688  6.42%  94.9 31980s
 1460186 549230 1896.95118   87  271 1982.01279 1854.81504  6.42%  94.9 31999s
 1460282 549401 1937.97057   83  226 1982.01279 1854.81579  6.42%  94.9 32040s
 1460685 549447 1955.03547   67  301 1982.01279 1854.81911  6.42%  94.9 32058s
 1460841 549618 1923.69993   71  300 1982.01279 1854.82572  6.42%  94.9 32099s
 1461385 549654 1969.34192   66  337 1982.01279 1854.83385  6.42%  94.9 32108s
 1461457 549893 1950.32147   59  280 1982.01279 1854.83385  6.42%  94.9 32140s
 1462012 549948 1929.62981   56  314 1982.01279 1854.83745  6.42%  94.9 32158s
 1462165 550626 1950.50846   95  238 1982.01279 1854.83771  6.42%  94.9 32253s
 1463772 550684 1888.84317   68  404 1982.01279 1854.85927  6.42%  94.9 32269s
 1463874 550693 infeasible   86      1982.01279 1854.86010  6.42%  94.9 32284s
 1463971 550895 1920.35818   58  317 1982.01279 1854.86274  6.42%  94.9 32328s
 1464605 550950 1979.03792   67  239 1982.01279 1854.86855  6.41%  94.9 32341s
 1464727 551141 1976.65996   77  235 1982.01279 1854.87114  6.41%  94.9 32377s
 1465321 551170 infeasible   65      1982.01279 1854.87454  6.41%  94.9 32393s
 1465423 551342 1943.81352   79  194 1982.01279 1854.87454  6.41%  94.9 32423s
 1465974 551360 1917.21562   51  538 1982.01279 1854.88589  6.41%  95.0 32441s
 1466054 551582 1888.85380   78  227 1982.01279 1854.88899  6.41%  95.0 32471s
 1466621 551623 1922.50247   73  310 1982.01279 1854.89908  6.41%  95.0 32489s
 1466738 551716 1945.41883   61   67 1982.01279 1854.89945  6.41%  95.0 32515s
 1466944 551763 1945.98830   62   67 1982.01279 1854.89989  6.41%  95.0 32530s
 1467026 551805 infeasible   60      1982.01279 1854.90038  6.41%  95.0 32544s
 1467110 551828 1947.65311   64   73 1982.01279 1854.90097  6.41%  95.0 32563s
 1467151 551839     cutoff   64      1982.01279 1854.90097  6.41%  95.0 32584s
 1467216 551849 1948.93709   66   68 1982.01279 1854.90209  6.41%  95.0 32602s
 1467265 551854 1953.51362   67   63 1982.01279 1854.90209  6.41%  95.0 32613s
 1467311 551860 1954.85997   68   74 1982.01279 1854.90281  6.41%  95.0 32629s
 1467370 551890 1954.90076   69   74 1982.01279 1854.90313  6.41%  95.0 32651s
 1467430 551936 1954.94155   70   71 1982.01279 1854.90313  6.41%  95.0 32672s
 1467552 551966 1957.88079   71   26 1982.01279 1854.90313  6.41%  95.0 32689s
 1467654 551974     cutoff   72      1982.01279 1854.90313  6.41%  95.0 32708s
 1467735 551986 1909.34377   53  249 1982.01279 1854.90479  6.41%  95.0 32724s
 1467772 552030 1909.56305   54  247 1982.01279 1854.90479  6.41%  95.0 32746s
 1467906 552103 infeasible   55      1982.01279 1854.90479  6.41%  95.0 32765s
 1468097 552173 1964.71976   72  246 1982.01279 1854.91418  6.41%  95.0 32803s
 1468406 552394 1877.87289   55  336 1982.01279 1854.92111  6.41%  95.0 32842s
 1469027 552463 1856.63548   78  247 1982.01279 1854.92821  6.41%  95.0 32863s
 1469200 552788 1922.77077   80  407 1982.01279 1854.93297  6.41%  95.0 32911s
 1470081 552855 infeasible   63      1982.01279 1854.93943  6.41%  95.0 32939s
 1470287 553071 1909.93323   54  376 1982.01279 1854.94527  6.41%  95.0 32988s
 1471000 553123 infeasible   49      1982.01279 1854.95295  6.41%  95.0 33015s
 1471175 553457 1917.15695   62   99 1982.01279 1854.95622  6.41%  95.0 33064s
 1472027 553509 infeasible   70      1982.01279 1854.97013  6.41%  95.0 33084s
 1472165 553621 1979.71399   59  106 1982.01279 1854.97192  6.41%  95.1 33099s
 1472505 553716 1963.50772   60  393 1982.01279 1854.97512  6.41%  95.1 33126s
 1472828 553818 1959.84371   63  355 1982.01279 1854.98037  6.41%  95.1 33153s
 1473190 554080     cutoff   69      1982.01279 1854.98773  6.41%  95.1 33193s
 1473999 554127 infeasible   87      1982.01279 1854.99861  6.41%  95.1 33216s
 1474209 554480 1980.11590   61  278 1982.01279 1855.00154  6.41%  95.1 33273s
 1475083 554540 1939.29686   72  246 1982.01279 1855.01023  6.41%  95.1 33289s
 1475213 554721 1952.06016  100  184 1982.01279 1855.01053  6.41%  95.1 33318s
 1475797 554778 1961.87086   72  136 1982.01279 1855.01914  6.41%  95.1 33331s
 1475936 554921 1910.66905   84  263 1982.01279 1855.02224  6.41%  95.1 33362s
 1476396 554963 1973.19785   79  274 1982.01279 1855.02978  6.41%  95.1 33380s
 1476558 555211 1970.70871   63  276 1982.01279 1855.03020  6.41%  95.1 33412s
 1477234 555265 infeasible   88      1982.01279 1855.03989  6.41%  95.1 33428s
 1477431 555523 infeasible   93      1982.01279 1855.04393  6.41%  95.1 33470s
 1478063 555581 infeasible   57      1982.01279 1855.04964  6.41%  95.1 33488s
 1478253 555843 infeasible   77      1982.01279 1855.05462  6.41%  95.1 33527s
 1478892 555914     cutoff   81      1982.01279 1855.05826  6.41%  95.1 33549s
 1479126 556118 1911.27461   74  326 1982.01279 1855.06322  6.41%  95.1 33578s
 1479648 556205 infeasible   64      1982.01279 1855.06926  6.40%  95.1 33595s
 1479805 556405 1961.19552   94   49 1982.01279 1855.06982  6.40%  95.1 33630s
 1480365 556450 1970.79925   69  385 1982.01279 1855.07293  6.40%  95.1 33648s
 1480525 556785 1910.28994   59  348 1982.01279 1855.07724  6.40%  95.1 33692s
 1481286 556834 1920.51599   67  404 1982.01279 1855.08563  6.40%  95.1 33712s
 1481419 557128 1855.10091   75  313 1982.01279 1855.08663  6.40%  95.1 33740s
 1482091 557191 infeasible   91      1982.01279 1855.09031  6.40%  95.1 33762s
 1482275 557443 1940.88750   66  242 1982.01279 1855.09583  6.40%  95.1 33801s
 1482888 557458 1906.83787   85  324 1982.01279 1855.10556  6.40%  95.1 33820s
 1483003 558464     cutoff   80      1982.01279 1855.10556  6.40%  95.1 33970s
 1485472 558476 infeasible   75      1982.01279 1855.12660  6.40%  95.1 33978s
 1485582 558510 1966.42714   61  141 1982.01279 1855.12812  6.40%  95.1 33988s
 1485694 558555 1922.91925   76  310 1982.01279 1855.13213  6.40%  95.1 34001s
 1485847 558761 1931.00227   61  258 1982.01279 1855.13249  6.40%  95.1 34038s
 1486455 558810 1979.04464   74  317 1982.01279 1855.13913  6.40%  95.1 34052s
 1486617 558840 1978.26591   65  250 1982.01279 1855.14282  6.40%  95.1 34064s
 1486741 559000 infeasible   74      1982.01279 1855.14878  6.40%  95.1 34097s
 1487242 559074 infeasible   66      1982.01279 1855.15399  6.40%  95.1 34115s
 1487415 559306 1938.77309   59  400 1982.01279 1855.15470  6.40%  95.1 34153s
 1487978 559337 1914.49068  104  121 1982.01279 1855.15871  6.40%  95.1 34168s
 1488090 559517     cutoff   74      1982.01279 1855.15873  6.40%  95.1 34200s
 1488656 559543 1948.58197   60  416 1982.01279 1855.16560  6.40%  95.1 34210s
 1488745 559753 1855.95252   63  302 1982.01279 1855.16711  6.40%  95.1 34250s
 1489304 559795 1920.19662   69  102 1982.01279 1855.17509  6.40%  95.1 34269s
 1489445 560045     cutoff   81      1982.01279 1855.17710  6.40%  95.1 34310s
 1490145 560078 1920.28529   77  406 1982.01279 1855.18688  6.40%  95.1 34332s
 1490255 560308 1895.27440   71  338 1982.01279 1855.18699  6.40%  95.1 34372s
 1490892 560319 1977.67957   66  236 1982.01279 1855.19870  6.40%  95.1 34389s
 1490988 560503 1933.27264   68  208 1982.01279 1855.19911  6.40%  95.1 34426s
 1491567 560551 1865.16388   63  308 1982.01279 1855.20718  6.40%  95.1 34445s
 1491714 560801     cutoff   81      1982.01279 1855.20861  6.40%  95.1 34473s
 1492345 560847 infeasible   65      1982.01279 1855.21572  6.40%  95.1 34492s
 1492462 561148     cutoff   74      1982.01279 1855.22124  6.40%  95.1 34534s
 1493136 561252 infeasible   53      1982.01279 1855.22743  6.40%  95.1 34578s
 1493453 561513 1980.52632   65  338 1982.01279 1855.23034  6.40%  95.1 34627s
 1494245 561545     cutoff   85      1982.01279 1855.23886  6.40%  95.1 34646s
 1494355 561787 1923.43172   81  303 1982.01279 1855.24201  6.40%  95.1 34690s
 1494887 561822 1909.43061   85  201 1982.01279 1855.24788  6.40%  95.1 34702s
 1494977 562096 1979.85812   79  219 1982.01279 1855.25011  6.40%  95.1 34735s
 1495597 562110 1978.86089   87  311 1982.01279 1855.25884  6.40%  95.1 34753s
 1495675 562236 1857.61479   70  308 1982.01279 1855.25953  6.40%  95.2 34776s
 1496021 562359 1857.78827   56  246 1982.01279 1855.26303  6.40%  95.2 34806s
 1496266 562427 1855.32735   72  276 1982.01279 1855.26895  6.39%  95.2 34825s
 1496426 562656     cutoff   69      1982.01279 1855.27152  6.39%  95.2 34867s
 1497040 562698 infeasible   57      1982.01279 1855.28432  6.39%  95.2 34885s
 1497189 562910 1919.46938   72  364 1982.01279 1855.28667  6.39%  95.2 34924s
 1497785 562918 1908.89653   66  440 1982.01279 1855.29336  6.39%  95.2 34948s
 1497880 563170 1931.96813   67   71 1982.01279 1855.29652  6.39%  95.2 34993s
 1498537 563222 1891.14334   62  133 1982.01279 1855.31046  6.39%  95.2 35007s
 1498649 563420 1941.75081   66  389 1982.01279 1855.31241  6.39%  95.2 35044s
 1499244 563494     cutoff   75      1982.01279 1855.31570  6.39%  95.2 35061s
 1499464 563757 1890.86999   87  145 1982.01279 1855.32174  6.39%  95.2 35088s
 1500165 563788 infeasible  100      1982.01279 1855.32665  6.39%  95.2 35104s
 1500288 564042 1912.72854   86   61 1982.01279 1855.32818  6.39%  95.2 35140s
 1500905 564049 1979.36515   59  248 1982.01279 1855.33658  6.39%  95.2 35154s
 1500990 564236 1920.36100   80  334 1982.01279 1855.33658  6.39%  95.2 35183s
 1501524 564255 infeasible   51      1982.01279 1855.34320  6.39%  95.2 35204s
 1501592 564435 1926.27164   69  300 1982.01279 1855.34398  6.39%  95.2 35241s
 1502087 564449 1855.51157   64  347 1982.01279 1855.34820  6.39%  95.2 35252s
 1502163 564755 1874.95407   67  286 1982.01279 1855.34836  6.39%  95.2 35288s
 1502979 564791 1977.77158   66  303 1982.01279 1855.35811  6.39%  95.2 35313s
 1503248 564938 1946.94426   56  448 1982.01279 1855.36237  6.39%  95.2 35341s
 1503555 564977 1918.24103   69  306 1982.01279 1855.36642  6.39%  95.2 35361s
 1503692 565626 1917.26772   86  270 1982.01279 1855.36685  6.39%  95.2 35471s
 1505613 565640 1874.54625   74  298 1982.01279 1855.38480  6.39%  95.2 35481s
 1505681 565665 infeasible   75      1982.01279 1855.38708  6.39%  95.2 35495s
 1505765 565867 1921.65338   68  352 1982.01279 1855.38970  6.39%  95.2 35533s
 1506348 565913 infeasible   57      1982.01279 1855.40099  6.39%  95.2 35550s
 1506451 566107 1958.15012   60  174 1982.01279 1855.40200  6.39%  95.2 35588s
 1506952 566150     cutoff  108      1982.01279 1855.40711  6.39%  95.2 35604s
 1507058 566338 1936.52537   77  304 1982.01279 1855.40855  6.39%  95.2 35645s
 1507603 566372     cutoff   78      1982.01279 1855.42189  6.39%  95.2 35665s
 1507740 566570 1967.73680   72  216 1982.01279 1855.42189  6.39%  95.2 35707s
 1508314 566667 1865.11565   71  307 1982.01279 1855.42656  6.39%  95.2 35727s
 1508597 566878 1931.57645   75  235 1982.01279 1855.42963  6.39%  95.2 35770s
 1509198 566895 1950.80590   75  217 1982.01279 1855.44036  6.39%  95.2 35787s
 1509286 567091 1940.50758   62  383 1982.01279 1855.44054  6.39%  95.2 35827s
 1509783 567095 1855.50817   58  438 1982.01279 1855.44206  6.39%  95.2 35847s
 1509833 567181 infeasible   63      1982.01279 1855.44477  6.39%  95.2 35872s
 1510099 567230 1968.63505   75  178 1982.01279 1855.44685  6.39%  95.2 35900s
 1510245 567399 1970.99291   87  265 1982.01279 1855.44685  6.39%  95.2 35944s
 1510871 567479 infeasible   80      1982.01279 1855.45840  6.39%  95.2 35971s
 1511090 567712 1954.14325   86  292 1982.01279 1855.46519  6.38%  95.2 36001s
 1511666 567784     cutoff   87      1982.01279 1855.47163  6.38%  95.2 36019s
 1511861 567983 1936.63039   79  144 1982.01279 1855.47461  6.38%  95.2 36059s
 1512444 568075 infeasible   75      1982.01279 1855.48231  6.38%  95.2 36080s
 1512718 568089 infeasible   76      1982.01279 1855.48943  6.38%  95.2 36098s
 1512827 568318 1931.87902   83  359 1982.01279 1855.49155  6.38%  95.2 36142s
 1513421 568367     cutoff   78      1982.01279 1855.49770  6.38%  95.2 36161s
 1513582 568663 1925.47161   79  388 1982.01279 1855.50213  6.38%  95.2 36204s
 1514202 568744 infeasible   96      1982.01279 1855.50861  6.38%  95.2 36243s
 1514432 569056 1872.93947   55  274 1982.01279 1855.51034  6.38%  95.2 36308s
 1515286 569050 1924.32317   67  313 1982.01279 1855.52143  6.38%  95.2 36393s
 1515300 569054 1855.53311   69  338 1982.01279 1855.52359  6.38%  95.2 36448s
 1515304 569056 1869.62012   68  158 1982.01279 1855.52359  6.38%  95.2 36492s
 1515309 569057 infeasible   69      1982.01279 1855.52359  6.38%  95.2 36541s
 1515315 569056 1939.05775   70  212 1982.01279 1855.52359  6.38%  95.2 36603s
 1515323 569058 1939.05786   71  225 1982.01279 1855.52359  6.38%  95.2 36670s
 1515327 569060 1939.10580   72  193 1982.01279 1855.52359  6.38%  95.2 36729s
 1515331 569060 1939.10590   73  225 1982.01279 1855.52359  6.38%  95.2 36783s
 1515338 569060     cutoff   73      1982.01279 1855.52359  6.38%  95.2 36855s
 1515345 569062 1939.27921   73  125 1982.01279 1855.52359  6.38%  95.2 36900s
 1515350 569061     cutoff   74      1982.01279 1855.52359  6.38%  95.2 36951s
 1515358 569062 1939.32726   75  126 1982.01279 1855.52359  6.38%  95.2 36994s
 1515365 569065 1939.32726   76  125 1982.01279 1855.52359  6.38%  95.2 37042s
 1515369 569068 1939.32726   77  125 1982.01279 1855.52359  6.38%  95.2 37099s
 1515373 569059 infeasible   78      1982.01279 1855.52359  6.38%  95.2 37138s
 1515389 569060 infeasible   68      1982.01279 1855.52424  6.38%  95.2 37181s
 1515396 569058 infeasible   69      1982.01279 1855.52424  6.38%  95.2 37285s
 1515406 569061 infeasible   70      1982.01279 1855.52424  6.38%  95.2 37336s
 1515411 569063 infeasible   71      1982.01279 1855.52531  6.38%  95.2 37366s
 1515439 569078 1973.49761   69  277 1982.01279 1855.52531  6.38%  95.2 37423s
 1515501 569094 1973.49761   70  278 1982.01279 1855.52533  6.38%  95.2 37476s
 1515584 569105 1973.49761   71  278 1982.01279 1855.52570  6.38%  95.2 37571s
 1515649 569138     cutoff   72      1982.01279 1855.52712  6.38%  95.2 37625s
 1515759 569175 1953.31449   89  260 1982.01279 1855.52747  6.38%  95.2 37689s
 1515935 569225 1979.29831   69  269 1982.01279 1855.52841  6.38%  95.2 37759s
 1516197 569306     cutoff   72      1982.01279 1855.53237  6.38%  95.2 37814s
 1516628 569458 1940.19024   73  290 1982.01279 1855.54038  6.38%  95.2 37863s
 1516986 569538     cutoff   83      1982.01279 1855.54803  6.38%  95.2 37909s
 1517232 569589 1951.25034   65  210 1982.01279 1855.55001  6.38%  95.2 37954s
 1517549 569681 infeasible   79      1982.01279 1855.55852  6.38%  95.3 37989s
 1517944 569793 1855.57445   67  301 1982.01279 1855.56277  6.38%  95.3 38027s
 1518409 569906 1954.22368   92  127 1982.01279 1855.57434  6.38%  95.3 38085s
 1518900 570068 infeasible   70      1982.01279 1855.57913  6.38%  95.3 38141s
 1519362 570177 1973.25945   79  201 1982.01279 1855.58268  6.38%  95.3 38189s
 1519739 570310 infeasible   59      1982.01279 1855.59462  6.38%  95.3 38240s
 1520204 571130 1953.19070   90  205 1982.01279 1855.59941  6.38%  95.3 38359s
 1522421 571245 infeasible   99      1982.01279 1855.62070  6.38%  95.3 38396s
 1522739 571771 1975.64427   55  241 1982.01279 1855.62551  6.38%  95.3 38490s
 1524177 571880 infeasible   47      1982.01279 1855.64395  6.38%  95.4 38520s
 1524472 572144 1980.61802   75  270 1982.01279 1855.64648  6.38%  95.4 38562s
 1525076 572311 1973.28262   72  411 1982.01279 1855.65427  6.38%  95.4 38586s
 1525573 572340 infeasible   75      1982.01279 1855.66020  6.37%  95.4 38599s
 1525674 572466 1955.59783   70  424 1982.01279 1855.66410  6.37%  95.4 38615s
 1526118 572457 1964.80808   70  263 1982.01279 1855.67136  6.37%  95.4 38627s
 1526195 572699     cutoff   72      1982.01279 1855.67250  6.37%  95.4 38664s
 1526782 572727 infeasible   58      1982.01279 1855.67952  6.37%  95.4 38680s
 1526881 572891 1909.30825   53  450 1982.01279 1855.68170  6.37%  95.4 38709s
 1527282 572908 1977.82740   77  329 1982.01279 1855.68672  6.37%  95.4 38718s
 1527345 573044 1978.93994   76  305 1982.01279 1855.68681  6.37%  95.4 38741s
 1527879 573073 1971.53811   71  429 1982.01279 1855.68896  6.37%  95.4 38757s
 1528019 573265 1898.31191   59  375 1982.01279 1855.68896  6.37%  95.4 38790s
 1528510 573286     cutoff   83      1982.01279 1855.69847  6.37%  95.4 38799s
 1528581 573456 1924.31588   77  231 1982.01279 1855.69847  6.37%  95.4 38827s
 1529066 573481 infeasible   51      1982.01279 1855.70149  6.37%  95.4 38841s
 1529175 573608 infeasible   76      1982.01279 1855.70224  6.37%  95.4 38868s
 1529607 573620 1952.17636   88  233 1982.01279 1855.70980  6.37%  95.4 38886s
 1529681 573842 1948.11437   66  130 1982.01279 1855.71311  6.37%  95.4 38923s
 1530177 573890 infeasible   63      1982.01279 1855.71439  6.37%  95.4 38936s
 1530342 574067 infeasible   85      1982.01279 1855.71641  6.37%  95.4 38964s
 1530871 574121 1938.86411   67  342 1982.01279 1855.72731  6.37%  95.4 38977s
 1531071 574195     cutoff   71      1982.01279 1855.73052  6.37%  95.4 38994s
 1531351 574253     cutoff   87      1982.01279 1855.73689  6.37%  95.4 39008s
 1531536 574490 1864.75504   83  261 1982.01279 1855.74176  6.37%  95.4 39036s
 1532049 574522 infeasible   87      1982.01279 1855.75203  6.37%  95.5 39048s
 1532181 574835 1944.53928   86  253 1982.01279 1855.75353  6.37%  95.5 39073s
 1532933 574876 infeasible   80      1982.01279 1855.75930  6.37%  95.5 39088s
 1533049 575160 1875.66991   51  201 1982.01279 1855.75930  6.37%  95.5 39122s
 1533669 575196 1925.88736   78  211 1982.01279 1855.76753  6.37%  95.5 39138s
 1533773 575461 1863.54179   86  187 1982.01279 1855.76896  6.37%  95.5 39172s
 1534508 575504 infeasible   61      1982.01279 1855.77754  6.37%  95.4 39185s
 1534638 575683 1859.20651   62  325 1982.01279 1855.77863  6.37%  95.4 39206s
 1535194 575720 1950.78497   74  308 1982.01279 1855.78974  6.37%  95.4 39234s
 1535338 576072 1927.70745   81  269 1982.01279 1855.79345  6.37%  95.5 39315s
 1536663 576102 1926.72750   72  262 1982.01279 1855.80421  6.37%  95.5 39335s
 1536815 576213 1979.47914   92  192 1982.01279 1855.80421  6.37%  95.5 39358s
 1537133 576453 1926.19952   71  322 1982.01279 1855.82617  6.37%  95.5 39389s
 1537961 576499 1950.42914   68  244 1982.01279 1855.83219  6.37%  95.5 39403s
 1538116 576750 1981.77212   91   95 1982.01279 1855.83912  6.37%  95.5 39439s
 1538869 576778 1950.72011   85  306 1982.01279 1855.85074  6.37%  95.5 39455s
 1538989 576931 1978.78228   71  191 1982.01279 1855.85497  6.37%  95.5 39483s
 1539482 576978 1866.04441   54   40 1982.01279 1855.86504  6.36%  95.5 39498s
 1539619 577174 1907.25198   69  253 1982.01279 1855.86773  6.36%  95.5 39530s
 1540153 577226 infeasible   60      1982.01279 1855.87665  6.36%  95.5 39551s
 1540387 577416     cutoff   75      1982.01279 1855.88114  6.36%  95.5 39587s
 1541079 577455 1871.97177   75  302 1982.01279 1855.88826  6.36%  95.5 39599s
 1541196 577575     cutoff   88      1982.01279 1855.88826  6.36%  95.5 39643s
 1541653 577588 1919.26512   77   15 1982.01279 1855.89218  6.36%  95.5 39659s
 1541775 577856 1938.86747   69  198 1982.01279 1855.89631  6.36%  95.5 39705s
 1542543 577866 1938.88470   77  358 1982.01279 1855.90888  6.36%  95.5 39725s
 1542583 578092 1956.29771   79  196 1982.01279 1855.90888  6.36%  95.5 39753s
 1543191 578151 1860.17671   85  280 1982.01279 1855.92146  6.36%  95.5 39764s
 1543307 578405 1913.69516   97  157 1982.01279 1855.92302  6.36%  95.5 39801s
 1544004 578439 infeasible   77      1982.01279 1855.92900  6.36%  95.5 39816s
 1544148 578564 1924.92165   59  371 1982.01279 1855.93533  6.36%  95.5 39839s
 1544570 578588 1856.05159   75  288 1982.01279 1855.93951  6.36%  95.5 39854s
 1544657 578734 1923.71961   69  329 1982.01279 1855.94231  6.36%  95.5 39883s
 1545158 578828 1939.80832   75  299 1982.01279 1855.95271  6.36%  95.5 39902s
 1545372 578942 1970.45065   61  114 1982.01279 1855.95813  6.36%  95.5 39922s
 1545732 578954 1944.33207   65  111 1982.01279 1855.96484  6.36%  95.5 39956s
 1545870 579544 1956.66039   59  439 1982.01279 1855.96890  6.36%  95.5 40064s
 1547692 579617     cutoff   69      1982.01279 1855.98681  6.36%  95.5 40081s
 1547865 579690 1927.93908   72  153 1982.01279 1855.99096  6.36%  95.5 40099s
 1548089 579957 1960.76704   78  108 1982.01279 1855.99423  6.36%  95.5 40134s
 1548852 579972 1976.15185   86  172 1982.01279 1856.00031  6.36%  95.5 40147s
 1548949 580147 1951.45820   73  340 1982.01279 1856.00186  6.36%  95.5 40178s
 1549406 580178     cutoff   74      1982.01279 1856.01139  6.36%  95.5 40191s
 1549531 580463 1928.00958   72  338 1982.01279 1856.01385  6.36%  95.5 40218s
 1550252 580496 1909.24342   69  241 1982.01279 1856.01969  6.36%  95.5 40232s
 1550350 580690 1958.25685   60  102 1982.01279 1856.02674  6.36%  95.5 40261s
 1550716 580703 infeasible   87      1982.01279 1856.02902  6.36%  95.5 40278s
 1550827 580908     cutoff   83      1982.01279 1856.03041  6.36%  95.5 40319s
 1551351 580974 1870.62983   76  125 1982.01279 1856.04115  6.36%  95.5 40335s
 1551529 581222 1945.51122   73  254 1982.01279 1856.04227  6.36%  95.5 40358s
 1552116 581318 1921.05217   75  394 1982.01279 1856.04938  6.36%  95.5 40376s
 1552308 581486 1924.66218   82  316 1982.01279 1856.05181  6.36%  95.5 40409s
 1552564 581486 1909.64880   48  397 1982.01279 1856.05256  6.36%  95.5 40410s
 1552835 581525 infeasible   70      1982.01279 1856.05561  6.36%  95.5 40419s
 1552896 581687 1893.31923   83   77 1982.01279 1856.05596  6.35%  95.5 40457s
 1553415 581742 1856.79157   75  376 1982.01279 1856.06004  6.35%  95.5 40472s
 1553544 581924 1966.33365   97  236 1982.01279 1856.06004  6.35%  95.6 40504s
 1554057 581974 1882.28717   85  244 1982.01279 1856.07463  6.35%  95.6 40529s
 1554224 582167 1929.84088   72  317 1982.01279 1856.07772  6.35%  95.6 40546s
 1554670 582215 infeasible   97      1982.01279 1856.08500  6.35%  95.6 40556s
 1554868 582426 1921.25091   80  246 1982.01279 1856.09026  6.35%  95.6 40586s
 1555496 582462 infeasible   85      1982.01279 1856.10162  6.35%  95.6 40598s
 1555661 582512 1912.31711   73  190 1982.01279 1856.10766  6.35%  95.6 40620s
 1555793 582594 1948.53988   78  202 1982.01279 1856.10992  6.35%  95.6 40641s
 1555963 582759 1949.91420   67  275 1982.01279 1856.11373  6.35%  95.6 40694s
 1556541 582791 1930.55855   77  449 1982.01279 1856.11860  6.35%  95.6 40708s
 1556607 582941 1979.61985   86  243 1982.01279 1856.11860  6.35%  95.6 40738s
 1557035 583053 1979.63245   76  167 1982.01279 1856.12067  6.35%  95.6 40758s
 1557381 583355 1966.94661  105  120 1982.01279 1856.12488  6.35%  95.6 40798s
 1558241 583377 1969.91432  101  159 1982.01279 1856.13367  6.35%  95.6 40806s
 1558352 583494 1961.17812   94  320 1982.01279 1856.13367  6.35%  95.6 40837s
 1558889 583550 1943.18905   88  169 1982.01279 1856.14126  6.35%  95.6 40854s
 1559037 583747 1946.41316   65  123 1982.01279 1856.14640  6.35%  95.6 40876s
 1559525 583789 1979.04072   81  159 1982.01279 1856.15205  6.35%  95.6 40885s
 1559672 583913 1926.98295   77  248 1982.01279 1856.15613  6.35%  95.6 40902s
 1560083 583968 1961.46150   79  329 1982.01279 1856.16146  6.35%  95.6 40912s
 1560218 584263 infeasible   69      1982.01279 1856.16251  6.35%  95.6 40930s
 1560864 584279     cutoff  100      1982.01279 1856.16478  6.35%  95.6 40938s
 1560974 584499 1935.70896   87  235 1982.01279 1856.16478  6.35%  95.6 40963s
 1561547 584607 1926.43622   82  356 1982.01279 1856.16688  6.35%  95.6 40977s
 1561872 584724 1926.98714   88  280 1982.01279 1856.16877  6.35%  95.6 41001s
 1562330 584750 1949.19513   69  379 1982.01279 1856.17821  6.35%  95.6 41011s
 1562408 584906 infeasible   72      1982.01279 1856.17913  6.35%  95.6 41036s
 1562871 584974 1951.52160   77  308 1982.01279 1856.18217  6.35%  95.6 41049s
 1563010 585145 1891.41242   71   93 1982.01279 1856.18516  6.35%  95.6 41078s
 1563428 585186 infeasible   91      1982.01279 1856.18764  6.35%  95.6 41090s
 1563523 585315 1875.92321   51   93 1982.01279 1856.18764  6.35%  95.6 41112s
 1563954 585358 infeasible   60      1982.01279 1856.19207  6.35%  95.6 41126s
 1564118 585547 1980.66646   81  188 1982.01279 1856.19540  6.35%  95.6 41147s
 1564588 585623 infeasible   66      1982.01279 1856.20123  6.35%  95.6 41163s
 1564750 585808 1941.59490   95  181 1982.01279 1856.20423  6.35%  95.6 41195s
 1565148 585921 1969.87475   93  176 1982.01279 1856.20763  6.35%  95.6 41216s
 1565389 586131 1974.12466   84   76 1982.01279 1856.21409  6.35%  95.6 41245s
 1565861 586189 1858.92340   48  420 1982.01279 1856.21983  6.35%  95.6 41260s
 1566015 586464 1935.44374   79  257 1982.01279 1856.22100  6.35%  95.6 41288s
 1566606 586496 1927.94325   73  254 1982.01279 1856.22906  6.35%  95.6 41318s
 1566787 587000     cutoff   82      1982.01279 1856.23565  6.35%  95.6 41389s
 1568012 587021 1913.01570   62  189 1982.01279 1856.24746  6.35%  95.6 41397s
 1568121 587092 1875.48348   68  229 1982.01279 1856.24893  6.35%  95.6 41415s
 1568402 587349 1921.27184   89  290 1982.01279 1856.25791  6.34%  95.6 41458s
 1569124 587384 1909.71641   74  420 1982.01279 1856.26693  6.34%  95.6 41470s
 1569241 587483 1865.68956   75  186 1982.01279 1856.27128  6.34%  95.6 41502s
 1569504 587526 1911.36663   56  309 1982.01279 1856.27509  6.34%  95.6 41523s
 1569588 587681     cutoff   63      1982.01279 1856.28020  6.34%  95.6 41553s
 1570012 587709     cutoff   69      1982.01279 1856.28020  6.34%  95.6 41566s
 1570196 587895 1857.49387   64  310 1982.01279 1856.29609  6.34%  95.6 41604s
 1570778 587921 infeasible   78      1982.01279 1856.30486  6.34%  95.7 41618s
 1570917 588206 1956.58369   85  177 1982.01279 1856.31393  6.34%  95.7 41648s
 1571615 588235 infeasible   88      1982.01279 1856.32897  6.34%  95.7 41666s
 1571729 588455 1939.25190   72  373 1982.01279 1856.33105  6.34%  95.7 41709s
 1572419 588489 infeasible   47      1982.01279 1856.33660  6.34%  95.7 41723s
 1572548 588705 1910.95516   74  386 1982.01279 1856.34063  6.34%  95.7 41754s
 1573131 588738 1913.13393   54  241 1982.01279 1856.35192  6.34%  95.7 41769s
 1573239 588935 1963.58156   76  241 1982.01279 1856.35434  6.34%  95.7 41795s
 1573704 589012 1979.71110   65  292 1982.01279 1856.36139  6.34%  95.7 41806s
 1573863 589267 1967.02485   86   74 1982.01279 1856.36139  6.34%  95.7 41848s
 1574529 589318 1944.56051   64  229 1982.01279 1856.37410  6.34%  95.7 41872s
 1574735 589453 1856.42061   80  322 1982.01279 1856.37555  6.34%  95.7 41902s
 1575066 589483 1979.83061   74  301 1982.01279 1856.38149  6.34%  95.7 41915s
 1575159 589644     cutoff   76      1982.01279 1856.38321  6.34%  95.7 41944s
 1575600 589719 1930.86398   80  330 1982.01279 1856.39407  6.34%  95.7 41962s
 1575794 589982 infeasible   46      1982.01279 1856.39459  6.34%  95.7 42009s
 1576630 589999 infeasible   77      1982.01279 1856.40236  6.34%  95.7 42031s
 1576769 590214 1944.85905   80  421 1982.01279 1856.40594  6.34%  95.7 42063s
 1577435 590280 1922.30932   77  433 1982.01279 1856.41441  6.34%  95.7 42091s
 1577602 590948 1964.86475   87  164 1982.01279 1856.41738  6.34%  95.7 42185s
 1579554 590967 infeasible   65      1982.01279 1856.43691  6.34%  95.7 42198s
 1579648 591013     cutoff   72      1982.01279 1856.43972  6.34%  95.7 42209s
 1579755 591114 1922.44660   88  227 1982.01279 1856.44395  6.34%  95.7 42234s
 1580167 591138 1966.63560   68  179 1982.01279 1856.44621  6.34%  95.7 42248s
 1580244 591312 1978.40224   72  259 1982.01279 1856.44621  6.34%  95.7 42269s
 1580743 591365 1896.00771   84  242 1982.01279 1856.45289  6.33%  95.7 42280s
 1580882 591534     cutoff   98      1982.01279 1856.45338  6.33%  95.7 42306s
 1581393 591559 infeasible   99      1982.01279 1856.46572  6.33%  95.7 42321s
 1581504 591699 1920.74565   83  160 1982.01279 1856.46741  6.33%  95.7 42348s
 1581926 591756 1978.23131   78  255 1982.01279 1856.47658  6.33%  95.7 42364s
 1582087 591976 1879.92763   71  222 1982.01279 1856.47993  6.33%  95.7 42395s
 1582677 592035 infeasible  120      1982.01279 1856.48398  6.33%  95.7 42413s
 1582891 592197 1857.84066   56  417 1982.01279 1856.48648  6.33%  95.7 42430s
 1583392 592261 1970.80614   95   22 1982.01279 1856.49877  6.33%  95.7 42441s
 1583579 592566 1978.13386   69   97 1982.01279 1856.49951  6.33%  95.7 42470s
 1584352 592590 1859.81072   65  345 1982.01279 1856.50517  6.33%  95.7 42482s
 1584426 592765 1883.34871   71  265 1982.01279 1856.50764  6.33%  95.7 42510s
 1584884 592755 infeasible   83      1982.01279 1856.52031  6.33%  95.7 42527s
 1584947 592914 1911.23813   52  366 1982.01279 1856.52040  6.33%  95.7 42566s
 1585549 592966 infeasible   64      1982.01279 1856.53149  6.33%  95.7 42573s
 1585693 593135 1871.63859   46  193 1982.01279 1856.53149  6.33%  95.7 42594s
 1586218 593163 infeasible   61      1982.01279 1856.53762  6.33%  95.7 42607s
 1586345 593274 1913.90319   62  343 1982.01279 1856.54043  6.33%  95.7 42631s
 1586670 593291 infeasible   69      1982.01279 1856.54776  6.33%  95.7 42640s
 1586809 593432 infeasible   83      1982.01279 1856.54865  6.33%  95.7 42670s
 1587430 593463 infeasible   82      1982.01279 1856.55721  6.33%  95.7 42683s
 1587566 593713     cutoff   99      1982.01279 1856.56044  6.33%  95.7 42712s
 1588225 593781 1969.70870  107   33 1982.01279 1856.56722  6.33%  95.7 42739s
 1588436 594185 1924.40678   89  169 1982.01279 1856.57326  6.33%  95.7 42813s
 1589813 594197 1928.03676   69  304 1982.01279 1856.60020  6.33%  95.7 42823s
 1589861 594204 1932.16691   71  315 1982.01279 1856.60076  6.33%  95.7 42836s
 1589975 594420 1922.82782   60  354 1982.01279 1856.60144  6.33%  95.7 42869s
 1590472 594444 1946.45718  112   77 1982.01279 1856.60304  6.33%  95.7 42884s
 1590558 594639 1898.14062   67  125 1982.01279 1856.60614  6.33%  95.7 42905s
 1591062 594648 infeasible   71      1982.01279 1856.61124  6.33%  95.7 42913s
 1591153 594831 1922.09089   82   76 1982.01279 1856.61286  6.33%  95.7 42939s
 1591718 594847 infeasible   81      1982.01279 1856.62779  6.33%  95.7 42952s
 1591789 595040 1925.23494   82  100 1982.01279 1856.62948  6.33%  95.7 42968s
 1592247 595069 1970.47514   84  271 1982.01279 1856.63166  6.33%  95.7 42984s
 1592390 595252 1857.40224   62  239 1982.01279 1856.63842  6.33%  95.7 43018s
 1592825 595373 1870.07118   66  108 1982.01279 1856.63990  6.33%  95.7 43042s
 1593160 595530 1920.41148   87  329 1982.01279 1856.64983  6.33%  95.7 43070s
 1593600 595580 infeasible   68      1982.01279 1856.65542  6.32%  95.7 43080s
 1593705 595723 infeasible   83      1982.01279 1856.65542  6.32%  95.7 43096s
 1594201 595745     cutoff  100      1982.01279 1856.65692  6.32%  95.8 43105s
 1594303 595935 1942.43108   70   75 1982.01279 1856.66006  6.32%  95.8 43123s
 1594831 595972 infeasible   87      1982.01279 1856.67227  6.32%  95.8 43134s
 1594931 596124 1979.84006   76  153 1982.01279 1856.67619  6.32%  95.8 43153s
 1595497 596141 1917.53083   95  241 1982.01279 1856.68527  6.32%  95.8 43169s
 1595627 596296 1939.27361   90  248 1982.01279 1856.69443  6.32%  95.8 43208s
 1596188 596336 1929.51966   48  105 1982.01279 1856.69970  6.32%  95.8 43225s
 1596341 596571 1934.31493   54  249 1982.01279 1856.70577  6.32%  95.8 43264s
 1596977 596609 infeasible   74      1982.01279 1856.71520  6.32%  95.8 43278s
 1597106 596794 1978.93545   80  393 1982.01279 1856.72027  6.32%  95.8 43305s
 1597556 596837     cutoff   80      1982.01279 1856.72590  6.32%  95.8 43319s
 1597705 597044 1951.74911   74  149 1982.01279 1856.73244  6.32%  95.8 43350s
 1598283 597104 1943.64379   64  122 1982.01279 1856.74188  6.32%  95.8 43362s
 1598396 597306 1943.64568   70  156 1982.01279 1856.74188  6.32%  95.8 43393s
 1598984 597332 infeasible  109      1982.01279 1856.75581  6.32%  95.8 43423s
 1599128 597791 1901.68708   79  481 1982.01279 1856.75610  6.32%  95.8 43516s
 1600406 597826 1941.81468   77  348 1982.01279 1856.76865  6.32%  95.8 43538s
 1600586 597898 1935.70094   76  322 1982.01279 1856.77439  6.32%  95.8 43570s
 1600742 597923 1960.82850   85  243 1982.01279 1856.77898  6.32%  95.8 43593s
 1600846 597964 infeasible   52      1982.01279 1856.78030  6.32%  95.8 43623s
 1600980 598129 1929.91943   72  285 1982.01279 1856.78030  6.32%  95.8 43662s
 1601367 598442 1922.23789   90  401 1982.01279 1856.78269  6.32%  95.8 43701s
 1602327 598483 1857.02946   71  250 1982.01279 1856.79813  6.32%  95.8 43714s
 1602453 598908 1859.46180   90  295 1982.01279 1856.79813  6.32%  95.8 43752s
 1603428 598984 1861.89812   85   94 1982.01279 1856.81323  6.32%  95.8 43782s
 1603593 599187 1921.58277   77  141 1982.01279 1856.81466  6.32%  95.8 43823s
 1604146 599223 1908.58793   65  449 1982.01279 1856.81468  6.32%  95.8 43837s
 1604251 599420 1949.23327   80  264 1982.01279 1856.81475  6.32%  95.8 43894s
 1604870 599442 infeasible   62      1982.01279 1856.82638  6.32%  95.8 43918s
 1605054 599723     cutoff   92      1982.01279 1856.82938  6.32%  95.9 43958s
 1605904 599751 infeasible   98      1982.01279 1856.84189  6.32%  95.8 43978s
 1606089 599972 1981.37128   60  175 1982.01279 1856.84285  6.32%  95.8 44019s
 1606572 600010 1900.65112   70  397 1982.01279 1856.84775  6.32%  95.9 44044s
 1606769 600248 1874.53765   64  276 1982.01279 1856.85158  6.31%  95.9 44083s
 1607457 600291 1922.67265   77  414 1982.01279 1856.85715  6.31%  95.9 44101s
 1607619 600600 1937.30708   73   83 1982.01279 1856.86372  6.31%  95.9 44142s
 1608393 600658 1859.62637   63  347 1982.01279 1856.86838  6.31%  95.9 44160s
 1608520 600823 1910.06183   84  423 1982.01279 1856.86959  6.31%  95.9 44197s
 1609024 600940 1934.89088   89  359 1982.01279 1856.88037  6.31%  95.9 44219s
 1609297 601129 1948.75871   66  306 1982.01279 1856.88096  6.31%  95.9 44257s
 1609743 601170 1857.03071  102  297 1982.01279 1856.88502  6.31%  95.9 44273s
 1609867 601514 infeasible   71      1982.01279 1856.89073  6.31%  95.9 44321s
 1610644 601552 infeasible   78      1982.01279 1856.89664  6.31%  95.9 44334s
 1610732 601779 infeasible   79      1982.01279 1856.89814  6.31%  95.9 44368s
 1611382 601826 1958.31764   94  332 1982.01279 1856.90838  6.31%  95.9 44379s
 1611502 602065 1857.22773   79  150 1982.01279 1856.91046  6.31%  95.9 44413s
 1612199 602131 1928.77750   85  275 1982.01279 1856.91600  6.31%  95.9 44425s
 1612366 602343 1950.13192   68  160 1982.01279 1856.91751  6.31%  95.9 44451s
 1612868 602360 1943.56926   80  265 1982.01279 1856.92444  6.31%  95.9 44465s
 1612967 602505 infeasible   75      1982.01279 1856.92505  6.31%  95.9 44496s
 1613439 602574 1909.15931   76  522 1982.01279 1856.92948  6.31%  95.9 44519s
 1613535 602574 infeasible   98      1982.01279 1856.92948  6.31%  95.9 44520s
 1613610 602727 1980.40652   88  254 1982.01279 1856.93235  6.31%  95.9 44553s
 1614049 602754 1857.07341   50  376 1982.01279 1856.93803  6.31%  95.9 44570s
 1614203 602945     cutoff   46      1982.01279 1856.94161  6.31%  95.9 44598s
 1614719 603025 1859.09611   69  283 1982.01279 1856.95066  6.31%  95.9 44622s
 1614891 603137 1969.14020   87  195 1982.01279 1856.95342  6.31%  95.9 44659s
 1615219 603164 1921.49196   63  387 1982.01279 1856.96415  6.31%  95.9 44673s
 1615304 603312 infeasible   67      1982.01279 1856.96415  6.31%  95.9 44710s
 1615825 603340 infeasible  101      1982.01279 1856.97018  6.31%  95.9 44727s
 1615925 603578 1910.42694   92  334 1982.01279 1856.97202  6.31%  95.9 44764s
 1616401 603679 infeasible   70      1982.01279 1856.97688  6.31%  96.0 44783s
 1616612 603960 1959.61779   89  123 1982.01279 1856.98025  6.31%  96.0 44829s
 1617272 603990 infeasible   95      1982.01279 1856.98176  6.31%  96.0 44846s
 1617396 604277 1903.63499   64  356 1982.01279 1856.99061  6.31%  96.0 44883s
 1618115 604328 1934.33392   74  375 1982.01279 1857.00019  6.31%  96.0 44900s
 1618268 604435 infeasible   70      1982.01279 1857.00153  6.31%  96.0 44929s
 1618777 604467 infeasible   77      1982.01279 1857.01087  6.31%  96.0 44945s
 1618911 604720 1939.84037  107  211 1982.01279 1857.01169  6.31%  96.0 44986s
 1619541 604760 infeasible   76      1982.01279 1857.01976  6.31%  96.0 45009s
 1619737 605215 1936.11019   92  372 1982.01279 1857.02730  6.31%  96.0 45080s
 1620938 605255 1969.06759   85  371 1982.01279 1857.05006  6.30%  96.0 45095s
 1621028 605338 1967.16640   90  189 1982.01279 1857.05382  6.30%  96.0 45115s
 1621228 605556 1949.63004   82  386 1982.01279 1857.06003  6.30%  96.0 45164s
 1621917 605628 1898.50539   73  141 1982.01279 1857.07531  6.30%  96.0 45177s
 1622096 605843 infeasible   77      1982.01279 1857.07796  6.30%  96.0 45217s
 1622521 605855 1931.43919   82  314 1982.01279 1857.08306  6.30%  96.0 45237s
 1622627 606089 1937.04792   88  293 1982.01279 1857.08306  6.30%  96.0 45282s
 1623251 606146 infeasible   80      1982.01279 1857.09202  6.30%  96.0 45306s
 1623415 606410 1981.39334   87  248 1982.01279 1857.09705  6.30%  96.0 45348s
 1624053 606411 infeasible   88      1982.01279 1857.10542  6.30%  96.0 45360s
 1624198 606732 infeasible   66      1982.01279 1857.10828  6.30%  96.0 45400s
 1624986 606781 1949.30839  105  184 1982.01279 1857.11955  6.30%  96.0 45418s
 1625131 606782 1916.97692   49   69 1982.01279 1857.12514  6.30%  96.0 45440s
 1625138 606784 1917.01335   50   70 1982.01279 1857.12514  6.30%  96.0 45457s
 1625144 606793 1950.88867   51   25 1982.01279 1857.12514  6.30%  96.0 45480s
 1625167 606820 1926.80302   82   73 1982.01279 1857.12514  6.30%  96.0 45498s
 1625204 606843 1953.65665   71  153 1982.01279 1857.12514  6.30%  96.0 45518s
 1625241 606834     cutoff   91      1982.01279 1857.12514  6.30%  96.0 45536s
 1625290 606891 1979.58323   80  266 1982.01279 1857.13259  6.30%  96.0 45555s
 1625382 606926 1925.53378   65  309 1982.01279 1857.13268  6.30%  96.0 45572s
 1625460 606964 1980.24408   78  365 1982.01279 1857.13473  6.30%  96.0 45594s
 1625532 606991     cutoff   90      1982.01279 1857.13524  6.30%  96.0 45612s
 1625611 607059 1979.49451   82  258 1982.01279 1857.13524  6.30%  96.0 45641s
 1625802 607138 1903.95008   68  144 1982.01279 1857.14186  6.30%  96.0 45674s
 1626091 607409 infeasible   78      1982.01279 1857.15004  6.30%  96.0 45714s
 1626704 607427 1925.76291   64  397 1982.01279 1857.15263  6.30%  96.1 45728s
 1626767 607692 1981.32145   66  312 1982.01279 1857.15263  6.30%  96.1 45761s
 1627464 607765 1912.99594   79  253 1982.01279 1857.16942  6.30%  96.1 45777s
 1627648 608065 1858.33371   67  296 1982.01279 1857.17108  6.30%  96.1 45818s
 1628297 608134 infeasible   77      1982.01279 1857.18027  6.30%  96.1 45832s
 1628421 608346 1896.95875   93  383 1982.01279 1857.18092  6.30%  96.1 45876s
 1629075 608458 1972.05740   57  539 1982.01279 1857.19302  6.30%  96.1 45908s
 1629383 608676 1966.21245   77  219 1982.01279 1857.19750  6.30%  96.1 45955s
 1629977 608712     cutoff   82      1982.01279 1857.22116  6.30%  96.1 45982s
 1630065 609483 1925.22355   68  304 1982.01279 1857.22116  6.30%  96.1 46098s
 1632060 609527 1893.56987   80  237 1982.01279 1857.25133  6.29%  96.1 46114s
 1632221 609581 1934.80795   60  167 1982.01279 1857.25424  6.29%  96.1 46135s
 1632385 609829 1908.63882   60  185 1982.01279 1857.25854  6.29%  96.1 46181s
 1633168 609880 infeasible   85      1982.01279 1857.26897  6.29%  96.1 46198s
 1633332 610153 1950.54406   74  412 1982.01279 1857.27731  6.29%  96.1 46256s
 1634147 610246 1912.43655   74  327 1982.01279 1857.28989  6.29%  96.1 46282s
 1634401 610505 1932.18084   77  420 1982.01279 1857.29276  6.29%  96.1 46327s
 1635087 610551 infeasible   76      1982.01279 1857.30262  6.29%  96.1 46352s
 1635264 610800 1861.45691   57  141 1982.01279 1857.30889  6.29%  96.1 46383s
 1635801 610838 1859.15712   62  305 1982.01279 1857.31721  6.29%  96.1 46398s
 1635917 611123 1900.60678   67  519 1982.01279 1857.31776  6.29%  96.1 46438s
 1636503 611156 1924.85124   68  138 1982.01279 1857.32094  6.29%  96.1 46455s
 1636611 611359 1978.32715   83  208 1982.01279 1857.32094  6.29%  96.1 46503s
 1636976 611373 1980.00648   87  295 1982.01279 1857.32923  6.29%  96.1 46525s
 1637028 611374 infeasible   87      1982.01279 1857.32923  6.29%  96.1 46541s
 1637060 611371 infeasible   89      1982.01279 1857.32923  6.29%  96.1 46551s
 1637078 611385 infeasible   90      1982.01279 1857.33008  6.29%  96.1 46567s
 1637114 611385 infeasible   91      1982.01279 1857.33132  6.29%  96.1 46587s
 1637143 611398 1857.48678   79  286 1982.01279 1857.33184  6.29%  96.1 46607s
 1637164 611400 1857.48967   80  260 1982.01279 1857.33184  6.29%  96.1 46630s
 1637184 611406 1857.48967   81  260 1982.01279 1857.33184  6.29%  96.1 46652s
 1637208 611412 1857.48967   82  260 1982.01279 1857.33313  6.29%  96.1 46672s
 1637217 611422 1857.48967   83  260 1982.01279 1857.33313  6.29%  96.1 46698s
 1637264 611438 1857.48967   84  260 1982.01279 1857.33313  6.29%  96.1 46724s
 1637341 611463 1922.53081   85  155 1982.01279 1857.33313  6.29%  96.1 46742s
 1637415 611533 1922.54890   86  154 1982.01279 1857.33598  6.29%  96.1 46774s
 1637560 611573 1945.90114   86  143 1982.01279 1857.33691  6.29%  96.1 46796s
 1637646 611611 1951.94141   87   89 1982.01279 1857.33815  6.29%  96.1 46818s
 1637717 611651 1966.72631   88   83 1982.01279 1857.33926  6.29%  96.1 46846s
 1637823 611668 infeasible   87      1982.01279 1857.33932  6.29%  96.1 46872s
 1637888 611703 1963.56319   88   73 1982.01279 1857.33932  6.29%  96.1 46900s
 1638012 611767 1963.56319   89   73 1982.01279 1857.34496  6.29%  96.1 46920s
 1638189 611797 1922.45669   86  393 1982.01279 1857.34869  6.29%  96.1 46939s
 1638371 611843 1940.33695   77  358 1982.01279 1857.35276  6.29%  96.1 46954s
 1638543 612091 1979.99483   81  221 1982.01279 1857.35532  6.29%  96.1 47005s
 1639336 612097 1929.00725   89  376 1982.01279 1857.37189  6.29%  96.1 47026s
 1639410 612257 1946.99927   51  108 1982.01279 1857.37330  6.29%  96.1 47064s
 1639964 612295 1922.59189   85  289 1982.01279 1857.37771  6.29%  96.1 47079s
 1640092 612582 1937.87389   72  112 1982.01279 1857.38483  6.29%  96.1 47122s
 1640906 612682 infeasible   79      1982.01279 1857.40400  6.29%  96.1 47156s
 1641145 613015 infeasible   64      1982.01279 1857.40666  6.29%  96.2 47223s
 1642261 613051 1923.72071   84  299 1982.01279 1857.42739  6.29%  96.1 47238s
 1642374 613200 1923.27776   60  434 1982.01279 1857.42739  6.29%  96.1 47267s
 1642855 613218 1858.10176   64  280 1982.01279 1857.43762  6.29%  96.2 47284s
 1642962 613491 1943.49317   71  120 1982.01279 1857.43874  6.29%  96.2 47327s
 1643615 613536 1979.19517   84  147 1982.01279 1857.44751  6.28%  96.2 47344s
 1643710 613729     cutoff   84      1982.01279 1857.44751  6.28%  96.2 47376s
 1644283 613781 infeasible   66      1982.01279 1857.45867  6.28%  96.2 47396s
 1644438 614073 1924.96628   63  373 1982.01279 1857.46026  6.28%  96.2 47450s
 1645301 614095 infeasible   70      1982.01279 1857.47667  6.28%  96.2 47472s
 1645455 614227 1923.27755   83  285 1982.01279 1857.48149  6.28%  96.2 47509s
 1645909 614307 1923.17687   88  281 1982.01279 1857.48708  6.28%  96.2 47536s
 1646084 614558 1941.34788   65  214 1982.01279 1857.48967  6.28%  96.2 47579s
 1646630 614562 1977.89320   72  326 1982.01279 1857.49759  6.28%  96.2 47597s
 1646745 614731 1922.62198   69  319 1982.01279 1857.49910  6.28%  96.2 47637s
 1647283 614754 1935.65284   56   73 1982.01279 1857.50372  6.28%  96.2 47653s
 1647369 615001 1924.63862   53  477 1982.01279 1857.50744  6.28%  96.2 47693s
 1647978 615018 1863.56676   54  790 1982.01279 1857.51731  6.28%  96.2 47706s
 1648089 615250 1857.66916   81  207 1982.01279 1857.52018  6.28%  96.2 47741s
 1648638 615356     cutoff   79      1982.01279 1857.52897  6.28%  96.2 47754s
 1648898 615521 1863.67061   63  291 1982.01279 1857.53671  6.28%  96.2 47775s
 1649315 615542 1931.91604   81  314 1982.01279 1857.54211  6.28%  96.2 47787s
 1649408 615764 1958.89302   91  148 1982.01279 1857.54352  6.28%  96.2 47826s
 1649984 615818 infeasible   48      1982.01279 1857.55062  6.28%  96.2 47843s
 1650145 615942     cutoff   59      1982.01279 1857.55150  6.28%  96.2 47886s
 1650654 616020 1925.84909   74  141 1982.01279 1857.56594  6.28%  96.2 47907s
 1650903 616288 1933.12651   87  287 1982.01279 1857.57106  6.28%  96.2 47955s
 1651635 616334     cutoff   56      1982.01279 1857.57959  6.28%  96.2 47993s
 1651780 617001 1912.50869   57  496 1982.01279 1857.58224  6.28%  96.2 48140s
 1653616 617032 1881.08895   65  119 1982.01279 1857.60363  6.28%  96.2 48168s
 1653700 617054 1955.19499   71  155 1982.01279 1857.60456  6.28%  96.2 48184s
 1653811 617060     cutoff   66      1982.01279 1857.60633  6.28%  96.2 48198s
 1653874 617111 1857.87051   54  366 1982.01279 1857.60845  6.28%  96.2 48216s
 1654007 617145 1969.82314   79  173 1982.01279 1857.61251  6.28%  96.2 48237s
 1654138 617430 1858.10570   77  226 1982.01279 1857.61618  6.28%  96.2 48296s
 1654968 617475 1867.85708   60  438 1982.01279 1857.62602  6.28%  96.2 48316s
 1655101 617734 1948.01519   85  156 1982.01279 1857.63259  6.28%  96.2 48372s
 1655737 617791 infeasible   57      1982.01279 1857.64781  6.27%  96.2 48390s
 1655944 618096 1925.62012   77  144 1982.01279 1857.64954  6.27%  96.2 48433s
 1656605 618153 1940.52015   76  337 1982.01279 1857.65641  6.27%  96.3 48455s
 1656770 618312 1909.27433   79  431 1982.01279 1857.65689  6.27%  96.3 48489s
 1657286 618328 infeasible   80      1982.01279 1857.66393  6.27%  96.3 48510s
 1657411 618686 1937.12914   73  403 1982.01279 1857.66733  6.27%  96.3 48559s
 1658117 618718 infeasible   55      1982.01279 1857.67029  6.27%  96.3 48579s
 1658225 618932 1857.69513   91  306 1982.01279 1857.67307  6.27%  96.3 48620s
 1658818 618971 infeasible   81      1982.01279 1857.68574  6.27%  96.3 48632s
 1658997 619177 1898.58341   94  128 1982.01279 1857.68801  6.27%  96.3 48662s
 1659442 619332 1882.33473   84  260 1982.01279 1857.69331  6.27%  96.3 48698s
 1659832 619532 1971.50356   80  254 1982.01279 1857.69659  6.27%  96.3 48737s
 1660320 619578 1940.28395   77  224 1982.01279 1857.70221  6.27%  96.3 48758s
 1660548 619822 1925.29853   54  305 1982.01279 1857.70721  6.27%  96.3 48806s
 1661127 619886 1858.05277   63  304 1982.01279 1857.71197  6.27%  96.3 48823s
 1661254 620203 1952.10901   89  185 1982.01279 1857.71321  6.27%  96.3 48870s
 1662010 620284 1945.27639  118  244 1982.01279 1857.71991  6.27%  96.3 48915s
 1662305 620593 infeasible   83      1982.01279 1857.72487  6.27%  96.3 48977s
 1663227 620663 1909.23419   71  417 1982.01279 1857.73820  6.27%  96.3 49003s
 1663386 620745 1937.05696   82  245 1982.01279 1857.73820  6.27%  96.3 49023s
 1663636 621100 1926.55224   63  257 1982.01279 1857.74632  6.27%  96.3 49068s
 1664389 621126 1931.57445   63  250 1982.01279 1857.75112  6.27%  96.3 49088s
 1664527 621257 1921.60632   82  392 1982.01279 1857.75376  6.27%  96.3 49117s
 1665055 621327 1908.61749   78  306 1982.01279 1857.76765  6.27%  96.3 49132s
 1665211 621534 1946.55299   84  202 1982.01279 1857.76808  6.27%  96.3 49159s
 1665804 621576 1863.18070   77  190 1982.01279 1857.77503  6.27%  96.3 49179s
 1665959 621838 1860.49676   64  348 1982.01279 1857.78189  6.27%  96.3 49216s
 1666584 622015 infeasible   77      1982.01279 1857.78634  6.27%  96.3 49259s
 1666998 622054 infeasible   67      1982.01279 1857.78980  6.27%  96.3 49282s
 1667117 622294 1944.54651   70  103 1982.01279 1857.79553  6.27%  96.3 49323s
 1667823 622325 infeasible   70      1982.01279 1857.80001  6.27%  96.3 49340s
 1667951 622565 1923.32445   83  317 1982.01279 1857.80317  6.27%  96.3 49384s
 1668723 622576 infeasible   75      1982.01279 1857.81146  6.27%  96.3 49403s
 1668873 622743 1917.85865   45   56 1982.01279 1857.81668  6.27%  96.3 49437s
 1669424 622807 infeasible   76      1982.01279 1857.82551  6.27%  96.3 49453s
 1669618 623025 1942.60726   90  176 1982.01279 1857.82630  6.27%  96.3 49489s
 1670140 623072 infeasible   59      1982.01279 1857.83672  6.27%  96.3 49515s
 1670362 623273 infeasible   67      1982.01279 1857.84254  6.26%  96.3 49557s
 1671011 623347 1858.88398   62  331 1982.01279 1857.85058  6.26%  96.3 49577s
 1671191 623504 infeasible   93      1982.01279 1857.85326  6.26%  96.3 49613s
 1671839 623550 1923.94187   86  304 1982.01279 1857.86284  6.26%  96.3 49641s
 1672047 623786     cutoff   76      1982.01279 1857.87054  6.26%  96.3 49688s
 1672785 623855     cutoff   59      1982.01279 1857.87773  6.26%  96.3 49714s
 1672928 624503 1974.64279   74  194 1982.01279 1857.87852  6.26%  96.3 49827s
 1674734 624549 1938.18973   69  355 1982.01279 1857.89608  6.26%  96.3 49841s
 1674858 624577 1923.34361   68  128 1982.01279 1857.90022  6.26%  96.3 49853s
 1674988 624671 1947.20773   51   47 1982.01279 1857.90655  6.26%  96.3 49877s
 1675305 624832 1976.60933   67  443 1982.01279 1857.91091  6.26%  96.3 49912s
 1675796 624912     cutoff   80      1982.01279 1857.91706  6.26%  96.4 49931s
 1675961 625136 1945.77934   69  223 1982.01279 1857.92273  6.26%  96.4 49972s
 1676564 625156 infeasible   81      1982.01279 1857.93154  6.26%  96.4 49985s
 1676662 625340 infeasible   67      1982.01279 1857.93230  6.26%  96.4 50027s
 1677333 625397 1967.52073   72   61 1982.01279 1857.93921  6.26%  96.4 50053s
 1677566 625516 1922.67270   66  353 1982.01279 1857.95484  6.26%  96.4 50094s
 1678183 625555 1860.13841   81  350 1982.01279 1857.96209  6.26%  96.4 50119s
 1678344 625714 1935.52230   82  313 1982.01279 1857.96776  6.26%  96.4 50154s
 1678809 625744 infeasible   67      1982.01279 1857.98096  6.26%  96.4 50173s
 1678970 625958 infeasible   64      1982.01279 1857.98536  6.26%  96.4 50209s
 1679581 625978 infeasible   44      1982.01279 1857.99304  6.26%  96.4 50230s
 1679707 626130 1912.27513   82  207 1982.01279 1857.99672  6.26%  96.4 50274s
 1680269 626163 1969.29824   83   55 1982.01279 1858.00766  6.26%  96.4 50291s
 1680442 626390 1861.30407   68  407 1982.01279 1858.01213  6.26%  96.4 50319s
 1681046 626431 1969.30132   80  302 1982.01279 1858.01567  6.26%  96.4 50332s
 1681162 626685 1935.69962  107  178 1982.01279 1858.01567  6.26%  96.4 50380s
 1681884 626765 1975.41564  102  198 1982.01279 1858.04074  6.25%  96.4 50399s
 1682083 626891 1938.26405   73  124 1982.01279 1858.04164  6.25%  96.4 50426s
 1682653 626938 infeasible   84      1982.01279 1858.05394  6.25%  96.4 50442s
 1682794 627118 1859.43187   72  164 1982.01279 1858.05802  6.25%  96.4 50481s
 1683347 627136 1913.94538   72  242 1982.01279 1858.06110  6.25%  96.4 50506s
 1683430 628043 1959.96272   69  138 1982.01279 1858.06268  6.25%  96.4 50702s
 1685740 628047 1952.72217   74  391 1982.01279 1858.09489  6.25%  96.4 50718s
 1685835 628090 1926.14001   63  289 1982.01279 1858.09758  6.25%  96.4 50737s
 1685963 628257 1931.24047   81  274 1982.01279 1858.10443  6.25%  96.4 50780s
 1686534 628386 1970.42870   65  247 1982.01279 1858.11645  6.25%  96.4 50821s
 1686918 628495 1953.34553   66  173 1982.01279 1858.12065  6.25%  96.4 50854s
 1687112 628749 1913.39772   69  382 1982.01279 1858.12288  6.25%  96.4 50903s
 1687818 628798 1917.11196   84  117 1982.01279 1858.13312  6.25%  96.4 50927s
 1687972 629045 1921.85471   79  337 1982.01279 1858.13562  6.25%  96.4 50983s
 1688688 629064 infeasible   81      1982.01279 1858.14712  6.25%  96.4 51000s
 1688765 629216 1883.40457   84  296 1982.01279 1858.14712  6.25%  96.4 51032s
 1689052 629338 1943.05291  101  370 1982.01279 1858.14928  6.25%  96.4 51059s
 1689373 629446 1929.54703   85   95 1982.01279 1858.15037  6.25%  96.5 51086s
 1689621 629616 1921.82164   64  359 1982.01279 1858.15684  6.25%  96.5 51118s
 1690080 629672 1923.01713   70  360 1982.01279 1858.15887  6.25%  96.5 51137s
 1690258 629923 1906.05426   74   92 1982.01279 1858.16132  6.25%  96.5 51180s
 1690958 629984 1922.82739   72  371 1982.01279 1858.16907  6.25%  96.5 51210s
 1691226 630111 1860.44064   62  458 1982.01279 1858.17490  6.25%  96.5 51251s
 1691635 630127 infeasible   77      1982.01279 1858.17917  6.25%  96.5 51269s
 1691809 630360 1932.62021   72  362 1982.01279 1858.18473  6.25%  96.5 51322s
 1692383 630606 1926.09656   97  278 1982.01279 1858.19083  6.25%  96.5 51370s
 1693014 630666 1962.05023   87  284 1982.01279 1858.19939  6.25%  96.5 51395s
 1693183 630914     cutoff   83      1982.01279 1858.20674  6.25%  96.5 51442s
 1693873 630950 infeasible   61      1982.01279 1858.21059  6.25%  96.5 51468s
 1694028 631722 infeasible   56      1982.01279 1858.21520  6.25%  96.5 51603s
 1695739 631755 1916.15105   81  162 1982.01279 1858.23699  6.24%  96.5 51623s
 1695845 631793 infeasible  103      1982.01279 1858.23913  6.24%  96.5 51639s
 1695956 631963 1895.66463   84  122 1982.01279 1858.24474  6.24%  96.5 51674s
 1696483 631984 infeasible   96      1982.01279 1858.24606  6.24%  96.5 51689s
 1696564 632091 1964.14879   74  314 1982.01279 1858.24606  6.24%  96.5 51714s
 1696873 632127 1925.52594   62  128 1982.01279 1858.25721  6.24%  96.5 51733s
 1697142 632431 1862.21687   43  496 1982.01279 1858.26469  6.24%  96.5 51774s
 1697833 632456 1859.44964   61  227 1982.01279 1858.27798  6.24%  96.5 51791s
 1697895 632499 1912.85818   76  172 1982.01279 1858.27798  6.24%  96.5 51805s
 1698044 632651 1919.63097   82  324 1982.01279 1858.27996  6.24%  96.5 51836s
 1698447 632693 1914.09280   77  395 1982.01279 1858.28910  6.24%  96.5 51857s
 1698560 632819 1948.16333   82  337 1982.01279 1858.28998  6.24%  96.5 51902s
 1699110 632844 1969.11161   75  182 1982.01279 1858.29943  6.24%  96.5 51919s
 1699249 633115     cutoff   82      1982.01279 1858.30408  6.24%  96.5 51955s
 1699969 633167 1932.75811   82  132 1982.01279 1858.31283  6.24%  96.5 51976s
 1700153 633436 infeasible  101      1982.01279 1858.31599  6.24%  96.5 52013s
 1700822 633480 1923.84204   87  355 1982.01279 1858.33287  6.24%  96.5 52030s
 1700913 633710 1866.61194   62  365 1982.01279 1858.33287  6.24%  96.5 52069s
 1701441 633711 infeasible   74      1982.01279 1858.34250  6.24%  96.5 52093s
 1701513 633869 1882.98867   77  152 1982.01279 1858.34377  6.24%  96.5 52126s
 1702059 633913 1911.53568   93  343 1982.01279 1858.35512  6.24%  96.5 52142s
 1702192 634035 1859.61545   80  309 1982.01279 1858.35985  6.24%  96.5 52184s
 1702671 634134 infeasible   74      1982.01279 1858.36430  6.24%  96.5 52209s
 1702995 634252 1926.33858   74  267 1982.01279 1858.37285  6.24%  96.5 52256s
 1703543 634270 infeasible   82      1982.01279 1858.38734  6.24%  96.5 52282s
 1703650 634428 infeasible   69      1982.01279 1858.39308  6.24%  96.6 52322s
 1704077 634496     cutoff   75      1982.01279 1858.40244  6.24%  96.6 52361s
