
Gurobi 13.0.2 (linux64) logging started Mon Aug 10 20:58:07 2026

Set parameter LogFile to value "/home/23037696r/Documents/research/or_benchmark/wp/results/inactivate_0.1/j30/logs/gurobi/j300901_4.log"
Set parameter NumericFocus to value 1
Gurobi Optimizer version 13.0.2 build v13.0.2rc1 (linux64 - "Ubuntu 22.04.3 LTS")

CPU model: Intel Xeon Processor (Cascadelake), instruction set [SSE2|AVX|AVX2|AVX512]
Thread count: 46 physical cores, 46 logical processors, using up to 4 threads

Non-default parameters:
TimeLimit  82800
MIPGap  1e-06
NumericFocus  1
Threads  4

Optimize a model with 38030 rows, 17268 columns and 135266 nonzeros (Min)
Model fingerprint: 0xa9a38623
Model has 10782 linear objective coefficients and an objective constant of 2.9620281568082748e+02
Variable types: 4239 continuous, 13029 integer (12874 binary)
Coefficient statistics:
  Matrix range     [1e+00, 2e+02]
  Objective range  [1e-02, 1e+03]
  Bounds range     [1e+00, 2e+02]
  RHS range        [1e+00, 2e+02]

Presolve removed 25337 rows and 6463 columns
Presolve time: 2.47s
Presolved: 12693 rows, 10805 columns, 90772 nonzeros
Variable types: 0 continuous, 10805 integer (7116 binary)
Found heuristic solution: objective 3064.8264234

Root relaxation: objective 1.543491e+03, 5006 iterations, 0.67 seconds (0.63 work units)

    Nodes    |    Current Node    |     Objective Bounds      |     Work
 Expl Unexpl |  Obj  Depth IntInf | Incumbent    BestBd   Gap | It/Node Time

     0     0 1543.49089    0   14 3064.82642 1543.49089  49.6%     -    3s
     0     0 1543.58507    0   13 3064.82642 1543.58507  49.6%     -    3s
H    0     0                    1873.7700389 1543.58507  17.6%     -    3s
H    0     0                    1857.9100448 1543.58507  16.9%     -    3s
     0     0 1544.18887    0   73 1857.91004 1544.18887  16.9%     -    3s
     0     0 1544.18887    0   76 1857.91004 1544.18887  16.9%     -    4s
     0     0 1544.48318    0   99 1857.91004 1544.48318  16.9%     -    4s
     0     0 1546.37373    0   95 1857.91004 1546.37373  16.8%     -    4s
     0     0 1546.37653    0   96 1857.91004 1546.37653  16.8%     -    4s
     0     0 1548.14554    0  109 1857.91004 1548.14554  16.7%     -    5s
     0     0 1548.14564    0  102 1857.91004 1548.14564  16.7%     -    5s
     0     0 1549.09303    0  126 1857.91004 1549.09303  16.6%     -    5s
     0     0 1549.09421    0  126 1857.91004 1549.09421  16.6%     -    5s
     0     0 1549.09531    0  126 1857.91004 1549.09531  16.6%     -    5s
     0     0 1549.09635    0  126 1857.91004 1549.09635  16.6%     -    5s
     0     0 1549.09722    0  126 1857.91004 1549.09722  16.6%     -    5s
     0     0 1549.09722    0  126 1857.91004 1549.09722  16.6%     -    5s
H    0     0                    1857.1071779 1549.89605  16.5%     -    6s
     0     0 1549.89605    0  359 1857.10718 1549.89605  16.5%     -    7s
     0     0 1549.89605    0  369 1857.10718 1549.89605  16.5%     -    7s
     0     0 1550.07616    0  132 1857.10718 1550.07616  16.5%     -    7s
     0     0 1551.57530    0  139 1857.10718 1551.57530  16.5%     -    7s
     0     0 1551.57745    0  139 1857.10718 1551.57745  16.5%     -    7s
     0     0 1551.57859    0  139 1857.10718 1551.57859  16.5%     -    7s
     0     0 1551.57909    0  139 1857.10718 1551.57909  16.5%     -    7s
     0     0 1551.57918    0  139 1857.10718 1551.57918  16.5%     -    7s
     0     0 1551.75866    0  160 1857.10718 1551.75866  16.4%     -    7s
     0     0 1551.75868    0  160 1857.10718 1551.75868  16.4%     -    7s
     0     0 1551.76524    0  164 1857.10718 1551.76524  16.4%     -    7s
     0     0 1551.76524    0  165 1857.10718 1551.76524  16.4%     -    7s
     0     0 1551.91574    0  161 1857.10718 1551.91574  16.4%     -    8s
     0     0 1551.91921    0  161 1857.10718 1551.91921  16.4%     -    8s
H    0     0                    1856.5039008 1551.92005  16.4%     -    8s
     0     0 1551.92005    0  162 1856.50390 1551.92005  16.4%     -    8s
     0     0 1551.92719    0  333 1856.50390 1551.92719  16.4%     -    8s
     0     0 1551.94778    0  335 1856.50390 1551.94778  16.4%     -    8s
     0     0 1551.94778    0  336 1856.50390 1551.94778  16.4%     -    8s
     0     0 1552.00404    0  418 1856.50390 1552.00404  16.4%     -    9s
     0     0 1552.04892    0  330 1856.50390 1552.04892  16.4%     -    9s
     0     0 1552.05570    0  352 1856.50390 1552.05570  16.4%     -    9s
     0     0 1552.05794    0  353 1856.50390 1552.05794  16.4%     -    9s
     0     0 1552.27555    0  418 1856.50390 1552.27555  16.4%     -   10s
     0     0 1552.29227    0  418 1856.50390 1552.29227  16.4%     -   10s
     0     0 1552.29695    0  421 1856.50390 1552.29695  16.4%     -   10s
     0     0 1552.29695    0  424 1856.50390 1552.29695  16.4%     -   10s
     0     0 1552.53971    0  425 1856.50390 1552.53971  16.4%     -   10s
     0     0 1552.56297    0  418 1856.50390 1552.56297  16.4%     -   11s
     0     0 1552.56297    0  419 1856.50390 1552.56297  16.4%     -   11s
     0     0 1553.47348    0  142 1856.50390 1553.47348  16.3%     -   11s
     0     0 1553.61598    0  146 1856.50390 1553.61598  16.3%     -   11s
     0     0 1553.61895    0  169 1856.50390 1553.61895  16.3%     -   11s
     0     0 1553.61897    0  177 1856.50390 1553.61897  16.3%     -   11s
     0     0 1553.62186    0  181 1856.50390 1553.62186  16.3%     -   12s
     0     0 1553.62193    0  179 1856.50390 1553.62193  16.3%     -   12s
     0     0 1553.62478    0  182 1856.50390 1553.62478  16.3%     -   12s
     0     0 1553.64642    0  185 1856.50390 1553.64642  16.3%     -   12s
     0     0 1553.64642    0  189 1856.50390 1553.64642  16.3%     -   12s
     0     0 1553.64642    0  189 1856.50390 1553.64642  16.3%     -   13s
     0     0 1553.64642    0  184 1856.50390 1553.64642  16.3%     -   13s
     0     2 1553.65857    0  184 1856.50390 1553.65857  16.3%     -   13s
    60    68 1586.79587   11   42 1856.50390 1582.17946  14.8%  93.7   15s
H  226   187                    1855.1332194 1582.98123  14.7%  40.4   15s
H  229   187                    1854.2968577 1582.98123  14.6%  39.9   15s
*  486   399             105    1852.6201263 1582.98123  14.6%  27.0   16s
H  760   605                    1850.4895457 1582.98123  14.5%  23.0   18s
H 1144   851                    1848.9137311 1583.69398  14.3%  19.1   19s
H 1275   938                    1842.2859706 1583.74107  14.0%  19.4   19s
  1285   939 1617.83948   59  184 1842.28597 1583.74107  14.0%  19.3   32s
  1293   944 1588.07595   57  334 1842.28597 1583.74107  14.0%  19.2   36s
  1305   955 1583.74107   11  188 1842.28597 1583.74107  14.0%  27.0   40s
  1315   974 1686.38852   14   58 1842.28597 1584.18071  14.0%  29.6   46s
  1361  1000 infeasible   18      1842.28597 1584.18071  14.0%  40.3   50s
  1454  1033 infeasible   27      1842.28597 1584.18071  14.0%  54.5   55s
  1639  1062 1587.05720   26   37 1842.28597 1585.07510  14.0%  62.4   60s
  2142  1147     cutoff   23      1842.28597 1585.97227  13.9%  62.1   65s
  2843  1077 1702.81445   30   32 1842.28597 1591.68884  13.6%  55.8   70s
  3311  1019 infeasible   37      1842.28597 1627.10351  11.7%  55.1   75s
  3809  1034 1637.78588   28   54 1842.28597 1635.69853  11.2%  55.5   80s
  4415  1169 1640.56688   36   51 1842.28597 1638.93839  11.0%  53.8   85s
  5147  1491 1720.96257   43   21 1842.28597 1641.39873  10.9%  51.4   93s
  5549  1558 1746.90510   41    6 1842.28597 1642.15859  10.9%  50.0   96s
  5857  1653 1769.64857   24   34 1842.28597 1643.40004  10.8%  48.8  100s
  6672  1832 1722.89200   29   21 1842.28597 1658.69186  10.0%  47.5  105s
  7271  2004 infeasible   35      1842.28597 1660.38649  9.87%  47.5  111s
  7682  2133 infeasible   30      1842.28597 1664.48762  9.65%  48.9  115s
  8646  2467 1751.25242   18    3 1842.28597 1667.48366  9.49%  49.3  121s
  9643  2629 1762.81115   28   26 1842.28597 1668.51519  9.43%  49.1  127s
  9952  2724 1769.42191   41   26 1842.28597 1668.78530  9.42%  49.1  130s
 10315  3014 1669.00999   32    9 1842.28597 1669.00999  9.41%  48.8  149s
 11262  3064 1764.43750   30    8 1842.28597 1669.26184  9.39%  47.0  151s
 11956  3195 1812.79578   34   17 1842.28597 1669.74727  9.37%  46.3  155s
 12957  3479 1816.52890   33   21 1842.28597 1670.18402  9.34%  45.6  161s
 13788  3708 1671.25605   32   10 1842.28597 1670.49566  9.32%  45.1  165s
 14440  3821 infeasible   25      1842.28597 1671.07613  9.29%  44.4  171s
 15039  4014 1805.60697   50   20 1842.28597 1671.70152  9.26%  44.3  176s
 15857  4289     cutoff   46      1842.28597 1672.29469  9.23%  43.9  181s
 16784  4403 1766.04281   43    3 1842.28597 1673.60012  9.16%  43.2  185s
 17485  4560 1750.32800   51   11 1842.28597 1674.31166  9.12%  43.3  191s
 18571  4682 1772.15023   30   24 1842.28597 1676.68440  8.99%  42.9  195s
 19373  4714 1777.12457   37   23 1842.28597 1682.25674  8.69%  42.8  200s
 19842  4781 1767.67387   20  263 1842.28597 1682.56736  8.67%  43.2  206s
 20194  4843 1777.79899   30  264 1842.28597 1686.75464  8.44%  43.7  211s
 20327  4920 1751.72456   26  101 1842.28597 1686.75752  8.44%  45.0  216s
 20543  4951 1814.08739   36  184 1842.28597 1686.75831  8.44%  46.0  316s
 20545  4952 1761.64306   25  183 1842.28597 1686.75831  8.44%  46.0  320s
 20551  4956 1717.69997   31  638 1842.28597 1686.75831  8.44%  46.0  325s
 20553  4958 1693.33464   24  643 1842.28597 1686.75831  8.44%  46.0  330s
 20557  4960 1749.94228   28  672 1842.28597 1686.75831  8.44%  46.0  339s
 20558  4961 1739.74307   37  682 1842.28597 1686.75831  8.44%  46.0  340s
 20559  4962 1769.15580   34  683 1842.28597 1686.75831  8.44%  46.0  346s
 20563  4964 1736.98933   43  693 1842.28597 1686.75831  8.44%  46.0  351s
 20565  4966 1726.29869   47  683 1842.28597 1686.75831  8.44%  46.0  355s
 20567  4967 1718.14243   27  684 1842.28597 1686.75831  8.44%  46.0  360s
 20569  4968 1802.59390   26  689 1842.28597 1686.75831  8.44%  46.0  365s
 20572  4970 1720.06869   39  691 1842.28597 1686.75831  8.44%  46.0  372s
 20573  4971 1705.38491   22  688 1842.28597 1686.75831  8.44%  46.0  375s
 20598  4982 1798.03544   28  148 1842.28597 1686.75831  8.44%  47.0  382s
 20623  4990 1686.75831   25  361 1842.28597 1686.75831  8.44%  47.3  385s
 20654  5012 1686.75831   31  199 1842.28597 1686.75831  8.44%  47.4  392s
 20693  5028 1686.75831   38  249 1842.28597 1686.75831  8.44%  47.5  395s
 20768  5062 1836.95661   49   27 1842.28597 1686.75831  8.44%  47.7  401s
 20872  5090 1686.75831   30  275 1842.28597 1686.75831  8.44%  47.5  405s
 21113  5180 1686.75831   34  274 1842.28597 1686.75831  8.44%  47.5  410s
 21510  5257 1686.75831   48  256 1842.28597 1686.75831  8.44%  47.5  415s
 21904  5279 1818.88330   52  180 1842.28597 1686.75831  8.44%  47.8  420s
 22272  5268 1717.93711   57  192 1842.28597 1686.75831  8.44%  47.8  425s
 22864  5320 1686.75831   53   98 1842.28597 1686.75831  8.44%  47.2  431s
 23600  5209 1690.63411   48  322 1842.28597 1686.75831  8.44%  46.1  435s
 23743  5227 1686.75831   32  409 1842.28597 1686.75831  8.44%  46.9  445s
 23863  5245 1740.27466   38  421 1842.28597 1686.75831  8.44%  47.2  451s
 23929  5266 1686.75831   36  149 1842.28597 1686.75831  8.44%  47.9  455s
 23979  5254 1686.75831   40  217 1842.28597 1686.75831  8.44%  48.3  460s
 24041  5276 infeasible   43      1842.28597 1686.75831  8.44%  49.5  468s
 24067  5286 1686.75831   31  210 1842.28597 1686.75831  8.44%  49.6  470s
 24146  5312 1686.75831   36  189 1842.28597 1686.75831  8.44%  50.0  475s
 24281  5361 1688.29142   39  270 1842.28597 1686.75831  8.44%  50.6  481s
 24365  5335 infeasible   42      1842.28597 1686.75831  8.44%  50.8  486s
 24486  5370 infeasible   61      1842.28597 1686.75831  8.44%  51.1  492s
 24651  5414 1686.75831   32  198 1842.28597 1686.75831  8.44%  51.5  498s
 24796  5449 infeasible   53      1842.28597 1686.75831  8.44%  52.0  506s
 25006  5541 1712.26769   53  109 1842.28597 1686.75831  8.44%  52.7  511s
 25075  5562 1686.75831   42  122 1842.28597 1686.75831  8.44%  53.3  515s
 25216  5609 1688.08819   39  237 1842.28597 1686.75831  8.44%  54.2  521s
 25515  5629 infeasible   51      1842.28597 1686.75831  8.44%  54.6  527s
 25549  5656 1686.75831   37  660 1842.28597 1686.75831  8.44%  54.9  530s
 25716  5776 1754.65098   52    6 1842.28597 1686.75831  8.44%  55.2  536s
 25964  5786 1686.75831   62  186 1842.28597 1686.75831  8.44%  56.1  542s
 26087  5859 1686.75831   39  221 1842.28597 1686.75831  8.44%  56.2  546s
 26385  5874 1686.75831   77   90 1842.28597 1686.75831  8.44%  57.9  556s
 26665  6026 1762.35316   85  203 1842.28597 1686.75831  8.44%  59.2  566s
 26887  6051 1686.75831   39  998 1842.28597 1686.75831  8.44%  59.5  570s
 27046  6066 infeasible   52      1842.28597 1686.75831  8.44%  60.5  575s
 27405  6253 1721.90863   48  596 1842.28597 1686.75831  8.44%  61.4  583s
 27703  6201 1827.96241   57   55 1842.28597 1686.75831  8.44%  62.0  590s
 28187  6344 1719.14119   57  676 1842.28597 1686.75831  8.44%  63.1  598s
 28413  6331 infeasible   45      1842.28597 1686.75831  8.44%  64.0  610s
 28535  6544     cutoff   60      1842.28597 1686.75831  8.44%  64.6  615s
 29041  6515 1823.56676   51  314 1842.28597 1686.75831  8.44%  65.5  621s
 29407  6444 1686.75831   55  164 1842.28597 1686.75831  8.44%  66.8  628s
 29524  6646 1688.67856   37  241 1842.28597 1686.75831  8.44%  67.0  634s
 29936  6620 infeasible   54      1842.28597 1686.75831  8.44%  68.3  641s
 30159  6809 1773.87044   50   90 1842.28597 1686.75831  8.44%  68.5  649s
 30672  6852 1726.92241   56   87 1842.28597 1686.75831  8.44%  70.0  657s
 31031  7233 1834.33124   74  335 1842.28597 1686.75831  8.44%  70.5  677s
 31917  7004 1691.13278   37  337 1842.28597 1686.75831  8.44%  71.7  682s
 32027  7163 1693.54198   39  265 1842.28597 1686.75831  8.44%  72.0  689s
 32356  7289 1752.58789   52  320 1842.28597 1686.75831  8.44%  72.2  694s
 32763  7174 1827.47953   54   91 1842.28597 1686.75831  8.44%  72.9  701s
 32841  7439     cutoff   57      1842.28597 1686.75831  8.44%  73.0  709s
 33421  7519 1722.36842   43  153 1842.28597 1686.75831  8.44%  73.2  716s
 33947  7741 1714.25528   42   63 1842.28597 1686.75831  8.44%  73.3  721s
 34668  7543 infeasible   58      1842.28597 1686.75831  8.44%  73.5  728s
 34760  7867 1739.89905   40  365 1842.28597 1686.75831  8.44%  73.9  734s
 35299  7730 1819.83205   60  211 1842.28597 1686.75831  8.44%  74.2  741s
 35399  7877 1686.75831   47  154 1842.28597 1686.75831  8.44%  74.2  746s
 35682  7894 1686.75831   57  334 1842.28597 1686.75831  8.44%  74.9  752s
 35789  8213 1723.24715   50  127 1842.28597 1686.75831  8.44%  75.0  758s
 36299  8385 infeasible   65      1842.28597 1686.75831  8.44%  75.7  763s
 36624  8494 1803.08018   45   97 1842.28597 1686.75831  8.44%  76.3  769s
 36827  8795 1686.75831   56  702 1842.28597 1686.75831  8.44%  76.5  774s
 37386  8923 infeasible   72      1842.28597 1686.75831  8.44%  77.1  780s
 37614  9361 1686.75831   58  211 1842.28597 1686.75831  8.44%  77.2  785s
 38324  9432 infeasible   56      1842.28597 1686.75831  8.44%  77.8  791s
 38533  9674 1724.36095   46   66 1842.28597 1686.75831  8.44%  77.9  796s
 38945  9947 1724.12324   41  739 1842.28597 1686.75831  8.44%  78.2  801s
 39522 10040     cutoff   54      1842.28597 1686.75831  8.44%  78.7  806s
 39725 10292 1724.96894   51   65 1842.28597 1686.75831  8.44%  78.8  811s
 40190 10578 1723.09672   49  652 1842.28597 1686.75831  8.44%  79.2  816s
 40754 10626 1686.75831   45  213 1842.28597 1686.75831  8.44%  79.4  822s
 40845 10861 1835.31881   73  202 1842.28597 1686.75831  8.44%  79.4  827s
 41263 11163 infeasible   66      1842.28597 1686.75831  8.44%  79.7  846s
 41868 11455     cutoff   69      1842.28597 1686.75831  8.44%  79.5  851s
 42370 11527 infeasible   62      1842.28597 1686.75831  8.44%  80.4  857s
 42527 11792 1723.92390   50   57 1842.28597 1686.75831  8.44%  80.5  862s
 42964 11957 infeasible   65      1842.28597 1686.75831  8.44%  80.9  869s
 43286 12272 1691.38399   38  181 1842.28597 1686.75831  8.44%  80.9  875s
 43817 12400 infeasible   42      1842.28597 1686.75831  8.44%  81.4  881s
 44072 12695     cutoff   58      1842.28597 1686.75831  8.44%  81.5  886s
 44642 12906 1688.49246   49  263 1842.28597 1686.75831  8.44%  81.9  892s
 45126 13073 infeasible   54      1842.28597 1686.75831  8.44%  82.3  898s
 45413 13272     cutoff   65      1842.28597 1686.75831  8.44%  82.2  903s
 45758 13560 1809.80938   71  424 1842.28597 1686.75831  8.44%  82.7  909s
 46379 13681 1726.13664   52   62 1842.28597 1686.75831  8.44%  82.6  914s
 46582 14057     cutoff   65      1842.28597 1686.75831  8.44%  82.8  920s
 47287 14173 infeasible   68      1842.28597 1686.75831  8.44%  83.0  926s
 47554 14504 1772.53310   60  468 1842.28597 1686.75831  8.44%  83.1  931s
 48260 14698 1777.29309   54   82 1842.28597 1686.75831  8.44%  83.4  937s
 48628 14911 1716.10975   59  726 1842.28597 1686.75831  8.44%  83.3  942s
 49050 14972 1787.35111   51  101 1842.28597 1686.75831  8.44%  83.7  948s
 49196 15401 infeasible   71      1842.28597 1686.75831  8.44%  83.7  954s
 49914 15653 infeasible   72      1842.28597 1686.75831  8.44%  83.9  959s
 50413 15761 1754.63203   55  246 1842.28597 1686.75831  8.44%  84.4  965s
 50683 16145 infeasible   41      1842.28597 1686.75831  8.44%  84.5  971s
 51409 16407 1717.26442   53  323 1842.28597 1686.75831  8.44%  84.8  976s
 51908 16541 infeasible   60      1842.28597 1686.75831  8.44%  85.4  997s
 52182 17251 infeasible   54      1842.28597 1686.75831  8.44%  85.4 1009s
 53597 17341 1759.44399   65   46 1842.28597 1686.75831  8.44%  85.8 1014s
 53794 17557 1833.08841   63    4 1842.28597 1686.75831  8.44%  85.8 1019s
 54190 17652 1776.16906   65   77 1842.28597 1686.75831  8.44%  86.2 1025s
 54398 18055 1808.69125   70    8 1842.28597 1686.75831  8.44%  86.1 1030s
 55117 18181 infeasible   59      1842.28597 1686.75831  8.44%  86.0 1035s
 55340 18718 1841.31104   56  236 1842.28597 1686.75831  8.44%  86.0 1040s
 56371 18827 1728.91268   60   68 1842.28597 1686.75831  8.44%  85.5 1048s
 56447 18987 infeasible   77      1842.28597 1686.75831  8.44%  85.6 1052s
 56783 19038 1723.54998   62   97 1842.28597 1686.75831  8.44%  85.7 1055s
 57253 19293 infeasible   51      1842.28597 1686.75831  8.44%  86.0 1063s
 57428 19498 1723.18132   53   67 1842.28597 1686.75831  8.44%  86.0 1068s
 57944 19614 1741.44632   57   87 1842.28597 1686.75831  8.44%  85.8 1072s
 58157 19935 1721.29581   54  129 1842.28597 1686.75831  8.44%  85.8 1077s
 58713 20264 1735.36125   52  171 1842.28597 1686.75831  8.44%  85.4 1081s
 59375 20333 1783.02261   53   86 1842.28597 1686.75831  8.44%  85.4 1086s
 59538 20512 infeasible   82      1842.28597 1686.75831  8.44%  85.4 1090s
 60659 20999 1791.56455   60  110 1842.28597 1686.75831  8.44%  85.3 1098s
 60732 21334 1686.75831   34  178 1842.28597 1686.75831  8.44%  85.3 1102s
 61390 21398 1746.13759   55  217 1842.28597 1686.75831  8.44%  85.2 1105s
 62191 22147 1718.99295   53  705 1842.28597 1686.75831  8.44%  85.1 1125s
 63200 22542 1770.89012   52  529 1842.28597 1686.75831  8.44%  84.7 1133s
 63777 22616 infeasible   71      1842.28597 1686.75831  8.44%  84.6 1137s
 63940 22977 1792.84927   61   43 1842.28597 1686.75831  8.44%  84.7 1141s
 64591 23091 infeasible   61      1842.28597 1686.75831  8.44%  84.5 1145s
 65289 23381 infeasible   58      1842.28597 1686.75831  8.44%  84.3 1152s
 65358 23776 1784.88840   45   39 1842.28597 1686.75831  8.44%  84.4 1157s
 66103 23915 infeasible   76      1842.28597 1686.75831  8.44%  84.0 1161s
 66432 24301 1719.05877   50   60 1842.28597 1686.75831  8.44%  83.9 1165s
 67283 24554 1686.75831   43   84 1842.28597 1686.75831  8.44%  83.7 1172s
 67668 24716 1719.82266   51  433 1842.28597 1686.75831  8.44%  83.9 1176s
 68043 24927 1790.63470   53  135 1842.28597 1686.75831  8.44%  83.9 1180s
 69401 25813 1746.88469   57  267 1842.28597 1686.75831  8.44%  83.0 1186s
 70021 25846 infeasible   66      1842.28597 1686.75831  8.44%  82.8 1191s
 70751 26254 infeasible   62      1842.28597 1686.75831  8.44%  82.6 1197s
 71265 26574 1802.52549   56   52 1842.28597 1686.75831  8.44%  82.6 1202s
 71906 27047 1750.64006   65  347 1842.28597 1686.75831  8.44%  82.4 1207s
 72507 27571 1799.32331   63    5 1842.28597 1686.75831  8.44%  82.3 1223s
 73359 27980     cutoff   61      1842.28597 1686.75831  8.44%  81.8 1226s
 74438 28480     cutoff   58      1842.28597 1686.75831  8.44%  81.2 1231s
 75157 28761 1767.45995   49   62 1842.28597 1686.75831  8.44%  80.8 1236s
 75957 29209 1703.92782   39  116 1842.28597 1686.75831  8.44%  80.8 1241s
 76529 29462 1782.83887   64   48 1842.28597 1686.75831  8.44%  80.6 1247s
 76766 29541 1804.26955   56   62 1842.28597 1686.75831  8.44%  80.6 1250s
 77276 29808 1740.03622   55  270 1842.28597 1686.75831  8.44%  80.8 1255s
 77990 30238 infeasible   57      1842.28597 1686.75831  8.44%  80.6 1261s
 78660 30735 1754.13129   65   46 1842.28597 1686.75831  8.44%  80.5 1267s
 79151 31188 1802.13265   59    2 1842.28597 1686.75831  8.44%  80.4 1272s
 79822 31252 1686.75831   43   67 1842.28597 1686.75831  8.44%  80.1 1275s
 80657 31951 1803.37094   66    2 1842.28597 1686.75831  8.44%  79.9 1282s
 82032 32524 infeasible   88      1842.28597 1686.75831  8.44%  79.2 1287s
 82139 32828 1686.75831   35  330 1842.28597 1686.75831  8.44%  79.1 1290s
 82711 33563 1838.08604   46  170 1842.28597 1686.75831  8.44%  78.9 1306s
 84598 33808 1807.82284   62   53 1842.28597 1686.75831  8.44%  78.2 1312s
 85173 34387 1811.78311   64   86 1842.28597 1686.75831  8.44%  78.0 1315s
 86208 34804 1686.75831   37   19 1842.28597 1686.75831  8.44%  77.8 1321s
 87056 35464     cutoff   61      1842.28597 1686.75831  8.44%  77.5 1326s
 87842 35762 1721.48114   61   62 1842.28597 1686.75831  8.44%  77.1 1330s
 88809 36352 1686.75831   40  234 1842.28597 1686.75831  8.44%  76.6 1336s
 89698 36855 1752.47599   46  155 1842.28597 1686.75831  8.44%  76.2 1341s
 90367 37186     cutoff   71      1842.28597 1686.75831  8.44%  75.9 1345s
 91544 37798     cutoff   72      1842.28597 1686.75831  8.44%  75.4 1351s
 92094 38050 1702.32578   51  307 1842.28597 1686.75831  8.44%  75.2 1356s
 92648 38289 1802.06770   76   41 1842.28597 1686.75831  8.44%  75.1 1362s
 93007 38515 infeasible   46      1842.28597 1686.75831  8.44%  75.0 1378s
 93523 38928 1796.61529   50  311 1842.28597 1686.75831  8.44%  74.8 1382s
 94324 39003 1687.67593   43  249 1842.28597 1686.75831  8.44%  74.6 1386s
 94996 39597 1706.08031   74   78 1842.28597 1686.75831  8.44%  74.5 1391s
 95588 39639 infeasible   55      1842.28597 1686.75831  8.44%  74.3 1395s
 96071 40135     cutoff   41      1842.28597 1686.75831  8.44%  74.2 1401s
 96670 40181 infeasible   49      1842.28597 1686.75831  8.44%  74.0 1405s
 97478 40864 1691.44647   43  229 1842.28597 1686.75831  8.44%  73.8 1411s
 98262 41095 1833.50559   54   69 1842.28597 1686.75831  8.44%  73.6 1416s
 98835 41482 1742.88387   53  230 1842.28597 1686.75831  8.44%  73.5 1421s
 99604 42002 1693.71619   39  304 1842.28597 1686.75831  8.44%  73.4 1426s
 100433 42498 1816.92553   73   18 1842.28597 1686.75831  8.44%  73.1 1431s
 101343 42872 1791.00236   56   12 1842.28597 1686.75831  8.44%  72.8 1435s
 102721 43395 1742.12475   47  451 1842.28597 1686.75831  8.44%  72.2 1441s
 103461 44086 1759.27038   64  421 1842.28597 1686.75831  8.44%  72.0 1460s
 104608 44284 1728.23346   63  192 1842.28597 1686.75831  8.44%  71.6 1466s
 105335 44460 1782.99512   49  158 1842.28597 1686.75831  8.44%  71.5 1470s
 106087 45135 1742.93413   68   20 1842.28597 1686.75831  8.44%  71.2 1475s
 107226 45756     cutoff   51      1842.28597 1686.75831  8.44%  70.8 1482s
 107995 46085     cutoff   75      1842.28597 1686.75831  8.44%  70.5 1486s
 108514 46445 1818.79212   43  201 1842.28597 1686.75831  8.44%  70.5 1491s
 109270 46774     cutoff   63      1842.28597 1686.75831  8.44%  70.2 1495s
 110083 47276 1808.38522   81   19 1842.28597 1686.75831  8.44%  70.0 1500s
 110884 47462 1705.29659   50   74 1842.28597 1686.75831  8.44%  69.7 1505s
 111305 47600 infeasible   52      1842.28597 1686.75831  8.44%  69.7 1510s
 111900 48027 1822.06876   73   12 1842.28597 1686.75831  8.44%  69.5 1516s
 112549 48179 1804.03834   68   49 1842.28597 1686.75831  8.44%  69.5 1522s
 112640 48333 1807.08871   60   18 1842.28597 1686.75831  8.44%  69.5 1525s
 113047 48455     cutoff   39      1842.28597 1686.75831  8.44%  69.7 1530s
 113822 49079 1777.04739   48  677 1842.28597 1686.75831  8.44%  69.5 1549s
 114421 49155 1816.78873   62   18 1842.28597 1686.75831  8.44%  69.4 1553s
 114646 49363 1801.53711   56   50 1842.28597 1686.75831  8.44%  69.4 1556s
 115073 49710 infeasible   60      1842.28597 1686.75831  8.44%  69.3 1560s
 116052 49964 1826.59356   49   50 1842.28597 1686.75831  8.44%  69.1 1567s
 116639 50023 1821.54803   47  140 1842.28597 1686.75831  8.44%  69.1 1570s
 116769 50047 1822.49969   55  151 1842.28597 1686.75831  8.44%  69.0 1577s
 116820 50623     cutoff   64      1842.28597 1686.75831  8.44%  69.0 1581s
 118072 50986 1695.11270   45    8 1842.28597 1686.75831  8.44%  68.6 1586s
 119206 51460     cutoff   60      1842.28597 1686.75831  8.44%  68.4 1591s
 119684 51519     cutoff   46      1842.28597 1686.75831  8.44%  68.3 1595s
 120229 51879     cutoff   71      1842.28597 1686.75831  8.44%  68.3 1600s
 120800 52213 infeasible  109      1842.28597 1686.75831  8.44%  68.3 1605s
 121518 52494 1686.75831   68  605 1842.28597 1686.75831  8.44%  68.2 1612s
 121952 52623 1686.75831   53   39 1842.28597 1686.75831  8.44%  68.1 1615s
 122770 52932 1812.42181   74   20 1842.28597 1686.75831  8.44%  68.0 1620s
 123301 53151 infeasible   43      1842.28597 1686.75831  8.44%  68.0 1628s
 123398 53393 1709.81526   79  193 1842.28597 1686.75831  8.44%  68.0 1631s
 123875 53599 1828.90488   83   45 1842.28597 1686.75831  8.44%  68.0 1635s
 124296 54187 1734.67362   56   45 1842.28597 1686.75831  8.44%  67.9 1652s
 125535 54200 1786.44266   64    7 1842.28597 1686.75831  8.44%  67.4 1655s
 125711 54588 1743.97532   52   45 1842.28597 1686.75831  8.44%  67.5 1662s
 126468 54753 1704.78194   43  213 1842.28597 1686.75831  8.44%  67.3 1667s
 126994 54976 1767.88882   54  311 1842.28597 1686.75831  8.44%  67.2 1671s
 127578 55252 1770.05587   38  301 1842.28597 1686.75831  8.44%  67.1 1676s
 128266 55542 1809.31454   64  129 1842.28597 1686.75831  8.44%  67.0 1681s
 129131 55837 infeasible   49      1842.28597 1686.75831  8.44%  66.9 1686s
 129848 56114 1779.88828   69  224 1842.28597 1686.75831  8.44%  66.8 1690s
 130655 56377 1687.01254   40  371 1842.28597 1686.75831  8.44%  66.6 1695s
 130856 56559 1738.95095   46  374 1842.28597 1686.75831  8.44%  66.6 1700s
 131378 56807 1691.99563   45  674 1842.28597 1686.75831  8.44%  66.7 1705s
 131669 56802 1690.29762   41  232 1842.28597 1686.75831  8.44%  66.8 1713s
 131700 56947 1690.38743   43  218 1842.28597 1686.75831  8.44%  66.9 1716s
 132025 57178 1697.51555   41  688 1842.28597 1686.75831  8.44%  67.0 1722s
 132445 57209 infeasible   49      1842.28597 1686.75831  8.44%  66.9 1725s
 132800 57457 1689.10712   47  349 1842.28597 1686.75831  8.44%  67.0 1731s
 133069 57575 1739.56424   48  345 1842.28597 1686.75831  8.44%  67.0 1735s
 133645 57768 infeasible   61      1842.28597 1686.75831  8.44%  67.0 1741s
 134407 58074 infeasible   60      1842.28597 1686.75831  8.44%  66.9 1747s
 134479 58305 1686.75831   40  219 1842.28597 1686.75831  8.44%  66.9 1750s
 135076 58425 infeasible   66      1842.28597 1686.75831  8.44%  66.9 1765s
 135323 58968 1793.30075   69  143 1842.28597 1686.75831  8.44%  66.8 1772s
 136475 59030 1836.74735   52   31 1842.28597 1686.75831  8.44%  66.7 1776s
 136639 59510 1831.64345   52    7 1842.28597 1686.75831  8.44%  66.7 1780s
 138636 60005 1731.31594   58  150 1842.28597 1686.75831  8.44%  66.2 1785s
 139254 60367 1825.86365   55   22 1842.28597 1686.75831  8.44%  66.0 1790s
 139697 60522 1737.89067   57   10 1842.28597 1686.75831  8.44%  66.1 1797s
 139941 60789 1756.80100   63  105 1842.28597 1686.75831  8.44%  66.0 1800s
 141054 61129 1794.62129   66   15 1842.28597 1686.75831  8.44%  65.8 1805s
 141918 61443 infeasible   62      1842.28597 1686.75831  8.44%  65.6 1812s
 142036 61716     cutoff   63      1842.28597 1686.75831  8.44%  65.5 1815s
 143447 62243 1686.75831   59  222 1842.28597 1686.75831  8.44%  65.2 1821s
 144174 62425 infeasible   69      1842.28597 1686.75831  8.44%  65.2 1826s
 144888 62798 1800.16083   52  593 1842.28597 1686.75831  8.44%  65.1 1830s
 145333 62926     cutoff   40      1842.28597 1686.75831  8.44%  65.1 1847s
 145685 63210 infeasible   38      1842.28597 1686.75831  8.44%  65.0 1852s
 146358 63363 infeasible   50      1842.28597 1686.75831  8.44%  65.1 1855s
 147641 63792 infeasible   77      1842.28597 1686.75831  8.44%  64.9 1862s
 147930 64144 1771.87866   75   22 1842.28597 1686.75831  8.44%  64.8 1866s
 149036 64462 1759.13612   58  185 1842.28597 1686.75831  8.44%  64.7 1872s
 149821 64769 1701.98659   49  451 1842.28597 1686.75831  8.44%  64.5 1877s
 150437 65052 infeasible   70      1842.28597 1686.75831  8.44%  64.4 1880s
 151139 65108     cutoff   69      1842.28597 1686.75831  8.44%  64.3 1885s
 151832 65431 1764.25467   39  159 1842.28597 1686.75831  8.44%  64.2 1891s
 152560 65699 infeasible   67      1842.28597 1686.75831  8.44%  64.1 1895s
 152932 65862 infeasible   61      1842.28597 1686.75831  8.44%  64.1 1901s
 153525 66147 1798.26136   56   95 1842.28597 1686.75831  8.44%  64.2 1906s
 154027 66372 infeasible   75      1842.28597 1686.75831  8.44%  64.2 1910s
 154665 66647 1804.32691   78  171 1842.28597 1686.75831  8.44%  64.3 1915s
 155205 67037 1773.71670   70  160 1842.28597 1686.75831  8.44%  64.4 1921s
 155791 67067 1686.75831   61   20 1842.28597 1686.75831  8.44%  64.4 1937s
 155963 67607 1827.09487   62   45 1842.28597 1686.75831  8.44%  64.5 1946s
 157362 67625 infeasible   40      1842.28597 1686.75831  8.44%  64.6 1951s
 157402 67637 1686.75831   42  202 1842.28597 1686.75831  8.44%  64.6 1956s
 157438 67683 1686.75831   43  202 1842.28597 1686.75831  8.44%  64.6 1960s
 157546 67988 1784.87751   63  418 1842.28597 1686.75831  8.44%  64.6 1965s
 158656 68369 1824.26078   61  194 1842.28597 1686.75831  8.44%  64.6 1974s
 159245 68723 1724.50130   57   34 1842.28597 1686.75831  8.44%  64.6 1978s
 159976 68833 1840.13653   76   25 1842.28597 1686.75831  8.44%  64.5 1982s
 160253 69114     cutoff   54      1842.28597 1686.75831  8.44%  64.4 1985s
 161342 69311 infeasible   46      1842.28597 1686.75831  8.44%  64.4 1990s
 161463 69585 1814.62430   55    2 1842.28597 1686.75831  8.44%  64.4 1995s
 162780 69868 1804.75845   69   26 1842.28597 1686.75831  8.44%  64.3 2002s
 162940 69988 1729.80641   55  161 1842.28597 1686.75831  8.44%  64.3 2005s
 163352 70081 infeasible   63      1842.28597 1686.75831  8.44%  64.4 2011s
 163487 70285 1752.77693   50  131 1842.28597 1686.75831  8.44%  64.4 2015s
 164440 70650     cutoff   72      1842.28597 1686.75831  8.44%  64.3 2023s
 164867 70743     cutoff   62      1842.28597 1686.75831  8.44%  64.3 2026s
 165264 71063     cutoff   60      1842.28597 1686.75831  8.44%  64.3 2032s
 165782 71410 1789.70495   51   20 1842.28597 1686.75831  8.44%  64.2 2037s
 166642 71747 1809.68297   60  260 1842.28597 1686.75831  8.44%  64.1 2054s
 167451 71784 infeasible   65      1842.28597 1686.75831  8.44%  64.1 2057s
 168055 72195 infeasible   84      1842.28597 1686.75831  8.44%  64.0 2062s
 169013 72535 1686.75831   62  181 1842.28597 1686.75831  8.44%  63.9 2066s
 169865 72902 infeasible   80      1842.28597 1686.75831  8.44%  63.8 2070s
 170380 73260 1829.66195   59  200 1842.28597 1686.75831  8.44%  63.9 2075s
 171089 73489 1712.60389   59  613 1842.28597 1686.75831  8.44%  63.9 2081s
 171984 73711 1759.68280   60   93 1842.28597 1686.75831  8.44%  63.9 2086s
 172724 74046     cutoff   66      1842.28597 1686.75831  8.44%  63.9 2093s
 172922 74369 1790.11596   46   17 1842.28597 1686.75831  8.44%  63.9 2096s
 173986 74508 infeasible   76      1842.28597 1686.75831  8.44%  63.8 2101s
 174139 74804 1686.75831   41  166 1842.28597 1686.75831  8.44%  63.8 2106s
 175289 75097 infeasible   86      1842.28597 1686.75831  8.44%  63.7 2111s
 175879 75429 1769.77886   67  215 1842.28597 1686.75831  8.44%  63.7 2117s
 176555 75646 infeasible   73      1842.28597 1686.75831  8.44%  63.6 2122s
 177065 76045 1718.03870   72  309 1842.28597 1686.75831  8.44%  63.6 2138s
 178015 76052 1825.91040   67   62 1842.28597 1686.75831  8.44%  63.5 2145s
 178243 76145 infeasible   63      1842.28597 1686.75831  8.44%  63.6 2153s
 178294 76337 1736.89756   55  259 1842.28597 1686.75831  8.44%  63.7 2157s
 178834 76367 infeasible   58      1842.28597 1686.75831  8.44%  63.7 2163s
 178927 76445 1715.69907   61   97 1842.28597 1686.75831  8.44%  63.8 2168s
 179152 76489 1745.07627   42  199 1842.28597 1686.75831  8.44%  63.9 2172s
 179302 76560 1791.15691   54  185 1842.28597 1686.75831  8.44%  64.0 2176s
 179591 76626 1741.07776   61  170 1842.28597 1686.75831  8.44%  64.0 2181s
 180238 77111 1770.90328   63  440 1842.28597 1686.75831  8.44%  64.1 2188s
 181052 77183 1829.85768   87  186 1842.28597 1686.75831  8.44%  64.1 2192s
 181231 77494 1750.20845   55  124 1842.28597 1686.75831  8.44%  64.1 2196s
 182010 77840 1807.48913   65  239 1842.28597 1686.75831  8.44%  63.9 2200s
 183010 78199 1813.23235   65    2 1842.28597 1686.75831  8.44%  63.8 2207s
 183771 78350 1841.78938   80    8 1842.28597 1686.75831  8.44%  63.7 2210s
 184821 78694 1787.37115   63  372 1842.28597 1686.75831  8.44%  63.6 2217s
 185051 78933 1787.37119   64  364 1842.28597 1686.75831  8.44%  63.5 2220s
 185900 79122 1840.41281   61   60 1842.28597 1686.75831  8.44%  63.4 2225s
 187167 79767 1764.38003   62  274 1842.28597 1686.75831  8.44%  63.4 2232s
 188112 79872 1838.86644   70    6 1842.28597 1686.75831  8.44%  63.2 2247s
 188378 80351 1741.27627   60  230 1842.28597 1686.75831  8.44%  63.2 2253s
 189635 80364     cutoff   73      1842.28597 1686.75831  8.44%  63.2 2262s
 189706 80540 1752.12152   60    8 1842.28597 1686.75831  8.44%  63.2 2265s
 190826 80759 infeasible  111      1842.28597 1686.75831  8.44%  63.2 2271s
 191370 80954 1832.02410   64    4 1842.28597 1686.75831  8.44%  63.2 2277s
 191698 81280 1798.68034   56    7 1842.28597 1686.75831  8.44%  63.2 2280s
 193009 81738 infeasible   84      1842.28597 1686.75831  8.44%  62.9 2286s
 193703 81835 infeasible   68      1842.28597 1686.75831  8.44%  62.9 2290s
 194797 82245 1751.82444   60   64 1842.28597 1686.75831  8.44%  62.7 2295s
 195822 82528 1830.98255   68    6 1842.28597 1686.75831  8.44%  62.5 2301s
 196510 82983     cutoff   66      1842.28597 1686.75831  8.44%  62.5 2305s
 197131 83229     cutoff   59      1842.28597 1686.75831  8.44%  62.4 2311s
 198091 83547 1765.37222   53  140 1842.28597 1686.75831  8.44%  62.3 2317s
 198653 83720 infeasible   72      1842.28597 1686.75831  8.44%  62.3 2333s
 199216 84098     cutoff   67      1842.28597 1686.75831  8.44%  62.2 2337s
 200269 84167 1837.40188   56   49 1842.28597 1686.75831  8.44%  62.0 2341s
 200873 84422     cutoff   53      1842.28597 1686.75831  8.44%  62.0 2346s
 201537 84659 infeasible   73      1842.28597 1686.75831  8.44%  62.0 2351s
 202010 84858     cutoff   65      1842.28597 1686.75831  8.44%  62.0 2357s
 202084 85087 1796.67418   80  128 1842.28597 1686.75831  8.44%  62.0 2360s
 203417 85397 infeasible   83      1842.28597 1686.75831  8.44%  61.9 2365s
 204079 85791 1788.77697   52  221 1842.28597 1686.75831  8.44%  61.8 2370s
 204613 86102 1837.14554   60  220 1842.28597 1686.75831  8.44%  61.8 2375s
 206050 86676 1735.45345   62   53 1842.28597 1686.75831  8.44%  61.6 2382s
 207187 86950 infeasible   84      1842.28597 1686.75831  8.44%  61.5 2386s
 207864 87114 1837.29826   63   76 1842.28597 1686.75831  8.44%  61.4 2391s
 208590 87462 1815.90192   50   42 1842.28597 1686.75831  8.44%  61.3 2395s
 209069 87662     cutoff   63      1842.28597 1686.75831  8.44%  61.2 2408s
 209693 88024     cutoff   62      1842.28597 1686.75831  8.44%  61.1 2411s
 211389 88543 1824.29959   53    5 1842.28597 1686.75831  8.44%  60.8 2416s
 212596 88940 1724.17735   57  222 1842.28597 1686.75831  8.44%  60.7 2421s
 213305 89190     cutoff   56      1842.28597 1686.75831  8.44%  60.6 2425s
 214338 89464 1747.93580   62  156 1842.28597 1686.75831  8.44%  60.4 2430s
 215370 89908     cutoff   33      1842.28597 1686.75831  8.44%  60.3 2435s
 216819 90396     cutoff   65      1842.28597 1686.75831  8.44%  60.1 2441s
 217705 90632 1717.09677   55   16 1842.28597 1686.75831  8.44%  60.0 2445s
 218855 91078 1726.62062   43   42 1842.28597 1686.75831  8.44%  59.8 2451s
 219542 91618 1761.39476   50   45 1842.28597 1686.75831  8.44%  59.7 2469s
 220623 91616 infeasible   55      1842.28597 1686.75831  8.44%  59.6 2471s
 220737 91759 infeasible   55      1842.28597 1686.75831  8.44%  59.6 2475s
 221590 92175 1830.07246   76  143 1842.28597 1686.75831  8.44%  59.6 2481s
 222640 92442 infeasible   42      1842.28597 1686.75831  8.44%  59.5 2486s
 223032 92678 infeasible   51      1842.28597 1686.75831  8.44%  59.5 2490s
 223727 92818 1762.50312   48  115 1842.28597 1686.75831  8.44%  59.4 2495s
 224215 92955 1803.00107   53   67 1842.28597 1686.75831  8.44%  59.4 2502s
 224305 93250     cutoff   55      1842.28597 1686.75831  8.44%  59.4 2507s
 225279 93532 1738.69273   55    4 1842.28597 1686.75831  8.44%  59.3 2512s
 225929 93762 1741.04174   58  152 1842.28597 1686.75831  8.44%  59.2 2515s
 226600 94053     cutoff   55      1842.28597 1686.75831  8.44%  59.2 2522s
 227243 94298 1837.85819   55    3 1842.28597 1686.75831  8.44%  59.2 2525s
 228372 94684 1834.35265  100  540 1842.28597 1686.75831  8.44%  59.1 2531s
 228992 95033 1784.58887   58   38 1842.28597 1686.75831  8.44%  59.1 2535s
 229842 95196 1781.69066   55  181 1842.28597 1686.93302  8.43%  59.1 2553s
 230036 95389 infeasible   42      1842.28597 1686.97264  8.43%  59.1 2561s
 230563 95674 1792.70131   60  270 1842.28597 1687.02567  8.43%  59.2 2567s
 231085 95697 infeasible   52      1842.28597 1687.05530  8.43%  59.3 2576s
 231178 95976 1781.19596   45  235 1842.28597 1687.11544  8.42%  59.4 2581s
 231879 96053 infeasible   61      1842.28597 1687.15769  8.42%  59.6 2587s
 232132 96332 1687.23877   43  274 1842.28597 1687.20910  8.42%  59.7 2592s
 232660 96357 infeasible   81      1842.28597 1687.25531  8.42%  59.9 2602s
 232717 96505 1760.11180   61  124 1842.28597 1687.26745  8.41%  59.9 2607s
 233121 96529 infeasible   41      1842.28597 1687.33006  8.41%  60.1 2617s
 233190 96753 1784.73471   62  205 1842.28597 1687.33659  8.41%  60.2 2623s
 233757 96741 infeasible   47      1842.28597 1687.35660  8.41%  60.4 2631s
 233877 97136 1839.55004   63   42 1842.28597 1687.36800  8.41%  60.4 2638s
 234596 97187     cutoff   46      1842.28597 1687.43597  8.41%  60.6 2644s
 234749 97366 1740.92354   52  329 1842.28597 1687.44691  8.40%  60.7 2649s
 235128 97366 infeasible   49      1842.28597 1687.46084  8.40%  60.9 2657s
 235232 97828 1689.78028   49  600 1842.28597 1687.52141  8.40%  61.0 2664s
 236118 97837 1743.56270   45  401 1842.28597 1687.59965  8.40%  61.1 2671s
 236151 97982 1687.83100   45  219 1842.28597 1687.59965  8.40%  61.1 2675s
 236515 98013 1691.25130   58  348 1842.28597 1687.63363  8.39%  61.3 2681s
 236601 98230 1744.35217   60  344 1842.28597 1687.63363  8.39%  61.3 2687s
 237082 98308 infeasible   44      1842.28597 1687.65511  8.39%  61.5 2693s
 237275 98452 1826.05054   49  158 1842.28597 1687.68631  8.39%  61.6 2699s
 237696 98501 infeasible   50      1842.28597 1687.70224  8.39%  61.8 2706s
 237811 98678 1693.51284   59  341 1842.28597 1687.71096  8.39%  61.8 2712s
 238210 98729 1746.04077   54  355 1842.28597 1687.72361  8.39%  62.0 2718s
 238404 98752 infeasible   55      1842.28597 1687.72946  8.39%  62.1 2725s
 238485 98850 1771.45147   64  537 1842.28597 1687.72946  8.39%  62.2 2731s
 238745 98863 1742.70742   55  238 1842.28597 1687.76136  8.39%  62.4 2738s
 238824 99094 1688.06888   57  232 1842.28597 1687.78203  8.39%  62.5 2745s
 239380 99091 infeasible   42      1842.28597 1687.81326  8.38%  62.8 2751s
 239441 99283 1688.20597   43  191 1842.28597 1687.82489  8.38%  62.9 2756s
 239860 99307 1688.37437   35  342 1842.28597 1687.84539  8.38%  63.0 2763s
 239894 99407 1808.17245   38  444 1842.28597 1687.84727  8.38%  63.0 2772s
 240118 99527 1800.93955   60    6 1842.28597 1687.85326  8.38%  63.1 2787s
 240319 99877 1746.39966   48  554 1842.28597 1687.86277  8.38%  63.1 2794s
 241159 99886 infeasible   64      1842.28597 1687.90268  8.38%  63.4 2800s
 241253 100124 1741.76165   49  338 1842.28597 1687.91300  8.38%  63.4 2805s
 241736 100142 infeasible   72      1842.28597 1687.93295  8.38%  63.5 2811s
 241810 100333 1784.50340   56   65 1842.28597 1687.93970  8.38%  63.5 2816s
 242259 100485 infeasible   69      1842.28597 1687.99389  8.38%  63.7 2821s
 242557 100805 1688.60787   52  658 1842.28597 1688.00558  8.37%  63.8 2825s
 243193 100788 infeasible   53      1842.28597 1688.02851  8.37%  63.9 2830s
 243267 100894 1689.03863   41  298 1842.28597 1688.03398  8.37%  64.0 2836s
 243476 100936 1689.98128   42  328 1842.28597 1688.03398  8.37%  64.0 2843s
 243548 101141 1691.45228   44  281 1842.28597 1688.03398  8.37%  64.0 2848s
 244083 101256 infeasible   39      1842.28597 1688.07954  8.37%  64.2 2854s
 244393 101431 1743.71551   48  425 1842.28597 1688.08819  8.37%  64.2 2859s
 244806 101534 1745.71678   48    9 1842.28597 1688.14940  8.37%  64.3 2863s
 244972 101722 1748.28347   59  139 1842.28597 1688.14940  8.37%  64.4 2869s
 245435 101844 infeasible   45      1842.28597 1688.17918  8.36%  64.6 2878s
 245734 101992 1688.93341   27  283 1842.28597 1688.20945  8.36%  64.7 2884s
 246214 102046 infeasible   51      1842.28597 1688.23904  8.36%  64.8 2891s
 246367 102272 1689.52574   35  355 1842.28597 1688.24532  8.36%  64.8 2896s
 246856 102357 infeasible   41      1842.28597 1688.27772  8.36%  65.0 2901s
 247091 102555 1695.06126   37  453 1842.28597 1688.29142  8.36%  65.1 2906s
 247523 102581 infeasible   56      1842.28597 1688.29142  8.36%  65.3 2918s
 247589 102841 1758.25803   64  229 1842.28597 1688.32194  8.36%  65.4 2924s
 248043 103041 infeasible   54      1842.28597 1688.33261  8.36%  65.5 2930s
 248573 103060     cutoff   66      1842.28597 1688.35084  8.36%  65.7 2937s
 248659 103320 1696.76970   53  648 1842.28597 1688.35104  8.36%  65.7 2944s
 249228 103341 1688.88711   45  218 1842.28597 1688.35104  8.36%  65.9 2951s
 249319 103633 1749.76652   54  543 1842.28597 1688.35104  8.36%  65.9 2957s
 249949 103719 infeasible   49      1842.28597 1688.41046  8.35%  66.1 2962s
 250194 104005 1762.67163   65  565 1842.28597 1688.43819  8.35%  66.1 2968s
 250940 104049 infeasible   52      1842.28597 1688.45787  8.35%  66.3 2983s
 251100 104658 1823.70611   67  253 1842.28597 1688.45967  8.35%  66.2 2993s
 252474 104651 infeasible   64      1842.28597 1688.49162  8.35%  66.4 2997s
 252533 104690 1803.92099   64  265 1842.28597 1688.50409  8.35%  66.5 3002s
 252584 104908 1804.18854   68  244 1842.28597 1688.52351  8.35%  66.5 3006s
 252956 105053 1699.62325   62  270 1842.28597 1688.54302  8.35%  66.5 3010s
 253265 105198 1698.93617   54  241 1842.28597 1688.56822  8.34%  66.6 3015s
 253968 105435 infeasible   45      1842.28597 1688.59260  8.34%  66.8 3024s
 254036 105658 1752.26464   54  322 1842.28597 1688.59260  8.34%  66.8 3028s
 254493 105806 infeasible   58      1842.28597 1688.61058  8.34%  66.9 3034s
 254806 105851     cutoff   83      1842.28597 1688.61165  8.34%  67.0 3038s
 254940 105951 1695.04319   48  217 1842.28597 1688.62333  8.34%  67.1 3043s
 255111 106210 1695.04319   55  216 1842.28597 1688.62654  8.34%  67.1 3048s
 255662 106442 1739.76277   41  325 1842.28597 1688.63607  8.34%  67.2 3052s
 256150 106477 infeasible   56      1842.28597 1688.66553  8.34%  67.3 3060s
 256279 106816 1692.63018   51  238 1842.28597 1688.66619  8.34%  67.3 3066s
 257153 107054 1749.89579   64  434 1842.28597 1688.69028  8.34%  67.4 3071s
 257684 107092 infeasible   51      1842.28597 1688.70348  8.34%  67.4 3077s
 257781 107399 1741.66852   55  252 1842.28597 1688.70939  8.34%  67.5 3081s
 258350 107569 1742.92967   39  659 1842.28597 1688.71019  8.34%  67.6 3085s
 258788 107718 1746.57609   54  475 1842.28597 1688.74048  8.33%  67.6 3090s
 259618 107983 infeasible   66      1842.28597 1688.78018  8.33%  67.7 3098s
 259738 108208 1747.30290   47  592 1842.28597 1688.80473  8.33%  67.7 3102s
 260216 108258 infeasible   60      1842.28597 1688.81600  8.33%  67.9 3107s
 260400 108396 1695.37537   46  234 1842.28597 1688.82452  8.33%  67.9 3111s
 260752 108386 infeasible   98      1842.28597 1688.84197  8.33%  68.0 3118s
 260800 108637 1693.21622   68  265 1842.28597 1688.85381  8.33%  68.0 3122s
 261449 108725 1763.10025   61  196 1842.28597 1688.87618  8.33%  68.1 3137s
 261691 109141 1690.16590   47  236 1842.28597 1688.89835  8.33%  68.1 3143s
 262626 109163 infeasible   62      1842.28597 1688.92555  8.32%  68.2 3147s
 262741 109343 1786.58670   41  195 1842.28597 1688.94106  8.32%  68.2 3150s
 263152 109367 1709.59261   55   71 1842.28597 1688.95779  8.32%  68.3 3156s
 263208 109602 1711.45775   62   27 1842.28597 1688.96060  8.32%  68.3 3160s
 263980 109984 1799.04954   58  393 1842.28597 1689.00635  8.32%  68.4 3169s
 264514 110012 infeasible   66      1842.28597 1689.01590  8.32%  68.5 3176s
 264594 110204 1785.57821   59  163 1842.28597 1689.02262  8.32%  68.5 3180s
 265414 110332 1714.79462   61  217 1842.28597 1689.07018  8.32%  68.7 3190s
 265539 110542     cutoff   66      1842.28597 1689.07718  8.32%  68.7 3195s
 266054 110557 infeasible   65      1842.28597 1689.09126  8.32%  68.8 3200s
 266750 111007 1752.24064   57  253 1842.28597 1689.10696  8.31%  68.9 3208s
 266951 111128 1717.93662   54  155 1842.28597 1689.11509  8.31%  69.0 3212s
 267136 111177 1691.26434   58  254 1842.28597 1689.12072  8.31%  69.1 3216s
 267301 111339 1762.43363   73  599 1842.28597 1689.12156  8.31%  69.1 3220s
 267673 111418 infeasible   38      1842.28597 1689.12156  8.31%  69.3 3225s
 267925 111661 1695.31852   45  272 1842.28597 1689.15410  8.31%  69.3 3230s
 268433 111775 infeasible   62      1842.28597 1689.16520  8.31%  69.4 3235s
 268734 111968 1838.00692   60  170 1842.28597 1689.17329  8.31%  69.3 3240s
 269260 112001 1787.54939   52  143 1842.28597 1689.19024  8.31%  69.4 3245s
 269383 112007 1692.72834   51  286 1842.28597 1689.19406  8.31%  69.4 3251s
 269391 112087 1691.92617   53  226 1842.28597 1689.19406  8.31%  69.4 3256s
 269621 112248 1691.68177   54  390 1842.28597 1689.19406  8.31%  69.5 3261s
 269991 112515 1689.38163   45  270 1842.28597 1689.21690  8.31%  69.5 3266s
 270484 112695 1784.61081   60  223 1842.28597 1689.23545  8.31%  69.5 3272s
 271061 112708 infeasible   52      1842.28597 1689.24146  8.31%  69.5 3277s
 271172 112937 1700.86634   61  206 1842.28597 1689.26000  8.31%  69.6 3281s
 271799 112985 infeasible   55      1842.28597 1689.28375  8.31%  69.6 3299s
 271947 113494 1765.37804   47  445 1842.28597 1689.28375  8.31%  69.6 3309s
 273197 113507 infeasible   59      1842.28597 1689.32913  8.30%  69.8 3315s
 273321 113786 1694.06772   52  210 1842.28597 1689.34796  8.30%  69.8 3321s
 274343 114018 1745.43961   57  282 1842.28597 1689.38293  8.30%  69.8 3329s
 274421 114332 1747.85837   64  239 1842.28597 1689.38293  8.30%  69.8 3333s
 275124 114511 1715.09670   64   29 1842.28597 1689.39678  8.30%  69.9 3337s
 275526 114592 1692.77083   46  126 1842.28597 1689.40863  8.30%  69.9 3342s
 275697 114731 1689.71695   51  357 1842.28597 1689.40863  8.30%  69.9 3346s
 275999 114833 1743.07355   77  999 1842.28597 1689.43440  8.30%  70.0 3352s
 276398 114853 1780.16670   62  215 1842.28597 1689.44129  8.30%  70.1 3357s
 276450 115163 1787.74372   49  114 1842.28597 1689.44129  8.30%  70.1 3361s
 277061 115465     cutoff   68      1842.28597 1689.45287  8.30%  70.2 3366s
 277856 115725 1718.84500   59  209 1842.28597 1689.47181  8.29%  70.2 3373s
 278349 115759 infeasible   73      1842.28597 1689.49598  8.29%  70.3 3377s
 278568 115963 1690.36696   45  587 1842.28597 1689.51589  8.29%  70.3 3380s
 279021 115972 infeasible   61      1842.28597 1689.53876  8.29%  70.4 3386s
 279103 116226 1823.58175   53  107 1842.28597 1689.54678  8.29%  70.5 3390s
 279767 116413 infeasible   69      1842.28597 1689.56559  8.29%  70.5 3395s
 280366 116440 1712.56153   50  194 1842.28597 1689.57523  8.29%  70.6 3401s
 280413 116920 1807.49209   62   62 1842.28597 1689.57523  8.29%  70.6 3405s
 281472 117371 1689.89750   44  710 1842.28597 1689.60386  8.29%  70.6 3412s
 282200 117388 1834.03744   85  176 1842.28597 1689.62713  8.29%  70.7 3426s
 282293 118668 1834.86149   96  177 1842.28597 1689.62713  8.29%  70.6 3443s
 285266 118661 1718.44793   59  195 1842.28597 1689.70145  8.28%  70.8 3466s
 285282 118678 1764.35767   60  147 1842.28597 1689.70445  8.28%  70.9 3470s
 285540 118802 1809.00275   69  110 1842.28597 1689.70445  8.28%  70.9 3476s
 285589 118903 1691.97787   51  240 1842.28597 1689.71484  8.28%  70.9 3481s
 285847 118936 1689.74277   57  318 1842.28597 1689.71484  8.28%  70.9 3485s
 286517 119358 1738.38216   65  123 1842.28597 1689.74416  8.28%  70.9 3491s
 286740 119398 infeasible   51      1842.28597 1689.75208  8.28%  70.9 3498s
 286799 119830 1691.01036   49  233 1842.28597 1689.75433  8.28%  70.9 3503s
 287668 120026 1820.94082   52  120 1842.28597 1689.75874  8.28%  70.9 3507s
 288132 120039 1807.78573   84  241 1842.28597 1689.77844  8.28%  70.9 3512s
 288182 120333 1689.80803   50  387 1842.28597 1689.78360  8.28%  70.9 3515s
 289159 120544 infeasible   63      1842.28597 1689.80045  8.28%  71.0 3522s
 289188 120845 1748.95137   57  293 1842.28597 1689.80321  8.28%  71.0 3526s
 290260 121081 1747.22186   52  231 1842.28597 1689.80803  8.28%  71.0 3534s
 290309 121343 1787.73152   51  111 1842.28597 1689.81008  8.28%  71.0 3537s
 290938 121395 infeasible   63      1842.28597 1689.82512  8.28%  71.0 3540s
 291570 121668 infeasible   53      1842.28597 1689.83731  8.27%  71.1 3546s
 292008 121884 infeasible   70      1842.28597 1689.84151  8.27%  71.2 3552s
 292212 122072 1690.52843   45  228 1842.28597 1689.85399  8.27%  71.2 3555s
 292654 122103 infeasible   56      1842.28597 1689.85597  8.27%  71.3 3569s
 292754 123296 1823.69575   56   67 1842.28597 1689.85676  8.27%  71.3 3585s
 295367 123295 infeasible   78      1842.28597 1689.90575  8.27%  71.4 3592s
 295427 123330 1742.94059   57  347 1842.28597 1689.90759  8.27%  71.4 3595s
 295987 123594 infeasible   62      1842.28597 1689.90886  8.27%  71.5 3604s
 296064 123893 1834.76226   71  145 1842.28597 1689.91615  8.27%  71.5 3607s
 296589 123997 1741.03220   42  462 1842.28597 1689.93835  8.27%  71.5 3610s
 296967 124371 1728.81420   47  127 1842.28597 1689.94788  8.27%  71.6 3617s
 297662 124421 infeasible   76      1842.28597 1689.96235  8.27%  71.6 3620s
 298222 124665 infeasible   63      1842.28597 1689.97372  8.27%  71.6 3627s
 298272 125077 1691.97703   43  225 1842.28597 1689.97372  8.27%  71.6 3631s
 299576 125324 1692.85224   51  194 1842.28597 1689.99513  8.27%  71.6 3638s
 299672 125550 1785.84676   58  176 1842.28597 1689.99513  8.27%  71.6 3642s
 300129 125832 1758.87525   47  620 1842.28597 1690.00622  8.27%  71.6 3645s
 300645 125975 1786.84264   54  135 1842.28597 1690.01738  8.27%  71.6 3650s
 301316 126211 1743.34877   43  192 1842.28597 1690.03221  8.26%  71.6 3656s
 302037 126664     cutoff   50      1842.28597 1690.03956  8.26%  71.6 3662s
 302496 126792 1767.71700   60   94 1842.28597 1690.04460  8.26%  71.7 3665s
 303084 126977 infeasible   54      1842.28597 1690.05396  8.26%  71.7 3684s
 303114 128837 1696.50461   52  235 1842.28597 1690.05396  8.26%  71.7 3721s
 307114 128855     cutoff   59      1842.28597 1690.11637  8.26%  71.7 3725s
 307683 129129 infeasible   46      1842.28597 1690.14160  8.26%  71.8 3735s
 308414 129610 infeasible   54      1842.28597 1690.15932  8.26%  71.9 3743s
 308856 129966 infeasible   67      1842.28597 1690.16602  8.26%  71.8 3747s
 309602 130004     cutoff   58      1842.28597 1690.18039  8.26%  71.8 3750s
 310403 130424 1744.04252   63  381 1842.28597 1690.19087  8.26%  71.9 3758s
 310739 130460     cutoff   48      1842.28597 1690.20856  8.25%  71.9 3762s
 310827 130809 1690.76368   48  228 1842.28597 1690.21788  8.25%  71.9 3766s
 311604 130924 infeasible   57      1842.28597 1690.22598  8.25%  71.9 3770s
 312335 131185 1711.78252   62  191 1842.28597 1690.24223  8.25%  71.9 3778s
 312583 131447 1690.37251   42  344 1842.28597 1690.25027  8.25%  71.9 3782s
 313313 131428 infeasible   82      1842.28597 1690.25483  8.25%  71.9 3797s
 313340 133172 1692.34967   59  243 1842.28597 1690.25666  8.25%  71.9 3846s
 317620 133599 1767.34447   69  224 1842.28597 1690.33465  8.25%  71.8 3853s
 318201 133681 infeasible   63      1842.28597 1690.33897  8.25%  71.9 3857s
 318470 133894 1787.76386   50  120 1842.28597 1690.37759  8.25%  71.9 3860s
 318918 134030 1699.28978   66  248 1842.28597 1690.39562  8.24%  72.0 3865s
 319267 134349 1763.01954   68  480 1842.28597 1690.40997  8.24%  72.0 3870s
 319955 134401 1802.10705   64  200 1842.28597 1690.42349  8.24%  72.0 3875s
 320079 134772 1829.56929   60  108 1842.28597 1690.42453  8.24%  72.0 3880s
 320961 134871 1693.08088   65  766 1842.28597 1690.43753  8.24%  72.0 3885s
 321793 135299 1776.92115   63  707 1842.28597 1690.45971  8.24%  72.0 3893s
 322231 135346 infeasible   47      1842.28597 1690.46326  8.24%  72.0 3898s
 322321 135617 1712.21309   64  183 1842.28597 1690.46326  8.24%  72.0 3903s
 323034 135772 1690.80634   43  229 1842.28597 1690.48272  8.24%  72.0 3906s
 323455 135811 1804.55962   54  131 1842.28597 1690.48530  8.24%  72.0 3911s
 323539 136175 1821.88382   65  237 1842.28597 1690.48909  8.24%  72.1 3928s
 324300 136244 1726.83619   44  686 1842.28597 1690.50085  8.24%  72.1 3930s
 324589 136428 1692.08397   51  267 1842.28597 1690.50693  8.24%  72.1 3937s
 325033 136560 1692.20868   59  239 1842.28597 1690.51841  8.24%  72.1 3940s
 325428 136601 infeasible   42      1842.28597 1690.51959  8.24%  72.2 3945s
 325951 136914 1722.97444   54  113 1842.28597 1690.54333  8.24%  72.2 3952s
 326208 136927 infeasible   64      1842.28597 1690.54436  8.24%  72.2 3956s
 326598 137266 1749.93659   57  335 1842.28597 1690.55471  8.24%  72.2 3963s
 327040 137340 1690.93851   51  230 1842.28597 1690.56289  8.24%  72.2 3968s
 327235 137569 1795.57953   65  188 1842.28597 1690.56938  8.24%  72.2 3971s
 327727 137696 1787.63676   61  103 1842.28597 1690.57175  8.24%  72.3 3975s
 328206 138069 1718.39352   59  120 1842.28597 1690.57725  8.23%  72.3 3984s
 328790 138103     cutoff   91      1842.28597 1690.59289  8.23%  72.4 3989s
 328872 138412 1691.68775   65  132 1842.28597 1690.59361  8.23%  72.4 3993s
 329640 138500     cutoff   39      1842.28597 1690.61828  8.23%  72.4 3997s
 329904 138752 1789.47171   59  590 1842.28597 1690.62312  8.23%  72.3 4002s
 330524 138790 1805.79823   62  178 1842.28597 1690.62941  8.23%  72.3 4005s
 330963 138933 infeasible   60      1842.28597 1690.64499  8.23%  72.4 4014s
 331146 139236 1691.14227   44  154 1842.28597 1690.64499  8.23%  72.4 4019s
 331882 139246 infeasible   66      1842.28597 1690.66029  8.23%  72.4 4023s
 332032 139548 1744.86068   65  243 1842.28597 1690.67236  8.23%  72.5 4027s
 332619 139721 infeasible   79      1842.28597 1690.68155  8.23%  72.5 4030s
 333329 140097 1746.09424   58  304 1842.28597 1690.70424  8.23%  72.5 4038s
 333951 140151 1691.62929   48  227 1842.28597 1690.71757  8.23%  72.5 4053s
 334126 140371 1827.70853   51  207 1842.28597 1690.72188  8.23%  72.5 4060s
 334542 140408 infeasible   72      1842.28597 1690.73067  8.23%  72.5 4073s
 334722 141123 1744.46815   56  258 1842.28597 1690.73711  8.23%  72.5 4084s
 336776 141125 infeasible   64      1842.28597 1690.77695  8.22%  72.5 4088s
 336814 141171 1691.24743   58  231 1842.28597 1690.77695  8.22%  72.5 4093s
 336876 141387 1755.79510   80   26 1842.28597 1690.77695  8.22%  72.5 4097s
 337462 141406 infeasible   45      1842.28597 1690.78932  8.22%  72.6 4101s
 337497 141462 1778.09512   47   90 1842.28597 1690.79210  8.22%  72.6 4105s
 338520 141804 1746.41919   57  227 1842.28597 1690.80528  8.22%  72.5 4114s
 338569 142076 1746.25092   55   39 1842.28597 1690.80707  8.22%  72.5 4117s
 339184 142176 infeasible   60      1842.28597 1690.81740  8.22%  72.5 4120s
 339945 142424 1765.53349   67  210 1842.28597 1690.83199  8.22%  72.5 4128s
 340118 142754 1759.85721   48  226 1842.28597 1690.83481  8.22%  72.5 4132s
 340894 142814 infeasible   68      1842.28597 1690.83992  8.22%  72.5 4136s
 341143 143125 1696.09247   41  361 1842.28597 1690.85705  8.22%  72.5 4140s
 342082 143399 infeasible   59      1842.28597 1690.87483  8.22%  72.5 4146s
 342745 143443 infeasible   66      1842.28597 1690.88379  8.22%  72.5 4150s
 343440 143668 infeasible   57      1842.28597 1690.89650  8.22%  72.5 4155s
 344217 144100 1838.78024   67  439 1842.28597 1690.91757  8.22%  72.5 4173s
 344642 144207     cutoff   50      1842.28597 1690.92295  8.22%  72.5 4177s
 344963 144490 1752.58743   63  365 1842.28597 1690.92747  8.22%  72.5 4182s
 345608 144523 infeasible   47      1842.28597 1690.93482  8.22%  72.6 4185s
 346429 144919 1785.75725   48  264 1842.28597 1690.96390  8.21%  72.6 4192s
 346527 145138 1691.55728   71   84 1842.28597 1690.96390  8.21%  72.6 4196s
 346985 145153 infeasible   64      1842.28597 1690.96615  8.21%  72.7 4201s
 347761 145588 infeasible   62      1842.28597 1690.98625  8.21%  72.7 4208s
 348122 145746 1696.66695   65  266 1842.28597 1690.99258  8.21%  72.7 4212s
 348549 145943 1696.06435   53  233 1842.28597 1691.00503  8.21%  72.7 4215s
 349569 146220 1822.36302   68  190 1842.28597 1691.02727  8.21%  72.7 4223s
 349656 146530 1691.03211   61  232 1842.28597 1691.02727  8.21%  72.7 4226s
 350278 146774 infeasible   53      1842.28597 1691.03577  8.21%  72.8 4230s
 351119 147090 1842.09640   67   60 1842.28597 1691.05377  8.21%  72.8 4236s
 351780 147103 infeasible   55      1842.28597 1691.05900  8.21%  72.8 4240s
 352613 147609 1786.55803   54  137 1842.28597 1691.07067  8.21%  72.7 4247s
 352929 148057 1698.51464   45  222 1842.28597 1691.07582  8.21%  72.7 4250s
 353819 148390 1743.76900   52  219 1842.28597 1691.08052  8.21%  72.7 4257s
 354436 148699 1786.34102   62  135 1842.28597 1691.09198  8.21%  72.7 4272s
 354971 148785 1713.17659   67  215 1842.28597 1691.09682  8.21%  72.7 4276s
 355172 149130 1691.29901   54  572 1842.28597 1691.10075  8.21%  72.7 4281s
 355895 149299 infeasible   59      1842.28597 1691.10711  8.21%  72.7 4285s
 356462 149785 1750.06199   67  437 1842.28597 1691.11667  8.21%  72.7 4291s
 357409 150041 1800.40715   61   68 1842.28597 1691.13234  8.20%  72.7 4297s
 357861 150169 1691.21463   61  260 1842.28597 1691.14168  8.20%  72.7 4300s
 358766 150437 infeasible   48      1842.28597 1691.15615  8.20%  72.7 4307s
 358874 150759 1764.29520   49  284 1842.28597 1691.16103  8.20%  72.7 4310s
 359672 150766 infeasible   68      1842.28597 1691.16540  8.20%  72.6 4315s
 360394 151332 1816.93690   61  328 1842.28597 1691.17283  8.20%  72.6 4322s
 360996 151459 1823.18766   52  163 1842.28597 1691.18700  8.20%  72.6 4325s
 361731 151680 infeasible   75      1842.28597 1691.19608  8.20%  72.5 4330s
 362096 151845 1808.55351   75  164 1842.28597 1691.20282  8.20%  72.6 4335s
 362462 152122 1753.96893   57  194 1842.28597 1691.20734  8.20%  72.6 4341s
 363198 152552 1833.09342   61  249 1842.28597 1691.21296  8.20%  72.5 4346s
 363985 152822 1691.67552   62  250 1842.28597 1691.22955  8.20%  72.5 4352s
 364443 152918 infeasible   74      1842.28597 1691.23560  8.20%  72.5 4355s
 364717 153170 1797.51600   60  531 1842.28597 1691.24222  8.20%  72.5 4371s
 365422 153191 1810.05376   74   12 1842.28597 1691.25385  8.20%  72.5 4375s
 366096 153598 1757.20168   81  178 1842.28597 1691.25468  8.20%  72.5 4382s
 366283 153686 infeasible   45      1842.28597 1691.25468  8.20%  72.5 4385s
 367264 154091 1693.74291   66   99 1842.28597 1691.27510  8.20%  72.4 4392s
 367408 154331 1772.09269   61   99 1842.28597 1691.28264  8.20%  72.4 4395s
 368388 154492     cutoff   60      1842.28597 1691.29330  8.20%  72.4 4401s
 369136 154936     cutoff   72      1842.28597 1691.30386  8.20%  72.4 4407s
 369699 155066     cutoff   82      1842.28597 1691.31298  8.19%  72.4 4411s
 370104 155220 1794.01465   54  461 1842.28597 1691.31895  8.19%  72.4 4415s
 370535 155244 infeasible   37      1842.28597 1691.32297  8.19%  72.4 4420s
 371054 155638 1741.74754   64   57 1842.28597 1691.32818  8.19%  72.4 4425s
 371481 155810 1740.91720   44  453 1842.28597 1691.33201  8.19%  72.4 4431s
 372226 155922 1747.63840   49  247 1842.28597 1691.34445  8.19%  72.4 4436s
 372245 155962 1802.39286   51  231 1842.28597 1691.34445  8.19%  72.4 4441s
 372608 156138 1782.75877   58  107 1842.28597 1691.34805  8.19%  72.4 4446s
 373645 156760 1780.02661   65  828 1842.28597 1691.35710  8.19%  72.3 4452s
 374233 156804     cutoff   70      1842.28597 1691.36573  8.19%  72.3 4455s
 374977 157429 1701.41454   75  470 1842.28597 1691.37509  8.19%  72.2 4474s
 375702 157446 infeasible   68      1842.28597 1691.37738  8.19%  72.2 4477s
 375799 157715 infeasible   54      1842.28597 1691.37738  8.19%  72.2 4480s
 376428 157714 infeasible   72      1842.28597 1691.39518  8.19%  72.2 4485s
 376926 158019 1747.68118   65  183 1842.28597 1691.40300  8.19%  72.3 4491s
 377687 158581 1821.73499   65  575 1842.28597 1691.41591  8.19%  72.2 4498s
 378486 158602 1715.60547   56   51 1842.28597 1691.42188  8.19%  72.2 4502s
 378521 158674 1693.06049   66  216 1842.28597 1691.42188  8.19%  72.2 4505s
 379038 158849 infeasible   50      1842.28597 1691.42877  8.19%  72.2 4510s
 379843 159378 1826.62342   69  466 1842.28597 1691.44241  8.19%  72.1 4516s
 380465 159775 1825.91753   75  367 1842.28597 1691.45115  8.19%  72.1 4521s
 381150 160044 1785.31846   56  121 1842.28597 1691.46121  8.19%  72.1 4526s
 381709 160257 1696.74132   45  305 1842.28597 1691.46658  8.19%  72.1 4530s
 382351 160506 1691.75012   53  235 1842.28597 1691.47456  8.19%  72.1 4536s
 382682 160560 1784.15929   53  129 1842.28597 1691.47584  8.19%  72.0 4541s
 383406 160872 1837.30159   76  119 1842.28597 1691.49091  8.19%  72.0 4547s
 383571 161258 1691.49790   58  232 1842.28597 1691.49091  8.19%  72.0 4550s
 384884 161666 1830.25100   56   65 1842.28597 1691.50904  8.18%  71.9 4556s
 385238 162134 1825.37649   69  124 1842.28597 1691.51427  8.18%  71.9 4572s
 386479 162260 1691.59318   56  259 1842.28597 1691.53211  8.18%  71.8 4576s
 386891 162424 1692.55599   64  231 1842.28597 1691.53338  8.18%  71.8 4581s
 387388 162708 1776.04231   63  204 1842.28597 1691.53557  8.18%  71.9 4586s
 388213 163076 infeasible   59      1842.28597 1691.55205  8.18%  71.8 4592s
 388423 163341 1737.11563   49  606 1842.28597 1691.55490  8.18%  71.8 4595s
 389415 163666 1740.25963   56  166 1842.28597 1691.56388  8.18%  71.8 4600s
 390194 163956 1750.75323   57  268 1842.28597 1691.57276  8.18%  71.8 4605s
 390916 164237 1815.22248   63    6 1842.28597 1691.57934  8.18%  71.8 4611s
 391573 164737 1695.13479   56  221 1842.28597 1691.58468  8.18%  71.7 4617s
 392300 165159 1770.65081   61  543 1842.28597 1691.58960  8.18%  71.7 4622s
 393290 165387 infeasible   48      1842.28597 1691.60534  8.18%  71.6 4627s
 393456 165653 1744.29308   43  664 1842.28597 1691.60692  8.18%  71.6 4630s
 394537 165931 1808.19794   61  171 1842.28597 1691.61735  8.18%  71.6 4635s
 395074 166405 1787.89214   76  213 1842.28597 1691.62796  8.18%  71.6 4640s
 395541 166559 1691.64445   59  244 1842.28597 1691.63061  8.18%  71.6 4656s
 395908 167032 1809.15711   63   59 1842.28597 1691.63339  8.18%  71.5 4661s
 397084 167047 1810.18818   74   61 1842.28597 1691.64354  8.18%  71.5 4667s
 397529 167268 1805.87164   67  196 1842.28597 1691.64675  8.18%  71.5 4672s
 397601 167532 1810.53275   61   35 1842.28597 1691.65343  8.18%  71.5 4675s
 398537 167768     cutoff   56      1842.28597 1691.66065  8.18%  71.5 4681s
 398593 168047 1780.67588   49  714 1842.28597 1691.66253  8.18%  71.5 4685s
 399826 168301 1691.68935   46   70 1842.28597 1691.68145  8.17%  71.4 4691s
 400337 168783     cutoff   83      1842.28597 1691.69236  8.17%  71.5 4696s
 400934 168799 1836.39453   71   69 1842.28597 1691.70152  8.17%  71.4 4700s
 401566 169234 1804.75689   60  242 1842.28597 1691.71015  8.17%  71.4 4706s
 402028 169260 1804.75601   62    2 1842.28597 1691.71030  8.17%  71.4 4710s
 402912 169687 1815.55328   66  259 1842.28597 1691.72786  8.17%  71.3 4716s
 403402 169868 1773.71520   54   56 1842.28597 1691.73059  8.17%  71.3 4722s
 403674 169890 1827.21562   60  131 1842.28597 1691.73691  8.17%  71.3 4728s
 403795 170194 1783.25779   63  698 1842.28597 1691.73925  8.17%  71.3 4731s
 404706 170398 1784.09223   60  277 1842.28597 1691.75339  8.17%  71.4 4736s
 404893 170693 1692.04541   62  202 1842.28597 1691.75670  8.17%  71.4 4740s
 405617 171015 1691.94185   52  217 1842.28597 1691.76902  8.17%  71.3 4746s
 406232 171334 infeasible   76      1842.28597 1691.77050  8.17%  71.3 4762s
 407038 171546 1746.86697   54  259 1842.28597 1691.78619  8.17%  71.3 4767s
 407590 171562 1721.92484   56  127 1842.28597 1691.79391  8.17%  71.3 4770s
 408178 171844 1742.00871   58  463 1842.28597 1691.79668  8.17%  71.3 4776s
 408466 171922 infeasible   64      1842.28597 1691.80687  8.17%  71.3 4780s
 409251 172146 infeasible   71      1842.28597 1691.82033  8.17%  71.3 4786s
 409816 172527 1785.85681   59  104 1842.28597 1691.82454  8.17%  71.2 4792s
 410186 172546 1792.03025   54  168 1842.28597 1691.82454  8.17%  71.2 4796s
 410611 172711     cutoff   56      1842.28597 1691.83108  8.17%  71.2 4802s
 410653 172952 1700.59144   56  249 1842.28597 1691.83332  8.17%  71.2 4807s
 411207 173004 infeasible   57      1842.28597 1691.83493  8.17%  71.2 4811s
 411342 173178 1705.91265   58  243 1842.28597 1691.84258  8.17%  71.1 4815s
 412173 173449     cutoff   64      1842.28597 1691.86400  8.16%  71.1 4822s
 412318 173758 1692.97486   51  138 1842.28597 1691.86756  8.16%  71.1 4825s
 413596 174033 infeasible   78      1842.28597 1691.87696  8.16%  71.1 4831s
 414294 174492 1841.27630   62  250 1842.28597 1691.90049  8.16%  71.0 4837s
 414940 174745 1781.23124   58  220 1842.28597 1691.90698  8.16%  71.0 4842s
 415497 175018 1805.55944   56  137 1842.28597 1691.91467  8.16%  71.0 4845s
 416103 175289 1767.67324   63   11 1842.28597 1691.92340  8.16%  71.0 4851s
 416614 175554 1744.12155   54  271 1842.28597 1691.92707  8.16%  71.0 4866s
 417635 176082     cutoff   68      1842.28597 1691.93368  8.16%  70.9 4872s
 418456 176082 1786.95443   62   10 1842.28597 1691.93910  8.16%  70.9 4878s
 418491 176127 1840.06301   67   64 1842.28597 1691.93910  8.16%  70.9 4881s
 418734 176359 1840.41408   69  154 1842.28597 1691.93910  8.16%  70.9 4886s
 419690 176547 1752.02916   63  190 1842.28597 1691.96839  8.16%  70.8 4892s
 419737 176741 1791.18175   58  204 1842.28597 1691.97006  8.16%  70.8 4895s
 420579 176960 1816.04112   71  216 1842.28597 1691.97646  8.16%  70.8 4900s
 421251 177260 1835.08306   59   98 1842.28597 1691.98567  8.16%  70.8 4906s
 422110 177823     cutoff   74      1842.28597 1691.99500  8.16%  70.8 4912s
 422647 177851 1784.61663   58   92 1842.28597 1691.99857  8.16%  70.8 4915s
 423375 178367 1742.27002   68  309 1842.28597 1692.00596  8.16%  70.7 4921s
 423881 178820 1787.76856   49    7 1842.28597 1692.01224  8.16%  70.7 4927s
 424847 179187 1824.96010   56  113 1842.28597 1692.02032  8.16%  70.7 4932s
 425594 179423 1812.08526   69  175 1842.28597 1692.02509  8.16%  70.6 4935s
 426271 179684 1785.52702   58  131 1842.28597 1692.03698  8.16%  70.6 4940s
 426817 179919 1831.87490   66  170 1842.28597 1692.04541  8.16%  70.6 4956s
 427595 180345     cutoff   58      1842.28597 1692.05812  8.15%  70.6 4964s
 428480 180369 infeasible   50      1842.28597 1692.06725  8.15%  70.5 4966s
 429131 180845 1752.43447   79  370 1842.28597 1692.07864  8.15%  70.5 4972s
 429570 180897 infeasible   90      1842.28597 1692.07864  8.15%  70.5 4976s
 430373 181317 1834.98258   77  149 1842.28597 1692.08266  8.15%  70.5 4982s
 430924 181482 1692.21237   46  240 1842.28597 1692.09700  8.15%  70.5 4987s
 430973 181697 1782.16690   54  105 1842.28597 1692.09849  8.15%  70.5 4990s
 431893 182110 1786.90278   67  116 1842.28597 1692.11101  8.15%  70.5 4995s
 432612 182530 1692.12049   49  228 1842.28597 1692.12049  8.15%  70.5 5001s
 434014 182812 1692.62660   71  231 1842.28597 1692.14700  8.15%  70.4 5007s
 434201 182813     cutoff   74      1842.28597 1692.14708  8.15%  70.4 5011s
 434219 182817 1779.34029   50  213 1842.28597 1692.14708  8.15%  70.4 5017s
 434241 182834 1692.14708   51  230 1842.28597 1692.14708  8.15%  70.4 5021s
 434280 182846 1781.75185   53  214 1842.28597 1692.14708  8.15%  70.4 5026s
 434284 182851 1782.35437   53  214 1842.28597 1692.14708  8.15%  70.4 5030s
 434375 182879 1781.14920   53  213 1842.28597 1692.14915  8.15%  70.3 5037s
 434384 182882 1803.29948   52  196 1842.28597 1692.14915  8.15%  70.3 5040s
 434434 182904 1803.70875   54   82 1842.28597 1692.15043  8.15%  70.3 5045s
 434474 182921 infeasible   56      1842.28597 1692.15419  8.15%  70.3 5052s
 434513 182919 1692.50686   56  224 1842.28597 1692.15419  8.15%  70.3 5055s
 434574 182949 1692.50686   58  224 1842.28597 1692.15678  8.15%  70.3 5061s
 434652 183272 1838.56144   58  112 1842.28597 1692.15695  8.15%  70.3 5068s
 435297 183305 1784.80424   57  198 1842.28597 1692.15695  8.15%  70.3 5071s
 435636 183404 1693.41828   61  223 1842.28597 1692.16246  8.15%  70.3 5077s
 435670 183525 1772.21857   62  147 1842.28597 1692.16246  8.15%  70.3 5080s
 436160 183686     cutoff   64      1842.28597 1692.17091  8.15%  70.3 5087s
 436359 183741 1787.52782   63  141 1842.28597 1692.17500  8.15%  70.3 5090s
 436858 183906     cutoff   64      1842.28597 1692.17914  8.15%  70.2 5097s
 436883 184108     cutoff   65      1842.28597 1692.17914  8.15%  70.3 5101s
 437291 184131     cutoff   65      1842.28597 1692.18504  8.15%  70.3 5114s
 437367 185392 1834.20084   58   99 1842.28597 1692.19681  8.15%  70.3 5135s
 440417 185410     cutoff   74      1842.28597 1692.19836  8.15%  70.1 5140s
 440469 185433 1837.77378   70  232 1842.28597 1692.19836  8.15%  70.1 5148s
 440501 185789 1838.38858   71   92 1842.28597 1692.19836  8.15%  70.1 5152s
 441280 186002 1837.83487   71   57 1842.28597 1692.23759  8.14%  70.1 5155s
 441794 186195 1693.83972   53  609 1842.28597 1692.25908  8.14%  70.0 5162s
 442613 186535 1828.22406   57   25 1842.28597 1692.27093  8.14%  70.0 5166s
 443322 186810 1796.99531   81  259 1842.28597 1692.27648  8.14%  70.0 5171s
 443816 186859 1779.74400   57   99 1842.28597 1692.28470  8.14%  69.9 5175s
 444693 187229 infeasible   57      1842.28597 1692.29752  8.14%  69.9 5181s
 445229 187448 1805.26954   62  173 1842.28597 1692.31140  8.14%  69.9 5187s
 445508 187670 infeasible   61      1842.28597 1692.31140  8.14%  69.9 5190s
 446143 187942     cutoff   49      1842.28597 1692.32909  8.14%  69.9 5196s
 447434 188171 infeasible   71      1842.28597 1692.34216  8.14%  69.8 5204s
 447460 188408 1750.68671   57  214 1842.28597 1692.34323  8.14%  69.8 5207s
 448033 188793 1770.30650   61   49 1842.28597 1692.34915  8.14%  69.8 5222s
 448952 188814 1745.62922   53  307 1842.28597 1692.36345  8.14%  69.8 5225s
 449559 189244 infeasible   55      1842.28597 1692.37342  8.14%  69.8 5230s
 450017 189450 1816.85904   62  196 1842.28597 1692.38221  8.14%  69.8 5235s
 450691 189662 1692.61773   45  462 1842.28597 1692.39971  8.14%  69.7 5240s
 451557 189865 1738.86236   62   29 1842.28597 1692.40750  8.14%  69.7 5245s
 452227 190231 1692.42413   56  226 1842.28597 1692.41599  8.14%  69.7 5252s
 452642 190410 1813.86110   83  194 1842.28597 1692.42643  8.13%  69.7 5255s
 453800 190799 1742.02976   57  231 1842.28597 1692.44070  8.13%  69.6 5262s
 454280 190970 1820.46219   53  226 1842.28597 1692.45622  8.13%  69.6 5266s
 454733 191061 1778.70141   69  512 1842.28597 1692.46227  8.13%  69.6 5270s
 455193 191148 1781.47840   59  148 1842.28597 1692.47573  8.13%  69.6 5275s
 455451 191302     cutoff   61      1842.28597 1692.47640  8.13%  69.6 5282s
 455667 191344 1784.79655   60  131 1842.28597 1692.47967  8.13%  69.6 5285s
 456522 191915 1766.32331   51   70 1842.28597 1692.48908  8.13%  69.5 5292s
 457241 192357 1743.65478   55   88 1842.28597 1692.50805  8.13%  69.5 5297s
 458196 192697 1797.50678   56    8 1842.28597 1692.51646  8.13%  69.4 5301s
 458834 193004 1781.12524   93   42 1842.28597 1692.52096  8.13%  69.4 5315s
 459655 193327     cutoff   79      1842.28597 1692.52676  8.13%  69.4 5321s
 460467 193633 1727.55282   55  122 1842.28597 1692.54258  8.13%  69.3 5325s
 461464 193927 infeasible   65      1842.28597 1692.55623  8.13%  69.3 5330s
 462309 194134     cutoff   65      1842.28597 1692.57419  8.13%  69.2 5335s
 462850 194569 1743.27794   68  761 1842.28597 1692.58502  8.13%  69.2 5340s
 463368 194724 1773.04544   59  222 1842.28597 1692.59039  8.13%  69.2 5346s
 464203 195101 1839.44640   83   11 1842.28597 1692.60309  8.12%  69.2 5352s
 464873 195344 1748.02575   62  241 1842.28597 1692.62140  8.12%  69.1 5357s
 465693 195587 1805.84600   83  173 1842.28597 1692.63719  8.12%  69.1 5360s
 466211 195761 1805.73642   62  212 1842.28597 1692.64079  8.12%  69.1 5365s
 467271 196151 1790.86194   65  207 1842.28597 1692.66252  8.12%  69.0 5372s
 467683 196169 infeasible   54      1842.28597 1692.67149  8.12%  69.0 5375s
 468304 196605 infeasible   55      1842.28597 1692.67479  8.12%  69.0 5380s
 469002 196864 1744.18738   48  172 1842.28597 1692.68979  8.12%  69.0 5385s
 469512 196982 infeasible   67      1842.28597 1692.69754  8.12%  69.0 5401s
 469866 197381 1812.17316   73    7 1842.28597 1692.70837  8.12%  69.0 5407s
 470817 197401 1781.13567   55  107 1842.28597 1692.71645  8.12%  69.0 5411s
 470873 197728     cutoff   57      1842.28597 1692.71977  8.12%  69.0 5415s
 471944 198012 1834.39839   72  158 1842.28597 1692.74518  8.12%  68.9 5421s
 472479 198214 1803.20527   66  246 1842.28597 1692.75680  8.12%  68.9 5426s
 473144 198576 1812.21430   66  623 1842.28597 1692.76869  8.12%  68.9 5432s
 473718 198607 infeasible   62      1842.28597 1692.77482  8.12%  68.9 5435s
 474289 198977 1705.80929   74  141 1842.28597 1692.77761  8.12%  68.9 5440s
 474783 199250     cutoff   67      1842.28597 1692.77761  8.12%  68.9 5445s
 475738 199462 1803.15175   69   60 1842.28597 1692.79757  8.11%  68.9 5451s
 476292 199643 1732.84804   53  228 1842.28597 1692.80763  8.11%  68.9 5456s
 476715 199777 1746.13121   48  237 1842.28597 1692.81176  8.11%  68.9 5461s
 477491 200266 1840.09917   76   10 1842.28597 1692.82562  8.11%  68.9 5467s
 477969 200285 1698.62164   70  227 1842.28597 1692.83362  8.11%  68.9 5471s
 478526 200687     cutoff   58      1842.28597 1692.83362  8.11%  68.9 5477s
 478969 200754 infeasible   54      1842.28597 1692.84728  8.11%  68.9 5480s
 479776 201130 1745.79696   70  296 1842.28597 1692.86206  8.11%  68.8 5499s
 480245 201489 1750.12870   51  226 1842.28597 1692.86604  8.11%  68.8 5504s
 481146 201489 1692.94936   56  273 1842.28597 1692.86983  8.11%  68.8 5508s
 481188 201739 1793.09651   63  144 1842.28597 1692.86983  8.11%  68.8 5510s
 481930 201960 1800.06814   76  214 1842.28597 1692.89904  8.11%  68.7 5515s
 482693 202166 1785.76485   60  221 1842.28597 1692.91013  8.11%  68.7 5520s
 483458 202414 1692.94067   55  225 1842.28597 1692.92430  8.11%  68.7 5525s
 483963 202666 1741.93629   57  487 1842.28597 1692.93360  8.11%  68.7 5530s
 484571 203038 infeasible   61      1842.28597 1692.94366  8.11%  68.7 5537s
 485161 203065 1832.79381   68   90 1842.28597 1692.95124  8.11%  68.6 5541s
 485867 203592 1711.76307   61  371 1842.28597 1692.95803  8.11%  68.6 5548s
 486431 203677 1790.97979   63  126 1842.28597 1692.96766  8.11%  68.6 5551s
 487408 204169 1748.28581   72  141 1842.28597 1692.98358  8.10%  68.5 5556s
 487840 204218 1743.07800   64   24 1842.28597 1692.98571  8.10%  68.5 5561s
 488546 204518 1700.94600   56  226 1842.28597 1692.98864  8.10%  68.5 5566s
 488838 204611 1724.74542   70  175 1842.28597 1692.99349  8.10%  68.5 5571s
 489231 204728 1837.04694   74   13 1842.28597 1692.99922  8.10%  68.4 5577s
 489286 204895 1785.01500   54  214 1842.28597 1692.99922  8.10%  68.4 5581s
 489703 205117 1803.85292   52  211 1842.28597 1693.00671  8.10%  68.5 5585s
 490243 205201 1839.40495   85  116 1842.28597 1693.01446  8.10%  68.4 5603s
 490448 206143 infeasible   71      1842.28597 1693.01663  8.10%  68.4 5613s
 492661 206156     cutoff   73      1842.28597 1693.03768  8.10%  68.4 5616s
 492706 206181 1834.02852   56  151 1842.28597 1693.04074  8.10%  68.4 5620s
 493311 206562 1789.36402   70  509 1842.28597 1693.05036  8.10%  68.3 5626s
 494017 206805     cutoff   81      1842.28597 1693.05890  8.10%  68.3 5632s
 494536 207134     cutoff   38      1842.28597 1693.06974  8.10%  68.3 5635s
 495480 207291     cutoff   61      1842.28597 1693.07780  8.10%  68.2 5640s
 496285 207502 1826.57960   67  235 1842.28597 1693.09727  8.10%  68.3 5645s
 496948 207931 1746.00679   57  635 1842.28597 1693.10069  8.10%  68.2 5650s
 497576 208240     cutoff   47      1842.28597 1693.11223  8.10%  68.2 5657s
 498145 208275 1790.56782   72  108 1842.28597 1693.12680  8.10%  68.2 5660s
 498976 208736 1836.07063   68   76 1842.28597 1693.14212  8.10%  68.1 5666s
 499533 208740 infeasible   60      1842.28597 1693.14946  8.10%  68.1 5670s
 500065 209099 1787.96988   65  313 1842.28597 1693.16420  8.09%  68.1 5675s
 500484 209145 1784.21337   51  204 1842.28597 1693.16717  8.09%  68.1 5690s
 500649 210226 1799.96635   67   50 1842.28597 1693.17169  8.09%  68.1 5703s
 503299 210243 infeasible   66      1842.28597 1693.20840  8.09%  68.0 5706s
 503384 210408 1693.21363   49  225 1842.28597 1693.21363  8.09%  68.0 5710s
 503907 210648 1775.18773   61  219 1842.28597 1693.22416  8.09%  68.0 5716s
 504880 210828 1831.37158   67  140 1842.28597 1693.24179  8.09%  67.9 5721s
 505023 210840     cutoff   69      1842.28597 1693.24268  8.09%  67.9 5725s
 505131 211009 1839.96885   71  106 1842.28597 1693.24348  8.09%  67.9 5730s
 505871 211252 1796.22960   74   60 1842.28597 1693.25592  8.09%  67.9 5736s
 506765 211559     cutoff   57      1842.28597 1693.26702  8.09%  67.9 5742s
 506820 211802 1694.82363   49  228 1842.28597 1693.26932  8.09%  67.9 5745s
 507676 212085 1784.50498   64   49 1842.28597 1693.28208  8.09%  67.8 5750s
 508238 212333 1696.63970   56  618 1842.28597 1693.29055  8.09%  67.8 5756s
 509512 212630     cutoff   84      1842.28597 1693.30743  8.09%  67.8 5761s
 510249 212950 infeasible   46      1842.28597 1693.31896  8.09%  67.7 5766s
 510985 213384     cutoff   71      1842.28597 1693.32715  8.09%  67.7 5785s
 511357 213767 infeasible   67      1842.28597 1693.33858  8.08%  67.7 5792s
 512238 213948 1788.73182   80   72 1842.28597 1693.35282  8.08%  67.7 5795s
 513598 214281     cutoff   71      1842.28597 1693.37529  8.08%  67.6 5802s
 513780 214538 1835.26603   76   33 1842.28597 1693.37529  8.08%  67.6 5806s
 514884 214865     cutoff   70      1842.28597 1693.40078  8.08%  67.5 5810s
 516304 215406 1815.23071   45  231 1842.28597 1693.43012  8.08%  67.4 5817s
 516817 215506 infeasible   74      1842.28597 1693.43408  8.08%  67.4 5821s
 517738 215860 infeasible   44      1842.28597 1693.44382  8.08%  67.3 5828s
 517830 216021 1788.88157   61  110 1842.28597 1693.44554  8.08%  67.3 5830s
 518518 216278 1813.40190   62  137 1842.28597 1693.46283  8.08%  67.3 5836s
 519090 216440 1812.07352   89  159 1842.28597 1693.47672  8.08%  67.3 5841s
 520041 216777 1834.85131   85    6 1842.28597 1693.48139  8.08%  67.2 5845s
 520818 217042 infeasible   74      1842.28597 1693.49087  8.08%  67.2 5850s
 521498 217423 1792.28344   58  171 1842.28597 1693.50103  8.08%  67.2 5869s
 521925 217591 1838.32338   61  174 1842.28597 1693.51005  8.08%  67.2 5872s
 522331 217617 1746.69891   58  254 1842.28597 1693.51557  8.08%  67.2 5875s
 522448 218215 1781.07725   64  233 1842.28597 1693.51557  8.08%  67.2 5881s
 524671 218577 1713.32350   70  155 1842.28597 1693.55705  8.07%  67.0 5886s
 525197 218823 infeasible   66      1842.28597 1693.56709  8.07%  67.0 5891s
 525719 219041 1749.34926   63  232 1842.28597 1693.57264  8.07%  67.0 5896s
 526455 219588 1837.72779   66   25 1842.28597 1693.58029  8.07%  67.0 5901s
 527418 219858 1838.81837   74   64 1842.28597 1693.59805  8.07%  66.9 5905s
 527933 220116     cutoff   76      1842.28597 1693.60426  8.07%  66.9 5911s
 528772 220250 1734.84711   58   40 1842.28597 1693.62069  8.07%  66.9 5916s
 529348 220498 1785.39087   54  145 1842.28597 1693.62775  8.07%  66.8 5920s
 530015 220899 1745.77962   64  186 1842.28597 1693.63885  8.07%  66.8 5925s
 530537 221207 infeasible   67      1842.28597 1693.64470  8.07%  66.8 5931s
 531466 221340 1784.99905   69  122 1842.28597 1693.65672  8.07%  66.8 5936s
 532034 221810 1835.87235   59  121 1842.28597 1693.66385  8.07%  66.8 5953s
 532627 221822 1794.92160   77   85 1842.28597 1693.66837  8.07%  66.8 5955s
 533362 222157 1767.98720   94  207 1842.28597 1693.67691  8.07%  66.8 5961s
 534298 222482 1757.00150   74  193 1842.28597 1693.68542  8.07%  66.7 5968s
 534353 222659 1792.38923   47  433 1842.28597 1693.68542  8.07%  66.7 5970s
 535546 222938 infeasible   55      1842.28597 1693.70670  8.06%  66.7 5975s
 536581 223383 1785.34944   65   95 1842.28597 1693.71855  8.06%  66.6 5982s
 537115 223705 1762.09880   58   95 1842.28597 1693.72634  8.06%  66.6 5987s
 537781 223939 infeasible   56      1842.28597 1693.74157  8.06%  66.6 5991s
 538502 224171 infeasible   50      1842.28597 1693.75316  8.06%  66.5 5997s
 538541 224254 1789.93989   62  223 1842.28597 1693.75395  8.06%  66.5 6000s
 538800 224572 1841.79807   74  277 1842.28597 1693.75504  8.06%  66.5 6005s
 539831 224939 infeasible   70      1842.28597 1693.76740  8.06%  66.5 6012s
 540533 225140     cutoff   67      1842.28597 1693.78265  8.06%  66.5 6016s
 541187 225418 1747.05174   51  234 1842.28597 1693.79163  8.06%  66.5 6022s
 541786 225618 infeasible   44      1842.28597 1693.79418  8.06%  66.5 6027s
 542323 225764 1793.02004   67  119 1842.28597 1693.80332  8.06%  66.4 6040s
 543642 226087 1752.40521   47  525 1842.28597 1693.82600  8.06%  66.4 6045s
 544332 226437 infeasible   65      1842.28597 1693.84248  8.06%  66.4 6050s
 545254 226978 1785.95031   67  147 1842.28597 1693.86352  8.06%  66.3 6056s
 546234 227140 1812.58305   61  224 1842.28597 1693.88444  8.06%  66.3 6060s
 546552 227266 1765.48451   61  199 1842.28597 1693.88848  8.06%  66.3 6065s
 547133 227710 1838.77107   64   31 1842.28597 1693.89763  8.05%  66.3 6070s
 547742 228029     cutoff   67      1842.28597 1693.91372  8.05%  66.3 6076s
 549163 228346 1694.08120   55  110 1842.28597 1693.92668  8.05%  66.2 6080s
 549970 228698 1791.04526   74  215 1842.28597 1693.94855  8.05%  66.2 6086s
 551070 229022 infeasible   58      1842.28597 1693.96594  8.05%  66.1 6091s
 551913 229292 infeasible   73      1842.28597 1693.97803  8.05%  66.1 6099s
 551959 229492 1754.06262   53  216 1842.28597 1693.98021  8.05%  66.1 6101s
 552580 229890 1694.49290   54  208 1842.28597 1693.99088  8.05%  66.0 6116s
 553564 229907 1700.02982   71  230 1842.28597 1694.00681  8.05%  66.0 6124s
 553633 230120 1700.08991   72  230 1842.28597 1694.00751  8.05%  66.0 6126s
 554559 230310     cutoff   69      1842.28597 1694.02587  8.05%  66.0 6131s
 555329 230515 infeasible   59      1842.28597 1694.04889  8.05%  65.9 6135s
 556108 230745 1750.18638   42  199 1842.28597 1694.07082  8.05%  65.9 6141s
 556827 231080 1783.79841   61  249 1842.28597 1694.08705  8.04%  65.9 6146s
 557446 231257 1727.75925   63  126 1842.28597 1694.09957  8.04%  65.9 6150s
 558055 231544 1761.37693   62   67 1842.28597 1694.10831  8.04%  65.9 6155s
 558968 231893 1820.13111   58  142 1842.28597 1694.12928  8.04%  65.8 6161s
 559518 232089 1782.41104   63   64 1842.28597 1694.14078  8.04%  65.8 6166s
 559851 232350 1783.11642   61  251 1842.28597 1694.14594  8.04%  65.8 6172s
 560816 232750 1769.05258   58  307 1842.28597 1694.16086  8.04%  65.8 6177s
 561465 232878 infeasible   66      1842.28597 1694.16915  8.04%  65.7 6182s
 561605 232919 1806.23869   70  176 1842.28597 1694.17889  8.04%  65.7 6186s
 561719 233152 1757.32646   78  178 1842.28597 1694.17960  8.04%  65.7 6190s
 562509 233514     cutoff   76      1842.28597 1694.19439  8.04%  65.7 6195s
 563104 233829     cutoff   73      1842.28597 1694.20551  8.04%  65.7 6211s
 564008 233971 1785.42104   63  153 1842.28597 1694.21550  8.04%  65.7 6216s
 564834 234236 1782.35756   58  220 1842.28597 1694.24029  8.04%  65.7 6222s
 565406 234660 infeasible   71      1842.28597 1694.24212  8.04%  65.7 6227s
 566091 234684 infeasible   61      1842.28597 1694.25926  8.03%  65.6 6230s
 566813 235106 1766.21703   61  158 1842.28597 1694.26873  8.03%  65.6 6236s
 567316 235214 1781.10095   50  418 1842.28597 1694.27078  8.03%  65.6 6240s
 567864 235432 infeasible   55      1842.28597 1694.27428  8.03%  65.6 6245s
 568898 236035 1694.75542   50  194 1842.28597 1694.29579  8.03%  65.5 6250s
 569447 236286 1755.18785   54  216 1842.28597 1694.30398  8.03%  65.5 6256s
 570661 236578 1786.45793   74  164 1842.28597 1694.32522  8.03%  65.5 6260s
 571390 237002     cutoff   86      1842.28597 1694.33960  8.03%  65.4 6266s
 572049 237264     cutoff   64      1842.28597 1694.34736  8.03%  65.4 6271s
 573256 237528     cutoff   69      1842.28597 1694.37434  8.03%  65.3 6275s
 573383 237915 infeasible   70      1842.28597 1694.37622  8.03%  65.3 6291s
 574471 238117     cutoff   51      1842.28597 1694.38549  8.03%  65.2 6295s
 575432 238495 infeasible   68      1842.28597 1694.41636  8.03%  65.2 6301s
 575956 238600 1761.71949   66  113 1842.28597 1694.41831  8.03%  65.2 6306s
 576118 238747 1748.99984   64  191 1842.28597 1694.42062  8.03%  65.2 6310s
 576345 238968 1777.63770   51  339 1842.28597 1694.42554  8.03%  65.3 6316s
 576929 239046 1748.03088   53  279 1842.28597 1694.43144  8.03%  65.3 6322s
 577658 239273     cutoff   41      1842.28597 1694.44902  8.02%  65.2 6327s
 577735 239525 1838.78445   51   35 1842.28597 1694.44902  8.02%  65.2 6330s
 579254 239842 infeasible   72      1842.28597 1694.47357  8.02%  65.2 6335s
 579852 240199 1819.07566   78  367 1842.28597 1694.48610  8.02%  65.1 6340s
 580340 240472 1779.32783   71  472 1842.28597 1694.50025  8.02%  65.1 6346s
 581358 240696 1756.07830   81  118 1842.28597 1694.51139  8.02%  65.1 6351s
 581423 240966 1754.56923   84  117 1842.28597 1694.51306  8.02%  65.1 6355s
 582620 241135 1838.46712   67  223 1842.28597 1694.53418  8.02%  65.1 6361s
 583303 241423 1807.99532   71   97 1842.28597 1694.55685  8.02%  65.0 6366s
 583585 241926 1806.85747   66  141 1842.28597 1694.56745  8.02%  65.0 6384s
 584773 241932 1786.75468   62  131 1842.28597 1694.58610  8.02%  65.0 6386s
 585182 242230     cutoff   78      1842.28597 1694.59884  8.02%  65.0 6391s
 585843 242466 1695.85181   57  227 1842.28597 1694.60551  8.02%  65.0 6395s
 586592 242566 1823.82921   69  156 1842.28597 1694.62983  8.01%  64.9 6400s
 587083 242732 1754.35750   70   99 1842.28597 1694.63592  8.01%  64.9 6405s
 587540 242981 infeasible   53      1842.28597 1694.64737  8.01%  64.9 6410s
 588521 243281 1715.97522   68  218 1842.28597 1694.67160  8.01%  64.9 6415s
 589220 243526 infeasible   55      1842.28597 1694.69064  8.01%  64.9 6420s
 590195 243826 1763.98206   57  219 1842.28597 1694.70887  8.01%  64.8 6427s
 590304 244049 1737.44274   52  266 1842.28597 1694.71800  8.01%  64.8 6430s
 591330 244250     cutoff   66      1842.28597 1694.73442  8.01%  64.8 6435s
 592011 244551 infeasible   54      1842.28597 1694.75648  8.01%  64.8 6441s
 592566 244781 1768.36934   64  634 1842.28597 1694.76653  8.01%  64.8 6445s
 593099 245147 1694.89783   63  604 1842.28597 1694.77934  8.01%  64.8 6450s
 593830 245572     cutoff   69      1842.28597 1694.79283  8.01%  64.7 6468s
 594791 245797 1824.43134   76   88 1842.28597 1694.81236  8.00%  64.7 6472s
 595419 246015 1783.74032   65  279 1842.28597 1694.82966  8.00%  64.7 6476s
 596154 246133 1830.83262   60  211 1842.28597 1694.83824  8.00%  64.7 6480s
 596718 246586 infeasible   48      1842.28597 1694.84926  8.00%  64.7 6485s
 597856 247017 infeasible   47      1842.28597 1694.87643  8.00%  64.6 6491s
 598378 247283 1804.73814   63  336 1842.28597 1694.88291  8.00%  64.6 6496s
 599508 247522 1824.22944   66  112 1842.28597 1694.89370  8.00%  64.5 6501s
 599886 247705 1721.82410   49  335 1842.28597 1694.89758  8.00%  64.5 6505s
 600671 248025 1829.86280   64  109 1842.28597 1694.90515  8.00%  64.5 6511s
 601285 248210 1789.24235   61  230 1842.28597 1694.91676  8.00%  64.5 6516s
 601350 248410 1696.48810   63  298 1842.28597 1694.91862  8.00%  64.5 6521s
 601967 248720 1715.36486   70  215 1842.28597 1694.92743  8.00%  64.5 6525s
 602928 248930 1697.18510   74  250 1842.28597 1694.94791  8.00%  64.4 6531s
 603698 249121 1829.29091   70  197 1842.28597 1694.95888  8.00%  64.4 6536s
 604348 249609 infeasible   71      1842.28597 1694.97684  8.00%  64.4 6554s
 605272 249624 1836.83608   74  161 1842.28597 1694.98712  8.00%  64.3 6557s
 605732 250021 1698.29585   73  536 1842.28597 1694.99485  8.00%  64.3 6561s
 606466 250252 1732.87767   68  183 1842.28597 1695.00856  7.99%  64.3 6566s
 607068 250544 1695.05574   59  226 1842.28597 1695.01753  7.99%  64.3 6571s
 607836 250846     cutoff   77      1842.28597 1695.03543  7.99%  64.3 6575s
 608768 251259 1805.18722   65  134 1842.28597 1695.05024  7.99%  64.2 6580s
 609916 251481 1835.00591   86   17 1842.28597 1695.06953  7.99%  64.2 6585s
 610416 251748 1793.09102   72  169 1842.28597 1695.08106  7.99%  64.1 6590s
 611557 252091 1784.95157   53  299 1842.28597 1695.09678  7.99%  64.1 6596s
 612051 252333 1834.48529   87   31 1842.28597 1695.10071  7.99%  64.1 6600s
 613491 252844     cutoff   79      1842.28597 1695.12601  7.99%  64.0 6607s
 614052 253084 1759.34447   47  367 1842.28597 1695.13480  7.99%  64.0 6612s
 614410 253193 1716.91745   46  222 1842.28597 1695.14489  7.99%  64.0 6616s
 614586 253235 1815.27601   49  227 1842.28597 1695.14489  7.99%  64.0 6632s
 614720 254097 1815.35649   50  103 1842.28597 1695.15038  7.99%  64.0 6648s
 617055 254102 1770.52507   61  203 1842.28597 1695.20780  7.98%  64.0 6650s
 617207 254314 1829.24915   59  161 1842.28597 1695.21396  7.98%  64.0 6656s
 618047 254441 infeasible   45      1842.28597 1695.22492  7.98%  64.0 6663s
 618069 254623 1749.24914   48  231 1842.28597 1695.22492  7.98%  64.0 6665s
 618977 254880     cutoff   59      1842.28597 1695.25994  7.98%  64.0 6671s
 619880 255294 infeasible   60      1842.28597 1695.27851  7.98%  64.0 6678s
 620390 255481 1781.28235   70  214 1842.28597 1695.29253  7.98%  63.9 6681s
 621501 255730 1786.82502   59  251 1842.28597 1695.30846  7.98%  63.9 6686s
 621566 255954 1829.98987   79   11 1842.28597 1695.30846  7.98%  63.9 6690s
 622675 256251 infeasible   54      1842.28597 1695.31654  7.98%  63.9 6695s
 623501 256734 1783.96451   63  225 1842.28597 1695.33231  7.98%  63.8 6702s
 623893 256758 1795.88273   71  113 1842.28597 1695.33231  7.98%  63.8 6706s
 624629 257103 1696.21018   45  232 1842.28597 1695.36989  7.97%  63.8 6712s
 625086 257198 1821.67403   53  173 1842.28597 1695.37537  7.97%  63.8 6727s
 625310 258012 1795.45495   66  125 1842.28597 1695.37672  7.97%  63.8 6734s
 627377 258030 1810.88937   63    5 1842.28597 1695.41116  7.97%  63.7 6736s
 628027 258394 1831.40983   54  179 1842.28597 1695.43126  7.97%  63.7 6740s
 628913 258680 1801.66090   56  297 1842.28597 1695.44717  7.97%  63.7 6745s
 629265 258861 1695.99862   50  277 1842.28597 1695.45376  7.97%  63.7 6751s
 630162 259038     cutoff   75      1842.28597 1695.46700  7.97%  63.6 6757s
 630200 259183     cutoff   63      1842.28597 1695.47339  7.97%  63.6 6760s
 631131 259313     cutoff   69      1842.28597 1695.49463  7.97%  63.6 6765s
 631501 259539 infeasible   51      1842.28597 1695.50208  7.97%  63.6 6770s
 632405 259946 1744.76881   62  185 1842.28597 1695.52167  7.97%  63.6 6777s
 632995 260219 1820.65595   56   82 1842.28597 1695.53384  7.97%  63.6 6781s
 634129 260434     cutoff   74      1842.28597 1695.55274  7.96%  63.5 6785s
 634719 260823 1753.88152   67  247 1842.28597 1695.55911  7.96%  63.5 6790s
 635313 261016     cutoff   56      1842.28597 1695.57086  7.96%  63.5 6807s
 635878 261101 infeasible   77      1842.28597 1695.58236  7.96%  63.5 6810s
 636948 261426 1781.20059   76  224 1842.28597 1695.60095  7.96%  63.4 6817s
 637008 261650 1749.74212   76  253 1842.28597 1695.60158  7.96%  63.4 6821s
 638122 261940 1787.58865   57   34 1842.28597 1695.62437  7.96%  63.4 6825s
 638842 262370 1698.30225   52  131 1842.28597 1695.63706  7.96%  63.4 6830s
 639561 262678 1826.94508   65  104 1842.28597 1695.64651  7.96%  63.3 6836s
 640984 262966 infeasible   72      1842.28597 1695.66797  7.96%  63.3 6841s
 641529 263198 1713.33192   62  214 1842.28597 1695.68691  7.96%  63.2 6845s
 642410 263629 1794.85661   63  162 1842.28597 1695.70674  7.96%  63.2 6850s
 643296 263809 1786.83655   69  110 1842.28597 1695.72851  7.96%  63.1 6856s
 644140 264383 1834.22746   73  351 1842.28597 1695.74348  7.95%  63.1 6861s
 645052 264589 1695.75205   66  234 1842.28597 1695.75205  7.95%  63.0 6865s
 646004 264846 1810.39565   73   96 1842.28597 1695.77714  7.95%  63.0 6883s
 646201 265214 1793.39775   55  181 1842.28597 1695.78180  7.95%  63.0 6891s
 647374 265234 1813.62420   73  214 1842.28597 1695.80567  7.95%  63.0 6897s
 647440 265537     cutoff   78      1842.28597 1695.80823  7.95%  63.0 6901s
 648417 265944 infeasible   57      1842.28597 1695.81876  7.95%  62.9 6908s
 649248 265955 1695.86956   64  205 1842.28597 1695.85146  7.95%  62.9 6912s
 649352 266169 1768.13585   75   79 1842.28597 1695.85305  7.95%  62.9 6915s
 650661 266478 1811.74843   54  163 1842.28597 1695.87941  7.95%  62.9 6920s
 651469 266787     cutoff   67      1842.28597 1695.90976  7.95%  62.9 6927s
 651845 266964     cutoff   65      1842.28597 1695.91401  7.95%  62.8 6931s
 652111 267197     cutoff   59      1842.28597 1695.92492  7.94%  62.8 6935s
 652722 267258 1815.26816   60  137 1842.28597 1695.92896  7.94%  62.8 6942s
 653385 267706     cutoff   55      1842.28597 1695.94109  7.94%  62.8 6947s
 654025 267889 1704.03947   60  105 1842.28597 1695.95867  7.94%  62.8 6951s
 654658 268031 1840.13446   61  781 1842.28597 1695.96682  7.94%  62.8 6955s
 655242 268371 1750.36092   51  187 1842.28597 1695.98642  7.94%  62.8 6960s
 655988 268398 infeasible   36      1842.28597 1695.99732  7.94%  62.7 6965s
 656747 268751     cutoff   60      1842.28597 1696.01553  7.94%  62.7 6983s
 656981 269232 1774.61629   59  781 1842.28597 1696.01814  7.94%  62.7 6990s
 658542 269538 1802.67038   51  188 1842.28597 1696.04341  7.94%  62.7 6997s
 659456 269754 1739.86827   59  307 1842.28597 1696.06187  7.94%  62.6 7002s
 659923 269780 infeasible   53      1842.28597 1696.06539  7.94%  62.6 7006s
 660112 269834 1696.73761   53  227 1842.28597 1696.06642  7.94%  62.6 7010s
 660564 269995     cutoff   36      1842.28597 1696.07993  7.94%  62.7 7016s
 661185 270307 1802.97098   68    5 1842.28597 1696.08976  7.94%  62.6 7021s
 661784 270391 1813.55649   67  186 1842.28597 1696.10537  7.93%  62.7 7030s
 662241 270751     cutoff   55      1842.28597 1696.11497  7.93%  62.7 7036s
 662650 270933 1710.82808   68  129 1842.28597 1696.11952  7.93%  62.7 7041s
 663228 271140 1828.34191   55  194 1842.28597 1696.13187  7.93%  62.7 7046s
 664039 271416 1753.56818   60  263 1842.28597 1696.15122  7.93%  62.8 7052s
 664442 271645 1757.03800   67  292 1842.28597 1696.16164  7.93%  62.7 7055s
 665048 271935 1800.79852   47  246 1842.28597 1696.18147  7.93%  62.7 7061s
 666361 272180 infeasible   63      1842.28597 1696.20364  7.93%  62.7 7067s
 666379 272241 1773.78573   68  119 1842.28597 1696.20364  7.93%  62.7 7070s
 666660 272243     cutoff   62      1842.28597 1696.20882  7.93%  62.7 7076s
 666847 272503 1792.57235   78  217 1842.28597 1696.21860  7.93%  62.7 7082s
 667456 272767 1696.25820   53  270 1842.28597 1696.22468  7.93%  62.7 7099s
 668038 272813 1791.81909   70  127 1842.28597 1696.23065  7.93%  62.7 7104s
 668137 273183 1795.06170   56  139 1842.28597 1696.23065  7.93%  62.7 7109s
 669077 273325 1742.92157   81  286 1842.28597 1696.24511  7.93%  62.7 7112s
 669472 273328     cutoff   65      1842.28597 1696.25094  7.93%  62.7 7116s
 670136 273586 infeasible   67      1842.28597 1696.26560  7.93%  62.7 7123s
 670198 273818 1696.48898   57  233 1842.28597 1696.27177  7.93%  62.7 7126s
 671147 274072 1825.67227   61   55 1842.28597 1696.28330  7.93%  62.6 7130s
 671597 274461 1793.16799   63  122 1842.28597 1696.30266  7.92%  62.7 7136s
 672817 274612 1768.40403   74  555 1842.28597 1696.32071  7.92%  62.6 7144s
 672902 274827 1786.09024   75  360 1842.28597 1696.32451  7.92%  62.6 7147s
 673921 274984 1793.36433   76  146 1842.28597 1696.34325  7.92%  62.6 7152s
 674050 275172 1792.26806   81   88 1842.28597 1696.34763  7.92%  62.6 7155s
 674480 275223 1806.10158   59  247 1842.28597 1696.35199  7.92%  62.6 7160s
 675086 275504 infeasible   62      1842.28597 1696.36325  7.92%  62.6 7165s
 675828 275788     cutoff   65      1842.28597 1696.37930  7.92%  62.6 7171s
 676424 275935     cutoff   66      1842.28597 1696.39284  7.92%  62.6 7176s
 676992 276389 1841.21121   77  235 1842.28597 1696.39656  7.92%  62.6 7181s
 677517 276718 infeasible   70      1842.28597 1696.41024  7.92%  62.6 7187s
 678264 276810     cutoff   56      1842.28597 1696.42973  7.92%  62.5 7203s
 678574 277131 1697.71373   54  232 1842.28597 1696.43698  7.92%  62.5 7208s
 679489 277150 1805.30661   52  236 1842.28597 1696.45398  7.92%  62.5 7214s
 679534 277423 infeasible   52      1842.28597 1696.45606  7.92%  62.5 7218s
 680275 277472 infeasible   57      1842.28597 1696.47736  7.91%  62.5 7222s
 680433 277755 1785.54582   62  172 1842.28597 1696.48364  7.91%  62.5 7226s
 681523 278108 1696.50156   53  223 1842.28597 1696.49205  7.91%  62.5 7234s
 682210 278113 1762.66542   63  304 1842.28597 1696.49863  7.91%  62.4 7236s
 682366 278421 1833.24656   65  115 1842.28597 1696.50156  7.91%  62.4 7243s
 682977 278451 1742.44096   67   63 1842.28597 1696.50156  7.91%  62.4 7245s
 683796 278910     cutoff   70      1842.28597 1696.55689  7.91%  62.4 7250s
 684526 279139     cutoff   60      1842.28597 1696.57340  7.91%  62.4 7255s
 685032 279269 1754.83800   75  687 1842.28597 1696.58426  7.91%  62.4 7262s
 685433 279324     cutoff   81      1842.28597 1696.58888  7.91%  62.4 7265s
 686135 279716 infeasible   63      1842.28597 1696.60754  7.91%  62.4 7270s
 686588 279883 1823.41637   74   60 1842.28597 1696.61432  7.91%  62.4 7276s
 687219 280064 1771.07908   66  179 1842.28597 1696.63148  7.91%  62.4 7281s
 687879 280175     cutoff   76      1842.28597 1696.64287  7.91%  62.5 7287s
 687941 280439 1788.97205   62  120 1842.28597 1696.64459  7.91%  62.5 7290s
 688704 280606 1752.24790   69  131 1842.28597 1696.64786  7.91%  62.4 7306s
 689126 280829 1700.15079   55  239 1842.28597 1696.65412  7.90%  62.4 7310s
 690492 281142 1785.04566   50  229 1842.28597 1696.68045  7.90%  62.4 7316s
 691143 281425 infeasible   79      1842.28597 1696.69139  7.90%  62.4 7322s
 691369 281631 infeasible   68      1842.28597 1696.69697  7.90%  62.4 7325s
 692209 281981 1730.09101   52  148 1842.28597 1696.71726  7.90%  62.4 7331s
 692880 282091     cutoff   67      1842.28597 1696.72906  7.90%  62.3 7335s
 693377 282344     cutoff   56      1842.28597 1696.74431  7.90%  62.3 7341s
 693932 282475 1728.26594   57  106 1842.28597 1696.75467  7.90%  62.3 7347s
 694268 282498 1795.64769   66  143 1842.28597 1696.76996  7.90%  62.3 7355s
 695435 283188 infeasible   67      1842.28597 1696.78397  7.90%  62.3 7362s
 696240 283199 infeasible   71      1842.28597 1696.81203  7.90%  62.3 7365s
 696683 283507 infeasible   86      1842.28597 1696.82374  7.90%  62.3 7371s
 697146 283589 1733.84608   64  202 1842.28597 1696.83125  7.90%  62.3 7375s
 697853 283965 infeasible   59      1842.28597 1696.85925  7.89%  62.3 7380s
 698689 284335 1723.25990   64  119 1842.28597 1696.88086  7.89%  62.2 7385s
 699429 284528     cutoff   84      1842.28597 1696.89452  7.89%  62.2 7400s
 700143 284948 1788.65373   41  115 1842.28597 1696.90481  7.89%  62.2 7406s
 701108 285214 1753.71479   64  210 1842.28597 1696.93528  7.89%  62.2 7412s
 701895 285260 infeasible   55      1842.28597 1696.94483  7.89%  62.2 7415s
 702241 285533     cutoff   72      1842.28597 1696.95861  7.89%  62.2 7421s
 703173 285984 infeasible   50      1842.28597 1696.97324  7.89%  62.2 7427s
 703880 285990 1737.15359   67  137 1842.28597 1696.98387  7.89%  62.1 7430s
 704529 286270 1793.78881   44   64 1842.28597 1696.98971  7.89%  62.1 7436s
 705333 286764 1701.01780   56  441 1842.28597 1697.00323  7.89%  62.1 7441s
 705851 286788 infeasible   50      1842.28597 1697.00990  7.89%  62.1 7445s
 706509 287072 1748.18141   46  316 1842.28597 1697.03501  7.88%  62.1 7450s
 707719 287501 infeasible   77      1842.28597 1697.06238  7.88%  62.0 7456s
 708297 287717 1824.96902   70  172 1842.28597 1697.07913  7.88%  62.0 7461s
 708917 288108 1804.91215   73  301 1842.28597 1697.09388  7.88%  62.0 7467s
 709470 288357     cutoff   67      1842.28597 1697.10348  7.88%  62.0 7471s
 710153 288444 1818.97842   45  147 1842.28597 1697.12137  7.88%  62.0 7487s
 710452 288568 1821.23894   71  161 1842.28597 1697.12137  7.88%  62.0 7491s
 710832 288917 1797.11417   55    8 1842.28597 1697.14027  7.88%  62.0 7499s
 711727 288979 1835.68810   87  142 1842.28597 1697.15564  7.88%  62.0 7503s
 711861 289386 1814.87235   47  820 1842.28597 1697.15764  7.88%  62.0 7508s
 712962 289407 infeasible   51      1842.28597 1697.17719  7.88%  61.9 7511s
 714030 289925 1831.56085   56  207 1842.28597 1697.19705  7.88%  61.9 7516s
 714757 290189 1833.01899   81  111 1842.28597 1697.20952  7.87%  61.9 7520s
 715310 290360 1792.56747   65  185 1842.28597 1697.22190  7.87%  61.9 7527s
 715777 290365 infeasible   42      1842.28597 1697.25741  7.87%  61.9 7532s
 715815 290653 1711.33287   69  108 1842.28597 1697.25918  7.87%  61.9 7535s
 717022 290799 1790.20573   70  106 1842.28597 1697.27827  7.87%  61.9 7544s
 717086 291040 infeasible   62      1842.28597 1697.28522  7.87%  61.9 7547s
 717660 291267 1737.12919   75  192 1842.28597 1697.29216  7.87%  61.9 7550s
 718359 291538 1829.81978   68  142 1842.28597 1697.30328  7.87%  61.9 7555s
 719071 291822 1750.51212   69  282 1842.28597 1697.31477  7.87%  61.8 7561s
 719801 292116 1793.58041   59  130 1842.28597 1697.33035  7.87%  61.8 7566s
 720571 292292 1748.30923   69  559 1842.28597 1697.34680  7.87%  61.8 7582s
 721126 292300 1757.27513   62  233 1842.28597 1697.35729  7.87%  61.8 7586s
 721172 292502 infeasible   67      1842.28597 1697.35729  7.87%  61.8 7590s
 722146 292832 infeasible   72      1842.28597 1697.38729  7.87%  61.8 7596s
 722910 293080     cutoff   55      1842.28597 1697.39241  7.86%  61.8 7602s
 723506 293288 infeasible   50      1842.28597 1697.39390  7.86%  61.8 7605s
 724225 293361 1757.66788   45   58 1842.28597 1697.41465  7.86%  61.8 7610s
 724828 293630 1837.38218   52  170 1842.28597 1697.43634  7.86%  61.7 7617s
 725493 293837 infeasible   64      1842.28597 1697.44997  7.86%  61.7 7622s
 726411 294047 1827.56370   71   93 1842.28597 1697.46716  7.86%  61.7 7627s
 726604 294339 1699.00959   76  273 1842.28597 1697.47438  7.86%  61.7 7630s
 727796 294559 1752.45696   67  285 1842.28597 1697.48877  7.86%  61.7 7635s
 728732 294782 1810.69616   68  186 1842.28597 1697.51077  7.86%  61.7 7640s
 729305 294987     cutoff   69      1842.28597 1697.51414  7.86%  61.7 7647s
 729870 295277 1725.05327   75  226 1842.28597 1697.54572  7.86%  61.7 7652s
 730687 295498 infeasible   68      1842.28597 1697.57120  7.86%  61.7 7659s
 730765 295720 1724.98702   71   98 1842.28597 1697.57488  7.85%  61.7 7663s
 731341 296111 infeasible   88      1842.28597 1697.57854  7.85%  61.7 7681s
 732386 296271 1823.66925   70  185 1842.28597 1697.61340  7.85%  61.6 7687s
 732838 296357 1829.49820   71  163 1842.28597 1697.61973  7.85%  61.6 7690s
 733131 296530     cutoff   67      1842.28597 1697.62903  7.85%  61.6 7695s
 733665 296669 1698.81340   51  260 1842.28597 1697.64271  7.85%  61.6 7701s
 734491 296936     cutoff   57      1842.28597 1697.65801  7.85%  61.6 7707s
 734786 296994 1790.71992   76  218 1842.28597 1697.67022  7.85%  61.6 7710s
 735374 297131     cutoff   63      1842.28597 1697.68688  7.85%  61.6 7717s
 735658 297150 1698.11046   61  264 1842.28597 1697.69062  7.85%  61.6 7722s
 735786 297379 1698.11046   62  264 1842.28597 1697.69310  7.85%  61.6 7726s
 736368 297648 1812.97375   71  318 1842.28597 1697.69738  7.85%  61.6 7730s
 737345 298049 1807.52833   55  188 1842.28597 1697.72742  7.85%  61.6 7736s
 738247 298172 1751.35010   58  352 1842.28597 1697.74294  7.85%  61.6 7742s
 738679 298279 1707.63860   52  345 1842.28597 1697.76729  7.84%  61.6 7745s
 739163 298372 1810.63708   65  123 1842.28597 1697.78502  7.84%  61.6 7751s
 739702 298547 infeasible   46      1842.28597 1697.79106  7.84%  61.6 7757s
 739793 298734 1751.04382   58  240 1842.28597 1697.80253  7.84%  61.6 7760s
 740382 298861 infeasible   55      1842.28597 1697.81429  7.84%  61.6 7767s
 740626 298871 1789.79071   71  110 1842.28597 1697.81766  7.84%  61.6 7771s
 741003 299201 1718.83971   56  196 1842.28597 1697.82215  7.84%  61.6 7777s
 741499 299299 1729.79337   67  134 1842.28597 1697.83963  7.84%  61.6 7780s
 741833 299694 1819.92796  100  182 1842.28597 1697.85096  7.84%  61.6 7800s
 742743 299701 1837.94525   73   32 1842.28597 1697.86831  7.84%  61.5 7807s
 743034 299905 infeasible   86      1842.28597 1697.87066  7.84%  61.5 7812s
 743403 299937 1717.96709   75  189 1842.28597 1697.87481  7.84%  61.6 7816s
 744033 300153 1831.83322   65  131 1842.28597 1697.90555  7.84%  61.5 7822s
 744241 300371 1750.20484   57  318 1842.28597 1697.90572  7.84%  61.5 7826s
 745275 300571 1795.35044   62  205 1842.28597 1697.93016  7.84%  61.5 7832s
 745399 300740 1812.74423   80  322 1842.28597 1697.93363  7.84%  61.5 7835s
 745959 300824 1699.32380   69  272 1842.28597 1697.94956  7.83%  61.6 7841s
 746115 301069 1783.14800   49  187 1842.28597 1697.95042  7.83%  61.6 7845s
 746849 301285 1743.37480   73   43 1842.28597 1697.96073  7.83%  61.5 7851s
 748016 301528 infeasible   73      1842.28597 1697.98383  7.83%  61.5 7858s
 748089 301716 1830.44597   54  173 1842.28597 1697.98538  7.83%  61.5 7860s
 749218 301928     cutoff   83      1842.28597 1698.02083  7.83%  61.5 7867s
 749340 302087 1734.39657   63  216 1842.28597 1698.02783  7.83%  61.5 7870s
 750285 302214 infeasible   66      1842.28597 1698.04658  7.83%  61.5 7879s
 750334 302316 1699.54553   45  564 1842.28597 1698.05688  7.83%  61.5 7882s
 750687 302395 1700.40769   69  157 1842.28597 1698.06192  7.83%  61.5 7885s
 750919 302559 1790.04983   53  111 1842.28597 1698.06732  7.83%  61.5 7892s
 751347 302641 1791.96961   69  391 1842.28597 1698.07561  7.83%  61.5 7895s
 751621 302648 infeasible   64      1842.28597 1698.07967  7.83%  61.5 7900s
 752140 302839 1699.73236   63  214 1842.28597 1698.09243  7.83%  61.5 7922s
 752360 303457 1799.23071   72  201 1842.28597 1698.09870  7.83%  61.5 7934s
 754256 303490 infeasible   69      1842.28597 1698.14482  7.82%  61.5 7943s
 754354 303607 infeasible   61      1842.28597 1698.14542  7.82%  61.5 7947s
 754702 303727 1814.11374   62  538 1842.28597 1698.16612  7.82%  61.5 7950s
 755602 303962 1744.48194   76  190 1842.28597 1698.17260  7.82%  61.5 7958s
 755762 304089 1744.90776   79   69 1842.28597 1698.18278  7.82%  61.5 7961s
 756639 304363 1795.47136   63  156 1842.28597 1698.21107  7.82%  61.5 7966s
 757293 304511 1801.99261   74  192 1842.28597 1698.23363  7.82%  61.5 7972s
 757432 304709 1721.17883   52  623 1842.28597 1698.23363  7.82%  61.5 7975s
 758061 305015 1742.73768   54  763 1842.28597 1698.26187  7.82%  61.5 7980s
 758834 305026 infeasible   85      1842.28597 1698.27786  7.82%  61.5 7985s
 759548 305450 infeasible   73      1842.28597 1698.29422  7.82%  61.5 7990s
 760309 305590     cutoff   62      1842.28597 1698.30888  7.82%  61.5 7995s
 761271 306000 1703.33579   54  234 1842.28597 1698.33241  7.81%  61.4 8001s
 761850 306214 1699.01194   57  219 1842.28597 1698.35536  7.81%  61.4 8006s
 762550 306389 1810.26279   64   69 1842.28597 1698.37280  7.81%  61.4 8022s
 762876 306753 1701.05624   63  222 1842.28597 1698.38162  7.81%  61.4 8027s
 763839 306746 infeasible   65      1842.28597 1698.40325  7.81%  61.4 8030s
 764536 307015 1836.33990   76  161 1842.28597 1698.42577  7.81%  61.4 8035s
 765085 307182 1777.22092   54  342 1842.28597 1698.44323  7.81%  61.4 8042s
 765099 307188 1780.77047   55  477 1842.28597 1698.44620  7.81%  61.4 8046s
 765517 307352 1778.45782   56  238 1842.28597 1698.45139  7.81%  61.4 8051s
 766140 307577 infeasible   45      1842.28597 1698.46641  7.81%  61.4 8057s
 766227 307773 1751.48980   71  195 1842.28597 1698.47240  7.81%  61.4 8061s
 766807 307817 1836.92069   71  276 1842.28597 1698.47829  7.81%  61.4 8066s
 766841 307835 1730.44134   52  106 1842.28597 1698.48960  7.81%  61.4 8072s
 766881 307895 1699.32967   69  208 1842.28597 1698.48960  7.81%  61.4 8075s
 767697 308186     cutoff   59      1842.28597 1698.51554  7.80%  61.4 8082s
 767789 308328     cutoff   58      1842.28597 1698.52258  7.80%  61.4 8085s
 768226 308597     cutoff   83      1842.28597 1698.52985  7.80%  61.4 8092s
 768927 308699 infeasible   79      1842.28597 1698.53710  7.80%  61.4 8095s
 769971 308936 infeasible   48      1842.28597 1698.59010  7.80%  61.4 8102s
 770043 309126 1698.83276   63  223 1842.28597 1698.59460  7.80%  61.4 8105s
 771171 309335 infeasible   64      1842.28597 1698.61762  7.80%  61.4 8113s
 771272 309622 1776.42108   51  237 1842.28597 1698.62601  7.80%  61.4 8116s
 772603 309793     cutoff   55      1842.28597 1698.66268  7.80%  61.4 8122s
 772655 309935 1756.25188   62  565 1842.28597 1698.66268  7.80%  61.4 8125s
 773197 310008 1744.56850   64  346 1842.28597 1698.66939  7.80%  61.4 8138s
 773394 310208     cutoff   56      1842.28597 1698.66939  7.80%  61.4 8144s
 774016 310664     cutoff   87      1842.28597 1698.68464  7.79%  61.4 8150s
 775381 310753     cutoff   84      1842.28597 1698.71688  7.79%  61.4 8155s
 776196 310992 1765.93427   72  221 1842.28597 1698.74182  7.79%  61.4 8160s
 777199 311475 1789.62268   63  187 1842.28597 1698.77136  7.79%  61.3 8165s
 777803 311771     cutoff   76      1842.28597 1698.79103  7.79%  61.3 8170s
 779208 311985 infeasible   67      1842.28597 1698.82414  7.79%  61.3 8177s
 779860 312158 1748.67159   67  348 1842.28597 1698.83920  7.79%  61.3 8181s
 780602 312470     cutoff   60      1842.28597 1698.86567  7.78%  61.3 8186s
 781076 312528 1698.88213   55  258 1842.28597 1698.88213  7.78%  61.3 8190s
 781678 312689 1809.57092   77  148 1842.28597 1698.89836  7.78%  61.3 8195s
 782758 313097     cutoff   73      1842.28597 1698.92944  7.78%  61.3 8202s
 783297 313460 1772.59449   60  238 1842.28597 1698.95110  7.78%  61.3 8206s
 783890 313505 1829.85108   67  192 1842.28597 1698.95804  7.78%  61.3 8221s
 784154 313908 1833.26574   63  318 1842.28597 1698.96471  7.78%  61.3 8227s
 785632 314069 1750.86184   58  228 1842.28597 1698.99132  7.78%  61.2 8232s
 786286 314217 infeasible   72      1842.28597 1699.02919  7.78%  61.3 8236s
 786841 314359 1726.25602   66   83 1842.28597 1699.05089  7.77%  61.3 8242s
 787268 314390 1779.46016   64  103 1842.28597 1699.06626  7.77%  61.3 8247s
 787419 314611 1792.30636   46  238 1842.28597 1699.07166  7.77%  61.3 8250s
 788619 314791 infeasible   58      1842.28597 1699.09886  7.77%  61.3 8255s
 789481 315106 1748.42303   76   11 1842.28597 1699.12481  7.77%  61.3 8261s
 790220 315248 1719.91137   65  207 1842.28597 1699.17246  7.77%  61.2 8266s
 791114 315510 infeasible   53      1842.28597 1699.18471  7.77%  61.2 8272s
 791664 315750     cutoff   66      1842.28597 1699.21272  7.77%  61.2 8277s
 792026 315823 infeasible   68      1842.28597 1699.21998  7.77%  61.2 8280s
 792506 315853 1818.18775   42   64 1842.28597 1699.25573  7.76%  61.2 8285s
 793141 316187 infeasible   50      1842.28597 1699.26790  7.76%  61.2 8290s
 793907 316337 1700.73841   69  269 1842.28597 1699.29211  7.76%  61.3 8297s
 793972 316437 1820.74746   71  136 1842.28597 1699.29211  7.76%  61.3 8300s
 794394 316532 1743.50155   60  318 1842.28597 1699.30052  7.76%  61.3 8314s
 794816 316595 1812.27178   60  100 1842.28597 1699.32095  7.76%  61.3 8318s
 795011 316675 1722.53729   68  640 1842.28597 1699.32963  7.76%  61.3 8322s
 795372 316690 infeasible   78      1842.28597 1699.33206  7.76%  61.3 8326s
 795642 317086 1822.29366   71  195 1842.28597 1699.34707  7.76%  61.3 8332s
 796909 317120 infeasible   51      1842.28597 1699.39239  7.76%  61.3 8335s
 797806 317447 1826.19194   58  583 1842.28597 1699.43373  7.75%  61.3 8342s
 798377 317452     cutoff   91      1842.28597 1699.44471  7.75%  61.3 8345s
 799183 317714 1791.81561   49  158 1842.28597 1699.46822  7.75%  61.2 8353s
 799216 317839 1827.41712   53  239 1842.28597 1699.47411  7.75%  61.2 8356s
 799713 317845 infeasible   66      1842.28597 1699.48696  7.75%  61.2 8361s
 800329 318189 infeasible   74      1842.28597 1699.52253  7.75%  61.2 8368s
 800923 318209 1816.55309   63  206 1842.28597 1699.53209  7.75%  61.2 8370s
 801314 318393     cutoff   71      1842.28597 1699.57056  7.75%  61.3 8376s
 801618 318586 1776.36848   80  215 1842.28597 1699.58485  7.75%  61.3 8383s
 802210 318752 1739.79712   53  345 1842.28597 1699.59608  7.75%  61.3 8385s
 802760 318997 1811.60619   57  632 1842.28597 1699.62666  7.74%  61.3 8391s
 803415 319050 1790.65037   73  127 1842.28597 1699.63719  7.74%  61.3 8397s
 803598 319201 1790.65037   74  127 1842.28597 1699.63719  7.74%  61.3 8400s
 804167 319332 1699.76289   67  775 1842.28597 1699.67582  7.74%  61.3 8405s
 804600 319616 1753.60504   51   54 1842.28597 1699.68165  7.74%  61.3 8423s
 805456 319679 1747.25520   64  410 1842.28597 1699.71555  7.74%  61.3 8426s
 806073 319874 1812.80546   83  310 1842.28597 1699.73388  7.74%  61.3 8432s
 806433 320012 1791.41376   55  123 1842.28597 1699.74064  7.74%  61.3 8435s
 807576 320446 1711.95624   52   83 1842.28597 1699.77775  7.74%  61.3 8443s
 808311 320566     cutoff   62      1842.28597 1699.81292  7.73%  61.2 8445s
 808839 320683 infeasible   67      1842.28597 1699.82962  7.73%  61.2 8451s
 809644 320934 infeasible   59      1842.28597 1699.87600  7.73%  61.3 8455s
 810297 321210 1704.40632   52  268 1842.28597 1699.88891  7.73%  61.3 8462s
 811308 321402 1708.41807   42  173 1842.28597 1699.91936  7.73%  61.3 8467s
 812007 321665 1750.28267   55  380 1842.28597 1699.96338  7.73%  61.2 8472s
 812492 321657 infeasible   71      1842.28597 1699.96535  7.73%  61.2 8475s
 812967 321841 1765.52612   54  418 1842.28597 1699.99378  7.72%  61.3 8480s
 814091 322198 infeasible   67      1842.28597 1700.04351  7.72%  61.2 8487s
 814444 322252 1797.89393   55  202 1842.28597 1700.06628  7.72%  61.2 8490s
 815266 322396     cutoff   70      1842.28597 1700.09827  7.72%  61.2 8507s
 815352 323215 1823.45912   70  109 1842.28597 1700.10209  7.72%  61.2 8528s
 819074 323220 1751.51201   67  334 1842.28597 1700.23839  7.71%  61.2 8532s
 819095 323224 1751.51201   68  331 1842.28597 1700.23949  7.71%  61.2 8536s
 819132 323233 1754.23360   70  345 1842.28597 1700.23949  7.71%  61.2 8541s
 819686 323391 infeasible   62      1842.28597 1700.26265  7.71%  61.2 8546s
 820444 323570     cutoff   65      1842.28597 1700.30027  7.71%  61.1 8551s
 821091 323730 1700.64673   60  603 1842.28597 1700.32848  7.71%  61.2 8557s
 821178 323841 infeasible   61      1842.28597 1700.32848  7.71%  61.2 8560s
 822024 324086 1792.31550   71  147 1842.28597 1700.38397  7.70%  61.2 8566s
 822555 324226 1731.52750   49   95 1842.28597 1700.39629  7.70%  61.2 8571s
 823006 324236     cutoff   49      1842.28597 1700.43005  7.70%  61.2 8576s
 823700 324520 infeasible   72      1842.28597 1700.45770  7.70%  61.2 8582s
 823911 324627 1740.44221   67  766 1842.28597 1700.47733  7.70%  61.2 8585s
 824307 324779 1794.78275   49   67 1842.28597 1700.49074  7.70%  61.2 8590s
 825076 324846 1700.51550   69  244 1842.28597 1700.51550  7.70%  61.2 8595s
 825423 324972 1746.62194   70  267 1842.28597 1700.53841  7.69%  61.2 8603s
 825945 324998 infeasible   65      1842.28597 1700.58284  7.69%  61.2 8619s
 826084 325495 infeasible   57      1842.28597 1700.58284  7.69%  61.2 8630s
 828296 325545     cutoff   68      1842.28597 1700.69199  7.69%  61.1 8635s
 829052 325963 1700.73201   57   13 1842.28597 1700.73196  7.68%  61.1 8641s
 829719 326198 1700.75002   56  217 1842.28597 1700.75002  7.68%  61.1 8647s
 830636 326311 1747.55051   79  285 1842.28597 1700.79944  7.68%  61.1 8651s
 830700 326346 1832.15165  106   73 1842.28597 1700.80074  7.68%  61.1 8656s
 830756 326357 1815.88717   73  148 1842.28597 1700.81111  7.68%  61.1 8661s
 830810 326414 1824.37716   54  178 1842.28597 1700.82283  7.68%  61.1 8667s
 831088 326586 1711.22935   54  631 1842.28597 1700.84180  7.68%  61.1 8671s
 831702 326596 1764.51263   64   67 1842.28597 1700.85629  7.68%  61.1 8675s
 831955 326738 1795.35712   50    5 1842.28597 1700.88147  7.68%  61.1 8681s
 832487 326817 1750.10669   67  527 1842.28597 1700.92039  7.67%  61.1 8686s
 833073 327118 1702.85053   61  295 1842.28597 1700.95548  7.67%  61.1 8691s
 833597 327115 1701.18651   57  218 1842.28597 1700.96946  7.67%  61.1 8697s
 833658 327293 1798.59163   56  336 1842.28597 1700.97075  7.67%  61.1 8700s
 834416 327463 1705.60229   52  270 1842.28597 1701.02599  7.67%  61.1 8706s
 834676 327468 1808.04910   65  329 1842.28597 1701.04013  7.67%  61.1 8710s
 834972 327518 1812.61368   68  152 1842.28597 1701.04296  7.67%  61.2 8717s
 835018 327695 1793.32540   52   12 1842.28597 1701.04296  7.67%  61.2 8720s
 835548 327711 1826.36855   60  157 1842.28597 1701.08883  7.66%  61.2 8725s
 836276 327983 infeasible   60      1842.28597 1701.12938  7.66%  61.2 8746s
 836498 328418 infeasible   67      1842.28597 1701.13398  7.66%  61.2 8754s
 837887 328426 1760.27994   67  702 1842.28597 1701.22145  7.66%  61.2 8756s
 838192 328638 infeasible   69      1842.28597 1701.22707  7.66%  61.2 8763s
 838846 328711 1708.30957   68  258 1842.28597 1701.29172  7.65%  61.2 8766s
 839303 328948 1709.49257   58  230 1842.28597 1701.32298  7.65%  61.2 8772s
 839928 329032 1834.65066   66   57 1842.28597 1701.36468  7.65%  61.2 8775s
 840906 329226 1793.14013   79  239 1842.28597 1701.43672  7.65%  61.1 8781s
 841567 329393 1714.39790   42  115 1842.28597 1701.47285  7.64%  61.1 8786s
 841614 329580 1724.52831   51  114 1842.28597 1701.47895  7.64%  61.1 8791s
 842439 329813 1745.88061   53  244 1842.28597 1701.54829  7.64%  61.1 8797s
 843204 329828 1839.77388   51  111 1842.28597 1701.58556  7.64%  61.1 8801s
 843769 330095 1737.20835   75  214 1842.28597 1701.59748  7.64%  61.1 8806s
 844505 330268 1798.83597   59  281 1842.28597 1701.66718  7.63%  61.1 8810s
 845278 330364 1823.74616   85  223 1842.28597 1701.69203  7.63%  61.1 8815s
 845968 330554 infeasible   47      1842.28597 1701.74603  7.63%  61.1 8820s
 846615 330764 infeasible   56      1842.28597 1701.80170  7.63%  61.1 8837s
 847022 330986 1800.54572   79  162 1842.28597 1701.82130  7.62%  61.1 8841s
 847947 331220 1733.70637   45  198 1842.28597 1701.91999  7.62%  61.1 8847s
 849121 331374 infeasible   77      1842.28597 1701.98541  7.62%  61.1 8853s
 849269 331544 1777.75270   41  128 1842.28597 1701.98933  7.62%  61.1 8856s
 849921 331554 infeasible   76      1842.28597 1702.05091  7.61%  61.1 8860s
 850745 331755 1816.62793   66    6 1842.28597 1702.09563  7.61%  61.1 8866s
 851493 332015 infeasible   51      1842.28597 1702.14419  7.61%  61.0 8870s
 852206 332167 infeasible   81      1842.28597 1702.20518  7.60%  61.0 8875s
 853456 332589     cutoff   63      1842.28597 1702.27139  7.60%  61.0 8882s
 853512 332581     cutoff   64      1842.28597 1702.27796  7.60%  61.0 8885s
 853960 332716 1815.37781   61  137 1842.28597 1702.30071  7.60%  61.0 8892s
 854440 332850 1798.07893   66   98 1842.28597 1702.33006  7.60%  61.0 8896s
 855394 333159 infeasible   68      1842.28597 1702.43134  7.59%  61.0 8901s
 856421 333404 infeasible   72      1842.28597 1702.48670  7.59%  61.0 8907s
 857313 333668 1752.68922   57  153 1842.28597 1702.54793  7.59%  60.9 8923s
 857470 334285 1764.22476   61  140 1842.28597 1702.56031  7.58%  60.9 8932s
 859895 334283 infeasible   63      1842.28597 1702.74161  7.57%  60.9 8937s
 859939 334289 1823.86921   63  531 1842.28597 1702.75316  7.57%  60.9 8940s
 860500 334629     cutoff   55      1842.28597 1702.78256  7.57%  60.9 8945s
 861969 334968 1819.63347   53  174 1842.28597 1702.86794  7.57%  60.8 8951s
 863034 335221 infeasible   82      1842.28597 1702.94871  7.56%  60.8 8956s
 863651 335344 1705.47838   45  248 1842.28597 1702.98281  7.56%  60.8 8960s
 864450 335686 1806.73091   60  200 1842.28597 1703.05594  7.56%  60.8 8966s
 865073 335824 1745.00595   60  202 1842.28597 1703.11201  7.55%  60.8 8970s
 865820 336067 1711.29934   55  110 1842.28597 1703.14110  7.55%  60.8 8975s
 867096 336348     cutoff   62      1842.28597 1703.24205  7.55%  60.7 8980s
 867564 336540 infeasible   62      1842.28597 1703.27211  7.55%  60.7 8993s
 868025 336783 1746.91232   63  351 1842.28597 1703.32245  7.54%  60.7 8996s
 868932 336978 1793.52828   57  186 1842.28597 1703.36458  7.54%  60.7 9001s
 869990 337206 infeasible   68      1842.28597 1703.42192  7.54%  60.7 9007s
 870245 337351 1708.91304   49  185 1842.28597 1703.45168  7.54%  60.7 9010s
 871170 337523     cutoff   75      1842.28597 1703.49787  7.53%  60.7 9016s
 872094 337868 infeasible   83      1842.28597 1703.56340  7.53%  60.7 9021s
 873007 338045 infeasible   63      1842.28597 1703.63958  7.53%  60.6 9026s
 873430 338293 1724.31026   65  299 1842.28597 1703.66832  7.52%  60.6 9031s
 873785 338284 1793.50938   56   17 1842.28597 1703.68471  7.52%  60.6 9035s
 874400 338643     cutoff   58      1842.28597 1703.73906  7.52%  60.6 9040s
 875070 338764 1829.64254   73    2 1842.28597 1703.77414  7.52%  60.6 9045s
 875867 338873 1774.09977   80  181 1842.28597 1703.80221  7.52%  60.6 9051s
 876599 339226     cutoff   79      1842.28597 1703.86695  7.51%  60.6 9056s
 877152 339504 1821.79880   59   31 1842.28597 1703.93362  7.51%  60.6 9061s
 877868 339702 1818.79137   75  157 1842.28597 1703.95290  7.51%  60.6 9077s
 878735 339864 1826.90163   53  122 1842.28597 1704.02138  7.51%  60.6 9081s
 879587 339939 infeasible   46      1842.28597 1704.05709  7.50%  60.6 9086s
 879628 339958 infeasible   46      1842.28597 1704.06586  7.50%  60.6 9092s
 879663 339986 infeasible   65      1842.28597 1704.07670  7.50%  60.6 9098s
 879725 340171 infeasible   45      1842.28597 1704.07670  7.50%  60.6 9102s
 880286 340167 infeasible   68      1842.28597 1704.09035  7.50%  60.6 9105s
 880891 340337 1724.37512   79   38 1842.28597 1704.12911  7.50%  60.5 9111s
 881111 340518 infeasible   71      1842.28597 1704.18520  7.50%  60.5 9115s
 882237 340785 infeasible   52      1842.28597 1704.25752  7.49%  60.6 9120s
 882541 340934 1705.51638   45  309 1842.28597 1704.25752  7.49%  60.6 9125s
 883081 340980 1781.83153   48   28 1842.28597 1704.34108  7.49%  60.6 9131s
 883982 341451 infeasible   73      1842.28597 1704.37234  7.49%  60.5 9137s
 884718 341570 infeasible   53      1842.28597 1704.44040  7.48%  60.5 9140s
 885386 341834 1837.38250   51  200 1842.28597 1704.48625  7.48%  60.5 9145s
 886867 342094 infeasible   68      1842.28597 1704.54278  7.48%  60.5 9153s
 886951 342330 1826.59726   59  109 1842.28597 1704.54649  7.48%  60.5 9157s
 887727 342391 1709.70721   56   35 1842.28597 1704.60952  7.47%  60.4 9160s
 888236 342601 infeasible   66      1842.28597 1704.63604  7.47%  60.4 9178s
 888910 342634 1807.05210   72   48 1842.28597 1704.64271  7.47%  60.4 9181s
 889415 342884 1752.41872   77  455 1842.28597 1704.69170  7.47%  60.4 9187s
 890179 343206 1743.55963   74  194 1842.28597 1704.74356  7.47%  60.4 9192s
 891196 343434 1718.80768   54   52 1842.28597 1704.80336  7.46%  60.4 9197s
 891810 343494 1804.98069   60  184 1842.28597 1704.84355  7.46%  60.4 9200s
 892768 343697 infeasible   72      1842.28597 1704.89118  7.46%  60.4 9206s
 893325 344072 1732.61464   46    9 1842.28597 1704.93617  7.46%  60.3 9211s
 894102 344246 1706.57004   64  289 1842.28597 1704.98415  7.45%  60.3 9217s
 894897 344466     cutoff   66      1842.28597 1705.02423  7.45%  60.3 9221s
 895479 344476 infeasible   57      1842.28597 1705.05977  7.45%  60.3 9225s
 896103 344756 1838.40600   52  148 1842.28597 1705.10585  7.45%  60.3 9231s
 896556 344781 1821.07765   59  151 1842.28597 1705.12220  7.45%  60.3 9236s
 896566 344782 1822.08916   61  151 1842.28597 1705.12220  7.45%  60.3 9243s
 896600 344816 1821.78972   61  151 1842.28597 1705.12961  7.44%  60.3 9247s
 896782 345008 1747.95144   52  230 1842.28597 1705.15293  7.44%  60.3 9252s
 897341 345198 infeasible   73      1842.28597 1705.17414  7.44%  60.3 9255s
 898605 345514 1705.25124   60  292 1842.28597 1705.25124  7.44%  60.3 9272s
 898916 345588 1800.98967   65  265 1842.28597 1705.25124  7.44%  60.3 9276s
 899305 345859 1751.28780   67  240 1842.28597 1705.27974  7.44%  60.3 9281s
 900680 346152 1799.90881   73   19 1842.28597 1705.41014  7.43%  60.2 9288s
 901229 346178 1825.41194   45  181 1842.28597 1705.43253  7.43%  60.2 9292s
 901383 346382     cutoff   53      1842.28597 1705.43603  7.43%  60.2 9295s
 902611 346544 infeasible   54      1842.28597 1705.47186  7.43%  60.2 9301s
 903392 346859 1710.40398   49  387 1842.28597 1705.53230  7.42%  60.2 9308s
 903922 346942 1800.35009   70   14 1842.28597 1705.56536  7.42%  60.2 9311s
 905003 347278 1834.40327   75  100 1842.28597 1705.63244  7.42%  60.2 9316s
 905830 347478 1720.26534   64  172 1842.28597 1705.69126  7.41%  60.2 9322s
 906532 347857 1806.29565   80   81 1842.28597 1705.71028  7.41%  60.2 9328s
 907211 347873 1829.51194   64  130 1842.28597 1705.74376  7.41%  60.2 9330s
 907948 348138 1705.81572   71  224 1842.28597 1705.79899  7.41%  60.2 9336s
 908594 348289 infeasible   59      1842.28597 1705.84495  7.41%  60.2 9341s
 909286 348626     cutoff   87      1842.28597 1705.87115  7.40%  60.2 9357s
 909754 348844 1826.78573   70  188 1842.28597 1705.92824  7.40%  60.2 9360s
 910541 349132 1802.41789   63  112 1842.28597 1705.95578  7.40%  60.2 9366s
 911741 349339 infeasible   65      1842.28597 1706.00124  7.40%  60.1 9372s
 912565 349682 1706.43458   48  201 1842.28597 1706.10148  7.39%  60.1 9376s
 913217 349880 1755.23829   54  163 1842.28597 1706.13797  7.39%  60.1 9381s
 914021 350270 1792.33978   54  160 1842.28597 1706.17329  7.39%  60.1 9386s
 914736 350492 1840.05448   69  182 1842.28597 1706.20234  7.39%  60.1 9392s
 915998 350691 1749.94285   70  196 1842.28597 1706.27351  7.38%  60.1 9396s
 916636 351029 1745.73745   63   10 1842.28597 1706.30272  7.38%  60.1 9400s
 918174 351321 infeasible   71      1842.28597 1706.37741  7.38%  60.0 9406s
 918707 351602 1771.55310   62  415 1842.28597 1706.42311  7.37%  60.0 9411s
 919164 351812 1798.58622   62    2 1842.28597 1706.44174  7.37%  60.0 9415s
 919811 352173 1771.53735   65  186 1842.28597 1706.48049  7.37%  60.0 9430s
 921273 352346 infeasible   67      1842.28597 1706.53150  7.37%  60.0 9435s
 921861 352572 1817.85473   65   17 1842.28597 1706.56797  7.37%  60.0 9440s
 922937 352828 1775.37129   75  279 1842.28597 1706.63771  7.36%  60.0 9445s
 923590 353005 infeasible   73      1842.28597 1706.67549  7.36%  60.0 9450s
 924701 353298 1708.52347   48  201 1842.28597 1706.72597  7.36%  59.9 9455s
 925405 353462 1817.36135   79   38 1842.28597 1706.77867  7.36%  59.9 9460s
 926068 353609 infeasible   83      1842.28597 1706.82473  7.35%  59.9 9465s
 926616 353769 infeasible   83      1842.28597 1706.86113  7.35%  59.9 9471s
 927242 353904 1713.41479   80  194 1842.28597 1706.89144  7.35%  59.9 9475s
 928142 354318     cutoff   72      1842.28597 1706.94254  7.35%  59.9 9482s
 929065 354450     cutoff   69      1842.28597 1707.00985  7.34%  59.9 9488s
 929108 354619     cutoff   58      1842.28597 1707.01003  7.34%  59.9 9490s
 930101 354900 1821.62797   58   32 1842.28597 1707.06077  7.34%  59.9 9506s
 931442 355107 infeasible   50      1842.28597 1707.13458  7.34%  59.8 9512s
 931721 355293     cutoff   55      1842.28597 1707.15083  7.34%  59.8 9517s
 932147 355316 infeasible   67      1842.28597 1707.17473  7.33%  59.8 9520s
 932574 355665 1788.03651   63  246 1842.28597 1707.20433  7.33%  59.8 9527s
 933378 355997 1707.38792   54  237 1842.28597 1707.23830  7.33%  59.8 9532s
 934858 356183 infeasible   67      1842.28597 1707.30699  7.33%  59.8 9536s
 935576 356346     cutoff   68      1842.28597 1707.36149  7.32%  59.8 9542s
 936153 356645 1739.58896   40  279 1842.28597 1707.37716  7.32%  59.8 9546s
 936773 356993 1835.35686   90  208 1842.28597 1707.41309  7.32%  59.8 9551s
 937800 357108     cutoff   65      1842.28597 1707.48184  7.32%  59.7 9555s
 938523 357467 1822.66908   51    6 1842.28597 1707.52328  7.31%  59.7 9561s
 939035 357477 1793.07906   58    2 1842.28597 1707.56402  7.31%  59.7 9566s
 939604 357791 1779.60556   66  447 1842.28597 1707.59681  7.31%  59.7 9571s
 940338 358103 1707.89721   63  220 1842.28597 1707.64098  7.31%  59.7 9587s
 941225 358277 1760.03608   60  295 1842.28597 1707.67205  7.31%  59.7 9591s
 942164 358376 infeasible   79      1842.28597 1707.73569  7.30%  59.7 9596s
 942767 358640 infeasible   63      1842.28597 1707.75830  7.30%  59.7 9600s
 943441 358823 1829.86949   61  176 1842.28597 1707.80988  7.30%  59.7 9605s
 944634 359234 1834.32999   62   61 1842.28597 1707.90367  7.29%  59.7 9612s
 945616 359388     cutoff   71      1842.28597 1707.93604  7.29%  59.6 9616s
 946365 359634 infeasible   69      1842.28597 1708.00169  7.29%  59.6 9621s
 946869 359702 1825.56423   60  207 1842.28597 1708.06103  7.29%  59.6 9625s
 947585 359829 1712.99751   52  220 1842.28597 1708.11410  7.28%  59.6 9631s
 948375 360052 1765.75369   58   95 1842.28597 1708.18893  7.28%  59.6 9637s
 948560 360214 1796.40193   60   99 1842.28597 1708.20465  7.28%  59.6 9640s
 949726 360400     cutoff   65      1842.28597 1708.27911  7.27%  59.6 9645s
 950339 360643 infeasible   48      1842.28597 1708.31321  7.27%  59.6 9650s
 950609 360757 1833.64839   48  297 1842.28597 1708.31891  7.27%  59.6 9664s
 951110 360853 1735.77540   52  203 1842.28597 1708.39928  7.27%  59.6 9668s
 951433 361104 1830.74092   76  188 1842.28597 1708.41459  7.27%  59.6 9670s
 952205 361282     cutoff   64      1842.28597 1708.45602  7.26%  59.6 9675s
 953264 361428     cutoff   71      1842.28597 1708.53048  7.26%  59.6 9681s
 954184 361721 infeasible   62      1842.28597 1708.59738  7.26%  59.6 9686s
 955079 362093     cutoff   79      1842.28597 1708.64291  7.25%  59.6 9691s
 955663 362362 1830.11535   54  239 1842.28597 1708.66195  7.25%  59.6 9696s
 956758 362476     cutoff   75      1842.28597 1708.72927  7.25%  59.5 9700s
 957720 362764 1824.94583   54   11 1842.28597 1708.81113  7.25%  59.6 9708s
 957800 362935 1828.19895   70  140 1842.28597 1708.82227  7.24%  59.6 9710s
 958484 363184 1772.57207   55   52 1842.28597 1708.85556  7.24%  59.6 9715s
 959168 363344 1805.57391   84  164 1842.28597 1708.88529  7.24%  59.6 9720s
 959845 363501 1710.63893   52   26 1842.28597 1708.93465  7.24%  59.6 9726s
 960705 363594 infeasible   51      1842.28597 1708.95830  7.24%  59.6 9731s
 961093 363818 1766.68822   54  206 1842.28597 1709.01465  7.23%  59.6 9748s
 961602 363865 infeasible   87      1842.28597 1709.01618  7.23%  59.6 9752s
 961795 364145 1800.65458   57    3 1842.28597 1709.05506  7.23%  59.6 9755s
 963287 364400 1765.15653   60  427 1842.28597 1709.14373  7.23%  59.6 9760s
 963670 364594 1833.93914   83  158 1842.28597 1709.17155  7.23%  59.6 9766s
 964830 364834 1841.85836   59  166 1842.28597 1709.24846  7.22%  59.6 9771s
 965621 365196 infeasible   62      1842.28597 1709.29621  7.22%  59.5 9776s
 966291 365321 1715.98860   51    4 1842.28597 1709.32883  7.22%  59.5 9781s
 966729 365401 1716.38744   57  106 1842.28597 1709.35115  7.22%  59.5 9786s
 966908 365441 1794.85832   58    2 1842.28597 1709.36720  7.21%  59.5 9790s
 967361 365613 1795.44182   52   20 1842.28597 1709.39489  7.21%  59.5 9795s
 968011 365900 1763.57625   78  313 1842.28597 1709.44408  7.21%  59.5 9800s
 968546 366062 1783.93222   61  239 1842.28597 1709.47650  7.21%  59.5 9806s
 969046 366246 1793.54881   54   95 1842.28597 1709.49650  7.21%  59.6 9810s
 969540 366291     cutoff   82      1842.28597 1709.50967  7.21%  59.6 9815s
 970254 366502 1755.51789   63  419 1842.28597 1709.54243  7.21%  59.6 9823s
 970280 366639 1732.70851   64  207 1842.28597 1709.54255  7.21%  59.6 9825s
 971022 366791 1820.07816   73  241 1842.28597 1709.57885  7.20%  59.6 9832s
 971329 366875     cutoff   57      1842.28597 1709.61695  7.20%  59.6 9846s
 971629 367219 1805.57944   67  102 1842.28597 1709.63451  7.20%  59.6 9850s
 972663 367495 1799.46722   60  152 1842.28597 1709.69252  7.20%  59.6 9857s
 973577 367633 1748.40547   60  235 1842.28597 1709.73412  7.19%  59.6 9862s
 973908 367814 1712.17567   84  251 1842.28597 1709.75106  7.19%  59.6 9865s
 974980 367965 1836.33394   86   90 1842.28597 1709.80186  7.19%  59.6 9872s
 975045 368175 1762.90263   50  302 1842.28597 1709.81593  7.19%  59.6 9876s
 976121 368407 1836.98834   58   57 1842.28597 1709.88194  7.19%  59.6 9881s
 976863 368719 1750.25778   59  185 1842.28597 1709.93872  7.18%  59.6 9887s
 977558 368860 1763.15795   64  707 1842.28597 1709.98352  7.18%  59.6 9890s
 978108 369169 1731.62689   56   12 1842.28597 1710.01331  7.18%  59.6 9895s
 979047 369267 1802.88387   66  123 1842.28597 1710.03808  7.18%  59.6 9900s
 979474 369382 1795.08923   71   56 1842.28597 1710.05733  7.18%  59.6 9905s
 980097 369710     cutoff   70      1842.28597 1710.07742  7.18%  59.6 9910s
 980894 369943     cutoff   69      1842.28597 1710.09743  7.18%  59.6 9916s
 981854 370089 1710.14612   69  251 1842.28597 1710.14612  7.17%  59.6 9932s
 981971 370729     cutoff   73      1842.28597 1710.15498  7.17%  59.6 9945s
 984100 370722 1821.59417   82  201 1842.28597 1710.23177  7.17%  59.6 9953s
 984167 370766 infeasible   84      1842.28597 1710.23682  7.17%  59.6 9956s
 984836 371075 1763.08525   61  213 1842.28597 1710.29874  7.16%  59.6 9961s
 985487 371178 1826.86321   78  152 1842.28597 1710.34594  7.16%  59.6 9966s
 986065 371422 infeasible   33      1842.28597 1710.37251  7.16%  59.6 9972s
 986699 371524     cutoff   52      1842.28597 1710.40050  7.16%  59.6 9975s
 987446 371846 1828.22898   67    6 1842.28597 1710.43180  7.16%  59.6 9980s
 988152 372069 infeasible   52      1842.28597 1710.45775  7.16%  59.6 9986s
 988887 372383     cutoff   89      1842.28597 1710.48574  7.15%  59.6 9992s
 989582 372527 1811.08937   66  129 1842.28597 1710.51752  7.15%  59.7 9997s
 990529 372677 1842.04149   84  144 1842.28597 1710.56073  7.15%  59.7 10001s
 991089 372896 1797.32471   64  246 1842.28597 1710.58116  7.15%  59.7 10007s
 991937 373098 1819.32724   74  186 1842.28597 1710.59827  7.15%  59.7 10012s
 992576 373395 infeasible   71      1842.28597 1710.61906  7.15%  59.7 10028s
 992955 373596 1798.49141   66    5 1842.28597 1710.64759  7.15%  59.7 10032s
 993757 373612 1736.58487   74   36 1842.28597 1710.69227  7.14%  59.7 10035s
 994611 373857 1769.27984   66  264 1842.28597 1710.71873  7.14%  59.7 10040s
 995064 374002 1799.44008   79   15 1842.28597 1710.74241  7.14%  59.7 10045s
 995988 374169 infeasible   56      1842.28597 1710.78461  7.14%  59.7 10050s
 996568 374362     cutoff   68      1842.28597 1710.81602  7.14%  59.7 10055s
 997047 374533 1773.13189   35  162 1842.28597 1710.85331  7.13%  59.7 10060s
 997882 374654 1805.36957   62    7 1842.28597 1710.89911  7.13%  59.7 10065s
 998605 375098 1800.00002   56  107 1842.28597 1710.94103  7.13%  59.7 10071s
 999390 375290 1725.56898   38  200 1842.28597 1710.96723  7.13%  59.7 10076s
 1000304 375578     cutoff   59      1842.28597 1711.01394  7.13%  59.7 10081s
 1001079 375802 1711.15493   69  213 1842.28597 1711.05882  7.12%  59.7 10087s
 1002431 376104 1713.02171   54  221 1842.28597 1711.10832  7.12%  59.7 10091s
 1003284 376294 infeasible   85      1842.28597 1711.14401  7.12%  59.7 10107s
 1003566 376457 1712.93834   73  224 1842.28597 1711.18031  7.12%  59.7 10112s
 1004057 376479 1744.22759   54  168 1842.28597 1711.18631  7.12%  59.7 10115s
 1004171 376515 1744.43371   55  168 1842.28597 1711.19162  7.12%  59.7 10121s
 1004340 376963 1798.20997   65  186 1842.28597 1711.19218  7.12%  59.7 10126s
 1005797 377042 1753.60395   69  324 1842.28597 1711.26120  7.11%  59.7 10130s
 1006466 377341 1713.27172   50  216 1842.28597 1711.29895  7.11%  59.7 10135s
 1007337 377748 1786.40025   51    6 1842.28597 1711.35004  7.11%  59.7 10142s
 1008609 378025 1758.66572   64  384 1842.28597 1711.39911  7.10%  59.6 10148s
 1009323 378128 infeasible   58      1842.28597 1711.40423  7.10%  59.6 10150s
 1010129 378448 1786.25887   65   60 1842.28597 1711.46522  7.10%  59.6 10155s
 1010806 378561 1813.17249   73  107 1842.28597 1711.48208  7.10%  59.6 10160s
 1011296 378922 1717.26944   78  201 1842.28597 1711.50549  7.10%  59.6 10166s
 1012465 379156 infeasible   58      1842.28597 1711.55327  7.10%  59.6 10171s
 1013182 379348 1751.10680   56  259 1842.28597 1711.61084  7.09%  59.6 10177s
 1013791 379546 infeasible   57      1842.28597 1711.63623  7.09%  59.6 10189s
 1014398 379616 1804.01229   80  246 1842.28597 1711.64949  7.09%  59.6 10191s
 1015045 379792     cutoff   72      1842.28597 1711.66572  7.09%  59.6 10196s
 1015831 380022 1835.64249   53  191 1842.28597 1711.68906  7.09%  59.6 10201s
 1016645 380235 infeasible   71      1842.28597 1711.73709  7.09%  59.6 10208s
 1016792 380386 1712.24991   46   28 1842.28597 1711.74197  7.09%  59.6 10211s
 1017846 380574 1827.40033   53  182 1842.28597 1711.77308  7.08%  59.6 10217s
 1018386 380817 infeasible   82      1842.28597 1711.78586  7.08%  59.6 10222s
 1018661 380908 1770.26461   67  125 1842.28597 1711.81255  7.08%  59.6 10227s
 1018979 380931 1833.75844   50   82 1842.28597 1711.82794  7.08%  59.6 10230s
 1019665 381256 1776.97390   67  937 1842.28597 1711.86676  7.08%  59.6 10235s
 1020702 381501 1713.78020   51  150 1842.28597 1711.89130  7.08%  59.6 10240s
 1021818 382015 1718.10243   48  167 1842.28597 1711.94211  7.08%  59.6 10247s
 1022987 382196 infeasible   63      1842.28597 1711.98363  7.07%  59.6 10251s
 1023500 382307 1790.90896   53   11 1842.28597 1711.99303  7.07%  59.6 10256s
 1023909 382525 1712.46650   61   90 1842.28597 1712.01391  7.07%  59.6 10261s
 1024435 382561 1794.94918   60  208 1842.28597 1712.02952  7.07%  59.6 10275s
 1024599 383278 1833.83928   62  253 1842.28597 1712.02952  7.07%  59.6 10283s
 1026907 383298     cutoff   63      1842.28597 1712.10253  7.07%  59.6 10285s
 1027040 383445 1818.26216   71  177 1842.28597 1712.10435  7.07%  59.6 10290s
 1027765 383564     cutoff   63      1842.28597 1712.12678  7.07%  59.6 10296s
 1028506 383735 1713.23652   59  140 1842.28597 1712.15762  7.06%  59.6 10301s
 1028981 383880 infeasible   71      1842.28597 1712.17510  7.06%  59.6 10306s
 1029969 384036     cutoff   76      1842.28597 1712.22335  7.06%  59.6 10310s
 1030672 384351     cutoff   72      1842.28597 1712.24523  7.06%  59.6 10315s
 1031309 384576 1764.09878   60  519 1842.28597 1712.26520  7.06%  59.6 10320s
 1032127 384759 1714.88283   67  218 1842.28597 1712.28326  7.06%  59.6 10325s
 1032669 384817 1769.22159   60  168 1842.28597 1712.30625  7.06%  59.6 10331s
 1033124 385111 1790.15671   70  161 1842.28597 1712.32132  7.05%  59.6 10336s
 1034191 385307 1784.23029   53   60 1842.28597 1712.36359  7.05%  59.6 10341s
 1035169 385464     cutoff   54      1842.28597 1712.39313  7.05%  59.6 10358s
 1035284 386321 1765.77583   65   65 1842.28597 1712.39933  7.05%  59.6 10371s
 1037934 386359 1714.97894   75  199 1842.28597 1712.46650  7.05%  59.7 10376s
 1038541 386543     cutoff   63      1842.28597 1712.48961  7.05%  59.7 10382s
 1039522 386747 infeasible   65      1842.28597 1712.52079  7.04%  59.7 10387s
 1039580 387037 1780.65595   66   70 1842.28597 1712.52205  7.04%  59.7 10390s
 1040624 387210     cutoff   81      1842.28597 1712.54995  7.04%  59.7 10395s
 1041269 387576 1748.92671   66  253 1842.28597 1712.57236  7.04%  59.7 10400s
 1042659 387736 1828.66077   54  133 1842.28597 1712.60915  7.04%  59.7 10406s
 1043174 387905 1712.74575   51  214 1842.28597 1712.61925  7.04%  59.7 10410s
 1043941 388177 1810.24999   70  177 1842.28597 1712.65190  7.04%  59.7 10417s
 1044431 388286 infeasible   87      1842.28597 1712.68010  7.04%  59.7 10420s
 1045045 388613 1747.98597   58  637 1842.28597 1712.70800  7.03%  59.7 10425s
 1045620 388689 1760.18814   74  233 1842.28597 1712.71860  7.03%  59.7 10438s
 1045914 389075 1755.05674   57   92 1842.28597 1712.73662  7.03%  59.7 10442s
 1046942 389273 1791.50036   64  159 1842.28597 1712.73662  7.03%  59.7 10446s
 1047555 389456 1821.60954   66  255 1842.28597 1712.75986  7.03%  59.7 10452s
 1048324 389649 1752.03366   47  244 1842.28597 1712.79849  7.03%  59.7 10456s
 1049501 389910     cutoff   84      1842.28597 1712.83622  7.03%  59.7 10460s
 1050724 390305 infeasible   66      1842.28597 1712.85989  7.03%  59.7 10466s
 1051324 390484 1806.98024   53  150 1842.28597 1712.88203  7.02%  59.7 10471s
 1051900 390645 1815.53774   58   12 1842.28597 1712.89490  7.02%  59.7 10475s
 1052536 390931 1797.30509   59   39 1842.28597 1712.92408  7.02%  59.7 10481s
 1053132 391202 infeasible   66      1842.28597 1712.93524  7.02%  59.7 10486s
 1053875 391272     cutoff   80      1842.28597 1712.96068  7.02%  59.7 10490s
 1054494 391727     cutoff   69      1842.28597 1712.97445  7.02%  59.7 10495s
 1055140 391951 1761.75624   55  402 1842.28597 1712.98125  7.02%  59.7 10500s
 1056053 392155 infeasible   75      1842.28597 1713.01989  7.02%  59.7 10516s
 1056247 392665 1821.36285   78  140 1842.28597 1713.02371  7.02%  59.7 10524s
 1057926 392681 1772.03077   48  407 1842.28597 1713.07605  7.01%  59.7 10527s
 1057984 392719 1835.36463   51  417 1842.28597 1713.07734  7.01%  59.7 10530s
 1058552 393064 1713.24719   61  232 1842.28597 1713.10615  7.01%  59.7 10536s
 1059225 393222 1839.99991   62   57 1842.28597 1713.12734  7.01%  59.7 10542s
 1059705 393252     cutoff   50      1842.28597 1713.14365  7.01%  59.7 10545s
 1060256 393407 1827.19628   86   71 1842.28597 1713.15957  7.01%  59.7 10550s
 1060839 393637     cutoff   66      1842.28597 1713.16826  7.01%  59.7 10557s
 1061143 393696 infeasible   70      1842.28597 1713.19678  7.01%  59.7 10560s
 1062135 393906 infeasible   83      1842.28597 1713.23505  7.00%  59.7 10565s
 1062669 394011 1738.38265   66  203 1842.28597 1713.24595  7.00%  59.7 10571s
 1062723 394212 infeasible   66      1842.28597 1713.24595  7.00%  59.7 10575s
 1064018 394599 1778.97722   62   91 1842.28597 1713.29168  7.00%  59.6 10582s
 1064592 394732 1766.54494   48  153 1842.28597 1713.30373  7.00%  59.6 10587s
 1064930 394810 1742.07708   78  212 1842.28597 1713.30698  7.00%  59.7 10590s
 1065616 394955     cutoff   59      1842.28597 1713.34516  7.00%  59.7 10595s
 1066366 395194 infeasible   72      1842.28597 1713.37776  7.00%  59.7 10612s
 1066564 395863 1795.66352   53   15 1842.28597 1713.38605  7.00%  59.7 10620s
 1068157 396001 1837.06847   58   92 1842.28597 1713.42238  6.99%  59.7 10627s
 1068560 396041 1767.38856   56  180 1842.28597 1713.44119  6.99%  59.7 10630s
 1069133 396230 1808.42363   60   43 1842.28597 1713.44610  6.99%  59.7 10637s
 1069316 396327 infeasible   57      1842.28597 1713.45810  6.99%  59.7 10640s
 1069993 396553 infeasible   59      1842.28597 1713.47595  6.99%  59.7 10646s
 1071001 396809     cutoff   72      1842.28597 1713.49949  6.99%  59.7 10651s
 1071548 397012     cutoff   59      1842.28597 1713.51753  6.99%  59.7 10658s
 1071716 397296 1714.00521   69  359 1842.28597 1713.52321  6.99%  59.7 10661s
 1072594 397528 infeasible   51      1842.28597 1713.54609  6.99%  59.7 10668s
 1073333 397759 1804.69069   59  123 1842.28597 1713.58330  6.99%  59.7 10671s
 1074100 397786     cutoff   74      1842.28597 1713.59986  6.99%  59.7 10676s
 1074806 398075 1775.77615   61  275 1842.28597 1713.62654  6.98%  59.6 10682s
 1075028 398162     cutoff   74      1842.28597 1713.63077  6.98%  59.6 10685s
 1075972 398342 infeasible   59      1842.28597 1713.65116  6.98%  59.6 10691s
 1076610 398798 1806.81123   58  156 1842.28597 1713.68796  6.98%  59.6 10708s
 1077461 398814 infeasible   62      1842.28597 1713.69718  6.98%  59.6 10710s
 1078197 399092     cutoff   77      1842.28597 1713.71211  6.98%  59.6 10716s
 1078877 399401 1714.84760   41  514 1842.28597 1713.75680  6.98%  59.6 10720s
 1079421 399617 1819.99554   49  296 1842.28597 1713.77189  6.98%  59.6 10727s
 1080353 399854 1771.51626   76  218 1842.28597 1713.78571  6.98%  59.6 10732s
 1081031 400127 1794.81035   46   27 1842.28597 1713.79421  6.97%  59.6 10737s
 1081391 400178 1819.71412   78  106 1842.28597 1713.81467  6.97%  59.6 10740s
 1081960 400423 infeasible   72      1842.28597 1713.83418  6.97%  59.6 10746s
 1082308 400471 1715.45594   71  265 1842.28597 1713.84851  6.97%  59.6 10751s
 1082388 400678 1763.03593   76  228 1842.28597 1713.85429  6.97%  59.6 10755s
 1083038 400897 infeasible   61      1842.28597 1713.87406  6.97%  59.6 10761s
 1083772 401132 1797.62104   68  229 1842.28597 1713.90203  6.97%  59.6 10767s
 1084444 401253 infeasible   67      1842.28597 1713.91752  6.97%  59.6 10772s
 1084876 401255 1832.96253   91  191 1842.28597 1713.93734  6.97%  59.6 10777s
 1085632 401569 infeasible   59      1842.28597 1713.96205  6.97%  59.6 10782s
 1086046 401591 1825.88637   82   65 1842.28597 1713.96531  6.97%  59.6 10786s
 1086660 401827 1722.44248   62  368 1842.28597 1713.99511  6.96%  59.6 10792s
 1087122 401919 1819.00590   66   95 1842.28597 1714.00005  6.96%  59.6 10806s
 1087369 402434 1811.65384   61  104 1842.28597 1714.00601  6.96%  59.6 10813s
 1088643 402445 infeasible   56      1842.28597 1714.04051  6.96%  59.6 10817s
 1089194 402770 1790.87890   77  450 1842.28597 1714.05103  6.96%  59.6 10822s
 1089659 402786 1722.55805   77  154 1842.28597 1714.06535  6.96%  59.6 10826s
 1090035 403026     cutoff   68      1842.28597 1714.07062  6.96%  59.6 10832s
 1090568 403038 1767.59018   56  164 1842.28597 1714.08714  6.96%  59.6 10835s
 1091257 403358 infeasible   73      1842.28597 1714.11911  6.96%  59.6 10842s
 1091730 403400 1714.13731   54  136 1842.28597 1714.12224  6.96%  59.6 10845s
 1092479 403559 infeasible   67      1842.28597 1714.16010  6.95%  59.6 10850s
 1093308 403931 1715.34284   65  214 1842.28597 1714.17763  6.95%  59.6 10856s
 1093907 404187     cutoff   59      1842.28597 1714.19603  6.95%  59.6 10863s
 1094420 404212 1722.86684   77  212 1842.28597 1714.21954  6.95%  59.6 10865s
 1095170 404657 1741.07986   76  166 1842.28597 1714.24354  6.95%  59.6 10871s
 1095853 404876 1802.40816   53  245 1842.28597 1714.25957  6.95%  59.6 10877s
 1096387 405140     cutoff   68      1842.28597 1714.27405  6.95%  59.6 10880s
 1097307 405336 1714.41958   77  190 1842.28597 1714.28813  6.95%  59.6 10886s
 1097889 405528 1799.37219   75  320 1842.28597 1714.30953  6.95%  59.6 10901s
 1098585 405835 1722.91846   73   78 1842.28597 1714.32334  6.95%  59.6 10907s
 1099539 406053 1809.09346   56  126 1842.28597 1714.35822  6.94%  59.6 10912s
 1100100 406127 1808.00332   56  151 1842.28597 1714.36669  6.94%  59.6 10915s
 1100603 406345 infeasible   62      1842.28597 1714.37024  6.94%  59.6 10921s
 1101221 406388 1798.99931   63   66 1842.28597 1714.39954  6.94%  59.6 10925s
 1101808 406694 1813.36707   84   87 1842.28597 1714.40510  6.94%  59.6 10931s
 1102420 406768 1808.39616   58  150 1842.28597 1714.42906  6.94%  59.6 10936s
 1102822 406889 1821.22073   53   70 1842.28597 1714.44367  6.94%  59.6 10941s
 1103626 407025     cutoff   63      1842.28597 1714.46695  6.94%  59.6 10948s
 1103768 407135 infeasible   49      1842.28597 1714.47015  6.94%  59.6 10951s
 1104691 407309 1838.25097   62  144 1842.28597 1714.49603  6.94%  59.7 10957s
 1104879 407521 1817.60615   69   29 1842.28597 1714.50264  6.94%  59.7 10961s
 1106178 407714 1768.76190   63  211 1842.28597 1714.54482  6.93%  59.7 10966s
 1106279 407987 1801.51637   65  128 1842.28597 1714.54491  6.93%  59.7 10970s
 1107394 408216 1796.12714   81   76 1842.28597 1714.57323  6.93%  59.6 10976s
 1107740 408398 1716.34198   65  191 1842.28597 1714.57861  6.93%  59.6 10980s
 1108291 408416 infeasible   61      1842.28597 1714.59433  6.93%  59.6 10992s
 1108398 409139 1810.06597   69  137 1842.28597 1714.60007  6.93%  59.6 11003s
 1110435 409143 1815.85721   85  175 1842.28597 1714.65312  6.93%  59.6 11007s
 1110446 409161 1820.75673   86  148 1842.28597 1714.65312  6.93%  59.6 11010s
 1111118 409410 infeasible   72      1842.28597 1714.68272  6.93%  59.6 11016s
 1111296 409698 1714.85549   48  100 1842.28597 1714.68661  6.93%  59.6 11021s
 1112089 409822 1826.76683   74   55 1842.28597 1714.70820  6.92%  59.6 11025s
 1112820 410040     cutoff   73      1842.28597 1714.73061  6.92%  59.6 11030s
 1113797 410204 infeasible   73      1842.28597 1714.75920  6.92%  59.6 11038s
 1113953 410395 1788.76690   52  403 1842.28597 1714.76806  6.92%  59.6 11042s
 1114955 410624 1752.42583   71  174 1842.28597 1714.78716  6.92%  59.6 11047s
 1115702 410869 1808.39038   56  173 1842.28597 1714.81982  6.92%  59.6 11052s
 1116822 411024 1826.09344   53    2 1842.28597 1714.84610  6.92%  59.5 11057s
 1116874 411262 1787.53608   50  354 1842.28597 1714.85132  6.92%  59.5 11060s
 1117890 411418 infeasible   70      1842.28597 1714.86982  6.92%  59.6 11065s
 1118490 411718 1761.03196   69   71 1842.28597 1714.88216  6.92%  59.6 11070s
 1118956 411785 infeasible   76      1842.28597 1714.88977  6.92%  59.6 11085s
 1119259 412199 1822.66514   59  105 1842.28597 1714.89837  6.91%  59.6 11091s
 1120741 412423 1810.28794   67  204 1842.28597 1714.93574  6.91%  59.5 11096s
 1121720 412568 infeasible   94      1842.28597 1714.96400  6.91%  59.5 11100s
 1122352 412861 1796.17776   83  514 1842.28597 1714.98069  6.91%  59.5 11106s
 1122778 413006 infeasible   68      1842.28597 1714.99272  6.91%  59.5 11111s
 1123554 413247 1825.62561   70  172 1842.28597 1715.00741  6.91%  59.5 11116s
 1124463 413386 infeasible   75      1842.28597 1715.03912  6.91%  59.5 11121s
 1125259 413591 1835.95268   60  160 1842.28597 1715.06282  6.91%  59.5 11127s
 1125938 413938     cutoff   81      1842.28597 1715.08439  6.90%  59.5 11132s
 1126406 413950     cutoff   73      1842.28597 1715.09148  6.90%  59.5 11137s
 1126977 414412 infeasible   79      1842.28597 1715.10964  6.90%  59.5 11143s
 1127664 414449 infeasible   59      1842.28597 1715.13431  6.90%  59.5 11146s
 1128428 414640 1778.82285   54  546 1842.28597 1715.15199  6.90%  59.5 11154s
 1128496 414656 infeasible   70      1842.28597 1715.15660  6.90%  59.5 11156s
 1129270 415043     cutoff   68      1842.28597 1715.17897  6.90%  59.5 11173s
 1129765 415157 1787.07594   52  445 1842.28597 1715.19016  6.90%  59.5 11176s
 1130618 415336 1768.32833   57  286 1842.28597 1715.21802  6.90%  59.4 11182s
 1131543 415527     cutoff   60      1842.28597 1715.24130  6.90%  59.4 11187s
 1131650 415741 1803.20666   63  240 1842.28597 1715.25107  6.90%  59.5 11191s
 1132516 415919     cutoff   67      1842.28597 1715.27616  6.89%  59.4 11196s
 1133476 416279 1803.10325   67  173 1842.28597 1715.30262  6.89%  59.4 11202s
 1134125 416302 1782.52586   55  110 1842.28597 1715.31298  6.89%  59.4 11205s
 1134817 416666     cutoff   71      1842.28597 1715.34430  6.89%  59.4 11211s
 1135413 416892 1770.48429   57   77 1842.28597 1715.35284  6.89%  59.4 11216s
 1136763 417117     cutoff   63      1842.28597 1715.38355  6.89%  59.4 11221s
 1137303 417420 1715.39645   54   61 1842.28597 1715.39390  6.89%  59.4 11226s
 1137844 417578 1716.79072   69  220 1842.28597 1715.40100  6.89%  59.4 11233s
 1138208 417700 1736.60661   61  677 1842.28597 1715.41576  6.89%  59.4 11235s
 1138690 417715 infeasible   60      1842.28597 1715.42063  6.89%  59.4 11240s
 1139233 417927 infeasible   57      1842.28597 1715.44063  6.89%  59.4 11246s
 1139509 418018     cutoff   52      1842.28597 1715.45068  6.88%  59.4 11260s
 1139850 418037 1818.43579   63  161 1842.28597 1715.45866  6.88%  59.4 11265s
 1139907 418441 1795.34483   60  667 1842.28597 1715.45953  6.88%  59.4 11272s
 1141234 418691 1799.16520   52  661 1842.28597 1715.48957  6.88%  59.4 11277s
 1142406 418861 1828.87963   79   42 1842.28597 1715.52284  6.88%  59.4 11282s
 1143279 419069 infeasible   58      1842.28597 1715.56217  6.88%  59.4 11288s
 1143389 419189 1768.85583   62  119 1842.28597 1715.56557  6.88%  59.4 11291s
 1144266 419430     cutoff   61      1842.28597 1715.59381  6.88%  59.4 11297s
 1144604 419469 1781.48129   68  442 1842.28597 1715.59984  6.88%  59.4 11300s
 1145056 419693 infeasible   71      1842.28597 1715.62663  6.88%  59.4 11306s
 1145780 419884 infeasible   69      1842.28597 1715.63981  6.87%  59.4 11311s
 1146308 419897 infeasible   60      1842.28597 1715.66050  6.87%  59.4 11317s
 1146760 420088 1734.56397   69  185 1842.28597 1715.67663  6.87%  59.4 11322s
 1147012 420156 1811.47397   64  124 1842.28597 1715.68509  6.87%  59.4 11325s
 1147852 420305     cutoff   81      1842.28597 1715.70446  6.87%  59.4 11330s
 1148667 420699 1806.95008   62  209 1842.28597 1715.71901  6.87%  59.4 11335s
 1149326 420840 1746.97276   53  217 1842.28597 1715.73817  6.87%  59.4 11341s
 1150171 421050 1772.24550   71  152 1842.28597 1715.76618  6.87%  59.4 11360s
 1150285 421902 1741.36076   79  130 1842.28597 1715.76885  6.87%  59.4 11377s
 1153839 421901     cutoff   62      1842.28597 1715.85900  6.86%  59.3 11380s
 1153967 421934 1826.21184   58   74 1842.28597 1715.86149  6.86%  59.3 11387s
 1154376 422169     cutoff   83      1842.28597 1715.87177  6.86%  59.4 11390s
 1155108 422334 1834.75211   57  196 1842.28597 1715.88165  6.86%  59.4 11395s
 1155745 422512 1807.92452   53   93 1842.28597 1715.89803  6.86%  59.4 11400s
 1156339 422652 infeasible   57      1842.28597 1715.92155  6.86%  59.4 11405s
 1156980 422928 infeasible   60      1842.28597 1715.94374  6.86%  59.4 11410s
 1157372 423134 1717.46446   52   45 1842.28597 1715.95419  6.86%  59.4 11416s
 1158745 423346 infeasible   67      1842.28597 1715.97673  6.86%  59.3 11421s
 1159346 423679 1744.42359   58   11 1842.28597 1715.98510  6.86%  59.3 11426s
 1160106 423975     cutoff   76      1842.28597 1716.00801  6.85%  59.3 11431s
 1160769 424113 1716.07616   55  164 1842.28597 1716.02484  6.85%  59.3 11445s
 1161904 424369 1780.68746   68  177 1842.28597 1716.05734  6.85%  59.3 11453s
 1162054 424547     cutoff   57      1842.28597 1716.06748  6.85%  59.3 11456s
 1162623 424759 1825.23670   74  186 1842.28597 1716.08782  6.85%  59.3 11462s
 1163268 424808 1722.35958   50  213 1842.28597 1716.10142  6.85%  59.3 11465s
 1163996 425155 1749.53437   59  371 1842.28597 1716.12359  6.85%  59.3 11471s
 1164525 425491 1727.03747   70  219 1842.28597 1716.13623  6.85%  59.3 11476s
 1165507 425728 infeasible   61      1842.28597 1716.17119  6.85%  59.3 11481s
 1166134 425740 infeasible   55      1842.28597 1716.19294  6.84%  59.3 11485s
 1166571 425860 1824.88816   47  213 1842.28597 1716.19424  6.84%  59.3 11490s
 1167313 426033 infeasible   52      1842.28597 1716.22206  6.84%  59.3 11496s
 1168221 426297 1833.63530   61    4 1842.28597 1716.25739  6.84%  59.2 11501s
 1168886 426545 1833.18720   62  183 1842.28597 1716.27494  6.84%  59.2 11506s
 1169229 426642 1717.17374   55  347 1842.28597 1716.28714  6.84%  59.2 11510s
 1169708 426753 1718.64823   54  213 1842.28597 1716.30637  6.84%  59.2 11515s
 1170366 427025 1724.83704   43  193 1842.28597 1716.32643  6.84%  59.3 11521s
 1171022 427348 1771.67683   76  241 1842.28597 1716.33220  6.84%  59.3 11539s
 1171922 427423 1768.93109   63  448 1842.28597 1716.35417  6.84%  59.2 11540s
 1172715 427685 1794.20418   56   31 1842.28597 1716.38139  6.83%  59.2 11546s
 1173174 427876 1810.23154   67  202 1842.28597 1716.40073  6.83%  59.2 11552s
 1173729 427963 1816.52322   53  147 1842.28597 1716.40988  6.83%  59.2 11555s
 1174124 428038 1716.41627   73   23 1842.28597 1716.41627  6.83%  59.3 11561s
 1174386 428205 1809.42000   61  568 1842.28597 1716.41922  6.83%  59.3 11567s
 1175154 428425 infeasible   83      1842.28597 1716.44400  6.83%  59.3 11573s
 1175864 428476     cutoff   82      1842.28597 1716.46136  6.83%  59.3 11576s
 1176217 428661 1765.86001   65  125 1842.28597 1716.47228  6.83%  59.3 11582s
 1176670 428678 1827.92795   79   63 1842.28597 1716.47433  6.83%  59.3 11585s
 1177455 429068 1717.00111   71  536 1842.28597 1716.50258  6.83%  59.3 11591s
 1178051 429321 infeasible   62      1842.28597 1716.51788  6.83%  59.3 11596s
 1178850 429418 1791.64585   55   33 1842.28597 1716.53170  6.83%  59.3 11603s
 1178879 429436     cutoff   53      1842.28597 1716.53506  6.83%  59.3 11606s
 1179156 429675 1820.73635   77   28 1842.28597 1716.54516  6.83%  59.3 11612s
 1179853 429694 infeasible   85      1842.28597 1716.56332  6.82%  59.3 11615s
 1180614 429925 1751.29180   73  190 1842.28597 1716.58311  6.82%  59.3 11621s
 1181326 430108 infeasible   67      1842.28597 1716.62167  6.82%  59.3 11636s
 1181693 430414 1784.72065   72  182 1842.28597 1716.63501  6.82%  59.3 11640s
 1182721 430640 1797.77449   68  166 1842.28597 1716.66414  6.82%  59.3 11646s
 1183964 430871 1783.64295   72   47 1842.28597 1716.69202  6.82%  59.3 11652s
 1184034 431027 1831.33608   72   84 1842.28597 1716.69957  6.82%  59.3 11655s
 1184872 431143 infeasible   52      1842.28597 1716.71906  6.82%  59.3 11660s
 1185778 431414 1741.82244   63   28 1842.28597 1716.75931  6.81%  59.3 11665s
 1186405 431659     cutoff   73      1842.28597 1716.76660  6.81%  59.3 11670s
 1187056 431743     cutoff   81      1842.28597 1716.79845  6.81%  59.3 11676s
 1187707 432058 1799.12132   84  238 1842.28597 1716.80436  6.81%  59.2 11681s
 1188237 432355 1790.33625   49    2 1842.28597 1716.84148  6.81%  59.3 11687s
 1189011 432481     cutoff   62      1842.28597 1716.85838  6.81%  59.2 11690s
 1189598 432664 infeasible   73      1842.28597 1716.86429  6.81%  59.2 11695s
 1190200 432962 1837.23498   60   96 1842.28597 1716.88542  6.81%  59.2 11702s
 1190917 433109 1717.34304   62  490 1842.28597 1716.90060  6.81%  59.2 11707s
 1191492 433139 1717.16738   68  252 1842.28597 1716.91879  6.80%  59.2 11710s
 1191556 433442 1765.35446   69  602 1842.28597 1716.91879  6.80%  59.2 11725s
 1192681 433729 infeasible   69      1842.28597 1716.94337  6.80%  59.2 11730s
 1193835 433977 infeasible   60      1842.28597 1716.97504  6.80%  59.2 11736s
 1194381 434330 1812.42342   85  200 1842.28597 1716.98961  6.80%  59.2 11740s
 1195515 434605 1800.44077   65  198 1842.28597 1717.02517  6.80%  59.1 11746s
 1196496 434784 infeasible   90      1842.28597 1717.04799  6.80%  59.1 11750s
 1197387 435001     cutoff   79      1842.28597 1717.07444  6.80%  59.1 11755s
 1197808 435180 1760.53048   66  188 1842.28597 1717.08550  6.80%  59.1 11760s
 1198990 435586 1727.22794   50  123 1842.28597 1717.12014  6.79%  59.1 11766s
 1200120 435843 1786.88057   78  326 1842.28597 1717.15405  6.79%  59.1 11771s
 1200743 436015 infeasible   58      1842.28597 1717.17014  6.79%  59.1 11775s
 1201592 436353 1809.35263   74  325 1842.28597 1717.19261  6.79%  59.1 11781s
 1201967 436378 infeasible   77      1842.28597 1717.19932  6.79%  59.1 11796s
 1202068 437145 1793.94009   75  363 1842.28597 1717.19932  6.79%  59.1 11810s
 1204840 437197     cutoff   72      1842.28597 1717.26657  6.79%  59.1 11816s
 1204921 437390 1827.29867   63  156 1842.28597 1717.27439  6.79%  59.1 11822s
 1205568 437572 infeasible   61      1842.28597 1717.29754  6.78%  59.1 11827s
 1206216 437767 1791.17251   51    5 1842.28597 1717.31173  6.78%  59.1 11830s
 1207180 437897 infeasible   70      1842.28597 1717.33801  6.78%  59.1 11835s
 1207892 438271 1796.77040   57   42 1842.28597 1717.36002  6.78%  59.1 11841s
 1208303 438394 infeasible   70      1842.28597 1717.37292  6.78%  59.1 11847s
 1209118 438628     cutoff   83      1842.28597 1717.39564  6.78%  59.1 11851s
 1209562 438741     cutoff   73      1842.28597 1717.40539  6.78%  59.1 11855s
 1210388 439048 1811.63215   74  211 1842.28597 1717.43182  6.78%  59.1 11862s
 1210820 439067 1796.30615   63   57 1842.28597 1717.44011  6.78%  59.1 11865s
 1211279 439230     cutoff   63      1842.28597 1717.46063  6.78%  59.1 11871s
 1211946 439347 infeasible   61      1842.28597 1717.48578  6.77%  59.1 11875s
 1212538 439534 1785.57052   63  353 1842.28597 1717.50721  6.77%  59.1 11892s
 1212811 439794 infeasible   71      1842.28597 1717.51102  6.77%  59.1 11896s
 1213973 439996     cutoff   66      1842.28597 1717.54796  6.77%  59.1 11902s
 1215154 440104 infeasible   64      1842.28597 1717.58253  6.77%  59.1 11907s
 1215230 440410     cutoff   64      1842.28597 1717.58658  6.77%  59.1 11910s
 1216360 440502 1767.06548   64   85 1842.28597 1717.61488  6.77%  59.1 11917s
 1216987 440762 infeasible   54      1842.28597 1717.63888  6.77%  59.1 11922s
 1217621 441081 1796.94709   53  310 1842.28597 1717.65822  6.76%  59.1 11926s
 1218555 441285 infeasible   78      1842.28597 1717.67551  6.76%  59.1 11931s
 1219347 441485 1808.49335   68   99 1842.28597 1717.71224  6.76%  59.1 11935s
 1220415 441724 infeasible   48      1842.28597 1717.72973  6.76%  59.1 11940s
 1220997 441998 1765.79463   65  490 1842.28597 1717.74524  6.76%  59.1 11945s
 1221705 442156 1788.98819   74  130 1842.28597 1717.77157  6.76%  59.1 11950s
 1222547 442482 1719.18106   76  198 1842.28597 1717.80207  6.76%  59.1 11957s
 1223004 442599 1721.50991   75  217 1842.28597 1717.81303  6.76%  59.1 11971s
 1223923 442875 infeasible   69      1842.28597 1717.83487  6.76%  59.1 11977s
 1224272 443029 1751.89894   62   36 1842.28597 1717.84795  6.75%  59.1 11980s
 1225027 443315 1778.95991   56  156 1842.28597 1717.86470  6.75%  59.1 11986s
 1226301 443571 1718.08900   52  162 1842.28597 1717.90444  6.75%  59.1 11991s
 1227204 443809     cutoff   63      1842.28597 1717.93585  6.75%  59.1 11995s
 1228135 444224 infeasible   68      1842.28597 1717.96292  6.75%  59.1 12003s
 1228625 444313     cutoff   57      1842.28597 1717.97853  6.75%  59.1 12005s
 1229549 444589 1810.95823   79   18 1842.28597 1718.00757  6.75%  59.0 12010s
 1230607 444933 1841.69027   77   16 1842.28597 1718.04365  6.74%  59.0 12017s
 1231460 445106 infeasible   67      1842.28597 1718.08913  6.74%  59.0 12021s
 1232495 445247 infeasible   62      1842.28597 1718.11529  6.74%  59.0 12025s
 1233316 445668 1775.48301   54   58 1842.28597 1718.14194  6.74%  59.0 12041s
 1234582 445815     cutoff   51      1842.28597 1718.17624  6.74%  59.0 12046s
 1235178 446028 1724.02157   53  125 1842.28597 1718.20005  6.74%  59.0 12051s
 1235963 446325 infeasible   76      1842.28597 1718.22859  6.73%  59.0 12056s
 1236392 446531 1771.40554   56  202 1842.28597 1718.24177  6.73%  59.0 12061s
 1237950 446833 infeasible   52      1842.28597 1718.28430  6.73%  58.9 12065s
 1238892 447070     cutoff   86      1842.28597 1718.31364  6.73%  58.9 12071s
 1239624 447361 1811.84345   55   19 1842.28597 1718.33998  6.73%  58.9 12075s
 1240417 447544 1728.78569   68  187 1842.28597 1718.36404  6.73%  58.9 12080s
 1241104 447776 infeasible   52      1842.28597 1718.37954  6.73%  58.9 12085s
 1241668 447932 1810.59381   76   15 1842.28597 1718.41128  6.72%  58.9 12090s
 1242783 448293 1812.78623   69    2 1842.28597 1718.44295  6.72%  58.9 12097s
 1243600 448439 1764.57519   62  166 1842.28597 1718.46576  6.72%  58.9 12115s
 1244732 448711     cutoff   73      1842.28597 1718.49703  6.72%  58.9 12123s
 1244912 448978 1838.09205   75   90 1842.28597 1718.49703  6.72%  58.9 12127s
 1245678 449091 infeasible   82      1842.28597 1718.52344  6.72%  58.9 12130s
 1246529 449281 1804.48857   68  202 1842.28597 1718.53466  6.72%  58.9 12135s
 1247441 449516 infeasible   68      1842.28597 1718.58232  6.71%  58.9 12141s
 1248516 449719 1807.89147   67  132 1842.28597 1718.61381  6.71%  58.8 12146s
 1249178 449977 infeasible   82      1842.28597 1718.63296  6.71%  58.8 12151s
 1250020 450178 1816.55660   78  147 1842.28597 1718.66267  6.71%  58.8 12157s
 1250093 450356 infeasible   77      1842.28597 1718.66716  6.71%  58.8 12160s
 1250790 450471 1811.98803   80  236 1842.28597 1718.68726  6.71%  58.8 12165s
 1251487 450651     cutoff   65      1842.28597 1718.70118  6.71%  58.8 12171s
 1252515 450836     cutoff   85      1842.28597 1718.72724  6.71%  58.8 12176s
 1253083 451049 1768.56169   69  166 1842.28597 1718.75058  6.71%  58.8 12180s
 1253688 451293 1766.57035   67  173 1842.28597 1718.76860  6.70%  58.8 12185s
 1254319 451430 1834.64525   78   19 1842.28597 1718.77674  6.70%  58.8 12199s
 1254822 451432     cutoff   79      1842.28597 1718.78662  6.70%  58.8 12203s
 1254904 451679 1813.87454   61  181 1842.28597 1718.79229  6.70%  58.8 12207s
 1255818 451709     cutoff   67      1842.28597 1718.83014  6.70%  58.8 12214s
 1255879 451876 1773.45630   65  179 1842.28597 1718.83014  6.70%  58.8 12217s
 1256493 452053 1823.26852   62  373 1842.28597 1718.85557  6.70%  58.8 12220s
 1256994 452219 1817.13796   49  142 1842.28597 1718.85845  6.70%  58.8 12225s
 1257578 452262     cutoff   78      1842.28597 1718.86859  6.70%  58.8 12230s
 1258321 452700 1818.55673   64  351 1842.28597 1718.89134  6.70%  58.8 12237s
 1258830 452788 1820.85318   61   55 1842.28597 1718.90609  6.70%  58.8 12240s
 1259654 453000 infeasible   55      1842.28597 1718.91979  6.70%  58.8 12245s
 1260483 453190 1833.42941   63   32 1842.28597 1718.95166  6.69%  58.8 12251s
 1261411 453469     cutoff   90      1842.28597 1718.97857  6.69%  58.7 12257s
 1262235 453737 infeasible   76      1842.28597 1719.01039  6.69%  58.7 12262s
 1262483 453770 1830.54087   63  125 1842.28597 1719.01955  6.69%  58.8 12265s
 1263316 454001     cutoff   61      1842.28597 1719.04431  6.69%  58.7 12270s
 1264079 454176     cutoff   68      1842.28597 1719.06492  6.69%  58.7 12277s
 1264175 454332 1780.04155   74   59 1842.28597 1719.06492  6.69%  58.7 12280s
 1264825 454497 1833.41148   73   26 1842.28597 1719.08444  6.69%  58.7 12294s
 1265482 454549     cutoff   70      1842.28597 1719.10000  6.69%  58.7 12296s
 1266476 454758 1832.20002   58  109 1842.28597 1719.13616  6.68%  58.7 12301s
 1267327 454953     cutoff   79      1842.28597 1719.16742  6.68%  58.7 12307s
 1267669 455059 infeasible   67      1842.28597 1719.17651  6.68%  58.7 12311s
 1268098 455112 1772.65979   71   39 1842.28597 1719.19132  6.68%  58.7 12316s
 1268921 455414 infeasible   66      1842.28597 1719.21820  6.68%  58.7 12321s
 1269519 455557 infeasible   73      1842.28597 1719.24247  6.68%  58.7 12327s
 1270661 455744     cutoff   57      1842.28597 1719.27459  6.68%  58.7 12332s
 1271286 455860 infeasible   82      1842.28597 1719.28622  6.68%  58.7 12336s
 1272147 456129 1819.61278   61   52 1842.28597 1719.31250  6.68%  58.7 12341s
 1272979 456395 1754.47175   61  256 1842.28597 1719.34070  6.67%  58.7 12345s
 1274071 456629 infeasible   61      1842.28597 1719.37947  6.67%  58.6 12351s
 1274614 456894 1769.56891   59  344 1842.28597 1719.39879  6.67%  58.6 12355s
 1275201 456904 infeasible   89      1842.28597 1719.41514  6.67%  58.6 12369s
 1275395 457403 1839.43667   47    7 1842.28597 1719.42741  6.67%  58.6 12375s
 1277204 457618 1772.98042   59   49 1842.28597 1719.47737  6.67%  58.6 12382s
 1277850 457643     cutoff   58      1842.28597 1719.49027  6.67%  58.6 12385s
 1278556 457917 infeasible   81      1842.28597 1719.54404  6.66%  58.6 12390s
 1279262 458189 1813.04529   87   21 1842.28597 1719.56110  6.66%  58.6 12395s
 1280314 458295 1772.24164   49  276 1842.28597 1719.60010  6.66%  58.6 12400s
 1280708 458352 1751.81494   70  289 1842.28597 1719.61780  6.66%  58.6 12405s
 1281337 458509 infeasible   56      1842.28597 1719.63133  6.66%  58.6 12410s
 1282126 458746 infeasible   59      1842.28597 1719.65856  6.66%  58.6 12416s
 1283002 459108 1810.32185   66  399 1842.28597 1719.68558  6.65%  58.6 12422s
 1283446 459170 infeasible   93      1842.28597 1719.70761  6.65%  58.6 12425s
 1283991 459301 1818.38530   74  143 1842.28597 1719.71901  6.65%  58.6 12430s
 1284321 459534 1808.79492   79  234 1842.28597 1719.73260  6.65%  58.6 12437s
 1284914 459552 1776.76820   60  178 1842.28597 1719.74187  6.65%  58.6 12441s
 1285525 459779 1785.67810   86  272 1842.28597 1719.75524  6.65%  58.6 12458s
 1285906 459892 1776.85966   60  241 1842.28597 1719.77858  6.65%  58.6 12462s
 1286273 460332     cutoff   70      1842.28597 1719.78440  6.65%  58.6 12468s
 1287713 460341 infeasible   97      1842.28597 1719.82647  6.65%  58.5 12472s
 1287789 460453 1754.93608   61  204 1842.28597 1719.83471  6.65%  58.5 12475s
 1288802 460627     cutoff   66      1842.28597 1719.87148  6.64%  58.5 12480s
 1289534 460900 1823.26309   83   17 1842.28597 1719.89308  6.64%  58.5 12487s
 1290213 460956     cutoff   60      1842.28597 1719.91920  6.64%  58.5 12491s
 1290509 461145 1832.40508   78  197 1842.28597 1719.92003  6.64%  58.5 12497s
 1290969 461196 1771.60867   40  299 1842.28597 1719.92145  6.64%  58.5 12500s
 1291719 461503 1815.43986   62  155 1842.28597 1719.94203  6.64%  58.5 12507s
 1292216 461617 1810.92080   85   96 1842.28597 1719.94741  6.64%  58.5 12510s
 1293264 461987 infeasible   64      1842.28597 1719.98288  6.64%  58.5 12517s
 1293908 461992 1720.63518   76  214 1842.28597 1720.00521  6.64%  58.5 12521s
 1294479 462106 1834.77153   62  132 1842.28597 1720.02410  6.64%  58.5 12526s
 1295142 462373 1792.70692   57  104 1842.28597 1720.04483  6.64%  58.5 12530s
 1296013 462534     cutoff   64      1842.28597 1720.07493  6.63%  58.5 12547s
 1296183 463171 1815.17214   50  195 1842.28597 1720.07742  6.63%  58.5 12558s
 1298574 463176 1831.63736   62   42 1842.28597 1720.16694  6.63%  58.4 12561s
 1298683 463280 1749.41246   56  234 1842.28597 1720.17282  6.63%  58.4 12567s
 1299549 463373 infeasible   83      1842.28597 1720.19059  6.63%  58.4 12573s
 1299605 463455 1832.31767   67  169 1842.28597 1720.19521  6.63%  58.4 12576s
 1300222 463546 1801.07283   57   75 1842.28597 1720.21522  6.63%  58.4 12581s
 1300866 463841 1783.97606   62  340 1842.28597 1720.23033  6.63%  58.4 12585s
 1301430 464043 1726.62290   60  183 1842.28597 1720.23783  6.62%  58.4 12590s
 1302435 464174 infeasible   81      1842.28597 1720.28349  6.62%  58.4 12596s
 1302756 464361 infeasible   57      1842.28597 1720.28768  6.62%  58.4 12601s
 1303444 464606 1797.64217   48  110 1842.28597 1720.31736  6.62%  58.4 12606s
 1304551 464745 1757.69278   65   40 1842.28597 1720.35074  6.62%  58.4 12610s
 1305361 465004 1814.37189   60  186 1842.28597 1720.37680  6.62%  58.4 12615s
 1306221 465194     cutoff   62      1842.28597 1720.41295  6.62%  58.4 12633s
 1306419 465737 1728.05233   52   78 1842.28597 1720.41295  6.62%  58.4 12641s
 1308362 465761 1724.01581   67  650 1842.28597 1720.49051  6.61%  58.4 12645s
 1308551 465762 1801.30209   68  118 1842.28597 1720.49624  6.61%  58.4 12650s
 1308595 465789 1801.35735   70  118 1842.28597 1720.49624  6.61%  58.4 12657s
 1308621 465803 infeasible   71      1842.28597 1720.50422  6.61%  58.4 12660s
 1308747 466022 1771.65510   77  312 1842.28597 1720.51482  6.61%  58.4 12666s
 1309624 466266 1730.93957   48   56 1842.28597 1720.55042  6.61%  58.4 12671s
 1310529 466541 1774.33797   76  417 1842.28597 1720.57840  6.61%  58.3 12677s
 1311075 466590 1744.10298   57   49 1842.28597 1720.58923  6.61%  58.3 12680s
 1311841 466824 1780.19727   97  107 1842.28597 1720.62238  6.60%  58.3 12685s
 1312426 467064 infeasible   73      1842.28597 1720.63613  6.60%  58.3 12690s
 1313385 467238 1753.67401   68   48 1842.28597 1720.68153  6.60%  58.3 12697s
 1313916 467262 1770.69954   62  209 1842.28597 1720.69775  6.60%  58.3 12700s
 1314690 467622 1807.84256   59   19 1842.28597 1720.71943  6.60%  58.3 12705s
 1315322 467779 infeasible   74      1842.28597 1720.74438  6.60%  58.3 12710s
 1316093 467965 infeasible   60      1842.28597 1720.77743  6.60%  58.3 12716s
 1316635 468057 1720.79930   64  166 1842.28597 1720.79930  6.59%  58.3 12732s
 1317061 468188 1721.39900   68  208 1842.28597 1720.80218  6.59%  58.3 12736s
 1318217 468415     cutoff   75      1842.28597 1720.85403  6.59%  58.3 12742s
 1318435 468636 1806.46029   42  142 1842.28597 1720.86923  6.59%  58.3 12746s
 1319342 468668 1816.05470   55  148 1842.28597 1720.89988  6.59%  58.3 12752s
 1319443 468773 1734.96145   61  143 1842.28597 1720.90416  6.59%  58.3 12755s
 1320042 468941 infeasible   80      1842.28597 1720.91776  6.59%  58.3 12761s
 1321109 469247     cutoff   60      1842.28597 1720.93059  6.59%  58.3 12767s
 1321309 469509 1721.55199   40  283 1842.28597 1720.94557  6.59%  58.3 12770s
 1322206 469765 1831.69159   79    4 1842.28597 1720.97536  6.58%  58.3 12777s
 1322857 469819     cutoff   75      1842.28597 1720.98597  6.58%  58.3 12780s
 1323409 470118 1812.40257   65   35 1842.28597 1721.00815  6.58%  58.3 12786s
 1324127 470125 1822.53470   72  162 1842.28597 1721.02086  6.58%  58.3 12790s
 1324604 470309 infeasible   61      1842.28597 1721.04433  6.58%  58.3 12796s
 1325531 470511 infeasible   74      1842.28597 1721.07695  6.58%  58.3 12802s
 1325882 470618 1788.55605   53    6 1842.28597 1721.09309  6.58%  58.3 12806s
 1326560 470834 1723.06596   60   97 1842.28597 1721.11838  6.58%  58.2 12812s
 1327254 470887 1838.66064   60   36 1842.28597 1721.14906  6.58%  58.2 12827s
 1327434 471551 1826.73254   56  153 1842.28597 1721.15688  6.57%  58.2 12834s
 1329703 471550     cutoff   52      1842.28597 1721.22173  6.57%  58.2 12837s
 1329774 471575 1820.78159   67  101 1842.28597 1721.22601  6.57%  58.2 12841s
 1330362 471833 1826.63081   63  325 1842.28597 1721.24333  6.57%  58.2 12846s
 1330844 472037 1780.58674   69  469 1842.28597 1721.25419  6.57%  58.2 12851s
 1331487 472207 1815.16313   60  400 1842.28597 1721.27604  6.57%  58.2 12856s
 1332303 472427 infeasible   71      1842.28597 1721.30800  6.57%  58.2 12861s
 1332817 472536 1791.09858   61    9 1842.28597 1721.31576  6.57%  58.2 12866s
 1333705 472690 infeasible   52      1842.28597 1721.35408  6.56%  58.2 12870s
 1334221 472841 infeasible   60      1842.28597 1721.37236  6.56%  58.2 12875s
 1334661 472997 1820.51902   66  245 1842.28597 1721.39271  6.56%  58.2 12883s
 1334727 473224 infeasible   56      1842.28597 1721.39585  6.56%  58.2 12885s
 1335785 473360 1816.57444   65  199 1842.28597 1721.43110  6.56%  58.2 12891s
 1336494 473556 1803.65665   64  107 1842.28597 1721.45131  6.56%  58.2 12897s
 1337193 473794 1811.46891   50  109 1842.28597 1721.47486  6.56%  58.2 12902s
 1337633 473870 1802.50041   68  137 1842.28597 1721.48438  6.56%  58.2 12916s
 1337857 474367 1781.82806   61   95 1842.28597 1721.49193  6.56%  58.1 12923s
 1339453 474382 1789.39071   51  105 1842.28597 1721.54232  6.55%  58.1 12925s
 1340223 474618 1828.62635   73   18 1842.28597 1721.57753  6.55%  58.1 12932s
 1341143 474837 1803.76386   63   18 1842.28597 1721.61362  6.55%  58.1 12936s
 1341972 475209 1838.42525  105   18 1842.28597 1721.64735  6.55%  58.1 12941s
 1342639 475404 1837.47467   72  183 1842.28597 1721.67530  6.55%  58.1 12946s
 1343410 475535     cutoff   62      1842.28597 1721.68671  6.55%  58.1 12950s
 1344072 475698     cutoff   60      1842.28597 1721.71629  6.54%  58.1 12956s
 1344775 475936 1785.16241   62   46 1842.28597 1721.73181  6.54%  58.1 12961s
 1345206 475977     cutoff   65      1842.28597 1721.73652  6.54%  58.1 12966s
 1345779 476258 1753.46152   60  130 1842.28597 1721.77422  6.54%  58.1 12972s
 1346382 476254 infeasible   72      1842.28597 1721.79796  6.54%  58.1 12975s
 1346934 476429     cutoff   69      1842.28597 1721.82328  6.54%  58.1 12980s
 1347774 476685     cutoff   77      1842.28597 1721.84496  6.54%  58.1 12985s
 1347897 476962 1800.64132   64   85 1842.28597 1721.84981  6.54%  58.1 13002s
 1348808 476999 1801.97602   60   52 1842.28597 1721.89023  6.54%  58.0 13005s
 1349471 477169     cutoff   50      1842.28597 1721.91404  6.53%  58.0 13010s
 1349786 477291 infeasible   64      1842.28597 1721.91549  6.53%  58.0 13016s
 1349975 477547 infeasible   89      1842.28597 1721.91616  6.53%  58.0 13020s
 1350903 477783 infeasible   60      1842.28597 1721.93745  6.53%  58.0 13025s
 1351983 477957 infeasible   74      1842.28597 1721.96920  6.53%  58.0 13030s
 1352558 478145 infeasible   84      1842.28597 1721.99508  6.53%  58.0 13035s
 1353283 478419 1722.44494   77  161 1842.28597 1722.00633  6.53%  58.0 13041s
 1353926 478676     cutoff   69      1842.28597 1722.02929  6.53%  58.0 13046s
 1355023 478879 1816.68997   62  197 1842.28597 1722.05938  6.53%  58.0 13051s
 1355788 479181     cutoff   52      1842.28597 1722.09420  6.52%  58.0 13055s
 1356590 479365 infeasible   65      1842.28597 1722.12265  6.52%  57.9 13060s
 1357068 479488 1794.95888   73  113 1842.28597 1722.14235  6.52%  57.9 13065s
 1357447 479668 1775.48538   65  190 1842.28597 1722.16506  6.52%  57.9 13071s
 1358443 479923     cutoff   66      1842.28597 1722.19341  6.52%  57.9 13090s
 1359608 480139 infeasible   81      1842.28597 1722.23854  6.52%  57.9 13098s
 1359672 480325 1793.54991   69  421 1842.28597 1722.24341  6.52%  57.9 13101s
 1360521 480577 1780.33227   61  189 1842.28597 1722.27009  6.51%  57.9 13107s
 1361167 480778 1812.18873   79   86 1842.28597 1722.28404  6.51%  57.9 13110s
 1362273 481021 1806.14646   58  198 1842.28597 1722.33251  6.51%  57.9 13117s
 1362729 481223 infeasible   61      1842.28597 1722.34748  6.51%  57.9 13120s
 1363558 481482     cutoff   65      1842.28597 1722.37022  6.51%  57.8 13125s
 1364808 481754 1818.80692   78   38 1842.28597 1722.42434  6.51%  57.8 13130s
 1365616 482089 1819.19729   79  360 1842.28597 1722.45235  6.50%  57.8 13135s
 1366069 482090 1782.51235   66  353 1842.28597 1722.46157  6.50%  57.8 13141s
 1366534 482323 1724.52051   44   36 1842.28597 1722.47165  6.50%  57.8 13146s
 1367225 482524 infeasible   79      1842.28597 1722.48573  6.50%  57.8 13152s
 1368037 482700 1828.14813   45  129 1842.28597 1722.52552  6.50%  57.8 13156s
 1368575 482917 1809.14381   71  122 1842.28597 1722.55448  6.50%  57.8 13162s
 1368994 482935 1824.99667   71   28 1842.28597 1722.55991  6.50%  57.8 13176s
 1369167 483298 infeasible   65      1842.28597 1722.57178  6.50%  57.8 13185s
 1370726 483487 1791.43672   80  242 1842.28597 1722.62503  6.50%  57.8 13191s
 1371418 483820 1779.63294   62   47 1842.28597 1722.64136  6.49%  57.8 13197s
 1372815 484026 1812.32585   66  222 1842.28597 1722.68348  6.49%  57.8 13201s
 1373559 484194 1812.60021   65  207 1842.28597 1722.70471  6.49%  57.8 13205s
 1374664 484456     cutoff   65      1842.28597 1722.75183  6.49%  57.8 13211s
 1375197 484629 infeasible   58      1842.28597 1722.79264  6.49%  57.8 13215s
 1376402 484822     cutoff   65      1842.28597 1722.82145  6.48%  57.8 13221s
 1377111 485011 1722.95690   64  235 1842.28597 1722.85855  6.48%  57.8 13226s
 1377636 485121 1775.72565   67  413 1842.28597 1722.88151  6.48%  57.8 13231s
 1377920 485331 1823.68350   72  258 1842.28597 1722.89183  6.48%  57.8 13236s
 1379198 485697 1812.24078   72   10 1842.28597 1722.92830  6.48%  57.7 13253s
 1379539 486145     cutoff   74      1842.28597 1722.93595  6.48%  57.7 13257s
 1381146 486416 1723.76077   56  171 1842.28597 1722.98019  6.48%  57.7 13261s
 1382152 486553 1749.11304   57   84 1842.28597 1723.00714  6.47%  57.7 13265s
 1383378 486994 1759.79660   64  190 1842.28597 1723.04544  6.47%  57.7 13271s
 1383751 487127 1795.28666   56  678 1842.28597 1723.05514  6.47%  57.7 13275s
 1384561 487426 1812.46545   75  663 1842.28597 1723.07753  6.47%  57.7 13281s
 1385268 487622 1776.55871   71  218 1842.28597 1723.09358  6.47%  57.7 13285s
 1386405 487764     cutoff   46      1842.28597 1723.13596  6.47%  57.6 13290s
 1387723 488161 1841.88809   77   48 1842.28597 1723.16917  6.47%  57.6 13295s
 1389083 488558 infeasible   46      1842.28597 1723.19680  6.46%  57.6 13301s
 1389686 488745 infeasible   71      1842.28597 1723.22193  6.46%  57.6 13317s
 1390089 488796 1742.62643   51   10 1842.28597 1723.23152  6.46%  57.6 13321s
 1390348 489055 1723.42446   78  213 1842.28597 1723.24715  6.46%  57.6 13325s
 1391205 489067 infeasible   89      1842.28597 1723.26557  6.46%  57.6 13330s
 1391746 489238 infeasible   66      1842.28597 1723.28112  6.46%  57.6 13336s
 1392683 489670 1775.40344   63  342 1842.28597 1723.31327  6.46%  57.6 13342s
 1393550 489954 1723.89531   59  244 1842.28597 1723.36543  6.46%  57.6 13347s
 1394436 490096     cutoff   75      1842.28597 1723.38845  6.45%  57.6 13351s
 1395404 490279 1765.36995   57   50 1842.28597 1723.42079  6.45%  57.6 13356s
 1395868 490503 1788.82369   58  152 1842.28597 1723.44100  6.45%  57.6 13361s
 1396681 490795 1796.01996   60  193 1842.28597 1723.47198  6.45%  57.5 13367s
 1398357 491115 1796.21893   56   44 1842.28597 1723.52249  6.45%  57.5 13371s
 1399105 491374 1801.90379   65    5 1842.28597 1723.53971  6.45%  57.5 13375s
 1400473 491720 1828.23175   85   22 1842.28597 1723.58139  6.44%  57.5 13393s
 1400806 492098 1724.90782   55   69 1842.28597 1723.58721  6.44%  57.5 13396s
 1402575 492191 1825.28209   75   38 1842.28597 1723.64974  6.44%  57.4 13401s
 1403206 492415 infeasible   78      1842.28597 1723.66593  6.44%  57.4 13405s
 1404219 492780     cutoff   42      1842.28597 1723.69820  6.44%  57.4 13411s
 1405133 492890 infeasible   69      1842.28597 1723.72058  6.44%  57.4 13415s
 1406252 493304 1810.66228   51    4 1842.28597 1723.75761  6.43%  57.4 13421s
 1407044 493429 1776.28579   48   14 1842.28597 1723.79031  6.43%  57.4 13426s
 1407624 493606 1778.84590   61  105 1842.28597 1723.80357  6.43%  57.4 13431s
 1408827 493731 infeasible   43      1842.28597 1723.85603  6.43%  57.3 13437s
 1409498 493986 1836.66620   57  147 1842.28597 1723.86634  6.43%  57.3 13442s
 1410420 494218 1829.18552   63   20 1842.28597 1723.90160  6.43%  57.3 13445s
 1411280 494732     cutoff   72      1842.28597 1723.91429  6.43%  57.3 13461s
 1412939 495118 1780.17076   52   98 1842.28597 1723.94940  6.42%  57.3 13466s
 1413572 495169 1724.13681   57   53 1842.28597 1723.97091  6.42%  57.3 13470s
 1414306 495474     cutoff   55      1842.28597 1723.98577  6.42%  57.3 13476s
 1415262 495636 1819.84612   55  247 1842.28597 1724.01256  6.42%  57.2 13480s
 1416187 495931 1832.63121   72   73 1842.28597 1724.04115  6.42%  57.2 13487s
 1416673 496144 infeasible   59      1842.28597 1724.05889  6.42%  57.2 13491s
 1417351 496370 infeasible   58      1842.28597 1724.06922  6.42%  57.2 13495s
 1418391 496689 infeasible   43      1842.28597 1724.12167  6.41%  57.2 13501s
 1419185 496901 1821.26320   63  255 1842.28597 1724.13441  6.41%  57.2 13505s
 1420418 497250 1814.97716   55  413 1842.28597 1724.17591  6.41%  57.2 13512s
 1421215 497468 1784.00143   51  106 1842.28597 1724.19685  6.41%  57.2 13515s
 1421660 497650 1773.42692   53  177 1842.28597 1724.20988  6.41%  57.2 13529s
 1422381 497685 1769.67830   66  112 1842.28597 1724.22939  6.41%  57.2 13532s
 1423414 497968     cutoff   56      1842.28597 1724.26908  6.41%  57.1 13535s
 1424711 498386 1757.87733   60   59 1842.28597 1724.30021  6.40%  57.1 13541s
 1425791 498753 1832.87931   70  686 1842.28597 1724.33141  6.40%  57.1 13546s
 1426392 498891     cutoff   69      1842.28597 1724.34300  6.40%  57.1 13550s
 1427196 499030 1752.08540   56   70 1842.28597 1724.37233  6.40%  57.1 13555s
 1428035 499310 infeasible   42      1842.28597 1724.39600  6.40%  57.1 13560s
 1429307 499622 infeasible   83      1842.28597 1724.42761  6.40%  57.0 13566s
 1430038 499885     cutoff   60      1842.28597 1724.44973  6.40%  57.0 13570s
 1430885 500008 1748.92237   57   69 1842.28597 1724.46867  6.40%  57.0 13576s
 1431414 500176 1794.96963   58   26 1842.28597 1724.47822  6.39%  57.0 13580s
 1431896 500306 1794.96963   60   26 1842.28597 1724.48973  6.39%  57.0 13596s
 1431979 501263 1794.96963   61   26 1842.28597 1724.49836  6.39%  57.0 13613s
 1435013 501298 1835.85193   75   10 1842.28597 1724.57457  6.39%  57.0 13615s
 1435917 501537     cutoff   87      1842.28597 1724.61151  6.39%  56.9 13621s
 1436706 501917 1834.24761  106   50 1842.28597 1724.62537  6.39%  56.9 13626s
 1437513 502024 infeasible   67      1842.28597 1724.64899  6.39%  56.9 13631s
 1438365 502088 1841.62669   65  184 1842.28597 1724.68071  6.38%  56.9 13638s
 1438480 502245 1725.32864   85  415 1842.28597 1724.68815  6.38%  56.9 13641s
 1439659 502426     cutoff   51      1842.28597 1724.71583  6.38%  56.9 13646s
 1440317 502745 1830.70700   78  193 1842.28597 1724.74079  6.38%  56.9 13650s
 1440870 502952 1810.98453   50    7 1842.28597 1724.76067  6.38%  56.9 13656s
 1441728 503160 1796.99509   51   19 1842.28597 1724.77324  6.38%  56.9 13660s
 1442271 503289     cutoff   65      1842.28597 1724.79937  6.38%  56.9 13674s
 1442747 503388 1815.70328   75  187 1842.28597 1724.81124  6.38%  56.9 13678s
 1443394 503442 1812.08406   59   24 1842.28597 1724.85665  6.37%  56.9 13680s
 1444358 503708 1794.65614   55    5 1842.28597 1724.89335  6.37%  56.8 13686s
 1445480 503982 1819.08842   65   52 1842.28597 1724.91542  6.37%  56.8 13691s
 1446475 504415 1804.64890   74  337 1842.28597 1724.94339  6.37%  56.8 13695s
 1447780 504729 infeasible   72      1842.28597 1724.98100  6.37%  56.8 13701s
 1449009 505188     cutoff   64      1842.28597 1725.02040  6.37%  56.8 13706s
 1450043 505473     cutoff   62      1842.28597 1725.04481  6.36%  56.7 13710s
 1451261 505799     cutoff   70      1842.28597 1725.07990  6.36%  56.7 13716s
 1451802 506068 1725.46812   48   61 1842.28597 1725.09847  6.36%  56.7 13721s
 1452564 506355 infeasible   58      1842.28597 1725.12235  6.36%  56.7 13738s
 1453358 506383     cutoff   73      1842.28597 1725.13535  6.36%  56.7 13740s
 1454349 506792 1819.05705   75   29 1842.28597 1725.16953  6.36%  56.7 13745s
 1455594 507161 infeasible   67      1842.28597 1725.22065  6.35%  56.7 13751s
 1456465 507460     cutoff   75      1842.28597 1725.25242  6.35%  56.7 13755s
 1457663 507783 1836.47381   81  527 1842.28597 1725.28986  6.35%  56.6 13762s
 1458264 508026 1834.43921   62   14 1842.28597 1725.30485  6.35%  56.6 13766s
 1459387 508326 1817.99502   63   72 1842.28597 1725.33609  6.35%  56.6 13770s
 1460858 508649 infeasible   68      1842.28597 1725.37544  6.35%  56.6 13776s
 1461472 508800 1824.79232   78  188 1842.28597 1725.38169  6.35%  56.6 13781s
 1462493 509001 1738.82298   63   66 1842.28597 1725.42549  6.34%  56.6 13785s
 1463088 509265 1826.31458   76  231 1842.28597 1725.44066  6.34%  56.6 13800s
 1464180 509532 1802.94248   50   18 1842.28597 1725.48942  6.34%  56.5 13805s
 1465474 509995     cutoff   52      1842.28597 1725.52942  6.34%  56.5 13812s
 1466324 510154 1765.44065   65  219 1842.28597 1725.56036  6.34%  56.5 13816s
 1467597 510474 1816.36012   70   42 1842.28597 1725.59046  6.33%  56.5 13821s
 1468115 510660 1736.77499   56  259 1842.28597 1725.60733  6.33%  56.5 13825s
 1469174 510755     cutoff   87      1842.28597 1725.63471  6.33%  56.5 13830s
 1470135 511028 1819.18614   69    7 1842.28597 1725.67799  6.33%  56.5 13836s
 1471481 511383 1761.67632   50   78 1842.28597 1725.72770  6.33%  56.4 13841s
 1472168 511674 1794.09132   52   80 1842.28597 1725.75374  6.33%  56.4 13845s
 1473303 511903 infeasible   68      1842.28597 1725.81361  6.32%  56.4 13862s
 1473650 512212     cutoff   79      1842.28597 1725.83069  6.32%  56.4 13867s
 1474832 512459 infeasible   89      1842.28597 1725.88318  6.32%  56.4 13872s
 1476117 512865 1731.88066   82  162 1842.28597 1725.91449  6.32%  56.4 13876s
 1477000 513070 infeasible   72      1842.28597 1725.94665  6.31%  56.4 13881s
 1477666 513422 1743.56579   68   17 1842.28597 1725.96863  6.31%  56.3 13885s
 1478277 513600 1840.27500   64  127 1842.28597 1725.98028  6.31%  56.3 13890s
 1479574 513959 1796.64868   54    9 1842.28597 1726.01315  6.31%  56.3 13896s
 1480278 514290 1805.27301   69  170 1842.28597 1726.04807  6.31%  56.3 13901s
 1480760 514287 infeasible   61      1842.28597 1726.05887  6.31%  56.3 13905s
 1481545 514711     cutoff   71      1842.28597 1726.09733  6.31%  56.3 13912s
 1482531 514903     cutoff   73      1842.28597 1726.11381  6.31%  56.3 13916s
 1483532 515314 infeasible   73      1842.28597 1726.14775  6.30%  56.3 13931s
 1484966 515687 1832.04862   68  113 1842.28597 1726.18441  6.30%  56.3 13936s
 1485611 515953 1837.16061   74  390 1842.28597 1726.20687  6.30%  56.2 13941s
 1486142 516112 1782.33853   71   89 1842.28597 1726.22639  6.30%  56.2 13946s
 1486765 516305 1754.25534   60   80 1842.28597 1726.24192  6.30%  56.2 13950s
 1487847 516607 1817.28431   54   56 1842.28597 1726.28126  6.30%  56.2 13956s
 1488473 516807 1790.74178   69   80 1842.28597 1726.29274  6.30%  56.2 13961s
 1489598 516960     cutoff   72      1842.28597 1726.32909  6.29%  56.2 13965s
 1490129 517160 1726.39607   65  206 1842.28597 1726.34379  6.29%  56.2 13970s
 1490991 517382 1801.14426   59  149 1842.28597 1726.37126  6.29%  56.2 13977s
 1491324 517390 1823.90560   71   28 1842.28597 1726.37555  6.29%  56.2 13980s
 1492226 517866 1812.76384   79  205 1842.28597 1726.41466  6.29%  56.2 13986s
 1492932 517996 1804.16755   80  313 1842.28597 1726.43296  6.29%  56.2 13990s
 1493893 518181 1821.10019   67  198 1842.28597 1726.46109  6.29%  56.1 14007s
 1494327 518376 1832.97112   72  131 1842.28597 1726.48185  6.29%  56.1 14011s
 1495172 518648 1791.76409   49    6 1842.28597 1726.50556  6.28%  56.1 14017s
 1495968 518718 1800.61058   60    5 1842.28597 1726.52027  6.28%  56.1 14022s
 1496191 518961     cutoff   79      1842.28597 1726.52518  6.28%  56.1 14025s
 1497320 519225 1754.47502   54  179 1842.28597 1726.55918  6.28%  56.1 14031s
 1498105 519427     cutoff   74      1842.28597 1726.57702  6.28%  56.1 14035s
 1499177 519617 1792.56578   51    6 1842.28597 1726.62611  6.28%  56.1 14040s
 1500103 519861 1834.29979   79  161 1842.28597 1726.65423  6.28%  56.0 14045s
 1500723 520034 1825.78630   76   42 1842.28597 1726.68022  6.28%  56.0 14050s
 1501817 520233 infeasible   78      1842.28597 1726.73010  6.27%  56.0 14057s
 1502231 520328 infeasible   76      1842.28597 1726.74257  6.27%  56.0 14060s
 1502440 520363 1830.12573   84   38 1842.28597 1726.74625  6.27%  56.0 14065s
 1502513 520392 infeasible   82      1842.28597 1726.74733  6.27%  56.0 14071s
 1502743 520624 1795.13470   59    4 1842.28597 1726.75999  6.27%  56.0 14076s
 1504055 520811 1785.05718   51  164 1842.28597 1726.79373  6.27%  56.0 14080s
 1504107 521026 1791.65450   60    9 1842.28597 1726.79373  6.27%  56.0 14094s
 1504869 521042 infeasible   79      1842.28597 1726.81696  6.27%  56.0 14096s
 1505723 521255 1819.03208   54   38 1842.28597 1726.83544  6.27%  56.0 14101s
 1506405 521564 infeasible   59      1842.28597 1726.86504  6.27%  56.0 14105s
 1507517 521877     cutoff   67      1842.28597 1726.89979  6.26%  55.9 14111s
 1508193 522073 1795.87559   61   58 1842.28597 1726.91953  6.26%  55.9 14115s
 1509286 522437 1823.25557   86  187 1842.28597 1726.94801  6.26%  55.9 14121s
 1510153 522735 1830.13464   74   13 1842.28597 1726.97741  6.26%  55.9 14126s
 1510828 523041 infeasible   75      1842.28597 1726.98956  6.26%  55.9 14132s
 1512017 523218 infeasible   82      1842.28597 1727.04383  6.26%  55.9 14135s
 1513203 523591 infeasible   58      1842.28597 1727.07504  6.25%  55.9 14141s
 1514071 523934 1765.02608   73  318 1842.28597 1727.10535  6.25%  55.8 14147s
 1514586 523978     cutoff   90      1842.28597 1727.11783  6.25%  55.8 14161s
 1514797 524642 1780.61423   69  215 1842.28597 1727.13110  6.25%  55.8 14170s
 1517975 524885 1819.33339   87  703 1842.28597 1727.22123  6.25%  55.8 14176s
 1518791 525248 1762.76191   65   88 1842.28597 1727.24372  6.24%  55.8 14181s
 1519239 525279 infeasible   92      1842.28597 1727.26511  6.24%  55.8 14185s
 1520275 525653 infeasible   68      1842.28597 1727.29328  6.24%  55.7 14191s
 1520997 525807 infeasible   79      1842.28597 1727.32065  6.24%  55.7 14195s
 1521842 526138 1737.78135   77   34 1842.28597 1727.34326  6.24%  55.7 14200s
 1523081 526475 1796.15443   57   10 1842.28597 1727.38551  6.24%  55.7 14206s
 1523816 526676 infeasible   83      1842.28597 1727.41183  6.24%  55.7 14210s
 1524738 526766 1832.89093   69   28 1842.28597 1727.44817  6.23%  55.7 14215s
 1524867 527044 infeasible   75      1842.28597 1727.45250  6.23%  55.7 14232s
 1525802 527180 1832.43872   80   73 1842.28597 1727.48078  6.23%  55.7 14236s
 1526512 527383     cutoff   67      1842.28597 1727.50194  6.23%  55.7 14240s
 1527657 527622     cutoff   88      1842.28597 1727.53056  6.23%  55.6 14246s
 1528098 527804 1801.52492   65   62 1842.28597 1727.54512  6.23%  55.6 14250s
 1529467 528145 1727.61715   72  163 1842.28597 1727.58086  6.23%  55.6 14257s
 1529978 528151     cutoff   84      1842.28597 1727.59678  6.23%  55.6 14261s
 1530628 528507     cutoff   77      1842.28597 1727.61996  6.22%  55.6 14266s
 1531382 528733     cutoff   69      1842.28597 1727.63406  6.22%  55.6 14270s
 1532580 528979 1832.57882   83  587 1842.28597 1727.66367  6.22%  55.6 14277s
 1533139 529201 infeasible   79      1842.28597 1727.68347  6.22%  55.6 14281s
 1534269 529352     cutoff   84      1842.28597 1727.72280  6.22%  55.6 14285s
 1535049 529698 1817.27055   69  230 1842.28597 1727.76157  6.22%  55.6 14290s
 1535590 529761 1822.41695   68   76 1842.28597 1727.77726  6.22%  55.5 14305s
 1535872 530105 1748.18560   54  385 1842.28597 1727.79619  6.21%  55.5 14310s
 1537223 530335 1795.85705   70  110 1842.28597 1727.83069  6.21%  55.5 14316s
 1538076 530482 1822.70068   67   97 1842.28597 1727.86486  6.21%  55.5 14321s
 1538926 530740     cutoff   61      1842.28597 1727.89478  6.21%  55.5 14325s
 1540023 530927 1797.20133   74   61 1842.28597 1727.92419  6.21%  55.5 14331s
 1540817 531298 1823.28647   53  109 1842.28597 1727.94200  6.21%  55.5 14336s
 1542277 531732 1820.72612   59  436 1842.28597 1727.98336  6.20%  55.5 14341s
 1543222 532021 infeasible   60      1842.28597 1728.02192  6.20%  55.4 14345s
 1544457 532419 1729.72050   75  204 1842.28597 1728.06379  6.20%  55.4 14351s
 1544972 532606 infeasible   46      1842.28597 1728.07913  6.20%  55.4 14356s
 1545872 533018 1792.15078   47   19 1842.28597 1728.10560  6.20%  55.4 14373s
 1547021 533050 infeasible   69      1842.28597 1728.14782  6.20%  55.4 14375s
 1547895 533284 1802.31939   56  158 1842.28597 1728.17772  6.19%  55.4 14382s
 1548254 533491 1729.00724   70  222 1842.28597 1728.18839  6.19%  55.4 14385s
 1549539 533782 1728.30372   62  196 1842.28597 1728.23548  6.19%  55.4 14390s
 1550489 534020 infeasible   81      1842.28597 1728.26413  6.19%  55.3 14395s
 1551425 534327 1728.84615   61  205 1842.28597 1728.28977  6.19%  55.3 14401s
 1552589 534694     cutoff   62      1842.28597 1728.33711  6.19%  55.3 14406s
 1553796 534953 1774.75685   74  236 1842.28597 1728.37259  6.18%  55.3 14411s
 1554839 535279     cutoff   65      1842.28597 1728.41587  6.18%  55.3 14416s
 1555628 535377 1824.72887   65   28 1842.28597 1728.42558  6.18%  55.3 14420s
 1555683 535380 1824.72887   68    6 1842.28597 1728.42647  6.18%  55.3 14425s
 1556407 535794 1804.35690   48    3 1842.28597 1728.45878  6.18%  55.3 14443s
 1557015 535997 1827.53677   60  310 1842.28597 1728.48908  6.18%  55.2 14445s
 1558475 536327 1808.89696   66    2 1842.28597 1728.53277  6.17%  55.2 14451s
 1559397 536732 1787.88481   59   49 1842.28597 1728.56885  6.17%  55.2 14456s
 1560678 536947 1775.23791   63   92 1842.28597 1728.59198  6.17%  55.2 14460s
 1561508 537289 infeasible   72      1842.28597 1728.61823  6.17%  55.2 14467s
 1562321 537519 1825.50292   62  148 1842.28597 1728.64041  6.17%  55.2 14470s
 1563687 537846 infeasible   58      1842.28597 1728.67589  6.17%  55.1 14476s
 1564764 537992 1781.77252   61  245 1842.28597 1728.72372  6.16%  55.1 14480s
 1565957 538352 1786.39246   69  203 1842.28597 1728.75486  6.16%  55.1 14486s
 1566680 538666 infeasible   83      1842.28597 1728.77437  6.16%  55.1 14504s
 1567582 538679     cutoff   70      1842.28597 1728.79717  6.16%  55.1 14507s
 1568104 538880 1758.69068   74  141 1842.28597 1728.80863  6.16%  55.1 14512s
 1568568 538898 1805.87635   61   74 1842.28597 1728.82819  6.16%  55.1 14516s
 1569041 539251 1835.58422   68  623 1842.28597 1728.84815  6.16%  55.1 14520s
 1569711 539453 1837.86683   58  112 1842.28597 1728.85566  6.16%  55.1 14525s
 1570813 539603 1823.59718   61  137 1842.28597 1728.88782  6.16%  55.1 14530s
 1571387 539871 1789.51155   60  925 1842.28597 1728.89862  6.15%  55.0 14535s
 1572552 540205 infeasible   50      1842.28597 1728.93178  6.15%  55.0 14541s
 1573118 540372     cutoff   66      1842.28597 1728.94210  6.15%  55.0 14546s
 1573886 540501 infeasible   92      1842.28597 1728.96077  6.15%  55.0 14550s
 1575019 540773 infeasible   67      1842.28597 1728.98998  6.15%  55.0 14557s
 1575251 540942 1824.64601   76   55 1842.28597 1728.99540  6.15%  55.0 14560s
 1576555 541332 infeasible   71      1842.28597 1729.03660  6.15%  55.0 14567s
 1577173 541581 1799.66930   58   39 1842.28597 1729.04863  6.15%  55.0 14582s
 1578190 541630     cutoff   65      1842.28597 1729.07957  6.14%  55.0 14586s
 1578646 541699 1784.51635   63  234 1842.28597 1729.09496  6.14%  55.0 14592s
 1578677 541812     cutoff   64      1842.28597 1729.09496  6.14%  55.0 14595s
 1579734 542055 1753.34106   62  109 1842.28597 1729.14961  6.14%  54.9 14601s
 1580431 542272 infeasible   57      1842.28597 1729.17511  6.14%  54.9 14606s
 1581585 542407 infeasible   44      1842.28597 1729.22191  6.14%  54.9 14611s
 1582197 542583 1803.26701   60    7 1842.28597 1729.24466  6.14%  54.9 14616s
 1582743 542882 1813.98275   74  144 1842.28597 1729.26160  6.14%  54.9 14622s
 1583512 543015 1748.25485   57  101 1842.28597 1729.28320  6.13%  54.9 14627s
 1584224 543174 1731.50808   65  263 1842.28597 1729.30571  6.13%  54.9 14631s
 1584918 543425 1810.32590   61  130 1842.28597 1729.33010  6.13%  54.9 14636s
 1585743 543619 1797.62561   59    9 1842.28597 1729.36409  6.13%  54.9 14640s
 1587119 543945 infeasible   75      1842.28597 1729.41883  6.13%  54.9 14646s
 1587664 544101 infeasible   63      1842.28597 1729.43678  6.13%  54.8 14662s
 1588526 544304 1823.98281   55    2 1842.28597 1729.47648  6.12%  54.8 14667s
 1589354 544387 1797.93628   64   18 1842.28597 1729.50672  6.12%  54.8 14670s
 1590390 544717     cutoff   63      1842.28597 1729.52722  6.12%  54.8 14676s
 1591415 544895 infeasible   61      1842.28597 1729.56061  6.12%  54.8 14681s
 1592180 545160 1815.21127   67  112 1842.28597 1729.57633  6.12%  54.8 14686s
 1593030 545302 1821.57066   56  138 1842.28597 1729.60225  6.12%  54.8 14692s
 1593729 545621 1753.81298   54   12 1842.28597 1729.61944  6.12%  54.8 14697s
 1594327 545720     cutoff   56      1842.28597 1729.63796  6.11%  54.8 14702s
 1595244 545928 1803.86454   62    6 1842.28597 1729.66933  6.11%  54.8 14705s
 1596008 546124 1838.65989   77  140 1842.28597 1729.69073  6.11%  54.7 14711s
 1596735 546273 1813.05738   69    8 1842.28597 1729.71754  6.11%  54.7 14717s
 1597377 546387 1804.93617   53    7 1842.28597 1729.73115  6.11%  54.7 14724s
 1597447 546543 1811.04962   65   90 1842.28597 1729.73200  6.11%  54.7 14727s
 1598158 546786 1801.71355   63   83 1842.28597 1729.74915  6.11%  54.7 14743s
 1599167 546785 1806.71101   74    7 1842.28597 1729.77396  6.11%  54.7 14745s
 1599793 547101 1818.42475   72  531 1842.28597 1729.81174  6.11%  54.7 14751s
 1600694 547218 1840.94562   72   29 1842.28597 1729.84828  6.10%  54.7 14755s
 1601591 547395 1786.03866   66  221 1842.28597 1729.88121  6.10%  54.7 14760s
 1602188 547521 1770.91338   56  104 1842.28597 1729.89603  6.10%  54.7 14765s
 1602950 547923 1730.08979   81  650 1842.28597 1729.92049  6.10%  54.7 14770s
 1604142 548270 infeasible   54      1842.28597 1729.96405  6.10%  54.6 14776s
 1605510 548524 1800.00338   56    2 1842.28597 1730.01159  6.09%  54.6 14780s
 1606108 548843 1784.36844   65   54 1842.28597 1730.03057  6.09%  54.6 14785s
 1607124 549123 infeasible   76      1842.28597 1730.06137  6.09%  54.6 14790s
 1608270 549371 infeasible   71      1842.28597 1730.10918  6.09%  54.6 14796s
 1608628 549631 1836.04267   63   45 1842.28597 1730.11756  6.09%  54.6 14811s
 1609463 549633     cutoff   59      1842.28597 1730.13273  6.09%  54.6 14817s
 1609539 549750 1835.37720   61  112 1842.28597 1730.13617  6.09%  54.6 14820s
 1610878 550174 1778.08430   69   68 1842.28597 1730.18234  6.09%  54.6 14826s
 1611662 550390     cutoff   62      1842.28597 1730.20114  6.08%  54.5 14830s
 1613259 550691 1787.34671   53  139 1842.28597 1730.25907  6.08%  54.5 14836s
 1613879 550973 infeasible   72      1842.28597 1730.28051  6.08%  54.5 14840s
 1615165 551268     cutoff   72      1842.28597 1730.31843  6.08%  54.5 14847s
 1615918 551416 1822.65687   67  134 1842.28597 1730.34703  6.08%  54.5 14851s
 1616427 551587 1748.99879   68   64 1842.28597 1730.35770  6.08%  54.5 14855s
 1617510 551915 1797.34620   66   30 1842.28597 1730.39093  6.07%  54.5 14861s
 1618614 552145 infeasible   66      1842.28597 1730.42411  6.07%  54.4 14865s
 1619149 552479 1829.50143   64  395 1842.28597 1730.44407  6.07%  54.4 14883s
 1620039 552495 1840.17276   52  119 1842.28597 1730.47043  6.07%  54.4 14885s
 1621210 552727     cutoff   52      1842.28597 1730.50845  6.07%  54.4 14891s
 1621947 552953 1834.38372   60   72 1842.28597 1730.53689  6.07%  54.4 14895s
 1622588 553063 infeasible   58      1842.28597 1730.56314  6.06%  54.4 14900s
 1623159 553231 infeasible   72      1842.28597 1730.57324  6.06%  54.4 14905s
 1623704 553443 1823.53361   54   15 1842.28597 1730.59254  6.06%  54.4 14910s
 1624346 553608     cutoff   65      1842.28597 1730.60718  6.06%  54.4 14915s
 1625658 553829 infeasible   54      1842.28597 1730.64284  6.06%  54.4 14920s
 1626562 554057 infeasible   66      1842.28597 1730.66135  6.06%  54.3 14925s
 1627395 554221 1775.16539   61  163 1842.28597 1730.68975  6.06%  54.3 14930s
 1628335 554549 infeasible   79      1842.28597 1730.74085  6.05%  54.3 14936s
 1628891 554654 1829.09742   53  131 1842.28597 1730.75901  6.05%  54.3 14940s
 1629507 554942 1801.11560   67   96 1842.28597 1730.77424  6.05%  54.3 14959s
 1630502 554960 1826.60862   82  196 1842.28597 1730.80778  6.05%  54.3 14961s
 1630976 555105 1745.10301   59  268 1842.28597 1730.83141  6.05%  54.3 14965s
 1631416 555264 infeasible   73      1842.28597 1730.83574  6.05%  54.3 14970s
 1632778 555612 1749.45934   65   37 1842.28597 1730.90259  6.05%  54.3 14977s
 1634009 555817 infeasible   72      1842.28597 1730.92691  6.04%  54.2 14981s
 1634673 556151 1804.50124   58    2 1842.28597 1730.94960  6.04%  54.2 14985s
 1636001 556364     cutoff   64      1842.28597 1730.98521  6.04%  54.2 14990s
 1636772 556542 1839.44617   54  144 1842.28597 1731.00479  6.04%  54.2 14996s
 1638231 556928 infeasible   61      1842.28597 1731.04734  6.04%  54.2 15001s
 1639127 557211 1783.74241   57  134 1842.28597 1731.08073  6.04%  54.2 15006s
 1639900 557469 1798.46452   77  329 1842.28597 1731.08827  6.04%  54.1 15021s
 1640846 557612 infeasible   65      1842.28597 1731.14054  6.03%  54.1 15026s
 1642289 557979     cutoff   61      1842.28597 1731.17855  6.03%  54.1 15031s
 1642742 558157     cutoff   67      1842.28597 1731.19182  6.03%  54.1 15035s
 1644100 558487 1821.50568   81  121 1842.28597 1731.22984  6.03%  54.1 15040s
 1645731 558876 infeasible   87      1842.28597 1731.28314  6.03%  54.1 15046s
 1646717 559027 infeasible   65      1842.28597 1731.30772  6.02%  54.0 15050s
 1647497 559300 1823.51671   63    2 1842.28597 1731.33536  6.02%  54.0 15055s
 1648662 559698 1800.12485   66    8 1842.28597 1731.36529  6.02%  54.0 15060s
 1649820 559988 1762.48203   53  211 1842.28597 1731.41043  6.02%  54.0 15066s
 1650343 560255     cutoff   71      1842.28597 1731.41685  6.02%  54.0 15080s
 1651875 560412 1801.66211   55  239 1842.28597 1731.45351  6.02%  54.0 15086s
 1652679 560596     cutoff   77      1842.28597 1731.49489  6.01%  54.0 15091s
 1653411 560837 1837.19200   72    7 1842.28597 1731.51106  6.01%  54.0 15095s
 1654458 561014 infeasible   54      1842.28597 1731.54939  6.01%  54.0 15101s
 1655392 561234 infeasible   64      1842.28597 1731.56593  6.01%  53.9 15105s
 1656343 561499 infeasible   55      1842.28597 1731.59992  6.01%  53.9 15110s
 1657261 561729     cutoff   55      1842.28597 1731.62855  6.01%  53.9 15115s
 1658540 561945 1828.97486   74  133 1842.28597 1731.67272  6.00%  53.9 15122s
 1659099 562175 1831.17599   51   43 1842.28597 1731.68215  6.00%  53.9 15126s
 1659716 562338     cutoff   77      1842.28597 1731.71327  6.00%  53.9 15130s
 1661150 562744 infeasible   88      1842.28597 1731.75813  6.00%  53.9 15148s
 1661556 563017 1735.94957   66  292 1842.28597 1731.77236  6.00%  53.9 15153s
 1662674 563178 1835.15458   43  205 1842.28597 1731.82245  6.00%  53.8 15156s
 1663369 563308 1787.57855   69  171 1842.28597 1731.84827  5.99%  53.8 15160s
 1664324 563485 infeasible   74      1842.28597 1731.87762  5.99%  53.8 15165s
 1665433 563721 infeasible   67      1842.28597 1731.91481  5.99%  53.8 15171s
 1666125 564080     cutoff   74      1842.28597 1731.94003  5.99%  53.8 15176s
 1666948 564166 1820.60334   63  259 1842.28597 1731.97451  5.99%  53.8 15181s
 1667678 564357 infeasible   60      1842.28597 1732.00115  5.99%  53.8 15185s
 1668424 564579 1841.75691   63   52 1842.28597 1732.02584  5.98%  53.7 15190s
 1669446 564748     cutoff   77      1842.28597 1732.06750  5.98%  53.7 15198s
 1669455 564748 infeasible   80      1842.28597 1732.06750  5.98%  53.7 15200s
 1669467 564753     cutoff   82      1842.28597 1732.06750  5.98%  53.7 15205s
 1669478 564750     cutoff   83      1842.28597 1732.06892  5.98%  53.7 15211s
 1669495 564754 1837.43610   64   45 1842.28597 1732.07200  5.98%  53.7 15217s
 1669500 564757 1837.71730   65  215 1842.28597 1732.07200  5.98%  53.7 15220s
 1669515 564755 infeasible   78      1842.28597 1732.07216  5.98%  53.7 15228s
 1669522 564758 1839.53726   75  197 1842.28597 1732.07294  5.98%  53.7 15231s
 1669526 564761 1785.26610   75  139 1842.28597 1732.07294  5.98%  53.7 15235s
 1669543 564758 infeasible   77      1842.28597 1732.07294  5.98%  53.7 15240s
 1669557 564761 infeasible   78      1842.28597 1732.07294  5.98%  53.7 15246s
 1669570 564759 infeasible   80      1842.28597 1732.07369  5.98%  53.7 15250s
 1669580 564759 1809.38642   58    4 1842.28597 1732.07369  5.98%  53.7 15255s
 1669592 564760 1809.38642   60    6 1842.28597 1732.07369  5.98%  53.7 15263s
 1669603 564764 1809.38642   61    5 1842.28597 1732.07369  5.98%  53.7 15265s
 1669613 564769 1809.46622   63  110 1842.28597 1732.07369  5.98%  53.7 15270s
 1669627 564771 1827.22418   50   31 1842.28597 1732.07369  5.98%  53.7 15276s
 1669635 564779 1827.46897   52   31 1842.28597 1732.07369  5.98%  53.7 15281s
 1669658 564789 1827.71365   54   31 1842.28597 1732.07369  5.98%  53.7 15287s
 1669701 564785 1827.83594   55   31 1842.28597 1732.07756  5.98%  53.7 15290s
 1669776 564790     cutoff   68      1842.28597 1732.08261  5.98%  53.7 15295s
 1669848 564809 1830.63261   76   53 1842.28597 1732.08432  5.98%  53.7 15300s
 1670026 564853 1754.32828   56  187 1842.28597 1732.09007  5.98%  53.7 15307s
 1670069 564861 1808.96005   65  193 1842.28597 1732.09026  5.98%  53.7 15311s
 1670154 564902 1799.50770   52   87 1842.28597 1732.09334  5.98%  53.7 15316s
 1670233 564924 1794.90041   52  233 1842.28597 1732.10016  5.98%  53.7 15322s
 1670392 564977 1756.32541   70   54 1842.28597 1732.10335  5.98%  53.7 15326s
 1670526 565011 infeasible   85      1842.28597 1732.10335  5.98%  53.7 15330s
 1670557 565011 infeasible   41      1842.28597 1732.10949  5.98%  53.7 15337s
 1670628 565010 1829.12563   77  199 1842.28597 1732.11195  5.98%  53.7 15342s
 1670673 565011 infeasible   63      1842.28597 1732.11445  5.98%  53.7 15347s
 1670737 565020 infeasible   71      1842.28597 1732.11902  5.98%  53.7 15350s
 1670848 565020     cutoff   84      1842.28597 1732.12119  5.98%  53.7 15355s
 1670937 565025 1763.29273   65  211 1842.28597 1732.12214  5.98%  53.7 15361s
 1671007 565048 1816.98953   74  205 1842.28597 1732.12561  5.98%  53.7 15365s
 1671104 565065 infeasible   60      1842.28597 1732.13499  5.98%  53.7 15370s
 1671235 565081     cutoff   67      1842.28597 1732.13499  5.98%  53.7 15376s
 1671315 565092 1786.31558   66  244 1842.28597 1732.14377  5.98%  53.7 15380s
 1671389 565093 1785.66515   63   75 1842.28597 1732.15108  5.98%  53.7 15395s
 1671459 565226 1799.14786   64  235 1842.28597 1732.15108  5.98%  53.7 15418s
 1671934 565322 1826.83778   48  193 1842.28597 1732.16000  5.98%  53.7 15439s
 1672271 565443     cutoff   59      1842.28597 1732.16195  5.98%  53.7 15457s
 1672856 566212 1796.40105   58  134 1842.28597 1732.20008  5.98%  53.7 15503s
 1676856 566249     cutoff   73      1842.28597 1732.29601  5.97%  53.6 15508s
 1677030 566290 infeasible   66      1842.28597 1732.29884  5.97%  53.6 15514s
 1677311 566538     cutoff   66      1842.28597 1732.31242  5.97%  53.6 15522s
 1678213 566745     cutoff   67      1842.28597 1732.32891  5.97%  53.6 15527s
 1679098 566770 1827.63097   64  164 1842.28597 1732.34856  5.97%  53.6 15530s
 1679171 566940 1827.07192   54  148 1842.28597 1732.35431  5.97%  53.6 15538s
 1679900 567044 infeasible   74      1842.28597 1732.37269  5.97%  53.6 15545s
 1680577 567243     cutoff   62      1842.28597 1732.39209  5.97%  53.6 15555s
 1681910 567433 infeasible   66      1842.28597 1732.42804  5.96%  53.6 15597s
 1682097 567877 1785.63619   74  101 1842.28597 1732.43663  5.96%  53.6 15613s
 1684009 567901     cutoff   68      1842.28597 1732.48067  5.96%  53.6 15616s
 1684118 567948 1828.74668   56  203 1842.28597 1732.49386  5.96%  53.6 15620s
 1684325 568117 1740.77665   68  253 1842.28597 1732.50602  5.96%  53.6 15628s
 1684933 568133 infeasible   57      1842.28597 1732.52534  5.96%  53.5 15632s
 1685071 568288     cutoff   80      1842.28597 1732.53136  5.96%  53.5 15636s
 1685647 568347 1820.73754   55   50 1842.28597 1732.54920  5.96%  53.5 15640s
 1685805 568527 1805.56941   53  352 1842.28597 1732.54920  5.96%  53.5 15645s
 1686398 568626 1796.21474   54  153 1842.28597 1732.56481  5.96%  53.5 15653s
 1686875 568708 1801.85263   61  113 1842.28597 1732.58412  5.95%  53.5 15659s
 1687305 568768 1770.80614   79  182 1842.28597 1732.59788  5.95%  53.5 15663s
 1687491 568927 1783.72030   56  170 1842.28597 1732.60261  5.95%  53.5 15670s
 1688398 569026 1816.77119   72   63 1842.28597 1732.63186  5.95%  53.5 15679s
 1688674 569029 1830.29252   75   15 1842.28597 1732.64146  5.95%  53.5 15682s
 1688805 569148 1818.05773   51  162 1842.28597 1732.65930  5.95%  53.5 15689s
 1689434 569253 1824.49548   76  119 1842.28597 1732.66688  5.95%  53.5 15696s
 1689932 569307 1798.31601   42   35 1842.28597 1732.68600  5.95%  53.5 15701s
 1690079 569458     cutoff   83      1842.28597 1732.69338  5.95%  53.5 15708s
 1690668 569546     cutoff   77      1842.28597 1732.71316  5.95%  53.5 15716s
 1691325 569701 1826.65471   72  105 1842.28597 1732.74212  5.95%  53.5 15723s
 1691876 569789 1757.51311   67    7 1842.28597 1732.75937  5.95%  53.5 15729s
 1692292 569888 1838.06790   44  128 1842.28597 1732.77707  5.94%  53.5 15754s
 1692754 570097 infeasible   64      1842.28597 1732.78541  5.94%  53.5 15762s
 1693335 570151 1823.07818   59   28 1842.28597 1732.79837  5.94%  53.5 15766s
 1693578 570314 1836.29462   78  179 1842.28597 1732.81034  5.94%  53.5 15774s
 1694215 570321 infeasible   55      1842.28597 1732.83513  5.94%  53.5 15777s
 1694298 570462 1826.97185   57  152 1842.28597 1732.83834  5.94%  53.5 15785s
 1694984 570530 1828.48005   72  207 1842.28597 1732.86870  5.94%  53.4 15791s
 1695386 570569 1826.09970   47    5 1842.28597 1732.88206  5.94%  53.4 15797s
 1695700 570715 infeasible   62      1842.28597 1732.89247  5.94%  53.4 15803s
 1696307 570729 1799.19001   72    3 1842.28597 1732.91486  5.94%  53.4 15806s
 1696384 570936 1766.22641   63  157 1842.28597 1732.92315  5.94%  53.4 15812s
 1697154 571083 infeasible   77      1842.28597 1732.93803  5.94%  53.4 15817s
 1697781 571079 1788.00027   64  136 1842.28597 1732.96147  5.93%  53.4 15820s
 1697842 571236 1814.35294   56  122 1842.28597 1732.96147  5.93%  53.4 15828s
 1698399 571348 1767.77095   62  146 1842.28597 1732.98462  5.93%  53.4 15834s
 1698915 571348 1818.44033   74   59 1842.28597 1733.00611  5.93%  53.4 15836s
 1698990 571542 1763.68224   47  423 1842.28597 1733.00777  5.93%  53.4 15842s
 1699643 571580     cutoff   75      1842.28597 1733.03501  5.93%  53.4 15848s
 1699882 571590 1835.05500   62   67 1842.28597 1733.04889  5.93%  53.4 15852s
 1699955 571702 1829.92476   63   95 1842.28597 1733.04889  5.93%  53.4 15862s
 1700352 571772 1826.58906   59   85 1842.28597 1733.06028  5.93%  53.4 15870s
 1700892 571907 1802.87997   69   10 1842.28597 1733.08201  5.93%  53.4 15882s
 1701371 572070 1829.61422   72   88 1842.28597 1733.08201  5.93%  53.4 15891s
 1701986 572075     cutoff   67      1842.28597 1733.11084  5.93%  53.4 15895s
 1702063 572212 infeasible   71      1842.28597 1733.11653  5.93%  53.4 15904s
 1702660 572361 1827.07556   67   78 1842.28597 1733.13865  5.92%  53.4 15936s
 1703401 572536 1786.27589   64  214 1842.28597 1733.16898  5.92%  53.4 15946s
 1704095 572561 1835.49498   54  169 1842.28597 1733.18940  5.92%  53.3 15950s
 1704268 572648 1733.20077   57   12 1842.28597 1733.19741  5.92%  53.3 15957s
 1704632 572659 1803.46067   57    6 1842.28597 1733.19787  5.92%  53.3 15961s
 1704760 572808 1814.50638   67   42 1842.28597 1733.21101  5.92%  53.3 15973s
 1705423 572807 infeasible   64      1842.28597 1733.22820  5.92%  53.3 15977s
 1705437 572903 1807.46987   65  324 1842.28597 1733.22878  5.92%  53.3 15983s
 1705979 572919 1837.31761   63    3 1842.28597 1733.25438  5.92%  53.3 15987s
 1706119 572987 infeasible   70      1842.28597 1733.25952  5.92%  53.3 15994s
 1706742 572980 1802.98265   63    7 1842.28597 1733.27782  5.92%  53.3 15999s
 1706851 573086 1786.96925   46  160 1842.28597 1733.28896  5.92%  53.3 16008s
 1707440 573130 1828.01504   79  322 1842.28597 1733.30353  5.92%  53.3 16014s
 1707758 573171     cutoff   51      1842.28597 1733.31492  5.91%  53.3 16018s
 1707927 573333     cutoff   63      1842.28597 1733.31987  5.91%  53.3 16028s
 1708540 573384 1801.59083   76    4 1842.28597 1733.34058  5.91%  53.3 16033s
 1708889 573491 1801.14501   68    5 1842.28597 1733.35987  5.91%  53.3 16039s
 1709325 573530 1798.12962   60  106 1842.28597 1733.37835  5.91%  53.3 16044s
 1709555 573679 1803.55880   53    2 1842.28597 1733.38052  5.91%  53.3 16052s
 1710247 573706 infeasible   67      1842.28597 1733.42101  5.91%  53.3 16057s
 1710470 573831 1822.30554   58  369 1842.28597 1733.43310  5.91%  53.3 16065s
 1711148 573992     cutoff   63      1842.28597 1733.45979  5.91%  53.3 16077s
 1711790 574029 1804.86332   67  110 1842.28597 1733.47455  5.91%  53.3 16082s
 1712027 574189 infeasible   56      1842.28597 1733.47774  5.91%  53.3 16093s
 1712697 574184     cutoff   54      1842.28597 1733.51062  5.90%  53.3 16097s
 1712792 574313 1829.67982   77  193 1842.28597 1733.52020  5.90%  53.3 16106s
 1713209 574492 1814.92029   60   59 1842.28597 1733.53017  5.90%  53.3 16135s
 1714034 574634 1800.54121   71   91 1842.28597 1733.56791  5.90%  53.3 16150s
 1714603 574640 infeasible   67      1842.28597 1733.58657  5.90%  53.3 16155s
 1714647 574820 1827.15856   58   93 1842.28597 1733.59691  5.90%  53.3 16162s
 1715490 574991     cutoff   75      1842.28597 1733.61404  5.90%  53.3 16170s
 1716673 575108 1762.62747   54  181 1842.28597 1733.66325  5.90%  53.2 16178s
 1716736 575252 1762.72273   55  164 1842.28597 1733.66832  5.90%  53.2 16187s
 1717295 575419 infeasible   67      1842.28597 1733.68883  5.89%  53.2 16193s
 1717908 575426 infeasible   73      1842.28597 1733.70989  5.89%  53.2 16197s
 1717995 575550 infeasible   81      1842.28597 1733.71200  5.89%  53.2 16203s
 1718619 575597 infeasible   66      1842.28597 1733.73254  5.89%  53.2 16206s
 1718861 575736     cutoff   83      1842.28597 1733.74278  5.89%  53.2 16212s
 1719395 575744 1829.64607   68  191 1842.28597 1733.76199  5.89%  53.2 16215s
 1719480 575823 1825.94695   60    2 1842.28597 1733.76199  5.89%  53.2 16222s
 1719963 575922 1818.96615   82  339 1842.28597 1733.77127  5.89%  53.2 16226s
 1720411 575950 1813.87499   77  103 1842.28597 1733.78667  5.89%  53.2 16232s
 1720505 575959 1824.83243   76   93 1842.28597 1733.78667  5.89%  53.2 16237s
 1720766 576048 1804.87821   62  353 1842.28597 1733.78667  5.89%  53.2 16243s
 1721125 576101 1808.98142   62    5 1842.28597 1733.82956  5.89%  53.2 16247s
 1721431 576275 infeasible   82      1842.28597 1733.84438  5.89%  53.2 16251s
 1721962 576268 1835.30861   75  111 1842.28597 1733.85621  5.89%  53.2 16255s
 1722010 576407 infeasible   56      1842.28597 1733.86019  5.89%  53.2 16263s
 1722582 576493 1794.59162   62  168 1842.28597 1733.88357  5.88%  53.2 16267s
 1722943 576593 1824.69532   64  220 1842.28597 1733.89175  5.88%  53.2 16272s
 1723415 576662 1840.80489   72  301 1842.28597 1733.91032  5.88%  53.2 16300s
 1723859 576790 1744.21156   68   61 1842.28597 1733.92376  5.88%  53.2 16308s
 1724375 576926 1829.93148   54  202 1842.28597 1733.93035  5.88%  53.1 16315s
 1724815 577035 1824.96087   73  118 1842.28597 1733.95195  5.88%  53.1 16323s
 1725396 577054 1778.20468   69  264 1842.28597 1733.97826  5.88%  53.1 16325s
 1725523 577228 1813.58417   53   42 1842.28597 1733.98113  5.88%  53.1 16332s
 1726280 577498     cutoff   71      1842.28597 1733.99721  5.88%  53.1 16339s
 1727210 577522 1829.86861   77   42 1842.28597 1734.03100  5.88%  53.1 16342s
 1727350 577582 1813.85651   56  138 1842.28597 1734.03152  5.88%  53.1 16347s
 1727983 577724 1783.61188   65  267 1842.28597 1734.04879  5.88%  53.1 16353s
 1728505 577728     cutoff   73      1842.28597 1734.05606  5.87%  53.1 16357s
 1728547 577854     cutoff   66      1842.28597 1734.06184  5.87%  53.1 16362s
 1729088 577965 1801.40582   70  113 1842.28597 1734.07247  5.87%  53.1 16366s
 1729578 577971 1809.81867   76    5 1842.28597 1734.08518  5.87%  53.1 16370s
 1729676 578158 1787.02793   53  114 1842.28597 1734.09343  5.87%  53.1 16379s
 1730319 578347 1807.05253   51    2 1842.28597 1734.10582  5.87%  53.1 16386s
 1731071 578534 1786.99181   58  198 1842.28597 1734.14657  5.87%  53.1 16399s
 1731672 578639     cutoff   66      1842.28597 1734.17133  5.87%  53.1 16406s
 1732106 578652 infeasible   74      1842.28597 1734.18043  5.87%  53.1 16412s
 1732166 578707 1828.36083   61  113 1842.28597 1734.18043  5.87%  53.1 16419s
 1732681 578844 infeasible   58      1842.28597 1734.20455  5.87%  53.1 16426s
 1733124 578848 infeasible   66      1842.28597 1734.22056  5.87%  53.1 16431s
 1733196 578852 1734.87145   57   44 1842.28597 1734.22653  5.87%  53.1 16438s
 1733200 578877 1735.04497   58  112 1842.28597 1734.22831  5.87%  53.1 16442s
 1733276 578879 1833.22380   64   25 1842.28597 1734.22923  5.87%  53.1 16445s
 1733365 579003 1839.47858   56  133 1842.28597 1734.23326  5.87%  53.1 16455s
 1733844 579087 1829.71185   58    8 1842.28597 1734.24358  5.86%  53.1 16486s
 1734329 579130 1789.25562   70  339 1842.28597 1734.25933  5.86%  53.0 16491s
 1734608 579216 1797.60150   78  178 1842.28597 1734.27339  5.86%  53.0 16498s
 1735159 579314 1765.04316   60   57 1842.28597 1734.30434  5.86%  53.0 16504s
 1735477 579438     cutoff   69      1842.28597 1734.31806  5.86%  53.0 16510s
 1736208 579500 1763.88036   63   47 1842.28597 1734.34475  5.86%  53.0 16517s
 1736532 579682 1814.17807   48  106 1842.28597 1734.37248  5.86%  53.0 16528s
 1737449 579698     cutoff   66      1842.28597 1734.39994  5.86%  53.0 16531s
 1737547 579815 1829.76445   53  102 1842.28597 1734.39994  5.86%  53.0 16540s
 1738171 579882 infeasible   72      1842.28597 1734.41855  5.86%  53.0 16547s
 1738523 579931 1829.64724   76  168 1842.28597 1734.43302  5.85%  53.0 16552s
 1738860 580111 1802.69232   52   52 1842.28597 1734.45620  5.85%  53.0 16560s
 1739579 580128 1734.80259   63  249 1842.28597 1734.48011  5.85%  53.0 16569s
 1739642 580249 1833.36385   65  262 1842.28597 1734.48171  5.85%  53.0 16581s
 1740273 580352 infeasible   70      1842.28597 1734.51499  5.85%  53.0 16591s
 1740753 580359 1787.97067   70  296 1842.28597 1734.53243  5.85%  53.0 16598s
 1740802 580486 1787.97067   71  279 1842.28597 1734.53424  5.85%  53.0 16609s
 1741244 580519 1808.69308   66  450 1842.28597 1734.53966  5.85%  53.0 16614s
 1741456 580525 infeasible   57      1842.28597 1734.54221  5.85%  53.0 16622s
 1741529 580712 1825.01492   73   21 1842.28597 1734.55073  5.85%  53.0 16635s
 1742268 580811 1806.91885   61    7 1842.28597 1734.58456  5.85%  53.0 16641s
 1742595 580814 1833.55619   69   53 1842.28597 1734.59330  5.85%  53.0 16646s
 1742675 580919 1738.66910   73  227 1842.28597 1734.59330  5.85%  53.0 16660s
 1743253 581124 1789.82065   75  179 1842.28597 1734.62087  5.84%  53.0 16675s
 1743922 581151 1832.31419   65   45 1842.28597 1734.65507  5.84%  53.0 16680s
 1744147 581343 1804.11231   57    6 1842.28597 1734.67362  5.84%  53.0 16738s
 1745056 581531 1746.38287   73   79 1842.28597 1734.69682  5.84%  53.0 16747s
 1745636 581540 1825.15713   51  123 1842.28597 1734.73260  5.84%  52.9 16752s
 1745742 581670 1825.15713   52  123 1842.28597 1734.73260  5.84%  52.9 16758s
 1746227 581756     cutoff   72      1842.28597 1734.75463  5.84%  52.9 16763s
 1746503 581843 1807.20883   68  119 1842.28597 1734.76320  5.84%  52.9 16771s
 1746964 582039 1765.12536   53  115 1842.28597 1734.78122  5.84%  52.9 16781s
 1747564 582125 infeasible   73      1842.28597 1734.79379  5.83%  52.9 16788s
 1747919 582153 infeasible   55      1842.28597 1734.80729  5.83%  52.9 16793s
 1748034 582300 1821.80233   51  275 1842.28597 1734.81131  5.83%  52.9 16802s
 1748655 582424 1839.68280   75   54 1842.28597 1734.82596  5.83%  52.9 16809s
 1749192 582457 1805.71462   56    2 1842.28597 1734.85186  5.83%  52.9 16813s
 1749322 582628 1761.25874   69  169 1842.28597 1734.85186  5.83%  52.9 16823s
 1749898 582757 1736.30931   69   91 1842.28597 1734.86700  5.83%  52.9 16832s
 1750375 582787 infeasible   91      1842.28597 1734.87636  5.83%  52.9 16839s
 1750571 582914 1779.33814   51   51 1842.28597 1734.87925  5.83%  52.9 16848s
 1751102 583022 infeasible   47      1842.28597 1734.90093  5.83%  52.9 16857s
 1751655 583025 infeasible   79      1842.28597 1734.91944  5.83%  52.9 16862s
 1751704 583106 1821.85369   51    7 1842.28597 1734.92031  5.83%  52.9 16871s
 1752266 583218 1818.73919   65  102 1842.28597 1734.93485  5.83%  52.9 16879s
 1752628 583216 infeasible   60      1842.28597 1734.93534  5.83%  52.9 16882s
 1752699 583308 1828.47685   69  136 1842.28597 1734.94080  5.83%  52.9 16891s
 1753152 583358 1812.62711   66  153 1842.28597 1734.95488  5.83%  52.9 16896s
 1753414 583407 1834.09063   62  107 1842.28597 1734.96472  5.83%  52.9 16902s
 1753617 583494 infeasible   75      1842.28597 1734.97497  5.82%  52.9 16909s
 1754104 583515 infeasible   53      1842.28597 1734.99358  5.82%  52.9 16913s
 1754218 583689 1788.36174   63   66 1842.28597 1734.99658  5.82%  52.9 16921s
 1754824 583928     cutoff   70      1842.28597 1735.00973  5.82%  52.8 16957s
 1755744 583947 1799.76318   55   48 1842.28597 1735.03862  5.82%  52.8 16960s
 1755835 584073 1735.04938   48  151 1842.28597 1735.03862  5.82%  52.8 16970s
 1756452 584185 1804.22345   53  218 1842.28597 1735.06569  5.82%  52.8 16977s
 1756896 584218 1820.96156   68  187 1842.28597 1735.08548  5.82%  52.8 16983s
 1757134 584326 1785.24125   57   61 1842.28597 1735.09160  5.82%  52.8 16994s
 1757613 584397 1823.27997   83   44 1842.28597 1735.10945  5.82%  52.8 17001s
 1757980 584438 1735.84488   70  195 1842.28597 1735.12371  5.82%  52.8 17008s
 1758180 584532 1760.00367   67  114 1842.28597 1735.12371  5.82%  52.8 17017s
 1758726 584542 infeasible   70      1842.28597 1735.14980  5.82%  52.8 17022s
 1758834 584688 infeasible   63      1842.28597 1735.15689  5.82%  52.8 17033s
 1759428 584761 1829.49214   66  104 1842.28597 1735.17254  5.81%  52.8 17039s
 1759709 584896     cutoff   63      1842.28597 1735.18903  5.81%  52.8 17049s
 1760278 584903 infeasible   63      1842.28597 1735.20627  5.81%  52.8 17053s
 1760315 585024 1736.72789   45  221 1842.28597 1735.20776  5.81%  52.8 17063s
 1760838 585133 1790.87441   63  215 1842.28597 1735.22013  5.81%  52.8 17074s
 1761270 585156 1801.10365   50    8 1842.28597 1735.22215  5.81%  52.8 17078s
 1761394 585336 1838.51722   56  242 1842.28597 1735.23847  5.81%  52.8 17085s
 1761966 585448     cutoff   57      1842.28597 1735.25289  5.81%  52.8 17094s
 1762368 585481 1806.32580   60    3 1842.28597 1735.27076  5.81%  52.8 17098s
 1762477 585643 1823.30793   68  114 1842.28597 1735.27287  5.81%  52.8 17108s
 1763042 585764 1826.83406   73   48 1842.28597 1735.29532  5.81%  52.7 17118s
 1763585 585767 1809.40839   64  189 1842.28597 1735.31314  5.81%  52.7 17123s
 1763661 585848 infeasible   66      1842.28597 1735.31578  5.81%  52.7 17133s
 1764042 586037 1833.04815   66  217 1842.28597 1735.32928  5.81%  52.7 17141s
 1764612 586051 1788.69177   62  196 1842.28597 1735.35754  5.80%  52.7 17145s
 1764692 586286 1788.69177   64  213 1842.28597 1735.35774  5.80%  52.7 17153s
 1765363 586591 1830.64843   62    4 1842.28597 1735.36704  5.80%  52.7 17210s
 1766373 586716 1831.00258   71  127 1842.28597 1735.39124  5.80%  52.7 17223s
 1766905 586766 infeasible   75      1842.28597 1735.41783  5.80%  52.7 17226s
 1767113 586902 1804.50242   52   59 1842.28597 1735.42186  5.80%  52.7 17233s
 1767611 586943 infeasible   52      1842.28597 1735.44269  5.80%  52.7 17239s
 1767807 587061 1736.19719   66  226 1842.28597 1735.45120  5.80%  52.7 17247s
 1768436 587130 infeasible   71      1842.28597 1735.47821  5.80%  52.7 17253s
 1768705 587261 1827.56471   53  199 1842.28597 1735.48440  5.80%  52.7 17262s
 1769178 587316 1806.20452   55   84 1842.28597 1735.49445  5.80%  52.7 17267s
 1769407 587365 1754.16935   54  176 1842.28597 1735.50259  5.80%  52.7 17275s
 1769761 587468 1821.44245   77   60 1842.28597 1735.50532  5.80%  52.7 17296s
 1770230 587528 1735.54332   60  230 1842.28597 1735.53070  5.79%  52.7 17307s
 1770612 587556 1738.70999   47  185 1842.28597 1735.54744  5.79%  52.7 17312s
 1770765 587709 1737.26355   56  173 1842.28597 1735.55020  5.79%  52.7 17324s
 1771415 587745 1805.38027   63    6 1842.28597 1735.56837  5.79%  52.7 17334s
 1771607 587861     cutoff   66      1842.28597 1735.58015  5.79%  52.7 17345s
 1772040 587867 1809.58366   49  132 1842.28597 1735.58815  5.79%  52.7 17351s
 1772077 588002 1825.10634   64  217 1842.28597 1735.58815  5.79%  52.7 17365s
 1772658 588138 1767.08650   73  538 1842.28597 1735.61173  5.79%  52.6 17374s
 1773217 588139     cutoff   77      1842.28597 1735.63506  5.79%  52.6 17376s
 1773295 588256 1735.89559   59   57 1842.28597 1735.63506  5.79%  52.6 17383s
 1773899 588357 1804.90967   56   18 1842.28597 1735.65660  5.79%  52.6 17391s
 1774492 588370 infeasible   65      1842.28597 1735.67793  5.79%  52.6 17395s
 1774604 588551 1798.33255   53  238 1842.28597 1735.67891  5.79%  52.6 17407s
 1775226 588716 1798.57969   64  483 1842.28597 1735.71097  5.78%  52.6 17417s
 1775914 588735 infeasible   80      1842.28597 1735.73776  5.78%  52.6 17470s
 1776046 589271     cutoff   61      1842.28597 1735.75413  5.78%  52.6 17530s
 1778640 589271     cutoff   62      1842.28597 1735.83902  5.78%  52.6 17539s
 1778679 589329 1817.45610   64  200 1842.28597 1735.84304  5.78%  52.6 17549s
 1778956 589479 1763.19775   61  181 1842.28597 1735.85292  5.78%  52.6 17562s
 1779525 589511 1831.44005   75   56 1842.28597 1735.87507  5.78%  52.6 17568s
 1779704 589716     cutoff   63      1842.28597 1735.87771  5.78%  52.6 17580s
 1780480 589765 1804.94699   55  105 1842.28597 1735.90577  5.77%  52.6 17587s
 1780710 589892 1793.83745   59   59 1842.28597 1735.91861  5.77%  52.6 17600s
 1781201 589992 1834.67149   71  152 1842.28597 1735.92575  5.77%  52.5 17615s
 1781759 590159 1753.29684   54  194 1842.28597 1735.94086  5.77%  52.5 17625s
 1782354 590194 1800.66539   67    3 1842.28597 1735.95680  5.77%  52.5 17631s
 1782504 590273 infeasible   63      1842.28597 1735.96281  5.77%  52.5 17643s
 1782876 590436 1774.73316   79  552 1842.28597 1735.97616  5.77%  52.5 17656s
 1783444 590494     cutoff   64      1842.28597 1735.98389  5.77%  52.5 17665s
 1783722 590621     cutoff   66      1842.28597 1735.99332  5.77%  52.5 17681s
 1784198 590629 infeasible   90      1842.28597 1736.02060  5.77%  52.5 17685s
 1784265 590728 1835.17591   69  110 1842.28597 1736.02102  5.77%  52.5 17699s
 1784829 590808 1804.11886   67    6 1842.28597 1736.03637  5.77%  52.5 17709s
 1785299 590824 infeasible   72      1842.28597 1736.05179  5.77%  52.5 17713s
 1785413 590952 1792.42624   60   59 1842.28597 1736.05179  5.77%  52.5 17726s
 1785991 590971 1737.60762   54  159 1842.28597 1736.07814  5.77%  52.5 17732s
 1786094 591098 infeasible   56      1842.28597 1736.07953  5.76%  52.5 17743s
 1786776 591199 1833.76360   71   46 1842.28597 1736.10274  5.76%  52.5 17799s
 1787296 591365 1835.47707   61  171 1842.28597 1736.11519  5.76%  52.5 17813s
 1787898 591367 1811.57137   60  157 1842.28597 1736.14081  5.76%  52.5 17821s
 1787998 591523 1737.33828   36  200 1842.28597 1736.14689  5.76%  52.5 17833s
 1788672 591682 infeasible   73      1842.28597 1736.16723  5.76%  52.5 17844s
 1789144 591789 1736.25120   63   69 1842.28597 1736.18230  5.76%  52.5 17856s
 1789618 591906 1841.00688   61  128 1842.28597 1736.20179  5.76%  52.4 17873s
 1790086 591904 infeasible   69      1842.28597 1736.21668  5.76%  52.4 17890s
 1790098 591895 infeasible   69      1842.28597 1736.21668  5.76%  52.4 17895s
 1790123 591915     cutoff   70      1842.28597 1736.21774  5.76%  52.4 17901s
 1790176 591915 infeasible   70      1842.28597 1736.21970  5.76%  52.4 17907s
 1790264 591956 1739.15482   71  194 1842.28597 1736.21970  5.76%  52.4 17915s
 1790441 591960 1739.15483   72  208 1842.28597 1736.21970  5.76%  52.4 17922s
 1790474 592000 1834.17688   72  191 1842.28597 1736.21970  5.76%  52.4 17931s
 1790811 592016 infeasible   59      1842.28597 1736.23599  5.76%  52.4 17939s
 1790930 592197     cutoff   56      1842.28597 1736.24312  5.76%  52.4 17954s
 1791593 592202 1816.20533   80  366 1842.28597 1736.27110  5.75%  52.4 17963s
 1791649 592291     cutoff   82      1842.28597 1736.27919  5.75%  52.4 17971s
 1792042 592616 1833.51640   59   53 1842.28597 1736.30306  5.75%  52.4 17987s
 1792890 592614     cutoff   77      1842.28597 1736.32667  5.75%  52.4 17992s
 1792962 592774 1805.05879   61  134 1842.28597 1736.32731  5.75%  52.4 18005s
 1793749 592799     cutoff   75      1842.28597 1736.35570  5.75%  52.4 18012s
 1793945 592946     cutoff   59      1842.28597 1736.36694  5.75%  52.4 18023s
 1794494 592948 1830.68321   55   71 1842.28597 1736.37262  5.75%  52.4 18027s
 1794592 593128     cutoff   79      1842.28597 1736.37482  5.75%  52.4 18038s
 1795325 593147 1780.88198   57   36 1842.28597 1736.41609  5.75%  52.4 18048s
 1795434 593268 1807.03686   54    6 1842.28597 1736.41637  5.75%  52.4 18060s
 1796081 593297     cutoff   55      1842.28597 1736.43378  5.75%  52.4 18067s
 1796312 593454 1822.24214   61  157 1842.28597 1736.44257  5.75%  52.4 18079s
 1796974 593612 1831.85702   68  209 1842.28597 1736.46599  5.74%  52.4 18087s
 1797482 593609 infeasible   91      1842.28597 1736.48131  5.74%  52.4 18142s
 1797618 594095     cutoff   59      1842.28597 1736.49081  5.74%  52.4 18217s
 1800496 594103 1738.21927   56  154 1842.28597 1736.56260  5.74%  52.3 18224s
 1800573 594112 1830.05574   76  104 1842.28597 1736.56405  5.74%  52.3 18228s
 1800676 594325 infeasible   68      1842.28597 1736.57090  5.74%  52.3 18242s
 1801331 594435 infeasible   67      1842.28597 1736.58891  5.74%  52.3 18251s
 1801783 594434 infeasible   64      1842.28597 1736.59931  5.74%  52.3 18257s
 1801852 594521 1788.14127   58    8 1842.28597 1736.59931  5.74%  52.3 18265s
 1802198 594534 infeasible   60      1842.28597 1736.60873  5.74%  52.3 18272s
 1802332 594663     cutoff   58      1842.28597 1736.61181  5.74%  52.3 18286s
 1802804 594692 1807.43266   66   65 1842.28597 1736.62990  5.74%  52.3 18293s
 1802922 594826 1748.27446   51  130 1842.28597 1736.63065  5.74%  52.3 18306s
 1803476 594842 infeasible   63      1842.28597 1736.64463  5.73%  52.3 18312s
 1803555 594983 1795.09693   50  123 1842.28597 1736.64794  5.73%  52.3 18332s
 1804023 595090 1737.39386   54  121 1842.28597 1736.67306  5.73%  52.3 18342s
 1804395 595104     cutoff   51      1842.28597 1736.68177  5.73%  52.3 18350s
 1804498 595195 1787.76473   53  271 1842.28597 1736.68833  5.73%  52.3 18371s
 1804979 595216 infeasible   63      1842.28597 1736.71058  5.73%  52.3 18378s
 1805193 595351 infeasible   44      1842.28597 1736.71349  5.73%  52.3 18396s
 1805753 595363 1774.90936   62  147 1842.28597 1736.74257  5.73%  52.3 18402s
 1805849 595599 1790.11743   65  308 1842.28597 1736.74767  5.73%  52.3 18416s
 1806390 595811 infeasible   54      1842.28597 1736.75336  5.73%  52.3 18431s
 1807125 595814 1834.67668   63   53 1842.28597 1736.77005  5.73%  52.3 18437s
 1807198 595969 1737.44209   76  208 1842.28597 1736.77713  5.73%  52.3 18451s
 1807738 596163 1828.67668   58   42 1842.28597 1736.79679  5.73%  52.3 18539s
 1808483 596199 1815.03033   57    5 1842.28597 1736.81244  5.73%  52.3 18545s
 1808650 596340 1809.99461   75  186 1842.28597 1736.83049  5.72%  52.2 18567s
 1809322 596368     cutoff   66      1842.28597 1736.84857  5.72%  52.2 18574s
 1809616 596525 1839.78487   51    3 1842.28597 1736.86536  5.72%  52.2 18591s
 1810162 596526     cutoff   73      1842.28597 1736.87985  5.72%  52.2 18597s
 1810253 596668     cutoff   59      1842.28597 1736.88275  5.72%  52.2 18614s
 1810835 596696 1810.36978   57  154 1842.28597 1736.90263  5.72%  52.2 18624s
 1810963 596698 1810.66007   58  152 1842.28597 1736.90263  5.72%  52.2 18628s
 1811010 596827 1778.25568   43   67 1842.28597 1736.91482  5.72%  52.2 18638s
 1811607 597018 1835.18203   64  143 1842.28597 1736.93233  5.72%  52.2 18647s
 1812225 597056 1833.95880   74   71 1842.28597 1736.96074  5.72%  52.2 18653s
 1812352 597216 1786.81905   47   53 1842.28597 1736.96735  5.72%  52.2 18660s
 1812928 597439 infeasible   66      1842.28597 1736.98060  5.72%  52.2 18669s
 1813494 597555 infeasible   69      1842.28597 1736.99509  5.72%  52.2 18678s
 1813878 597659     cutoff   68      1842.28597 1737.00222  5.71%  52.2 18688s
 1814325 597682 infeasible   52      1842.28597 1737.01743  5.71%  52.2 18693s
 1814458 597827 1836.60555   72   29 1842.28597 1737.02797  5.71%  52.2 18703s
 1814912 597982 1787.80359   61  128 1842.28597 1737.03711  5.71%  52.2 18716s
 1815524 597994 infeasible   42      1842.28597 1737.06222  5.71%  52.2 18723s
 1815663 598064 infeasible   72      1842.28597 1737.07300  5.71%  52.2 18738s
 1816125 598089     cutoff   79      1842.28597 1737.08518  5.71%  52.2 18743s
 1816212 598126 1805.75476   67  125 1842.28597 1737.08710  5.71%  52.2 18753s
 1816635 598204 1737.46046   61  246 1842.28597 1737.10019  5.71%  52.2 18763s
 1817075 598240 infeasible   63      1842.28597 1737.11706  5.71%  52.2 18769s
 1817221 598327 1840.71178   48  572 1842.28597 1737.12212  5.71%  52.2 18781s
 1817569 598358     cutoff   65      1842.28597 1737.13822  5.71%  52.2 18787s
 1817767 598547     cutoff   71      1842.28597 1737.14253  5.71%  52.2 18799s
 1818371 598641     cutoff   59      1842.28597 1737.15359  5.71%  52.2 18879s
 1818774 598944 1739.22318   51  193 1842.28597 1737.16699  5.71%  52.2 18897s
 1819913 598949 1829.77224   68  168 1842.28597 1737.20414  5.70%  52.1 18901s
 1820006 599027 1816.69754   40   54 1842.28597 1737.21018  5.70%  52.1 18912s
 1820512 599128 1789.92538   70  502 1842.28597 1737.22603  5.70%  52.1 18924s
 1820936 599166 infeasible   78      1842.28597 1737.24345  5.70%  52.1 18932s
 1821031 599292     cutoff   61      1842.28597 1737.24834  5.70%  52.1 18949s
 1821486 599397 infeasible   61      1842.28597 1737.25360  5.70%  52.1 18962s
 1822033 599453 infeasible   63      1842.28597 1737.27708  5.70%  52.1 18972s
 1822239 599585 1797.91661   71   90 1842.28597 1737.28479  5.70%  52.1 18984s
 1822902 599695     cutoff   58      1842.28597 1737.31267  5.70%  52.1 18991s
 1823282 599777 1739.41871   75  200 1842.28597 1737.31873  5.70%  52.1 19001s
 1823657 600019 1806.80625   71   17 1842.28597 1737.33408  5.70%  52.1 19015s
 1824243 600042     cutoff   63      1842.28597 1737.35505  5.70%  52.1 19022s
 1824350 600116 1794.85845   60    2 1842.28597 1737.36512  5.70%  52.1 19034s
 1824621 600251 1837.72253   63    5 1842.28597 1737.36830  5.69%  52.1 19045s
 1825123 600250 infeasible   79      1842.28597 1737.37304  5.69%  52.1 19050s
 1825202 600485 1779.41201   59  275 1842.28597 1737.38369  5.69%  52.1 19064s
 1825843 600736 1770.02888   70   13 1842.28597 1737.40840  5.69%  52.1 19077s
 1826541 600767 1786.59819   62   31 1842.28597 1737.43441  5.69%  52.1 19081s
 1826615 600936 1788.19782   67    6 1842.28597 1737.43986  5.69%  52.1 19096s
 1827157 601050 1762.57792   63  186 1842.28597 1737.45516  5.69%  52.1 19110s
 1827709 601076 infeasible   68      1842.28597 1737.47208  5.69%  52.1 19116s
 1827907 601193 1821.48717   57  316 1842.28597 1737.48062  5.69%  52.1 19133s
 1828480 601276 1741.79972   62  138 1842.28597 1737.48450  5.69%  52.1 19144s
 1828813 601434 1815.62640   88  201 1842.28597 1737.48450  5.69%  52.1 19204s
 1829723 601428 1738.83674   82   82 1842.28597 1737.54255  5.69%  52.0 19210s
 1829837 601501 1831.97118   61   41 1842.28597 1737.54967  5.69%  52.0 19225s
 1830357 601649 1811.41873   63   90 1842.28597 1737.56881  5.68%  52.0 19236s
 1830867 601669 1792.43638   61  165 1842.28597 1737.58659  5.68%  52.0 19242s
 1830999 601776 1764.17805   66  350 1842.28597 1737.59673  5.68%  52.0 19255s
 1831589 601822     cutoff   47      1842.28597 1737.60871  5.68%  52.0 19264s
 1831858 601821 infeasible   70      1842.28597 1737.62216  5.68%  52.0 19269s
 1831907 601943 1824.68778   64  181 1842.28597 1737.62859  5.68%  52.0 19283s
 1832439 601993 1791.64613   74  218 1842.28597 1737.64515  5.68%  52.0 19290s
 1832629 602012 1816.03606   89   36 1842.28597 1737.65163  5.68%  52.0 19297s
 1832901 602018 1831.50622   62   52 1842.28597 1737.66394  5.68%  52.0 19301s
 1833002 602199     cutoff   63      1842.28597 1737.66909  5.68%  52.0 19309s
 1833584 602360 1783.30732   60  224 1842.28597 1737.69238  5.68%  52.0 19316s
 1834110 602377 infeasible   58      1842.28597 1737.71270  5.68%  52.0 19320s
 1834231 602545 1738.01598   71  137 1842.28597 1737.72801  5.68%  52.0 19330s
 1834940 602579 infeasible   50      1842.28597 1737.74168  5.67%  52.0 19337s
 1835139 602682 1801.85990   65    6 1842.28597 1737.75656  5.67%  52.0 19345s
 1835601 602823 infeasible   53      1842.28597 1737.76612  5.67%  52.0 19359s
 1836114 602818 infeasible   62      1842.28597 1737.78778  5.67%  52.0 19364s
 1836189 602930 1831.58736   56  190 1842.28597 1737.78836  5.67%  52.0 19373s
 1836734 603069     cutoff   78      1842.28597 1737.80776  5.67%  52.0 19383s
 1837240 603107 infeasible   63      1842.28597 1737.82566  5.67%  52.0 19388s
 1837352 603331 1839.64777   68  145 1842.28597 1737.82923  5.67%  52.0 19405s
 1838047 603424     cutoff   63      1842.28597 1737.85145  5.67%  52.0 19414s
 1838480 603431 infeasible   81      1842.28597 1737.85691  5.67%  52.0 19420s
 1838545 603566 1824.12140   83  180 1842.28597 1737.86314  5.67%  52.0 19433s
 1839087 603643     cutoff   66      1842.28597 1737.88825  5.67%  52.0 19482s
 1839706 603663 1796.96859   64  181 1842.28597 1737.91829  5.67%  51.9 19490s
 1839996 603774 infeasible   60      1842.28597 1737.93790  5.66%  51.9 19504s
 1840500 603800 1818.23747   50  175 1842.28597 1737.95542  5.66%  51.9 19512s
 1840665 603939 1813.85764   48  141 1842.28597 1737.95542  5.66%  51.9 19529s
 1841340 603957 1756.81398   71  190 1842.28597 1737.99171  5.66%  51.9 19535s
 1841482 604173 infeasible   65      1842.28597 1738.00201  5.66%  51.9 19551s
 1842287 604237 infeasible   83      1842.28597 1738.03496  5.66%  51.9 19558s
 1842437 604361 infeasible   58      1842.28597 1738.03572  5.66%  51.9 19569s
 1843032 604375 1778.04274   55  187 1842.28597 1738.05023  5.66%  51.9 19573s
 1843104 604516     cutoff   54      1842.28597 1738.05521  5.66%  51.9 19583s
 1843472 604619 1819.99316   94   63 1842.28597 1738.06492  5.66%  51.9 19597s
 1843903 604649 infeasible   83      1842.28597 1738.07289  5.66%  51.9 19602s
 1844128 604814 1838.15936   70  139 1842.28597 1738.07396  5.66%  51.9 19616s
 1844724 604982 1803.41671   62  446 1842.28597 1738.10959  5.65%  51.9 19629s
 1845241 604983     cutoff   96      1842.28597 1738.10959  5.65%  51.9 19634s
 1845259 605049 1824.79968   61  397 1842.28597 1738.10959  5.65%  51.9 19643s
 1845579 605097 infeasible   59      1842.28597 1738.12993  5.65%  51.9 19653s
 1845885 605282     cutoff   66      1842.28597 1738.15866  5.65%  51.9 19664s
 1846582 605320 infeasible   62      1842.28597 1738.17196  5.65%  51.9 19673s
 1846727 605541 1799.99943   41  111 1842.28597 1738.17196  5.65%  51.9 19688s
 1847568 605694 1809.66324   66    8 1842.28597 1738.21486  5.65%  51.9 19696s
 1848224 605733 1827.02537   44    3 1842.28597 1738.23765  5.65%  51.9 19700s
 1848320 605798 1791.68324   76  191 1842.28597 1738.23854  5.65%  51.9 19708s
 1848663 605990     cutoff   63      1842.28597 1738.24669  5.65%  51.9 19721s
 1849309 606100 1816.75492   62    8 1842.28597 1738.25967  5.65%  51.9 19787s
 1849762 606226 infeasible   78      1842.28597 1738.26777  5.65%  51.9 19802s
 1850614 606251 1742.29632   52  201 1842.28597 1738.29159  5.64%  51.9 19805s
 1850697 606423 1835.68988   59  133 1842.28597 1738.29217  5.64%  51.9 19816s
 1851306 606432 1738.35213   64   24 1842.28597 1738.31340  5.64%  51.9 19822s
 1851345 606452 1738.35213   65   65 1842.28597 1738.31340  5.64%  51.9 19829s
 1851485 606839 1738.34115   68  203 1842.28597 1738.31835  5.64%  51.9 19839s
 1852299 606961     cutoff   45      1842.28597 1738.33542  5.64%  51.8 19850s
 1852823 607188 1833.88155   60   78 1842.28597 1738.34470  5.64%  51.8 19865s
 1853271 607356 1809.44397   65   22 1842.28597 1738.35161  5.64%  51.8 19878s
 1853775 607351     cutoff   72      1842.28597 1738.35675  5.64%  51.8 19883s
 1853857 607496 1791.13315   61  213 1842.28597 1738.37170  5.64%  51.8 19895s
 1854470 607566     cutoff   65      1842.28597 1738.38013  5.64%  51.8 19903s
 1854703 607700 1820.25539   60   45 1842.28597 1738.38182  5.64%  51.8 19910s
 1855312 607771 1807.69905   55    5 1842.28597 1738.40929  5.64%  51.8 19927s
 1855867 607903 1787.43608   78  103 1842.28597 1738.42322  5.64%  51.8 19937s
 1856363 607914 1806.04360   57   68 1842.28597 1738.44517  5.64%  51.8 19941s
 1856492 608017 1828.98200   59   55 1842.28597 1738.45122  5.64%  51.8 19953s
 1857109 608081 1839.67339   60  124 1842.28597 1738.46859  5.64%  51.8 19961s
 1857399 608127 1789.24988   54  198 1842.28597 1738.47702  5.63%  51.8 19970s
 1857571 608203 infeasible   55      1842.28597 1738.48173  5.63%  51.8 19983s
 1857928 608197 infeasible   77      1842.28597 1738.49017  5.63%  51.8 19989s
 1857990 608299 1829.79516   91  356 1842.28597 1738.49017  5.63%  51.8 20002s
 1858411 608315 1749.08317   61  210 1842.28597 1738.49420  5.63%  51.8 20011s
 1858566 608357 infeasible   51      1842.28597 1738.49923  5.63%  51.8 20017s
 1858886 608453 1839.37484   51   48 1842.28597 1738.51452  5.63%  51.8 20027s
 1859351 608523 1824.69655   63   91 1842.28597 1738.52346  5.63%  51.8 20035s
 1859635 608816     cutoff   70      1842.28597 1738.53034  5.63%  51.8 20077s
 1860592 608874 1754.03783   63   64 1842.28597 1738.56157  5.63%  51.8 20081s
 1860821 609043 infeasible   64      1842.28597 1738.56759  5.63%  51.8 20086s
 1861378 609069 infeasible   54      1842.28597 1738.58648  5.63%  51.8 20090s
 1861463 609167 1838.76695   58  168 1842.28597 1738.58648  5.63%  51.8 20098s
 1861990 609296 1798.69553   43  149 1842.28597 1738.60493  5.63%  51.8 20108s
 1862573 609306 infeasible   67      1842.28597 1738.62057  5.63%  51.8 20111s
 1862615 609503 1837.65619   70  237 1842.28597 1738.62160  5.63%  51.8 20120s
 1863077 609625 1805.38844   56    7 1842.28597 1738.63614  5.63%  51.8 20132s
 1863643 609674 1809.38011   70   56 1842.28597 1738.65700  5.63%  51.8 20140s
 1863934 609692 1757.49493   57  143 1842.28597 1738.66818  5.62%  51.8 20145s
 1864037 609825 1833.35733   74  118 1842.28597 1738.66965  5.62%  51.8 20151s
 1864537 609967 1738.70333   64   36 1842.28597 1738.68927  5.62%  51.7 20168s
 1864978 609967     cutoff   86      1842.28597 1738.69284  5.62%  51.7 20175s
 1865112 610111 infeasible   80      1842.28597 1738.70360  5.62%  51.8 20187s
 1865630 610151 1767.19801   57  183 1842.28597 1738.71690  5.62%  51.7 20192s
 1865743 610248 infeasible   58      1842.28597 1738.71690  5.62%  51.7 20202s
 1866262 610333 1837.99582   88   75 1842.28597 1738.73536  5.62%  51.7 20210s
 1866669 610357 infeasible   97      1842.28597 1738.75659  5.62%  51.7 20219s
 1866826 610493 1823.39891   59   94 1842.28597 1738.76512  5.62%  51.7 20233s
 1867238 610551     cutoff   55      1842.28597 1738.77345  5.62%  51.7 20237s
 1867474 610678 1806.20004   40  243 1842.28597 1738.78264  5.62%  51.7 20252s
 1867916 610713 infeasible   55      1842.28597 1738.79892  5.62%  51.7 20260s
 1868033 610881 infeasible   70      1842.28597 1738.80090  5.62%  51.7 20270s
 1868649 610971     cutoff   60      1842.28597 1738.82163  5.62%  51.7 20288s
 1869051 610996 1739.69536   64  187 1842.28597 1738.83562  5.62%  51.7 20299s
 1869118 610997 infeasible   73      1842.28597 1738.83562  5.62%  51.7 20304s
 1869197 611089 1755.03421   52  133 1842.28597 1738.84086  5.62%  51.7 20318s
 1869664 611091 1754.43304   52   70 1842.28597 1738.84472  5.61%  51.7 20322s
 1869727 611165 infeasible   70      1842.28597 1738.84692  5.61%  51.7 20331s
 1870045 611265 1788.55224   53   30 1842.28597 1738.86249  5.61%  51.7 20384s
 1870537 611411 1770.62294   67   52 1842.28597 1738.87704  5.61%  51.7 20396s
 1871281 611419     cutoff   88      1842.28597 1738.90905  5.61%  51.7 20400s
 1871340 611472     cutoff   89      1842.28597 1738.90956  5.61%  51.7 20415s
 1871691 611498 1835.47883   67   90 1842.28597 1738.93121  5.61%  51.7 20425s
 1871816 611651 1784.69980   64  125 1842.28597 1738.93774  5.61%  51.7 20444s
 1872497 611677 1796.85431   58  265 1842.28597 1738.95907  5.61%  51.7 20454s
 1872709 611825 1770.30793   66  203 1842.28597 1738.97322  5.61%  51.7 20468s
 1873301 611860 infeasible   63      1842.28597 1738.98638  5.61%  51.7 20472s
 1873415 611998 1831.33661   66  183 1842.28597 1738.99035  5.61%  51.7 20485s
 1873969 612119 1770.32894   52  361 1842.28597 1739.00462  5.61%  51.7 20496s
 1874521 612159 infeasible   58      1842.28597 1739.01387  5.61%  51.7 20502s
 1874654 612458 1836.79283   73    8 1842.28597 1739.01929  5.61%  51.7 20517s
 1875290 612590 1834.87777   76  625 1842.28597 1739.04250  5.60%  51.7 20526s
 1875719 612662 infeasible   50      1842.28597 1739.05548  5.60%  51.7 20537s
 1875997 612803     cutoff   59      1842.28597 1739.06099  5.60%  51.7 20550s
 1876783 612862 1809.83495   66  296 1842.28597 1739.08265  5.60%  51.7 20567s
 1877251 613018 1793.40581   45  366 1842.28597 1739.09755  5.60%  51.7 20593s
 1877847 613027 1832.49221   71  149 1842.28597 1739.10992  5.60%  51.7 20601s
 1877973 613134 1815.85378   55  220 1842.28597 1739.11372  5.60%  51.7 20624s
 1878460 613296 1776.96741   56  256 1842.28597 1739.12537  5.60%  51.7 20642s
 1879057 613294 infeasible   61      1842.28597 1739.14129  5.60%  51.7 20648s
 1879102 613469 1840.89737   62  119 1842.28597 1739.14129  5.60%  51.7 20667s
 1879652 613497     cutoff  116      1842.28597 1739.15434  5.60%  51.7 20678s
 1879836 613543 1823.57143   53   15 1842.28597 1739.16408  5.60%  51.7 20696s
 1880192 613590 1763.38603   61   17 1842.28597 1739.18047  5.60%  51.7 20705s
 1880426 613767 1805.05815   48    8 1842.28597 1739.19715  5.60%  51.7 20812s
 1881242 613814 1772.04719   59   49 1842.28597 1739.20638  5.60%  51.7 20817s
 1881344 614044     cutoff   73      1842.28597 1739.20638  5.60%  51.7 20833s
 1881877 614203 1744.26580   60  250 1842.28597 1739.23314  5.59%  51.7 20850s
 1882438 614237 1792.34528   64   32 1842.28597 1739.24660  5.59%  51.7 20859s
 1882658 614366     cutoff   61      1842.28597 1739.25525  5.59%  51.7 20877s
 1883224 614370 1834.94455   61  147 1842.28597 1739.27189  5.59%  51.7 20885s
 1883361 614478 infeasible   66      1842.28597 1739.27454  5.59%  51.7 20898s
 1883908 614513 1740.55450   55  174 1842.28597 1739.29405  5.59%  51.6 20905s
 1884375 614643 1770.02461   80   41 1842.28597 1739.31647  5.59%  51.6 20919s
 1884610 614644 1739.85656   65  179 1842.28597 1739.31857  5.59%  51.7 20929s
 1884660 614750 1745.01825   47  211 1842.28597 1739.32081  5.59%  51.7 20942s
 1885046 614806 infeasible   49      1842.28597 1739.32183  5.59%  51.7 20950s
 1885264 614939 1740.15950   58  278 1842.28597 1739.33133  5.59%  51.7 20964s
 1885828 614936 1830.90456   89   24 1842.28597 1739.35128  5.59%  51.7 20968s
 1885928 615071 1820.66517   65  127 1842.28597 1739.35286  5.59%  51.7 20978s
 1886464 615242 infeasible   66      1842.28597 1739.36420  5.59%  51.7 20988s
 1887121 615291     cutoff   69      1842.28597 1739.38694  5.59%  51.6 20995s
 1887267 615390     cutoff   66      1842.28597 1739.39075  5.59%  51.6 21008s
 1887836 615557 1805.91624   51  169 1842.28597 1739.40382  5.58%  51.6 21020s
 1888458 615671 1780.52044   58  104 1842.28597 1739.41136  5.58%  51.6 21029s
 1888951 615673 1796.19097   54  211 1842.28597 1739.43664  5.58%  51.6 21036s
 1889082 615743     cutoff   63      1842.28597 1739.43973  5.58%  51.6 21048s
 1889502 615766 1804.67841   61    6 1842.28597 1739.46007  5.58%  51.6 21053s
 1889664 615898     cutoff   64      1842.28597 1739.46007  5.58%  51.6 21063s
 1890212 615935     cutoff   49      1842.28597 1739.47569  5.58%  51.6 21068s
 1890379 616056     cutoff   68      1842.28597 1739.47854  5.58%  51.6 21079s
 1890754 616206 1743.24570   56  281 1842.28597 1739.48396  5.58%  51.6 21134s
 1891287 616226 1740.91935   44  218 1842.28597 1739.50887  5.58%  51.6 21145s
 1891376 616354 1795.87847   54  645 1842.28597 1739.50887  5.58%  51.6 21161s
 1891942 616404 1741.11829   50  293 1842.28597 1739.50887  5.58%  51.6 21167s
 1892095 616515 1740.06412   55  314 1842.28597 1739.52147  5.58%  51.6 21184s
 1892642 616566 infeasible   71      1842.28597 1739.53419  5.58%  51.6 21202s
 1892921 616689 1739.81368   67  204 1842.28597 1739.54583  5.58%  51.6 21220s
 1893530 616758 1745.32935   58  150 1842.28597 1739.56657  5.58%  51.6 21228s
 1893884 616903     cutoff   66      1842.28597 1739.57771  5.58%  51.6 21244s
 1894487 617021 infeasible   53      1842.28597 1739.58755  5.57%  51.6 21259s
 1894980 617075 infeasible   59      1842.28597 1739.60655  5.57%  51.6 21271s
 1895213 617142 infeasible   54      1842.28597 1739.61367  5.57%  51.6 21286s
 1895381 617167 1739.73689   65  259 1842.28597 1739.61367  5.57%  51.6 21293s
 1895463 617328 infeasible   59      1842.28597 1739.61699  5.57%  51.6 21310s
 1895966 617339 1835.10499   52  159 1842.28597 1739.62639  5.57%  51.6 21325s
 1896195 617387 infeasible   47      1842.28597 1739.63929  5.57%  51.7 21336s
 1896464 617503 1739.98877   42  157 1842.28597 1739.65191  5.57%  51.7 21351s
 1896831 617499     cutoff   65      1842.28597 1739.66261  5.57%  51.7 21358s
 1896871 617574 1739.68424   54  181 1842.28597 1739.66376  5.57%  51.7 21367s
 1897190 617711 1747.09644   46  972 1842.28597 1739.67146  5.57%  51.7 21388s
 1897788 617765     cutoff   50      1842.28597 1739.67744  5.57%  51.7 21397s
 1898059 617931 1791.21752   44    8 1842.28597 1739.67744  5.57%  51.7 21417s
 1898778 617959 infeasible   68      1842.28597 1739.70432  5.57%  51.7 21427s
 1898917 618245 1800.45760   62   18 1842.28597 1739.71049  5.57%  51.7 21451s
 1899533 618276 infeasible   54      1842.28597 1739.72382  5.57%  51.7 21457s
 1899691 618404 1811.01017   71  107 1842.28597 1739.72890  5.57%  51.7 21483s
 1900191 618521 1799.35673   59  536 1842.28597 1739.74037  5.57%  51.7 21495s
 1900622 618510 infeasible   52      1842.28597 1739.74533  5.57%  51.7 21506s
 1900686 618639 infeasible   70      1842.28597 1739.74727  5.57%  51.7 21524s
 1901329 618675 1740.11155   51  279 1842.28597 1739.75614  5.57%  51.7 21579s
 1901702 618799 1830.26202   50   79 1842.28597 1739.78641  5.56%  51.7 21595s
 1902184 618859 1767.67523   63  217 1842.28597 1739.80262  5.56%  51.7 21610s
 1902557 618939 1743.28581   57  277 1842.28597 1739.80707  5.56%  51.7 21619s
 1902781 619118 1778.42253   61   79 1842.28597 1739.80975  5.56%  51.7 21649s
 1903504 619246 1830.58579  119  159 1842.28597 1739.81715  5.56%  51.7 21673s
 1904125 619276 1816.32913   55  175 1842.28597 1739.84603  5.56%  51.7 21683s
 1904220 619499 1741.59049   67  198 1842.28597 1739.84666  5.56%  51.7 21710s
 1904892 619580 1794.20487   51    7 1842.28597 1739.85695  5.56%  51.7 21722s
 1905174 619711 1763.02145   52  237 1842.28597 1739.86150  5.56%  51.7 21738s
 1905793 619758     cutoff   80      1842.28597 1739.86677  5.56%  51.7 21746s
 1906072 619868 1740.34136   79  196 1842.28597 1739.88289  5.56%  51.7 21766s
 1906674 619975 1742.53196   66  372 1842.28597 1739.89318  5.56%  51.7 21788s
 1907143 619990 infeasible   68      1842.28597 1739.89318  5.56%  51.7 21799s
 1907241 620143 infeasible   58      1842.28597 1739.89806  5.56%  51.8 21825s
 1907842 620199 1841.33163   66  200 1842.28597 1739.90484  5.56%  51.8 21835s
 1908096 620334 1760.83956   68   32 1842.28597 1739.91193  5.56%  51.8 21858s
 1908590 620426 1741.53436   58  384 1842.28597 1739.92651  5.56%  51.8 21873s
 1909066 620449 1835.05984   60   11 1842.28597 1739.93886  5.56%  51.8 21880s
 1909195 620551     cutoff   68      1842.28597 1739.94760  5.55%  51.8 21905s
 1909606 620739 1820.43438   83   58 1842.28597 1739.95430  5.55%  51.8 21928s
 1910139 620744 infeasible   47      1842.28597 1739.96128  5.55%  51.8 21942s
 1910235 620857 1811.72498   64    5 1842.28597 1739.96169  5.55%  51.8 21959s
 1910637 621031 infeasible   79      1842.28597 1739.97309  5.55%  51.8 21968s
 1911038 621100 infeasible   71      1842.28597 1739.97821  5.55%  51.8 21977s
 1911405 621136 infeasible   47      1842.28597 1739.98485  5.55%  51.8 21984s
 1911591 621367 1769.68044   59   76 1842.28597 1739.99146  5.55%  51.8 22043s
 1912394 621447 1797.80339   60    8 1842.28597 1740.00542  5.55%  51.8 22052s
 1912647 621475 infeasible   59      1842.28597 1740.01008  5.55%  51.8 22060s
 1912930 621510     cutoff   61      1842.28597 1740.01016  5.55%  51.8 22071s
 1913210 621510 1806.68950   67   43 1842.28597 1740.02230  5.55%  51.8 22079s
 1913329 621628 1811.48032   68  112 1842.28597 1740.02518  5.55%  51.8 22093s
 1913768 621757 1794.69270   79  312 1842.28597 1740.03294  5.55%  51.8 22104s
 1914119 621786 1742.13541   51  269 1842.28597 1740.03903  5.55%  51.8 22110s
 1914201 621957 1752.81972   54  251 1842.28597 1740.04003  5.55%  51.8 22128s
 1914717 622049 infeasible   62      1842.28597 1740.04426  5.55%  51.8 22138s
 1914954 622109 1807.02386   46    5 1842.28597 1740.04939  5.55%  51.8 22151s
 1915143 622137 infeasible   54      1842.28597 1740.05244  5.55%  51.8 22157s
 1915224 622262     cutoff   69      1842.28597 1740.05782  5.55%  51.8 22171s
 1915748 622398     cutoff   61      1842.28597 1740.06693  5.55%  51.8 22188s
 1916240 622399 infeasible   61      1842.28597 1740.07062  5.55%  51.8 22193s
 1916338 622518 1742.94269   63  202 1842.28597 1740.08288  5.55%  51.8 22214s
 1916782 622590 1740.19020   44  325 1842.28597 1740.09369  5.55%  51.8 22227s
 1917092 622644 1753.26648   65  195 1842.28597 1740.09773  5.55%  51.8 22234s
 1917225 622842     cutoff   55      1842.28597 1740.10069  5.55%  51.8 22253s
 1917936 622891 1792.89628   72  392 1842.28597 1740.11422  5.55%  51.8 22270s
 1918284 622907     cutoff   56      1842.28597 1740.11893  5.55%  51.9 22280s
 1918433 623044 1764.22063   60  549 1842.28597 1740.12058  5.55%  51.9 22298s
 1918935 623123 infeasible   46      1842.28597 1740.13067  5.55%  51.9 22311s
 1919195 623176 1752.87207   68  310 1842.28597 1740.13723  5.54%  51.9 22326s
 1919650 623195 infeasible   63      1842.28597 1740.15147  5.54%  51.9 22331s
 1919809 623257 infeasible   53      1842.28597 1740.15564  5.54%  51.9 22347s
 1920228 623357 1789.88475   70 1017 1842.28597 1740.16181  5.54%  51.9 22366s
 1920704 623370 1826.44705   73  168 1842.28597 1740.16632  5.54%  51.9 22371s
 1920779 623418 1791.99660   49  450 1842.28597 1740.17174  5.54%  51.9 22384s
 1921001 623557 1764.65263   62   12 1842.28597 1740.17778  5.54%  51.9 22396s
 1921425 623605 1816.62987   64  163 1842.28597 1740.18578  5.54%  51.9 22404s
 1921692 623704     cutoff   74      1842.28597 1740.19114  5.54%  51.9 22421s
 1922138 623800 infeasible   57      1842.28597 1740.19752  5.54%  51.9 22488s
 1922522 623829 1812.00712   70    6 1842.28597 1740.20478  5.54%  51.9 22497s
 1922614 624063 1743.54523   46  625 1842.28597 1740.21044  5.54%  51.9 22525s
 1923380 624081     cutoff   78      1842.28597 1740.21985  5.54%  51.9 22535s
 1923540 624189 1751.28685   61  312 1842.28597 1740.22664  5.54%  51.9 22554s
 1923845 624231 infeasible   84      1842.28597 1740.22939  5.54%  51.9 22573s
 1924174 624402 1807.01443   65  403 1842.28597 1740.22939  5.54%  51.9 22601s
 1924828 624449 infeasible   79      1842.28597 1740.24303  5.54%  52.0 22612s
 1925021 624599 infeasible   54      1842.28597 1740.25023  5.54%  52.0 22628s
 1925789 624690 1740.96173   53  392 1842.28597 1740.26111  5.54%  52.0 22650s
 1926254 624724 1821.04667   63  159 1842.28597 1740.28483  5.54%  52.0 22659s
 1926389 624866 1808.66446   60   89 1842.28597 1740.28819  5.54%  52.0 22683s
 1926936 624943 1801.78551   64  286 1842.28597 1740.29418  5.54%  52.0 22699s
 1927240 625048 1762.19498   61  228 1842.28597 1740.30241  5.54%  52.0 22712s
 1927606 625186 1840.93591   97  550 1842.28597 1740.30744  5.54%  52.0 22731s
 1927977 625198     cutoff   68      1842.28597 1740.31634  5.53%  52.0 22739s
 1928011 625358 1837.58427   69  198 1842.28597 1740.31795  5.53%  52.0 22757s
 1928429 625380 1806.57308   56  197 1842.28597 1740.31795  5.53%  52.0 22764s
 1928503 625656 1806.68540   57  193 1842.28597 1740.31795  5.53%  52.0 22780s
 1929265 625718 infeasible   56      1842.28597 1740.33608  5.53%  52.0 22797s
 1929634 625967 1746.21691   56  204 1842.28597 1740.35091  5.53%  52.0 22817s
 1930313 625976 infeasible   61      1842.28597 1740.36762  5.53%  52.0 22833s
 1930363 626116 1786.44323   72  133 1842.28597 1740.37115  5.53%  52.0 22851s
 1931111 626224 infeasible   56      1842.28597 1740.38461  5.53%  52.0 22867s
 1931434 626393 1834.35885   66  159 1842.28597 1740.38510  5.53%  52.0 22888s
 1931972 626451 infeasible   60      1842.28597 1740.39802  5.53%  52.1 22903s
 1932341 626576 1820.38210   53  478 1842.28597 1740.40530  5.53%  52.1 22969s
 1932727 626572 infeasible   65      1842.28597 1740.40714  5.53%  52.1 22977s
 1932871 626877 1793.82119   62  194 1842.28597 1740.42697  5.53%  52.1 23000s
 1933661 626935 infeasible   77      1842.28597 1740.43529  5.53%  52.1 23007s
 1933861 627188     cutoff   67      1842.28597 1740.44415  5.53%  52.1 23031s
 1934537 627222 infeasible   68      1842.28597 1740.44962  5.53%  52.1 23042s
 1934772 627392 1802.62489   68  137 1842.28597 1740.45383  5.53%  52.1 23051s
 1935258 627394 infeasible   53      1842.28597 1740.45466  5.53%  52.1 23058s
 1935288 627521 1838.11380   69  244 1842.28597 1740.45669  5.53%  52.1 23078s
 1935789 627548 infeasible   65      1842.28597 1740.46668  5.53%  52.1 23087s
 1935975 627667     cutoff   81      1842.28597 1740.46826  5.53%  52.1 23107s
 1936405 627670 1740.58673   40  337 1842.28597 1740.48646  5.53%  52.1 23117s
 1936519 627843 1741.43497   45  299 1842.28597 1740.48986  5.53%  52.1 23133s
 1937090 627850 infeasible   51      1842.28597 1740.49855  5.53%  52.1 23149s
 1937412 627959 1753.31894   73  323 1842.28597 1740.50509  5.52%  52.1 23169s
 1937749 627961     cutoff   52      1842.28597 1740.52069  5.52%  52.1 23179s
 1937810 628079 1740.89547   62  213 1842.28597 1740.52202  5.52%  52.1 23200s
 1938217 628090 infeasible   49      1842.28597 1740.52491  5.52%  52.2 23206s
 1938399 628207     cutoff   68      1842.28597 1740.53605  5.52%  52.2 23225s
 1938995 628329 1740.99959   63  295 1842.28597 1740.54304  5.52%  52.2 23241s
 1939496 628359 1752.92510   64  601 1842.28597 1740.55256  5.52%  52.2 23249s
 1939590 628516 1755.70575   65  555 1842.28597 1740.55256  5.52%  52.2 23270s
 1939927 628646 1794.91856   70  302 1842.28597 1740.56202  5.52%  52.2 23282s
 1940355 628674 infeasible   72      1842.28597 1740.56225  5.52%  52.2 23292s
 1940562 628947 1741.23809   55  119 1842.28597 1740.57061  5.52%  52.2 23316s
 1941089 629084 1793.78882   49  441 1842.28597 1740.57372  5.52%  52.2 23339s
 1941490 629095 infeasible   51      1842.28597 1740.57372  5.52%  52.2 23347s
 1941530 629284 1797.45726   58  565 1842.28597 1740.57494  5.52%  52.2 23363s
 1942157 629483 1792.54126   64  476 1842.28597 1740.58467  5.52%  52.2 23382s
 1942929 629504 1743.07869   46  364 1842.28597 1740.59788  5.52%  52.2 23445s
 1943018 630536 1743.02620   47  314 1842.28597 1740.59863  5.52%  52.2 23542s
 1945734 630551 1819.29811   85  245 1842.28597 1740.62351  5.52%  52.3 23557s
 1945783 630560     cutoff   89      1842.28597 1740.62696  5.52%  52.3 23566s
 1945864 630597 1742.13325   62  194 1842.28597 1740.63149  5.52%  52.3 23576s
 1945958 630783 1817.06212   68  158 1842.28597 1740.63626  5.52%  52.3 23595s
 1946579 630808 infeasible   49      1842.28597 1740.64432  5.52%  52.3 23605s
 1946790 630965 1811.39468   59   73 1842.28597 1740.64704  5.52%  52.3 23631s
 1947452 631003 1781.90783   53  405 1842.28597 1740.65539  5.52%  52.3 23640s
 1947557 631142 1780.33112   55  510 1842.28597 1740.65689  5.52%  52.3 23652s
 1947934 631217 1747.51961   73  239 1842.28597 1740.65689  5.52%  52.3 23664s
 1948285 631323 1839.70130   78   88 1842.28597 1740.66818  5.52%  52.3 23678s
 1948500 631327     cutoff   58      1842.28597 1740.67069  5.52%  52.3 23684s
 1948626 631480 1780.58385   74    8 1842.28597 1740.67605  5.52%  52.3 23701s
 1949118 631538 1745.01952   67  347 1842.28597 1740.68675  5.51%  52.3 23712s
 1949258 631775 1805.34468   80  206 1842.28597 1740.68702  5.51%  52.3 23732s
 1949969 631801 infeasible  112      1842.28597 1740.69436  5.51%  52.3 23747s
 1950222 631887 1824.41823   59  192 1842.28597 1740.70646  5.51%  52.3 23767s
 1950431 631977     cutoff   79      1842.28597 1740.70788  5.51%  52.4 23780s
 1950757 632107 infeasible   56      1842.28597 1740.70837  5.51%  52.4 23796s
 1951297 632087 infeasible   58      1842.28597 1740.72309  5.51%  52.4 23807s
 1951357 632260 infeasible   70      1842.28597 1740.72885  5.51%  52.4 23832s
 1952060 632315     cutoff   73      1842.28597 1740.73518  5.51%  52.4 23840s
 1952256 632434 1800.67786   59    4 1842.28597 1740.74093  5.51%  52.4 23853s
 1952718 632476 1804.47806   52  480 1842.28597 1740.74753  5.51%  52.4 23866s
 1953040 632496 1797.23463   37  212 1842.28597 1740.75213  5.51%  52.4 23875s
 1953188 632622 1744.04917   49  343 1842.28597 1740.76093  5.51%  52.4 23950s
 1953563 632720 1760.33755   53  605 1842.28597 1740.77028  5.51%  52.4 23963s
 1954028 632735 infeasible   67      1842.28597 1740.77661  5.51%  52.4 23969s
 1954166 632905 1817.21785   67   36 1842.28597 1740.77765  5.51%  52.4 23989s
 1954822 633022 infeasible   78      1842.28597 1740.79465  5.51%  52.4 23999s
 1955223 633209 1817.85186   58  403 1842.28597 1740.80232  5.51%  52.4 24015s
 1955692 633224 infeasible   69      1842.28597 1740.80515  5.51%  52.4 24022s
 1955846 633350 1836.45719   62    2 1842.28597 1740.80913  5.51%  52.4 24036s
 1956402 633433 infeasible   43      1842.28597 1740.81744  5.51%  52.5 24048s
 1956721 633421     cutoff   84      1842.28597 1740.82622  5.51%  52.5 24060s
 1956858 633628 1822.24372   67   52 1842.28597 1740.82809  5.51%  52.5 24081s
 1957297 633721 infeasible   74      1842.28597 1740.83089  5.51%  52.5 24097s
 1957496 633728 infeasible   65      1842.28597 1740.83449  5.51%  52.5 24121s
 1957521 633778 1744.70116   56  235 1842.28597 1740.83449  5.51%  52.5 24131s
 1957589 633941 1788.88168   67  481 1842.28597 1740.83449  5.51%  52.5 24149s
 1957878 633926 infeasible   54      1842.28597 1740.83449  5.51%  52.5 24166s
 1957992 634116 1754.41563   62  560 1842.28597 1740.83920  5.51%  52.5 24190s
 1958448 634246 1810.31760   81  233 1842.28597 1740.84239  5.51%  52.5 24204s
 1958946 634264 1743.68745   55  240 1842.28597 1740.85119  5.51%  52.6 24216s
 1959291 634423 1746.05775   51  378 1842.28597 1740.86201  5.51%  52.6 24235s
 1959614 634446 1759.91796   67  191 1842.28597 1740.86379  5.51%  52.6 24245s
 1959724 634724     cutoff   72      1842.28597 1740.86379  5.51%  52.6 24261s
 1960326 634746 infeasible   59      1842.28597 1740.87102  5.50%  52.6 24271s
 1960453 634977 1741.20479   51  586 1842.28597 1740.87394  5.50%  52.6 24291s
 1960900 635013     cutoff   83      1842.28597 1740.87544  5.50%  52.6 24311s
 1961254 635153 1783.92857   65  171 1842.28597 1740.87742  5.50%  52.6 24331s
 1961715 635170     cutoff   59      1842.28597 1740.88137  5.50%  52.6 24340s
 1961746 635360 1797.21375   57  108 1842.28597 1740.88378  5.50%  52.6 24361s
 1962425 635372 infeasible   71      1842.28597 1740.89762  5.50%  52.6 24371s
 1962523 635555 1812.37744   75  201 1842.28597 1740.90066  5.50%  52.7 24395s
 1963131 635706     cutoff   57      1842.28597 1740.90982  5.50%  52.7 24417s
 1963582 635728 1811.02002   76  343 1842.28597 1740.91300  5.50%  52.7 24495s
 1963717 636156 infeasible   66      1842.28597 1740.91428  5.50%  52.7 24551s
 1965015 636173 1796.66288   47  422 1842.28597 1740.92677  5.50%  52.7 24562s
 1965111 636334 1794.00479   49  434 1842.28597 1740.92961  5.50%  52.7 24581s
 1965686 636366 1819.75225   51  326 1842.28597 1740.93902  5.50%  52.7 24588s
 1965800 636483 1792.51250   50  351 1842.28597 1740.94024  5.50%  52.7 24609s
 1966276 636556 infeasible   60      1842.28597 1740.94298  5.50%  52.7 24624s
 1966565 636744 1767.37130   83  197 1842.28597 1740.95054  5.50%  52.7 24646s
 1967066 636763 1796.91642   73  452 1842.28597 1740.95338  5.50%  52.7 24662s
 1967134 636973 1816.33240   74  596 1842.28597 1740.95467  5.50%  52.7 24688s
 1967819 637149 1810.82985   59    8 1842.28597 1740.96006  5.50%  52.7 24712s
 1968411 637128 infeasible   61      1842.28597 1740.96686  5.50%  52.8 24722s
 1968490 637208 infeasible   48      1842.28597 1740.96847  5.50%  52.8 24737s
 1968741 637221 infeasible   57      1842.28597 1740.97113  5.50%  52.8 24747s
 1968835 637350 1787.81375   74  165 1842.28597 1740.97371  5.50%  52.8 24769s
 1969416 637436 infeasible   83      1842.28597 1740.98215  5.50%  52.8 24779s
 1969703 637622 1743.23693   57  562 1842.28597 1740.98807  5.50%  52.8 24805s
 1970196 637645 1831.98708   64  180 1842.28597 1740.98925  5.50%  52.8 24817s
 1970304 637811 1829.55334   64  314 1842.28597 1740.99372  5.50%  52.8 24843s
 1970723 637858     cutoff   78      1842.28597 1740.99996  5.50%  52.8 24861s
 1971043 637942 1748.93387   54  292 1842.28597 1741.00820  5.50%  52.8 24884s
 1971503 637980 1794.88330   67  255 1842.28597 1741.01640  5.50%  52.9 24897s
 1971701 638186 1799.62184   70  426 1842.28597 1741.01640  5.50%  52.9 24924s
 1972243 638298 1741.16687   50  324 1842.28597 1741.02853  5.50%  52.9 24944s
 1972620 638418 1838.84293   76   59 1842.28597 1741.03409  5.50%  52.9 24956s
 1973028 638628 1795.73507   44  361 1842.28597 1741.03769  5.50%  52.9 24977s
 1973549 638623 infeasible   79      1842.28597 1741.04334  5.50%  52.9 24989s
 1973663 638828     cutoff   67      1842.28597 1741.04700  5.50%  52.9 25014s
 1974156 638829     cutoff   83      1842.28597 1741.05299  5.49%  52.9 25089s
 1974282 639335     cutoff   71      1842.28597 1741.05522  5.49%  52.9 25146s
 1975854 639332 infeasible   44      1842.28597 1741.06280  5.49%  53.0 25157s
 1975958 639346 infeasible   68      1842.28597 1741.06659  5.49%  53.0 25169s
 1976104 639517     cutoff   58      1842.28597 1741.06832  5.49%  53.0 25184s
 1976507 639570 infeasible   65      1842.28597 1741.08861  5.49%  53.0 25196s
 1976851 639783 1806.72431   68  469 1842.28597 1741.09925  5.49%  53.0 25224s
 1977584 639821 1747.00405   55  237 1842.28597 1741.10708  5.49%  53.0 25231s
 1977667 639918 1749.91588   71  241 1842.28597 1741.10708  5.49%  53.0 25251s
 1978007 640079 infeasible   52      1842.28597 1741.11158  5.49%  53.0 25273s
 1978491 640094     cutoff   45      1842.28597 1741.11399  5.49%  53.0 25286s
 1978638 640274     cutoff   87      1842.28597 1741.12143  5.49%  53.0 25299s
 1979099 640339 1794.59478   71  320 1842.28597 1741.12346  5.49%  53.0 25311s
 1979296 640355 infeasible   54      1842.28597 1741.12897  5.49%  53.0 25319s
 1979415 640588 1832.50729   66   71 1842.28597 1741.13197  5.49%  53.1 25343s
 1980170 640618 infeasible   67      1842.28597 1741.13896  5.49%  53.1 25355s
 1980352 640753 1826.04221   67  115 1842.28597 1741.14624  5.49%  53.1 25374s
 1980790 640792 infeasible   64      1842.28597 1741.15152  5.49%  53.1 25394s
 1981129 640907 1741.21150   48  613 1842.28597 1741.15993  5.49%  53.1 25413s
 1981670 640976 infeasible   57      1842.28597 1741.17580  5.49%  53.1 25429s
 1981882 641217 1782.20795   67  236 1842.28597 1741.17879  5.49%  53.1 25455s
 1982525 641237     cutoff   50      1842.28597 1741.18778  5.49%  53.1 25468s
 1982658 641428 1750.24536   62  610 1842.28597 1741.19406  5.49%  53.1 25487s
 1983228 641609 1794.92567   55  391 1842.28597 1741.19952  5.49%  53.1 25509s
 1983761 641609 infeasible   62      1842.28597 1741.20321  5.49%  53.1 25521s
 1983905 641816 1741.56178   65  261 1842.28597 1741.20793  5.49%  53.1 25541s
 1984327 642017 infeasible   69      1842.28597 1741.21135  5.49%  53.2 25565s
 1984919 642026 infeasible   77      1842.28597 1741.21652  5.49%  53.2 25638s
 1985039 642558 1795.01689   62  248 1842.28597 1741.22056  5.49%  53.2 25689s
 1986675 642577 infeasible   69      1842.28597 1741.22962  5.49%  53.2 25695s
 1986774 642590 1791.21478   61    7 1842.28597 1741.23226  5.49%  53.2 25703s
 1986920 642722 1834.92945   71   43 1842.28597 1741.24021  5.48%  53.2 25724s
 1987346 642770 1793.41624   69  620 1842.28597 1741.24297  5.48%  53.2 25749s
 1987505 642765     cutoff   49      1842.28597 1741.24438  5.48%  53.2 25760s
 1987543 642866 1750.14552   68  239 1842.28597 1741.24438  5.48%  53.2 25777s
 1987846 642900 1741.25671   63   36 1842.28597 1741.24438  5.48%  53.2 25788s
 1987932 642954 1810.47590   74   24 1842.28597 1741.24438  5.48%  53.2 25803s
 1988150 643170     cutoff   59      1842.28597 1741.24781  5.48%  53.2 25823s
 1988645 643199     cutoff   80      1842.28597 1741.25450  5.48%  53.2 25837s
 1988836 643410 1743.17279   58  226 1842.28597 1741.25751  5.48%  53.2 25861s
 1989502 643490 1742.01762   45  368 1842.28597 1741.26319  5.48%  53.3 25876s
 1989962 643685 1820.61020   72  107 1842.28597 1741.27417  5.48%  53.3 25906s
 1990539 643710 infeasible   61      1842.28597 1741.27552  5.48%  53.3 25917s
 1990768 643934 infeasible   56      1842.28597 1741.28474  5.48%  53.3 25941s
 1991332 643992 infeasible   53      1842.28597 1741.28474  5.48%  53.3 25962s
 1991757 644191 1764.66336   75   14 1842.28597 1741.29663  5.48%  53.3 25979s
 1992414 644206 infeasible   60      1842.28597 1741.30390  5.48%  53.3 25990s
 1992493 644399 1794.30937   58  280 1842.28597 1741.30390  5.48%  53.3 26013s
 1992928 644578 1741.74671   69  624 1842.28597 1741.31028  5.48%  53.3 26031s
 1993363 644584 infeasible   71      1842.28597 1741.31764  5.48%  53.3 26044s
 1993478 644700 1741.84355   57  206 1842.28597 1741.32290  5.48%  53.3 26061s
 1993851 644792 1816.49892   89  222 1842.28597 1741.32556  5.48%  53.3 26085s
 1994334 644799 1781.76639   58   53 1842.28597 1741.33652  5.48%  53.4 26094s
 1994404 645138 1747.16624   47  275 1842.28597 1741.33760  5.48%  53.4 26125s
 1995152 645260 infeasible   57      1842.28597 1741.34542  5.48%  53.4 26212s
 1995603 645350 infeasible   67      1842.28597 1741.35085  5.48%  53.4 26228s
 1995855 645385 infeasible   67      1842.28597 1741.35163  5.48%  53.4 26239s
 1996005 645753 1741.37161   67  256 1842.28597 1741.35673  5.48%  53.4 26270s
 1996892 645740 infeasible   47      1842.28597 1741.35884  5.48%  53.4 26282s
 1997020 645932 1763.77517   63  295 1842.28597 1741.37297  5.48%  53.4 26298s
 1997462 645955     cutoff   68      1842.28597 1741.37344  5.48%  53.4 26308s
 1997665 646140 infeasible   67      1842.28597 1741.38074  5.48%  53.4 26330s
 1998114 646171 infeasible   56      1842.28597 1741.38379  5.48%  53.4 26340s
 1998339 646360     cutoff   63      1842.28597 1741.38843  5.48%  53.4 26359s
 1998863 646388     cutoff   68      1842.28597 1741.39525  5.48%  53.4 26373s
 1999067 646578     cutoff   67      1842.28597 1741.39840  5.48%  53.4 26397s
 1999673 646573 infeasible   63      1842.28597 1741.40227  5.48%  53.5 26404s
 1999743 646795 1742.59751   49  236 1842.28597 1741.40383  5.48%  53.5 26426s
 2000353 646872 infeasible   60      1842.28597 1741.40789  5.48%  53.5 26439s
 2000699 647008 1761.85754   56  538 1842.28597 1741.41351  5.48%  53.5 26457s
 2001100 646997 infeasible   59      1842.28597 1741.41699  5.48%  53.5 26463s
 2001201 647273 1744.57893   60  363 1842.28597 1741.42683  5.47%  53.5 26483s
 2001882 647257 infeasible   53      1842.28597 1741.43398  5.47%  53.5 26490s
 2001983 647475 1795.66780   63  188 1842.28597 1741.43634  5.47%  53.5 26506s
 2002430 647442 infeasible   76      1842.28597 1741.44224  5.47%  53.5 26515s
 2002498 647704 1840.26404   68  169 1842.28597 1741.44385  5.47%  53.5 26540s
 2003120 647710 infeasible   48      1842.28597 1741.45068  5.47%  53.5 26547s
 2003204 647871 1747.60171   62  219 1842.28597 1741.45303  5.47%  53.5 26560s
 2003718 647996 infeasible   54      1842.28597 1741.45780  5.47%  53.5 26579s
 2004123 648017 1837.54896   69  210 1842.28597 1741.46682  5.47%  53.5 26594s
 2004414 648095 1742.96973   58  416 1842.28597 1741.47108  5.47%  53.6 26612s
 2004748 648302 1742.09157   53  142 1842.28597 1741.47907  5.47%  53.6 26633s
 2005263 648327 1823.38658   64  159 1842.28597 1741.48783  5.47%  53.6 26643s
 2005438 648473 1823.15990   62  160 1842.28597 1741.49175  5.47%  53.6 26725s
 2005853 648626 1839.27260   67  111 1842.28597 1741.49279  5.47%  53.6 26745s
 2006299 648650 1775.82150   75   91 1842.28597 1741.49981  5.47%  53.6 26754s
 2006454 648810     cutoff   78      1842.28597 1741.50038  5.47%  53.6 26775s
 2006942 648932 1795.99608   66  300 1842.28597 1741.50038  5.47%  53.6 26799s
 2007418 648947     cutoff   60      1842.28597 1741.51102  5.47%  53.6 26804s
 2007449 649116 1797.35028   59  305 1842.28597 1741.51167  5.47%  53.6 26821s
 2007872 649207 infeasible   52      1842.28597 1741.51447  5.47%  53.6 26833s
 2008133 649365 1800.05632   59    7 1842.28597 1741.51778  5.47%  53.6 26851s
 2008664 649379 infeasible   71      1842.28597 1741.52158  5.47%  53.6 26862s
 2008749 649524 infeasible   66      1842.28597 1741.52988  5.47%  53.6 26888s
 2009215 649534 1834.24343   53  118 1842.28597 1741.53290  5.47%  53.7 26897s
 2009340 649636 1831.41885   72  147 1842.28597 1741.53436  5.47%  53.7 26935s
 2009653 649702 infeasible   44      1842.28597 1741.54054  5.47%  53.7 26948s
 2009915 649994 1742.06329   52  233 1842.28597 1741.54467  5.47%  53.7 26978s
 2010725 649989 1746.64244   53  241 1842.28597 1741.55386  5.47%  53.7 26991s
 2010870 650160 1747.93013   59  373 1842.28597 1741.56268  5.47%  53.7 27020s
 2011501 650174 infeasible   53      1842.28597 1741.57274  5.47%  53.7 27029s
 2011615 650380 1744.22930   60  324 1842.28597 1741.57408  5.47%  53.7 27047s
 2012250 650459     cutoff  104      1842.28597 1741.57967  5.47%  53.7 27066s
 2012610 650461 infeasible   58      1842.28597 1741.58459  5.47%  53.7 27074s
 2012684 650601 1802.04982   54  608 1842.28597 1741.58474  5.47%  53.7 27098s
 2013138 650690 1746.11751   51  276 1842.28597 1741.58965  5.47%  53.7 27119s
 2013578 650717 1794.52125   59  248 1842.28597 1741.59266  5.47%  53.7 27133s
 2013822 650919 1795.00402   69  167 1842.28597 1741.59789  5.47%  53.7 27152s
 2014335 650905 infeasible   59      1842.28597 1741.60516  5.46%  53.7 27178s
 2014357 650911 1780.84556   61   99 1842.28597 1741.60516  5.46%  53.7 27194s
 2014386 650932     cutoff   66      1842.28597 1741.60516  5.46%  53.7 27204s
 2014473 651060 infeasible   59      1842.28597 1741.61179  5.46%  53.7 27222s
 2014853 651274 1742.18601   71  331 1842.28597 1741.61825  5.46%  53.7 27246s
 2015545 651267 infeasible   49      1842.28597 1741.62396  5.46%  53.7 27254s
 2015607 651420 1796.77103   62  267 1842.28597 1741.62638  5.46%  53.7 27276s
 2016096 651553 1795.07529   65  127 1842.28597 1741.63037  5.46%  53.8 27357s
 2016429 651643 1750.62609   63  203 1842.28597 1741.63720  5.46%  53.8 27374s
 2016881 651814 infeasible   68      1842.28597 1741.64112  5.46%  53.8 27399s
 2017506 651844 1742.56401   56  319 1842.28597 1741.65451  5.46%  53.8 27406s
 2017574 652142 1793.04530   61  109 1842.28597 1741.65451  5.46%  53.8 27429s
 2018264 652302 1794.38002   72  325 1842.28597 1741.65620  5.46%  53.8 27445s
 2018682 652318 infeasible   73      1842.28597 1741.66196  5.46%  53.8 27455s
 2018803 652551 1744.36716   49  334 1842.28597 1741.66671  5.46%  53.8 27484s
 2019608 652599 infeasible   59      1842.28597 1741.67353  5.46%  53.8 27491s
 2019777 652779 1838.02323   75  102 1842.28597 1741.67876  5.46%  53.8 27509s
 2020339 652788 infeasible   58      1842.28597 1741.68583  5.46%  53.8 27529s
 2020510 652994 1742.05720   53  368 1842.28597 1741.68777  5.46%  53.8 27554s
 2021115 653028 infeasible   58      1842.28597 1741.69574  5.46%  53.8 27569s
 2021204 653118     cutoff   63      1842.28597 1741.69610  5.46%  53.8 27593s
 2021741 653216 1743.96808   72  299 1842.28597 1741.70011  5.46%  53.8 27604s
 2021974 653213 1822.48311   72   56 1842.28597 1741.70059  5.46%  53.8 27609s
 2022065 653405     cutoff   65      1842.28597 1741.70435  5.46%  53.8 27624s
 2022520 653391 infeasible   72      1842.28597 1741.70692  5.46%  53.8 27639s
 2022548 653456 infeasible   53      1842.28597 1741.70920  5.46%  53.8 27651s
 2022843 653586     cutoff   66      1842.28597 1741.71351  5.46%  53.8 27669s
 2023339 653604 1841.16127   68   34 1842.28597 1741.72061  5.46%  53.8 27677s
 2023446 653793 1796.93690   53  330 1842.28597 1741.72378  5.46%  53.8 27692s
 2023878 653843 infeasible   52      1842.28597 1741.72703  5.46%  53.8 27707s
 2024176 653960 infeasible   50      1842.28597 1741.73217  5.46%  53.8 27727s
 2024549 653979 1747.25683   63  233 1842.28597 1741.73495  5.46%  53.9 27731s
 2024629 654137 1813.41535   67  112 1842.28597 1741.73635  5.46%  53.9 27751s
 2025165 654261 1806.74352   58  853 1842.28597 1741.74092  5.46%  53.9 27771s
 2025493 654260 1746.70840   58  234 1842.28597 1741.74284  5.46%  53.9 27779s
 2025538 654444 1747.39222   61  236 1842.28597 1741.74413  5.46%  53.9 27798s
 2025976 654453 infeasible   81      1842.28597 1741.74836  5.46%  53.9 27805s
 2026100 654674 1800.94699   68  363 1842.28597 1741.75137  5.46%  53.9 27828s
 2026728 654845     cutoff   61      1842.28597 1741.75480  5.46%  53.9 27902s
 2027255 654851 infeasible   70      1842.28597 1741.76316  5.46%  53.9 27911s
 2027343 655079 1813.96917   68  174 1842.28597 1741.76659  5.46%  53.9 27936s
 2028047 655122 1807.99030   80    4 1842.28597 1741.77071  5.46%  53.9 27947s
 2028238 655230     cutoff   67      1842.28597 1741.77307  5.46%  53.9 27963s
 2028665 655287 infeasible   64      1842.28597 1741.78165  5.46%  53.9 27973s
 2028918 655331 1818.49119   63   32 1842.28597 1741.78530  5.46%  53.9 27987s
 2029058 655370 1746.54083   52  239 1842.28597 1741.78530  5.46%  53.9 27995s
 2029160 655523 1765.66619   56  158 1842.28597 1741.79107  5.45%  53.9 28022s
 2029596 655643 infeasible   81      1842.28597 1741.79285  5.45%  53.9 28041s
 2029941 655712 infeasible   68      1842.28597 1741.79699  5.45%  53.9 28054s
 2030287 655785 1836.62758   76  104 1842.28597 1741.80155  5.45%  53.9 28074s
 2030683 655816 1808.64257   70    6 1842.28597 1741.80977  5.45%  53.9 28088s
 2031110 655952 1836.07599   71  127 1842.28597 1741.81504  5.45%  53.9 28113s
 2031611 655952 infeasible   53      1842.28597 1741.82080  5.45%  53.9 28124s
 2031726 656143 1819.79222   69  202 1842.28597 1741.82291  5.45%  53.9 28144s
 2032227 656294 1793.93549   59  396 1842.28597 1741.83136  5.45%  54.0 28169s
 2032926 656308 1794.98698   57  308 1842.28597 1741.83988  5.45%  54.0 28176s
 2033031 656579 infeasible   63      1842.28597 1741.83988  5.45%  54.0 28201s
 2033682 656617 infeasible   74      1842.28597 1741.84665  5.45%  54.0 28213s
 2033832 656685     cutoff   89      1842.28597 1741.84934  5.45%  54.0 28231s
 2034203 656727 infeasible   66      1842.28597 1741.85491  5.45%  54.0 28240s
 2034378 656829 1819.97256   73  104 1842.28597 1741.85885  5.45%  54.0 28264s
 2034814 656992 infeasible   70      1842.28597 1741.86275  5.45%  54.0 28286s
 2035331 656991 infeasible   64      1842.28597 1741.86584  5.45%  54.0 28303s
 2035359 657032 1816.51488   68  347 1842.28597 1741.86792  5.45%  54.0 28314s
 2035478 657224 1818.19751   70  339 1842.28597 1741.87032  5.45%  54.0 28333s
 2036098 657359 1796.12449   58  348 1842.28597 1741.87753  5.45%  54.0 28358s
 2036678 657377 infeasible   76      1842.28597 1741.88085  5.45%  54.0 28372s
 2036860 657549 infeasible   75      1842.28597 1741.88561  5.45%  54.0 28394s
 2037428 657610 1803.00652   49  305 1842.28597 1741.89397  5.45%  54.0 28464s
 2037734 657694     cutoff   72      1842.28597 1741.90205  5.45%  54.0 28480s
 2038073 657879     cutoff   91      1842.28597 1741.90205  5.45%  54.1 28505s
 2038735 657885 infeasible   82      1842.28597 1741.90660  5.45%  54.1 28512s
 2038816 658096 1758.36769   74  196 1842.28597 1741.90742  5.45%  54.1 28538s
 2039377 658077 infeasible   73      1842.28597 1741.91702  5.45%  54.1 28547s
 2039428 658269 1826.72643   73  144 1842.28597 1741.91853  5.45%  54.1 28570s
 2039911 658277 infeasible   61      1842.28597 1741.92703  5.45%  54.1 28584s
 2040087 658594 1742.53201   66  427 1842.28597 1741.93138  5.45%  54.1 28613s
 2040809 658607 infeasible   87      1842.28597 1741.93763  5.45%  54.1 28625s
 2040975 658775 1743.41905   63  153 1842.28597 1741.94391  5.45%  54.1 28650s
 2041476 658870     cutoff   66      1842.28597 1741.94947  5.45%  54.1 28666s
 2041904 658922 1746.20343   65  246 1842.28597 1741.95499  5.45%  54.1 28673s
 2041998 659131 1760.22714   39  585 1842.28597 1741.95593  5.45%  54.1 28697s
 2042497 659282 1826.58437   76  491 1842.28597 1741.96568  5.45%  54.2 28713s
 2042965 659319     cutoff   67      1842.28597 1741.96737  5.45%  54.2 28721s
 2043069 659558 1832.90529   66  199 1842.28597 1741.96821  5.45%  54.2 28746s
 2043829 659644 1744.30283   61  306 1842.28597 1741.97378  5.44%  54.2 28770s
 2044210 659692 1749.28036   47  239 1842.28597 1741.98049  5.44%  54.2 28783s
 2044354 659921 1742.78213   74  584 1842.28597 1741.98450  5.44%  54.2 28809s
 2045044 660061 1794.82809   67  447 1842.28597 1741.98842  5.44%  54.2 28832s
 2045511 660076 infeasible   69      1842.28597 1741.99820  5.44%  54.2 28838s
 2045583 660144 1742.05655   58  320 1842.28597 1741.99820  5.44%  54.2 28852s
 2045893 660189 1830.98423  101  732 1842.28597 1742.00408  5.44%  54.2 28863s
 2046270 660307 1744.16453   63  365 1842.28597 1742.00980  5.44%  54.2 28878s
 2046691 660403 1836.66965   66  177 1842.28597 1742.01580  5.44%  54.2 28897s
 2047162 660469 infeasible   49      1842.28597 1742.02239  5.44%  54.2 28912s
 2047453 660563 infeasible   66      1842.28597 1742.02931  5.44%  54.2 28924s
 2047838 660711 1799.80703   61    6 1842.28597 1742.03436  5.44%  54.2 28996s
 2048341 660714 infeasible   73      1842.28597 1742.04066  5.44%  54.2 29002s
 2048366 660856 1801.01170   58  758 1842.28597 1742.04251  5.44%  54.2 29014s
 2048797 660901 1833.25068   79  299 1842.28597 1742.04385  5.44%  54.3 29021s
 2049103 661102 1742.37559   53  640 1842.28597 1742.04672  5.44%  54.3 29036s
 2049784 661128 1772.14905   72  200 1842.28597 1742.05834  5.44%  54.3 29045s
 2049883 661337     cutoff   73      1842.28597 1742.06085  5.44%  54.3 29060s
 2050426 661343 infeasible   86      1842.28597 1742.06370  5.44%  54.3 29071s
 2050559 661401 1745.56523   54  235 1842.28597 1742.06963  5.44%  54.3 29095s
 2050785 661416 infeasible   74      1842.28597 1742.07641  5.44%  54.3 29104s
 2050842 661540 infeasible   53      1842.28597 1742.07760  5.44%  54.3 29126s
 2051263 661580 infeasible   74      1842.28597 1742.08024  5.44%  54.3 29134s
 2051438 661816 infeasible   58      1842.28597 1742.08276  5.44%  54.3 29163s
 2052044 661856 infeasible   59      1842.28597 1742.08563  5.44%  54.3 29174s
 2052239 662039 1745.87625   56  278 1842.28597 1742.08958  5.44%  54.3 29198s
 2052789 662041 infeasible   47      1842.28597 1742.09616  5.44%  54.3 29212s
 2052957 662180 1754.46437   65  107 1842.28597 1742.10028  5.44%  54.3 29235s
 2053386 662196 infeasible  107      1842.28597 1742.10134  5.44%  54.3 29244s
 2053526 662347 1745.96411   58  278 1842.28597 1742.10625  5.44%  54.3 29265s
 2054055 662373 1800.65074   64   46 1842.28597 1742.11635  5.44%  54.3 29272s
 2054232 662578 1839.82455   63  133 1842.28597 1742.12334  5.44%  54.3 29294s
 2054884 662692 infeasible   72      1842.28597 1742.12708  5.44%  54.3 29314s
 2055346 662736     cutoff   67      1842.28597 1742.13408  5.44%  54.3 29328s
 2055569 663014 1836.00097   72   33 1842.28597 1742.13411  5.44%  54.3 29357s
 2056183 663032 1751.35760   55  238 1842.28597 1742.14138  5.44%  54.4 29364s
 2056290 663165 1742.42115   60  175 1842.28597 1742.14242  5.44%  54.4 29387s
 2056787 663358 infeasible   72      1842.28597 1742.15607  5.44%  54.4 29402s
 2057350 663390 infeasible  126      1842.28597 1742.15963  5.43%  54.4 29411s
 2057535 663504     cutoff   54      1842.28597 1742.16229  5.43%  54.4 29435s
 2058123 663574 1749.70741   52  513 1842.28597 1742.17030  5.43%  54.4 29516s
 2058427 663777 1753.66452   64  239 1842.28597 1742.17047  5.43%  54.4 29541s
 2059187 663774 infeasible   79      1842.28597 1742.18600  5.43%  54.4 29547s
 2059272 663942 1799.43282   55  150 1842.28597 1742.18664  5.43%  54.4 29567s
 2059764 663937     cutoff   70      1842.28597 1742.19398  5.43%  54.4 29576s
 2059852 664157 1796.13408   69  205 1842.28597 1742.19459  5.43%  54.4 29596s
 2060443 664151 infeasible   71      1842.28597 1742.19840  5.43%  54.4 29603s
 2060490 664312 1753.48707   72  566 1842.28597 1742.19950  5.43%  54.4 29629s
 2061102 664311 infeasible   61      1842.28597 1742.20792  5.43%  54.4 29636s
 2061192 664456 1773.97392   65  271 1842.28597 1742.20921  5.43%  54.4 29655s
 2061761 664458 infeasible   69      1842.28597 1742.21466  5.43%  54.4 29661s
 2061865 664588 1831.88487   58  176 1842.28597 1742.21808  5.43%  54.4 29681s
 2062353 664702 1766.27193   62  716 1842.28597 1742.22518  5.43%  54.4 29702s
 2062792 664712 1798.32683   41  254 1842.28597 1742.22761  5.43%  54.4 29714s
 2062818 664928 1799.04989   51   53 1842.28597 1742.22804  5.43%  54.4 29737s
 2063377 665136 1801.01630   77  406 1842.28597 1742.23176  5.43%  54.4 29760s
 2063820 665131 1745.60868   65  280 1842.28597 1742.23905  5.43%  54.5 29769s
 2063957 665347 infeasible   51      1842.28597 1742.24145  5.43%  54.5 29795s
 2064505 665561 1818.46943   65   55 1842.28597 1742.24461  5.43%  54.5 29812s
 2065022 665601 infeasible   43      1842.28597 1742.25291  5.43%  54.5 29822s
 2065144 665901 1757.48787   56  289 1842.28597 1742.25626  5.43%  54.5 29849s
 2065874 666045 1827.54178  114   15 1842.28597 1742.26054  5.43%  54.5 29865s
 2066384 666095 1747.92007   67  235 1842.28597 1742.26832  5.43%  54.5 29871s
 2066496 666152 1791.48377   79  182 1842.28597 1742.26839  5.43%  54.5 29903s
 2066758 666285 1743.42710   55  323 1842.28597 1742.27195  5.43%  54.5 29923s
 2067080 666286 1834.73848   62  227 1842.28597 1742.27680  5.43%  54.5 29929s
 2067148 666440 1747.03937   66  277 1842.28597 1742.27743  5.43%  54.5 29954s
 2067730 666557 infeasible   69      1842.28597 1742.28440  5.43%  54.5 29979s
 2068164 666647 infeasible   58      1842.28597 1742.28810  5.43%  54.5 29991s
 2068561 666786 1744.61497   48  276 1842.28597 1742.29515  5.43%  54.5 30084s
 2069064 666777 infeasible   54      1842.28597 1742.30088  5.43%  54.5 30095s
 2069139 667001 1751.40587   59  657 1842.28597 1742.30088  5.43%  54.5 30125s
 2069798 667091 1762.97221   84  122 1842.28597 1742.30530  5.43%  54.5 30138s
 2070063 667080 infeasible   68      1842.28597 1742.30942  5.43%  54.5 30150s
 2070328 667153     cutoff   66      1842.28597 1742.31451  5.43%  54.5 30163s
 2070716 667177 1786.30358   51  313 1842.28597 1742.31952  5.43%  54.5 30178s
 2070821 667378     cutoff   56      1842.28597 1742.31952  5.43%  54.5 30196s
 2071307 667511 1742.35463   68  335 1842.28597 1742.32593  5.43%  54.5 30218s
 2071714 667524 infeasible   52      1842.28597 1742.32811  5.43%  54.6 30228s
 2071803 667724     cutoff   59      1842.28597 1742.33056  5.43%  54.6 30248s
 2072371 667964 1799.60733   72  346 1842.28597 1742.33825  5.43%  54.6 30269s
 2073048 667989 infeasible   99      1842.28597 1742.34461  5.42%  54.6 30277s
 2073162 668169 1745.45004   63  240 1842.28597 1742.34584  5.42%  54.6 30303s
 2073727 668312 1795.74901   59   36 1842.28597 1742.35226  5.42%  54.6 30319s
 2074161 668307 infeasible   79      1842.28597 1742.35725  5.42%  54.6 30331s
 2074174 668312 1791.58538   62  179 1842.28597 1742.35874  5.42%  54.6 30341s
 2074213 668314 infeasible   62      1842.28597 1742.35878  5.42%  54.6 30351s
 2074311 668479 1764.46698   47  177 1842.28597 1742.36005  5.42%  54.6 30375s
 2074852 668515     cutoff   61      1842.28597 1742.36484  5.42%  54.6 30387s
 2075024 668629 infeasible   67      1842.28597 1742.37123  5.42%  54.6 30409s
 2075391 668631 infeasible   84      1842.28597 1742.37566  5.42%  54.6 30424s
 2075518 668788 1742.97954   62  230 1842.28597 1742.38008  5.42%  54.6 30443s
 2075949 668795 1743.01082   67  221 1842.28597 1742.38510  5.42%  54.6 30451s
 2075970 668978 1768.99869   67  374 1842.28597 1742.38576  5.42%  54.6 30473s
 2076614 669074     cutoff   74      1842.28597 1742.38996  5.42%  54.6 30486s
 2076956 669111 infeasible   56      1842.28597 1742.39190  5.42%  54.7 30497s
 2077047 669299 1788.62284   54  345 1842.28597 1742.39472  5.42%  54.7 30521s
 2077605 669507 1746.94239   63  371 1842.28597 1742.39749  5.42%  54.7 30544s
 2078195 669571 1801.59107   73   93 1842.28597 1742.40400  5.42%  54.7 30551s
 2078319 669816 1753.42186   63  235 1842.28597 1742.40459  5.42%  54.7 30570s
 2078870 669921 1808.76827   67  381 1842.28597 1742.41026  5.42%  54.7 30656s
 2079416 669939 infeasible   80      1842.28597 1742.41713  5.42%  54.7 30661s
 2079499 670044 1782.94562   64   93 1842.28597 1742.41723  5.42%  54.7 30679s
 2079852 670204 1834.52889   74   53 1842.28597 1742.41899  5.42%  54.7 30700s
 2080398 670212 infeasible   47      1842.28597 1742.42424  5.42%  54.7 30714s
 2080498 670350 1742.54437   69   12 1842.28597 1742.42575  5.42%  54.7 30731s
 2080954 670490     cutoff   78      1842.28597 1742.43291  5.42%  54.7 30751s
 2081403 670498 infeasible   65      1842.28597 1742.43811  5.42%  54.7 30761s
 2081498 670701 1760.56580   52  195 1842.28597 1742.44052  5.42%  54.7 30783s
 2082102 670734 infeasible   50      1842.28597 1742.44680  5.42%  54.8 30793s
 2082339 671015 1769.98286   80  248 1842.28597 1742.44936  5.42%  54.8 30817s
 2083098 671015 infeasible   73      1842.28597 1742.45549  5.42%  54.8 30826s
 2083199 671157 1742.52939   67  197 1842.28597 1742.45583  5.42%  54.8 30847s
 2083743 671186 1800.86800   63  201 1842.28597 1742.46000  5.42%  54.8 30855s
 2083844 671373 1745.67791   72  281 1842.28597 1742.46018  5.42%  54.8 30874s
 2084415 671464 1757.26081   54  475 1842.28597 1742.46897  5.42%  54.8 30890s
 2084725 671539 infeasible   57      1842.28597 1742.47122  5.42%  54.8 30903s
 2084920 671641 1811.42801   64  288 1842.28597 1742.47391  5.42%  54.8 30918s
 2085264 671656 1783.38959   56    3 1842.28597 1742.47803  5.42%  54.8 30925s
 2085387 671826 1746.13803   60  316 1842.28597 1742.47803  5.42%  54.8 30945s
 2085816 671960 infeasible   53      1842.28597 1742.48462  5.42%  54.8 30964s
 2086245 671973 1747.25958   73  234 1842.28597 1742.48925  5.42%  54.8 30971s
 2086321 672097     cutoff   76      1842.28597 1742.48998  5.42%  54.8 30990s
 2086875 672284 1756.77799   61  513 1842.28597 1742.49550  5.42%  54.8 31011s
 2087439 672294 1743.78940   62  316 1842.28597 1742.49573  5.42%  54.8 31024s
 2087513 672502 1744.49466   66  316 1842.28597 1742.49573  5.42%  54.8 31046s
 2088215 672571 infeasible   71      1842.28597 1742.50750  5.42%  54.8 31064s
 2088477 672764 1831.73288   67  164 1842.28597 1742.51127  5.42%  54.8 31086s
 2089042 672772     cutoff   82      1842.28597 1742.51751  5.42%  54.8 31092s
 2089124 672960 1743.98399   51  170 1842.28597 1742.51935  5.42%  54.8 31202s
 2089685 673046 1765.66950   63  167 1842.28597 1742.52467  5.42%  54.8 31220s
 2089939 673076 1829.56659   62  368 1842.28597 1742.52796  5.41%  54.8 31231s
 2090099 673294 1800.89365   53  302 1842.28597 1742.52959  5.41%  54.8 31265s
 2090836 673291 infeasible   51      1842.28597 1742.53626  5.41%  54.8 31273s
 2090913 673460 1835.45142   70  196 1842.28597 1742.53731  5.41%  54.8 31299s
 2091474 673472 infeasible   86      1842.28597 1742.54015  5.41%  54.8 31307s
 2091528 673602 infeasible   67      1842.28597 1742.54015  5.41%  54.8 31323s
 2091944 673692 infeasible   56      1842.28597 1742.54313  5.41%  54.8 31338s
 2092289 673694 1815.94039   70  197 1842.28597 1742.54801  5.41%  54.8 31347s
 2092342 673900 1750.40726   61  331 1842.28597 1742.55114  5.41%  54.8 31373s
 2092862 673993 1794.35011   56  458 1842.28597 1742.55350  5.41%  54.9 31395s
 2093237 674013 1798.59422   56  152 1842.28597 1742.55939  5.41%  54.9 31406s
 2093387 674181 1774.39836   57  211 1842.28597 1742.56182  5.41%  54.9 31426s
 2093844 674253     cutoff   67      1842.28597 1742.56536  5.41%  54.9 31438s
 2094128 674446 1810.65121   69   82 1842.28597 1742.57241  5.41%  54.9 31455s
 2094664 674463 infeasible   70      1842.28597 1742.57348  5.41%  54.9 31467s
 2094740 674583 1771.89186   69  627 1842.28597 1742.57424  5.41%  54.9 31491s
 2095130 674873 1813.64286   68  567 1842.28597 1742.57574  5.41%  54.9 31513s
 2095701 674887 infeasible   69      1842.28597 1742.58275  5.41%  54.9 31522s
 2095844 675008     cutoff   68      1842.28597 1742.58665  5.41%  54.9 31543s
 2096352 675214 1799.37319   50  520 1842.28597 1742.59333  5.41%  54.9 31561s
 2096826 675225 1826.68569   62  335 1842.28597 1742.59711  5.41%  54.9 31571s
 2096895 675440 1827.32577   66  238 1842.28597 1742.59751  5.41%  54.9 31593s
 2097340 675610 1824.69222   85  361 1842.28597 1742.60177  5.41%  54.9 31619s
 2097926 675598 infeasible   78      1842.28597 1742.60421  5.41%  54.9 31629s
 2098031 675832 1807.54136   56    2 1842.28597 1742.60919  5.41%  54.9 31659s
 2098704 675889 1789.36024   56  843 1842.28597 1742.61803  5.41%  54.9 31671s
 2098903 675927 1748.52683   55  273 1842.28597 1742.61853  5.41%  54.9 31686s
 2099069 675965 1814.03132   58  144 1842.28597 1742.61863  5.41%  54.9 31706s
 2099325 676052 1742.65842   69   41 1842.28597 1742.62223  5.41%  54.9 31798s
 2099762 676137 1837.82536   74  183 1842.28597 1742.62858  5.41%  54.9 31811s
 2100019 676387 infeasible   85      1842.28597 1742.63451  5.41%  54.9 31839s
 2100693 676375 1774.42579   52  362 1842.28597 1742.63772  5.41%  54.9 31847s
 2100717 676538 1750.96659   52  245 1842.28597 1742.63772  5.41%  54.9 31867s
 2101206 676547     cutoff   61      1842.28597 1742.64284  5.41%  54.9 31877s
 2101257 676621 1838.33045   52  190 1842.28597 1742.64403  5.41%  54.9 31906s
 2101468 676820 1742.69871   53  591 1842.28597 1742.64509  5.41%  55.0 31936s
 2102139 676834     cutoff   65      1842.28597 1742.64937  5.41%  55.0 31950s
 2102228 677006 1796.67750   58  421 1842.28597 1742.65114  5.41%  55.0 31975s
 2102660 677128 infeasible   71      1842.28597 1742.65453  5.41%  55.0 31995s
 2103108 677186 infeasible   73      1842.28597 1742.66198  5.41%  55.0 32007s
 2103264 677315 1820.71236   74  203 1842.28597 1742.66448  5.41%  55.0 32024s
 2103739 677512     cutoff   77      1842.28597 1742.66634  5.41%  55.0 32051s
 2104321 677564 infeasible   74      1842.28597 1742.67085  5.41%  55.0 32060s
 2104440 677683     cutoff   68      1842.28597 1742.67155  5.41%  55.0 32086s
 2104919 677919 1768.02681   70  763 1842.28597 1742.67589  5.41%  55.0 32109s
 2105464 677949     cutoff   59      1842.28597 1742.67778  5.41%  55.0 32122s
 2105694 678073 1743.59755   52  678 1842.28597 1742.68175  5.41%  55.0 32145s
 2106203 678087 infeasible   65      1842.28597 1742.69112  5.41%  55.0 32152s
 2106260 678249 1827.06895   64  141 1842.28597 1742.69337  5.41%  55.0 32167s
 2106847 678466 1743.55017   55  322 1842.28597 1742.69547  5.41%  55.0 32185s
 2107462 678457 infeasible   59      1842.28597 1742.70129  5.41%  55.0 32194s
 2107556 678472 infeasible   44      1842.28597 1742.70251  5.41%  55.0 32199s
 2107580 678472     cutoff   47      1842.28597 1742.70251  5.41%  55.0 32208s
 2107587 678469 infeasible   64      1842.28597 1742.70270  5.41%  55.0 32214s
 2107645 678622 1797.67566   61  320 1842.28597 1742.70352  5.41%  55.0 32234s
 2108235 678658 infeasible   67      1842.28597 1742.70779  5.41%  55.0 32241s
 2108295 678800 1795.80138   57  459 1842.28597 1742.70927  5.41%  55.0 32267s
 2108604 679026 1797.72437   71  417 1842.28597 1742.70954  5.41%  55.0 32292s
 2109226 679043     cutoff   89      1842.28597 1742.71389  5.40%  55.0 32303s
 2109265 679236 1840.70067   77  148 1842.28597 1742.71447  5.40%  55.0 32324s
 2109740 679245 1835.42363   55   89 1842.28597 1742.71534  5.40%  55.0 32407s
 2109869 679736 1743.96855   55  389 1842.28597 1742.71634  5.40%  55.0 32483s
 2111556 679737 infeasible   51      1842.28597 1742.72809  5.40%  55.1 32491s
 2111609 679818 1745.40443   48  542 1842.28597 1742.72809  5.40%  55.1 32502s
 2111794 680053 infeasible   64      1842.28597 1742.73185  5.40%  55.1 32526s
 2112502 680090 infeasible   51      1842.28597 1742.73771  5.40%  55.1 32536s
 2112699 680251 1840.94272   59   68 1842.28597 1742.73822  5.40%  55.1 32560s
 2113210 680267 infeasible   60      1842.28597 1742.74261  5.40%  55.1 32569s
 2113385 680485     cutoff   70      1842.28597 1742.74383  5.40%  55.1 32586s
 2113961 680513 infeasible   60      1842.28597 1742.74962  5.40%  55.1 32596s
 2114083 680661 1742.93015   61  369 1842.28597 1742.74968  5.40%  55.1 32621s
 2114537 680751 1797.86085   99  392 1842.28597 1742.75067  5.40%  55.1 32639s
 2114866 680890 1809.96704   82  123 1842.28597 1742.75835  5.40%  55.1 32652s
 2115173 681077 1771.54785   77  234 1842.28597 1742.76056  5.40%  55.1 32679s
 2115732 681122 infeasible   57      1842.28597 1742.76644  5.40%  55.1 32685s
 2115848 681284 1744.44815   55  901 1842.28597 1742.76838  5.40%  55.1 32710s
 2116507 681335 1744.16746   57  373 1842.28597 1742.77480  5.40%  55.1 32724s
 2116776 681479     cutoff   74      1842.28597 1742.77594  5.40%  55.1 32750s
 2117177 681495 infeasible   58      1842.28597 1742.77957  5.40%  55.1 32760s
 2117221 681690 1767.35028   61  248 1842.28597 1742.78054  5.40%  55.1 32778s
 2117831 681687 infeasible   69      1842.28597 1742.78555  5.40%  55.2 32784s
 2117882 681721 1747.66318   64  288 1842.28597 1742.78565  5.40%  55.2 32806s
 2117952 681746 1749.13789   70  235 1842.28597 1742.78565  5.40%  55.2 32826s
 2118078 681762     cutoff   70      1842.28597 1742.78565  5.40%  55.2 32832s
 2118108 681909 1746.92060   66  255 1842.28597 1742.78604  5.40%  55.2 32853s
 2118419 681920 1797.64468   67  108 1842.28597 1742.78893  5.40%  55.2 32864s
 2118462 682157 1747.49560   61  305 1842.28597 1742.78893  5.40%  55.2 32891s
 2119115 682172 infeasible   64      1842.28597 1742.79499  5.40%  55.2 32899s
 2119173 682303 1745.57928   75  274 1842.28597 1742.79611  5.40%  55.2 32928s
 2119590 682372 1800.21419   59  525 1842.28597 1742.79743  5.40%  55.2 32945s
 2120026 682424 1830.96714   67  159 1842.28597 1742.80641  5.40%  55.2 33042s
 2120378 682682 1827.63070   57  163 1842.28597 1742.81290  5.40%  55.2 33074s
 2121161 682692 infeasible   54      1842.28597 1742.82002  5.40%  55.2 33080s
 2121211 682868 1758.11683   63  221 1842.28597 1742.82055  5.40%  55.2 33098s
 2121538 682917 1826.90690  121  273 1842.28597 1742.82055  5.40%  55.2 33110s
 2121703 683146 1803.40960   65  163 1842.28597 1742.82353  5.40%  55.2 33128s
 2122325 683134     cutoff   97      1842.28597 1742.82718  5.40%  55.2 33134s
 2122436 683380 1801.14371   59  242 1842.28597 1742.82902  5.40%  55.2 33165s
 2123154 683430 infeasible   84      1842.28597 1742.83497  5.40%  55.2 33175s
 2123444 683622 1788.71717   60    3 1842.28597 1742.83685  5.40%  55.2 33199s
 2124000 683635 1798.47577   61  246 1842.28597 1742.83706  5.40%  55.2 33213s
 2124137 683802 1798.57066   63  269 1842.28597 1742.83799  5.40%  55.2 33237s
 2124756 683983 1795.70468   66  449 1842.28597 1742.84864  5.40%  55.2 33259s
 2125346 683981 1748.60472   58  231 1842.28597 1742.85359  5.40%  55.2 33272s
 2125441 684141 1748.96867   60  292 1842.28597 1742.85381  5.40%  55.2 33292s
 2125995 684266 1753.36346   56  231 1842.28597 1742.85971  5.40%  55.2 33314s
 2126439 684307 1841.09848   48    2 1842.28597 1742.86413  5.40%  55.2 33320s
 2126543 684490 1763.49860   61   38 1842.28597 1742.86442  5.40%  55.2 33342s
 2127137 684657 1802.21557   51  533 1842.28597 1742.86899  5.40%  55.2 33361s
 2127627 684653 infeasible   76      1842.28597 1742.87304  5.40%  55.2 33368s
 2127699 684862 1745.45337   55  241 1842.28597 1742.87433  5.40%  55.2 33387s
 2128301 684934 infeasible   65      1842.28597 1742.87713  5.40%  55.2 33406s
 2128682 684948 1777.38120   66   58 1842.28597 1742.88267  5.40%  55.2 33413s
 2128775 685099 1767.46977   64  256 1842.28597 1742.88438  5.40%  55.2 33435s
 2129340 685268 1794.78749   56  304 1842.28597 1742.88854  5.40%  55.2 33456s
 2129863 685291 infeasible   75      1842.28597 1742.89314  5.40%  55.2 33460s
 2129948 685372 infeasible   88      1842.28597 1742.89377  5.40%  55.2 33477s
 2130219 685484 infeasible   65      1842.28597 1742.89498  5.39%  55.2 33501s
 2130701 685502 1796.16939   67  284 1842.28597 1742.90530  5.39%  55.2 33586s
 2130769 686347     cutoff   70      1842.28597 1742.90652  5.39%  55.2 33698s
 2133292 686358 infeasible   88      1842.28597 1742.93012  5.39%  55.3 33713s
 2133351 686393     cutoff   66      1842.28597 1742.93135  5.39%  55.3 33723s
 2133450 686608     cutoff   69      1842.28597 1742.93273  5.39%  55.3 33753s
 2133983 686786 1743.84988   51  362 1842.28597 1742.93638  5.39%  55.3 33778s
 2134571 686821 1822.93724   77  281 1842.28597 1742.94068  5.39%  55.3 33787s
 2134677 686990 1823.23341   78  134 1842.28597 1742.94068  5.39%  55.3 33819s
 2135268 687162 1811.48876   70  832 1842.28597 1742.94337  5.39%  55.3 33848s
 2135765 687165 infeasible   83      1842.28597 1742.94489  5.39%  55.3 33866s
 2135904 687387 1751.69446   56  263 1842.28597 1742.94737  5.39%  55.3 33901s
 2136514 687457 1747.39052   43  273 1842.28597 1742.95021  5.39%  55.3 33914s
 2136758 687644 1748.64140   53  243 1842.28597 1742.95043  5.39%  55.3 33935s
 2137231 687677 infeasible   80      1842.28597 1742.95491  5.39%  55.3 33943s
 2137359 687858 1753.70349   63  238 1842.28597 1742.95826  5.39%  55.3 33961s
 2138049 688080 1743.95654   67  275 1842.28597 1742.96476  5.39%  55.3 33981s
 2138642 688078 1745.42134   53  231 1842.28597 1742.96946  5.39%  55.3 33994s
 2138668 688183 1746.45174   58  231 1842.28597 1742.97025  5.39%  55.3 34017s
 2139101 688200 infeasible   61      1842.28597 1742.97578  5.39%  55.3 34027s
 2139154 688398 1769.62967   73  219 1842.28597 1742.97589  5.39%  55.4 34057s
 2139730 688409 infeasible   54      1842.28597 1742.98117  5.39%  55.4 34071s
 2139832 688659 infeasible   63      1842.28597 1742.98209  5.39%  55.4 34110s
 2140525 688789 1743.73240   57  300 1842.28597 1742.98618  5.39%  55.4 34131s
 2140941 688944     cutoff   55      1842.28597 1742.98850  5.39%  55.4 34220s
 2141357 689053 1748.90244   61  242 1842.28597 1742.99659  5.39%  55.4 34235s
 2141612 689335     cutoff   77      1842.28597 1742.99679  5.39%  55.4 34269s
 2142463 689323 infeasible   67      1842.28597 1743.00264  5.39%  55.4 34282s
 2142553 689571     cutoff   67      1842.28597 1743.00445  5.39%  55.4 34320s
 2143151 689641 1746.14016   74  259 1842.28597 1743.01035  5.39%  55.4 34331s
 2143332 689816 infeasible   81      1842.28597 1743.01123  5.39%  55.4 34361s
 2143890 689875 infeasible   76      1842.28597 1743.01654  5.39%  55.4 34387s
 2144178 689894 1826.15834   73  661 1842.28597 1743.01660  5.39%  55.4 34396s
 2144328 689968 1826.16105   74  661 1842.28597 1743.01748  5.39%  55.4 34420s
 2144734 690165 1775.21202   68  495 1842.28597 1743.02087  5.39%  55.4 34445s
 2145253 690178 1805.50118   74  245 1842.28597 1743.02401  5.39%  55.4 34457s
 2145332 690408 1743.47517   55  249 1842.28597 1743.02534  5.39%  55.4 34490s
 2145968 690636 infeasible   79      1842.28597 1743.02870  5.39%  55.4 34515s
 2146601 690657 infeasible   60      1842.28597 1743.03489  5.39%  55.4 34524s
 2146652 690925 1804.59865   67  195 1842.28597 1743.03489  5.39%  55.4 34562s
 2147313 691032 1793.06423   68  329 1842.28597 1743.03789  5.39%  55.4 34588s
 2147820 691027 infeasible   63      1842.28597 1743.04344  5.39%  55.4 34599s
 2147912 691211 1771.25208   78  166 1842.28597 1743.04638  5.39%  55.4 34632s
 2148384 691398 1779.80165   69  155 1842.28597 1743.05036  5.39%  55.4 34658s
 2148846 691416 1823.46280   70  161 1842.28597 1743.05393  5.39%  55.4 34664s
 2148926 691574 1771.47515   56   60 1842.28597 1743.05427  5.39%  55.4 34691s
 2149388 691658     cutoff   66      1842.28597 1743.05717  5.39%  55.4 34721s
 2149857 691653 1754.61407   56  567 1842.28597 1743.06045  5.39%  55.4 34731s
 2149914 691876 1795.38330   57  354 1842.28597 1743.06045  5.39%  55.4 34761s
 2150515 692037 1814.58459   73  176 1842.28597 1743.06618  5.39%  55.4 34785s
 2151035 692048 infeasible   56      1842.28597 1743.06946  5.39%  55.4 34794s
 2151099 692158 1746.49294   61  234 1842.28597 1743.07127  5.39%  55.4 34816s
 2151552 692228 infeasible   71      1842.28597 1743.07563  5.39%  55.5 34899s
 2151763 692610     cutoff   67      1842.28597 1743.07839  5.39%  55.5 34952s
 2152658 692601 infeasible   57      1842.28597 1743.07911  5.38%  55.5 34964s
 2152731 692835 1799.64943   59  388 1842.28597 1743.08166  5.38%  55.5 35000s
 2153439 692839 1827.31710   66  329 1842.28597 1743.08368  5.38%  55.5 35016s
 2153468 692865 1827.51340   70  228 1842.28597 1743.08458  5.38%  55.5 35033s
 2153578 693097 1819.53393   47  502 1842.28597 1743.08590  5.38%  55.5 35062s
 2154209 693224 1802.09096   84  223 1842.28597 1743.09128  5.38%  55.5 35084s
 2154505 693495 1801.33804   59  312 1842.28597 1743.09451  5.38%  55.5 35118s
 2155062 693489 infeasible   62      1842.28597 1743.09646  5.38%  55.5 35128s
 2155175 693676 1752.43265   60  247 1842.28597 1743.09889  5.38%  55.5 35167s
 2155899 693806 infeasible   59      1842.28597 1743.10457  5.38%  55.5 35201s
 2156416 693828 1797.42775   75  164 1842.28597 1743.10724  5.38%  55.5 35213s
 2156489 694025 1828.65177   62  177 1842.28597 1743.10929  5.38%  55.5 35245s
 2157060 694061 infeasible   72      1842.28597 1743.11357  5.38%  55.5 35272s
 2157389 694192     cutoff   84      1842.28597 1743.11434  5.38%  55.5 35293s
 2157793 694256 1744.49522   59  164 1842.28597 1743.11992  5.38%  55.5 35301s
 2157956 694484 1836.92648   63  178 1842.28597 1743.12023  5.38%  55.5 35332s
 2158657 694542 1770.99468   80   86 1842.28597 1743.12553  5.38%  55.5 35347s
 2158878 694769     cutoff   75      1842.28597 1743.12681  5.38%  55.5 35376s
 2159529 694752 infeasible   62      1842.28597 1743.13013  5.38%  55.5 35385s
 2159663 694913 1743.56628   61   81 1842.28597 1743.13319  5.38%  55.5 35419s
 2160159 694910 infeasible   51      1842.28597 1743.13482  5.38%  55.5 35433s
 2160266 695146 1796.86407   52  450 1842.28597 1743.13681  5.38%  55.5 35467s
 2160814 695129 infeasible   61      1842.28597 1743.14033  5.38%  55.5 35478s
 2160918 695352 1827.45565   65  233 1842.28597 1743.14267  5.38%  55.5 35512s
 2161507 695441 1804.64434   71  235 1842.28597 1743.14607  5.38%  55.5 35535s
 2161803 695611     cutoff   63      1842.28597 1743.14806  5.38%  55.6 35649s
 2162367 695615     cutoff   59      1842.28597 1743.15219  5.38%  55.6 35655s
 2162379 695792 1798.18746   59   82 1842.28597 1743.15307  5.38%  55.6 35676s
 2162865 695890 infeasible   73      1842.28597 1743.15553  5.38%  55.6 35695s
 2163255 695903 infeasible   64      1842.28597 1743.16003  5.38%  55.6 35704s
 2163323 696159 1796.87554   56  268 1842.28597 1743.16087  5.38%  55.6 35732s
 2163774 696154 infeasible   71      1842.28597 1743.16273  5.38%  55.6 35742s
 2163835 696363 1750.03414   71  316 1842.28597 1743.16376  5.38%  55.6 35771s
 2164381 696413 infeasible   67      1842.28597 1743.16496  5.38%  55.6 35784s
 2164536 696677 1771.69363   64   70 1842.28597 1743.16762  5.38%  55.6 35822s
 2165228 696683 infeasible   80      1842.28597 1743.17158  5.38%  55.6 35833s
 2165319 696879 1753.78337   64  784 1842.28597 1743.17278  5.38%  55.6 35856s
 2165809 696987 1811.75722   63   40 1842.28597 1743.17404  5.38%  55.6 35875s
 2166219 696990 1837.77963   69   40 1842.28597 1743.18002  5.38%  55.6 35882s
 2166245 697215 1806.57765   71  181 1842.28597 1743.18002  5.38%  55.6 35903s
 2166850 697229 infeasible   61      1842.28597 1743.18464  5.38%  55.6 35909s
 2166926 697408 1833.74761   80  160 1842.28597 1743.18853  5.38%  55.6 35926s
 2167390 697445 1744.65501   65  665 1842.28597 1743.19219  5.38%  55.6 35936s
 2167718 697543 1745.07890   66  338 1842.28597 1743.19484  5.38%  55.6 35953s
 2168121 697632 1806.58167   61  421 1842.28597 1743.19970  5.38%  55.6 35967s
 2168332 697890 1810.87733   72   41 1842.28597 1743.20027  5.38%  55.6 35993s
 2168955 697901 1807.62243   70  282 1842.28597 1743.20546  5.38%  55.6 36009s
 2168989 698104 1820.78012   78   47 1842.28597 1743.20546  5.38%  55.6 36030s
 2169506 698108 1836.71903   53   24 1842.28597 1743.20850  5.38%  55.6 36042s
 2169562 698239 1815.38913   66  165 1842.28597 1743.21027  5.38%  55.6 36074s
 2170064 698320 infeasible   85      1842.28597 1743.21437  5.38%  55.6 36097s
 2170478 698357 1813.69873   57  208 1842.28597 1743.22150  5.38%  55.6 36105s
 2170610 698530 1838.57775   70   29 1842.28597 1743.22295  5.38%  55.6 36128s
 2171129 698644 1744.58777   59  331 1842.28597 1743.22539  5.38%  55.6 36157s
 2171675 698663 1809.83699   71   43 1842.28597 1743.22748  5.38%  55.6 36163s
 2171752 698912 1832.68722   63   63 1842.28597 1743.22828  5.38%  55.6 36190s
 2172337 698983 1779.90007   48  224 1842.28597 1743.23165  5.38%  55.6 36286s
 2172601 699286 infeasible   77      1842.28597 1743.23741  5.38%  55.6 36322s
 2173560 699296 infeasible   57      1842.28597 1743.24131  5.38%  55.6 36328s
 2173651 699316 1802.24769   65  127 1842.28597 1743.24131  5.38%  55.6 36335s
 2173711 699497 1745.44004   55  308 1842.28597 1743.24131  5.38%  55.6 36372s
 2174373 699563 1798.74113   57  377 1842.28597 1743.25012  5.38%  55.6 36392s
 2174684 699581 infeasible   68      1842.28597 1743.25255  5.38%  55.6 36402s
 2174787 699783 1817.24341   64   12 1842.28597 1743.25373  5.38%  55.6 36442s
 2175488 699788 1839.12571   63  132 1842.28597 1743.25855  5.38%  55.6 36451s
 2175521 699953 1774.86267   58  253 1842.28597 1743.25896  5.38%  55.6 36478s
 2176038 700056 1824.02016   66  305 1842.28597 1743.26164  5.38%  55.6 36498s
 2176309 700156     cutoff   72      1842.28597 1743.26366  5.37%  55.6 36526s
 2176640 700190 1796.12708   63  187 1842.28597 1743.26682  5.37%  55.6 36536s
 2176730 700410 1756.48958   75  403 1842.28597 1743.26942  5.37%  55.6 36566s
 2177448 700635 infeasible   73      1842.28597 1743.27251  5.37%  55.6 36592s
 2177980 700648 infeasible   68      1842.28597 1743.27593  5.37%  55.6 36604s
 2178118 700873 1778.73447   58   95 1842.28597 1743.27860  5.37%  55.6 36633s
 2178682 701022 infeasible   64      1842.28597 1743.27979  5.37%  55.7 36663s
 2179180 701016 infeasible   58      1842.28597 1743.28470  5.37%  55.7 36672s
 2179202 701127 1803.89729   69  167 1842.28597 1743.28470  5.37%  55.7 36692s
 2179623 701147     cutoff   67      1842.28597 1743.28834  5.37%  55.7 36705s
 2179812 701323     cutoff   75      1842.28597 1743.28883  5.37%  55.7 36734s
 2180424 701502 1743.33957   48  243 1842.28597 1743.29425  5.37%  55.7 36762s
 2180939 701498 infeasible   63      1842.28597 1743.29859  5.37%  55.7 36781s
 2180989 701715 1744.93235   60  235 1842.28597 1743.29932  5.37%  55.7 36814s
 2181563 701885 1833.05976   65   79 1842.28597 1743.30495  5.37%  55.7 36843s
 2182168 701900 1831.51068   65  186 1842.28597 1743.30670  5.37%  55.7 36853s
 2182222 702101 infeasible   67      1842.28597 1743.30834  5.37%  55.7 36884s
 2182715 702122 1841.83755   73  100 1842.28597 1743.31025  5.37%  55.7 36972s
 2182838 702609 infeasible   70      1842.28597 1743.31146  5.37%  55.7 37059s
 2184675 702607 1818.46086   55  635 1842.28597 1743.32692  5.37%  55.7 37067s
 2184729 702640 1819.55423   58  276 1842.28597 1743.32692  5.37%  55.7 37075s
 2184781 702921 1830.93397   67  258 1842.28597 1743.32692  5.37%  55.7 37116s
 2185514 703070 1746.15834   68  212 1842.28597 1743.33145  5.37%  55.7 37147s
 2185983 703062 infeasible   58      1842.28597 1743.33964  5.37%  55.7 37155s
 2186040 703248 1798.23518   60  325 1842.28597 1743.34052  5.37%  55.7 37184s
 2186476 703407     cutoff   69      1842.28597 1743.34290  5.37%  55.7 37217s
 2187027 703427 1833.50346   70   92 1842.28597 1743.34522  5.37%  55.7 37230s
 2187163 703585 1745.02588   65  372 1842.28597 1743.34976  5.37%  55.7 37263s
 2187652 703716 1793.67950   62  404 1842.28597 1743.35131  5.37%  55.7 37291s
 2188100 703754 infeasible   61      1842.28597 1743.35513  5.37%  55.7 37301s
 2188233 703974 1839.93507   74  212 1842.28597 1743.35691  5.37%  55.7 37324s
 2188866 703981 infeasible   85      1842.28597 1743.35944  5.37%  55.7 37338s
 2188920 704170 1803.92148   69  246 1842.28597 1743.36127  5.37%  55.7 37367s
 2189384 704168 infeasible   64      1842.28597 1743.36433  5.37%  55.7 37379s
 2189434 704345 infeasible   83      1842.28597 1743.36485  5.37%  55.7 37402s
 2189939 704564 1748.16953   67  245 1842.28597 1743.36918  5.37%  55.7 37432s
 2190449 704553 infeasible   66      1842.28597 1743.37138  5.37%  55.7 37442s
 2190492 704715 1750.47561   58  256 1842.28597 1743.37285  5.37%  55.8 37463s
 2190880 704953 1747.50309   75  470 1842.28597 1743.37632  5.37%  55.8 37487s
 2191575 704982 infeasible   81      1842.28597 1743.38036  5.37%  55.8 37493s
 2191641 705198 1798.10372   60  494 1842.28597 1743.38241  5.37%  55.8 37519s
 2192198 705337 1825.74097   71  163 1842.28597 1743.38693  5.37%  55.8 37555s
 2192698 705338 infeasible   55      1842.28597 1743.39126  5.37%  55.8 37567s
 2192772 705460 1745.76119   66  276 1842.28597 1743.39126  5.37%  55.8 37592s
 2193253 705598 infeasible   71      1842.28597 1743.39672  5.37%  55.8 37688s
 2193698 705700 1825.08076   79   53 1842.28597 1743.40007  5.37%  55.8 37705s
 2194149 705801     cutoff   68      1842.28597 1743.40326  5.37%  55.8 37732s
 2194593 705820 1804.97329   68  187 1842.28597 1743.40687  5.37%  55.8 37752s
 2194690 705983 1749.52682   60  246 1842.28597 1743.40806  5.37%  55.8 37781s
 2195087 706011     cutoff   61      1842.28597 1743.40997  5.37%  55.8 37793s
 2195251 706217 1767.07296   48   98 1842.28597 1743.40997  5.37%  55.8 37825s
 2195875 706329 infeasible   73      1842.28597 1743.41696  5.37%  55.8 37848s
 2196267 706366 1810.54683   60   64 1842.28597 1743.42034  5.37%  55.8 37872s
 2196609 706449 1794.50006   68  322 1842.28597 1743.42428  5.37%  55.8 37892s
 2197114 706549 1766.51606   78  398 1842.28597 1743.43062  5.37%  55.8 37914s
 2197545 706680 1798.99418   55  386 1842.28597 1743.43442  5.37%  55.8 37935s
 2197953 706713     cutoff   76      1842.28597 1743.43569  5.37%  55.8 37947s
 2198157 706763 infeasible   60      1842.28597 1743.43961  5.37%  55.8 37960s
 2198326 707048 1822.59077   67  143 1842.28597 1743.44024  5.37%  55.8 37989s
 2199169 707222 1745.83323   66  357 1842.28597 1743.44545  5.37%  55.8 38016s
 2199861 707273 1823.35176   57  102 1842.28597 1743.45038  5.36%  55.8 38024s
 2200037 707441 1828.82141   64  167 1842.28597 1743.45142  5.36%  55.8 38055s
 2200719 707650 1752.17444   62  185 1842.28597 1743.45863  5.36%  55.8 38084s
 2201427 707664 infeasible   58      1842.28597 1743.46378  5.36%  55.8 38094s
 2201480 707821 1834.13985   54  217 1842.28597 1743.46520  5.36%  55.8 38119s
 2202069 707965 1803.43257   76  336 1842.28597 1743.46790  5.36%  55.8 38131s
 2202454 708069 infeasible   61      1842.28597 1743.47207  5.36%  55.8 38152s
 2202849 708132 1802.64187   58  235 1842.28597 1743.47606  5.36%  55.8 38166s
 2203057 708340 1817.72448   48   27 1842.28597 1743.48150  5.36%  55.8 38192s
 2203675 708421     cutoff   74      1842.28597 1743.48356  5.36%  55.8 38270s
 2203928 708739 infeasible   58      1842.28597 1743.48593  5.36%  55.8 38317s
 2204871 708755 infeasible   62      1842.28597 1743.49031  5.36%  55.8 38326s
 2204959 708935     cutoff   65      1842.28597 1743.49088  5.36%  55.8 38358s
 2205526 709068 1744.48693   55  215 1842.28597 1743.49414  5.36%  55.8 38375s
 2205943 709091     cutoff   55      1842.28597 1743.49805  5.36%  55.8 38387s
 2206076 709214 1839.25824   72   68 1842.28597 1743.49871  5.36%  55.8 38413s
 2206525 709222 1754.25983   91  244 1842.28597 1743.50126  5.36%  55.8 38426s
 2206633 709408 1751.36408   69  247 1842.28597 1743.50422  5.36%  55.8 38447s
 2207100 709538 1796.51340   58  427 1842.28597 1743.50623  5.36%  55.8 38466s
 2207649 709558 1827.31781   47  111 1842.28597 1743.51113  5.36%  55.8 38477s
 2207765 709704 1748.92630   60  165 1842.28597 1743.51258  5.36%  55.8 38495s
 2208130 709977 1749.85413   79  369 1842.28597 1743.51640  5.36%  55.8 38515s
 2208763 709978 1803.43629   66  118 1842.28597 1743.52084  5.36%  55.8 38525s
 2208843 710156     cutoff   64      1842.28597 1743.52281  5.36%  55.8 38557s
 2209446 710232 1744.63708   67  349 1842.28597 1743.52806  5.36%  55.8 38573s
 2209731 710350 1826.83062   71  171 1842.28597 1743.53055  5.36%  55.8 38591s
 2210067 710386 infeasible   52      1842.28597 1743.53123  5.36%  55.8 38601s
 2210171 710534     cutoff   48      1842.28597 1743.53123  5.36%  55.9 38628s
 2210678 710551 infeasible   72      1842.28597 1743.53846  5.36%  55.9 38637s
 2210778 710757 1789.18524   68  189 1842.28597 1743.53892  5.36%  55.9 38660s
 2211462 710880 infeasible   77      1842.28597 1743.54396  5.36%  55.9 38677s
 2211867 710922 infeasible   59      1842.28597 1743.54757  5.36%  55.9 38696s
 2212114 711046 1800.55126   65  304 1842.28597 1743.55292  5.36%  55.9 38718s
 2212452 711074 1836.81734   69  215 1842.28597 1743.55557  5.36%  55.9 38726s
 2212531 711253 1836.81736   72  232 1842.28597 1743.55631  5.36%  55.9 38750s
 2213120 711265 1748.87890   69  238 1842.28597 1743.55867  5.36%  55.9 38757s
 2213193 711441     cutoff   78      1842.28597 1743.56037  5.36%  55.9 38785s
 2213732 711572 1806.17253   63    3 1842.28597 1743.56553  5.36%  55.9 38805s
 2214279 711566 infeasible   72      1842.28597 1743.57000  5.36%  55.9 38878s
 2214337 712933 1807.36805   54  446 1842.28597 1743.57145  5.36%  55.9 39041s
 2218337 712938 infeasible   71      1842.28597 1743.59542  5.36%  55.9 39052s
 2218403 712954 1841.16327   44  118 1842.28597 1743.59570  5.36%  55.9 39059s
 2218485 712977     cutoff   51      1842.28597 1743.59570  5.36%  55.9 39067s
 2218534 713124 1797.14251   52  499 1842.28597 1743.59717  5.36%  55.9 39091s
 2218944 713135 1747.72563   76  240 1842.28597 1743.59894  5.36%  55.9 39101s
 2218989 713204 1748.34469   80  240 1842.28597 1743.59894  5.36%  55.9 39124s
 2219274 713236 1799.33853   48  346 1842.28597 1743.60088  5.36%  55.9 39133s
 2219410 713387     cutoff   68      1842.28597 1743.60284  5.36%  55.9 39161s
 2219905 713598 1747.06963   70  301 1842.28597 1743.60548  5.36%  55.9 39182s
 2220369 713601     cutoff   67      1842.28597 1743.60650  5.36%  55.9 39193s
 2220423 713822 1762.09755   67  580 1842.28597 1743.60754  5.36%  55.9 39212s
 2221009 713986 1763.32860   69  523 1842.28597 1743.61313  5.36%  55.9 39240s
 2221608 713971 infeasible   80      1842.28597 1743.61739  5.36%  55.9 39248s
 2221691 714191 1772.85547   61  100 1842.28597 1743.61813  5.36%  55.9 39270s
 2222189 714254 1805.66759   58  337 1842.28597 1743.61986  5.36%  55.9 39286s
 2222398 714372 1800.07372   57  336 1842.28597 1743.62224  5.36%  55.9 39303s
 2222693 714473 infeasible   62      1842.28597 1743.62412  5.36%  55.9 39322s
 2223040 714517 1824.61524   58  213 1842.28597 1743.62699  5.36%  55.9 39335s
 2223362 714621 1753.03302   64  228 1842.28597 1743.63110  5.36%  55.9 39354s
 2223687 714640 1747.61965   62  336 1842.28597 1743.63439  5.35%  55.9 39362s
 2223749 714836 1748.76352   68  408 1842.28597 1743.63513  5.35%  55.9 39378s
 2224212 714932 infeasible   63      1842.28597 1743.63631  5.35%  55.9 39398s
 2224659 715007     cutoff   76      1842.28597 1743.63973  5.35%  56.0 39475s
 2224869 715563 1840.57494   65  192 1842.28597 1743.64392  5.35%  56.0 39541s
 2226090 715558 1828.37337   64   61 1842.28597 1743.64991  5.35%  56.0 39554s
 2226125 715674 1795.53526   69  238 1842.28597 1743.64991  5.35%  56.0 39569s
 2226392 715782 1777.21740   68  131 1842.28597 1743.65273  5.35%  56.0 39590s
 2226809 715810 infeasible   63      1842.28597 1743.65647  5.35%  56.0 39600s
 2226899 716003 1823.37316   87   45 1842.28597 1743.65804  5.35%  56.0 39628s
 2227405 716132 1836.67843   72  570 1842.28597 1743.66064  5.35%  56.0 39646s
 2227810 716290 1747.22851   80  115 1842.28597 1743.66317  5.35%  56.0 39666s
 2228290 716379 1797.95953   61    6 1842.28597 1743.66762  5.35%  56.0 39681s
 2228630 716542     cutoff   77      1842.28597 1743.67376  5.35%  56.0 39712s
 2229264 716551 infeasible   63      1842.28597 1743.67834  5.35%  56.0 39720s
 2229329 716700     cutoff   73      1842.28597 1743.68106  5.35%  56.0 39749s
 2229883 716869 1796.07598   79  168 1842.28597 1743.68542  5.35%  56.0 39780s
 2230530 716885 1748.29081   72  244 1842.28597 1743.69019  5.35%  56.0 39790s
 2230616 717104 1801.55359   71  220 1842.28597 1743.69094  5.35%  56.0 39819s
 2231129 717189 infeasible   80      1842.28597 1743.69374  5.35%  56.0 39840s
 2231692 717192 1807.48334   70  328 1842.28597 1743.69487  5.35%  56.0 39851s
 2231762 717322 1820.28238   71  205 1842.28597 1743.69531  5.35%  56.0 39873s
 2232222 717536 1744.48379   69  339 1842.28597 1743.70151  5.35%  56.0 39896s
 2232774 717549 infeasible   52      1842.28597 1743.70472  5.35%  56.0 39902s
 2232824 717823 infeasible   81      1842.28597 1743.70472  5.35%  56.0 39926s
 2233483 717910 infeasible   65      1842.28597 1743.70835  5.35%  56.0 39944s
 2233754 718126 1746.22524   56  657 1842.28597 1743.71053  5.35%  56.0 39966s
 2234250 718133     cutoff   95      1842.28597 1743.71249  5.35%  56.0 39972s
 2234301 718287     cutoff   68      1842.28597 1743.71289  5.35%  56.0 39999s
 2234682 718354 infeasible   69      1842.28597 1743.71606  5.35%  56.0 40028s
 2234913 718351 1801.15748   65  338 1842.28597 1743.71690  5.35%  56.0 40104s
 2234974 718827 infeasible   68      1842.28597 1743.71690  5.35%  56.0 40230s
 2236949 718827     cutoff   70      1842.28597 1743.73425  5.35%  56.0 40252s
 2237088 718838 1828.59996   50  246 1842.28597 1743.73425  5.35%  56.0 40273s
 2237241 719258 1836.82283   74  135 1842.28597 1743.73835  5.35%  56.0 40319s
 2238295 719292 1799.26781   77  118 1842.28597 1743.74240  5.35%  56.0 40329s
 2238409 719569 1779.05872   72  262 1842.28597 1743.74350  5.35%  56.0 40367s
 2239194 719883 1806.39744   66  585 1842.28597 1743.75149  5.35%  56.0 40410s
 2239945 719933 1744.07278   69  240 1842.28597 1743.75458  5.35%  56.0 40423s
 2240073 720150 1798.25115   64  142 1842.28597 1743.75628  5.35%  56.0 40461s
 2240822 720323 1818.76989   61  532 1842.28597 1743.75982  5.35%  56.0 40492s
 2241394 720335 1839.47659   64   76 1842.28597 1743.76357  5.35%  56.1 40502s
 2241486 720583 1798.39727   53  374 1842.28597 1743.76547  5.35%  56.1 40535s
 2242298 720712 1749.91980   77  221 1842.28597 1743.77363  5.35%  56.1 40568s
 2242825 720712 1804.55894   62   96 1842.28597 1743.77807  5.35%  56.1 40585s
 2242932 720956     cutoff   70      1842.28597 1743.77863  5.35%  56.1 40610s
 2243561 721108 1800.91918   61  105 1842.28597 1743.78401  5.35%  56.1 40631s
 2244002 721305 1801.18203   62    7 1842.28597 1743.78786  5.35%  56.1 40657s
 2244553 721334 1799.24792   66  351 1842.28597 1743.79152  5.35%  56.1 40664s
 2244603 721543 1826.08388   73  316 1842.28597 1743.79152  5.35%  56.1 40689s
 2245136 721669 1743.79359   57  368 1842.28597 1743.79359  5.35%  56.1 40799s
 2245641 721692 infeasible   52      1842.28597 1743.79902  5.35%  56.1 40810s
 2245785 721905 infeasible   63      1842.28597 1743.79955  5.35%  56.1 40842s
 2246379 721909 infeasible   61      1842.28597 1743.80339  5.35%  56.1 40849s
 2246426 722075 1819.63590   52  107 1842.28597 1743.80385  5.35%  56.1 40880s
 2247044 722382 infeasible   51      1842.28597 1743.80911  5.35%  56.1 40902s
 2247703 722383     cutoff   59      1842.28597 1743.81117  5.35%  56.1 40913s
 2247812 722546 1774.30282   67  269 1842.28597 1743.81215  5.35%  56.1 40944s
 2248276 722548 infeasible   62      1842.28597 1743.81508  5.35%  56.1 40954s
 2248337 722722 1778.41193   74  227 1842.28597 1743.81837  5.34%  56.1 40979s
 2248777 722721 infeasible   70      1842.28597 1743.81936  5.34%  56.1 40988s
 2248812 722888 1822.30266   60  143 1842.28597 1743.82070  5.34%  56.1 41012s
 2249328 722941 1769.99728   54  133 1842.28597 1743.82257  5.34%  56.1 41025s
 2249523 723059 1833.86784   69  332 1842.28597 1743.82406  5.34%  56.1 41047s
 2250017 723074 infeasible   57      1842.28597 1743.82768  5.34%  56.1 41059s
 2250147 723311 1746.56428   54  251 1842.28597 1743.82920  5.34%  56.1 41094s
 2250692 723317 1800.92044   62  344 1842.28597 1743.83263  5.34%  56.1 41104s
 2250793 723597 1802.73596   63  319 1842.28597 1743.83334  5.34%  56.1 41136s
 2251515 723759 1797.85809   52  459 1842.28597 1743.83690  5.34%  56.1 41165s
 2252017 723771 1819.91419   52  208 1842.28597 1743.84055  5.34%  56.1 41175s
 2252063 723996 1805.88622   62  185 1842.28597 1743.84083  5.34%  56.1 41195s
 2252627 724193 1805.18733   82  103 1842.28597 1743.84445  5.34%  56.1 41224s
 2253192 724231 1789.65111   55  112 1842.28597 1743.84800  5.34%  56.1 41238s
 2253356 724428 1780.27814   63  611 1842.28597 1743.85101  5.34%  56.1 41261s
 2253845 724521     cutoff   81      1842.28597 1743.85417  5.34%  56.1 41282s
 2254146 724670 infeasible   61      1842.28597 1743.85645  5.34%  56.1 41299s
 2254533 724873 1766.85529   67  118 1842.28597 1743.85871  5.34%  56.1 41324s
 2255069 724878     cutoff   70      1842.28597 1743.85979  5.34%  56.1 41331s
 2255098 725055     cutoff   74      1842.28597 1743.86022  5.34%  56.1 41353s
 2255647 725231 1796.46748   60  302 1842.28597 1743.86650  5.34%  56.1 41446s
 2256197 725256 1838.31500   82  214 1842.28597 1743.87057  5.34%  56.2 41455s
 2256273 725509 infeasible   77      1842.28597 1743.87193  5.34%  56.2 41488s
 2256981 725640     cutoff   64      1842.28597 1743.87425  5.34%  56.2 41506s
 2257388 725654 1746.23346   52  214 1842.28597 1743.87742  5.34%  56.2 41517s
 2257474 725909 1817.36529   62   31 1842.28597 1743.87783  5.34%  56.2 41547s
 2258121 726094 1779.16053   70   91 1842.28597 1743.87970  5.34%  56.2 41572s
 2258608 726085 infeasible   60      1842.28597 1743.88185  5.34%  56.2 41579s
 2258643 726267 1748.93795   75  283 1842.28597 1743.88438  5.34%  56.2 41607s
 2259227 726286 1838.47222   86  397 1842.28597 1743.88902  5.34%  56.2 41619s
 2259316 726522     cutoff   85      1842.28597 1743.88973  5.34%  56.2 41645s
 2259771 726531     cutoff   73      1842.28597 1743.89089  5.34%  56.2 41653s
 2259848 726739     cutoff   75      1842.28597 1743.89170  5.34%  56.2 41689s
 2260344 726731 infeasible   70      1842.28597 1743.89592  5.34%  56.2 41706s
 2260431 726964 1744.07806   62  237 1842.28597 1743.89665  5.34%  56.2 41726s
 2260996 727023 infeasible   66      1842.28597 1743.89969  5.34%  56.2 41732s
 2261195 727290 1764.77856   60  134 1842.28597 1743.90258  5.34%  56.2 41748s
 2261866 727303     cutoff   77      1842.28597 1743.90503  5.34%  56.2 41753s
 2261961 727471 1744.76345   55  243 1842.28597 1743.90740  5.34%  56.2 41767s
 2262551 727689 1795.65564   73  392 1842.28597 1743.91027  5.34%  56.2 41780s
 2263085 727698 infeasible   66      1842.28597 1743.91748  5.34%  56.2 41785s
 2263154 727942 1769.11908   54  223 1842.28597 1743.91847  5.34%  56.2 41806s
 2263734 728145 1748.78360   65  310 1842.28597 1743.92021  5.34%  56.2 41824s
 2264299 728147 infeasible   65      1842.28597 1743.92285  5.34%  56.2 41831s
 2264355 728287     cutoff   67      1842.28597 1743.92354  5.34%  56.2 41854s
 2264722 728321 infeasible   55      1842.28597 1743.92617  5.34%  56.2 41863s
 2264849 728439 1745.87292   63   46 1842.28597 1743.92850  5.34%  56.2 41884s
 2265215 728560 1747.41475   71  238 1842.28597 1743.93054  5.34%  56.2 41903s
 2265556 728730 1744.04375   82  646 1842.28597 1743.93331  5.34%  56.2 41932s
 2266022 728746 1745.64418   58  251 1842.28597 1743.93545  5.34%  56.2 42012s
 2266073 730090 1804.54297   66  194 1842.28597 1743.93545  5.34%  56.2 42191s
 2269801 730100     cutoff   56      1842.28597 1743.95604  5.34%  56.2 42202s
 2269855 730117 1831.43271   64  224 1842.28597 1743.95637  5.34%  56.2 42217s
 2269991 730211     cutoff   68      1842.28597 1743.95639  5.34%  56.2 42244s
 2270393 730212 infeasible   71      1842.28597 1743.95932  5.34%  56.2 42256s
 2270430 730454 1744.29450   58  292 1842.28597 1743.95932  5.34%  56.2 42289s
 2271107 730638 1824.58637   56  143 1842.28597 1743.96374  5.34%  56.2 42317s
 2271646 730636 1824.38326   65  245 1842.28597 1743.96629  5.34%  56.2 42331s
 2271702 730869 1745.96153   53  335 1842.28597 1743.96813  5.34%  56.2 42363s
 2272303 731118 1743.97182   52  341 1842.28597 1743.97164  5.34%  56.3 42391s
 2272905 731119 1816.93574   68   79 1842.28597 1743.97386  5.34%  56.3 42402s
 2272962 731109 1816.93574   69   86 1842.28597 1743.97505  5.34%  56.3 42410s
 2273024 731290 1746.71859   58  233 1842.28597 1743.97580  5.34%  56.3 42439s
 2273570 731338 infeasible   56      1842.28597 1743.98250  5.34%  56.3 42454s
 2273937 731479 1822.53755   52  283 1842.28597 1743.98796  5.34%  56.3 42476s
 2274546 731495 infeasible   69      1842.28597 1743.99407  5.34%  56.3 42485s
 2274634 731570 1815.80456   62  157 1842.28597 1743.99458  5.34%  56.3 42503s
 2274903 731720 1761.73434   72  448 1842.28597 1743.99619  5.34%  56.3 42535s
 2275409 731720 1840.10385   69   80 1842.28597 1743.99873  5.34%  56.3 42549s
 2275510 731923 1808.94006   72  255 1842.28597 1743.99973  5.34%  56.3 42572s
 2276060 732051 1818.20347   52  233 1842.28597 1744.00479  5.33%  56.3 42593s
 2276504 732115 1819.12768   79   95 1842.28597 1744.00879  5.33%  56.3 42683s
 2276662 732614 1782.15528   76  188 1842.28597 1744.00879  5.33%  56.3 42758s
 2278132 732626 infeasible   51      1842.28597 1744.01597  5.33%  56.3 42766s
 2278190 732634 1832.70560   64  121 1842.28597 1744.01598  5.33%  56.3 42777s
 2278280 732848 1802.49289   74  240 1842.28597 1744.01644  5.33%  56.3 42805s
 2279053 732960 1784.81171   63  984 1842.28597 1744.02371  5.33%  56.3 42825s
 2279416 733072 infeasible   58      1842.28597 1744.02760  5.33%  56.3 42844s
 2279746 733231 1745.91564   51  239 1842.28597 1744.03029  5.33%  56.3 42872s
 2280251 733264 1800.50256   65  124 1842.28597 1744.03385  5.33%  56.3 42880s
 2280358 733492     cutoff   52      1842.28597 1744.03448  5.33%  56.3 42909s
 2281019 733667     cutoff   83      1842.28597 1744.03851  5.33%  56.3 42934s
 2281517 733666 infeasible   56      1842.28597 1744.04127  5.33%  56.3 42944s
 2281554 733823 1828.93029   53  223 1842.28597 1744.04127  5.33%  56.3 42981s
 2282083 733908 infeasible   51      1842.28597 1744.04468  5.33%  56.3 43000s
 2282419 733985 1803.38675   57  407 1842.28597 1744.04877  5.33%  56.3 43014s
 2282667 734052 infeasible   70      1842.28597 1744.05206  5.33%  56.3 43029s
 2282952 734232 1798.72314   61  103 1842.28597 1744.05312  5.33%  56.3 43061s
 2283477 734323 infeasible   60      1842.28597 1744.05600  5.33%  56.3 43079s
 2283806 734530     cutoff   82      1842.28597 1744.05803  5.33%  56.3 43106s
 2284481 734537 infeasible   60      1842.28597 1744.06343  5.33%  56.3 43115s
 2284562 734653 1797.17690   70  385 1842.28597 1744.06404  5.33%  56.3 43135s
 2284875 734682 infeasible   65      1842.28597 1744.06420  5.33%  56.3 43148s
 2285001 734811 1799.44260   66  162 1842.28597 1744.06632  5.33%  56.3 43174s
 2285370 734819     cutoff   83      1842.28597 1744.06833  5.33%  56.3 43182s
 2285403 734982 1773.92683   67  151 1842.28597 1744.06911  5.33%  56.3 43213s
 2285884 735159 1797.28518   75  375 1842.28597 1744.07179  5.33%  56.3 43243s
 2286429 735153     cutoff   65      1842.28597 1744.07615  5.33%  56.3 43254s
 2286479 735211     cutoff   68      1842.28597 1744.07615  5.33%  56.3 43268s
 2286781 735326 1804.06592   48  134 1842.28597 1744.07769  5.33%  56.3 43368s
 2287260 735458 1750.63310   52  238 1842.28597 1744.08191  5.33%  56.3 43385s
 2287664 735693 1747.84093   61  234 1842.28597 1744.08592  5.33%  56.3 43416s
 2288335 735703 infeasible   53      1842.28597 1744.08981  5.33%  56.3 43423s
 2288415 735820     cutoff   66      1842.28597 1744.09054  5.33%  56.3 43442s
 2288751 735842 1807.81944   72  101 1842.28597 1744.09054  5.33%  56.3 43455s
 2288924 736054 1812.03154   74  213 1842.28597 1744.09267  5.33%  56.3 43482s
 2289512 736056 1745.95986   62  348 1842.28597 1744.09833  5.33%  56.3 43489s
 2289561 736310 1746.78465   66  349 1842.28597 1744.09895  5.33%  56.3 43519s
 2290148 736465 1795.81550   87  431 1842.28597 1744.10134  5.33%  56.3 43553s
 2290754 736467 infeasible   59      1842.28597 1744.10425  5.33%  56.3 43566s
 2290854 736760 1840.87879   59   58 1842.28597 1744.10693  5.33%  56.3 43590s
 2291435 736881 1756.74832   68  559 1842.28597 1744.10803  5.33%  56.3 43619s
 2291829 736890     cutoff   57      1842.28597 1744.11144  5.33%  56.4 43631s
 2291846 737056 1799.88778   63  235 1842.28597 1744.11177  5.33%  56.4 43657s
 2292347 737156 1837.30134   76  408 1842.28597 1744.11540  5.33%  56.4 43674s
 2292835 737171 1777.07686   78  145 1842.28597 1744.11758  5.33%  56.4 43684s
 2292901 737372 1752.03975   75  201 1842.28597 1744.12033  5.33%  56.4 43713s
 2293345 737498 1796.21162   75  109 1842.28597 1744.12234  5.33%  56.4 43738s
 2293819 737507 1803.33299   83  104 1842.28597 1744.12517  5.33%  56.4 43747s
 2293887 737509 1745.19487   62  274 1842.28597 1744.12532  5.33%  56.4 43770s
 2293893 737515 1745.40096   63  275 1842.28597 1744.12532  5.33%  56.4 43782s
 2293923 737526 1745.81620   65  273 1842.28597 1744.12532  5.33%  56.4 43790s
 2294006 737667 1745.90829   59  361 1842.28597 1744.12609  5.33%  56.4 43809s
 2294333 737663 infeasible   76      1842.28597 1744.12861  5.33%  56.4 43816s
 2294410 737817 1834.60194   51  148 1842.28597 1744.12930  5.33%  56.4 43841s
 2294988 737899 infeasible   53      1842.28597 1744.13556  5.33%  56.4 43857s
 2295196 738019 1798.97182   79  323 1842.28597 1744.13689  5.33%  56.4 43885s
 2295666 738041 1801.41776   57  155 1842.28597 1744.14025  5.33%  56.4 43900s
 2295826 738245 1800.73143   74  254 1842.28597 1744.14174  5.33%  56.4 43926s
 2296604 738393 1764.28183   58  284 1842.28597 1744.14653  5.33%  56.4 43941s
 2297132 738387 infeasible   68      1842.28597 1744.15102  5.33%  56.4 44015s
 2297199 739807 1806.19589   56  242 1842.28597 1744.15184  5.33%  56.4 44179s
 2301129 739817 infeasible   70      1842.28597 1744.17117  5.33%  56.4 44187s
 2301196 739821     cutoff   66      1842.28597 1744.17152  5.33%  56.4 44194s
 2301252 739910 infeasible   56      1842.28597 1744.17152  5.33%  56.4 44211s
 2301749 739929 infeasible   62      1842.28597 1744.17536  5.33%  56.4 44218s
 2301867 740081 1841.01553   66   69 1842.28597 1744.17621  5.33%  56.4 44241s
 2302380 740169 1744.72423   43  301 1842.28597 1744.17960  5.33%  56.4 44264s
 2302703 740175 infeasible   69      1842.28597 1744.18161  5.33%  56.4 44271s
 2302728 740353 1817.69799   71  194 1842.28597 1744.18190  5.33%  56.4 44298s
 2303226 740498 1804.80697   53  542 1842.28597 1744.18458  5.32%  56.4 44329s
 2303770 740510 1818.02413   58    7 1842.28597 1744.18875  5.32%  56.4 44336s
 2303817 740646 1750.57102   61  288 1842.28597 1744.19027  5.32%  56.4 44355s
 2304256 740717     cutoff   53      1842.28597 1744.19254  5.32%  56.4 44364s
 2304612 740806 1783.32597   55  136 1842.28597 1744.19685  5.32%  56.4 44380s
 2304902 741007 1796.35159   64   12 1842.28597 1744.19956  5.32%  56.4 44407s
 2305510 741012 infeasible   63      1842.28597 1744.20223  5.32%  56.4 44413s
 2305549 741164 1744.55892   58  252 1842.28597 1744.20288  5.32%  56.4 44440s
 2306060 741221 1752.52395   58  400 1842.28597 1744.20383  5.32%  56.4 44462s
 2306374 741275 infeasible   75      1842.28597 1744.20658  5.32%  56.4 44474s
 2306612 741403 1834.27165   62  170 1842.28597 1744.21013  5.32%  56.4 44500s
 2307073 741422 infeasible   67      1842.28597 1744.21123  5.32%  56.4 44508s
 2307141 741573 1745.53568   61  233 1842.28597 1744.21199  5.32%  56.4 44527s
 2307595 741596 1821.74006   74  181 1842.28597 1744.21551  5.32%  56.4 44619s
 2307815 741862 1796.28743   57  340 1842.28597 1744.21927  5.32%  56.4 44667s
 2308705 741881 1830.40601   74  200 1842.28597 1744.22596  5.32%  56.4 44680s
 2308802 742119 1751.20466   59  253 1842.28597 1744.22647  5.32%  56.4 44720s
 2309618 742394 1744.75051   50  232 1842.28597 1744.23049  5.32%  56.4 44755s
 2310227 742402 infeasible   73      1842.28597 1744.23317  5.32%  56.4 44767s
 2310352 742556 1837.53335   70  142 1842.28597 1744.23547  5.32%  56.4 44794s
 2310888 742647 infeasible   71      1842.28597 1744.23941  5.32%  56.4 44810s
 2311233 742916 1744.41628   55  436 1842.28597 1744.24074  5.32%  56.4 44845s
 2311837 742963     cutoff   90      1842.28597 1744.24310  5.32%  56.4 44860s
 2312029 743122     cutoff   56      1842.28597 1744.24509  5.32%  56.4 44889s
 2312487 743176 infeasible   80      1842.28597 1744.24654  5.32%  56.5 44900s
 2312632 743423 infeasible   64      1842.28597 1744.24726  5.32%  56.5 44929s
 2313275 743450 1809.71630   69  164 1842.28597 1744.25220  5.32%  56.5 44938s
 2313394 743624 1744.82809   57  298 1842.28597 1744.25387  5.32%  56.5 44964s
 2313999 743829 infeasible   69      1842.28597 1744.25744  5.32%  56.5 44991s
 2314635 743829     cutoff   64      1842.28597 1744.26185  5.32%  56.5 44999s
 2314749 744103 1744.80522   61  235 1842.28597 1744.26246  5.32%  56.5 45031s
 2315404 744203 infeasible   59      1842.28597 1744.26558  5.32%  56.5 45057s
 2315645 744259 infeasible   61      1842.28597 1744.26818  5.32%  56.5 45069s
 2315813 744455 1745.64388   80  233 1842.28597 1744.27001  5.32%  56.5 45093s
 2316373 744634 1795.15343   62  205 1842.28597 1744.27279  5.32%  56.5 45123s
 2316803 744650 infeasible   77      1842.28597 1744.27300  5.32%  56.5 45136s
 2316868 744753 1787.15898   51  211 1842.28597 1744.27392  5.32%  56.5 45162s
 2317183 745022 1755.91272   73  532 1842.28597 1744.27432  5.32%  56.5 45184s
 2317768 745065 1819.13114   80  139 1842.28597 1744.27617  5.32%  56.5 45195s
 2317926 745392     cutoff   71      1842.28597 1744.27669  5.32%  56.5 45317s
 2318739 745531 infeasible   71      1842.28597 1744.27954  5.32%  56.5 45332s
 2319192 745532 infeasible   62      1842.28597 1744.28133  5.32%  56.5 45336s
 2319246 745760 1747.79248   65  272 1842.28597 1744.28202  5.32%  56.5 45350s
 2319722 745935 1811.96716   70  464 1842.28597 1744.28283  5.32%  56.5 45376s
 2320205 745935 infeasible   67      1842.28597 1744.28464  5.32%  56.5 45383s
 2320253 746154 1797.29273   61  300 1842.28597 1744.28632  5.32%  56.5 45406s
 2320786 746225 1794.97090   47  413 1842.28597 1744.28908  5.32%  56.5 45423s
 2321086 746236 1832.51850   61  193 1842.28597 1744.29025  5.32%  56.5 45427s
 2321120 746386 1745.10834   57  197 1842.28597 1744.29108  5.32%  56.5 45447s
 2321563 746528 infeasible   71      1842.28597 1744.29312  5.32%  56.5 45471s
 2322018 746524 infeasible   76      1842.28597 1744.29488  5.32%  56.5 45479s
 2322093 746703 1747.16390   57  277 1842.28597 1744.29736  5.32%  56.5 45501s
 2322459 746719 infeasible   74      1842.28597 1744.29861  5.32%  56.5 45509s
 2322576 746903     cutoff   72      1842.28597 1744.30018  5.32%  56.5 45532s
 2323135 746936 infeasible   49      1842.28597 1744.30354  5.32%  56.5 45542s
 2323241 747113 1799.69099   61  531 1842.28597 1744.30451  5.32%  56.5 45565s
 2323694 747170 1821.69775   79  374 1842.28597 1744.30567  5.32%  56.5 45589s
 2323981 747184 1797.81804   58  360 1842.28597 1744.30959  5.32%  56.5 45605s
 2324062 747287 1801.06444   65  243 1842.28597 1744.30975  5.32%  56.5 45626s
 2324482 747426 1818.00791   48  662 1842.28597 1744.31136  5.32%  56.5 45650s
 2324892 747417 infeasible   77      1842.28597 1744.31477  5.32%  56.5 45660s
 2324959 747534 1745.50536   74  242 1842.28597 1744.31708  5.32%  56.5 45682s
 2325319 747633     cutoff   76      1842.28597 1744.31947  5.32%  56.5 45696s
 2325669 747850 1792.45264   49  515 1842.28597 1744.31992  5.32%  56.5 45724s
 2326244 747855 infeasible   93      1842.28597 1744.32096  5.32%  56.5 45733s
 2326285 748027 1745.77660   56  237 1842.28597 1744.32194  5.32%  56.5 45751s
 2326749 748266 1797.98853   48   12 1842.28597 1744.32575  5.32%  56.5 45771s
 2327223 748271 1765.39225   65  155 1842.28597 1744.32677  5.32%  56.5 45777s
 2327284 748415 1819.51702   76  249 1842.28597 1744.32740  5.32%  56.5 45795s
 2327668 748527 infeasible   66      1842.28597 1744.33136  5.32%  56.5 45824s
 2328107 748553 1797.40394   66  116 1842.28597 1744.33249  5.32%  56.5 45832s
 2328169 748782 1811.63703   74   94 1842.28597 1744.33249  5.32%  56.5 45951s
 2328727 748775 infeasible   78      1842.28597 1744.33676  5.32%  56.5 45969s
 2328790 748819 1797.90482   54  299 1842.28597 1744.33855  5.32%  56.5 45988s
 2329032 749124 1808.02145   58  272 1842.28597 1744.33953  5.32%  56.5 46019s
 2329764 749208 infeasible   69      1842.28597 1744.34499  5.32%  56.5 46028s
 2329892 749468 1831.23654   61  176 1842.28597 1744.34514  5.32%  56.5 46057s
 2330437 749475 infeasible   62      1842.28597 1744.34820  5.32%  56.5 46072s
 2330607 749697 infeasible   52      1842.28597 1744.34988  5.32%  56.5 46104s
 2331285 749698     cutoff   79      1842.28597 1744.35470  5.32%  56.5 46112s
 2331326 749840 1831.27045   52  169 1842.28597 1744.35581  5.32%  56.5 46133s
 2331790 749930 1827.93066   67   62 1842.28597 1744.35704  5.32%  56.5 46151s
 2332093 750215 1796.73043   67  457 1842.28597 1744.36012  5.32%  56.5 46182s
 2332686 750241 1837.56993   69   51 1842.28597 1744.36181  5.32%  56.5 46189s
 2332764 750355 1748.26547   53  441 1842.28597 1744.36229  5.32%  56.5 46208s
 2333179 750547 1797.17735   65  398 1842.28597 1744.36340  5.32%  56.5 46233s
 2333749 750528 1827.39536   78  178 1842.28597 1744.36684  5.32%  56.5 46245s
 2333786 750801 1744.81332   62  299 1842.28597 1744.36752  5.32%  56.5 46275s
 2334332 750856 infeasible   69      1842.28597 1744.37031  5.31%  56.5 46290s
 2334618 750906 1745.64707   49  240 1842.28597 1744.37241  5.31%  56.5 46304s
 2334749 750913 1817.59239   64  159 1842.28597 1744.37248  5.31%  56.5 46317s
 2334823 751092 1749.22193   57  239 1842.28597 1744.37367  5.31%  56.5 46347s
 2335398 751253 1797.36721   66  441 1842.28597 1744.37840  5.31%  56.5 46369s
 2335767 751358 infeasible   72      1842.28597 1744.38037  5.31%  56.5 46388s
 2336122 751504 1796.55988   54  471 1842.28597 1744.38311  5.31%  56.5 46416s
 2336631 751494 infeasible   53      1842.28597 1744.38650  5.31%  56.5 46426s
 2336702 751742 1808.84977   53  425 1842.28597 1744.38754  5.31%  56.5 46454s
 2337380 751853 1798.51911   68    4 1842.28597 1744.39112  5.31%  56.5 46476s
 2337738 751851 infeasible   85      1842.28597 1744.39112  5.31%  56.5 46485s
 2337783 752055 1757.97717   56  533 1842.28597 1744.39254  5.31%  56.5 46519s
 2338391 752247 1792.69904   60  297 1842.28597 1744.39628  5.31%  56.5 46646s
 2338984 752266 1818.37797   69  215 1842.28597 1744.39853  5.31%  56.6 46653s
 2339046 752339 1745.58128   54  251 1842.28597 1744.39853  5.31%  56.6 46674s
 2339197 752551 1745.78723   55  251 1842.28597 1744.39948  5.31%  56.6 46713s
 2339822 752558 1830.84066   52  376 1842.28597 1744.40218  5.31%  56.6 46725s
 2339846 752732     cutoff   55      1842.28597 1744.40275  5.31%  56.6 46761s
 2340498 752751 1754.15616   69  250 1842.28597 1744.40666  5.31%  56.6 46776s
 2340655 753027 1778.15639   64  184 1842.28597 1744.40802  5.31%  56.6 46808s
 2341253 753057 1834.96324   52  204 1842.28597 1744.41081  5.31%  56.6 46818s
 2341328 753274 1795.80232   70  205 1842.28597 1744.41188  5.31%  56.6 46844s
 2341993 753363 infeasible   71      1842.28597 1744.41539  5.31%  56.6 46857s
 2342313 753393 infeasible   65      1842.28597 1744.41758  5.31%  56.6 46867s
 2342465 753629 1745.42086   49  248 1842.28597 1744.41918  5.31%  56.6 46887s
 2343040 753617 infeasible   85      1842.28597 1744.42238  5.31%  56.6 46897s
 2343149 753943 infeasible   63      1842.28597 1744.42371  5.31%  56.6 46922s
 2343885 753958     cutoff   63      1842.28597 1744.42584  5.31%  56.6 46927s
 2343925 754100 1826.16593   75  432 1842.28597 1744.42632  5.31%  56.6 46946s
 2344376 754165 infeasible   61      1842.28597 1744.42903  5.31%  56.6 46955s
 2344548 754342 1799.10530   55  260 1842.28597 1744.43002  5.31%  56.6 46975s
 2345096 754424 infeasible   63      1842.28597 1744.43245  5.31%  56.6 46988s
 2345359 754620 1769.79912   53  766 1842.28597 1744.43476  5.31%  56.6 47013s
 2345885 754675     cutoff   75      1842.28597 1744.43713  5.31%  56.6 47023s
 2346015 754852 1795.31594   57  568 1842.28597 1744.43819  5.31%  56.6 47051s
 2346377 754855     cutoff   75      1842.28597 1744.43950  5.31%  56.6 47063s
 2346446 755020     cutoff   78      1842.28597 1744.43979  5.31%  56.6 47094s
 2346899 755120 1746.39887   68  319 1842.28597 1744.44221  5.31%  56.6 47112s
 2347174 755226 1832.15647   76  161 1842.28597 1744.44394  5.31%  56.6 47140s
 2347730 755251 1746.88253   65  297 1842.28597 1744.44798  5.31%  56.6 47146s
 2347784 755404 1748.60989   68  302 1842.28597 1744.44818  5.31%  56.6 47175s
 2348289 755569 infeasible   74      1842.28597 1744.45098  5.31%  56.6 47202s
 2348827 755594 1829.94180   67   95 1842.28597 1744.45257  5.31%  56.6 47316s
 2348977 756200 1837.13836   77   93 1842.28597 1744.45371  5.31%  56.6 47390s
 2350573 756197 infeasible   67      1842.28597 1744.46089  5.31%  56.6 47398s
 2350652 756254 1802.71238   55  240 1842.28597 1744.46190  5.31%  56.6 47410s
 2351028 756530 1830.27610   78  109 1842.28597 1744.46539  5.31%  56.6 47436s
 2351578 756531 infeasible   78      1842.28597 1744.46890  5.31%  56.6 47451s
 2351672 756729 1817.10435   65   44 1842.28597 1744.47075  5.31%  56.6 47480s
 2352322 756825 1746.24409   72  353 1842.28597 1744.47184  5.31%  56.6 47503s
 2352564 756829 infeasible   76      1842.28597 1744.47222  5.31%  56.6 47513s
 2352602 757024 1802.12730   50  247 1842.28597 1744.47399  5.31%  56.6 47540s
 2353117 757029 infeasible   68      1842.28597 1744.47829  5.31%  56.6 47559s
 2353181 757119 infeasible   61      1842.28597 1744.47851  5.31%  56.6 47577s
 2353597 757114 infeasible   66      1842.28597 1744.48034  5.31%  56.6 47587s
 2353682 757290 1745.25332   53  635 1842.28597 1744.48147  5.31%  56.6 47619s
 2354265 757380 infeasible   57      1842.28597 1744.48349  5.31%  56.6 47639s
 2354494 757380 1829.69198   74  204 1842.28597 1744.48608  5.31%  56.6 47640s
 2354648 757442 1765.18364   64  335 1842.28597 1744.48660  5.31%  56.6 47650s
 2354783 757626 1747.32361   59  453 1842.28597 1744.48767  5.31%  56.6 47674s
 2355389 757718 1777.99094   69  116 1842.28597 1744.49131  5.31%  56.7 47689s
 2355668 757957 1827.41718   85   97 1842.28597 1744.49131  5.31%  56.6 47719s
 2356385 757992 infeasible   70      1842.28597 1744.49643  5.31%  56.7 47733s
 2356544 758139 1811.21803   49  411 1842.28597 1744.49700  5.31%  56.7 47761s
 2357031 758211 infeasible   64      1842.28597 1744.49872  5.31%  56.7 47772s
 2357271 758530 1812.49549   59  106 1842.28597 1744.50362  5.31%  56.7 47795s
 2357975 758550 1758.81910   73  648 1842.28597 1744.50510  5.31%  56.7 47803s
 2358063 758773     cutoff   71      1842.28597 1744.50535  5.31%  56.7 47832s
 2358718 758937 infeasible   51      1842.28597 1744.50906  5.31%  56.7 47861s
 2359412 758978 1786.58098   51  128 1842.28597 1744.51360  5.31%  56.7 47966s
 2359565 759420 1781.70040   66  240 1842.28597 1744.51563  5.31%  56.7 48030s
 2360941 759433 1746.44815   76  240 1842.28597 1744.52346  5.31%  56.7 48040s
 2361003 759607 1840.35477   77  156 1842.28597 1744.52454  5.31%  56.7 48072s
 2361529 759612 infeasible   81      1842.28597 1744.52887  5.31%  56.7 48088s
 2361623 759837 1748.49347   55  252 1842.28597 1744.52890  5.31%  56.7 48115s
 2362236 759905 1798.98406   80  252 1842.28597 1744.53099  5.31%  56.7 48125s
 2362437 760205 infeasible   63      1842.28597 1744.53243  5.31%  56.7 48158s
 2363334 760347 infeasible   67      1842.28597 1744.53747  5.31%  56.7 48177s
 2363742 760442 1820.53201   91  146 1842.28597 1744.54138  5.31%  56.7 48191s
 2363997 760625 1746.46774   60  316 1842.28597 1744.54289  5.31%  56.7 48212s
 2364392 760651 infeasible   57      1842.28597 1744.54335  5.31%  56.7 48223s
 2364494 760814 1745.11680   58  273 1842.28597 1744.54428  5.31%  56.7 48250s
 2365150 760921 1839.35398   78  189 1842.28597 1744.54748  5.31%  56.7 48269s
 2365432 761077 infeasible   48      1842.28597 1744.54850  5.31%  56.7 48298s
 2365965 761097 1815.69630   64  114 1842.28597 1744.55287  5.30%  56.7 48308s
 2366021 761261 1746.40622   64  176 1842.28597 1744.55377  5.30%  56.7 48336s
 2366576 761353 infeasible   49      1842.28597 1744.55711  5.30%  56.7 48353s
 2366811 761648 1811.31978   89  931 1842.28597 1744.55866  5.30%  56.7 48387s
 2367539 761660 infeasible   61      1842.28597 1744.56260  5.30%  56.7 48401s
 2367654 761922 1837.46020   76   38 1842.28597 1744.56398  5.30%  56.7 48429s
 2368230 761945 infeasible  102      1842.28597 1744.56624  5.30%  56.7 48443s
 2368363 762101 1830.48291   63  186 1842.28597 1744.56840  5.30%  56.7 48471s
 2368914 762132 infeasible   75      1842.28597 1744.57084  5.30%  56.7 48481s
 2369032 762262 1812.81002   59  212 1842.28597 1744.57264  5.30%  56.7 48511s
 2369282 762471 1823.77507   64  189 1842.28597 1744.57264  5.30%  56.7 48540s
 2369856 762501 infeasible   65      1842.28597 1744.57570  5.30%  56.7 48651s
 2370043 763043 1746.05798   71  252 1842.28597 1744.57706  5.30%  56.7 48727s
 2371510 763041 1834.91222   61  130 1842.28597 1744.58483  5.30%  56.7 48743s
 2371534 763048 1752.45857   65  269 1842.28597 1744.58483  5.30%  56.7 48756s
 2371622 763232 1821.29320   71  106 1842.28597 1744.58483  5.30%  56.7 48787s
 2372234 763358     cutoff   98      1842.28597 1744.58959  5.30%  56.7 48804s
 2372660 763426 1757.97897   68   51 1842.28597 1744.59283  5.30%  56.7 48816s
 2372861 763579 infeasible   69      1842.28597 1744.59376  5.30%  56.7 48846s
 2373359 763626 infeasible   63      1842.28597 1744.59805  5.30%  56.7 48866s
 2373567 763713 1788.71911   63  136 1842.28597 1744.59871  5.30%  56.7 48895s
 2374085 763710 1819.26611   79  152 1842.28597 1744.60221  5.30%  56.7 48904s
 2374125 763849 1783.45324   56  112 1842.28597 1744.60303  5.30%  56.7 48935s
 2374605 763965 1744.62728   65  381 1842.28597 1744.60508  5.30%  56.7 48962s
 2375049 764002 1747.96532   46  292 1842.28597 1744.60762  5.30%  56.7 48971s
 2375220 764214 1744.73324   61  609 1842.28597 1744.60992  5.30%  56.7 48990s
 2375713 764288     cutoff   70      1842.28597 1744.61090  5.30%  56.7 49007s
 2376016 764348 1752.40342   59  547 1842.28597 1744.61408  5.30%  56.7 49026s
 2376435 764430 1744.63211   65  192 1842.28597 1744.61768  5.30%  56.7 49038s
 2376668 764607 1798.41892   74  264 1842.28597 1744.61950  5.30%  56.7 49059s
 2377223 764738 1819.15312   71  335 1842.28597 1744.62400  5.30%  56.7 49079s
 2377622 764806 1747.37864   53  276 1842.28597 1744.62862  5.30%  56.7 49097s
 2377911 764999     cutoff   82      1842.28597 1744.62998  5.30%  56.7 49136s
 2378529 764989     cutoff   58      1842.28597 1744.63303  5.30%  56.7 49148s
 2378556 765025 infeasible   54      1842.28597 1744.63350  5.30%  56.7 49174s
 2378691 765320 1831.71896   57  269 1842.28597 1744.63350  5.30%  56.7 49209s
 2379357 765314 infeasible   64      1842.28597 1744.63628  5.30%  56.7 49216s
 2379439 765504 1746.18935   70  239 1842.28597 1744.63737  5.30%  56.7 49239s
 2380008 765611 1805.26981   68  163 1842.28597 1744.64265  5.30%  56.7 49258s
 2380399 765667 1758.35182   62  188 1842.28597 1744.64335  5.30%  56.7 49375s
 2380703 765987 1838.53670   65  161 1842.28597 1744.64458  5.30%  56.7 49418s
 2381561 766008     cutoff   85      1842.28597 1744.65057  5.30%  56.7 49427s
 2381641 766181     cutoff   55      1842.28597 1744.65147  5.30%  56.7 49462s
 2382368 766318 1753.86361   78  278 1842.28597 1744.65386  5.30%  56.7 49479s
 2382804 766349 1821.59048   55  267 1842.28597 1744.65687  5.30%  56.7 49486s
 2382873 766672 1744.72384   58  379 1842.28597 1744.65718  5.30%  56.7 49513s
 2383505 766749 1836.64038   94   36 1842.28597 1744.65905  5.30%  56.7 49528s
 2383710 766778 1834.44638   72   56 1842.28597 1744.66211  5.30%  56.7 49539s
 2383833 766977 1747.80529   78  234 1842.28597 1744.66211  5.30%  56.7 49571s
 2384379 766987 infeasible   56      1842.28597 1744.66404  5.30%  56.7 49584s
 2384564 767036 1807.34135   67  143 1842.28597 1744.66676  5.30%  56.7 49600s
 2384961 767153 infeasible   53      1842.28597 1744.67047  5.30%  56.7 49620s
 2385458 767395 1747.34541   69  273 1842.28597 1744.67285  5.30%  56.7 49647s
 2386077 767487 1790.41594   72  157 1842.28597 1744.67587  5.30%  56.7 49661s
 2386266 767690 infeasible   72      1842.28597 1744.67684  5.30%  56.7 49688s
 2386796 767769 1802.84870   71  127 1842.28597 1744.67757  5.30%  56.7 49706s
 2387127 767982 1800.33944   63  281 1842.28597 1744.67834  5.30%  56.7 49734s
 2387732 768010     cutoff   62      1842.28597 1744.68436  5.30%  56.7 49750s
 2387865 768185 1744.75122   49  396 1842.28597 1744.68524  5.30%  56.7 49776s
 2388524 768234 1768.63266   66  219 1842.28597 1744.68718  5.30%  56.7 49794s
 2388749 768409 1744.80215   62  242 1842.28597 1744.68751  5.30%  56.7 49828s
 2389246 768412 1830.17485   65  347 1842.28597 1744.68944  5.30%  56.7 49840s
 2389310 768564 1830.21058   66  333 1842.28597 1744.68944  5.30%  56.7 49863s
 2389820 768656 1837.56806   81  521 1842.28597 1744.69458  5.30%  56.7 49878s
 2390170 768745 1833.93142   73  233 1842.28597 1744.69775  5.30%  56.7 49889s
 2390337 768903 1823.74926   79   55 1842.28597 1744.69881  5.30%  56.7 49915s
 2390896 768922 infeasible   72      1842.28597 1744.70280  5.30%  56.7 50001s
 2390964 770264 1828.46853   58  436 1842.28597 1744.70280  5.30%  56.7 50181s
 2394913 770261 infeasible   87      1842.28597 1744.72064  5.30%  56.7 50190s
 2394982 770289 infeasible   55      1842.28597 1744.72134  5.30%  56.7 50199s
 2395108 770317 1746.69191   61  219 1842.28597 1744.72134  5.30%  56.7 50211s
 2395167 770385 1815.79212   69   65 1842.28597 1744.72134  5.30%  56.7 50234s
 2395438 770390 1800.12294   65  291 1842.28597 1744.72376  5.30%  56.7 50249s
 2395616 770591     cutoff   74      1842.28597 1744.72389  5.30%  56.7 50278s
 2396253 770591 1836.87163   61  150 1842.28597 1744.72757  5.30%  56.7 50290s
 2396314 770696 infeasible   79      1842.28597 1744.72764  5.30%  56.7 50311s
 2396769 770772 infeasible   65      1842.28597 1744.73125  5.30%  56.7 50330s
 2397143 770776 infeasible   66      1842.28597 1744.73270  5.30%  56.7 50337s
 2397195 770951 1786.97796   65  239 1842.28597 1744.73370  5.30%  56.7 50363s
 2397837 771099 1821.66113   53  248 1842.28597 1744.73751  5.29%  56.7 50382s
 2398236 771179 1777.65802   75  179 1842.28597 1744.74041  5.29%  56.7 50402s
 2398620 771231 1795.38331   51  196 1842.28597 1744.74275  5.29%  56.7 50416s
 2398776 771353 1797.02137   55  419 1842.28597 1744.74320  5.29%  56.7 50440s
 2399243 771421 1805.81291   60  364 1842.28597 1744.74773  5.29%  56.7 50455s
 2399600 771559 1744.95846   54  666 1842.28597 1744.74957  5.29%  56.7 50477s
 2400043 771619 1800.82630   63  352 1842.28597 1744.75240  5.29%  56.7 50494s
 2400250 771722 1804.32607   72  154 1842.28597 1744.75497  5.29%  56.7 50516s
 2400606 771806 1752.89243   69  271 1842.28597 1744.75676  5.29%  56.7 50535s
 2400906 771984 1838.70459   72  134 1842.28597 1744.75894  5.29%  56.7 50553s
 2401372 771980 infeasible   71      1842.28597 1744.76204  5.29%  56.7 50669s
 2401475 772672 1785.31456   69  583 1842.28597 1744.76311  5.29%  56.7 50781s
 2403819 772682 1763.07828   69   59 1842.28597 1744.77283  5.29%  56.7 50789s
 2403866 772706 1773.28906   55  469 1842.28597 1744.77388  5.29%  56.7 50798s
 2403946 772921     cutoff   56      1842.28597 1744.77388  5.29%  56.7 50834s
 2404705 773114 1798.21548   64  315 1842.28597 1744.77826  5.29%  56.7 50860s
 2405207 773155 infeasible   72      1842.28597 1744.78101  5.29%  56.7 50874s
 2405415 773312 1814.78778   69   95 1842.28597 1744.78129  5.29%  56.7 50905s
 2406000 773463 infeasible   65      1842.28597 1744.78572  5.29%  56.7 50936s
 2406436 773472 1752.07306   67  243 1842.28597 1744.78685  5.29%  56.7 50942s
 2406487 773661 1744.96611   59  166 1842.28597 1744.78718  5.29%  56.7 50973s
 2407094 773788 1796.96031   79  292 1842.28597 1744.79098  5.29%  56.7 50993s
 2407449 773839 1747.45753   73  232 1842.28597 1744.79303  5.29%  56.7 51007s
 2407599 773993 1809.44392   57  552 1842.28597 1744.79386  5.29%  56.7 51040s
 2408098 774008 infeasible   53      1842.28597 1744.79647  5.29%  56.7 51054s
 2408302 774161 1746.51961   63  327 1842.28597 1744.79844  5.29%  56.7 51078s
 2408858 774207 infeasible   68      1842.28597 1744.80259  5.29%  56.7 51094s
 2409057 774329 1818.07835   59  195 1842.28597 1744.80502  5.29%  56.7 51122s
 2409512 774342 infeasible   78      1842.28597 1744.80636  5.29%  56.7 51135s
 2409549 774527 1750.78438   67  259 1842.28597 1744.80636  5.29%  56.7 51155s
 2410153 774652 1836.32547   69  160 1842.28597 1744.81090  5.29%  56.7 51172s
 2410588 774679 infeasible   74      1842.28597 1744.81391  5.29%  56.7 51180s
 2410688 774846     cutoff   65      1842.28597 1744.81469  5.29%  56.7 51214s
 2411291 775030 1803.56368   49    4 1842.28597 1744.81635  5.29%  56.7 51237s
 2411746 775069 1802.92979   76  239 1842.28597 1744.81769  5.29%  56.7 51356s
 2411841 776376 1803.70962   80  213 1842.28597 1744.81899  5.29%  56.7 51528s
 2415332 776380 1749.47929   62  229 1842.28597 1744.83058  5.29%  56.7 51535s
 2415346 776388 1749.73922   63  235 1842.28597 1744.83058  5.29%  56.7 51543s
 2415402 776403     cutoff   67      1842.28597 1744.83164  5.29%  56.7 51548s
 2415442 776441 1798.28818   75  219 1842.28597 1744.83288  5.29%  56.7 51557s
 2415597 776584 1795.66686   63  255 1842.28597 1744.83487  5.29%  56.7 51577s
 2416176 776677 1827.03780   57  170 1842.28597 1744.83836  5.29%  56.7 51585s
 2416474 776696 1746.67217   60  231 1842.28597 1744.83881  5.29%  56.7 51594s
 2416556 776788 1746.87829   61  231 1842.28597 1744.83900  5.29%  56.7 51619s
 2416883 776778 1747.08491   62  231 1842.28597 1744.84083  5.29%  56.7 51628s
 2416918 776939 1747.16324   63  231 1842.28597 1744.84113  5.29%  56.8 51659s
 2417487 776943 infeasible   55      1842.28597 1744.84469  5.29%  56.8 51664s
 2417549 777187 1765.98482   66  205 1842.28597 1744.84489  5.29%  56.8 51696s
 2418231 777334 infeasible   66      1842.28597 1744.84811  5.29%  56.7 51721s
 2418684 777344 infeasible   62      1842.28597 1744.84984  5.29%  56.8 51730s
 2418779 777590 1747.39381   65  284 1842.28597 1744.85112  5.29%  56.8 51752s
 2419361 777709 1747.92042   61  301 1842.28597 1744.85269  5.29%  56.8 51766s
 2419770 777859 infeasible   69      1842.28597 1744.85614  5.29%  56.7 51783s
 2420143 777949 1746.19371   50  236 1842.28597 1744.85744  5.29%  56.7 51800s
 2420420 778062 1783.03656   79   35 1842.28597 1744.85998  5.29%  56.7 51828s
 2420852 778058 1829.04446   67  123 1842.28597 1744.86325  5.29%  56.7 51836s
 2420888 778341 1820.12657   55  206 1842.28597 1744.86368  5.29%  56.8 51863s
 2421561 778592 1754.41825   88  370 1842.28597 1744.86529  5.29%  56.7 51887s
 2422236 778643     cutoff   56      1842.28597 1744.86828  5.29%  56.7 52008s
 2422353 779423 1829.88769   58  266 1842.28597 1744.86887  5.29%  56.7 52115s
 2424515 779429     cutoff  100      1842.28597 1744.87779  5.29%  56.7 52122s
 2424587 779464 1812.24256   57   98 1842.28597 1744.87790  5.29%  56.7 52134s
 2424665 779730 1749.40228   67  250 1842.28597 1744.87880  5.29%  56.7 52174s
 2425446 779947 1796.93147   57  452 1842.28597 1744.88487  5.29%  56.7 52207s
 2426044 779966 1831.48637   47  257 1842.28597 1744.88706  5.29%  56.7 52214s
 2426115 780139 1806.88370   67  170 1842.28597 1744.88836  5.29%  56.7 52242s
 2426636 780275     cutoff   65      1842.28597 1744.89081  5.29%  56.7 52275s
 2427192 780341     cutoff   82      1842.28597 1744.89339  5.29%  56.7 52290s
 2427394 780542 infeasible   70      1842.28597 1744.89521  5.29%  56.7 52315s
 2427909 780563 infeasible   65      1842.28597 1744.89899  5.29%  56.7 52329s
 2428008 780825 1775.68947   70  250 1842.28597 1744.89931  5.29%  56.7 52365s
 2428622 780842 infeasible   53      1842.28597 1744.90192  5.29%  56.7 52377s
 2428688 781046     cutoff   55      1842.28597 1744.90303  5.29%  56.7 52404s
 2429308 781189     cutoff   66      1842.28597 1744.90593  5.29%  56.7 52433s
 2429745 781235 1746.84302   61  241 1842.28597 1744.90786  5.29%  56.7 52439s
 2429828 781394 1842.18960   78   94 1842.28597 1744.90788  5.29%  56.7 52464s
 2430322 781530 1810.12835   72  287 1842.28597 1744.91064  5.29%  56.7 52488s
 2430801 781542 infeasible   70      1842.28597 1744.91317  5.29%  56.7 52498s
 2430906 781749 1766.70869   61  169 1842.28597 1744.91388  5.29%  56.7 52521s
 2431400 781800 infeasible   64      1842.28597 1744.91601  5.29%  56.7 52531s
 2431523 782046 1745.20617   73  523 1842.28597 1744.91601  5.29%  56.7 52558s
 2432160 782064     cutoff   62      1842.28597 1744.91896  5.29%  56.7 52566s
 2432277 782266 1830.25262   65  163 1842.28597 1744.91984  5.29%  56.7 52587s
 2432788 782429     cutoff   83      1842.28597 1744.92158  5.28%  56.7 52720s
 2433240 782492 infeasible   80      1842.28597 1744.92428  5.28%  56.7 52738s
 2433449 782837 1799.39842   66  351 1842.28597 1744.92618  5.28%  56.7 52770s
 2434247 782861 1832.53569   58  137 1842.28597 1744.92998  5.28%  56.7 52780s
 2434364 783109 1761.53147   55  334 1842.28597 1744.93024  5.28%  56.7 52808s
 2435084 783340 1796.73475   60  305 1842.28597 1744.93393  5.28%  56.7 52831s
 2435625 783339 infeasible   72      1842.28597 1744.93543  5.28%  56.7 52837s
 2435690 783560 1799.63637   66  248 1842.28597 1744.93715  5.28%  56.7 52861s
 2436338 783728 infeasible   73      1842.28597 1744.93965  5.28%  56.7 52884s
 2436908 783723 infeasible   59      1842.28597 1744.94168  5.28%  56.7 52890s
 2436937 783925 1826.91559   58  184 1842.28597 1744.94168  5.28%  56.7 52919s
 2437379 784021 1766.97362   68  268 1842.28597 1744.94410  5.28%  56.7 52937s
 2437653 784150 1745.23049   61  318 1842.28597 1744.94536  5.28%  56.7 52956s
 2438071 784250 1747.45723   58  305 1842.28597 1744.94763  5.28%  56.7 52969s
 2438304 784418 1820.13710   75   70 1842.28597 1744.94763  5.28%  56.7 52992s
 2438876 784461 infeasible   66      1842.28597 1744.95266  5.28%  56.7 53002s
 2438965 784589 1799.90882   81  588 1842.28597 1744.95266  5.28%  56.7 53031s
 2439440 784700 1831.90735   74  173 1842.28597 1744.95427  5.28%  56.7 53055s
 2439923 784713 1745.31585   49  328 1842.28597 1744.95765  5.28%  56.8 53062s
 2439972 784905 1747.14739   54  328 1842.28597 1744.95769  5.28%  56.8 53096s
 2440484 785079 1836.12557   73  179 1842.28597 1744.96161  5.28%  56.8 53123s
 2441033 785163 1801.75777   63  332 1842.28597 1744.96454  5.28%  56.7 53132s
 2441184 785373 1801.99939   65  329 1842.28597 1744.96454  5.28%  56.7 53164s
 2441903 785405 1775.33094   66  227 1842.28597 1744.96862  5.28%  56.7 53177s
 2442077 785653 1774.20512   65  134 1842.28597 1744.96961  5.28%  56.7 53211s
 2442618 785656 1745.12171   65  102 1842.28597 1744.97219  5.28%  56.7 53222s
