
Gurobi 13.0.2 (linux64) logging started Mon Aug 10 20:55:15 2026

Set parameter LogFile to value "/home/23037696r/Documents/research/or_benchmark/wp/results/inactivate_0.1/j30/logs/gurobi/j300901_3.log"
Set parameter NumericFocus to value 1
Gurobi Optimizer version 13.0.2 build v13.0.2rc1 (linux64 - "Ubuntu 22.04.3 LTS")

CPU model: Intel Xeon Processor (Cascadelake), instruction set [SSE2|AVX|AVX2|AVX512]
Thread count: 46 physical cores, 46 logical processors, using up to 4 threads

Non-default parameters:
TimeLimit  82800
MIPGap  1e-06
NumericFocus  1
Threads  4

Optimize a model with 38596 rows, 18558 columns and 137872 nonzeros (Min)
Model fingerprint: 0x4a0c695f
Model has 11637 linear objective coefficients and an objective constant of 3.5470381554802952e+02
Variable types: 4644 continuous, 13914 integer (13759 binary)
Coefficient statistics:
  Matrix range     [1e+00, 2e+02]
  Objective range  [1e-02, 1e+03]
  Bounds range     [1e+00, 2e+02]
  RHS range        [1e+00, 2e+02]

Presolve removed 26869 rows and 8319 columns
Presolve time: 3.05s
Presolved: 11727 rows, 10239 columns, 79797 nonzeros
Variable types: 0 continuous, 10239 integer (6926 binary)
Found heuristic solution: objective 3211.9897017

Root relaxation: objective 1.716255e+03, 2666 iterations, 0.33 seconds (0.28 work units)

    Nodes    |    Current Node    |     Objective Bounds      |     Work
 Expl Unexpl |  Obj  Depth IntInf | Incumbent    BestBd   Gap | It/Node Time

     0     0 1716.25452    0   11 3211.98970 1716.25452  46.6%     -    3s
     0     0 1716.25452    0   20 3211.98970 1716.25452  46.6%     -    3s
H    0     0                    2047.8166384 1716.25452  16.2%     -    3s
H    0     0                    2041.6910912 1716.25452  15.9%     -    3s
     0     0 1716.25705    0    8 2041.69109 1716.25705  15.9%     -    3s
     0     0 1716.25705    0    8 2041.69109 1716.25705  15.9%     -    4s
     0     0 1716.28132    0   94 2041.69109 1716.28132  15.9%     -    4s
     0     0 1716.28132    0   94 2041.69109 1716.28132  15.9%     -    4s
     0     0 1716.28133    0   94 2041.69109 1716.28133  15.9%     -    4s
     0     0 1716.28133    0   94 2041.69109 1716.28133  15.9%     -    4s
     0     0 1716.28133    0   94 2041.69109 1716.28133  15.9%     -    4s
     0     0 1716.28133    0   94 2041.69109 1716.28133  15.9%     -    4s
     0     0 1716.28133    0   94 2041.69109 1716.28133  15.9%     -    4s
     0     0 1716.28133    0   94 2041.69109 1716.28133  15.9%     -    4s
     0     0 1716.28134    0   94 2041.69109 1716.28134  15.9%     -    4s
     0     0 1716.28134    0   94 2041.69109 1716.28134  15.9%     -    4s
     0     0 1716.28386    0   43 2041.69109 1716.28386  15.9%     -    4s
     0     0 1716.92326    0  141 2041.69109 1716.92326  15.9%     -    4s
     0     0 1716.92329    0  142 2041.69109 1716.92329  15.9%     -    4s
     0     0 1717.97668    0  294 2041.69109 1717.97668  15.9%     -    5s
     0     0 1717.97675    0  306 2041.69109 1717.97675  15.9%     -    5s
     0     0 1717.97683    0  306 2041.69109 1717.97683  15.9%     -    5s
     0     0 1717.97695    0  330 2041.69109 1717.97695  15.9%     -    6s
     0     0 1717.97709    0  318 2041.69109 1717.97709  15.9%     -    6s
     0     0 1717.97720    0  318 2041.69109 1717.97720  15.9%     -    6s
     0     0 1718.40445    0  286 2041.69109 1718.40445  15.8%     -    6s
     0     0 1718.40445    0  288 2041.69109 1718.40445  15.8%     -    6s
     0     0 1718.73819    0  148 2041.69109 1718.73819  15.8%     -    6s
     0     0 1718.82807    0  149 2041.69109 1718.82807  15.8%     -    6s
     0     0 1718.93236    0  150 2041.69109 1718.93236  15.8%     -    6s
     0     0 1718.95160    0  152 2041.69109 1718.95160  15.8%     -    6s
     0     0 1718.95160    0  152 2041.69109 1718.95160  15.8%     -    6s
H    0     0                    2034.2947291 1718.95160  15.5%     -    6s
     0     0 1720.07328    0  151 2034.29473 1720.07328  15.4%     -    7s
     0     0 1726.22947    0  142 2034.29473 1726.22947  15.1%     -    7s
     0     0 1726.50658    0  134 2034.29473 1726.50658  15.1%     -    7s
     0     0 1726.51001    0  137 2034.29473 1726.51001  15.1%     -    7s
     0     0 1726.51001    0  136 2034.29473 1726.51001  15.1%     -    7s
     0     0 1732.91192    0  127 2034.29473 1732.91192  14.8%     -    7s
     0     0 1733.14577    0  119 2034.29473 1733.14577  14.8%     -    7s
     0     0 1733.14577    0  119 2034.29473 1733.14577  14.8%     -    7s
     0     0 1733.90644    0  121 2034.29473 1733.90644  14.8%     -    8s
     0     0 1733.91087    0  122 2034.29473 1733.91087  14.8%     -    8s
     0     0 1733.91087    0  122 2034.29473 1733.91087  14.8%     -    8s
     0     0 1733.91087    0  125 2034.29473 1733.91087  14.8%     -    8s
     0     0 1733.91845    0  119 2034.29473 1733.91845  14.8%     -    8s
     0     0 1733.91892    0  122 2034.29473 1733.91892  14.8%     -    8s
     0     0 1735.56470    0  127 2034.29473 1735.56470  14.7%     -    9s
     0     0 1735.56470    0  128 2034.29473 1735.56470  14.7%     -    9s
     0     0 1735.56470    0  128 2034.29473 1735.56470  14.7%     -    9s
     0     0 1735.56470    0  114 2034.29473 1735.56470  14.7%     -    9s
     0     2 1735.56470    0  114 2034.29473 1735.56470  14.7%     -    9s
     3     7 1766.25649    2   71 2034.29473 1736.07410  14.7%   293   10s
  1045   853 1865.70767  167   29 2034.29473 1766.47429  13.2%  45.8   15s
  1270   925 1978.70065   22  114 2034.29473 1766.80951  13.1%  45.5   39s
  1272   926 1929.92880   94   32 2034.29473 1766.80951  13.1%  45.4   40s
  1278   930 1959.47028   86  441 2034.29473 1766.80951  13.1%  45.2   45s
  1284   934 1819.53158   11  301 2034.29473 1766.80951  13.1%  45.0   50s
  1290   938 1903.64777   24  382 2034.29473 1766.80951  13.1%  44.8   55s
  1325   962 1773.02758   15  224 2034.29473 1769.55857  13.0%  57.5   61s
  1357   969 1773.78192   19  224 2034.29473 1769.55857  13.0%  62.6   65s
  1474   994     cutoff   29      2034.29473 1770.99533  12.9%  63.8   70s
  1547  1007 1775.24617   24  255 2034.29473 1770.99574  12.9%  67.9   75s
  1669  1053 infeasible   32      2034.29473 1770.99574  12.9%  70.3   80s
  1967  1083 1964.38338   36  102 2034.29473 1772.82597  12.9%  67.4   85s
  2284  1073     cutoff   34      2034.29473 1775.00381  12.7%  65.4   90s
  2640  1082 1890.78996   17  158 2034.29473 1786.79515  12.2%  63.2   95s
  3278  1121 1997.97771   27  218 2034.29473 1803.13119  11.4%  58.3  100s
  3708  1228 1856.64610   21  230 2034.29473 1805.50102  11.2%  57.9  106s
  4064  1249 infeasible   23      2034.29473 1806.83451  11.2%  58.9  112s
  4198  1294 1838.74793   20   84 2034.29473 1807.21268  11.2%  60.8  115s
  4658  1540 1826.96114   22  162 2034.29473 1811.08647  11.0%  61.1  121s
  5195  1789     cutoff   18      2034.29473 1820.59375  10.5%  59.3  125s
  6502  2275 infeasible   33      2034.29473 1823.89224  10.3%  51.1  130s
  8287  3227 1877.73430   34  201 2034.29473 1824.61920  10.3%  43.1  136s
  9426  4215 2023.75950   38  152 2034.29473 1824.81750  10.3%  39.3  140s
 10375  4387 2024.28075   38  153 2034.29473 1824.86521  10.3%  37.0  149s
 10750  4816 1898.28068   42  235 2034.29473 1824.90289  10.3%  36.2  153s
 11586  5252 1982.34305   33  230 2034.29473 1825.18093  10.3%  34.9  156s
 12397  5710 1863.54226   34  248 2034.29473 1825.48919  10.3%  34.3  160s
 13275  6094 1853.29316   49   63 2034.29473 1825.76801  10.3%  33.1  166s
 15031  6676 1948.73752   31  181 2034.29473 1826.43505  10.2%  30.9  171s
 15749  7224 1968.69654   21   79 2034.29473 1827.38420  10.2%  30.8  176s
 16657  7562 1842.79202   30  249 2034.29473 1827.88022  10.1%  31.2  180s
 17422  7796 1842.16383   40  151 2034.29473 1828.56394  10.1%  31.5  185s
 18204  8330 infeasible   46      2034.29473 1829.19730  10.1%  31.6  191s
 19430  9235 1843.46599   44  219 2034.29473 1829.70509  10.1%  30.4  195s
 20973  9562 1987.57841   31  114 2034.29473 1830.82398  10.0%  28.8  245s
 20977  9565 1969.52540   40  422 2034.29473 1830.82398  10.0%  28.8  250s
 20982  9568 1953.91226   51  519 2034.29473 1830.82398  10.0%  28.8  258s
 20983  9569 1846.46446   29  525 2034.29473 1830.82398  10.0%  28.8  262s
 20984  9569 1990.41055   50  564 2034.29473 1830.82398  10.0%  28.8  266s
 20985  9570 1995.59348   36  571 2034.29473 1830.82398  10.0%  28.8  272s
 20986  9571 1950.13269   38  573 2034.29473 1830.82398  10.0%  28.8  276s
 20987  9571 1949.38685   25  577 2034.29473 1830.82398  10.0%  28.8  284s
 20988  9572 1995.89291   42  574 2034.29473 1830.82398  10.0%  28.8  288s
 20989  9573 1920.10314   38  583 2034.29473 1830.82398  10.0%  28.8  295s
 20991  9574 1999.97960   59  575 2034.29473 1830.82398  10.0%  28.8  308s
 20992  9575 1998.40549   51  602 2034.29473 1830.82398  10.0%  28.8  313s
 20993  9575 1863.63814   42  609 2034.29473 1830.82398  10.0%  28.8  319s
 20994  9576 1865.31522   24  602 2034.29473 1830.82398  10.0%  28.8  324s
 20995  9577 1859.37950   51  611 2034.29473 1830.82398  10.0%  28.8  335s
 20996  9577 1989.72388   36  609 2034.29473 1830.82398  10.0%  28.8  340s
 20997  9578 2021.34141   43  613 2034.29473 1830.82398  10.0%  28.8  347s
 20998  9579 1891.36060   23  601 2034.29473 1830.82398  10.0%  28.8  352s
 20999  9579 1969.50922   47  613 2034.29473 1830.82398  10.0%  28.8  360s
 21000  9580 2016.97203   39  604 2034.29473 1830.82398  10.0%  28.8  365s
 21001  9581 1947.22147   37  617 2034.29473 1830.82398  10.0%  28.8  374s
 21002  9581 1978.37128   31  602 2034.29473 1830.82398  10.0%  28.8  380s
 21003  9582 1865.38007   32  615 2034.29473 1830.82398  10.0%  28.7  388s
 21004  9583 1981.62167   44  609 2034.29473 1830.82398  10.0%  28.7  393s
 21005  9583 2025.87522   46  613 2034.29473 1830.82398  10.0%  28.7  401s
 21006  9584 1911.95999   28  606 2034.29473 1830.82398  10.0%  28.7  405s
 21007  9585 1977.73150   45  616 2034.29473 1830.82398  10.0%  28.7  413s
 21008  9585 1850.21844   32  613 2034.29473 1830.82398  10.0%  28.7  419s
 21009  9586 2019.61110   30  619 2034.29473 1830.82398  10.0%  28.7  423s
 21011  9587 1974.16728   49  619 2034.29473 1830.82398  10.0%  28.7  427s
 21013  9589 1862.26198   32  623 2034.29473 1830.82398  10.0%  28.7  432s
 21014  9589 2018.01119   27  620 2034.29473 1830.82398  10.0%  28.7  437s
 21016  9591 1996.32613   75  626 2034.29473 1830.82398  10.0%  28.7  441s
 21018  9592 1965.54996   36  625 2034.29473 1830.82398  10.0%  28.7  445s
 21020  9593 1984.69114   30  624 2034.29473 1830.82398  10.0%  28.7  450s
 21022  9595 1949.00515   36  624 2034.29473 1830.82398  10.0%  28.7  455s
 21027  9603 1830.82398   21  147 2034.29473 1830.82398  10.0%  29.6  460s
 21081  9625 1997.65382   32   52 2034.29473 1830.82398  10.0%  29.9  468s
 21126  9634 1868.43913   27  199 2034.29473 1830.82398  10.0%  29.9  470s
 21241  9634 1830.82398   29  194 2034.29473 1830.82398  10.0%  30.0  475s
 21319  9641 1850.35324   32  229 2034.29473 1830.82398  10.0%  30.3  480s
 21380  9640     cutoff   35      2034.29473 1830.82398  10.0%  30.4  485s
 21494  9650 1830.82398   36  170 2034.29473 1830.82398  10.0%  30.6  490s
 21548  9654 1995.30130   50    4 2034.29473 1830.82398  10.0%  30.6  495s
 21650  9659 1990.63256   41   39 2034.29473 1830.82398  10.0%  30.8  501s
 21715  9670 infeasible   46      2034.29473 1830.82398  10.0%  30.9  505s
 21822  9672     cutoff   36      2034.29473 1830.82398  10.0%  30.9  510s
 21975  9688 1896.47386   35  315 2034.29473 1830.82398  10.0%  31.1  516s
 22402  9679 1830.82398   25  166 2034.29473 1830.82398  10.0%  31.2  521s
 22673  9595 1928.00872   28    5 2034.29473 1830.82398  10.0%  31.2  525s
 22788  9705 1980.54880   39   44 2034.29473 1830.82398  10.0%  31.3  531s
 23478  9769 1830.82398   31  112 2034.29473 1830.82398  10.0%  31.4  536s
 23989  9788 2000.57612   65  144 2034.29473 1830.82398  10.0%  31.3  540s
 24901  9688 1830.82398   31  276 2034.29473 1830.82398  10.0%  31.1  546s
 25188  9774 1937.91872   32   13 2034.29473 1830.82398  10.0%  31.7  551s
 25567  9762 1946.36664   31    4 2034.29473 1830.82398  10.0%  32.4  555s
 26096  9990 1830.82398   36   95 2034.29473 1830.82398  10.0%  33.5  561s
 26701 10032     cutoff   55      2034.29473 1830.82398  10.0%  34.1  565s
 27289 10033 1913.86351   40  116 2034.29473 1830.82398  10.0%  35.4  571s
 27770 10022 1830.82398   44  191 2034.29473 1830.82398  10.0%  36.3  577s
 27962 10042     cutoff   48      2034.29473 1830.82398  10.0%  37.0  580s
 28312 10129 1830.82398   33  223 2034.29473 1830.82398  10.0%  37.9  585s
 29180 10085 1852.35335   35   77 2034.29473 1830.82398  10.0%  39.3  592s
 29266 10314 1912.38409   37  275 2034.29473 1830.82398  10.0%  39.5  596s
 29816 10439 1983.09703   46   95 2034.29473 1830.82398  10.0%  40.1  600s
 30409 10265 infeasible   57      2034.29473 1830.82398  10.0%  40.7  606s
 30497 10611 1830.82398   34  203 2034.29473 1830.82398  10.0%  40.9  610s
 31340 10941 1960.97055   41  155 2034.29473 1830.82398  10.0%  41.3  625s
 32674 10524 1851.60038   42  197 2034.29473 1830.82398  10.0%  42.1  630s
 33194 10797 1854.81549   41   77 2034.29473 1830.82398  10.0%  42.4  635s
 34213 11000 1953.91990   51   88 2034.29473 1830.82398  10.0%  42.9  642s
 34826 11065 1862.53615   45   77 2034.29473 1830.82398  10.0%  42.8  646s
 35462 11146 1996.45969   52  253 2034.29473 1830.82398  10.0%  43.0  650s
 36536 11217 1902.62724   45  392 2034.29473 1830.82398  10.0%  43.0  656s
 37540 11221 infeasible   75      2034.29473 1830.82398  10.0%  43.5  661s
 38208 11308 1830.82398   46  230 2034.29473 1830.82398  10.0%  43.6  666s
 38813 11337 2021.85104   50  157 2034.29473 1830.82398  10.0%  43.9  671s
 39592 11283 1955.99187   50  131 2034.29473 1830.82398  10.0%  44.0  676s
 40064 11397     cutoff   54      2034.29473 1830.82398  10.0%  43.9  681s
 40735 11437 1991.07884   45   67 2034.29473 1830.82398  10.0%  44.0  686s
 41498 11497 infeasible   59      2034.29473 1830.82398  10.0%  44.0  691s
 41656 11950 1988.82636   62    4 2034.29473 1830.82398  10.0%  43.9  705s
 43516 11625 2000.34228   64  290 2034.29473 1830.82398  10.0%  43.8  710s
 43938 11639 1976.46041   57   60 2034.29473 1830.82398  10.0%  44.0  716s
 44672 11503 infeasible   42      2034.29473 1830.82398  10.0%  44.0  720s
 45243 11719 1994.06101   58  174 2034.29473 1831.05684  10.0%  44.0  725s
 46391 11689 infeasible   42      2034.29473 1832.04874  9.94%  43.8  731s
 47007 11711 infeasible   57      2034.29473 1833.04129  9.89%  44.0  735s
 48061 11680 1972.78893   50   29 2034.29473 1834.73068  9.81%  44.1  742s
 48664 11656     cutoff   57      2034.29473 1836.09166  9.74%  44.6  746s
 49250 11823 2009.85609   51  223 2034.29473 1836.97011  9.70%  44.6  751s
 49861 11907 1950.04692   49   62 2034.29473 1838.45738  9.63%  44.7  755s
 51329 12322 1967.28242   55  138 2034.29473 1840.92821  9.51%  44.3  761s
 51739 12471 2030.40374   59   13 2034.29473 1841.23666  9.49%  44.4  765s
 52107 12558 1999.66572   43  164 2034.29473 1841.60848  9.47%  44.6  778s
 52371 13059 1980.01972   53   91 2034.29473 1841.74253  9.47%  44.6  785s
 54132 13214     cutoff   61      2034.29473 1844.60499  9.32%  44.4  791s
 54780 13431 1883.12349   47  183 2034.29473 1845.20660  9.30%  44.5  795s
 55380 13706 infeasible   38      2034.29473 1845.66258  9.27%  44.6  802s
 55913 13838 1848.86656   32   58 2034.29473 1845.92398  9.26%  44.8  806s
 56460 13996 infeasible   66      2034.29473 1846.21209  9.25%  45.1  811s
 57062 14205     cutoff   47      2034.29473 1846.70374  9.22%  45.2  817s
 57691 14473 infeasible   53      2034.29473 1847.24979  9.19%  45.3  823s
 58251 14522 1966.52138   38   69 2034.29473 1847.84557  9.17%  45.3  825s
 58862 14741 1969.11308   42    4 2034.29473 1848.09096  9.15%  45.5  830s
 59400 14936 1951.41353   45  278 2034.29473 1848.69102  9.12%  45.7  835s
 60249 15117 2010.76396   49  155 2034.29473 1849.72024  9.07%  46.0  842s
 60369 15131 1970.69477   49   53 2034.29473 1849.86386  9.07%  46.0  847s
 60422 15217 infeasible   51      2034.29473 1849.86386  9.07%  46.0  850s
 61015 15335 1979.17813   40    3 2034.29473 1850.21975  9.05%  46.0  856s
 61126 15523     cutoff   47      2034.29473 1850.81503  9.02%  46.1  860s
 62033 15833 2018.45645   52   40 2034.29473 1851.36933  8.99%  46.4  866s
 62487 15990 1967.12791   46   82 2034.29473 1851.66522  8.98%  46.4  880s
 63233 16285 1906.20489   49  202 2034.29473 1851.96973  8.96%  46.8  888s
 63930 16346 1967.74646   41   37 2034.29473 1852.38161  8.94%  46.9  891s
 64095 16501 2027.72912   45  131 2034.29473 1852.51552  8.94%  46.9  895s
 65183 16694 1948.52186   41   74 2034.29473 1852.92756  8.92%  47.3  901s
 65322 16840 1943.98106   49  148 2034.29473 1853.39555  8.89%  47.3  905s
 66226 17040 1960.67912   63   78 2034.29473 1854.09906  8.86%  47.8  911s
 66898 17276 infeasible   58      2034.29473 1854.52844  8.84%  48.1  917s
 67024 17487 1952.20648   56   64 2034.29473 1854.81549  8.82%  48.1  921s
 68257 17729 1869.00899   51  263 2034.29473 1855.43662  8.79%  48.5  927s
 68361 17908 2013.94702   53  102 2034.29473 1855.50326  8.79%  48.5  930s
 69573 18226     cutoff   63      2034.29473 1856.22973  8.75%  48.7  937s
 69866 18408 1858.84817   40  202 2034.29473 1856.60552  8.73%  48.7  940s
 70978 18648     cutoff   56      2034.29473 1857.34932  8.70%  48.9  945s
 71862 19112 1894.84692   53  324 2034.29473 1857.93837  8.67%  48.9  951s
 72564 19407 1971.10567   49    5 2034.29473 1858.43159  8.64%  49.0  956s
 73275 19504 infeasible   53      2034.29473 1858.63032  8.64%  49.0  967s
 73600 19882 infeasible   75      2034.29473 1858.99462  8.62%  48.9  971s
 74735 20105 1994.77381   55   54 2034.29473 1859.36376  8.60%  49.1  976s
 75367 20375 1942.24532   45  115 2034.29473 1859.51004  8.59%  49.1  980s
 76062 20554 1964.91260   59  116 2034.29473 1859.90103  8.57%  49.1  986s
 76786 20665     cutoff   45      2034.29473 1860.28313  8.55%  49.2  990s
 77285 20820 2026.79165   70   41 2034.29473 1860.33898  8.55%  49.2  995s
 78055 21203 2029.22616   72  145 2034.29473 1860.76012  8.53%  49.2 1001s
 78591 21488 1957.87674   53   33 2034.29473 1860.94285  8.52%  49.2 1006s
 79773 21698 1895.84514   41   82 2034.29473 1861.63144  8.49%  49.1 1011s
 80514 22026     cutoff   43      2034.29473 1861.79849  8.48%  49.1 1016s
 81149 22307     cutoff   46      2034.29473 1862.11070  8.46%  49.1 1021s
 81920 22457 1963.14749   52   23 2034.29473 1862.48262  8.45%  49.0 1026s
 82713 22730 1958.98005   54  195 2034.29473 1862.91939  8.42%  49.0 1031s
 83413 22969     cutoff   53      2034.29473 1863.37368  8.40%  49.0 1036s
 83974 23103 infeasible   40      2034.29473 1863.63423  8.39%  49.0 1048s
 84418 23371 1865.41977   42   36 2034.29473 1863.84429  8.38%  49.0 1051s
 85256 23505 2001.95527   41  187 2034.29473 1864.14054  8.36%  49.1 1057s
 85866 23610 1983.53873   51   97 2034.29473 1864.35737  8.35%  49.2 1062s
 86349 23717 1968.30815   54  136 2034.29473 1864.44078  8.35%  49.4 1067s
 86418 23777 1992.18159   44   79 2034.29473 1864.48535  8.35%  49.4 1070s
 86696 23815 2018.46284   50  125 2034.29473 1864.57287  8.34%  49.4 1076s
 86789 24024 1939.94354   50   37 2034.29473 1864.57287  8.34%  49.5 1080s
 87499 24218 2009.17829   57  175 2034.29473 1864.81758  8.33%  49.5 1086s
 88095 24235 1994.25007   42   49 2034.29473 1865.05012  8.32%  49.6 1090s
 89026 24783 infeasible   47      2034.29473 1865.31454  8.31%  49.7 1096s
 89871 25007 1866.98424   39   47 2034.29473 1865.59486  8.29%  49.6 1101s
 91045 25183 1989.18726   45   24 2034.29473 1865.82143  8.28%  49.7 1106s
 91817 25576 1977.77676   71   88 2034.29473 1866.06120  8.27%  49.7 1112s
 92462 25608     cutoff   57      2034.29473 1866.25304  8.26%  49.7 1115s
 93074 25795 2002.49920   56  105 2034.29473 1866.47571  8.25%  49.8 1120s
 93694 25983 infeasible   55      2034.29473 1866.57160  8.24%  49.8 1127s
 93929 26203 1995.39829   61   44 2034.29473 1866.66171  8.24%  49.8 1130s
 94583 26241 infeasible   51      2034.29473 1866.73480  8.24%  49.9 1143s
 94809 26623 2014.46063   44  147 2034.29473 1866.80521  8.23%  49.8 1150s
 96386 26793 infeasible   50      2034.29473 1867.45189  8.20%  49.9 1156s
 97072 26971     cutoff   56      2034.29473 1867.68869  8.19%  49.9 1161s
 97770 27228     cutoff   76      2034.29473 1868.33833  8.16%  50.0 1166s
 98488 27416     cutoff   64      2034.29473 1868.74046  8.14%  50.0 1171s
 99557 27591 infeasible   53      2034.29473 1869.33158  8.11%  50.0 1176s
 100175 27838 2023.99439   61   40 2034.29473 1869.85522  8.08%  50.0 1181s
 100729 28052 2029.61669   61  139 2034.29473 1870.13648  8.07%  50.0 1186s
 101450 28275     cutoff   58      2034.29473 1870.67602  8.04%  50.0 1192s
 102315 28451 2022.40194   69   74 2034.29473 1871.48725  8.00%  50.0 1196s
 103023 28595 infeasible   56      2034.29473 1871.84953  7.99%  50.0 1201s
 103405 28744 infeasible   30      2034.29473 1872.13695  7.97%  50.1 1205s
 103956 28987 infeasible   58      2034.29473 1872.72414  7.94%  50.1 1211s
 104303 29108 1943.71153   47  175 2034.29473 1872.82491  7.94%  50.2 1215s
 104920 29172 infeasible   57      2034.29473 1872.91182  7.93%  50.3 1229s
 105077 29565 2017.40536   43  111 2034.29473 1873.02416  7.93%  50.3 1237s
 106378 29576 infeasible   36      2034.29473 1873.49019  7.90%  50.5 1240s
 106476 29847 1981.99276   38  276 2034.29473 1873.49019  7.90%  50.6 1248s
 107210 29911 1952.40126   43  195 2034.29473 1873.73759  7.89%  50.7 1251s
 107714 30193 1945.19791   41   77 2034.29473 1873.84839  7.89%  50.8 1257s
 107972 30239 1875.81963   36  115 2034.29473 1873.94116  7.88%  51.0 1261s
 108126 30639 1928.64390   38  282 2034.29473 1873.94116  7.88%  51.0 1265s
 109216 30910     cutoff   57      2034.29473 1874.17123  7.87%  51.0 1270s
 110168 31127 1899.58294   48   81 2034.29473 1874.33474  7.86%  51.1 1275s
 110669 31543 1933.44352   69  345 2034.29473 1874.47638  7.86%  51.3 1282s
 111479 31813 2023.87796   80   27 2034.29473 1874.61864  7.85%  51.3 1285s
 112710 32194 1979.35712   39  389 2034.29473 1874.81125  7.84%  51.4 1291s
 113201 32477     cutoff   66      2034.29473 1874.82777  7.84%  51.5 1297s
 113920 32694 1940.54365   48   84 2034.29473 1874.95626  7.83%  51.5 1303s
 114479 32784 1941.40148   37  109 2034.29473 1875.10386  7.83%  51.5 1306s
 114815 32955     cutoff   64      2034.29473 1875.11738  7.82%  51.5 1312s
 115281 33257 2031.57648   62   99 2034.29473 1875.25624  7.82%  51.7 1326s
 116025 33507 1912.06214   43  213 2034.29473 1875.35885  7.81%  51.7 1332s
 116864 33727 2027.71609   54   92 2034.29473 1875.54986  7.80%  51.7 1337s
 117555 33902 infeasible   44      2034.29473 1875.63222  7.80%  51.7 1343s
 118040 33951 infeasible   47      2034.29473 1875.73089  7.79%  51.7 1345s
 118708 34186 2018.42394   54  237 2034.29473 1875.83605  7.79%  51.8 1351s
 119388 34434 1980.45159   41  163 2034.29473 1875.91204  7.79%  51.8 1356s
 120056 34703     cutoff   63      2034.29473 1876.00401  7.78%  51.9 1361s
 120600 35185 infeasible   66      2034.29473 1876.04482  7.78%  51.9 1366s
 121447 35512 1880.23960   44  238 2034.29473 1876.15530  7.77%  51.9 1371s
 122348 35731 infeasible   49      2034.29473 1876.25875  7.77%  51.8 1377s
 122435 36112 1954.22226   56  187 2034.29473 1876.28135  7.77%  51.8 1380s
 123899 36570 infeasible   58      2034.29473 1876.36450  7.76%  51.7 1385s
 124916 37144 1979.19844   60   14 2034.29473 1876.46091  7.76%  51.6 1391s
 125468 37460 1994.05401   57  146 2034.29473 1876.47634  7.76%  51.6 1396s
 125987 37815 1995.23432   49  148 2034.29473 1876.50691  7.76%  51.6 1410s
 127142 38051     cutoff   46      2034.29473 1876.62993  7.75%  51.6 1417s
 127752 38268     cutoff   69      2034.29473 1876.70917  7.75%  51.7 1421s
 127802 38553 2018.77525   53   94 2034.29473 1876.72148  7.75%  51.7 1425s
 128958 38769 1924.00661   57  217 2034.29473 1876.80936  7.74%  51.7 1430s
 129486 39136     cutoff   53      2034.29473 1876.83855  7.74%  51.7 1435s
 130490 39436 1948.96012   44   64 2034.29473 1876.90687  7.74%  51.7 1440s
 130979 39786 1949.55025   59  219 2034.29473 1876.92004  7.74%  51.8 1445s
 131545 40039 2028.82686   61    4 2034.29473 1876.97547  7.73%  51.8 1450s
 132199 40503 2005.38364   60  154 2034.29473 1877.01198  7.73%  51.8 1455s
 132860 40865 1986.67512   49   78 2034.29473 1877.01198  7.73%  51.7 1461s
 134094 41208 infeasible   51      2034.29473 1877.13821  7.73%  51.7 1465s
 134798 41719 infeasible   54      2034.29473 1877.22703  7.72%  51.7 1470s
 135685 42170 1913.09441   52  235 2034.29473 1877.30055  7.72%  51.6 1475s
 136248 42315     cutoff   70      2034.29473 1877.33160  7.72%  51.6 1486s
 136542 42818     cutoff   76      2034.29473 1877.35800  7.71%  51.5 1490s
 138442 43219 2020.16179   64  138 2034.29473 1877.48494  7.71%  51.5 1496s
 138778 43323 1929.98341   30  248 2034.29473 1877.50198  7.71%  51.5 1500s
 138862 43507 1930.59346   33  230 2034.29473 1877.50198  7.71%  51.5 1506s
 139765 43911 infeasible   47      2034.29473 1877.55030  7.71%  51.5 1511s
 140645 44450 2031.14333   70    4 2034.29473 1877.62537  7.70%  51.5 1516s
 141334 44856 1921.06993   59  219 2034.29473 1877.65954  7.70%  51.4 1521s
 142022 45037 1935.38945   50  265 2034.29473 1877.72801  7.70%  51.5 1526s
 142775 45497 1996.87804   56  130 2034.29473 1877.77811  7.69%  51.5 1532s
 143536 45874     cutoff   60      2034.29473 1877.81948  7.69%  51.5 1536s
 144655 46111 infeasible   43      2034.29473 1877.89033  7.69%  51.5 1540s
 145330 46508 1958.30493   40  161 2034.29473 1877.94550  7.69%  51.5 1545s
 146401 46938 2016.67480   49  169 2034.29473 1877.99276  7.68%  51.6 1552s
 146862 46996 1996.75671   52   66 2034.29473 1878.04125  7.68%  51.6 1565s
 147007 48321 1960.65812   46   13 2034.29473 1878.04390  7.68%  51.7 1577s
 149883 48408     cutoff   55      2034.29473 1878.20373  7.67%  51.5 1581s
 150430 48766 1880.65555   50   97 2034.29473 1878.24245  7.67%  51.5 1585s
 150932 49024 2005.37589   62   53 2034.29473 1878.27483  7.67%  51.6 1591s
 152019 49635 1937.58602   56   73 2034.29473 1878.32391  7.67%  51.6 1596s
 153121 50147 2001.34175   52   33 2034.29473 1878.35188  7.67%  51.5 1602s
 153498 50148 1992.88262   47  133 2034.29473 1878.40251  7.66%  51.5 1605s
 153778 50332 1878.90608   46  189 2034.29473 1878.40796  7.66%  51.5 1610s
 154171 50519 1879.13633   47  189 2034.29473 1878.41739  7.66%  51.5 1615s
 154922 50941 1916.53238   49  190 2034.29473 1878.45259  7.66%  51.5 1621s
 155391 51116 1879.36658   48  189 2034.29473 1878.49964  7.66%  51.5 1626s
 155788 51311 1879.59683   49  189 2034.29473 1878.52618  7.66%  51.5 1631s
 156835 51820 1963.44064   46  175 2034.29473 1878.59739  7.65%  51.4 1635s
 157598 52323 2023.24637   54   39 2034.29473 1878.62196  7.65%  51.4 1649s
 158130 52349     cutoff   60      2034.29473 1878.65408  7.65%  51.4 1652s
 158183 52800 2012.93030   43   68 2034.29473 1878.65455  7.65%  51.4 1655s
 159783 53267 2022.90785   49   96 2034.29473 1878.74618  7.65%  51.4 1661s
 160895 53893 1968.67778   64  143 2034.29473 1878.81555  7.64%  51.3 1667s
 161514 54203 2003.65952   56   80 2034.29473 1878.83324  7.64%  51.3 1671s
 162318 54436 2012.44647   58  164 2034.29473 1878.89375  7.64%  51.3 1675s
 163116 54666 infeasible   45      2034.29473 1878.91811  7.64%  51.4 1681s
 163900 55319     cutoff   50      2034.29473 1878.95604  7.64%  51.3 1685s
 164620 55794 1964.74675   53   57 2034.29473 1878.98300  7.63%  51.3 1690s
 165358 55799 infeasible   83      2034.29473 1879.04136  7.63%  51.3 1695s
 165451 55970 2031.14939   57  132 2034.29473 1879.05894  7.63%  51.2 1701s
 166026 56196     cutoff   73      2034.29473 1879.07551  7.63%  51.2 1705s
 167383 56838 1896.12086   69  188 2034.29473 1879.13854  7.63%  51.1 1711s
 168184 57376 1896.56739   60  250 2034.29473 1879.17050  7.63%  51.0 1724s
 168518 57690 1948.73000   51  171 2034.29473 1879.18202  7.62%  51.0 1728s
 169307 58207 1934.98629   57  189 2034.29473 1879.23546  7.62%  51.0 1732s
 170559 58737 1957.60902   59  272 2034.29473 1879.29321  7.62%  51.0 1736s
 171213 58975 1974.22564   72  174 2034.29473 1879.31532  7.62%  51.0 1740s
 172446 59421 2015.49432   44   98 2034.29473 1879.38434  7.61%  50.9 1746s
 173220 59726 infeasible   47      2034.29473 1879.41366  7.61%  51.0 1750s
 173814 60191 1939.76921   51  328 2034.29473 1879.44233  7.61%  51.0 1755s
 174552 60648 infeasible   44      2034.29473 1879.47075  7.61%  50.9 1760s
 176007 61019 2014.26067   39   79 2034.29473 1879.58873  7.60%  50.9 1767s
 176730 61550 1961.36128   54  328 2034.29473 1879.62842  7.60%  50.8 1771s
 177207 61611 infeasible   53      2034.29473 1879.65547  7.60%  50.8 1775s
 177865 62184 1888.27962   35  340 2034.29473 1879.68443  7.60%  50.8 1780s
 178461 62445 2029.34119   60    9 2034.29473 1879.71057  7.60%  50.8 1793s
 179099 62507 1887.74127   47  197 2034.29473 1879.75282  7.60%  50.8 1795s
 179920 63029 1931.69664   47  305 2034.29473 1879.78068  7.60%  50.8 1800s
 180654 63383 1901.64882   51  185 2034.29473 1879.80739  7.59%  50.7 1806s
 181526 63940     cutoff   54      2034.29473 1879.87442  7.59%  50.7 1811s
 182422 64218     cutoff   53      2034.29473 1879.93125  7.59%  50.6 1815s
 183519 64873 2028.89907   57    9 2034.29473 1879.99177  7.59%  50.6 1822s
 184691 65141     cutoff   76      2034.29473 1880.05638  7.58%  50.6 1826s
 185205 65430     cutoff   67      2034.29473 1880.08691  7.58%  50.6 1830s
 185845 65875     cutoff   52      2034.29473 1880.13062  7.58%  50.6 1835s
 186370 66106 1892.64287   49   89 2034.29473 1880.16069  7.58%  50.6 1840s
 186804 66452 2009.10831   53   72 2034.29473 1880.18147  7.58%  50.7 1845s
 187942 66868     cutoff   68      2034.29473 1880.25716  7.57%  50.6 1850s
 188923 67261     cutoff   61      2034.29473 1880.29926  7.57%  50.5 1866s
 189129 68061     cutoff   59      2034.29473 1880.30161  7.57%  50.5 1872s
 190908 68245     cutoff   58      2034.29473 1880.39588  7.57%  50.5 1876s
 192010 68975 1941.58580   67   74 2034.29473 1880.48323  7.56%  50.4 1881s
 192908 69315 infeasible   42      2034.29473 1880.55302  7.56%  50.3 1885s
 194097 69654 2008.42828   58   69 2034.29473 1880.62309  7.55%  50.2 1891s
 194469 69837 1903.99213   82  210 2034.29473 1880.64505  7.55%  50.3 1895s
 195135 70323 1948.39802   57  139 2034.29473 1880.69401  7.55%  50.3 1901s
 195604 70691 2020.59135   56  193 2034.29473 1880.70875  7.55%  50.3 1905s
 197170 71235 2021.82150   41  108 2034.29473 1880.79927  7.55%  50.1 1911s
 197925 71544     cutoff   54      2034.29473 1880.83286  7.54%  50.1 1915s
 198865 72255 2021.38107   57  199 2034.29473 1880.92661  7.54%  50.1 1921s
 199559 72599 1896.23065   50  257 2034.29473 1880.95234  7.54%  50.0 1932s
 200351 72931 1928.64360   50   97 2034.29473 1880.97498  7.54%  50.0 1936s
 201373 73285 1981.96046   58   96 2034.29473 1881.04320  7.53%  50.0 1940s
 202537 73979 1882.42840   55  256 2034.29473 1881.11917  7.53%  49.9 1946s
 203331 74351 1980.68852   55   53 2034.29473 1881.14287  7.53%  49.9 1951s
 203846 74462 1970.26225   60  168 2034.29473 1881.18430  7.53%  49.8 1956s
 204148 74977     cutoff   73      2034.29473 1881.19662  7.53%  49.8 1961s
 204918 75255 1988.14583   56  184 2034.29473 1881.22786  7.52%  49.8 1965s
 205997 75653     cutoff   68      2034.29473 1881.28972  7.52%  49.7 1970s
 206717 76175 1946.10506   63  171 2034.29473 1881.32970  7.52%  49.7 1975s
 207343 76541 1977.17880   43  185 2034.29473 1881.36721  7.52%  49.7 1980s
 208547 77178 1977.97078   60  170 2034.29473 1881.43216  7.51%  49.6 1986s
 209633 77483     cutoff   54      2034.29473 1881.50277  7.51%  49.6 1990s
 210140 77863 1970.59675   61  317 2034.29473 1881.53638  7.51%  49.6 2005s
 210795 78108 1951.46948   53  255 2034.29473 1881.57048  7.51%  49.6 2011s
 211805 78631 2012.61970   67   86 2034.29473 1881.62610  7.50%  49.6 2018s
 212636 78634 1986.95519   55    4 2034.29473 1881.66087  7.50%  49.6 2021s
 213307 79017     cutoff   65      2034.29473 1881.68571  7.50%  49.5 2026s
 214153 79461 1928.75526   47  112 2034.29473 1881.74959  7.50%  49.5 2031s
 215195 79730 1914.69403   58  239 2034.29473 1881.80258  7.50%  49.5 2036s
 215957 79890 1983.49680   57   89 2034.29473 1881.84582  7.49%  49.5 2042s
 216083 80193 2006.83524   51  169 2034.29473 1881.86801  7.49%  49.5 2045s
 217271 80727 2002.18009   57   85 2034.29473 1881.92844  7.49%  49.5 2052s
 217715 80899 infeasible   61      2034.29473 1881.94829  7.49%  49.5 2055s
 218308 80999 1903.40765   57  218 2034.29473 1881.99065  7.49%  49.5 2061s
 218316 81025 1903.75805   59  219 2034.29473 1882.00296  7.49%  49.5 2065s
 218739 81448     cutoff   75      2034.29473 1882.02823  7.48%  49.5 2070s
 219999 81913     cutoff   70      2034.29473 1882.13584  7.48%  49.5 2076s
 220675 82319 1884.24577   48  228 2034.29473 1882.20537  7.48%  49.5 2090s
 221316 82720 infeasible   47      2034.29473 1882.25122  7.47%  49.6 2097s
 222730 82975 1992.78560   48   61 2034.29473 1882.32924  7.47%  49.5 2101s
 223400 83202 1974.70783   54   38 2034.29473 1882.37247  7.47%  49.5 2106s
 224061 83597 infeasible   66      2034.29473 1882.40722  7.47%  49.5 2110s
 224879 84057 1894.79801   56   77 2034.29473 1882.47956  7.46%  49.5 2117s
 225684 84528 1990.47024   51  184 2034.29473 1882.51434  7.46%  49.5 2122s
 226511 84905     cutoff   50      2034.29473 1882.55995  7.46%  49.5 2126s
 227563 85082 1985.89081   46   34 2034.29473 1882.64959  7.45%  49.5 2131s
 228146 85367 2002.41881   62  207 2034.29473 1882.71087  7.45%  49.5 2137s
 228639 85647 2022.75308   46  118 2034.29473 1882.76898  7.45%  49.5 2141s
 229206 85929     cutoff   56      2034.29473 1882.80006  7.45%  49.5 2146s
 230409 86251 infeasible   41      2034.29473 1882.87804  7.44%  49.5 2151s
 230943 86661 2017.18150   83  184 2034.29473 1882.88789  7.44%  49.5 2168s
 231606 86673 infeasible   57      2034.29473 1882.97806  7.44%  49.5 2170s
 232337 87024 infeasible   48      2034.29473 1883.06695  7.43%  49.5 2176s
 233138 87213 infeasible   47      2034.29473 1883.11313  7.43%  49.4 2180s
 234134 87742 1884.41623   68  257 2034.29473 1883.26571  7.42%  49.4 2187s
 234590 87949 infeasible   52      2034.29473 1883.30262  7.42%  49.4 2192s
 235608 88220 1991.56698   48  245 2034.29473 1883.45894  7.41%  49.4 2196s
 236290 88444 2027.18245   66    4 2034.29473 1883.53956  7.41%  49.5 2200s
 236994 88877 1983.91364   51    7 2034.29473 1883.73049  7.40%  49.4 2205s
 237610 89116     cutoff   56      2034.29473 1883.78349  7.40%  49.5 2210s
 238765 89628     cutoff   74      2034.29473 1883.88415  7.39%  49.5 2216s
 239629 89904 1916.86767   56  195 2034.29473 1884.06744  7.38%  49.5 2221s
 240359 90110     cutoff   78      2034.29473 1884.16331  7.38%  49.5 2227s
 240469 90270 1921.56860   56   84 2034.29473 1884.16331  7.38%  49.5 2230s
 240884 90274 1941.32277   38  294 2034.29473 1884.30494  7.37%  49.6 2235s
 240964 90427 2031.43476   42  194 2034.29473 1884.33613  7.37%  49.6 2240s
 241314 90545     cutoff   67      2034.29473 1884.39400  7.37%  49.6 2252s
 241597 91076 infeasible   60      2034.29473 1884.46677  7.37%  49.5 2257s
 242900 91308 2029.51147   62   66 2034.29473 1884.64902  7.36%  49.5 2261s
 243885 91504     cutoff   74      2034.29473 1884.78185  7.35%  49.5 2266s
 244476 91843 infeasible   41      2034.29473 1884.90082  7.34%  49.5 2271s
 244885 92045 infeasible   76      2034.29473 1884.93958  7.34%  49.6 2275s
 245681 92469 2012.58359   40   61 2034.29473 1885.04289  7.34%  49.6 2280s
 246875 92964 2026.77639   79   35 2034.29473 1885.19399  7.33%  49.5 2287s
 247563 93160 1940.76108   43  183 2034.29473 1885.30712  7.32%  49.5 2292s
 248344 93603 1987.38206   76   34 2034.29473 1885.39461  7.32%  49.5 2296s
 249191 93955 1952.86699   52  230 2034.29473 1885.54651  7.31%  49.5 2301s
 250042 94111 1974.31615   42  214 2034.29473 1885.66436  7.31%  49.5 2305s
 250739 94389 infeasible   50      2034.29473 1885.80842  7.30%  49.5 2311s
 251615 94669 1969.51242   58  120 2034.29473 1885.95616  7.29%  49.6 2326s
 251839 95268 1902.94163   69   52 2034.29473 1885.96731  7.29%  49.5 2332s
 253400 95536 2031.71944   71  128 2034.29473 1886.06697  7.29%  49.5 2337s
 254205 95730     cutoff   60      2034.29473 1886.20058  7.28%  49.5 2341s
 255206 96120 infeasible   61      2034.29473 1886.34545  7.27%  49.5 2346s
 255852 96484 1998.18394   44  142 2034.29473 1886.39109  7.27%  49.5 2351s
 256343 96709 1993.75935   74  182 2034.29473 1886.45279  7.27%  49.5 2356s
 256882 96975 2002.53192   56  159 2034.29473 1886.56270  7.26%  49.6 2362s
 257527 97193 2023.96381   64  150 2034.29473 1886.63961  7.26%  49.5 2366s
 258295 97286 2032.81695   89   53 2034.29473 1886.78222  7.25%  49.6 2371s
 258945 97537     cutoff   58      2034.29473 1886.89968  7.25%  49.6 2375s
 259602 97801 1900.78202   49   71 2034.29473 1887.03545  7.24%  49.6 2380s
 260359 98140 2023.32522   68  131 2034.29473 1887.12036  7.23%  49.7 2386s
 261481 98389 1976.11024   72  239 2034.29473 1887.26669  7.23%  49.7 2392s
 262199 98686 infeasible   68      2034.29473 1887.37763  7.22%  49.7 2406s
 263311 98949 infeasible  145      2034.29473 1887.54104  7.21%  49.7 2412s
 263807 99180 2013.36402   35   78 2034.29473 1887.60010  7.21%  49.7 2416s
 264243 99491     cutoff   36      2034.29473 1887.69407  7.21%  49.7 2422s
 265031 99581 2028.49805   68   37 2034.29473 1887.86436  7.20%  49.7 2425s
 265982 99995 2016.90210   63  137 2034.29473 1888.00981  7.19%  49.7 2430s
 266885 100259 2032.66051   69  105 2034.29473 1888.15805  7.18%  49.7 2435s
 267619 100485     cutoff   59      2034.29473 1888.33997  7.17%  49.7 2440s
 268381 100875 1981.45242   56    9 2034.29473 1888.48225  7.17%  49.7 2446s
 269217 101047 2025.27392   62  164 2034.29473 1888.64803  7.16%  49.7 2451s
 269956 101373 2022.61808   56  251 2034.29473 1888.78724  7.15%  49.7 2456s
 270292 101601 1964.04340   56    7 2034.29473 1888.87069  7.15%  49.6 2460s
 271431 101805 infeasible   72      2034.29473 1889.06307  7.14%  49.6 2465s
 272082 102052 infeasible   68      2034.29473 1889.25583  7.13%  49.7 2472s
 272520 102091 infeasible   61      2034.29473 1889.29811  7.13%  49.7 2484s
 272617 102928     cutoff   64      2034.29473 1889.31082  7.13%  49.7 2494s
 274950 102928     cutoff   53      2034.29473 1889.61077  7.11%  49.8 2496s
 275161 103128     cutoff   51      2034.29473 1889.82526  7.10%  49.8 2501s
 275920 103372 1954.07531   63  152 2034.29473 1889.93574  7.10%  49.8 2507s
 276415 103435 2020.25023   47  127 2034.29473 1890.04955  7.09%  49.9 2510s
 277256 103841 infeasible   44      2034.29473 1890.20726  7.08%  49.9 2516s
 278154 104194 2032.41961   56  143 2034.29473 1890.29018  7.08%  49.9 2522s
 278277 104454 2029.93777   74    4 2034.29473 1890.31668  7.08%  49.9 2525s
 279535 104676 infeasible   70      2034.29473 1890.66753  7.06%  49.8 2530s
 280384 105016 infeasible   58      2034.29473 1890.91748  7.05%  49.8 2537s
 280970 105310 2010.81113   52  135 2034.29473 1891.01047  7.04%  49.9 2542s
 281550 105380 1981.93115   72   88 2034.29473 1891.07689  7.04%  49.9 2545s
 282252 105639     cutoff   63      2034.29473 1891.21270  7.03%  49.9 2550s
 282992 106092 1953.53224   78  249 2034.29473 1891.43066  7.02%  49.9 2565s
 283958 106318 2014.46362   57   89 2034.29473 1891.57371  7.02%  50.0 2572s
 284109 106584 1896.83131   56  244 2034.29473 1891.61616  7.01%  50.0 2576s
 285188 106885 2005.85407   56   96 2034.29473 1891.88103  7.00%  50.1 2580s
 286136 107154     cutoff   47      2034.29473 1892.03043  6.99%  50.0 2586s
 286171 107179 1983.68149   57  146 2034.29473 1892.03043  6.99%  50.1 2590s
 286291 107343     cutoff   64      2034.29473 1892.05131  6.99%  50.1 2597s
 286897 107494 2009.82707   53  200 2034.29473 1892.22721  6.98%  50.1 2602s
 287220 107530     cutoff   55      2034.29473 1892.25675  6.98%  50.2 2605s
 288194 108164 1952.43096   62  258 2034.29473 1892.43679  6.97%  50.2 2613s
 288874 108247 1892.64527   50   81 2034.29473 1892.62311  6.96%  50.2 2615s
 289528 108650 1956.01115   76  281 2034.29473 1892.64978  6.96%  50.3 2621s
 290040 108893 1949.28487   52  220 2034.29473 1892.67624  6.96%  50.4 2627s
 290634 108994     cutoff   63      2034.29473 1892.76702  6.96%  50.4 2630s
 291337 109193     cutoff   67      2034.29473 1892.91205  6.95%  50.4 2637s
 291489 109440 2026.50445   55  229 2034.29473 1892.95408  6.95%  50.4 2641s
 292163 109760 1988.92016   47   29 2034.29473 1893.08076  6.94%  50.4 2648s
 292900 109950 1957.57006   84  165 2034.29473 1893.20470  6.94%  50.4 2650s
 293442 110020 infeasible   60      2034.29473 1893.26156  6.93%  50.5 2664s
 293627 110586 2014.85786   62  152 2034.29473 1893.30407  6.93%  50.5 2671s
 295184 110689 1930.34578   51  193 2034.29473 1893.51111  6.92%  50.5 2677s
 295671 110869 1955.51111   50   96 2034.29473 1893.56058  6.92%  50.6 2681s
 296415 111144 1905.85604   69  214 2034.29473 1893.66621  6.91%  50.6 2687s
 296848 111154 infeasible   60      2034.29473 1893.71301  6.91%  50.7 2690s
 297583 111439 1930.23570   58   89 2034.29473 1893.79349  6.91%  50.7 2696s
 298206 111695 1987.47804   56  330 2034.29473 1893.90629  6.90%  50.8 2702s
 298495 111713 1924.77210   62  223 2034.29473 1893.93877  6.90%  50.8 2705s
 298996 111943 1894.86423   55  249 2034.29473 1894.00664  6.90%  50.9 2710s
 299530 112185 1970.44318   70  190 2034.29473 1894.08280  6.89%  51.0 2715s
 300107 112565 2012.48940   60  124 2034.29473 1894.17033  6.89%  51.0 2721s
 301547 112823 infeasible   46      2034.29473 1894.33438  6.88%  51.0 2727s
 301655 113041     cutoff   68      2034.29473 1894.34010  6.88%  51.0 2730s
 302983 113306 infeasible   63      2034.29473 1894.49946  6.87%  51.0 2735s
 303750 113695 2006.47693   61  211 2034.29473 1894.66075  6.86%  51.0 2749s
 304229 113745 infeasible   68      2034.29473 1894.69164  6.86%  51.1 2751s
 305031 114216 infeasible   61      2034.29473 1894.75915  6.86%  51.1 2757s
 305721 114466     cutoff   72      2034.29473 1894.84692  6.85%  51.1 2761s
 306751 114753 1984.05257   65  205 2034.29473 1894.96095  6.85%  51.1 2766s
 307439 115058 infeasible   44      2034.29473 1895.08391  6.84%  51.1 2771s
 308784 115323 1989.56041   62  177 2034.29473 1895.29725  6.83%  51.1 2776s
 309584 115644 infeasible   51      2034.29473 1895.44483  6.83%  51.0 2781s
 310089 115796 2008.96160   45  152 2034.29473 1895.51265  6.82%  51.0 2786s
 310770 115990     cutoff   59      2034.29473 1895.57861  6.82%  51.1 2790s
 311716 116292 infeasible   63      2034.29473 1895.69294  6.81%  51.1 2795s
 312319 116657     cutoff   64      2034.29473 1895.74590  6.81%  51.1 2800s
 313171 116990 1957.43876   75  201 2034.29473 1895.79369  6.81%  51.2 2806s
 313623 117093 1935.01038   60  221 2034.29473 1895.85656  6.81%  51.2 2811s
 314006 117122 1986.92379   66  118 2034.29473 1895.86920  6.80%  51.3 2824s
 314128 117756     cutoff   63      2034.29473 1895.92796  6.80%  51.3 2834s
 315896 117760 infeasible   70      2034.29473 1896.06020  6.80%  51.3 2836s
 315974 117789 1965.80413   52   79 2034.29473 1896.10754  6.79%  51.3 2842s
 316188 118134 2008.05761   65  146 2034.29473 1896.17813  6.79%  51.3 2849s
 317001 118337 2008.15136   57   60 2034.29473 1896.24723  6.79%  51.3 2852s
 317638 118505     cutoff   70      2034.29473 1896.33671  6.78%  51.3 2857s
 318015 118580 infeasible   63      2034.29473 1896.38426  6.78%  51.4 2860s
 318961 118837     cutoff   56      2034.29473 1896.50788  6.77%  51.4 2866s
 319085 119103     cutoff   66      2034.29473 1896.52382  6.77%  51.4 2870s
 320470 119357 1987.02877   43   58 2034.29473 1896.59419  6.77%  51.4 2876s
 321074 119631     cutoff   65      2034.29473 1896.68065  6.76%  51.4 2883s
 321695 119679 infeasible   56      2034.29473 1896.77077  6.76%  51.4 2885s
 322381 119951 infeasible   65      2034.29473 1896.84642  6.76%  51.5 2890s
 322754 119953 1921.43130   58  221 2034.29473 1896.89578  6.75%  51.5 2896s
 322788 119962 1921.79833   60  221 2034.29473 1896.90567  6.75%  51.5 2901s
 322891 120024 1922.06256   62  218 2034.29473 1896.90567  6.75%  51.5 2906s
 323085 120229 2026.15765   58    9 2034.29473 1896.92448  6.75%  51.5 2911s
 323755 120437     cutoff   61      2034.29473 1896.99281  6.75%  51.6 2917s
 324290 120582 2002.01067   59  213 2034.29473 1897.00628  6.75%  51.6 2930s
 325532 120863     cutoff   60      2034.29473 1897.13223  6.74%  51.6 2935s
 326032 121129 infeasible   56      2034.29473 1897.18629  6.74%  51.6 2940s
 327011 121401 infeasible   61      2034.29473 1897.30321  6.73%  51.6 2945s
 327799 121660 2027.53347   72  100 2034.29473 1897.35216  6.73%  51.7 2950s
 328284 122009 2010.64951   61  230 2034.29473 1897.41906  6.73%  51.7 2956s
 328936 122226 1989.89931   59  192 2034.29473 1897.48269  6.73%  51.7 2960s
 329972 122502     cutoff   63      2034.29473 1897.62916  6.72%  51.7 2965s
 330986 122909 2032.59284   91    6 2034.29473 1897.71050  6.71%  51.8 2972s
 332038 123103 2032.23211   63   95 2034.29473 1897.83026  6.71%  51.8 2976s
 332659 123397 1946.33881   48  146 2034.29473 1897.86575  6.71%  51.8 2981s
 333207 123645 2017.46933   55   57 2034.29473 1897.91635  6.70%  51.8 2986s
 334053 123965 2030.67688   71    9 2034.29473 1898.01054  6.70%  51.8 2991s
 334532 124000     cutoff   84      2034.29473 1898.02068  6.70%  51.8 3003s
 334664 124724 2032.21139   61   24 2034.29473 1898.07338  6.70%  51.9 3013s
 336731 124765     cutoff   43      2034.29473 1898.24024  6.69%  51.9 3015s
 336994 124992 1991.49270   64   55 2034.29473 1898.28462  6.69%  51.9 3020s
 338261 125467 1970.37649   55    5 2034.29473 1898.39330  6.68%  51.9 3027s
 339063 125732     cutoff   78      2034.29473 1898.41309  6.68%  51.9 3032s
 339842 125958 1916.99916   65  235 2034.29473 1898.51011  6.67%  51.9 3036s
 340354 126154 2016.19508   61  171 2034.29473 1898.57839  6.67%  52.0 3041s
 341144 126432 2008.89953   53   73 2034.29473 1898.62145  6.67%  52.0 3047s
 341726 126726 1898.92704   49  224 2034.29473 1898.68427  6.67%  52.0 3052s
 342313 126957 infeasible   75      2034.29473 1898.72275  6.66%  52.0 3055s
 342996 127285 2000.66386   55   35 2034.29473 1898.75716  6.66%  52.1 3060s
 344024 127491 infeasible   72      2034.29473 1898.77895  6.66%  52.1 3065s
 344964 128095     cutoff   62      2034.29473 1898.86685  6.66%  52.0 3081s
 345734 128323 1900.81757   53  185 2034.29473 1898.92378  6.65%  52.1 3085s
 346973 128682 infeasible   44      2034.29473 1899.00775  6.65%  52.0 3091s
 347293 128820 1987.42753   65  183 2034.29473 1899.01856  6.65%  52.0 3096s
 347643 129028 infeasible   43      2034.29473 1899.02421  6.65%  52.0 3101s
 348087 129168 2016.44408   58  199 2034.29473 1899.04692  6.65%  52.0 3107s
 348351 129372     cutoff   77      2034.29473 1899.05210  6.65%  52.0 3110s
 349193 129820 2003.32984   56  104 2034.29473 1899.12301  6.64%  52.0 3115s
 349943 130175 infeasible   59      2034.29473 1899.16666  6.64%  52.0 3120s
 351220 130497 1899.70313   52  210 2034.29473 1899.24480  6.64%  52.0 3126s
 351991 130932 1930.16361   43   83 2034.29473 1899.27525  6.64%  52.0 3132s
 352870 131257 2029.26343   75   58 2034.29473 1899.31893  6.64%  52.0 3137s
 353921 131479 1978.15022   48  168 2034.29473 1899.34555  6.63%  51.9 3141s
 354752 131855 infeasible   56      2034.29473 1899.39088  6.63%  51.9 3145s
 355525 132207 infeasible   57      2034.29473 1899.43312  6.63%  51.9 3162s
 355746 132387     cutoff   71      2034.29473 1899.46582  6.63%  51.9 3166s
 356186 132385     cutoff   64      2034.29473 1899.48376  6.63%  51.9 3170s
 356221 132415 1966.74611   44   93 2034.29473 1899.49559  6.63%  51.9 3181s
 356341 132500 infeasible   45      2034.29473 1899.49559  6.63%  51.9 3187s
 356595 133018 2023.07813   62   78 2034.29473 1899.50385  6.63%  51.9 3195s
 358220 133486 1968.91589   49   58 2034.29473 1899.60213  6.62%  52.0 3205s
 359854 133837     cutoff   64      2034.29473 1899.67345  6.62%  52.1 3212s
 359985 134055 1993.47158   59   91 2034.29473 1899.68887  6.62%  52.1 3215s
 360576 134094 1992.77946   58   80 2034.29473 1899.69482  6.62%  52.1 3221s
 360638 134158 2003.87510   59   64 2034.29473 1899.70237  6.62%  52.1 3228s
 360746 134345 2022.41405   59    4 2034.29473 1899.70237  6.62%  52.1 3232s
 361312 134369 infeasible   76      2034.29473 1899.71214  6.62%  52.1 3235s
 362270 134791     cutoff   63      2034.29473 1899.78943  6.61%  52.1 3242s
 362539 135271     cutoff   79      2034.29473 1899.80151  6.61%  52.2 3247s
 363664 135291     cutoff   61      2034.29473 1899.88093  6.61%  52.1 3250s
 364624 135696 2025.90886   85   21 2034.29473 1899.93598  6.60%  52.1 3256s
 365517 135979 1960.20882   57  145 2034.29473 1899.99523  6.60%  52.1 3262s
 365803 136172 2032.89944   73    4 2034.29473 1900.00187  6.60%  52.1 3276s
 366477 136518     cutoff   77      2034.29473 1900.03667  6.60%  52.2 3282s
 367187 136612     cutoff   65      2034.29473 1900.05664  6.60%  52.2 3286s
 368081 136905 1972.24542   78   44 2034.29473 1900.09483  6.60%  52.2 3291s
 368310 137171 1985.56647   62  169 2034.29473 1900.10296  6.60%  52.2 3295s
 369718 137777 2024.32598   75  109 2034.29473 1900.17399  6.59%  52.2 3302s
 370296 138190 2023.40479   61    7 2034.29473 1900.18834  6.59%  52.2 3306s
 371310 138508     cutoff   76      2034.29473 1900.22100  6.59%  52.2 3311s
 372235 138789 1934.73077   68  188 2034.29473 1900.25697  6.59%  52.2 3317s
 372996 139140     cutoff   57      2034.29473 1900.29756  6.59%  52.2 3321s
 373528 139554     cutoff   75      2034.29473 1900.32294  6.59%  52.2 3326s
 374287 139610 infeasible   66      2034.29473 1900.34924  6.58%  52.2 3330s
 374813 140009 1977.13999   43  136 2034.29473 1900.37261  6.58%  52.2 3335s
 375465 140332 1932.46970   64  123 2034.29473 1900.41760  6.58%  52.2 3340s
 376261 140445 2033.30523   64   22 2034.29473 1900.45401  6.58%  52.2 3355s
 376418 141283 2015.21963   64   55 2034.29473 1900.46244  6.58%  52.3 3365s
 378624 141647 infeasible   79      2034.29473 1900.51244  6.58%  52.3 3372s
 379234 141914 1988.40421   56  160 2034.29473 1900.55143  6.57%  52.3 3377s
 380270 142337 1988.05922   55  160 2034.29473 1900.58159  6.57%  52.2 3382s
 380976 142532 1972.47672   66  149 2034.29473 1900.61795  6.57%  52.2 3387s
 382160 142912     cutoff   72      2034.29473 1900.65973  6.57%  52.2 3391s
 382903 143336 2008.45619   63  171 2034.29473 1900.66975  6.57%  52.2 3396s
 383401 143560 1901.28225   67  172 2034.29473 1900.68677  6.57%  52.2 3401s
 384320 143767 infeasible   62      2034.29473 1900.71870  6.57%  52.2 3405s
 384714 143987 infeasible   65      2034.29473 1900.73052  6.57%  52.3 3410s
 385510 144341 1989.37020   70  119 2034.29473 1900.77105  6.56%  52.3 3416s
 385933 144612 2007.47531   59  223 2034.29473 1900.79950  6.56%  52.3 3420s
 386644 145104 2013.03573   57   16 2034.29473 1900.82004  6.56%  52.3 3436s
 387890 145431 1902.30486   61  207 2034.29473 1900.86067  6.56%  52.3 3441s
 388478 145731 1933.86804   50   25 2034.29473 1900.88191  6.56%  52.3 3447s
 389333 145967 2018.68689   73   37 2034.29473 1900.88849  6.56%  52.3 3451s
 389808 146146 infeasible   64      2034.29473 1900.91394  6.56%  52.3 3455s
 390688 146465 2016.69056   66    4 2034.29473 1900.93909  6.56%  52.3 3460s
 391599 146938 2028.87802   59    3 2034.29473 1900.97300  6.55%  52.3 3465s
 392690 147468 2026.69663   79    4 2034.29473 1901.01270  6.55%  52.2 3472s
 393496 147675 2029.58207   65  111 2034.29473 1901.04790  6.55%  52.2 3476s
 394260 147862 2030.92520   51  190 2034.29473 1901.07726  6.55%  52.2 3480s
 395051 148355 infeasible   47      2034.29473 1901.10539  6.55%  52.2 3486s
 396040 148623     cutoff   77      2034.29473 1901.12487  6.55%  52.2 3490s
 396826 149091 1988.89546   62  176 2034.29473 1901.14923  6.55%  52.2 3496s
 397317 149207 1956.32896   57   99 2034.29473 1901.16739  6.54%  52.2 3511s
 397553 149662     cutoff   77      2034.29473 1901.17320  6.54%  52.2 3516s
 398738 149959     cutoff   71      2034.29473 1901.20734  6.54%  52.2 3521s
 399738 150156 1981.98573   66   62 2034.29473 1901.24067  6.54%  52.3 3526s
 400438 150481 infeasible   43      2034.29473 1901.28225  6.54%  52.3 3531s
 401056 150744 1902.31964   55   43 2034.29473 1901.29542  6.54%  52.3 3535s
 401667 150998 2022.15677   69   99 2034.29473 1901.31255  6.54%  52.3 3541s
 402616 151565 1901.91322   67  207 2034.29473 1901.34213  6.54%  52.3 3547s
 403321 151903 2028.14533   76    4 2034.29473 1901.35932  6.53%  52.3 3552s
 404431 152229     cutoff   68      2034.29473 1901.40263  6.53%  52.3 3557s
 405127 152452 infeasible   56      2034.29473 1901.43873  6.53%  52.3 3563s
 405335 152763 2025.55196   75  104 2034.29473 1901.43873  6.53%  52.3 3566s
 406413 153235 1995.69797   59  311 2034.29473 1901.48737  6.53%  52.3 3572s
 407238 153484 2022.23087   62  148 2034.29473 1901.51607  6.53%  52.3 3576s
 407708 153664 2010.15645   73   91 2034.29473 1901.53156  6.53%  52.3 3589s
 408127 153840 1982.32670   59   87 2034.29473 1901.54017  6.53%  52.3 3592s
 409068 154128 1957.51972   64   17 2034.29473 1901.56570  6.52%  52.3 3596s
 410119 154482 infeasible   65      2034.29473 1901.62015  6.52%  52.3 3601s
 410906 154952     cutoff   79      2034.29473 1901.66039  6.52%  52.3 3606s
 411389 155137 2031.61775   76   96 2034.29473 1901.66205  6.52%  52.4 3612s
 411815 155301 2005.11875   47   72 2034.29473 1901.66578  6.52%  52.4 3615s
 413141 155720 2008.30413   52  153 2034.29473 1901.71775  6.52%  52.4 3622s
 413792 155950     cutoff   69      2034.29473 1901.73885  6.52%  52.4 3626s
 414017 156118 1952.79134   58   98 2034.29473 1901.75895  6.52%  52.4 3630s
 414593 156560 2012.70772   60  105 2034.29473 1901.77034  6.51%  52.4 3635s
 415480 156911 2016.76767   63   33 2034.29473 1901.80994  6.51%  52.4 3641s
 416155 157139 infeasible   48      2034.29473 1901.83428  6.51%  52.4 3645s
 417115 157547 2019.83994   59  271 2034.29473 1901.86736  6.51%  52.4 3651s
 417991 157861 1933.91721   50  168 2034.29473 1901.89505  6.51%  52.4 3666s
 419129 158095 infeasible   67      2034.29473 1901.93319  6.51%  52.4 3670s
 419904 158711 2030.22019   75   58 2034.29473 1901.94864  6.51%  52.4 3676s
 420590 158952 1987.37085   62  148 2034.29473 1901.97013  6.50%  52.4 3681s
 421358 159113 2025.90351   65    5 2034.29473 1901.99407  6.50%  52.4 3685s
 421802 159237 infeasible   67      2034.29473 1902.00862  6.50%  52.4 3690s
 422502 159655 1965.28874   67  132 2034.29473 1902.03519  6.50%  52.4 3695s
 423215 159912     cutoff   82      2034.29473 1902.05154  6.50%  52.4 3700s
 423680 160018 2013.98635   69   23 2034.29473 1902.06560  6.50%  52.5 3705s
 424347 160382 1993.41108   74   50 2034.29473 1902.09491  6.50%  52.4 3710s
 425134 160665 1985.91779   68   70 2034.29473 1902.11694  6.50%  52.4 3715s
 426424 161213 2016.25619   51   72 2034.29473 1902.15412  6.50%  52.5 3721s
 427131 161493 1913.24558   69  304 2034.29473 1902.17874  6.49%  52.5 3726s
 428115 161842 1988.76847   64   68 2034.29473 1902.22410  6.49%  52.4 3730s
 428745 161874 infeasible   76      2034.29473 1902.24412  6.49%  52.4 3741s
 428866 162954 2004.35127   68   51 2034.29473 1902.25276  6.49%  52.4 3750s
 431533 163331 1972.19692   55  146 2034.29473 1902.33581  6.49%  52.4 3756s
 432680 163552 infeasible   66      2034.29473 1902.38149  6.48%  52.4 3760s
 433705 163932 infeasible   64      2034.29473 1902.41660  6.48%  52.4 3766s
 434237 164217 infeasible   65      2034.29473 1902.44219  6.48%  52.4 3770s
 435042 164446 infeasible   59      2034.29473 1902.49215  6.48%  52.4 3775s
 435670 164841     cutoff   61      2034.29473 1902.50516  6.48%  52.4 3780s
 436912 165321 2023.86093   74   87 2034.29473 1902.54694  6.48%  52.4 3786s
 437703 165838 1983.59218   73   41 2034.29473 1902.57916  6.47%  52.3 3791s
 438577 166082 infeasible   61      2034.29473 1902.63621  6.47%  52.3 3795s
 438983 166317 infeasible   58      2034.29473 1902.64371  6.47%  52.3 3808s
 439675 166343 1968.49254   51  103 2034.29473 1902.65727  6.47%  52.3 3810s
 439978 166468 infeasible   72      2034.29473 1902.66149  6.47%  52.4 3815s
 440869 166849 2031.53122   55  117 2034.29473 1902.69680  6.47%  52.4 3821s
 441437 167125 1998.06618   60  118 2034.29473 1902.71009  6.47%  52.4 3827s
 441863 167234     cutoff   70      2034.29473 1902.73145  6.47%  52.4 3830s
 442819 167589 1935.54439   58   99 2034.29473 1902.77023  6.47%  52.4 3835s
 443953 168245 1954.82189   62  141 2034.29473 1902.80296  6.46%  52.3 3841s
 444805 168477 1985.56497   60  216 2034.29473 1902.83342  6.46%  52.3 3846s
 445509 168720     cutoff   63      2034.29473 1902.85163  6.46%  52.4 3851s
 446196 169035 2033.95770   78  321 2034.29473 1902.86980  6.46%  52.4 3857s
 446906 169381 2002.76242   57   14 2034.29473 1902.89718  6.46%  52.4 3862s
 447677 169642 2028.69149   55  172 2034.29473 1902.91989  6.46%  52.4 3867s
 448280 169811 1992.55677   76   99 2034.29473 1902.95567  6.46%  52.5 3872s
 448840 170172 infeasible   72      2034.29473 1902.97473  6.46%  52.5 3877s
 449505 170505     cutoff   77      2034.29473 1902.99766  6.45%  52.5 3890s
 450873 170889 infeasible   71      2034.29473 1903.04504  6.45%  52.4 3895s
 451334 171007 1991.40826   47  111 2034.29473 1903.05061  6.45%  52.4 3900s
 451856 171441 2032.74035   82    4 2034.29473 1903.08511  6.45%  52.4 3905s
 452656 171821 2000.66361   68  125 2034.29473 1903.10721  6.45%  52.4 3910s
 453617 171960 1986.65435   72   56 2034.29473 1903.14693  6.45%  52.4 3915s
 454152 172234 2015.84018   64  117 2034.29473 1903.17444  6.45%  52.4 3920s
 454926 172627 1983.89411   66   62 2034.29473 1903.20641  6.44%  52.4 3927s
 455488 172655 2013.82862   60   74 2034.29473 1903.23939  6.44%  52.4 3931s
 456296 173041 infeasible   76      2034.29473 1903.25632  6.44%  52.4 3937s
 456683 173104 infeasible   65      2034.29473 1903.29720  6.44%  52.4 3940s
 457608 173618     cutoff   61      2034.29473 1903.33980  6.44%  52.4 3947s
 458066 173708     cutoff   60      2034.29473 1903.36227  6.44%  52.4 3950s
 458847 173958 2029.30965   65   36 2034.29473 1903.39562  6.43%  52.4 3955s
 459828 174505 infeasible   58      2034.29473 1903.45246  6.43%  52.4 3972s
 460719 174584 1971.04815   56  169 2034.29473 1903.51083  6.43%  52.3 3976s
 461180 174892 1905.14151   56  242 2034.29473 1903.52365  6.43%  52.4 3981s
 462112 175167 1999.35486   64  117 2034.29473 1903.57549  6.43%  52.3 3985s
 462743 175421 2032.26141   72    4 2034.29473 1903.62260  6.42%  52.4 3990s
 463575 175761 1907.42800   59  344 2034.29473 1903.65517  6.42%  52.4 3996s
 464799 176090 2030.95498   78   18 2034.29473 1903.72652  6.42%  52.4 4000s
 465393 176362 1905.67957   79  206 2034.29473 1903.80172  6.41%  52.4 4005s
 466088 176598 infeasible   75      2034.29473 1903.85154  6.41%  52.4 4010s
 467084 176916 infeasible   73      2034.29473 1903.93568  6.41%  52.4 4016s
 467740 177117     cutoff   71      2034.29473 1903.98926  6.41%  52.5 4021s
 468469 177341     cutoff   58      2034.29473 1904.02957  6.40%  52.5 4025s
 469362 177708 1909.48141   39  249 2034.29473 1904.13075  6.40%  52.5 4032s
 470019 177996 1970.69014   52    6 2034.29473 1904.19127  6.40%  52.5 4035s
 470697 178000     cutoff   57      2034.29473 1904.21294  6.39%  52.5 4047s
 470713 179309 1991.02501   67  142 2034.29473 1904.22503  6.39%  52.5 4079s
 474713 179741 2017.63106   56   86 2034.29473 1904.54928  6.38%  52.5 4083s
 475717 179856 1971.31269   63   89 2034.29473 1904.61536  6.37%  52.4 4086s
 476932 180059 2001.61200   61  188 2034.29473 1904.77130  6.37%  52.5 4092s
 477063 180318 1905.13586   70  116 2034.29473 1904.81006  6.37%  52.5 4095s
 478361 180561 2014.70292   70  139 2034.29473 1904.90173  6.36%  52.5 4101s
 479103 180790 1955.31798   58  214 2034.29473 1904.98463  6.36%  52.5 4106s
 479252 181025 1972.24693   48  100 2034.29473 1905.01629  6.35%  52.5 4110s
 480446 181175     cutoff   57      2034.29473 1905.11504  6.35%  52.5 4116s
 481328 181770 2016.01844   67  146 2034.29473 1905.22486  6.34%  52.5 4132s
 482132 182024 2032.88213   69   84 2034.29473 1905.29455  6.34%  52.5 4136s
 482969 182231 infeasible   76      2034.29473 1905.39276  6.34%  52.5 4141s
 483557 182449 2014.14686   74  124 2034.29473 1905.44406  6.33%  52.5 4145s
 484263 182651 infeasible   38      2034.29473 1905.55198  6.33%  52.5 4150s
 485606 183023     cutoff   59      2034.29473 1905.65001  6.32%  52.5 4157s
 486353 183414     cutoff   65      2034.29473 1905.71484  6.32%  52.5 4161s
 486863 183451     cutoff   64      2034.29473 1905.76056  6.32%  52.4 4165s
 487588 183675     cutoff   60      2034.29473 1905.83252  6.31%  52.4 4170s
 488355 184041 1972.15493   64   10 2034.29473 1905.90234  6.31%  52.4 4175s
 488930 184286 1945.39334   49  155 2034.29473 1905.94598  6.31%  52.4 4180s
 489619 184468 1906.70623   50  118 2034.29473 1906.03124  6.31%  52.4 4185s
 490652 184825 1906.48263   54  214 2034.29473 1906.09546  6.30%  52.4 4191s
 491160 185023 1921.59103   57  189 2034.29473 1906.13962  6.30%  52.4 4196s
 491649 185127     cutoff   51      2034.29473 1906.15447  6.30%  52.5 4210s
 491914 185603 2015.90922   84   90 2034.29473 1906.19642  6.30%  52.5 4215s
 493963 186086     cutoff   53      2034.29473 1906.33116  6.29%  52.4 4222s
 494505 186374 2009.29036   86  100 2034.29473 1906.41256  6.29%  52.4 4226s
 495437 186537 infeasible   38      2034.29473 1906.47541  6.28%  52.4 4230s
 495486 186568 1911.09360   68   83 2034.29473 1906.48595  6.28%  52.4 4235s
 495784 186754 2002.22148   70   27 2034.29473 1906.49584  6.28%  52.4 4241s
 496496 186937 infeasible   61      2034.29473 1906.60943  6.28%  52.4 4245s
 496926 187224 infeasible   59      2034.29473 1906.62932  6.28%  52.4 4250s
 497565 187494 1977.48090   61   79 2034.29473 1906.68723  6.27%  52.4 4255s
 498764 188117 2003.29903   64   88 2034.29473 1906.75965  6.27%  52.4 4261s
 499604 188425 infeasible   63      2034.29473 1906.81433  6.27%  52.4 4265s
 500740 188698 2009.55886   46  135 2034.29473 1906.89794  6.26%  52.4 4270s
 501470 188902 infeasible   55      2034.29473 1906.99053  6.26%  52.4 4277s
 502229 189218     cutoff   52      2034.29473 1907.05023  6.25%  52.4 4292s
 502399 190090 2033.12949   57   90 2034.29473 1907.06631  6.25%  52.4 4301s
 504332 190185     cutoff   71      2034.29473 1907.22938  6.25%  52.4 4305s
 505116 190518 2012.71218   57  136 2034.29473 1907.28403  6.24%  52.3 4311s
 505534 190813 2013.64709   73   90 2034.29473 1907.29735  6.24%  52.4 4316s
 506498 191087 1993.47463   52  139 2034.29473 1907.38063  6.24%  52.3 4321s
 507494 191541 1994.92091   54  149 2034.29473 1907.46505  6.23%  52.3 4325s
 508460 191888 2006.76591   61   59 2034.29473 1907.50753  6.23%  52.3 4331s
 509013 192179 1935.30963   56   57 2034.29473 1907.55516  6.23%  52.3 4336s
 509817 192518 infeasible   46      2034.29473 1907.61939  6.23%  52.3 4340s
 510478 192819 1985.40703   55    4 2034.29473 1907.66797  6.22%  52.3 4345s
 511469 193205 1918.49125   65  231 2034.29473 1907.73385  6.22%  52.3 4350s
 512160 193427 2012.68949   61  129 2034.29473 1907.77635  6.22%  52.3 4355s
 512770 193521 infeasible   67      2034.29473 1907.81029  6.22%  52.3 4367s
 513016 194057 2008.78353   61   64 2034.29473 1907.83803  6.22%  52.2 4372s
 514206 194167 2031.89508   64  135 2034.29473 1907.87711  6.21%  52.3 4377s
 514657 194194 2031.95683   65  117 2034.29473 1907.91525  6.21%  52.3 4380s
 515196 194460 2018.63863   63  137 2034.29473 1907.96620  6.21%  52.3 4385s
 515818 194821 infeasible   57      2034.29473 1907.99904  6.21%  52.3 4391s
 516797 195162 2029.42086   83   89 2034.29473 1908.06826  6.20%  52.3 4397s
 517542 195265     cutoff   57      2034.29473 1908.10205  6.20%  52.3 4401s
 518393 195474 2032.42666   71   34 2034.29473 1908.18081  6.20%  52.3 4406s
 519006 195739 infeasible   51      2034.29473 1908.20493  6.20%  52.2 4411s
 519098 196022     cutoff   52      2034.29473 1908.20493  6.20%  52.3 4415s
 520136 196429 1965.30369   58  184 2034.29473 1908.31239  6.19%  52.2 4420s
 521100 196846     cutoff   67      2034.29473 1908.38894  6.19%  52.2 4425s
 522256 197256 2010.42879   70  239 2034.29473 1908.47410  6.18%  52.2 4430s
 522978 197261 infeasible   72      2034.29473 1908.52507  6.18%  52.1 4442s
 523136 198093 1941.63263   60   97 2034.29473 1908.54438  6.18%  52.1 4453s
 525279 198141 2021.37538   62  118 2034.29473 1908.68044  6.17%  52.1 4455s
 526088 198445     cutoff   81      2034.29473 1908.75196  6.17%  52.1 4461s
 526804 198908 infeasible   67      2034.29473 1908.83243  6.17%  52.1 4467s
 527896 199161     cutoff   73      2034.29473 1908.93468  6.16%  52.1 4471s
 528417 199487 1970.46026   65  178 2034.29473 1908.99811  6.16%  52.1 4476s
 529010 199740     cutoff   74      2034.29473 1909.04876  6.16%  52.1 4481s
 529748 200074 1940.39254   75  126 2034.29473 1909.10975  6.15%  52.1 4485s
 530426 200344 2028.43627   67   35 2034.29473 1909.14204  6.15%  52.1 4490s
 531376 200591 2030.59550   61   41 2034.29473 1909.18651  6.15%  52.2 4497s
 531846 200923 2032.35073   74   81 2034.29473 1909.22753  6.15%  52.2 4502s
 532584 201258 2006.73201   51   66 2034.29473 1909.29058  6.14%  52.2 4507s
 533263 201645 2019.82016   82   11 2034.29473 1909.31086  6.14%  52.2 4522s
 534201 201846 1929.84297   51  333 2034.29473 1909.38244  6.14%  52.2 4526s
 534714 202046 1975.16838   71   86 2034.29473 1909.39939  6.14%  52.2 4530s
 535252 202353 1910.63142   57   72 2034.29473 1909.41811  6.14%  52.2 4536s
 536111 202682 2023.52307   39    8 2034.29473 1909.48141  6.14%  52.2 4541s
 536640 202755 1945.57410   53  111 2034.29473 1909.51704  6.13%  52.2 4546s
 536802 202967     cutoff   56      2034.29473 1909.52139  6.13%  52.2 4550s
 537862 203242     cutoff   83      2034.29473 1909.54482  6.13%  52.2 4555s
 538527 203495 2031.95405   70   76 2034.29473 1909.59589  6.13%  52.2 4561s
 539075 203767 1917.62118   45  111 2034.29473 1909.63773  6.13%  52.2 4566s
 539703 204046     cutoff   73      2034.29473 1909.65890  6.13%  52.2 4572s
 540271 204204 2030.97237   63   46 2034.29473 1909.71297  6.12%  52.2 4575s
 541079 204653 1916.80717   58   96 2034.29473 1909.76526  6.12%  52.2 4580s
 541686 204925 1911.81333   52  199 2034.29473 1909.79523  6.12%  52.2 4586s
 542687 205171     cutoff   55      2034.29473 1909.86151  6.12%  52.3 4591s
 543249 205614     cutoff   82      2034.29473 1909.87836  6.12%  52.3 4597s
 543920 205716 1995.38232   65   44 2034.29473 1909.90118  6.11%  52.3 4609s
 544187 206092 1988.67656   55  247 2034.29473 1909.92116  6.11%  52.3 4614s
 545108 206129 infeasible   79      2034.29473 1909.97825  6.11%  52.3 4616s
 545798 206447 2024.49931   99   96 2034.29473 1909.99687  6.11%  52.3 4622s
 546090 206802     cutoff  100      2034.29473 1910.01808  6.11%  52.3 4626s
 546979 207071 1913.20202   56  198 2034.29473 1910.09526  6.11%  52.3 4632s
 547858 207342     cutoff   82      2034.29473 1910.13327  6.10%  52.3 4636s
 548739 207670 2032.87708   69   11 2034.29473 1910.17541  6.10%  52.3 4641s
 549359 207940 1912.33290   43  268 2034.29473 1910.24025  6.10%  52.3 4646s
 550199 208252     cutoff   62      2034.29473 1910.30153  6.10%  52.3 4652s
 550874 208486 infeasible   66      2034.29473 1910.34141  6.09%  52.3 4656s
 551851 208716 2001.92235   68   90 2034.29473 1910.38634  6.09%  52.3 4661s
 552573 208941 infeasible   78      2034.29473 1910.42486  6.09%  52.3 4667s
 552628 209030 infeasible   43      2034.29473 1910.42486  6.09%  52.3 4670s
 553291 209197 infeasible   60      2034.29473 1910.47796  6.09%  52.3 4675s
 553756 209446 2023.33457   65   32 2034.29473 1910.51829  6.08%  52.3 4681s
 554053 209934     cutoff   78      2034.29473 1910.52600  6.08%  52.3 4687s
 554865 210111     cutoff   57      2034.29473 1910.56240  6.08%  52.3 4700s
 556106 210523 2018.07771   61   95 2034.29473 1910.63492  6.08%  52.3 4705s
 556764 210909 1915.09795   52  193 2034.29473 1910.67068  6.08%  52.2 4710s
 557299 211147 1931.38964   56   82 2034.29473 1910.68960  6.08%  52.2 4715s
 558204 211346     cutoff   71      2034.29473 1910.76023  6.07%  52.3 4720s
 558880 211757 1933.10274   86  143 2034.29473 1910.81335  6.07%  52.3 4725s
 559523 211984     cutoff   64      2034.29473 1910.84280  6.07%  52.3 4730s
 560589 212254     cutoff   59      2034.29473 1910.93158  6.06%  52.3 4737s
 561553 212505 infeasible   65      2034.29473 1911.01282  6.06%  52.2 4741s
 562407 212808 infeasible   59      2034.29473 1911.13010  6.05%  52.2 4746s
 563214 213249 1914.02293   53   71 2034.29473 1911.18681  6.05%  52.2 4751s
 563684 213542 2034.23469   43   91 2034.29473 1911.22359  6.05%  52.2 4756s
 564623 213745 infeasible   67      2034.29473 1911.26040  6.05%  52.2 4761s
 565418 214168 1915.75212   70   60 2034.29473 1911.31646  6.05%  52.2 4777s
 566152 214394 1916.87179   82  201 2034.29473 1911.38257  6.04%  52.2 4781s
 567198 214626 infeasible   64      2034.29473 1911.43223  6.04%  52.3 4786s
 567933 214928 1951.70902   59  300 2034.29473 1911.47494  6.04%  52.3 4792s
 568592 215257 1914.69567   42  185 2034.29473 1911.55682  6.03%  52.3 4796s
 569526 215637 1911.68163   59  147 2034.29473 1911.59875  6.03%  52.2 4801s
 570242 215944 infeasible   58      2034.29473 1911.64010  6.03%  52.2 4806s
 571160 216213 1994.36487   53    6 2034.29473 1911.66730  6.03%  52.2 4812s
 571775 216592 2009.62106   67  117 2034.29473 1911.68963  6.03%  52.2 4817s
 572850 216883 1945.17710   48   99 2034.29473 1911.76492  6.02%  52.2 4821s
 573693 217405 2007.90735   65   67 2034.29473 1911.79698  6.02%  52.2 4827s
 574395 217621 1974.95506   44  221 2034.29473 1911.86438  6.02%  52.2 4832s
 575497 217836 infeasible   51      2034.29473 1911.91679  6.02%  52.2 4836s
 576194 218230 1912.15364   65  148 2034.29473 1911.96400  6.01%  52.2 4852s
 576520 218310 2030.42712   94  131 2034.29473 1911.96928  6.01%  52.2 4856s
 576720 218804     cutoff   83      2034.29473 1911.99289  6.01%  52.2 4861s
 577932 219027 1972.07685   80  155 2034.29473 1912.05896  6.01%  52.2 4867s
 578616 219033 1918.57388   63   82 2034.29473 1912.10322  6.01%  52.2 4870s
 578684 219074 1918.57388   65   59 2034.29473 1912.10379  6.01%  52.2 4875s
 579163 219266 2006.05410   61  141 2034.29473 1912.11718  6.01%  52.2 4880s
 579769 219511 infeasible   48      2034.29473 1912.15885  6.00%  52.2 4885s
 580339 219761 2015.16203   54  152 2034.29473 1912.18782  6.00%  52.2 4891s
 580682 220120 1912.39226   51  214 2034.29473 1912.20886  6.00%  52.2 4898s
 581489 220461 1912.78648   52  288 2034.29473 1912.24170  6.00%  52.2 4901s
 582274 220500 infeasible   50      2034.29473 1912.29095  6.00%  52.1 4905s
 583116 220974 1913.13321   46   79 2034.29473 1912.34578  5.99%  52.1 4911s
 583907 221435 infeasible   53      2034.29473 1912.36950  5.99%  52.1 4916s
 585289 221777     cutoff  103      2034.29473 1912.40135  5.99%  52.1 4921s
 585850 221972 2018.51031   49  325 2034.29473 1912.43449  5.99%  52.1 4925s
 586441 222322 2020.73234   60   35 2034.29473 1912.46846  5.99%  52.1 4940s
 587889 222669 1987.70761   58  218 2034.29473 1912.59031  5.98%  52.1 4946s
 588308 222958 2023.08510   73   27 2034.29473 1912.63182  5.98%  52.1 4950s
 589589 223301 2025.72370   69   56 2034.29473 1912.68980  5.98%  52.0 4955s
 590655 223677 infeasible   50      2034.29473 1912.77851  5.97%  52.0 4961s
 591281 223867 2022.72941   82    4 2034.29473 1912.81935  5.97%  52.0 4965s
 592240 224235 infeasible   55      2034.29473 1912.88031  5.97%  52.0 4971s
 593053 224527 1960.02774   59  244 2034.29473 1912.94567  5.97%  52.0 4976s
 593483 224734 1913.14184   39  174 2034.29473 1912.96115  5.96%  52.0 4980s
 594560 225016 infeasible   64      2034.29473 1913.02116  5.96%  52.0 4985s
 595294 225259 2027.78758   63    4 2034.29473 1913.05502  5.96%  52.0 4990s
 595721 225567 2030.22931   71    4 2034.29473 1913.07036  5.96%  52.1 4995s
 596821 225947     cutoff   84      2034.29473 1913.11964  5.96%  52.1 5012s
 597160 226430     cutoff   54      2034.29473 1913.14938  5.96%  52.1 5017s
 598326 226692 2025.47529   55   70 2034.29473 1913.17900  5.95%  52.1 5021s
 599041 227053 2026.21390   55    6 2034.29473 1913.19809  5.95%  52.0 5025s
 599959 227283     cutoff   89      2034.29473 1913.24368  5.95%  52.0 5030s
 601123 227941 2029.79264   67  101 2034.29473 1913.28331  5.95%  52.0 5036s
 602189 228213 1913.61714   68  196 2034.29473 1913.31910  5.95%  52.0 5040s
 603037 228491 2029.60800   51  133 2034.29473 1913.36417  5.94%  52.0 5045s
 603707 228666     cutoff   60      2034.29473 1913.43218  5.94%  52.0 5050s
 604292 228862     cutoff   72      2034.29473 1913.47331  5.94%  52.0 5056s
 604834 229186 1958.91223   58   60 2034.29473 1913.51092  5.94%  52.0 5061s
 605506 229480     cutoff   72      2034.29473 1913.53717  5.94%  52.0 5065s
 606370 229688 2008.20849   59  162 2034.29473 1913.56899  5.93%  52.0 5071s
 606527 229781 2010.48771   61  155 2034.29473 1913.59289  5.93%  52.0 5075s
 606884 229845 2022.61689   63  112 2034.29473 1913.61570  5.93%  51.9 5080s
 606998 229936 1982.18572   54  102 2034.29473 1913.63341  5.93%  51.9 5086s
 607120 230251 1971.95169   43  190 2034.29473 1913.65494  5.93%  52.0 5100s
 607874 230520 1977.75832   52  216 2034.29473 1913.66299  5.93%  51.9 5105s
 608575 230886 1965.35357   53  151 2034.29473 1913.71955  5.93%  51.9 5110s
 610002 231536 1914.13022   58   86 2034.29473 1913.78608  5.92%  51.9 5117s
 611179 231736     cutoff   86      2034.29473 1913.85088  5.92%  51.9 5120s
 612337 232246 infeasible   38      2034.29473 1913.89508  5.92%  51.9 5125s
 613527 232741     cutoff   66      2034.29473 1914.00151  5.91%  51.9 5131s
 614233 233267 2023.14202   67  110 2034.29473 1914.01946  5.91%  51.8 5136s
 615645 233720 1926.49364   61   58 2034.29473 1914.07181  5.91%  51.8 5141s
 616090 233902     cutoff   95      2034.29473 1914.07224  5.91%  51.8 5145s
 617009 234386 2031.42490   62  132 2034.29473 1914.09824  5.91%  51.8 5150s
 617665 234565     cutoff   71      2034.29473 1914.13052  5.91%  51.8 5163s
 618121 234985 1958.01386   67   28 2034.29473 1914.14948  5.91%  51.8 5165s
 619601 235232 2013.40229   81  195 2034.29473 1914.21818  5.90%  51.7 5171s
 620412 235630 1921.02732   61   96 2034.29473 1914.25746  5.90%  51.7 5175s
 621278 236229     cutoff   74      2034.29473 1914.27683  5.90%  51.7 5180s
 622365 236414 2024.24450   91   60 2034.29473 1914.32674  5.90%  51.6 5185s
 623590 236908 2018.44186   57    9 2034.29473 1914.42548  5.89%  51.6 5191s
 624277 237340 1925.30354   64  214 2034.29473 1914.45845  5.89%  51.6 5195s
 625840 237822 2000.51847   54  205 2034.29473 1914.54563  5.89%  51.6 5201s
 626478 237999 2009.11013   57  117 2034.29473 1914.55803  5.89%  51.6 5205s
 627079 238286     cutoff   54      2034.29473 1914.57551  5.89%  51.6 5210s
 628144 238915 infeasible   73      2034.29473 1914.62321  5.88%  51.6 5225s
 630293 239461 infeasible   66      2034.29473 1914.71985  5.88%  51.5 5231s
 631075 239770     cutoff   65      2034.29473 1914.75705  5.88%  51.5 5235s
 632082 240163 2015.95247   58   51 2034.29473 1914.79951  5.87%  51.5 5240s
 633143 240635 2016.64873   59   31 2034.29473 1914.85575  5.87%  51.5 5246s
 633749 240817 2030.06381   65   74 2034.29473 1914.87667  5.87%  51.5 5250s
 634799 241140     cutoff   78      2034.29473 1914.93394  5.87%  51.5 5256s
 635345 241407 2024.43827   57   98 2034.29473 1914.97223  5.87%  51.4 5260s
 636389 241714 infeasible   60      2034.29473 1915.02249  5.86%  51.4 5266s
 637138 242145 1942.70269   73  352 2034.29473 1915.08489  5.86%  51.4 5270s
 638382 242723     cutoff   72      2034.29473 1915.17075  5.86%  51.4 5286s
 639151 243030 1956.62587   64  105 2034.29473 1915.21346  5.85%  51.4 5290s
 640452 243450 2025.45886   57   82 2034.29473 1915.26591  5.85%  51.3 5296s
 641428 243786 2030.27605   97   88 2034.29473 1915.31332  5.85%  51.3 5301s
 642054 244078 1950.54322   57   78 2034.29473 1915.36194  5.85%  51.3 5305s
 643268 244560 1988.47807   62  178 2034.29473 1915.44039  5.84%  51.3 5311s
 644573 244901 2022.47876   59   64 2034.29473 1915.52185  5.84%  51.3 5316s
 645268 245301 2024.36969   90   94 2034.29473 1915.56528  5.84%  51.3 5321s
 646450 245521 2027.05071   64   11 2034.29473 1915.64510  5.83%  51.2 5325s
 647514 245972 1986.49195   52   10 2034.29473 1915.71298  5.83%  51.2 5330s
 648463 246304 2020.40394   65   45 2034.29473 1915.75212  5.83%  51.2 5335s
 648608 246654 2023.52057   62   73 2034.29473 1915.77049  5.83%  51.2 5348s
 649485 246686 infeasible   60      2034.29473 1915.81337  5.82%  51.2 5350s
 650488 247047 infeasible   51      2034.29473 1915.87850  5.82%  51.2 5356s
 651608 247513     cutoff   70      2034.29473 1915.96128  5.82%  51.1 5361s
 652378 247742 2030.82855   83   64 2034.29473 1915.98988  5.82%  51.1 5365s
 653412 248109 infeasible   77      2034.29473 1916.02921  5.81%  51.1 5370s
 654179 248526 infeasible   64      2034.29473 1916.05062  5.81%  51.1 5375s
 655378 248826 2015.03939   67   41 2034.29473 1916.11203  5.81%  51.1 5380s
 656537 249274 infeasible   76      2034.29473 1916.17419  5.81%  51.0 5386s
 657672 249737 1984.14703   62   91 2034.29473 1916.23086  5.80%  51.0 5391s
 658422 250065 2015.79619   48   77 2034.29473 1916.27079  5.80%  51.0 5395s
 659301 250381 2027.98602   62   40 2034.29473 1916.29923  5.80%  51.0 5410s
 659478 250750 1978.28182   49    8 2034.29473 1916.32478  5.80%  51.0 5418s
 660592 250781 1995.08380   57  131 2034.29473 1916.36276  5.80%  51.0 5421s
 660732 251225 2020.83762   65   84 2034.29473 1916.37851  5.80%  51.0 5426s
 662749 251612 infeasible   64      2034.29473 1916.44071  5.79%  51.0 5431s
 663506 252008     cutoff   83      2034.29473 1916.51130  5.79%  51.0 5435s
 664390 252236 2020.14816   78   46 2034.29473 1916.55788  5.79%  50.9 5440s
 665302 252563     cutoff   60      2034.29473 1916.61747  5.78%  50.9 5445s
 666164 252967 2021.52273   59  103 2034.29473 1916.66121  5.78%  50.9 5450s
 666674 252997 2012.16821   60   53 2034.29473 1916.67646  5.78%  50.9 5457s
 666722 253031 1965.22819   47   42 2034.29473 1916.67646  5.78%  50.9 5460s
 667356 253293     cutoff   69      2034.29473 1916.71152  5.78%  50.9 5465s
 668874 253843     cutoff   74      2034.29473 1916.78080  5.78%  50.9 5472s
 669464 254242 2018.82365   63   10 2034.29473 1916.82154  5.77%  50.9 5476s
 670104 254313 infeasible   41      2034.29473 1916.85377  5.77%  50.8 5487s
 670352 254750 1918.10957   46   71 2034.29473 1916.87314  5.77%  50.8 5493s
 671530 254800     cutoff   70      2034.29473 1916.93075  5.77%  50.8 5495s
 672477 255130     cutoff   53      2034.29473 1917.02318  5.76%  50.8 5500s
 672944 255385 2017.50475   62  107 2034.29473 1917.03975  5.76%  50.8 5507s
 674157 255718 infeasible   51      2034.29473 1917.14696  5.76%  50.8 5511s
 674842 255853 infeasible   77      2034.29473 1917.18193  5.76%  50.8 5515s
 675461 256014 2021.16163   53   28 2034.29473 1917.21650  5.76%  50.8 5520s
 676161 256366 2012.98144   66   80 2034.29473 1917.23874  5.75%  50.7 5525s
 676867 256628 2012.43267   45  115 2034.29473 1917.26397  5.75%  50.7 5530s
 678362 257068 infeasible   59      2034.29473 1917.34146  5.75%  50.7 5536s
 679259 257451 1922.19078   71  196 2034.29473 1917.42529  5.74%  50.7 5541s
 679977 257772     cutoff   74      2034.29473 1917.48009  5.74%  50.7 5545s
 680626 257889 1984.68288   39   29 2034.29473 1917.51672  5.74%  50.7 5557s
 680944 258342 1917.85043   62  199 2034.29473 1917.53895  5.74%  50.7 5561s
 682978 258654 infeasible   55      2034.29473 1917.66665  5.73%  50.6 5565s
 683787 258976 2018.09968   68   32 2034.29473 1917.72355  5.73%  50.6 5570s
 684709 259193 2026.93211   57   98 2034.29473 1917.76452  5.73%  50.6 5575s
 685544 259622 2030.82383   72   97 2034.29473 1917.81717  5.73%  50.6 5582s
 686753 259809 infeasible   75      2034.29473 1917.93916  5.72%  50.6 5587s
 687417 260183 infeasible   56      2034.29473 1917.97381  5.72%  50.6 5591s
 688105 260406 2032.19333   64   40 2034.29473 1918.01640  5.72%  50.6 5596s
 689403 260853 2030.07937   73    5 2034.29473 1918.11825  5.71%  50.6 5601s
 690510 261161 2018.36758   69  142 2034.29473 1918.17581  5.71%  50.5 5606s
 690882 261279 2028.97016   66   83 2034.29473 1918.19463  5.71%  50.6 5619s
 691179 261594 1931.30276   54  128 2034.29473 1918.22950  5.71%  50.6 5624s
 692313 261598     cutoff   55      2034.29473 1918.29527  5.70%  50.6 5627s
 692367 261616 2015.64823   65    7 2034.29473 1918.29891  5.70%  50.6 5631s
 692533 261967 1983.77421   48   66 2034.29473 1918.34658  5.70%  50.6 5637s
 693792 262177 infeasible   58      2034.29473 1918.43130  5.70%  50.5 5642s
 694749 262406     cutoff   73      2034.29473 1918.48052  5.69%  50.5 5647s
 695517 262825 infeasible   81      2034.29473 1918.52667  5.69%  50.5 5651s
 696148 263026 1997.70723   53  157 2034.29473 1918.56837  5.69%  50.5 5656s
 696985 263152 2018.23335   68  143 2034.29473 1918.60397  5.69%  50.5 5660s
 697688 263339 2001.85451   64   77 2034.29473 1918.63421  5.69%  50.5 5665s
 697778 263378 1990.36480   53  110 2034.29473 1918.65654  5.68%  50.5 5672s
 698525 263693 2010.02242   53  134 2034.29473 1918.69133  5.68%  50.5 5677s
 699272 263872 2013.56011   65   78 2034.29473 1918.73790  5.68%  50.5 5681s
 700054 264180 infeasible   63      2034.29473 1918.76579  5.68%  50.5 5685s
 700915 264643     cutoff   65      2034.29473 1918.81736  5.68%  50.4 5690s
 701507 264670 infeasible   58      2034.29473 1918.85349  5.67%  50.4 5703s
 701654 265130 infeasible   77      2034.29473 1918.85349  5.67%  50.4 5712s
 703630 265204 2013.37574   65  145 2034.29473 1918.99878  5.67%  50.4 5716s
 704595 265517 infeasible   60      2034.29473 1919.08842  5.66%  50.4 5722s
 704843 265823 infeasible   65      2034.29473 1919.09849  5.66%  50.4 5725s
 706211 266135 1919.79368   51  214 2034.29473 1919.19067  5.66%  50.4 5730s
 706640 266243 1922.22795   54  218 2034.29473 1919.20258  5.66%  50.4 5736s
 707298 266415 infeasible   58      2034.29473 1919.28385  5.65%  50.4 5741s
 708135 266678 infeasible   63      2034.29473 1919.33305  5.65%  50.4 5747s
 708900 266934 infeasible   70      2034.29473 1919.38886  5.65%  50.4 5752s
 709536 267227 infeasible   66      2034.29473 1919.45317  5.65%  50.4 5757s
 710324 267368 infeasible   58      2034.29473 1919.51106  5.64%  50.3 5762s
 711095 267490 2027.33776   68    4 2034.29473 1919.57101  5.64%  50.4 5767s
 711325 267734     cutoff   62      2034.29473 1919.59101  5.64%  50.3 5770s
 711999 268049 1984.87478   31  142 2034.29473 1919.64046  5.64%  50.3 5782s
 713005 268303 infeasible   64      2034.29473 1919.69584  5.63%  50.3 5785s
 714055 268557 infeasible   56      2034.29473 1919.76745  5.63%  50.3 5791s
 714985 269087 2022.17354   60   66 2034.29473 1919.83026  5.63%  50.3 5797s
 716021 269317 2022.55855   58    4 2034.29473 1919.87211  5.62%  50.3 5802s
 716554 269584     cutoff   64      2034.29473 1919.91015  5.62%  50.3 5806s
 717076 269756 2027.40892   74    4 2034.29473 1919.91681  5.62%  50.3 5811s
 717906 269914 2025.82768   71   44 2034.29473 1919.97541  5.62%  50.3 5815s
 718662 270222 2002.70790   63   89 2034.29473 1920.01420  5.62%  50.3 5821s
 719300 270416 2026.37208   66   60 2034.29473 1920.06803  5.62%  50.3 5825s
 719916 270613     cutoff   72      2034.29473 1920.09794  5.61%  50.3 5830s
 720823 271037 1997.84953   65  120 2034.29473 1920.18055  5.61%  50.2 5837s
 721704 271215     cutoff   60      2034.29473 1920.24316  5.61%  50.2 5841s
 722174 271337     cutoff   79      2034.29473 1920.26888  5.61%  50.2 5846s
 722675 271480 2022.01937   59   99 2034.29473 1920.28485  5.60%  50.2 5859s
 723073 271801 2033.17541   63   32 2034.29473 1920.29648  5.60%  50.2 5863s
 723954 271820 2016.69069   54  163 2034.29473 1920.37375  5.60%  50.2 5865s
 724685 272097     cutoff   63      2034.29473 1920.44709  5.60%  50.2 5870s
 725433 272465 2022.86805   51  109 2034.29473 1920.50506  5.59%  50.2 5876s
 726439 272669 1963.94953   66  226 2034.29473 1920.64470  5.59%  50.2 5882s
 726872 273013 2033.86585   65   10 2034.29473 1920.68703  5.58%  50.2 5887s
 728073 273170 1953.93125   72  140 2034.29473 1920.78505  5.58%  50.1 5892s
 728715 273506 2023.52621   65   91 2034.29473 1920.81731  5.58%  50.1 5896s
 729394 273745 2029.12587   65  144 2034.29473 1920.88560  5.57%  50.1 5901s
 730389 273978 1953.54217   74   67 2034.29473 1920.96547  5.57%  50.1 5906s
 731271 274174 2023.07287   63   95 2034.29473 1921.02323  5.57%  50.1 5910s
 732082 274656 infeasible   55      2034.29473 1921.09046  5.56%  50.1 5917s
 733314 274938 1989.28296   57  177 2034.29473 1921.16080  5.56%  50.0 5932s
 733513 275436 1929.94902   47  104 2034.29473 1921.17270  5.56%  50.0 5940s
 735140 275437 1948.81720   65  150 2034.29473 1921.28497  5.56%  50.1 5945s
 735872 275671 infeasible   62      2034.29473 1921.40478  5.55%  50.1 5951s
 736703 275981     cutoff   54      2034.29473 1921.50592  5.54%  50.1 5956s
 737575 276286     cutoff   63      2034.29473 1921.58506  5.54%  50.0 5961s
 738065 276450 2005.89553   63  170 2034.29473 1921.61003  5.54%  50.0 5966s
 739017 276730 2024.00513   58   84 2034.29473 1921.67905  5.54%  50.0 5973s
 739389 276812 infeasible   55      2034.29473 1921.71699  5.53%  50.0 5975s
 740095 276898 1973.70038   57  144 2034.29473 1921.77732  5.53%  50.0 5981s
 740597 277210     cutoff  100      2034.29473 1921.80647  5.53%  50.0 5985s
 741138 277360     cutoff   62      2034.29473 1921.87780  5.53%  50.0 5990s
 741967 277555 1963.30742   50  110 2034.29473 1921.94925  5.52%  50.0 5996s
 742702 277815 2026.65888   67  156 2034.29473 1921.99760  5.52%  50.0 6001s
 743493 278149 2003.80162   65   77 2034.29473 1922.08777  5.52%  50.0 6007s
 744403 278380 2019.49222   49  105 2034.29473 1922.12294  5.51%  50.0 6021s
 745226 278478 2033.99680   70    9 2034.29473 1922.22401  5.51%  50.0 6025s
 745800 278669 2029.51406   73   37 2034.29473 1922.27468  5.51%  50.0 6030s
 746274 278961     cutoff   71      2034.29473 1922.31787  5.50%  50.0 6035s
 747437 279217     cutoff   47      2034.29473 1922.41191  5.50%  50.0 6041s
 748095 279513     cutoff   64      2034.29473 1922.47091  5.50%  50.0 6045s
 749501 279786 infeasible   44      2034.29473 1922.58303  5.49%  50.0 6051s
 750163 280091 2025.22251   80   75 2034.29473 1922.64332  5.49%  50.0 6056s
 750868 280296 2024.52099   61   80 2034.29473 1922.66347  5.49%  50.0 6061s
 751612 280620 2002.78566   61  147 2034.29473 1922.75960  5.48%  50.0 6066s
 752456 280837 2026.98708   58    4 2034.29473 1922.84207  5.48%  49.9 6071s
 753551 281031 2012.81048   52   61 2034.29473 1922.91135  5.48%  49.9 6075s
 754138 281377 1995.30720   50   88 2034.29473 1922.95561  5.47%  49.9 6080s
 754699 281427     cutoff   63      2034.29473 1922.98561  5.47%  49.9 6092s
 754916 281738 1948.33443   38  151 2034.29473 1923.00589  5.47%  49.9 6097s
 756000 281779 1937.16919   82  146 2034.29473 1923.08043  5.47%  50.0 6100s
 757003 282272 2015.72324   56   38 2034.29473 1923.17315  5.46%  49.9 6107s
 757642 282288     cutoff   55      2034.29473 1923.20934  5.46%  49.9 6110s
 758393 282452 2028.06543   67    3 2034.29473 1923.27318  5.46%  49.9 6115s
 758991 282572 2021.75172   72   97 2034.29473 1923.34517  5.45%  49.9 6120s
 759776 282773     cutoff   64      2034.29473 1923.42628  5.45%  49.9 6125s
 760609 283153     cutoff   71      2034.29473 1923.44905  5.45%  49.9 6130s
 761705 283424 1930.09759   64  229 2034.29473 1923.57199  5.44%  49.9 6137s
 762358 283751     cutoff   65      2034.29473 1923.61418  5.44%  49.9 6142s
 763028 283992 2021.34165   58  130 2034.29473 1923.64706  5.44%  49.9 6146s
 763775 284186 2022.70836   55    4 2034.29473 1923.68145  5.44%  49.9 6150s
 764929 284342     cutoff   94      2034.29473 1923.77610  5.43%  49.9 6166s
 765106 284872 1955.12673   57  184 2034.29473 1923.78824  5.43%  49.9 6173s
 766857 284888 2023.12670   57  106 2034.29473 1923.92606  5.43%  49.9 6175s
 767023 285142 1991.48401   40   10 2034.29473 1923.94322  5.42%  49.9 6180s
 767877 285391 infeasible   83      2034.29473 1923.98322  5.42%  49.9 6185s
 768937 285689 1924.22889   32  202 2034.29473 1924.05005  5.42%  49.9 6192s
 769649 285892 infeasible   49      2034.29473 1924.09985  5.42%  49.9 6196s
 770450 286167 1992.60242   73  184 2034.29473 1924.15793  5.41%  49.9 6200s
 771112 286406 1999.66915   57  104 2034.29473 1924.20526  5.41%  49.9 6205s
 772098 286548 1960.57111   41  111 2034.29473 1924.24060  5.41%  49.9 6211s
 772549 286673     cutoff   80      2034.29473 1924.28470  5.41%  49.9 6215s
 773177 286968 2032.57934   63  121 2034.29473 1924.34233  5.40%  49.9 6221s
 773808 287213 1970.57226   54  150 2034.29473 1924.40686  5.40%  49.9 6226s
 775118 287562 infeasible   38      2034.29473 1924.48656  5.40%  49.9 6231s
 775351 287750 1992.49750   55   10 2034.29473 1924.50124  5.40%  49.9 6245s
 776141 288064 2024.20482   68  113 2034.29473 1924.52443  5.40%  49.8 6250s
 777463 288360 infeasible   67      2034.29473 1924.59472  5.39%  49.8 6256s
 778146 288631 2021.01030   94  117 2034.29473 1924.66866  5.39%  49.8 6260s
 778696 288791 infeasible   76      2034.29473 1924.68586  5.39%  49.8 6265s
 779489 289046 1982.00322   62   74 2034.29473 1924.73073  5.39%  49.9 6271s
 779825 289109 2007.12684   68  105 2034.29473 1924.73211  5.39%  49.9 6276s
 780423 289304 1940.65165   71  109 2034.29473 1924.74389  5.39%  49.9 6281s
 781068 289508 infeasible   51      2034.29473 1924.76940  5.38%  49.8 6286s
 781789 289729 infeasible   66      2034.29473 1924.87562  5.38%  49.8 6290s
 782669 290140 2003.03744   82  206 2034.29473 1924.95619  5.37%  49.8 6295s
 783331 290344 2007.53398   56  149 2034.29473 1925.00975  5.37%  49.8 6301s
 784007 290417 2020.75418   65  132 2034.29473 1925.03630  5.37%  49.8 6305s
 784388 290688 1966.30599   49   49 2034.29473 1925.05820  5.37%  49.8 6312s
 784812 290746 2008.77935   47   77 2034.29473 1925.06605  5.37%  49.8 6316s
 785262 291041 infeasible   66      2034.29473 1925.09440  5.37%  49.8 6321s
 785805 291049 1985.53044   80  325 2034.29473 1925.11577  5.37%  49.8 6333s
 785895 291833 1991.87320   82  418 2034.29473 1925.14360  5.37%  49.8 6347s
 788603 291896 2016.95934   72  136 2034.29473 1925.30107  5.36%  49.8 6352s
 788791 292250     cutoff   88      2034.29473 1925.35278  5.36%  49.8 6355s
 790133 292492 2008.60727   58  163 2034.29473 1925.41451  5.35%  49.8 6361s
 790904 292812 infeasible   36      2034.29473 1925.47888  5.35%  49.8 6366s
 791628 293023 2008.95044   60  120 2034.29473 1925.52112  5.35%  49.8 6370s
 793009 293401 infeasible   42      2034.29473 1925.57145  5.34%  49.8 6376s
 793618 293703 infeasible   52      2034.29473 1925.60588  5.34%  49.8 6382s
 794339 293967 2032.94273   77  212 2034.29473 1925.61703  5.34%  49.8 6387s
 794923 294153     cutoff   86      2034.29473 1925.65363  5.34%  49.8 6392s
 795503 294225 infeasible   56      2034.29473 1925.67088  5.34%  49.8 6395s
 796326 294435 infeasible   72      2034.29473 1925.71749  5.34%  49.8 6410s
 796446 295386 1930.71417   36  240 2034.29473 1925.72300  5.34%  49.8 6421s
 799012 295385 1986.26925   88   51 2034.29473 1925.83539  5.33%  49.8 6425s
 799024 295419 1986.33929   91   60 2034.29473 1925.83539  5.33%  49.8 6430s
 799089 295429     cutoff   62      2034.29473 1925.84105  5.33%  49.8 6436s
 799207 295478     cutoff   67      2034.29473 1925.84177  5.33%  49.8 6440s
 799500 295575 2006.55605   81   43 2034.29473 1925.87618  5.33%  49.8 6445s
 800643 296246     cutoff   55      2034.29473 1925.92621  5.33%  49.8 6452s
 801364 296399 2016.79377   63  134 2034.29473 1925.96534  5.33%  49.8 6457s
 802207 296709 1979.53238   67   47 2034.29473 1926.02288  5.32%  49.8 6462s
 803131 297030 2026.41316   69   10 2034.29473 1926.05394  5.32%  49.8 6466s
 804080 297271     cutoff   62      2034.29473 1926.10111  5.32%  49.8 6471s
 804948 297442 2026.67738   59   58 2034.29473 1926.13348  5.32%  49.8 6476s
 805646 297543 infeasible   52      2034.29473 1926.16349  5.32%  49.8 6482s
 806600 297870 1959.48586   61  122 2034.29473 1926.21793  5.31%  49.8 6496s
 806673 299074 2003.70355   61   72 2034.29473 1926.23085  5.31%  49.8 6512s
 810290 299112 2027.33568   65    4 2034.29473 1926.40399  5.30%  49.8 6516s
 810481 299263     cutoff   60      2034.29473 1926.42225  5.30%  49.8 6520s
 811614 299643 infeasible   67      2034.29473 1926.45739  5.30%  49.8 6527s
 812537 299863 2013.84412   61  130 2034.29473 1926.50410  5.30%  49.8 6531s
 813224 300191 2034.24743  108  246 2034.29473 1926.52972  5.30%  49.8 6535s
 813928 300447 2032.03887   54   43 2034.29473 1926.59299  5.29%  49.8 6540s
 815309 300767 infeasible   59      2034.29473 1926.68040  5.29%  49.8 6545s
 816204 300977 2020.23311   52   95 2034.29473 1926.71780  5.29%  49.8 6550s
 816964 301381 2022.34314   71   89 2034.29473 1926.74633  5.29%  49.8 6564s
 817420 301493 2033.74737   60    5 2034.29473 1926.77606  5.29%  49.8 6567s
 817780 301570 1935.36981   68   52 2034.29473 1926.79290  5.28%  49.8 6570s
 818943 301910     cutoff   86      2034.29473 1926.82946  5.28%  49.8 6576s
 819711 302299 1989.59796   47   93 2034.29473 1926.85343  5.28%  49.8 6581s
 820406 302320 infeasible   57      2034.29473 1926.88314  5.28%  49.8 6585s
 821189 302654 infeasible   55      2034.29473 1926.92115  5.28%  49.8 6590s
 821895 302884 2026.40304   59   97 2034.29473 1926.96581  5.28%  49.8 6595s
 822916 303158 2015.17862   51  107 2034.29473 1927.01393  5.27%  49.8 6602s
 823738 303451 infeasible   93      2034.29473 1927.05536  5.27%  49.8 6606s
 824471 303640 1998.55232   49    4 2034.29473 1927.07426  5.27%  49.8 6610s
 825769 304094 1987.44770   42  253 2034.29473 1927.14990  5.27%  49.8 6616s
 826660 304385 2023.97428   51   26 2034.29473 1927.21259  5.26%  49.8 6621s
 827280 304441 infeasible   50      2034.29473 1927.24384  5.26%  49.7 6633s
 827492 304917     cutoff   73      2034.29473 1927.24924  5.26%  49.7 6638s
 828897 304959 1979.42499   52   61 2034.29473 1927.30261  5.26%  49.7 6640s
 829928 305429 2014.56013   60  126 2034.29473 1927.38947  5.26%  49.7 6647s
 830561 305640 2017.76531   83    4 2034.29473 1927.41635  5.25%  49.7 6651s
 831687 305847 infeasible   67      2034.29473 1927.48501  5.25%  49.7 6656s
 832234 306089     cutoff   70      2034.29473 1927.52592  5.25%  49.7 6660s
 833194 306419 2034.25620   66   48 2034.29473 1927.56148  5.25%  49.7 6666s
 833792 306649 2023.68249   69   69 2034.29473 1927.58870  5.25%  49.7 6670s
 834745 306900 infeasible   57      2034.29473 1927.62314  5.24%  49.7 6675s
 835552 307361     cutoff   55      2034.29473 1927.64288  5.24%  49.7 6681s
 836212 307590 1955.92551   65  152 2034.29473 1927.65023  5.24%  49.7 6685s
 837635 307931     cutoff   95      2034.29473 1927.70932  5.24%  49.7 6701s
 837894 308178 2022.94994   67  137 2034.29473 1927.71396  5.24%  49.7 6706s
 838958 308517 1938.18633   56   82 2034.29473 1927.75981  5.24%  49.7 6712s
 840122 308851 1932.28771   69  102 2034.29473 1927.79741  5.24%  49.7 6716s
 840964 309053     cutoff   75      2034.29473 1927.83868  5.23%  49.7 6720s
 842176 309449 2014.16208   76  130 2034.29473 1927.88780  5.23%  49.7 6726s
 843327 309660 infeasible   58      2034.29473 1927.93471  5.23%  49.7 6730s
 843938 310004 1939.31093   58   87 2034.29473 1927.96604  5.23%  49.7 6735s
 845079 310272 2022.48378   73   37 2034.29473 1928.00872  5.22%  49.7 6741s
 845534 310400 1931.81685   36  261 2034.29473 1928.04375  5.22%  49.7 6746s
 846355 310607 1982.59795   48  352 2034.29473 1928.07052  5.22%  49.7 6750s
 847177 310820 infeasible   79      2034.29473 1928.09107  5.22%  49.7 6755s
 847752 311008 2026.85006   67    7 2034.29473 1928.11945  5.22%  49.7 6760s
 848018 311061 1989.42309   45  241 2034.29473 1928.13297  5.22%  49.7 6773s
 848117 312403 1928.61359   43  271 2034.29473 1928.13297  5.22%  49.7 6788s
 851778 312402 1937.49660   61   41 2034.29473 1928.25194  5.21%  49.7 6791s
 851869 312440 1980.83877   34   22 2034.29473 1928.25494  5.21%  49.7 6795s
 852094 312676 2033.59826   75    4 2034.29473 1928.26159  5.21%  49.7 6800s
 853235 312925     cutoff   56      2034.29473 1928.31110  5.21%  49.6 6805s
 854003 313284 2001.70519   62  101 2034.29473 1928.33680  5.21%  49.6 6810s
 855270 313625 infeasible   52      2034.29473 1928.39333  5.21%  49.6 6816s
 856019 314015 infeasible   86      2034.29473 1928.44003  5.20%  49.6 6821s
 856600 314206 2027.23833   58    9 2034.29473 1928.46005  5.20%  49.6 6825s
 857574 314526     cutoff   67      2034.29473 1928.50679  5.20%  49.6 6831s
 858219 314553 1958.74161   68   21 2034.29473 1928.52094  5.20%  49.6 6843s
 858372 315142 2012.51297   69   45 2034.29473 1928.52416  5.20%  49.6 6851s
 860246 315214 2000.82335   64  178 2034.29473 1928.56747  5.20%  49.6 6855s
 861281 315520 infeasible   84      2034.29473 1928.60852  5.20%  49.6 6861s
 861791 315830 1982.47522   45  342 2034.29473 1928.61839  5.19%  49.6 6865s
 862712 316195 1928.81669   40  299 2034.29473 1928.64853  5.19%  49.6 6872s
 863346 316480 1992.81300   68  206 2034.29473 1928.66561  5.19%  49.6 6877s
 864489 316638 2020.89991   56   49 2034.29473 1928.70373  5.19%  49.6 6882s
 865209 316925 infeasible   58      2034.29473 1928.71417  5.19%  49.6 6886s
 865708 317181 2033.92708   79  201 2034.29473 1928.73799  5.19%  49.6 6890s
 866875 317536 2025.53953   44  144 2034.29473 1928.76428  5.19%  49.6 6896s
 867868 317907 1987.88127   58   63 2034.29473 1928.80578  5.19%  49.6 6901s
 868729 318359 1934.43971   80  250 2034.29473 1928.81820  5.18%  49.6 6916s
 870026 318733 1944.21852   44  248 2034.29473 1928.87415  5.18%  49.5 6923s
 870069 319043 1985.23616   45  319 2034.29473 1928.88040  5.18%  49.5 6925s
 871229 319500 1975.21147   45  140 2034.29473 1928.92362  5.18%  49.5 6931s
 872134 319821 infeasible   48      2034.29473 1928.96442  5.18%  49.5 6936s
 872750 319961 1985.06870   54  149 2034.29473 1928.98658  5.18%  49.5 6940s
 873261 320167     cutoff   71      2034.29473 1929.00579  5.18%  49.5 6945s
 874029 320317 1968.77715   50   77 2034.29473 1929.03871  5.17%  49.5 6950s
 874835 320794 1932.90165   41  239 2034.29473 1929.05400  5.17%  49.5 6956s
 875815 321035     cutoff   61      2034.29473 1929.09620  5.17%  49.5 6960s
 876966 321479 1958.10078   82  151 2034.29473 1929.13910  5.17%  49.5 6966s
 877756 321811 infeasible   95      2034.29473 1929.15067  5.17%  49.5 6971s
 878155 321836     cutoff   73      2034.29473 1929.17066  5.17%  49.5 6976s
 878344 321909 1940.28945   70  169 2034.29473 1929.17598  5.17%  49.5 6981s
 878397 321938 1996.74162   71   27 2034.29473 1929.17598  5.17%  49.5 6986s
 878470 321957 1996.74162   73   27 2034.29473 1929.18520  5.17%  49.5 6990s
 879117 322131 2022.26930   68   26 2034.29473 1929.22096  5.17%  49.5 7004s
 879237 322839     cutoff   72      2034.29473 1929.22451  5.16%  49.5 7014s
 881331 322880 1993.99928   47   50 2034.29473 1929.30312  5.16%  49.5 7020s
 882191 323212     cutoff   65      2034.29473 1929.32623  5.16%  49.5 7025s
 883344 323482 infeasible   62      2034.29473 1929.36864  5.16%  49.5 7031s
 884089 323838 infeasible   46      2034.29473 1929.40155  5.16%  49.5 7036s
 884724 324107 2032.31240   66    4 2034.29473 1929.41851  5.16%  49.5 7040s
 886115 324650 2019.82593   58  251 2034.29473 1929.46245  5.15%  49.5 7046s
 886892 324895 2025.76253   66   92 2034.29473 1929.49104  5.15%  49.5 7051s
 887857 325068     cutoff   67      2034.29473 1929.53314  5.15%  49.5 7055s
 888746 325329 2014.25148   60   83 2034.29473 1929.57266  5.15%  49.5 7060s
 889366 325760     cutoff   73      2034.29473 1929.59256  5.15%  49.5 7074s
 889988 325812     cutoff   65      2034.29473 1929.61913  5.15%  49.5 7076s
 891021 326150 2003.15400   58   55 2034.29473 1929.65164  5.14%  49.4 7081s
 891704 326294 infeasible   65      2034.29473 1929.66585  5.14%  49.4 7085s
 891953 326398 2019.53524   64    4 2034.29473 1929.66585  5.14%  49.4 7091s
 892814 326696 2012.59195   73   87 2034.29473 1929.68514  5.14%  49.4 7095s
 893610 327325     cutoff   84      2034.29473 1929.71025  5.14%  49.4 7100s
 894754 327452     cutoff   77      2034.29473 1929.74339  5.14%  49.4 7105s
 895325 327668 2017.08419   86    2 2034.29473 1929.76969  5.14%  49.4 7110s
 896005 328156 1988.86174   70   16 2034.29473 1929.79681  5.14%  49.4 7115s
 897091 328477     cutoff   61      2034.29473 1929.85034  5.13%  49.4 7121s
 897739 328717 infeasible   55      2034.29473 1929.86782  5.13%  49.4 7125s
 899076 329019 2023.35260   60   29 2034.29473 1929.91982  5.13%  49.4 7133s
 899211 329124 2024.20599   67   24 2034.29473 1929.91982  5.13%  49.4 7135s
 899884 329325 infeasible   63      2034.29473 1929.94902  5.13%  49.4 7148s
 900142 329893 1930.28892   47  221 2034.29473 1929.94902  5.13%  49.4 7152s
 901499 330031 1987.44638   58  246 2034.29473 1929.99212  5.13%  49.4 7156s
 902400 330483 1980.99760   64  197 2034.29473 1930.04729  5.12%  49.4 7162s
 903493 330734 1978.50274   85  151 2034.29473 1930.08079  5.12%  49.4 7166s
 904253 331029 infeasible   73      2034.29473 1930.11018  5.12%  49.3 7170s
 905187 331501 2026.18927   70    4 2034.29473 1930.14142  5.12%  49.3 7176s
 905898 331578 2005.57872   57  200 2034.29473 1930.16430  5.12%  49.4 7180s
 905975 331597     cutoff   62      2034.29473 1930.16624  5.12%  49.4 7185s
 906378 331857 2022.04161   69   36 2034.29473 1930.17176  5.12%  49.3 7190s
 907311 332166 2031.20991   78    3 2034.29473 1930.20183  5.12%  49.3 7196s
 908039 332538 1931.14737   57  163 2034.29473 1930.22836  5.12%  49.3 7200s
 908734 332895 1987.49081   70  284 2034.29473 1930.24991  5.11%  49.3 7205s
 909949 333102 infeasible  106      2034.29473 1930.27876  5.11%  49.3 7211s
 910711 333444     cutoff   78      2034.29473 1930.32283  5.11%  49.3 7225s
 911707 333662 2028.48593   64  189 2034.29473 1930.34412  5.11%  49.3 7230s
 912614 334091     cutoff   46      2034.29473 1930.39038  5.11%  49.3 7236s
 913553 334292     cutoff   83      2034.29473 1930.42439  5.11%  49.3 7240s
 913807 334573 infeasible   60      2034.29473 1930.43240  5.11%  49.3 7246s
 914429 334836 2028.26446   57   75 2034.29473 1930.44483  5.10%  49.3 7251s
 915484 335078 1984.02414   52  207 2034.29473 1930.49862  5.10%  49.3 7255s
 916411 335349 2024.78206   65    9 2034.29473 1930.51680  5.10%  49.3 7260s
 917050 335721 1967.00890   56  206 2034.29473 1930.53423  5.10%  49.3 7265s
 917748 336089 1976.78114   49   88 2034.29473 1930.55500  5.10%  49.3 7271s
 919240 336534     cutoff   70      2034.29473 1930.58617  5.10%  49.3 7276s
 919935 336808 2015.34301   65   12 2034.29473 1930.62579  5.10%  49.3 7280s
 920824 337173 1983.63667   44  282 2034.29473 1930.65588  5.09%  49.3 7285s
 921526 337247 infeasible   41      2034.29473 1930.67781  5.09%  49.2 7296s
 921770 337730 1968.58048   50  232 2034.29473 1930.68112  5.09%  49.2 7302s
 923170 337917 1960.82345   50  184 2034.29473 1930.71854  5.09%  49.2 7305s
 924366 338393 1974.85195   57   31 2034.29473 1930.74622  5.09%  49.2 7311s
 925024 338716 1953.10294   50  252 2034.29473 1930.76910  5.09%  49.2 7315s
 926394 339040     cutoff   54      2034.29473 1930.80525  5.09%  49.2 7320s
 927395 339309 infeasible   83      2034.29473 1930.83097  5.09%  49.2 7326s
 928047 339702     cutoff   77      2034.29473 1930.85713  5.08%  49.2 7330s
 929140 340235     cutoff   77      2034.29473 1930.88399  5.08%  49.2 7336s
 929708 340464 1999.29517   61  323 2034.29473 1930.89932  5.08%  49.2 7340s
 931093 340766     cutoff   69      2034.29473 1930.94735  5.08%  49.2 7346s
 931748 341322 1961.54818   55   55 2034.29473 1930.97108  5.08%  49.2 7360s
 933074 341642 infeasible   67      2034.29473 1931.01632  5.08%  49.1 7365s
 934081 341956     cutoff   55      2034.29473 1931.04506  5.08%  49.1 7370s
 935184 342268 infeasible   70      2034.29473 1931.07407  5.07%  49.1 7375s
 935826 342617 2020.22336   72  234 2034.29473 1931.08897  5.07%  49.1 7380s
 937065 342855 infeasible   60      2034.29473 1931.11285  5.07%  49.1 7385s
 938042 343201 infeasible   45      2034.29473 1931.15281  5.07%  49.1 7390s
 938968 343641 1958.00546   44  127 2034.29473 1931.19875  5.07%  49.1 7397s
 939619 343855 2014.82103   76   20 2034.29473 1931.21568  5.07%  49.1 7401s
 940571 344063 infeasible   67      2034.29473 1931.22979  5.07%  49.1 7405s
 941926 344504     cutoff   48      2034.29473 1931.27566  5.06%  49.1 7412s
 941975 344799 2026.53321   74    3 2034.29473 1931.27801  5.06%  49.1 7423s
 942761 344823 infeasible   92      2034.29473 1931.28777  5.06%  49.1 7425s
 943786 345087 2025.42203   77    3 2034.29473 1931.31090  5.06%  49.1 7430s
 944165 345356 2022.83862   67   56 2034.29473 1931.31651  5.06%  49.1 7435s
 944895 345544 infeasible   57      2034.29473 1931.32892  5.06%  49.1 7441s
 945452 345823 1932.79540   54  272 2034.29473 1931.34326  5.06%  49.1 7445s
 946538 346136 1985.68847   52  316 2034.29473 1931.37570  5.06%  49.0 7451s
 947196 346141 infeasible   43      2034.29473 1931.39225  5.06%  49.1 7455s
 947993 346664 2029.75103   73    9 2034.29473 1931.40472  5.06%  49.1 7461s
 949110 346939 2013.45600   52  258 2034.29473 1931.42881  5.06%  49.0 7465s
 949863 347349 1957.18245   55  278 2034.29473 1931.45323  5.06%  49.0 7470s
 951204 347740 1996.34732   69  249 2034.29473 1931.48156  5.05%  49.0 7476s
 951881 347941 1992.87340   68  247 2034.29473 1931.51895  5.05%  49.0 7480s
 952400 348172     cutoff   65      2034.29473 1931.52975  5.05%  49.0 7495s
 953899 348522     cutoff   89      2034.29473 1931.56400  5.05%  49.0 7501s
 954437 348780 1932.04259   49  180 2034.29473 1931.57709  5.05%  49.0 7507s
 955121 348793 infeasible   64      2034.29473 1931.58789  5.05%  49.0 7510s
 955764 349218 infeasible   61      2034.29473 1931.60512  5.05%  49.0 7515s
 956978 349495     cutoff   64      2034.29473 1931.63877  5.05%  49.0 7521s
 957784 349881 infeasible   66      2034.29473 1931.66105  5.05%  49.0 7525s
 958588 350268     cutoff   90      2034.29473 1931.67205  5.04%  49.0 7530s
 959739 350762 infeasible   50      2034.29473 1931.70942  5.04%  48.9 7536s
 960653 351060 1995.61750   58   80 2034.29473 1931.73806  5.04%  48.9 7540s
 961700 351239 2014.96246   49  156 2034.29473 1931.76355  5.04%  48.9 7545s
 962871 351817 infeasible   39      2034.29473 1931.78225  5.04%  48.9 7562s
 963230 352294 2010.94823   53   72 2034.29473 1931.78685  5.04%  48.9 7566s
 964371 352508 1970.80234   45  249 2034.29473 1931.81909  5.04%  48.9 7570s
 965571 352753     cutoff   49      2034.29473 1931.85050  5.04%  48.8 7575s
 966147 353099 1989.88932   46  221 2034.29473 1931.86465  5.04%  48.8 7580s
 967233 353392 1986.87470   43  232 2034.29473 1931.89213  5.03%  48.8 7585s
 968066 353721     cutoff   56      2034.29473 1931.91029  5.03%  48.8 7591s
 968913 354102 1932.34032   57  287 2034.29473 1931.92547  5.03%  48.8 7596s
 969602 354369 2030.14195   44  237 2034.29473 1931.93680  5.03%  48.8 7600s
 970807 354667 2021.56307   54  220 2034.29473 1931.95769  5.03%  48.8 7605s
 971727 355166 infeasible   67      2034.29473 1931.97721  5.03%  48.8 7612s
 972329 355361 1974.66768   64  269 2034.29473 1931.98251  5.03%  48.8 7616s
 973367 355546 2027.23926   76    4 2034.29473 1932.00645  5.03%  48.8 7629s
 973480 356668 2014.40722   66  106 2034.29473 1932.01133  5.03%  48.8 7640s
 976548 356744 infeasible   88      2034.29473 1932.05643  5.03%  48.7 7645s
 977293 357230 2019.50486   64    4 2034.29473 1932.07383  5.02%  48.7 7651s
 978471 357596     cutoff   68      2034.29473 1932.09045  5.02%  48.7 7656s
 979488 357889 1980.83115   46  215 2034.29473 1932.11734  5.02%  48.7 7661s
 980462 358090 2003.36701   56  269 2034.29473 1932.13044  5.02%  48.7 7665s
 981187 358537 2007.26515   50  233 2034.29473 1932.14670  5.02%  48.7 7671s
 981913 358860 1965.08671   78  208 2034.29473 1932.16984  5.02%  48.7 7675s
 982524 359025 2028.92830   50  100 2034.29473 1932.17802  5.02%  48.7 7681s
 983576 359286 1932.33258   58  129 2034.29473 1932.20464  5.02%  48.7 7696s
 983844 359663 infeasible   56      2034.29473 1932.21018  5.02%  48.7 7701s
 984933 359946 1939.53100   69  244 2034.29473 1932.23405  5.02%  48.7 7706s
 986229 360099 infeasible   85      2034.29473 1932.26053  5.02%  48.7 7710s
 987385 360474 1971.30055   85  219 2034.29473 1932.28082  5.01%  48.7 7716s
 987923 360824 1954.09805   67   94 2034.29473 1932.28872  5.01%  48.6 7720s
 989005 361035     cutoff   61      2034.29473 1932.31191  5.01%  48.6 7725s
 989928 361347 infeasible   54      2034.29473 1932.32951  5.01%  48.6 7730s
 990896 361663 1936.16627   81  196 2034.29473 1932.34832  5.01%  48.6 7736s
 991474 362065 1999.28663   68   79 2034.29473 1932.35736  5.01%  48.6 7740s
 992629 362556 1936.64279   54   53 2034.29473 1932.38584  5.01%  48.6 7745s
 993832 363049     cutoff   80      2034.29473 1932.40456  5.01%  48.6 7762s
 994784 363174 2018.19533   63  183 2034.29473 1932.42329  5.01%  48.6 7766s
 995171 363250 2018.68743   49  104 2034.29473 1932.42562  5.01%  48.6 7770s
 995332 363303 2003.30621   57  239 2034.29473 1932.43008  5.01%  48.6 7776s
 995410 363521 1943.24097   58  124 2034.29473 1932.43275  5.01%  48.6 7782s
 996284 363919 1932.53470   54   97 2034.29473 1932.45622  5.01%  48.6 7788s
 997203 364215 2006.79393   61   87 2034.29473 1932.47134  5.01%  48.6 7791s
 998170 364464 2002.38165   55  135 2034.29473 1932.48501  5.00%  48.5 7796s
 998892 364715 1932.96863   47  303 2034.29473 1932.49785  5.00%  48.5 7800s
 999860 364836     cutoff   71      2034.29473 1932.51486  5.00%  48.5 7805s
 1000501 365160 2028.68180   61  124 2034.29473 1932.52488  5.00%  48.5 7810s
 1000919 365222 1949.33465   58  237 2034.29473 1932.52994  5.00%  48.5 7816s
 1001064 365436 infeasible   63      2034.29473 1932.53138  5.00%  48.5 7820s
 1002175 365657     cutoff   69      2034.29473 1932.54945  5.00%  48.5 7826s
 1002668 365837 1935.17196   68   86 2034.29473 1932.55717  5.00%  48.5 7830s
 1003725 366123     cutoff   87      2034.29473 1932.57606  5.00%  48.5 7835s
 1004511 366652 1932.72419   50  256 2034.29473 1932.58945  5.00%  48.5 7852s
 1005327 366880 1988.01317   58  227 2034.29473 1932.60652  5.00%  48.5 7856s
 1006379 367150     cutoff   84      2034.29473 1932.62185  5.00%  48.5 7860s
 1007146 367361 infeasible   85      2034.29473 1932.63992  5.00%  48.5 7865s
 1008013 367609 2028.86689   82  137 2034.29473 1932.65139  5.00%  48.5 7871s
 1008884 367960 2023.93586   50    4 2034.29473 1932.66189  5.00%  48.5 7876s
 1009441 368292 infeasible   67      2034.29473 1932.67417  5.00%  48.5 7880s
 1010862 368695     cutoff   96      2034.29473 1932.70624  4.99%  48.5 7886s
 1011716 369205 2010.30762   58  217 2034.29473 1932.73101  4.99%  48.5 7891s
 1012385 369445     cutoff   63      2034.29473 1932.74006  4.99%  48.5 7895s
 1013711 369943 1935.27158   60  274 2034.29473 1932.76854  4.99%  48.4 7901s
 1014446 370244 2002.55811   48  178 2034.29473 1932.78455  4.99%  48.4 7906s
 1015152 370335 2023.91463   81   94 2034.29473 1932.79688  4.99%  48.4 7919s
 1015409 370953 2030.61898   60  104 2034.29473 1932.80477  4.99%  48.4 7924s
 1016965 370964 infeasible   59      2034.29473 1932.82724  4.99%  48.4 7926s
 1017552 371158 2030.83325   71    9 2034.29473 1932.84319  4.99%  48.4 7930s
 1018581 371745 1939.87856   59  254 2034.29473 1932.87266  4.99%  48.4 7936s
 1019815 371959 2033.07702   63   22 2034.29473 1932.89430  4.98%  48.3 7940s
 1020914 372301 infeasible   39      2034.29473 1932.91222  4.98%  48.3 7946s
 1021716 372721 1987.24845   66  274 2034.29473 1932.93170  4.98%  48.3 7951s
 1022715 372907 1988.52160   56  104 2034.29473 1932.94296  4.98%  48.3 7955s
 1023776 373386 1933.58120   63  236 2034.29473 1932.95778  4.98%  48.3 7961s
 1024344 373668 infeasible   52      2034.29473 1932.97090  4.98%  48.3 7965s
 1025395 374190 1985.77335   47  341 2034.29473 1932.99334  4.98%  48.3 7982s
 1026645 374330 infeasible   60      2034.29473 1933.02074  4.98%  48.3 7986s
 1027429 374631     cutoff   78      2034.29473 1933.03154  4.98%  48.2 7990s
 1028667 375127     cutoff   69      2034.29473 1933.05981  4.98%  48.2 7996s
 1029428 375238 2022.89872   65   74 2034.29473 1933.07696  4.98%  48.2 8000s
 1030495 375527 1934.73833   59  278 2034.29473 1933.09162  4.97%  48.2 8006s
 1031136 376025     cutoff   72      2034.29473 1933.10316  4.97%  48.2 8010s
 1032600 376550     cutoff   82      2034.29473 1933.12761  4.97%  48.2 8016s
 1033238 376763 1953.98414   64  289 2034.29473 1933.14376  4.97%  48.2 8020s
 1034276 377264 2020.25958   71   81 2034.29473 1933.15555  4.97%  48.2 8026s
 1035565 377744 2030.95045   70  130 2034.29473 1933.16953  4.97%  48.1 8031s
 1036103 377900 1950.80055   70  121 2034.29473 1933.17640  4.97%  48.1 8044s
 1036575 377997 2028.83838   76    5 2034.29473 1933.18365  4.97%  48.1 8046s
 1036865 378307     cutoff   74      2034.29473 1933.18365  4.97%  48.1 8050s
 1037777 378559 1978.54300   66  182 2034.29473 1933.19742  4.97%  48.1 8055s
 1039091 378775 1980.23201   74  161 2034.29473 1933.22271  4.97%  48.1 8060s
 1039824 379201     cutoff   74      2034.29473 1933.23152  4.97%  48.1 8065s
 1041137 379604 2028.62991   59   32 2034.29473 1933.25137  4.97%  48.1 8070s
 1041999 379995     cutoff   75      2034.29473 1933.27010  4.97%  48.0 8077s
 1043023 380190 2025.66545   77   83 2034.29473 1933.28127  4.97%  48.0 8081s
 1043697 380597 1933.39324   49  251 2034.29473 1933.29288  4.96%  48.0 8085s
 1045220 381125 2002.95138   59  207 2034.29473 1933.31402  4.96%  48.0 8091s
 1045662 381391 2025.27350   52  262 2034.29473 1933.32199  4.96%  48.0 8095s
 1046862 381666     cutoff  110      2034.29473 1933.33800  4.96%  48.0 8110s
 1046990 382493 1987.37108   84  132 2034.29473 1933.34060  4.96%  48.0 8120s
 1049524 382708 2013.36279   75  236 2034.29473 1933.37535  4.96%  48.0 8127s
 1050749 383017 1939.98157   58  256 2034.29473 1933.39264  4.96%  47.9 8131s
 1051894 383534 2024.46369   90   81 2034.29473 1933.40869  4.96%  47.9 8136s
 1052282 383727 infeasible   60      2034.29473 1933.41450  4.96%  47.9 8140s
 1053361 384098 2006.33262   52  203 2034.29473 1933.43427  4.96%  47.9 8146s
 1054093 384384 1961.32014   60  217 2034.29473 1933.44210  4.96%  47.9 8150s
 1055402 384970 1951.14408   55  199 2034.29473 1933.45500  4.96%  47.9 8156s
 1056169 385242 2010.50340   65  158 2034.29473 1933.46469  4.96%  47.9 8160s
 1057206 385539 2022.58377   82    5 2034.29473 1933.47747  4.96%  47.9 8175s
 1057446 386100 2012.12564   59  193 2034.29473 1933.48043  4.96%  47.9 8181s
 1059310 386331     cutoff   87      2034.29473 1933.51237  4.95%  47.8 8186s
 1060230 386810 1941.82950   73  242 2034.29473 1933.52441  4.95%  47.8 8191s
 1061456 387203 2011.27052   53  266 2034.29473 1933.54429  4.95%  47.8 8197s
 1062487 387429 2025.33656   49  229 2034.29473 1933.55658  4.95%  47.8 8201s
 1063143 387777 2013.77742   54   66 2034.29473 1933.56593  4.95%  47.8 8205s
 1063956 388180     cutoff   53      2034.29473 1933.58046  4.95%  47.8 8211s
 1065077 388448     cutoff   72      2034.29473 1933.59809  4.95%  47.8 8215s
 1066349 388908     cutoff   83      2034.29473 1933.61349  4.95%  47.7 8220s
 1066995 389198     cutoff   85      2034.29473 1933.62050  4.95%  47.7 8225s
 1067040 389280 1965.89141   49  218 2034.29473 1933.62172  4.95%  47.7 8231s
 1067772 389768     cutoff   73      2034.29473 1933.63534  4.95%  47.7 8247s
 1068466 389964 2030.93149   75  169 2034.29473 1933.64553  4.95%  47.7 8252s
 1069276 390214 2031.76269   54  179 2034.29473 1933.66298  4.95%  47.7 8256s
 1070378 390433 2024.62563   56  226 2034.29473 1933.68976  4.95%  47.7 8260s
 1071101 390846 2031.77389   80  130 2034.29473 1933.69841  4.95%  47.7 8266s
 1071935 391148 1933.76517   55  209 2034.29473 1933.71400  4.94%  47.7 8270s
 1072932 391374 infeasible   71      2034.29473 1933.73102  4.94%  47.7 8275s
 1074017 391909 2020.66302   83   14 2034.29473 1933.74834  4.94%  47.6 8281s
 1075312 392335 1957.30590   63  260 2034.29473 1933.76753  4.94%  47.6 8287s
 1075999 392666 1977.17098   64  196 2034.29473 1933.77895  4.94%  47.6 8292s
 1076740 392887 2015.48443   52  184 2034.29473 1933.78940  4.94%  47.6 8296s
 1077292 393045 1986.23620   43  221 2034.29473 1933.80685  4.94%  47.6 8300s
 1078382 393303 2011.02174   42  200 2034.29473 1933.82210  4.94%  47.6 8313s
 1078612 393777     cutoff   75      2034.29473 1933.82532  4.94%  47.6 8318s
 1079962 393798 infeasible   64      2034.29473 1933.84620  4.94%  47.6 8320s
 1080754 394298 1939.57980   66  255 2034.29473 1933.85507  4.94%  47.6 8326s
 1081820 394782 1933.95754   58  262 2034.29473 1933.87477  4.94%  47.5 8331s
 1082938 395058 2028.13784   76   23 2034.29473 1933.88375  4.94%  47.5 8335s
 1083959 395406 infeasible   67      2034.29473 1933.89623  4.94%  47.5 8340s
 1084626 395796 1991.49477   57  225 2034.29473 1933.90531  4.93%  47.5 8345s
 1085091 396009 1940.63154   78  136 2034.29473 1933.91067  4.93%  47.5 8350s
 1086310 396365 2006.26441   81  165 2034.29473 1933.92467  4.93%  47.5 8356s
 1087487 396699     cutoff   58      2034.29473 1933.94196  4.93%  47.5 8361s
 1087998 396924 2028.73052   64  112 2034.29473 1933.94715  4.93%  47.5 8365s
 1089098 397249     cutoff   82      2034.29473 1933.96201  4.93%  47.5 8380s
 1090462 397635 1979.55333   50  242 2034.29473 1933.98949  4.93%  47.4 8387s
 1091153 398083 1984.59445   44  254 2034.29473 1934.00787  4.93%  47.4 8391s
 1092241 398288 2010.68209   61  209 2034.29473 1934.01678  4.93%  47.4 8395s
 1093559 398801 infeasible   76      2034.29473 1934.04695  4.93%  47.4 8401s
 1094157 399153 2022.18503   69   74 2034.29473 1934.05264  4.93%  47.4 8405s
 1094962 399526 1993.04467   54  148 2034.29473 1934.06522  4.93%  47.4 8410s
 1095630 399643 2028.50211  101   49 2034.29473 1934.07537  4.93%  47.4 8415s
 1096360 400010 infeasible   69      2034.29473 1934.08622  4.93%  47.4 8420s
 1097376 400414 1934.20584   32   89 2034.29473 1934.10352  4.93%  47.3 8426s
 1098232 400673 infeasible   64      2034.29473 1934.11704  4.92%  47.3 8430s
 1099447 401045 infeasible   55      2034.29473 1934.14326  4.92%  47.3 8447s
 1099591 401890 1961.93357   66  233 2034.29473 1934.14616  4.92%  47.3 8456s
 1101782 402127     cutoff   62      2034.29473 1934.17789  4.92%  47.3 8461s
 1102856 402502 2021.25670   76   83 2034.29473 1934.19571  4.92%  47.3 8466s
 1103536 402689 1943.31592   60  250 2034.29473 1934.20718  4.92%  47.3 8471s
 1104586 402884     cutoff   69      2034.29473 1934.22792  4.92%  47.3 8475s
 1105602 403275 1993.82176   54  142 2034.29473 1934.24109  4.92%  47.3 8481s
 1106267 403665 1966.54298   77  253 2034.29473 1934.24542  4.92%  47.3 8485s
 1106761 403808 2005.25781   59  131 2034.29473 1934.25698  4.92%  47.3 8490s
 1107528 404082 1944.46707   69  178 2034.29473 1934.27190  4.92%  47.3 8495s
 1108485 404416 1962.80886   64  242 2034.29473 1934.29088  4.92%  47.3 8502s
 1109656 404658 1934.68043   68  271 2034.29473 1934.30814  4.92%  47.3 8517s
 1109878 405283 2033.57595   64   33 2034.29473 1934.31095  4.91%  47.3 8523s
 1111416 405295 2027.84607   56    4 2034.29473 1934.32453  4.91%  47.3 8525s
 1112146 405772 2013.33143   58  134 2034.29473 1934.34407  4.91%  47.2 8532s
 1113226 405995 1935.80225   69  238 2034.29473 1934.36322  4.91%  47.2 8535s
 1113971 406178 2026.16996   71   35 2034.29473 1934.37969  4.91%  47.2 8540s
 1115230 406568 1936.01127   62  164 2034.29473 1934.39678  4.91%  47.2 8546s
 1115953 406928     cutoff   66      2034.29473 1934.40599  4.91%  47.2 8550s
 1117023 407321 2024.66874   84   12 2034.29473 1934.41784  4.91%  47.2 8555s
 1118414 407735 2030.05987   70    9 2034.29473 1934.44221  4.91%  47.2 8561s
 1119014 407998 2011.04711   55  167 2034.29473 1934.45196  4.91%  47.2 8565s
 1120107 408285 infeasible   61      2034.29473 1934.46357  4.91%  47.2 8581s
 1120286 408288 1957.36061   68   22 2034.29473 1934.46430  4.91%  47.2 8586s
 1120291 408290 1957.36061   69   16 2034.29473 1934.46456  4.91%  47.2 8590s
 1120297 408316 1957.36061   70   22 2034.29473 1934.46456  4.91%  47.2 8596s
 1120353 408419 1957.36061   71   22 2034.29473 1934.46456  4.91%  47.2 8605s
 1120715 409592 2029.66743   64  172 2034.29473 1934.47302  4.91%  47.1 8620s
 1124156 409596 infeasible   55      2034.29473 1934.52224  4.90%  47.1 8625s
 1124934 410015 1961.40841   54  212 2034.29473 1934.52459  4.90%  47.1 8630s
 1125829 410312 2012.50348   49   60 2034.29473 1934.55013  4.90%  47.1 8635s
 1126590 410595 1989.09897   57  194 2034.29473 1934.56182  4.90%  47.1 8640s
 1127492 410982 infeasible   92      2034.29473 1934.57574  4.90%  47.1 8646s
 1128312 411308 2019.14916   82  201 2034.29473 1934.59199  4.90%  47.1 8650s
 1129374 411832 2013.52268   49   62 2034.29473 1934.60811  4.90%  47.1 8655s
 1129867 411950 2030.05356   70  103 2034.29473 1934.61404  4.90%  47.1 8661s
 1130743 412281 infeasible   55      2034.29473 1934.62734  4.90%  47.0 8676s
 1131042 412572 1934.64116   73  237 2034.29473 1934.62734  4.90%  47.0 8680s
 1132080 412882 2027.66066   63  166 2034.29473 1934.64518  4.90%  47.0 8687s
 1133563 413104 1934.99595   71  266 2034.29473 1934.67014  4.90%  47.0 8691s
 1134242 413423 2025.84338   67  214 2034.29473 1934.68401  4.90%  47.0 8695s
 1134852 413734     cutoff   54      2034.29473 1934.69738  4.90%  47.0 8700s
 1136058 414000 1970.02380   56  113 2034.29473 1934.71556  4.90%  47.0 8705s
 1137149 414433 2023.99682   56   83 2034.29473 1934.73546  4.89%  47.0 8710s
 1138408 414899 infeasible   79      2034.29473 1934.74565  4.89%  47.0 8716s
 1139160 415268     cutoff   66      2034.29473 1934.75571  4.89%  47.0 8720s
 1139883 415577 1957.66616   48  371 2034.29473 1934.77472  4.89%  47.0 8726s
 1140679 415941 1958.50961   77  231 2034.29473 1934.78189  4.89%  47.0 8731s
 1141230 416101     cutoff   92      2034.29473 1934.78620  4.89%  46.9 8743s
 1141648 416439 1937.45226   57  253 2034.29473 1934.79613  4.89%  46.9 8746s
 1142626 416660 1968.00649   65   59 2034.29473 1934.81166  4.89%  46.9 8750s
 1143789 416989 1986.46671   73   47 2034.29473 1934.82544  4.89%  46.9 8756s
 1144864 417412     cutoff   81      2034.29473 1934.84012  4.89%  46.9 8761s
 1145540 417641 infeasible   85      2034.29473 1934.84905  4.89%  46.9 8765s
 1146535 417962 2018.38351   83  213 2034.29473 1934.86725  4.89%  46.9 8770s
 1147679 418422 infeasible   66      2034.29473 1934.88457  4.89%  46.9 8775s
 1148727 418715 2009.10551   58  268 2034.29473 1934.90276  4.89%  46.9 8780s
 1149825 419099 2020.50076   70    9 2034.29473 1934.91326  4.89%  46.9 8786s
 1150687 419244 1937.46512   60  248 2034.29473 1934.92439  4.88%  46.9 8790s
 1151532 419736 1987.28152   48  432 2034.29473 1934.93189  4.88%  46.8 8807s
 1152429 419844     cutoff   65      2034.29473 1934.94316  4.88%  46.8 8811s
 1152967 419986 1935.66512   72   95 2034.29473 1934.94809  4.88%  46.8 8815s
 1153511 420185 1963.31216   71  159 2034.29473 1934.95588  4.88%  46.8 8822s
 1153929 420284 1964.07369   70  159 2034.29473 1934.96513  4.88%  46.8 8827s
 1154013 420457 1978.02191   59   57 2034.29473 1934.96788  4.88%  46.8 8830s
 1154962 420858 2023.37843   62   47 2034.29473 1934.98246  4.88%  46.8 8837s
 1155650 420869 2026.10888   57    9 2034.29473 1934.98246  4.88%  46.8 8841s
 1155803 421195     cutoff   76      2034.29473 1934.99582  4.88%  46.8 8847s
 1156620 421231     cutoff   68      2034.29473 1935.00909  4.88%  46.8 8850s
 1157640 421695 1936.18250   62  162 2034.29473 1935.02824  4.88%  46.8 8856s
 1158701 422032 infeasible   46      2034.29473 1935.03996  4.88%  46.8 8860s
 1159795 422287     cutoff   70      2034.29473 1935.05945  4.88%  46.8 8865s
 1160707 422863 2008.97456   79  254 2034.29473 1935.07398  4.88%  46.8 8871s
 1161524 423244 1943.57532   62  248 2034.29473 1935.08774  4.88%  46.7 8876s
 1162316 423418 2024.32619   63   84 2034.29473 1935.09302  4.88%  46.7 8889s
 1162808 423605 infeasible   73      2034.29473 1935.10409  4.88%  46.7 8891s
 1163548 423852 1939.65024   51  150 2034.29473 1935.11894  4.88%  46.7 8896s
 1164737 424086     cutoff   92      2034.29473 1935.14240  4.87%  46.7 8900s
 1165488 424465 1964.50547   80  240 2034.29473 1935.15796  4.87%  46.7 8906s
 1166442 424605     cutoff   62      2034.29473 1935.17356  4.87%  46.7 8911s
 1166638 424732 1990.11129   49  188 2034.29473 1935.17868  4.87%  46.7 8916s
 1167556 424949 infeasible   64      2034.29473 1935.19596  4.87%  46.7 8920s
 1168198 425339 2022.24739   56  112 2034.29473 1935.20372  4.87%  46.7 8926s
 1168972 425588 1989.84865   50  204 2034.29473 1935.21887  4.87%  46.7 8932s
 1170204 425926 2030.63861   70   76 2034.29473 1935.23229  4.87%  46.7 8936s
 1171114 426225 infeasible   82      2034.29473 1935.25037  4.87%  46.7 8941s
 1171910 426499     cutoff   85      2034.29473 1935.26145  4.87%  46.7 8946s
 1172750 426715 2019.19419   70  155 2034.29473 1935.27236  4.87%  46.7 8960s
 1172908 427285 2030.90224   74  121 2034.29473 1935.27236  4.87%  46.7 8968s
 1174924 427302 infeasible   58      2034.29473 1935.30963  4.87%  46.7 8970s
 1175651 427656 infeasible   58      2034.29473 1935.31996  4.87%  46.6 8976s
 1176159 427813 1980.05370   84  153 2034.29473 1935.32955  4.86%  46.6 8980s
 1177448 428342 infeasible   51      2034.29473 1935.34088  4.86%  46.6 8986s
 1178219 428595 2028.36573   77    6 2034.29473 1935.35280  4.86%  46.6 8990s
 1179128 428833 2011.41550   84  106 2034.29473 1935.36989  4.86%  46.6 8995s
 1180319 429240     cutoff   69      2034.29473 1935.38393  4.86%  46.6 9001s
 1181333 429408     cutoff   52      2034.29473 1935.39991  4.86%  46.6 9006s
 1182152 429908 1977.21289   65  106 2034.29473 1935.41045  4.86%  46.6 9011s
 1182703 430052 2024.19178   54   39 2034.29473 1935.42132  4.86%  46.6 9015s
 1183271 430224 1992.21619   72  112 2034.29473 1935.42897  4.86%  46.6 9028s
 1183819 430272 2028.33001   77   10 2034.29473 1935.43812  4.86%  46.6 9030s
 1184620 430584 2019.41750   87   20 2034.29473 1935.44859  4.86%  46.6 9035s
 1185649 431065 2018.26694   80  202 2034.29473 1935.46245  4.86%  46.6 9042s
 1186908 431227     cutoff  130      2034.29473 1935.49080  4.86%  46.6 9047s
 1187515 431645 2029.48891   84  123 2034.29473 1935.50035  4.86%  46.6 9051s
 1188837 431994 infeasible   99      2034.29473 1935.51550  4.86%  46.5 9056s
 1189901 432389 1991.46886   60  178 2034.29473 1935.52730  4.86%  46.5 9061s
 1191177 432866     cutoff   59      2034.29473 1935.54197  4.85%  46.5 9066s
 1192138 433067 2018.96186   47  245 2034.29473 1935.55831  4.85%  46.5 9071s
 1192731 433440 2029.33615   72  192 2034.29473 1935.56919  4.85%  46.5 9075s
 1193994 433687 2029.19479   81  209 2034.29473 1935.59413  4.85%  46.5 9091s
 1194080 434377 2016.07148   80  130 2034.29473 1935.59527  4.85%  46.5 9102s
 1196184 434374 infeasible   76      2034.29473 1935.60871  4.85%  46.5 9105s
 1196332 434448 2032.01099   61  175 2034.29473 1935.60935  4.85%  46.5 9112s
 1196400 434859 1988.28243   51  246 2034.29473 1935.61551  4.85%  46.5 9116s
 1197926 435084 1940.68584   73  233 2034.29473 1935.64187  4.85%  46.5 9121s
 1198562 435377 infeasible   75      2034.29473 1935.65161  4.85%  46.5 9126s
 1199366 435635 infeasible   46      2034.29473 1935.66942  4.85%  46.5 9131s
 1200796 435851     cutoff   83      2034.29473 1935.69432  4.85%  46.4 9135s
 1201587 436052     cutoff   71      2034.29473 1935.71027  4.85%  46.4 9142s
 1202396 436169     cutoff   81      2034.29473 1935.72531  4.85%  46.4 9146s
 1203048 436536 2007.02515   74  185 2034.29473 1935.74224  4.84%  46.4 9150s
 1203778 436809 2033.59725   81   20 2034.29473 1935.74979  4.84%  46.4 9155s
 1204392 436995 infeasible   68      2034.29473 1935.75912  4.84%  46.4 9167s
 1205073 437082 2031.96346   67  212 2034.29473 1935.76843  4.84%  46.4 9170s
 1205745 437336 1987.14414   73  116 2034.29473 1935.78514  4.84%  46.4 9176s
 1206779 437659 1943.55856   57  101 2034.29473 1935.80681  4.84%  46.4 9180s
 1208123 438087     cutoff   47      2034.29473 1935.82423  4.84%  46.4 9187s
 1208743 438112 2032.84977   55  116 2034.29473 1935.83600  4.84%  46.4 9190s
 1209426 438509 infeasible   67      2034.29473 1935.85009  4.84%  46.4 9195s
 1210696 438799 infeasible   83      2034.29473 1935.86392  4.84%  46.4 9201s
 1211323 438985 2002.23751   43    3 2034.29473 1935.87828  4.84%  46.4 9206s
 1212227 439503 2031.75030   64   34 2034.29473 1935.89330  4.84%  46.4 9212s
 1213430 439745 2027.04296   70  100 2034.29473 1935.91388  4.84%  46.4 9217s
 1214294 440234 infeasible   85      2034.29473 1935.92589  4.84%  46.3 9221s
 1214886 440262 2029.56599   77   83 2034.29473 1935.93683  4.83%  46.3 9235s
 1215035 441210 2030.05972   82  140 2034.29473 1935.93911  4.83%  46.3 9245s
 1218227 441519 2021.41771   68    4 2034.29473 1935.98402  4.83%  46.3 9251s
 1219579 441964 1991.40629   77  250 2034.29473 1936.01061  4.83%  46.3 9256s
 1220478 442281 2034.11094   80    9 2034.29473 1936.03175  4.83%  46.3 9261s
 1221647 442741 2029.32337   60  115 2034.29473 1936.05478  4.83%  46.3 9266s
 1222878 443079 2032.89594   68  192 2034.29473 1936.06882  4.83%  46.2 9272s
 1223390 443250 1969.01120   68  110 2034.29473 1936.07501  4.83%  46.2 9275s
 1224552 443702     cutoff   84      2034.29473 1936.10199  4.83%  46.2 9281s
 1225094 443853 1991.82751   65   68 2034.29473 1936.10789  4.83%  46.2 9295s
 1226090 444143 1978.13788   57   66 2034.29473 1936.12229  4.83%  46.2 9301s
 1226973 444345 2027.28245   73  164 2034.29473 1936.14443  4.82%  46.2 9306s
 1227852 444604 1958.07400   71  226 2034.29473 1936.16592  4.82%  46.2 9311s
 1228836 444864 2014.25505   56  231 2034.29473 1936.18947  4.82%  46.2 9317s
 1229624 445204 2025.34201   50  220 2034.29473 1936.20749  4.82%  46.2 9321s
 1230326 445434 2024.51300   73   54 2034.29473 1936.21882  4.82%  46.2 9325s
 1231127 445697 2016.12946   57  254 2034.29473 1936.23607  4.82%  46.2 9330s
 1232306 446054     cutoff   76      2034.29473 1936.24660  4.82%  46.2 9337s
 1232863 446293 1990.44284   60  115 2034.29473 1936.25296  4.82%  46.2 9341s
 1233742 446535 1990.72897   43  248 2034.29473 1936.27175  4.82%  46.2 9345s
 1234318 446785 2002.15499   65   69 2034.29473 1936.27969  4.82%  46.2 9352s
 1235539 446980     cutoff   97      2034.29473 1936.30109  4.82%  46.2 9366s
 1235718 447633 infeasible   58      2034.29473 1936.30990  4.82%  46.2 9374s
 1237688 447650 2031.58866   74   94 2034.29473 1936.34320  4.82%  46.1 9375s
 1238398 448052 1980.37283   67  267 2034.29473 1936.35356  4.81%  46.1 9380s
 1238986 448210 1972.50903   76  175 2034.29473 1936.36733  4.81%  46.1 9386s
 1239260 448343 1972.51935   78   25 2034.29473 1936.36974  4.81%  46.1 9391s
 1239801 448648 1956.91982   58   91 2034.29473 1936.38468  4.81%  46.1 9395s
 1240731 448890 1979.45409   62  144 2034.29473 1936.40185  4.81%  46.1 9400s
 1241891 449378 2010.02627   69   37 2034.29473 1936.41818  4.81%  46.1 9406s
 1242595 449638     cutoff   65      2034.29473 1936.43280  4.81%  46.1 9410s
 1243794 450070 1992.36275   57  238 2034.29473 1936.44537  4.81%  46.1 9416s
 1244416 450190 1941.29309   77  239 2034.29473 1936.45732  4.81%  46.1 9420s
 1245148 450302 1988.58684   87  199 2034.29473 1936.46272  4.81%  46.1 9426s
 1245643 450412 2025.96642   84  146 2034.29473 1936.47382  4.81%  46.1 9431s
 1245883 450456 2026.29361   55  125 2034.29473 1936.47588  4.81%  46.1 9442s
 1245976 450874 infeasible   49      2034.29473 1936.47692  4.81%  46.1 9452s
 1247156 450932 infeasible   79      2034.29473 1936.47692  4.81%  46.1 9455s
 1247319 451424 1993.34348   62   93 2034.29473 1936.47827  4.81%  46.1 9462s
 1248895 451725     cutoff   60      2034.29473 1936.52517  4.81%  46.1 9468s
 1249694 451900 1978.02193   62   78 2034.29473 1936.54694  4.80%  46.1 9470s
 1250445 452153 2009.95493   62  238 2034.29473 1936.56591  4.80%  46.1 9476s
 1251525 452341 1955.25497   40  324 2034.29473 1936.58241  4.80%  46.1 9481s
 1252342 452531 1936.86041   62  234 2034.29473 1936.60454  4.80%  46.1 9485s
 1253177 452998 infeasible   59      2034.29473 1936.61937  4.80%  46.0 9491s
 1253896 453234 1941.46863   76  216 2034.29473 1936.63265  4.80%  46.0 9495s
 1255307 453532     cutoff   75      2034.29473 1936.65116  4.80%  46.0 9500s
 1256047 453963 1953.33287   58  237 2034.29473 1936.66062  4.80%  46.0 9505s
 1256641 454063 infeasible   58      2034.29473 1936.66694  4.80%  46.0 9517s
 1256963 454383 2023.08325   66  181 2034.29473 1936.67142  4.80%  46.0 9521s
 1258047 454669 1939.07125   59  189 2034.29473 1936.69704  4.80%  46.0 9525s
 1259571 455131 1951.75701   76  273 2034.29473 1936.72982  4.80%  46.0 9531s
 1260664 455358 infeasible   62      2034.29473 1936.75353  4.79%  46.0 9537s
 1261353 455658 2022.59677   69  114 2034.29473 1936.76455  4.79%  46.0 9541s
 1262436 455945 2015.01935   66   77 2034.29473 1936.78639  4.79%  46.0 9546s
 1263705 456398 2023.53758   81   88 2034.29473 1936.80584  4.79%  46.0 9551s
 1264349 456541 infeasible   61      2034.29473 1936.81264  4.79%  45.9 9556s
 1265477 456822 1941.34363   62  305 2034.29473 1936.85156  4.79%  45.9 9561s
 1266199 456991 1969.10716   73   81 2034.29473 1936.86537  4.79%  45.9 9565s
 1267002 457263     cutoff   65      2034.29473 1936.87384  4.79%  45.9 9579s
 1267146 457794 2016.08275   75   94 2034.29473 1936.87633  4.79%  45.9 9587s
 1269157 457825 1986.31060   52   10 2034.29473 1936.90713  4.79%  45.9 9590s
 1269926 458052 infeasible   46      2034.29473 1936.93104  4.79%  45.9 9595s
 1271105 458561 1983.74542   47  121 2034.29473 1936.94679  4.79%  45.9 9601s
 1272016 458727 infeasible   63      2034.29473 1936.96037  4.78%  45.9 9605s
 1272773 459103     cutoff   69      2034.29473 1936.97608  4.78%  45.9 9611s
 1274006 459584 1988.20349   61  342 2034.29473 1936.99929  4.78%  45.9 9617s
 1274755 459782     cutoff   59      2034.29473 1937.02012  4.78%  45.9 9621s
 1275754 459959 2019.00848   52   56 2034.29473 1937.03780  4.78%  45.9 9626s
 1276362 460354 1981.04203   79  118 2034.29473 1937.05410  4.78%  45.9 9630s
 1277653 460799 2026.10716   85   75 2034.29473 1937.07560  4.78%  45.9 9646s
 1278331 461000 2025.64105   68    4 2034.29473 1937.09186  4.78%  45.8 9652s
 1279641 461171 infeasible   66      2034.29473 1937.11563  4.78%  45.8 9656s
 1280246 461456 2015.32416   95    9 2034.29473 1937.12575  4.78%  45.8 9660s
 1281285 461726 2025.86785   59   58 2034.29473 1937.15633  4.78%  45.8 9666s
 1281847 461896 2028.38065   87  163 2034.29473 1937.16737  4.77%  45.8 9671s
 1283189 462075 infeasible   80      2034.29473 1937.20077  4.77%  45.8 9677s
 1283367 462279 2029.86698   67   91 2034.29473 1937.20447  4.77%  45.8 9681s
 1283934 462446 1939.96209   64  235 2034.29473 1937.21233  4.77%  45.8 9685s
 1285019 462759     cutoff   64      2034.29473 1937.22964  4.77%  45.8 9692s
 1285610 462883 infeasible   73      2034.29473 1937.23875  4.77%  45.8 9696s
 1286353 463186 1982.04760   40   11 2034.29473 1937.25536  4.77%  45.8 9700s
 1287479 463668 1937.57067   82  241 2034.29473 1937.27481  4.77%  45.8 9706s
 1288030 463715     cutoff  113      2034.29473 1937.28597  4.77%  45.8 9717s
 1288209 464412     cutoff  104      2034.29473 1937.28650  4.77%  45.8 9724s
 1290147 464418     cutoff   77      2034.29473 1937.30962  4.77%  45.8 9726s
 1290678 464594 infeasible   70      2034.29473 1937.31893  4.77%  45.8 9731s
 1291565 465053 infeasible  101      2034.29473 1937.34006  4.77%  45.8 9735s
 1292983 465344 2032.81737   73  111 2034.29473 1937.36422  4.76%  45.8 9740s
 1293664 465675 infeasible   73      2034.29473 1937.37506  4.76%  45.8 9745s
 1294817 466151 1994.02637   53   42 2034.29473 1937.39622  4.76%  45.7 9750s
 1295906 466435 2021.99563   69    4 2034.29473 1937.40676  4.76%  45.7 9755s
 1296863 466929 infeasible   71      2034.29473 1937.42569  4.76%  45.7 9761s
 1298200 467347 1951.15075   82  170 2034.29473 1937.44007  4.76%  45.7 9766s
 1298516 467473 1956.34548   80  215 2034.29473 1937.45033  4.76%  45.7 9778s
 1299017 467563 infeasible   85      2034.29473 1937.45539  4.76%  45.7 9780s
 1300258 468189 1993.55816   92  135 2034.29473 1937.49106  4.76%  45.7 9787s
 1301256 468380 2025.13240   77   12 2034.29473 1937.50713  4.76%  45.7 9790s
 1302128 468506 1999.93682   64  157 2034.29473 1937.52456  4.76%  45.7 9796s
 1302503 468770     cutoff   80      2034.29473 1937.52939  4.76%  45.7 9801s
 1303039 468785 1940.19602   65  258 2034.29473 1937.54495  4.76%  45.7 9806s
 1303598 469091 2029.72245   71  219 2034.29473 1937.56200  4.76%  45.7 9810s
 1304160 469345     cutoff   69      2034.29473 1937.56615  4.75%  45.7 9815s
 1305495 469629     cutoff   71      2034.29473 1937.59945  4.75%  45.7 9821s
 1306692 469981 1937.73660   56  160 2034.29473 1937.62175  4.75%  45.7 9825s
 1307952 470410 infeasible   72      2034.29473 1937.64733  4.75%  45.6 9831s
 1308603 470795 1986.01955   63  186 2034.29473 1937.65112  4.75%  45.6 9835s
 1309132 470852 infeasible   86      2034.29473 1937.65792  4.75%  45.6 9845s
 1309331 471258 infeasible   69      2034.29473 1937.66645  4.75%  45.6 9851s
 1310761 471528 2029.50100   55  117 2034.29473 1937.69290  4.75%  45.6 9855s
 1312170 471864 infeasible   91      2034.29473 1937.73138  4.75%  45.6 9861s
 1312722 471968 1994.78158   69  244 2034.29473 1937.74711  4.75%  45.6 9865s
 1313891 472382 2026.82230   70   96 2034.29473 1937.78937  4.74%  45.6 9871s
 1314559 472419     cutoff   56      2034.29473 1937.80256  4.74%  45.6 9875s
 1315786 472777 infeasible   59      2034.29473 1937.82292  4.74%  45.6 9882s
 1316440 473170 2016.54483   67   71 2034.29473 1937.84000  4.74%  45.6 9886s
 1317248 473498 infeasible   87      2034.29473 1937.85329  4.74%  45.6 9890s
 1318612 473787 1998.92671   47  114 2034.29473 1937.88438  4.74%  45.6 9896s
 1319137 473950 2019.39036   74  232 2034.29473 1937.90279  4.74%  45.6 9900s
 1319618 474157 2023.40845   69    3 2034.29473 1937.91168  4.74%  45.6 9913s
 1320361 474168 2030.67606   51   68 2034.29473 1937.93495  4.74%  45.6 9915s
 1321370 474494 1953.93571   96  139 2034.29473 1937.95269  4.74%  45.6 9920s
 1322564 474836 1941.66084   67  244 2034.29473 1937.97556  4.73%  45.6 9925s
 1323726 475206     cutoff   57      2034.29473 1937.99327  4.73%  45.5 9931s
 1324706 475524 infeasible   69      2034.29473 1938.01552  4.73%  45.5 9936s
 1325465 475962     cutoff   58      2034.29473 1938.02381  4.73%  45.5 9941s
 1326212 476224 2026.14426  109  128 2034.29473 1938.03395  4.73%  45.5 9945s
 1327513 476634     cutoff   85      2034.29473 1938.05340  4.73%  45.5 9950s
 1328536 476891     cutoff   89      2034.29473 1938.07045  4.73%  45.5 9955s
 1329918 477239 1940.92513   76  238 2034.29473 1938.09572  4.73%  45.5 9971s
 1330092 477800 1991.28449   73  141 2034.29473 1938.10453  4.73%  45.5 9978s
 1331959 477975 2016.80881   53  126 2034.29473 1938.12990  4.73%  45.5 9981s
 1332498 478125 infeasible   68      2034.29473 1938.14698  4.73%  45.5 9985s
 1333775 478323 1939.08702   68  255 2034.29473 1938.16972  4.73%  45.5 9990s
 1334819 478675     cutoff   68      2034.29473 1938.18844  4.72%  45.5 9995s
 1335185 478789 infeasible   51      2034.29473 1938.19725  4.72%  45.5 10001s
 1336300 479062 1944.66802   69  237 2034.29473 1938.22961  4.72%  45.5 10006s
 1336894 479347 infeasible   76      2034.29473 1938.24112  4.72%  45.5 10010s
 1338280 479702 2032.51348   69   81 2034.29473 1938.25037  4.72%  45.4 10015s
 1339597 480111 1967.95579   75  207 2034.29473 1938.27162  4.72%  45.4 10020s
 1340151 480401 1993.58229   89  267 2034.29473 1938.28285  4.72%  45.4 10033s
 1341076 480395 1979.51704   60  167 2034.29473 1938.30179  4.72%  45.4 10035s
 1341683 480793 2027.03560   92  209 2034.29473 1938.31475  4.72%  45.4 10040s
 1342781 481146 1989.93793   79  291 2034.29473 1938.32561  4.72%  45.4 10046s
 1343303 481343 1941.58858   65  241 2034.29473 1938.33366  4.72%  45.4 10050s
 1344533 481522     cutoff   74      2034.29473 1938.35065  4.72%  45.4 10055s
 1345635 481812 2022.53970   73  178 2034.29473 1938.37786  4.71%  45.4 10061s
 1346267 482183     cutoff   79      2034.29473 1938.38373  4.71%  45.4 10065s
 1347742 482502 infeasible   76      2034.29473 1938.41315  4.71%  45.3 10070s
 1348408 482906 infeasible   45      2034.29473 1938.42628  4.71%  45.3 10075s
 1349492 483236 2003.29065   74  244 2034.29473 1938.44961  4.71%  45.3 10080s
 1350484 483453     cutoff   91      2034.29473 1938.46861  4.71%  45.3 10095s
 1350741 483866     cutoff   54      2034.29473 1938.47564  4.71%  45.3 10100s
 1351939 483885 infeasible   88      2034.29473 1938.50041  4.71%  45.3 10105s
 1352535 484247 infeasible   78      2034.29473 1938.50911  4.71%  45.3 10110s
 1353271 484441 infeasible   71      2034.29473 1938.52940  4.71%  45.3 10115s
 1354686 484842 2024.74151   64  196 2034.29473 1938.56701  4.71%  45.3 10121s
 1356018 485061 infeasible   74      2034.29473 1938.59550  4.70%  45.3 10125s
 1357079 485410 1964.43244   65  149 2034.29473 1938.61265  4.70%  45.3 10130s
 1358113 485806 2030.57321   72   40 2034.29473 1938.63242  4.70%  45.3 10135s
 1359364 486064 2018.20176   86   21 2034.29473 1938.67526  4.70%  45.3 10140s
 1360247 486346 2023.38206   71  112 2034.29473 1938.69658  4.70%  45.3 10146s
 1360826 486428 2019.16064   65  135 2034.29473 1938.70650  4.70%  45.2 10158s
 1361101 486832 1942.86489   65  248 2034.29473 1938.71494  4.70%  45.2 10163s
 1362278 486822     cutoff   76      2034.29473 1938.73226  4.70%  45.2 10166s
 1362438 487263     cutoff   82      2034.29473 1938.73814  4.70%  45.2 10172s
 1363419 487487 2029.81818   71  125 2034.29473 1938.75325  4.70%  45.2 10176s
 1364357 487691     cutoff   51      2034.29473 1938.77240  4.70%  45.2 10180s
 1365242 488013 2009.99383   54  223 2034.29473 1938.80151  4.69%  45.2 10185s
 1366233 488368 1940.99599   76  256 2034.29473 1938.82054  4.69%  45.2 10191s
 1366966 488560 1944.72016   61  239 2034.29473 1938.83351  4.69%  45.2 10195s
 1368151 488926     cutoff   79      2034.29473 1938.85584  4.69%  45.2 10201s
 1369075 489063 infeasible   73      2034.29473 1938.88392  4.69%  45.2 10205s
 1369594 489125 2030.94734   68   42 2034.29473 1938.89417  4.69%  45.2 10211s
 1369634 489145 2030.94745   70   41 2034.29473 1938.89649  4.69%  45.2 10215s
 1370164 489328 2025.34830   88   87 2034.29473 1938.89653  4.69%  45.2 10220s
 1370843 489712 infeasible   83      2034.29473 1938.93045  4.69%  45.2 10225s
 1371523 489745 1987.45694   65  222 2034.29473 1938.94769  4.69%  45.2 10237s
 1371639 490582 1995.76428   70  255 2034.29473 1938.94972  4.69%  45.2 10247s
 1374411 490594 1942.35438   83  227 2034.29473 1938.98063  4.69%  45.2 10250s
 1375283 491028 2022.74194   87   64 2034.29473 1939.01616  4.68%  45.1 10256s
 1376429 491232 infeasible   79      2034.29473 1939.03681  4.68%  45.1 10260s
 1377472 491575 infeasible   67      2034.29473 1939.05601  4.68%  45.1 10265s
 1378477 491818 infeasible   54      2034.29473 1939.07682  4.68%  45.1 10270s
 1379107 492187 infeasible   41      2034.29473 1939.08674  4.68%  45.1 10276s
 1379892 492441 1988.27725   71  196 2034.29473 1939.10185  4.68%  45.1 10280s
 1381277 492859 1959.79293   84  119 2034.29473 1939.13363  4.68%  45.1 10285s
 1381746 492953 1964.38810   58  199 2034.29473 1939.14489  4.68%  45.1 10297s
 1382051 493322 2019.31736   61   81 2034.29473 1939.15267  4.68%  45.1 10301s
 1383318 493524 1991.73049   59  210 2034.29473 1939.17816  4.68%  45.1 10305s
 1384321 493826 2009.52081   65  217 2034.29473 1939.19592  4.67%  45.1 10311s
 1385225 494004 1969.02915   73   81 2034.29473 1939.21002  4.67%  45.0 10315s
 1386279 494325 1939.23863   89  257 2034.29473 1939.23469  4.67%  45.0 10321s
 1387350 494683     cutoff   66      2034.29473 1939.24780  4.67%  45.0 10327s
 1388116 494937 1954.73212   70  235 2034.29473 1939.26421  4.67%  45.0 10331s
 1388974 495150 2005.35435   74  234 2034.29473 1939.27733  4.67%  45.0 10335s
 1390261 495409     cutoff  111      2034.29473 1939.29809  4.67%  45.0 10342s
 1390906 495705     cutoff   77      2034.29473 1939.32094  4.67%  45.0 10346s
 1391538 495966 1942.47971   69  244 2034.29473 1939.32825  4.67%  45.0 10350s
 1392113 496197 infeasible   62      2034.29473 1939.33777  4.67%  45.0 10363s
 1392963 496301 2029.23541   73  139 2034.29473 1939.35612  4.67%  45.0 10366s
 1393564 496498     cutoff   81      2034.29473 1939.36437  4.67%  45.0 10370s
 1394710 496694     cutoff   64      2034.29473 1939.38590  4.67%  45.0 10375s
 1395497 496883     cutoff   65      2034.29473 1939.40831  4.66%  45.0 10381s
 1396054 497041 1981.51163   67   71 2034.29473 1939.41508  4.66%  45.0 10385s
 1396316 497254     cutoff   57      2034.29473 1939.42179  4.66%  45.0 10391s
 1397105 497278 2011.70835   80   65 2034.29473 1939.43340  4.66%  45.0 10395s
 1397163 497286 2020.24097   82   59 2034.29473 1939.43340  4.66%  45.0 10400s
 1397258 497326 2024.83139   84  126 2034.29473 1939.44480  4.66%  45.0 10407s
 1397435 497362     cutoff   85      2034.29473 1939.44800  4.66%  45.0 10411s
 1397779 497477 2030.10367   86   40 2034.29473 1939.45072  4.66%  45.0 10416s
 1398019 497523 2025.81035   87   56 2034.29473 1939.45156  4.66%  45.0 10421s
 1398220 497581     cutoff   89      2034.29473 1939.45391  4.66%  45.0 10426s
 1398610 497658 2024.76362   59    6 2034.29473 1939.46504  4.66%  45.0 10432s
 1398698 497911 2033.29231   72   76 2034.29473 1939.47450  4.66%  45.0 10435s
 1400120 498340 2019.59676  104  104 2034.29473 1939.50571  4.66%  45.0 10441s
 1401559 498549     cutoff   70      2034.29473 1939.54580  4.66%  45.0 10447s
 1401945 498577 2032.78413   95    4 2034.29473 1939.55601  4.66%  45.0 10450s
 1402314 498914 2021.19685   84  189 2034.29473 1939.56454  4.66%  45.0 10465s
 1403720 499142     cutoff   73      2034.29473 1939.59230  4.66%  44.9 10470s
 1405108 499463 1941.30142   71  208 2034.29473 1939.62070  4.65%  44.9 10476s
 1406011 499687 2026.69389   65   65 2034.29473 1939.64127  4.65%  44.9 10481s
 1407295 500015     cutoff   87      2034.29473 1939.66072  4.65%  44.9 10486s
 1407940 500244 1968.06428   51  111 2034.29473 1939.68268  4.65%  44.9 10490s
 1408732 500399 2021.02039   59   64 2034.29473 1939.70545  4.65%  44.9 10495s
 1409714 500621 1942.66936   81  240 2034.29473 1939.72209  4.65%  44.9 10501s
 1410383 500839 infeasible   90      2034.29473 1939.73541  4.65%  44.9 10506s
 1411309 501018     cutoff   99      2034.29473 1939.75239  4.65%  44.9 10512s
 1412130 501197 infeasible   50      2034.29473 1939.77419  4.65%  44.9 10516s
 1412582 501269     cutoff   64      2034.29473 1939.78124  4.65%  44.9 10530s
 1412664 502338 1985.02007   90  193 2034.29473 1939.78251  4.65%  44.9 10546s
 1416449 502345 1970.99262   80  219 2034.29473 1939.83651  4.64%  44.9 10550s
 1416804 502436 2009.10807   74  159 2034.29473 1939.83651  4.64%  44.9 10556s
 1417152 502529 1996.67645   74  247 2034.29473 1939.84232  4.64%  44.9 10562s
 1417517 502619     cutoff   76      2034.29473 1939.84232  4.64%  44.9 10566s
 1417599 502640 2018.44176   85   52 2034.29473 1939.85707  4.64%  44.9 10570s
 1418098 502776 2026.49508   88   23 2034.29473 1939.86896  4.64%  44.9 10576s
 1418437 502862 2031.72218   87   10 2034.29473 1939.87553  4.64%  44.9 10580s
 1419078 503041 2006.22681   80  227 2034.29473 1939.88005  4.64%  44.9 10585s
 1419710 503256 1993.47800   52  117 2034.29473 1939.89052  4.64%  44.9 10591s
 1420314 503428     cutoff   79      2034.29473 1939.91166  4.64%  44.9 10596s
 1421314 503707 infeasible   60      2034.29473 1939.93482  4.64%  44.8 10601s
 1422350 504258 infeasible   63      2034.29473 1939.95963  4.64%  44.8 10607s
 1423155 504288 1967.05620   71  218 2034.29473 1939.97944  4.64%  44.8 10620s
 1423309 504888 2013.99400   77  256 2034.29473 1939.98281  4.64%  44.8 10627s
 1425365 505055 2024.36371   76  143 2034.29473 1940.02007  4.63%  44.8 10630s
 1426423 505277     cutoff   62      2034.29473 1940.04802  4.63%  44.8 10636s
 1427089 505520 2029.87538   78  132 2034.29473 1940.06307  4.63%  44.8 10640s
 1427723 505709 2027.08430   85  260 2034.29473 1940.07794  4.63%  44.8 10645s
 1428919 506010 1986.17127   50   61 2034.29473 1940.10868  4.63%  44.8 10652s
 1429942 506137 1962.53780   86  198 2034.29473 1940.12856  4.63%  44.8 10656s
 1430622 506338 infeasible   39      2034.29473 1940.14211  4.63%  44.8 10660s
 1431589 506523 infeasible   54      2034.29473 1940.17779  4.63%  44.8 10665s
 1432325 506853     cutoff   83      2034.29473 1940.18358  4.63%  44.8 10672s
 1432861 507066 1941.44993   73  164 2034.29473 1940.19418  4.63%  44.8 10675s
 1433474 507069 2002.02840   98  249 2034.29473 1940.20963  4.62%  44.8 10687s
 1433502 507955 infeasible   96      2034.29473 1940.21070  4.62%  44.8 10710s
 1437582 508051 2029.39256   76  165 2034.29473 1940.28534  4.62%  44.8 10715s
 1438852 508495 2031.84879   57  189 2034.29473 1940.31363  4.62%  44.8 10722s
 1439588 508713 1989.10820   69  201 2034.29473 1940.32902  4.62%  44.8 10725s
 1440367 508915     cutoff   62      2034.29473 1940.34426  4.62%  44.8 10730s
 1441579 509246 1944.38376   74  281 2034.29473 1940.37156  4.62%  44.8 10736s
 1442865 509413 1947.97156   62  151 2034.29473 1940.40096  4.62%  44.7 10741s
 1443657 509669 1942.67376   68  246 2034.29473 1940.41566  4.61%  44.7 10746s
 1444254 509705 infeasible   77      2034.29473 1940.42375  4.61%  44.7 10758s
 1444542 510112 2032.08908   67  121 2034.29473 1940.44210  4.61%  44.7 10763s
 1445844 510131     cutoff   82      2034.29473 1940.46597  4.61%  44.7 10765s
 1446833 510381 infeasible   39      2034.29473 1940.48543  4.61%  44.7 10770s
 1447315 510497 1996.08319   79  245 2034.29473 1940.49245  4.61%  44.7 10775s
 1448243 510728 infeasible   69      2034.29473 1940.52003  4.61%  44.7 10780s
 1449609 511121 2017.52889   74    3 2034.29473 1940.54689  4.61%  44.7 10786s
 1450266 511345 2030.79243   60   38 2034.29473 1940.56746  4.61%  44.7 10790s
 1451286 511506 1987.46158   59   89 2034.29473 1940.58755  4.61%  44.7 10796s
 1451948 511763     cutoff   66      2034.29473 1940.60434  4.61%  44.7 10801s
 1452699 511930     cutoff   42      2034.29473 1940.62020  4.60%  44.7 10805s
 1453764 512301 1962.84287   66  105 2034.29473 1940.65921  4.60%  44.7 10811s
 1454497 512562 2006.83066   74   24 2034.29473 1940.67135  4.60%  44.7 10825s
 1455899 512793 2019.03721   77  104 2034.29473 1940.69385  4.60%  44.7 10830s
 1456915 513018 2020.68751   68   14 2034.29473 1940.72927  4.60%  44.7 10836s
 1457828 513173     cutoff   71      2034.29473 1940.75197  4.60%  44.6 10841s
 1458532 513293 2018.52363   81  247 2034.29473 1940.77153  4.60%  44.6 10845s
 1459342 513654 infeasible   76      2034.29473 1940.78353  4.60%  44.6 10851s
 1460123 513811 2026.26962   56   91 2034.29473 1940.79840  4.60%  44.6 10856s
 1460797 514011 1966.59252   74  220 2034.29473 1940.81328  4.60%  44.6 10860s
 1462018 514356 1985.98664   62  199 2034.29473 1940.84619  4.59%  44.6 10866s
 1462817 514646     cutoff   82      2034.29473 1940.87070  4.59%  44.6 10870s
 1463423 514872 2012.84322   59  136 2034.29473 1940.88163  4.59%  44.6 10875s
 1464865 515100 infeasible   77      2034.29473 1940.91289  4.59%  44.6 10889s
 1464987 515852 2019.21289   78  218 2034.29473 1940.91818  4.59%  44.6 10900s
 1467842 515980     cutoff   79      2034.29473 1940.98649  4.59%  44.6 10906s
 1468850 516119 infeasible   75      2034.29473 1941.02017  4.59%  44.6 10910s
 1469702 516420 2000.53017   76  233 2034.29473 1941.03351  4.58%  44.6 10917s
 1470355 516559 2028.46984   69  244 2034.29473 1941.05524  4.58%  44.6 10921s
 1471544 516697     cutoff   91      2034.29473 1941.08971  4.58%  44.6 10925s
 1472651 516988 infeasible   94      2034.29473 1941.12755  4.58%  44.6 10931s
 1473218 517206 1991.46307   82  219 2034.29473 1941.13836  4.58%  44.6 10936s
 1473765 517381 1992.99960   60  258 2034.29473 1941.15267  4.58%  44.6 10940s
 1474967 517701 2020.00988   72   35 2034.29473 1941.19356  4.58%  44.6 10945s
 1475511 517952 2026.88876   60   43 2034.29473 1941.20363  4.58%  44.6 10958s
 1476312 517958     cutoff   83      2034.29473 1941.21957  4.58%  44.6 10960s
 1476973 518258 1994.40770   77  254 2034.29473 1941.24298  4.57%  44.5 10966s
 1477965 518504 2025.20412   68  219 2034.29473 1941.26676  4.57%  44.5 10971s
 1479089 518854 2014.08417   62  139 2034.29473 1941.29338  4.57%  44.5 10977s
 1479906 518959 2027.55805   87   10 2034.29473 1941.32651  4.57%  44.5 10980s
 1480721 519219 2034.06841   56   64 2034.29473 1941.35219  4.57%  44.5 10987s
 1481360 519418 infeasible   87      2034.29473 1941.37022  4.57%  44.5 10991s
 1482516 519655 1979.99525   61  104 2034.29473 1941.40319  4.57%  44.5 10997s
 1483340 519733 2022.42606   68   78 2034.29473 1941.42878  4.57%  44.5 11000s
 1484375 519943     cutoff   87      2034.29473 1941.45850  4.56%  44.5 11006s
 1484657 519992     cutoff   64      2034.29473 1941.46798  4.56%  44.5 11010s
 1485302 520203 1941.84783   68  132 2034.29473 1941.49217  4.56%  44.5 11015s
 1485806 520237 infeasible   75      2034.29473 1941.49497  4.56%  44.5 11027s
 1486022 520593 1983.54030   50  348 2034.29473 1941.50116  4.56%  44.5 11033s
 1487433 520605 1991.39351   76  171 2034.29473 1941.56857  4.56%  44.5 11035s
 1488258 520930 1971.19505   53   89 2034.29473 1941.58645  4.56%  44.5 11041s
 1488994 521043 2002.42046   69  149 2034.29473 1941.60061  4.56%  44.5 11045s
 1489792 521279 1953.96089   76  186 2034.29473 1941.62182  4.56%  44.5 11050s
 1490395 521565     cutoff  103      2034.29473 1941.63788  4.55%  44.5 11055s
 1491361 521878 1988.18906   70  137 2034.29473 1941.66396  4.55%  44.5 11061s
 1492126 522001     cutoff   40      2034.29473 1941.68933  4.55%  44.5 11067s
 1493332 522162     cutoff   86      2034.29473 1941.72600  4.55%  44.5 11071s
 1494012 522425     cutoff   67      2034.29473 1941.74196  4.55%  44.5 11076s
 1494625 522577 2028.92817   71  167 2034.29473 1941.75804  4.55%  44.5 11081s
 1495483 522775     cutoff   49      2034.29473 1941.79347  4.55%  44.5 11085s
 1496036 522904 1951.74299   67  300 2034.29473 1941.80757  4.55%  44.5 11099s
 1496454 523029 1965.02840   72  223 2034.29473 1941.81627  4.55%  44.5 11103s
 1497109 523062 2015.96131   47  126 2034.29473 1941.84020  4.54%  44.5 11105s
 1498106 523487 2029.08184   61   88 2034.29473 1941.86821  4.54%  44.5 11110s
 1499315 523767 infeasible   56      2034.29473 1941.91231  4.54%  44.5 11116s
 1499906 523932 infeasible   81      2034.29473 1941.92106  4.54%  44.5 11120s
 1501056 524208     cutoff   72      2034.29473 1941.94566  4.54%  44.5 11127s
 1502089 524353 infeasible   55      2034.29473 1941.98556  4.54%  44.5 11131s
 1502788 524495 2031.27156   98  119 2034.29473 1942.00999  4.54%  44.5 11135s
 1503781 524688 infeasible   71      2034.29473 1942.04989  4.53%  44.5 11141s
 1504279 524933 1999.57506   58  135 2034.29473 1942.05244  4.53%  44.5 11145s
 1505690 525233 1976.63703   77  151 2034.29473 1942.11004  4.53%  44.4 11151s
 1506167 525267 infeasible   90      2034.29473 1942.11775  4.53%  44.4 11155s
 1506293 525435 1949.64641   67   38 2034.29473 1942.12631  4.53%  44.4 11165s
 1506963 525525 infeasible   62      2034.29473 1942.13411  4.53%  44.4 11170s
 1507614 525692     cutoff   78      2034.29473 1942.16383  4.53%  44.4 11175s
 1508221 525920 2019.31189   61   52 2034.29473 1942.17901  4.53%  44.4 11180s
 1508921 526155 1943.27358   43  132 2034.29473 1942.20435  4.53%  44.4 11185s
 1510242 526328 1942.46627   48   94 2034.29473 1942.24315  4.52%  44.4 11190s
 1511043 526769 infeasible   53      2034.29473 1942.26489  4.52%  44.4 11196s
 1511866 526960 infeasible   72      2034.29473 1942.30092  4.52%  44.4 11200s
 1512626 527113 infeasible   66      2034.29473 1942.33384  4.52%  44.4 11205s
 1513767 527391 2031.99656   54  135 2034.29473 1942.35723  4.52%  44.4 11211s
 1514677 527500 infeasible   64      2034.29473 1942.38539  4.52%  44.4 11215s
 1515617 527782 infeasible   75      2034.29473 1942.41153  4.52%  44.4 11220s
 1516830 528160     cutoff   62      2034.29473 1942.44077  4.52%  44.4 11235s
 1517002 528584 2027.78494   52   57 2034.29473 1942.45219  4.51%  44.4 11241s
 1519164 528638 1951.93496   60  227 2034.29473 1942.53976  4.51%  44.4 11245s
 1520301 528998 2027.56136   62  163 2034.29473 1942.57326  4.51%  44.4 11251s
 1521074 529222 2018.24190   70   18 2034.29473 1942.59849  4.51%  44.4 11255s
 1522236 529491 2013.38882   71  169 2034.29473 1942.63290  4.51%  44.4 11261s
 1522776 529625 2031.95836   71  169 2034.29473 1942.64507  4.51%  44.4 11265s
 1523921 529829 2009.78029   66   88 2034.29473 1942.68722  4.50%  44.4 11271s
 1525002 530141     cutoff   76      2034.29473 1942.73487  4.50%  44.4 11276s
 1525908 530301     cutoff   74      2034.29473 1942.77826  4.50%  44.4 11280s
 1526901 530465     cutoff   74      2034.29473 1942.80346  4.50%  44.4 11285s
 1527640 530785 1966.06569   76   13 2034.29473 1942.83305  4.50%  44.4 11300s
 1528262 530961     cutoff   60      2034.29473 1942.85552  4.49%  44.4 11305s
 1529514 531278     cutoff   56      2034.29473 1942.89989  4.49%  44.4 11311s
 1530667 531414     cutoff   85      2034.29473 1942.94144  4.49%  44.4 11315s
 1531334 531702     cutoff  123      2034.29473 1942.95869  4.49%  44.4 11320s
 1532252 532037     cutoff   92      2034.29473 1943.00243  4.49%  44.4 11325s
 1533376 532262 1994.30009   78  167 2034.29473 1943.04235  4.49%  44.4 11330s
 1534474 532445 infeasible   45      2034.29473 1943.08374  4.48%  44.4 11335s
 1535360 532829 2015.41738   64   38 2034.29473 1943.11333  4.48%  44.4 11340s
 1535968 532985     cutoff   76      2034.29473 1943.12868  4.48%  44.4 11345s
 1537205 533170 2010.60277   92  135 2034.29473 1943.18050  4.48%  44.4 11351s
 1537951 533339 infeasible   76      2034.29473 1943.20844  4.48%  44.4 11365s
 1538167 533738 1995.39903   62  341 2034.29473 1943.21734  4.48%  44.4 11371s
 1539680 533842 2003.83666   63  149 2034.29473 1943.25790  4.48%  44.4 11376s
 1540314 534097 1978.41150   65  199 2034.29473 1943.27514  4.47%  44.4 11381s
 1541016 534304 2006.39350   45  103 2034.29473 1943.30244  4.47%  44.4 11385s
 1542421 534558 1959.62638   75  235 2034.29473 1943.34289  4.47%  44.4 11391s
 1543343 534831 infeasible   52      2034.29473 1943.37880  4.47%  44.4 11396s
 1544161 534979 1945.11814   46  137 2034.29473 1943.41120  4.47%  44.4 11400s
 1544725 535307     cutoff   71      2034.29473 1943.41746  4.47%  44.4 11405s
 1545461 535494 infeasible   89      2034.29473 1943.45080  4.47%  44.4 11410s
 1546728 535713 1964.62548   75  219 2034.29473 1943.49681  4.46%  44.4 11415s
 1547589 535980 infeasible   63      2034.29473 1943.52186  4.46%  44.4 11420s
 1548451 536180 2029.13530   71   54 2034.29473 1943.54310  4.46%  44.4 11434s
 1548592 536713 1986.26803   49   21 2034.29473 1943.55379  4.46%  44.4 11443s
 1550830 536735 infeasible   63      2034.29473 1943.60896  4.46%  44.4 11445s
 1551414 537033 2030.57871   71   94 2034.29473 1943.62237  4.46%  44.4 11451s
 1552047 537200 infeasible   95      2034.29473 1943.62957  4.46%  44.4 11456s
 1553164 537518 1974.52200   87  210 2034.29473 1943.65968  4.46%  44.3 11462s
 1553922 537730     cutoff   73      2034.29473 1943.68606  4.45%  44.3 11466s
 1554683 537866 2014.01988   81  102 2034.29473 1943.70932  4.45%  44.3 11470s
 1555911 538198 infeasible   68      2034.29473 1943.75800  4.45%  44.3 11476s
 1556897 538311 1944.12128   37  107 2034.29473 1943.78213  4.45%  44.3 11480s
 1558026 538647 2017.83324   56  106 2034.29473 1943.80022  4.45%  44.3 11486s
 1559091 538954 infeasible   95      2034.29473 1943.82875  4.45%  44.3 11501s
 1559260 539531     cutoff  100      2034.29473 1943.82875  4.45%  44.3 11508s
 1561135 539549 2025.05645  102   91 2034.29473 1943.88286  4.44%  44.3 11510s
 1561967 539797     cutoff   84      2034.29473 1943.90695  4.44%  44.3 11516s
 1562504 539978 1973.77226   42   76 2034.29473 1943.91924  4.44%  44.3 11520s
 1563363 540183     cutoff   79      2034.29473 1943.94193  4.44%  44.3 11525s
 1564150 540520 infeasible   55      2034.29473 1943.97221  4.44%  44.3 11530s
 1565219 540850 1974.99101   68  232 2034.29473 1943.99480  4.44%  44.3 11536s
 1565921 540987     cutoff   69      2034.29473 1944.03866  4.44%  44.3 11540s
 1566951 541217 2030.86397   61   57 2034.29473 1944.06879  4.44%  44.3 11546s
 1567486 541362     cutoff   84      2034.29473 1944.08282  4.43%  44.3 11550s
 1568804 541594 2025.54715   55   32 2034.29473 1944.12376  4.43%  44.3 11556s
 1569528 541963 2024.78430   97    4 2034.29473 1944.14248  4.43%  44.3 11569s
 1570312 541962 infeasible   72      2034.29473 1944.16720  4.43%  44.3 11571s
 1571251 542170     cutoff   71      2034.29473 1944.19458  4.43%  44.3 11576s
 1571837 542436     cutoff   67      2034.29473 1944.20744  4.43%  44.3 11580s
 1572826 542615 1945.58034   57  196 2034.29473 1944.24371  4.43%  44.3 11585s
 1573516 542851 2030.60630   78   85 2034.29473 1944.25640  4.43%  44.3 11590s
 1574721 543175 infeasible   60      2034.29473 1944.31631  4.42%  44.3 11597s
 1575424 543363 2024.02594   69   42 2034.29473 1944.33314  4.42%  44.3 11601s
 1576611 543537     cutoff   65      2034.29473 1944.38296  4.42%  44.3 11605s
 1576739 543654 1944.56177   64  249 2034.29473 1944.38969  4.42%  44.3 11611s
 1577245 543787 1944.52792   53  198 2034.29473 1944.40029  4.42%  44.3 11615s
 1577463 543853 1954.54153   75  219 2034.29473 1944.40334  4.42%  44.3 11621s
 1577686 543914 2031.79010   53  120 2034.29473 1944.40676  4.42%  44.3 11625s
 1578100 544033 2017.21375   51  131 2034.29473 1944.41825  4.42%  44.3 11631s
 1578529 544202     cutoff   49      2034.29473 1944.43294  4.42%  44.3 11637s
 1579231 544389     cutoff   72      2034.29473 1944.44640  4.42%  44.3 11642s
 1579744 544439 1946.46324   56  192 2034.29473 1944.45986  4.42%  44.3 11654s
 1579970 544706 infeasible   94      2034.29473 1944.46663  4.42%  44.3 11660s
 1581085 544798 infeasible   45      2034.29473 1944.48556  4.41%  44.3 11665s
 1581977 544974 2016.25060   60  174 2034.29473 1944.53345  4.41%  44.3 11671s
 1582849 545395 1944.67293   72  162 2034.29473 1944.55607  4.41%  44.3 11677s
 1583862 545629 infeasible   69      2034.29473 1944.58822  4.41%  44.3 11682s
 1584540 545704 2019.61986   76    4 2034.29473 1944.61072  4.41%  44.3 11685s
 1585404 545885 1985.12646   70  232 2034.29473 1944.63872  4.41%  44.2 11690s
 1586088 546111     cutoff   84      2034.29473 1944.65984  4.41%  44.2 11695s
 1586914 546312 infeasible   69      2034.29473 1944.65984  4.41%  44.2 11701s
 1587925 546493 infeasible   69      2034.29473 1944.71470  4.40%  44.2 11706s
 1588655 546903 1966.09748   73  131 2034.29473 1944.73788  4.40%  44.2 11712s
 1589506 547139 1981.53976   71  168 2034.29473 1944.75792  4.40%  44.2 11716s
 1590236 547345 2031.35473   66   47 2034.29473 1944.77298  4.40%  44.2 11729s
 1590914 547358 1950.46187   69  271 2034.29473 1944.79056  4.40%  44.2 11730s
 1591891 547717 infeasible   62      2034.29473 1944.81027  4.40%  44.2 11737s
 1592522 548040     cutoff   82      2034.29473 1944.82903  4.40%  44.2 11742s
 1593267 548210 1975.76833   46   28 2034.29473 1944.85208  4.40%  44.2 11745s
 1594415 548488     cutoff   86      2034.29473 1944.89520  4.39%  44.2 11751s
 1595494 548608 2026.97957   68   22 2034.29473 1944.92578  4.39%  44.2 11755s
 1596155 548904 infeasible   84      2034.29473 1944.95049  4.39%  44.2 11760s
 1596694 549059 2026.34569   53   25 2034.29473 1944.96208  4.39%  44.2 11765s
 1597894 549342 1997.42985   72  202 2034.29473 1944.98800  4.39%  44.2 11771s
 1598340 549423     cutoff   54      2034.29473 1945.00462  4.39%  44.2 11775s
 1599444 549566 infeasible   68      2034.29473 1945.02990  4.39%  44.2 11781s
 1600206 549680     cutoff   74      2034.29473 1945.06260  4.39%  44.2 11785s
 1600950 549838     cutoff   71      2034.29473 1945.07873  4.39%  44.2 11799s
 1601269 550040 1999.46524   70  156 2034.29473 1945.08789  4.39%  44.2 11803s
 1602129 550057 2009.36104   79  163 2034.29473 1945.10275  4.38%  44.2 11807s
 1602892 550295     cutoff   63      2034.29473 1945.12141  4.38%  44.2 11811s
 1603511 550495 infeasible   62      2034.29473 1945.14277  4.38%  44.2 11816s
 1604361 550777 infeasible   65      2034.29473 1945.17088  4.38%  44.2 11821s
 1605104 550904 infeasible   57      2034.29473 1945.18730  4.38%  44.2 11825s
 1605778 551124 infeasible   58      2034.29473 1945.20655  4.38%  44.2 11830s
 1606466 551304 infeasible   73      2034.29473 1945.23277  4.38%  44.2 11835s
 1607742 551397 2021.54685   63  225 2034.29473 1945.26481  4.38%  44.2 11842s
 1608420 551721 2030.32854   56   24 2034.29473 1945.27802  4.38%  44.2 11847s
 1609032 551861     cutoff   69      2034.29473 1945.30403  4.37%  44.2 11851s
 1609789 551993     cutoff   76      2034.29473 1945.32062  4.37%  44.2 11855s
 1610714 552278 2008.99583   68   95 2034.29473 1945.34808  4.37%  44.2 11860s
 1611668 552471 1946.34502   46   86 2034.29473 1945.37236  4.37%  44.2 11873s
 1611783 553092     cutoff   94      2034.29473 1945.37475  4.37%  44.2 11884s
 1614031 553100 1955.82279   61   40 2034.29473 1945.39781  4.37%  44.2 11886s
 1614139 553310 2002.60109   91  180 2034.29473 1945.40035  4.37%  44.2 11891s
 1614861 553476     cutoff   54      2034.29473 1945.43605  4.37%  44.2 11895s
 1615802 553622 2020.36917   85   83 2034.29473 1945.45602  4.37%  44.2 11900s
 1616652 553938 1971.30878   68  227 2034.29473 1945.47369  4.37%  44.2 11907s
 1617291 553956     cutoff   66      2034.29473 1945.49601  4.37%  44.2 11910s
 1617985 554224     cutoff   77      2034.29473 1945.52160  4.36%  44.2 11915s
 1618614 554420 2000.00895   50  178 2034.29473 1945.52859  4.36%  44.2 11921s
 1619728 554702 2030.68725   62  131 2034.29473 1945.56065  4.36%  44.2 11927s
 1620619 554974 2032.04816   74    9 2034.29473 1945.58810  4.36%  44.2 11931s
 1621303 555136 2026.49787   63  173 2034.29473 1945.59963  4.36%  44.2 11937s
 1622116 555373 1993.99873   59  305 2034.29473 1945.61730  4.36%  44.2 11951s
 1622873 555454 infeasible   62      2034.29473 1945.63923  4.36%  44.2 11956s
 1623560 555711 infeasible   62      2034.29473 1945.65314  4.36%  44.2 11960s
 1624232 555850 infeasible   72      2034.29473 1945.67060  4.36%  44.2 11965s
 1625503 556113 2019.78509   64  231 2034.29473 1945.69652  4.36%  44.2 11970s
 1626509 556460 2020.13678   66  209 2034.29473 1945.71877  4.35%  44.1 11977s
 1627140 556579 2029.67507   71  151 2034.29473 1945.72962  4.35%  44.1 11980s
 1628322 556884 infeasible   72      2034.29473 1945.75579  4.35%  44.1 11986s
 1629324 557029 2025.60951   85   74 2034.29473 1945.77752  4.35%  44.1 11991s
 1629835 557182     cutoff   56      2034.29473 1945.78554  4.35%  44.1 11995s
 1630423 557351     cutoff   66      2034.29473 1945.79667  4.35%  44.1 12000s
 1631289 557612 1953.04781   64   10 2034.29473 1945.82462  4.35%  44.1 12006s
 1632020 557762     cutoff   64      2034.29473 1945.84676  4.35%  44.1 12010s
 1632474 557792 2014.69036   54  118 2034.29473 1945.85360  4.35%  44.1 12022s
 1632640 558269 1950.51097   40  102 2034.29473 1945.86046  4.35%  44.1 12030s
 1634600 558460 1996.83127   71   37 2034.29473 1945.90633  4.34%  44.1 12035s
 1635581 558515 1946.38291   56  241 2034.29473 1945.93263  4.34%  44.1 12040s
 1636368 558722     cutoff   78      2034.29473 1945.94449  4.34%  44.1 12046s
 1636623 558788 2000.04674   73  230 2034.29473 1945.94798  4.34%  44.1 12051s
 1636843 558871 1973.01998   57  192 2034.29473 1945.95419  4.34%  44.1 12055s
 1637096 558947 2008.76368   59  144 2034.29473 1945.95419  4.34%  44.1 12060s
 1637448 559009 1991.21183   59  178 2034.29473 1945.96927  4.34%  44.1 12066s
 1637893 559131 2031.72220   66   11 2034.29473 1945.97929  4.34%  44.1 12071s
 1638120 559280 2031.72220   67    6 2034.29473 1945.97929  4.34%  44.1 12075s
 1638750 559492 2031.72220   69    4 2034.29473 1946.00572  4.34%  44.1 12083s
 1639479 559573     cutoff   73      2034.29473 1946.01488  4.34%  44.1 12086s
 1640689 559864 2032.18917   75  183 2034.29473 1946.04346  4.34%  44.1 12092s
 1640737 560167 2021.30833   65  238 2034.29473 1946.05437  4.34%  44.1 12096s
 1642418 560404 1953.26977   70  150 2034.29473 1946.10057  4.34%  44.1 12102s
 1642496 560645 1953.81250   71  150 2034.29473 1946.10210  4.34%  44.1 12105s
 1643337 560739 2020.43057   72  179 2034.29473 1946.11810  4.33%  44.1 12118s
 1643850 560807 1946.24368   56  163 2034.29473 1946.13178  4.33%  44.1 12121s
 1644851 560948 2025.55415   61   83 2034.29473 1946.14734  4.33%  44.1 12126s
 1645585 561252 2010.45776   65  250 2034.29473 1946.16371  4.33%  44.1 12131s
 1646094 561386 2001.86403   73   78 2034.29473 1946.18281  4.33%  44.1 12135s
 1647381 561682 1973.65570   84  223 2034.29473 1946.20616  4.33%  44.1 12141s
 1648153 561891     cutoff   64      2034.29473 1946.22471  4.33%  44.1 12145s
 1648932 562074 2017.28397   83    3 2034.29473 1946.24416  4.33%  44.1 12150s
 1650249 562354 1952.78869   73  212 2034.29473 1946.27323  4.33%  44.1 12156s
 1651092 562708 1968.15831   70   78 2034.29473 1946.28954  4.33%  44.1 12161s
 1651676 562945 1977.36207   67  206 2034.29473 1946.30111  4.33%  44.1 12165s
 1653011 563152     cutoff  102      2034.29473 1946.33749  4.32%  44.1 12170s
 1653674 563500 2028.62511   57   45 2034.29473 1946.34878  4.32%  44.1 12186s
 1654602 563722 1946.71359   60  205 2034.29473 1946.37373  4.32%  44.1 12191s
 1655644 564085 infeasible   69      2034.29473 1946.39353  4.32%  44.1 12196s
 1656338 564335 1948.75513   52  136 2034.29473 1946.40595  4.32%  44.1 12200s
 1657831 564596 infeasible   73      2034.29473 1946.43674  4.32%  44.0 12206s
 1658628 564766 2005.70196   78   28 2034.29473 1946.45605  4.32%  44.0 12210s
 1659707 565076 infeasible   64      2034.29473 1946.49462  4.32%  44.0 12216s
 1660332 565263 1967.73932   68  217 2034.29473 1946.50929  4.32%  44.0 12221s
 1661156 565472     cutoff   68      2034.29473 1946.53350  4.31%  44.0 12226s
 1662132 565693 infeasible   86      2034.29473 1946.55148  4.31%  44.0 12231s
 1662628 565877 2018.10130   75    9 2034.29473 1946.55592  4.31%  44.0 12235s
 1663464 566043 2025.54003   73   75 2034.29473 1946.56832  4.31%  44.0 12240s
 1664007 566140 2007.50197   67   67 2034.29473 1946.58319  4.31%  44.0 12254s
 1664349 566320 2006.12609   59  152 2034.29473 1946.59060  4.31%  44.0 12258s
 1665202 566335 infeasible   67      2034.29473 1946.61358  4.31%  44.0 12260s
 1665926 566658 2018.96702   82  215 2034.29473 1946.62754  4.31%  44.0 12265s
 1666978 566831 2030.68902   80  166 2034.29473 1946.64879  4.31%  44.0 12271s
 1667429 566971     cutoff   58      2034.29473 1946.66328  4.31%  44.0 12275s
 1668607 567252 infeasible   65      2034.29473 1946.68400  4.31%  44.0 12282s
 1669401 567394     cutoff   56      2034.29473 1946.69940  4.31%  44.0 12286s
 1670290 567696 2031.25349   67   10 2034.29473 1946.72150  4.30%  44.0 12291s
 1670980 567845     cutoff   51      2034.29473 1946.74138  4.30%  44.0 12296s
 1671783 568084 2018.73790   52  117 2034.29473 1946.75847  4.30%  44.0 12301s
 1672454 568314 2033.99518   60    5 2034.29473 1946.78009  4.30%  44.0 12306s
 1673354 568567 2018.64310   63  101 2034.29473 1946.79433  4.30%  44.0 12312s
 1674030 568582 2033.75601   56    9 2034.29473 1946.81083  4.30%  44.0 12315s
 1674532 568824 2019.69797   99   15 2034.29473 1946.82640  4.30%  44.0 12331s
 1675256 568973 2030.55015   59    8 2034.29473 1946.83430  4.30%  44.0 12336s
 1676223 569233 1947.46993   70  287 2034.29473 1946.85887  4.30%  44.0 12341s
 1677051 569342 2027.36973   57   29 2034.29473 1946.88306  4.30%  44.0 12346s
 1677906 569531     cutoff   78      2034.29473 1946.90706  4.30%  44.0 12351s
 1678689 569782 1947.94724   60  152 2034.29473 1946.92910  4.29%  44.0 12356s
 1679374 570047 1947.30531   72  224 2034.29473 1946.94885  4.29%  44.0 12361s
 1680491 570149 2029.52293   70    3 2034.29473 1946.97126  4.29%  44.0 12365s
 1681332 570367     cutoff   66      2034.29473 1946.98434  4.29%  44.0 12370s
 1681942 570643 1979.54236   85  157 2034.29473 1946.99741  4.29%  44.0 12375s
 1682584 570803     cutoff   74      2034.29473 1947.01275  4.29%  44.0 12380s
 1683791 571085 1949.58046   68  248 2034.29473 1947.03393  4.29%  44.0 12386s
 1684587 571281 2032.67366   79    6 2034.29473 1947.05337  4.29%  44.0 12391s
 1685103 571328     cutoff   65      2034.29473 1947.06565  4.29%  44.0 12404s
 1685420 571614 2027.18355   64   35 2034.29473 1947.07378  4.29%  44.0 12408s
 1686224 571644 1994.47671   54  203 2034.29473 1947.08419  4.29%  44.0 12410s
 1687063 571852 2012.71358   47   22 2034.29473 1947.10492  4.29%  44.0 12416s
 1687516 572064 1965.12903   77  203 2034.29473 1947.11750  4.29%  44.0 12421s
 1688470 572144 2005.64778   58  200 2034.29473 1947.14595  4.28%  44.0 12426s
 1689004 572314     cutoff   76      2034.29473 1947.15556  4.28%  44.0 12431s
 1689982 572343 infeasible   58      2034.29473 1947.17848  4.28%  44.0 12436s
 1690076 572693 1960.55153   58  185 2034.29473 1947.18408  4.28%  44.0 12440s
 1691140 572851 1967.70126   91  252 2034.29473 1947.20858  4.28%  44.0 12445s
 1692488 573134 infeasible   58      2034.29473 1947.23251  4.28%  44.0 12452s
 1693454 573368     cutoff   75      2034.29473 1947.25948  4.28%  44.0 12456s
 1694142 573652 infeasible   56      2034.29473 1947.27504  4.28%  44.0 12460s
 1695345 573929 1949.22769   67  237 2034.29473 1947.30446  4.28%  44.0 12478s
 1695714 574137 1965.33531   75  129 2034.29473 1947.31387  4.28%  44.0 12482s
 1696609 574393 2029.06254   67  114 2034.29473 1947.34032  4.27%  44.0 12487s
 1697285 574513 2022.63288   74    6 2034.29473 1947.35223  4.27%  44.0 12490s
 1698505 574830 infeasible   75      2034.29473 1947.39223  4.27%  44.0 12496s
 1699025 574981 2002.77103   84  194 2034.29473 1947.40976  4.27%  44.0 12502s
 1699995 575103 infeasible   56      2034.29473 1947.44096  4.27%  44.0 12506s
 1700663 575345 1959.32756   49   28 2034.29473 1947.45506  4.27%  44.0 12511s
 1701425 575506 1948.57731   60   55 2034.29473 1947.47258  4.27%  44.0 12515s
 1702065 575798 2027.11999   60   23 2034.29473 1947.49023  4.27%  44.0 12520s
 1702684 576004 infeasible   55      2034.29473 1947.50529  4.27%  44.0 12526s
 1703513 576105 2005.17547   75  181 2034.29473 1947.51926  4.27%  44.0 12530s
 1704332 576435 1948.05796   64  235 2034.29473 1947.53796  4.26%  44.0 12536s
 1705388 576534 1949.05327   54   74 2034.29473 1947.55744  4.26%  43.9 12540s
 1705604 576740 2000.38729   74  127 2034.29473 1947.56602  4.26%  43.9 12553s
 1706246 576780 1992.69753   72  214 2034.29473 1947.58040  4.26%  43.9 12555s
 1707042 577038 2022.58961   53   59 2034.29473 1947.60439  4.26%  43.9 12561s
 1707700 577107     cutoff   74      2034.29473 1947.61675  4.26%  43.9 12565s
 1708165 577286 2024.62697   63  213 2034.29473 1947.62942  4.26%  44.0 12570s
 1708730 577438 1978.01226   59   63 2034.29473 1947.64496  4.26%  44.0 12575s
 1709758 577575 2022.78046   51  139 2034.29473 1947.66856  4.26%  44.0 12581s
 1710384 577864 1948.53799   56  351 2034.29473 1947.68287  4.26%  44.0 12587s
 1711090 578126     cutoff   95      2034.29473 1947.70307  4.26%  44.0 12592s
 1711781 578273 infeasible   61      2034.29473 1947.71079  4.26%  44.0 12595s
 1712368 578381 infeasible   70      2034.29473 1947.72193  4.26%  44.0 12600s
 1713790 578637 1952.88160   55    9 2034.29473 1947.76359  4.25%  44.0 12607s
 1714056 578737     cutoff   69      2034.29473 1947.76896  4.25%  43.9 12610s
 1714620 578860 1960.62020   62  245 2034.29473 1947.78489  4.25%  44.0 12615s
 1715704 579036 2029.24601   72  129 2034.29473 1947.82003  4.25%  43.9 12620s
 1715807 579100 1949.39086   60   37 2034.29473 1947.82130  4.25%  43.9 12633s
 1716310 579233 infeasible   80      2034.29473 1947.83262  4.25%  44.0 12636s
 1716883 579471     cutoff  112      2034.29473 1947.84733  4.25%  44.0 12642s
 1717706 579713 2013.19407   76  254 2034.29473 1947.85520  4.25%  44.0 12646s
 1718497 579845 2033.09457   69   40 2034.29473 1947.87817  4.25%  44.0 12652s
 1719392 580014 1955.23646   61  210 2034.29473 1947.88998  4.25%  44.0 12656s
 1720156 580178     cutoff   63      2034.29473 1947.90554  4.25%  43.9 12662s
 1720980 580293 2030.34595   78   95 2034.29473 1947.93026  4.25%  43.9 12667s
 1721627 580593 2014.52736   78   13 2034.29473 1947.94685  4.24%  43.9 12672s
 1722266 580759 infeasible   54      2034.29473 1947.95505  4.24%  43.9 12677s
 1723149 580910 2034.28782   77  165 2034.29473 1947.98120  4.24%  44.0 12681s
 1723966 581117 2006.32658   69  243 2034.29473 1947.99598  4.24%  43.9 12686s
 1724826 581535 2012.53611   49   49 2034.29473 1948.00577  4.24%  43.9 12691s
 1725607 581765     cutoff   63      2034.29473 1948.01354  4.24%  43.9 12696s
 1726218 581931 2013.53516   63  186 2034.29473 1948.02713  4.24%  43.9 12710s
 1726916 582066 1994.05307   70  172 2034.29473 1948.03647  4.24%  43.9 12715s
 1728101 582356 1948.71525   50  130 2034.29473 1948.05641  4.24%  43.9 12721s
 1728760 582554 2027.97852   44  166 2034.29473 1948.07808  4.24%  43.9 12727s
 1729918 582768 2029.58667   60   83 2034.29473 1948.09906  4.24%  43.9 12731s
 1730935 583008 2019.97009   65   59 2034.29473 1948.11129  4.24%  43.9 12736s
 1731618 583174 2027.81339   91   96 2034.29473 1948.12616  4.24%  43.9 12741s
 1732502 583304 infeasible   69      2034.29473 1948.15588  4.23%  43.9 12745s
 1733225 583574 infeasible   71      2034.29473 1948.17556  4.23%  43.9 12752s
 1734235 583671 infeasible   56      2034.29473 1948.19782  4.23%  43.9 12756s
 1734922 584135 1978.97077   52  142 2034.29473 1948.21597  4.23%  43.9 12760s
 1735682 584269 1948.69054   75  157 2034.29473 1948.22267  4.23%  43.9 12766s
 1736460 584481 1994.07097   71  174 2034.29473 1948.23852  4.23%  43.9 12783s
 1737077 584483 2024.87745   72    3 2034.29473 1948.25390  4.23%  43.9 12785s
 1737819 584761     cutoff   93      2034.29473 1948.26514  4.23%  43.9 12790s
 1738916 585130 1969.75553   48  225 2034.29473 1948.30147  4.23%  43.9 12796s
 1739526 585306 2032.31287   77  105 2034.29473 1948.31396  4.23%  43.9 12801s
 1740266 585469 1958.08841   69  257 2034.29473 1948.33103  4.23%  43.9 12805s
 1741196 585575 1949.23974   50  238 2034.29473 1948.35265  4.22%  43.9 12810s
 1741939 585851 1984.31766   69  148 2034.29473 1948.37115  4.22%  43.9 12816s
 1742485 586044 1982.76133   63  200 2034.29473 1948.37499  4.22%  43.9 12821s
 1743601 586213 infeasible   66      2034.29473 1948.40844  4.22%  43.9 12826s
 1744267 586582 2014.45059   56   10 2034.29473 1948.42678  4.22%  43.9 12831s
 1745010 586799     cutoff   70      2034.29473 1948.44678  4.22%  43.9 12835s
 1746147 587062 2006.06630   58  185 2034.29473 1948.46378  4.22%  43.9 12841s
 1746869 587156 infeasible   54      2034.29473 1948.48725  4.22%  43.9 12857s
 1747105 587582 1950.55324   78  203 2034.29473 1948.49090  4.22%  43.9 12861s
 1748502 587713 1963.89130   63  238 2034.29473 1948.51279  4.22%  43.9 12866s
 1749712 587968 2030.02718   78   87 2034.29473 1948.54338  4.22%  43.9 12871s
 1750645 588189 2010.99539   62  113 2034.29473 1948.55897  4.21%  43.9 12876s
 1751189 588368     cutoff   66      2034.29473 1948.57552  4.21%  43.9 12880s
 1751811 588505 1988.49471   73  188 2034.29473 1948.59330  4.21%  43.9 12885s
 1752748 588582 infeasible   69      2034.29473 1948.60790  4.21%  43.9 12890s
 1753631 588926 2011.59866   46   74 2034.29473 1948.63714  4.21%  43.9 12897s
 1754286 589151 1948.77035   65  255 2034.29473 1948.64771  4.21%  43.9 12901s
 1755233 589235 2028.96968   64    9 2034.29473 1948.66442  4.21%  43.9 12906s
 1755948 589409 infeasible   53      2034.29473 1948.68707  4.21%  43.9 12910s
 1756701 589685 infeasible   57      2034.29473 1948.70012  4.21%  43.9 12915s
 1757285 589695 infeasible   83      2034.29473 1948.71677  4.21%  43.9 12929s
 1757401 590417     cutoff   69      2034.29473 1948.71677  4.21%  43.9 12940s
 1760156 590523 2022.93264   64  211 2034.29473 1948.75129  4.21%  43.9 12946s
 1760759 590684     cutoff   56      2034.29473 1948.77846  4.20%  43.9 12950s
 1761653 590745 infeasible   65      2034.29473 1948.79678  4.20%  43.9 12955s
 1762304 591017     cutoff   85      2034.29473 1948.81021  4.20%  43.9 12960s
 1763367 591289 infeasible   84      2034.29473 1948.82752  4.20%  43.9 12966s
 1763870 591509 1949.72596   55  242 2034.29473 1948.84092  4.20%  43.9 12970s
 1764701 591594 1949.45085   74  229 2034.29473 1948.85564  4.20%  43.9 12976s
 1764896 591607 2012.19709   74  130 2034.29473 1948.86282  4.20%  43.9 12980s
 1765945 591848 infeasible   48      2034.29473 1948.88825  4.20%  43.9 12985s
 1766643 592158     cutoff   66      2034.29473 1948.90038  4.20%  43.9 12990s
 1767864 592471     cutoff   63      2034.29473 1948.92109  4.20%  43.9 13008s
 1768527 592654 1986.58760   71   94 2034.29473 1948.93588  4.20%  43.9 13012s
 1769142 592734 2001.42584   81  175 2034.29473 1948.94719  4.20%  43.9 13016s
 1769728 592966 1970.65145   83   44 2034.29473 1948.96109  4.19%  43.9 13021s
 1770415 593117     cutoff   63      2034.29473 1948.96870  4.19%  43.9 13025s
 1771389 593213 1954.64597   68  184 2034.29473 1948.98706  4.19%  43.9 13030s
 1772314 593609     cutoff   92      2034.29473 1949.00757  4.19%  43.9 13037s
 1773229 593827 2028.49355   49   78 2034.29473 1949.01848  4.19%  43.9 13042s
 1773999 593939 infeasible   76      2034.29473 1949.04045  4.19%  43.9 13046s
 1775023 594034 2008.46969   59   80 2034.29473 1949.05546  4.19%  43.9 13051s
 1775672 594311     cutoff   97      2034.29473 1949.06600  4.19%  43.9 13055s
 1776729 594652 infeasible   70      2034.29473 1949.07902  4.19%  43.8 13061s
 1777513 594874 1963.92877   55  213 2034.29473 1949.08630  4.19%  43.8 13065s
 1778197 595090     cutoff   61      2034.29473 1949.10404  4.19%  43.8 13081s
 1779068 595394 1998.89765   73  231 2034.29473 1949.12363  4.19%  43.8 13087s
 1779819 595419     cutoff   54      2034.29473 1949.14436  4.19%  43.8 13090s
 1780558 595684     cutoff   55      2034.29473 1949.15261  4.19%  43.8 13096s
 1781227 595811     cutoff   57      2034.29473 1949.16237  4.18%  43.8 13100s
 1781802 595876 infeasible   73      2034.29473 1949.17765  4.18%  43.8 13105s
 1782677 596001 1949.44002   77  210 2034.29473 1949.20561  4.18%  43.8 13110s
 1783176 596209 infeasible   67      2034.29473 1949.21889  4.18%  43.8 13116s
 1784028 596398     cutoff   56      2034.29473 1949.23407  4.18%  43.8 13121s
 1785367 596633 infeasible   53      2034.29473 1949.25801  4.18%  43.8 13125s
 1786232 596765 1999.10441   71  146 2034.29473 1949.28215  4.18%  43.8 13131s
 1786690 596840     cutoff   56      2034.29473 1949.28888  4.18%  43.8 13135s
 1787980 597121 2027.09150   70  155 2034.29473 1949.32389  4.18%  43.8 13142s
 1788655 597603 2022.56753   55  114 2034.29473 1949.34001  4.18%  43.8 13158s
 1789594 597694 2025.90335   66  193 2034.29473 1949.35846  4.18%  43.8 13161s
 1790000 597855 2024.10531   51   70 2034.29473 1949.37608  4.17%  43.8 13165s
 1791304 598214 1952.27287   59  310 2034.29473 1949.40536  4.17%  43.8 13171s
 1791911 598334 1962.96315   74  139 2034.29473 1949.41392  4.17%  43.8 13175s
 1793067 598521 1954.28958   47   68 2034.29473 1949.44056  4.17%  43.8 13181s
 1793491 598722     cutoff   53      2034.29473 1949.45755  4.17%  43.8 13185s
 1794105 598828 1960.53845   84  153 2034.29473 1949.46748  4.17%  43.8 13190s
 1795398 599097 1950.44228   79   42 2034.29473 1949.49757  4.17%  43.8 13196s
 1796255 599298 1957.82626   69  110 2034.29473 1949.51756  4.17%  43.8 13201s
 1796994 599511     cutoff   82      2034.29473 1949.53767  4.17%  43.8 13206s
 1797554 599680 1984.32968   82  281 2034.29473 1949.54617  4.17%  43.8 13211s
 1798598 599812 1961.88229   65  253 2034.29473 1949.55940  4.17%  43.8 13215s
 1799166 600091 1980.98674   74  142 2034.29473 1949.57736  4.16%  43.8 13232s
 1799824 600167     cutoff   51      2034.29473 1949.58581  4.16%  43.8 13236s
 1800294 600351     cutoff   62      2034.29473 1949.59655  4.16%  43.8 13242s
 1800966 600518 1951.28062   49  105 2034.29473 1949.60071  4.16%  43.8 13247s
 1801680 600753 2022.85605   70  169 2034.29473 1949.62712  4.16%  43.8 13251s
 1802511 600991 infeasible   79      2034.29473 1949.64485  4.16%  43.8 13255s
 1803964 601152 1957.33714   45  142 2034.29473 1949.67482  4.16%  43.8 13260s
 1804841 601508     cutoff  110      2034.29473 1949.69069  4.16%  43.8 13265s
 1805516 601668     cutoff   88      2034.29473 1949.70352  4.16%  43.8 13270s
 1806825 601978 infeasible  101      2034.29473 1949.73107  4.16%  43.8 13276s
 1807946 602120 2015.43134   86  100 2034.29473 1949.74911  4.16%  43.8 13280s
 1808567 602269 1981.72745   61  191 2034.29473 1949.75930  4.16%  43.8 13285s
 1809269 602631 2013.01119   96  117 2034.29473 1949.76691  4.16%  43.8 13291s
 1809909 602656 2013.51922   76   14 2034.29473 1949.77930  4.15%  43.8 13305s
 1810809 602912 2024.15878   64   66 2034.29473 1949.80526  4.15%  43.8 13311s
 1811582 603095     cutoff   90      2034.29473 1949.82408  4.15%  43.8 13316s
 1812940 603260 infeasible   47      2034.29473 1949.85071  4.15%  43.7 13321s
 1813630 603492     cutoff   98      2034.29473 1949.86138  4.15%  43.7 13326s
 1814151 603574     cutoff   56      2034.29473 1949.87317  4.15%  43.7 13330s
 1814812 603758 2008.65244   67  133 2034.29473 1949.88944  4.15%  43.7 13335s
 1816074 604006 2013.12921   49   93 2034.29473 1949.91554  4.15%  43.7 13341s
 1816884 604299     cutoff   57      2034.29473 1949.92975  4.15%  43.7 13346s
 1817653 604701 2025.25635   60   66 2034.29473 1949.94066  4.15%  43.7 13351s
 1818241 604895 1951.27646   81  107 2034.29473 1949.94425  4.15%  43.7 13355s
 1819466 605068     cutoff   81      2034.29473 1949.96215  4.15%  43.7 13362s
 1819482 605075 1950.14614   49   43 2034.29473 1949.96215  4.15%  43.7 13366s
 1819526 605079 1950.71930   52  173 2034.29473 1949.96215  4.15%  43.7 13371s
 1819589 605107 1951.17332   54  174 2034.29473 1949.96215  4.15%  43.7 13375s
 1819685 605139     cutoff   57      2034.29473 1949.96215  4.15%  43.7 13381s
 1820243 605387 infeasible   52      2034.29473 1949.96691  4.15%  43.7 13397s
 1820811 605623 1961.84792   55  209 2034.29473 1949.98264  4.14%  43.7 13402s
 1821462 605883 2028.52260   62  132 2034.29473 1950.00393  4.14%  43.7 13408s
 1822240 606019 infeasible   61      2034.29473 1950.02023  4.14%  43.7 13410s
 1823006 606234     cutoff   79      2034.29473 1950.02178  4.14%  43.7 13415s
 1824361 606481 infeasible   55      2034.29473 1950.05579  4.14%  43.7 13421s
 1825104 606661 infeasible   51      2034.29473 1950.06875  4.14%  43.7 13426s
 1825804 606820     cutoff   72      2034.29473 1950.07877  4.14%  43.7 13431s
 1826327 606988 2018.91901   65  108 2034.29473 1950.08460  4.14%  43.7 13436s
 1827260 607167 2007.52608   74   56 2034.29473 1950.10449  4.14%  43.7 13442s
 1827823 607345 1950.86145   75  235 2034.29473 1950.12582  4.14%  43.7 13447s
 1828340 607504 1985.19215   52  120 2034.29473 1950.13500  4.14%  43.7 13450s
 1829106 607705 1985.87296   74  207 2034.29473 1950.14917  4.14%  43.7 13455s
 1830297 608084 infeasible   74      2034.29473 1950.16839  4.14%  43.7 13463s
 1831054 608243 2019.06154   74  274 2034.29473 1950.17893  4.13%  43.7 13476s
 1831873 608414 2007.01351   75  230 2034.29473 1950.19381  4.13%  43.7 13480s
 1833183 608667     cutoff   74      2034.29473 1950.22481  4.13%  43.7 13485s
 1833768 609026 1958.12659   59   48 2034.29473 1950.23034  4.13%  43.7 13490s
 1834564 609182 2028.85238   66    4 2034.29473 1950.24086  4.13%  43.7 13496s
 1834742 609215 infeasible   66      2034.29473 1950.24181  4.13%  43.7 13500s
 1835125 609279 2015.25948   52  122 2034.29473 1950.24642  4.13%  43.7 13507s
 1835395 609324 2027.72570   54  131 2034.29473 1950.25027  4.13%  43.7 13511s
 1835642 609464 2031.37073   54    5 2034.29473 1950.25165  4.13%  43.7 13517s
 1835991 609532 2031.37073   56    8 2034.29473 1950.26415  4.13%  43.7 13521s
 1836386 609630     cutoff   58      2034.29473 1950.26415  4.13%  43.7 13526s
 1836853 609807 2003.64090   54   37 2034.29473 1950.28266  4.13%  43.7 13532s
 1837429 609821 1985.77182   69  184 2034.29473 1950.28266  4.13%  43.7 13535s
 1838195 610072 infeasible   79      2034.29473 1950.30110  4.13%  43.7 13543s
 1838381 610320 infeasible   61      2034.29473 1950.30627  4.13%  43.7 13546s
 1839505 610565 2004.94831   60   95 2034.29473 1950.32827  4.13%  43.7 13552s
 1840278 610572 infeasible   71      2034.29473 1950.34590  4.13%  43.7 13555s
 1841135 610832 infeasible   73      2034.29473 1950.35971  4.13%  43.7 13560s
 1841271 611046 2003.29866   56  234 2034.29473 1950.36005  4.13%  43.7 13574s
 1842007 611182 2020.45704   66   66 2034.29473 1950.37913  4.13%  43.7 13576s
 1843076 611460 infeasible   53      2034.29473 1950.39153  4.12%  43.7 13581s
 1843826 611638 infeasible   65      2034.29473 1950.40148  4.12%  43.7 13585s
 1844531 611927 2016.04249   73   25 2034.29473 1950.41168  4.12%  43.7 13590s
 1845117 612096 2016.66840   59  249 2034.29473 1950.42458  4.12%  43.7 13595s
 1846297 612464 2024.24362   62  104 2034.29473 1950.44504  4.12%  43.7 13602s
 1847025 612629     cutoff   58      2034.29473 1950.45392  4.12%  43.7 13606s
 1847748 612786 2006.94901   81  250 2034.29473 1950.46938  4.12%  43.7 13610s
 1848331 613010 2025.48778   71   51 2034.29473 1950.47824  4.12%  43.7 13616s
 1849125 613239 infeasible   60      2034.29473 1950.49610  4.12%  43.7 13620s
 1850077 613442 2009.82466   65  269 2034.29473 1950.51074  4.12%  43.6 13625s
 1851218 613783 1950.78092   59  240 2034.29473 1950.52456  4.12%  43.6 13631s
 1851748 614183 1983.30077   93  147 2034.29473 1950.53020  4.12%  43.6 13645s
 1852465 614401 2017.26884   75  131 2034.29473 1950.54393  4.12%  43.6 13650s
 1853925 614822 1969.84787   73  223 2034.29473 1950.56071  4.12%  43.6 13656s
 1854550 614979 2009.00059   80  114 2034.29473 1950.56877  4.12%  43.6 13660s
 1855682 615338 2019.42466   62  114 2034.29473 1950.58826  4.11%  43.6 13665s
 1856727 615558 infeasible   84      2034.29473 1950.60348  4.11%  43.6 13672s
 1857310 615795 1965.07095   52   12 2034.29473 1950.61427  4.11%  43.6 13676s
 1857993 615896 2012.93753   66  139 2034.29473 1950.62906  4.11%  43.6 13680s
 1859037 615981     cutoff   65      2034.29473 1950.63739  4.11%  43.6 13686s
 1859562 616180 infeasible   77      2034.29473 1950.65173  4.11%  43.6 13691s
 1860120 616467 1980.21233   57  156 2034.29473 1950.66220  4.11%  43.6 13695s
 1861444 616640 infeasible   79      2034.29473 1950.68099  4.11%  43.6 13701s
 1862032 616776 1983.23370   61  188 2034.29473 1950.69342  4.11%  43.6 13719s
 1862036 617456 infeasible   62      2034.29473 1950.69342  4.11%  43.6 13758s
 1866036 617707 infeasible   90      2034.29473 1950.73872  4.11%  43.6 13762s
 1867011 617928 infeasible   72      2034.29473 1950.75153  4.11%  43.6 13766s
 1867840 618157 infeasible   57      2034.29473 1950.76871  4.11%  43.6 13770s
 1869021 618424 1965.42012   74  141 2034.29473 1950.78574  4.11%  43.6 13777s
 1869927 618686 2010.72075   64  134 2034.29473 1950.80928  4.10%  43.6 13782s
 1870755 619061 1997.28300   54  215 2034.29473 1950.82256  4.10%  43.6 13785s
 1871585 619246 1950.94835   72  246 2034.29473 1950.82966  4.10%  43.6 13791s
 1872244 619338 infeasible   67      2034.29473 1950.84189  4.10%  43.6 13805s
 1872524 619633 1951.94571   58  127 2034.29473 1950.84222  4.10%  43.6 13811s
 1873497 619844 infeasible   66      2034.29473 1950.85410  4.10%  43.6 13816s
 1874337 620166 2022.47940   54   46 2034.29473 1950.87329  4.10%  43.6 13822s
 1875462 620357     cutoff   63      2034.29473 1950.88877  4.10%  43.6 13827s
 1876092 620464     cutoff   71      2034.29473 1950.89570  4.10%  43.6 13831s
 1877039 620562 1974.92478   76  184 2034.29473 1950.91422  4.10%  43.6 13835s
 1877727 620924 1951.05679   60  244 2034.29473 1950.92833  4.10%  43.6 13840s
 1879026 621334 infeasible   49      2034.29473 1950.94178  4.10%  43.5 13847s
 1879755 621540 2005.12413   69  253 2034.29473 1950.95026  4.10%  43.5 13851s
 1880805 621655 2008.77265   55  237 2034.29473 1950.96632  4.10%  43.5 13856s
 1881526 621830     cutoff   66      2034.29473 1950.97543  4.10%  43.5 13860s
 1882348 622014 2005.27084   66   56 2034.29473 1950.99947  4.09%  43.5 13865s
 1883047 622422 1986.93315  109  118 2034.29473 1951.00364  4.09%  43.5 13881s
 1883872 622523 1951.27352   57  116 2034.29473 1951.01622  4.09%  43.5 13885s
 1884845 622722     cutoff   81      2034.29473 1951.04064  4.09%  43.5 13890s
 1885813 623053 1951.05851   83  168 2034.29473 1951.05666  4.09%  43.5 13895s
 1886800 623401 infeasible   67      2034.29473 1951.07219  4.09%  43.5 13900s
 1887958 623582     cutoff   63      2034.29473 1951.09098  4.09%  43.5 13906s
 1888508 623772 infeasible   77      2034.29473 1951.09718  4.09%  43.5 13911s
 1889694 623938 2006.10217   38   17 2034.29473 1951.11999  4.09%  43.5 13915s
 1890594 624231 1987.75182   53   86 2034.29473 1951.13722  4.09%  43.5 13922s
 1891470 624390 2018.08678   90  125 2034.29473 1951.14975  4.09%  43.5 13926s
 1891973 624545 2032.10223   93  133 2034.29473 1951.15690  4.09%  43.5 13931s
 1892796 624723 1953.31606   60  204 2034.29473 1951.17165  4.09%  43.5 13935s
 1893417 625030 infeasible   71      2034.29473 1951.18757  4.09%  43.5 13951s
 1894232 625339 2024.62656   79    3 2034.29473 1951.20105  4.08%  43.5 13958s
 1895121 625348     cutoff   71      2034.29473 1951.21530  4.08%  43.5 13960s
 1895795 625720 1962.79139   48  123 2034.29473 1951.21744  4.08%  43.5 13965s
 1896946 625962     cutoff   69      2034.29473 1951.24435  4.08%  43.5 13971s
 1897531 626096 2008.87863   71  232 2034.29473 1951.25887  4.08%  43.5 13975s
 1898452 626250 1978.28692   73   72 2034.29473 1951.26978  4.08%  43.5 13981s
 1898999 626419 2016.59130   77   73 2034.29473 1951.27878  4.08%  43.5 13986s
 1899697 626552 2013.43117   59    9 2034.29473 1951.29105  4.08%  43.5 13990s
 1900738 626882     cutoff   85      2034.29473 1951.31217  4.08%  43.5 13996s
 1901419 627029 infeasible   62      2034.29473 1951.32693  4.08%  43.5 14001s
 1902145 627207     cutoff   63      2034.29473 1951.34450  4.08%  43.5 14006s
 1903130 627560 2019.04757   71  108 2034.29473 1951.35426  4.08%  43.5 14012s
 1903678 627560 2014.66276   80  278 2034.29473 1951.36463  4.08%  43.5 14025s
 1903769 628460 1963.82021   62  138 2034.29473 1951.36749  4.08%  43.5 14040s
 1907079 628666 1986.08317   71  115 2034.29473 1951.40533  4.07%  43.5 14046s
 1908055 628790     cutoff   61      2034.29473 1951.42289  4.07%  43.5 14051s
 1908753 629002 1952.27298   96  252 2034.29473 1951.43086  4.07%  43.5 14055s
 1909646 629195     cutoff   74      2034.29473 1951.44457  4.07%  43.5 14061s
 1910405 629390 1986.37391   91   98 2034.29473 1951.45573  4.07%  43.5 14066s
 1911089 629683 1972.20766   62  169 2034.29473 1951.46449  4.07%  43.5 14072s
 1911729 629840 2007.66189   54  198 2034.29473 1951.47966  4.07%  43.5 14077s
 1912339 630041 2029.56249   72   14 2034.29473 1951.49071  4.07%  43.5 14080s
 1913722 630397 2027.55050   68  139 2034.29473 1951.51260  4.07%  43.5 14087s
 1914312 630413 1986.95511   83    4 2034.29473 1951.52156  4.07%  43.5 14099s
 1914450 630948 1951.57409   55  109 2034.29473 1951.52396  4.07%  43.5 14106s
 1916744 631185 1991.34912   62  182 2034.29473 1951.56050  4.07%  43.5 14112s
 1917362 631375 2015.52130   69  199 2034.29473 1951.57153  4.07%  43.4 14115s
 1918401 631538 infeasible   66      2034.29473 1951.59054  4.07%  43.4 14121s
 1919327 631679 infeasible   62      2034.29473 1951.60953  4.06%  43.4 14126s
 1920044 631973 1951.62372   65  136 2034.29473 1951.61633  4.06%  43.4 14130s
 1921233 632267 1955.42160   68  240 2034.29473 1951.63210  4.06%  43.4 14137s
 1921818 632420 infeasible   82      2034.29473 1951.64176  4.06%  43.4 14141s
 1922886 632602 infeasible   57      2034.29473 1951.66096  4.06%  43.4 14145s
 1923651 632905     cutoff   67      2034.29473 1951.67334  4.06%  43.4 14152s
 1924459 633171 infeasible   54      2034.29473 1951.69578  4.06%  43.4 14155s
 1925063 633212 1979.28257   65  145 2034.29473 1951.70046  4.06%  43.4 14169s
 1925367 633641 2003.80074   63   89 2034.29473 1951.70798  4.06%  43.4 14175s
 1927180 633755 2017.70322   82  174 2034.29473 1951.73159  4.06%  43.4 14180s
 1927861 633911     cutoff   78      2034.29473 1951.74332  4.06%  43.4 14185s
 1928567 634043 2015.68243   60   37 2034.29473 1951.76189  4.06%  43.4 14190s
 1929651 634344 1951.81225   56  156 2034.29473 1951.78387  4.06%  43.4 14196s
 1930377 634433     cutoff   63      2034.29473 1951.79500  4.06%  43.4 14201s
 1931024 634643 infeasible   62      2034.29473 1951.80216  4.06%  43.4 14205s
 1931764 635020 infeasible   71      2034.29473 1951.81059  4.05%  43.4 14210s
 1932426 635192     cutoff   61      2034.29473 1951.81865  4.05%  43.4 14215s
 1933586 635489 2018.91231   73  102 2034.29473 1951.83854  4.05%  43.4 14221s
 1934298 635704 2003.04303   83   72 2034.29473 1951.84299  4.05%  43.4 14225s
 1934885 635880 2029.28999   80   83 2034.29473 1951.85803  4.05%  43.4 14230s
 1935483 635948 infeasible   71      2034.29473 1951.86365  4.05%  43.4 14243s
 1935802 636161 1962.31117   71  175 2034.29473 1951.86978  4.05%  43.4 14247s
 1936695 636168     cutoff   65      2034.29473 1951.88451  4.05%  43.4 14252s
 1936807 636396 1977.99644   65   77 2034.29473 1951.88849  4.05%  43.4 14255s
 1938248 636723     cutoff   73      2034.29473 1951.90116  4.05%  43.4 14261s
 1938898 636947     cutoff   79      2034.29473 1951.91084  4.05%  43.4 14266s
 1939568 637127 infeasible   69      2034.29473 1951.92469  4.05%  43.4 14270s
 1940901 637504     cutoff   61      2034.29473 1951.94023  4.05%  43.4 14277s
 1942077 637688     cutoff   79      2034.29473 1951.95728  4.05%  43.4 14281s
 1942684 638004 2030.91203   97  217 2034.29473 1951.96367  4.05%  43.3 14286s
 1943328 638084 2025.44106   60  196 2034.29473 1951.97523  4.05%  43.3 14290s
 1944318 638438 2004.64358   51  209 2034.29473 1951.99129  4.05%  43.3 14296s
 1945100 638687 infeasible   62      2034.29473 1951.99958  4.05%  43.3 14300s
 1945742 638891     cutoff   65      2034.29473 1952.00653  4.05%  43.3 14314s
 1946425 638955 2018.47405   73    4 2034.29473 1952.01281  4.04%  43.3 14316s
 1947056 639229 2025.82490   96   43 2034.29473 1952.02363  4.04%  43.3 14320s
 1948307 639510 1973.81529   90  212 2034.29473 1952.03643  4.04%  43.3 14325s
 1949666 639852     cutoff   78      2034.29473 1952.07100  4.04%  43.3 14331s
 1950263 640222 1996.14063   58  238 2034.29473 1952.07737  4.04%  43.3 14335s
 1951551 640404 infeasible   79      2034.29473 1952.09606  4.04%  43.3 14343s
 1951586 640584 1981.24057   79  231 2034.29473 1952.09629  4.04%  43.3 14345s
 1952746 640802 2022.27952   48   24 2034.29473 1952.11592  4.04%  43.3 14352s
 1953701 640930 infeasible   70      2034.29473 1952.13164  4.04%  43.3 14356s
 1954413 641197 2025.88825   56   61 2034.29473 1952.14353  4.04%  43.3 14360s
 1955649 641436 2025.40564  101   88 2034.29473 1952.16609  4.04%  43.3 14366s
 1956176 641565 1953.64948   70  215 2034.29473 1952.17483  4.04%  43.3 14380s
 1957224 641834 infeasible   69      2034.29473 1952.18842  4.04%  43.3 14386s
 1958170 642211 2005.33423   77  114 2034.29473 1952.20163  4.04%  43.3 14393s
 1958713 642216 1965.62603   65  192 2034.29473 1952.20810  4.04%  43.3 14395s
 1959866 642523 2029.80978   62  202 2034.29473 1952.22526  4.03%  43.3 14401s
 1960747 642705 2027.07098   69   91 2034.29473 1952.24317  4.03%  43.3 14406s
 1961569 643021 infeasible   59      2034.29473 1952.25024  4.03%  43.3 14411s
 1962152 643248 2031.13868   93   29 2034.29473 1952.25923  4.03%  43.3 14415s
 1963335 643442 2025.96162   79   30 2034.29473 1952.27853  4.03%  43.3 14420s
 1964283 643789     cutoff   66      2034.29473 1952.29210  4.03%  43.3 14427s
 1965214 643955     cutoff   70      2034.29473 1952.30440  4.03%  43.3 14430s
 1965993 644120     cutoff  115      2034.29473 1952.31097  4.03%  43.3 14435s
 1966578 644460 2023.86558   63  162 2034.29473 1952.32137  4.03%  43.3 14451s
 1967323 644652 2020.26771   59  238 2034.29473 1952.33001  4.03%  43.3 14457s
 1968153 645018 1994.69026   90  131 2034.29473 1952.33810  4.03%  43.3 14461s
 1969106 645278 2005.88613   86  253 2034.29473 1952.35379  4.03%  43.2 14466s
 1970128 645450 2024.54346   61   41 2034.29473 1952.36986  4.03%  43.2 14470s
 1971275 645599 2028.01474   68   34 2034.29473 1952.38358  4.03%  43.2 14475s
 1972149 645769 2026.86249   85  121 2034.29473 1952.39543  4.03%  43.2 14480s
 1972861 646046 infeasible   86      2034.29473 1952.40712  4.03%  43.2 14486s
 1973570 646233 2022.30648   65   44 2034.29473 1952.42064  4.02%  43.2 14490s
 1974360 646631     cutoff   73      2034.29473 1952.43479  4.02%  43.2 14495s
 1975039 646806 1952.56662   74  233 2034.29473 1952.44999  4.02%  43.2 14500s
 1976187 647162 2005.49623   61  145 2034.29473 1952.46415  4.02%  43.2 14507s
 1976893 647186 infeasible   67      2034.29473 1952.47505  4.02%  43.2 14519s
 1977059 647862 infeasible   70      2034.29473 1952.47636  4.02%  43.2 14527s
 1979214 647890 2015.52823   63   55 2034.29473 1952.49832  4.02%  43.2 14530s
 1980414 648316     cutoff   73      2034.29473 1952.51113  4.02%  43.2 14535s
 1981365 648499     cutoff   72      2034.29473 1952.52204  4.02%  43.2 14540s
 1982118 648714 1963.54461   65  171 2034.29473 1952.53522  4.02%  43.2 14546s
 1982850 648795     cutoff   86      2034.29473 1952.54691  4.02%  43.2 14550s
 1983702 649114 infeasible   74      2034.29473 1952.55654  4.02%  43.2 14556s
 1984973 649381 1995.60586   69  225 2034.29473 1952.57552  4.02%  43.2 14561s
 1985625 649585 2006.34426   84  243 2034.29473 1952.58814  4.02%  43.2 14565s
 1986178 649789 1952.60048   67  200 2034.29473 1952.60003  4.02%  43.2 14570s
 1987338 649953 infeasible   75      2034.29473 1952.61267  4.02%  43.2 14587s
 1987448 650717 1993.68785   83   80 2034.29473 1952.61317  4.02%  43.2 14598s
 1989867 650728 2015.72153   61   86 2034.29473 1952.64352  4.01%  43.2 14601s
 1990684 650962 2003.52912   55   58 2034.29473 1952.65270  4.01%  43.2 14605s
 1991286 651169     cutoff   59      2034.29473 1952.65972  4.01%  43.2 14610s
 1992191 651583 2019.21902   84  330 2034.29473 1952.67071  4.01%  43.2 14616s
 1993327 651730 1997.68545   72  193 2034.29473 1952.68252  4.01%  43.2 14620s
 1994747 652147 2016.64250   70   40 2034.29473 1952.70386  4.01%  43.2 14626s
 1995434 652391 2010.43077   82  112 2034.29473 1952.71282  4.01%  43.2 14630s
 1996386 652681 2013.01159   64  134 2034.29473 1952.73221  4.01%  43.1 14635s
 1997630 653100 2030.67039   72    9 2034.29473 1952.74889  4.01%  43.1 14652s
 1998570 653212 1990.39910   56  182 2034.29473 1952.76448  4.01%  43.1 14655s
 1999480 653447     cutoff   66      2034.29473 1952.77638  4.01%  43.1 14660s
 2000420 653716 2011.71003   87  216 2034.29473 1952.78930  4.01%  43.1 14665s
 2001441 653914 infeasible   74      2034.29473 1952.80583  4.01%  43.1 14670s
 2002342 654145     cutoff   59      2034.29473 1952.82219  4.00%  43.1 14676s
 2003427 654322 2024.47736   59   80 2034.29473 1952.83970  4.00%  43.1 14681s
 2004181 654487 infeasible   50      2034.29473 1952.85393  4.00%  43.1 14685s
 2004642 654657 1954.66931   77  211 2034.29473 1952.85952  4.00%  43.1 14691s
 2005825 654875 2008.04781   83  159 2034.29473 1952.87386  4.00%  43.1 14696s
 2006435 655033 1957.94069   74  113 2034.29473 1952.88360  4.00%  43.1 14701s
 2006955 655202 1988.70624   88  142 2034.29473 1952.89262  4.00%  43.1 14705s
 2007986 655343 1981.58184   65  235 2034.29473 1952.89968  4.00%  43.1 14720s
 2008102 656311 2019.06862   71    9 2034.29473 1952.90262  4.00%  43.1 14731s
 2011061 656340     cutoff  106      2034.29473 1952.93405  4.00%  43.1 14737s
 2011223 656382     cutoff  102      2034.29473 1952.93522  4.00%  43.1 14740s
 2011654 656434 infeasible   65      2034.29473 1952.93985  4.00%  43.1 14746s
 2011950 656503 2015.25288   56   79 2034.29473 1952.94623  4.00%  43.1 14751s
 2012439 656736 1953.89624   49   58 2034.29473 1952.95912  4.00%  43.1 14757s
 2013315 656964     cutoff   68      2034.29473 1952.96469  4.00%  43.1 14762s
 2014312 657169 2007.19305   54  166 2034.29473 1952.97529  4.00%  43.1 14766s
 2015188 657344 infeasible   68      2034.29473 1952.98869  4.00%  43.1 14772s
 2015418 657474 infeasible   52      2034.29473 1952.99707  4.00%  43.1 14775s
 2016720 657654 1979.78860   77   59 2034.29473 1953.01151  4.00%  43.1 14782s
 2016824 657860 1993.46666   87  180 2034.29473 1953.01199  4.00%  43.1 14785s
 2018026 658060 2006.35482   88   32 2034.29473 1953.03292  3.99%  43.1 14790s
 2018814 658343 2002.47164   93   92 2034.29473 1953.04446  3.99%  43.1 14806s
 2019149 658622     cutoff  110      2034.29473 1953.04926  3.99%  43.1 14810s
 2020767 658925 infeasible   52      2034.29473 1953.07300  3.99%  43.1 14816s
 2021351 659134 1973.77892   68  194 2034.29473 1953.08468  3.99%  43.1 14821s
 2022413 659244 2028.81575   74   73 2034.29473 1953.09348  3.99%  43.1 14825s
 2023082 659482 1953.10844   50   11 2034.29473 1953.10815  3.99%  43.1 14830s
 2024167 659695 infeasible   59      2034.29473 1953.12725  3.99%  43.0 14836s
 2024884 659971 infeasible  108      2034.29473 1953.13330  3.99%  43.0 14841s
 2025694 660189 1956.39836   54  225 2034.29473 1953.14843  3.99%  43.0 14845s
 2026244 660513 1986.15292   79  117 2034.29473 1953.15307  3.99%  43.0 14850s
 2026886 660739 infeasible   77      2034.29473 1953.15942  3.99%  43.0 14855s
 2027873 660830 1982.38743   73  163 2034.29473 1953.17543  3.99%  43.0 14860s
 2028906 661078 2027.74749   69  127 2034.29473 1953.19073  3.99%  43.0 14866s
 2029456 661410 2033.35082   84  150 2034.29473 1953.19381  3.99%  43.0 14883s
 2029966 661464     cutoff   45      2034.29473 1953.19890  3.99%  43.0 14885s
 2031009 661704     cutoff   97      2034.29473 1953.21176  3.99%  43.0 14891s
 2031685 661918     cutoff   74      2034.29473 1953.22459  3.99%  43.0 14895s
 2032450 662016 infeasible   50      2034.29473 1953.23599  3.98%  43.0 14900s
 2032762 662060 infeasible   59      2034.29473 1953.23943  3.98%  43.0 14906s
 2033488 662389 infeasible   78      2034.29473 1953.24962  3.98%  43.0 14911s
 2034241 662656 2025.64347   75    8 2034.29473 1953.26079  3.98%  43.0 14916s
 2034918 662814     cutoff   69      2034.29473 1953.26559  3.98%  43.0 14921s
 2036025 662960 2006.32777   50  215 2034.29473 1953.28565  3.98%  43.0 14926s
 2036642 663174 2016.43478   52  251 2034.29473 1953.29120  3.98%  43.0 14930s
 2037597 663332 2013.68886   67  138 2034.29473 1953.30340  3.98%  43.0 14936s
 2038472 663608     cutoff   51      2034.29473 1953.31454  3.98%  43.0 14941s
 2039268 663869 infeasible   58      2034.29473 1953.32393  3.98%  43.0 14945s
 2040169 664057     cutoff   64      2034.29473 1953.33287  3.98%  43.0 14959s
 2040222 665063     cutoff   77      2034.29473 1953.33287  3.98%  43.0 14979s
 2044120 665065 2027.50477   78  113 2034.29473 1953.37294  3.98%  43.0 14982s
 2044233 665090     cutoff   77      2034.29473 1953.37537  3.98%  43.0 14985s
 2044789 665308 1953.40915   61  204 2034.29473 1953.38028  3.98%  43.0 14990s
 2045272 665515 1961.36488   67  174 2034.29473 1953.38618  3.98%  43.0 14995s
 2046578 665909 1957.04000   65  237 2034.29473 1953.40135  3.98%  43.0 15002s
 2047356 666060 1979.31512   69  247 2034.29473 1953.40824  3.98%  43.0 15007s
 2048118 666168 2007.71839   50  143 2034.29473 1953.41917  3.98%  43.0 15012s
 2048813 666266 2026.69462   60  197 2034.29473 1953.42977  3.98%  43.0 15016s
 2049605 666374 2012.37777   83  148 2034.29473 1953.44782  3.97%  43.0 15021s
 2050275 666547 1958.36054   64  197 2034.29473 1953.46154  3.97%  43.0 15025s
 2050508 666664     cutoff   79      2034.29473 1953.46443  3.97%  43.0 15038s
 2051043 666681 1972.95962   80  178 2034.29473 1953.47188  3.97%  43.0 15040s
 2051924 666898 1975.93219   81  252 2034.29473 1953.48607  3.97%  43.0 15045s
 2052727 667165     cutoff   79      2034.29473 1953.49836  3.97%  43.0 15050s
 2053404 667285     cutoff   70      2034.29473 1953.50764  3.97%  43.0 15055s
 2054299 667662 2018.52796   59   91 2034.29473 1953.52241  3.97%  43.0 15061s
 2055088 667932 1985.86079   64  120 2034.29473 1953.53195  3.97%  43.0 15066s
 2055677 667977 infeasible   82      2034.29473 1953.54488  3.97%  43.0 15071s
 2056538 668460 2022.95761   75   38 2034.29473 1953.55359  3.97%  43.0 15077s
 2057167 668505 infeasible   51      2034.29473 1953.55969  3.97%  43.0 15080s
 2057764 668663     cutoff   69      2034.29473 1953.56811  3.97%  43.0 15085s
 2058454 668818     cutoff  116      2034.29473 1953.58188  3.97%  43.0 15090s
 2059263 669138     cutoff   81      2034.29473 1953.59050  3.97%  43.0 15096s
 2059941 669149 2028.23935   75   74 2034.29473 1953.59863  3.97%  43.0 15101s
 2059951 669154 infeasible   77      2034.29473 1953.59863  3.97%  43.0 15106s
 2059961 669162 2028.25261   78   90 2034.29473 1953.59863  3.97%  43.0 15110s
 2059972 669160 infeasible   80      2034.29473 1953.59942  3.97%  43.0 15115s
 2059994 669167 2004.81197   65   94 2034.29473 1953.59942  3.97%  43.0 15121s
 2060005 669170 2004.84594   66   88 2034.29473 1953.59942  3.97%  43.0 15125s
 2060015 669178 2005.37528   67  108 2034.29473 1953.60004  3.97%  43.0 15131s
 2060023 669186 2024.13244   66    6 2034.29473 1953.60004  3.97%  43.0 15136s
 2060031 669193 2024.18636   68   97 2034.29473 1953.60004  3.97%  43.0 15141s
 2060071 669193 2005.92215   82   69 2034.29473 1953.60013  3.97%  43.0 15147s
 2060104 669207 1953.98594   57  218 2034.29473 1953.60057  3.97%  43.0 15150s
 2060147 669222 2002.12895   83  154 2034.29473 1953.60057  3.97%  43.0 15156s
 2060208 669247 2022.77295   67    4 2034.29473 1953.60115  3.97%  43.0 15162s
 2060267 669253 infeasible   73      2034.29473 1953.60115  3.97%  42.9 15167s
 2060275 669265     cutoff   77      2034.29473 1953.60156  3.97%  42.9 15171s
 2060313 669278 2028.17856   68    3 2034.29473 1953.60216  3.97%  42.9 15175s
 2060443 669288 1953.71954   76  227 2034.29473 1953.60620  3.97%  42.9 15181s
 2060467 669301 1953.94933   77  224 2034.29473 1953.60620  3.97%  42.9 15185s
 2060518 669298 1954.86464   81  232 2034.29473 1953.60620  3.97%  42.9 15190s
 2060700 669351 1954.56316   60  165 2034.29473 1953.60870  3.97%  42.9 15197s
 2060772 669382 1971.34406   61  180 2034.29473 1953.60870  3.97%  42.9 15210s
 2060856 669413 2023.42885   65  128 2034.29473 1953.61249  3.97%  42.9 15218s
 2061127 669470 infeasible   68      2034.29473 1953.61897  3.97%  42.9 15232s
 2061567 670366 2020.44280   68    5 2034.29473 1953.63013  3.97%  42.9 15250s
 2066188 670609 infeasible   62      2034.29473 1953.67554  3.96%  42.9 15256s
 2066807 670897 infeasible   79      2034.29473 1953.68004  3.96%  42.9 15261s
 2067473 671109 2026.90687   70  156 2034.29473 1953.69026  3.96%  42.9 15267s
 2068281 671317 2031.55916   70    3 2034.29473 1953.70039  3.96%  42.9 15272s
 2068938 671386 infeasible   72      2034.29473 1953.70677  3.96%  42.9 15275s
 2069757 671542 1967.57866   64  151 2034.29473 1953.71614  3.96%  42.9 15280s
 2070635 672003 1953.91578   68  234 2034.29473 1953.72790  3.96%  42.9 15287s
 2071304 672005     cutoff   70      2034.29473 1953.73830  3.96%  42.9 15300s
 2071408 672889 1976.50284   71  209 2034.29473 1953.73975  3.96%  42.9 15314s
 2075098 672890 2029.96764   52   38 2034.29473 1953.78302  3.96%  42.9 15315s
 2075220 672901 2031.37822   91   37 2034.29473 1953.78393  3.96%  42.9 15321s
 2075775 673091     cutoff   82      2034.29473 1953.79020  3.96%  42.9 15325s
 2076725 673401 infeasible   61      2034.29473 1953.80300  3.96%  42.9 15330s
 2077751 673591 2003.77479   87   69 2034.29473 1953.81798  3.96%  42.9 15336s
 2078524 673939 infeasible   60      2034.29473 1953.82869  3.96%  42.9 15341s
 2079126 673931     cutoff   79      2034.29473 1953.83897  3.95%  42.9 15345s
 2079459 674021 2029.37200   72    4 2034.29473 1953.84034  3.95%  42.9 15351s
 2080150 674233 2021.51450   77    7 2034.29473 1953.85123  3.95%  42.9 15357s
 2081120 674363 2015.29619   72   62 2034.29473 1953.86692  3.95%  42.9 15360s
 2081800 674549     cutoff   89      2034.29473 1953.87257  3.95%  42.9 15376s
 2082173 674745 infeasible   76      2034.29473 1953.87981  3.95%  42.9 15380s
 2083690 675003 1974.84194   40   10 2034.29473 1953.89885  3.95%  42.9 15387s
 2084603 675140     cutoff   74      2034.29473 1953.91013  3.95%  42.9 15391s
 2085357 675384 1979.14470   73  183 2034.29473 1953.92322  3.95%  42.9 15397s
 2085973 675512 2032.13296   77   51 2034.29473 1953.92771  3.95%  42.9 15401s
 2087155 675657     cutoff   80      2034.29473 1953.94376  3.95%  42.8 15405s
 2087774 675916 2029.03013   81    4 2034.29473 1953.95178  3.95%  42.8 15410s
 2088892 676100 2002.51188   69  151 2034.29473 1953.96645  3.95%  42.8 15416s
 2089370 676409 2030.09353   70  118 2034.29473 1953.97693  3.95%  42.8 15420s
 2090771 676650 1955.21422   61  264 2034.29473 1953.99502  3.95%  42.8 15426s
 2091503 676785     cutoff   59      2034.29473 1954.00051  3.95%  42.8 15430s
 2092161 677047 infeasible   62      2034.29473 1954.00570  3.95%  42.8 15445s
 2092314 677403 2018.09907   61   43 2034.29473 1954.00820  3.95%  42.8 15453s
 2093555 677418 2026.96333   62   88 2034.29473 1954.01093  3.95%  42.8 15455s
 2094085 677635     cutoff   63      2034.29473 1954.01635  3.95%  42.8 15461s
 2094381 677708 2026.96587   64   22 2034.29473 1954.02162  3.95%  42.8 15465s
 2095188 677898 2028.22682   66    8 2034.29473 1954.03918  3.95%  42.8 15471s
 2095743 678060 2024.20705   59   74 2034.29473 1954.05506  3.94%  42.8 15475s
 2096730 678243 1971.81903   64  202 2034.29473 1954.07329  3.94%  42.8 15480s
 2098276 678395 1971.00291   59  209 2034.29473 1954.10019  3.94%  42.8 15486s
 2099057 678675 infeasible   42      2034.29473 1954.11095  3.94%  42.8 15492s
 2099768 678863 1956.94927   53  211 2034.29473 1954.12436  3.94%  42.8 15495s
 2101116 679018 infeasible   85      2034.29473 1954.14414  3.94%  42.8 15500s
 2102642 679503 infeasible   72      2034.29473 1954.15989  3.94%  42.8 15517s
 2102891 679962 1954.27521   79  231 2034.29473 1954.17017  3.94%  42.8 15523s
 2104431 679970 infeasible   47      2034.29473 1954.18548  3.94%  42.8 15525s
 2105373 680183     cutoff   62      2034.29473 1954.20322  3.94%  42.8 15530s
 2105988 680422 2013.70018   55    9 2034.29473 1954.21463  3.94%  42.8 15535s
 2107047 680772 1996.45252   46  113 2034.29473 1954.22642  3.94%  42.8 15541s
 2107792 680804 2003.19791   60   74 2034.29473 1954.23844  3.94%  42.7 15545s
 2108345 681008 2013.86798   74    9 2034.29473 1954.24336  3.94%  42.7 15550s
 2109353 681360 2030.69831   62  219 2034.29473 1954.25114  3.93%  42.7 15557s
 2110287 681566 2020.40423   59   89 2034.29473 1954.26245  3.93%  42.7 15561s
 2110922 681755 1954.64046   81  255 2034.29473 1954.27325  3.93%  42.7 15565s
 2112289 681918 infeasible   38      2034.29473 1954.29191  3.93%  42.7 15571s
 2113112 682174 1972.40051   69  124 2034.29473 1954.29921  3.93%  42.7 15586s
 2113296 682613     cutoff   64      2034.29473 1954.30344  3.93%  42.7 15592s
 2115019 682713 infeasible   60      2034.29473 1954.32652  3.93%  42.7 15597s
 2115645 683025 1954.36860   70  265 2034.29473 1954.33892  3.93%  42.7 15601s
 2116812 683174 1964.89529   72  220 2034.29473 1954.34625  3.93%  42.7 15605s
 2117640 683543 1954.48035   86  206 2034.29473 1954.36026  3.93%  42.7 15611s
 2118426 683739 2011.84384   67  132 2034.29473 1954.37284  3.93%  42.7 15615s
 2119481 683963 infeasible   65      2034.29473 1954.38188  3.93%  42.7 15620s
 2120430 684143 1992.63892   63  222 2034.29473 1954.39503  3.93%  42.7 15626s
 2121348 684315 2011.09161   47  108 2034.29473 1954.40823  3.93%  42.7 15633s
 2121480 684486 1958.84513   50  122 2034.29473 1954.40837  3.93%  42.7 15635s
 2122614 684704 1954.83127   40  119 2034.29473 1954.42596  3.93%  42.7 15640s
 2123301 684925 1958.87545   69  317 2034.29473 1954.43418  3.93%  42.7 15648s
 2123822 684944     cutoff   65      2034.29473 1954.44313  3.93%  42.7 15662s
 2123909 685858 2018.05985   85   79 2034.29473 1954.44375  3.93%  42.7 15682s
 2127660 685884 2021.42483   94  167 2034.29473 1954.48124  3.92%  42.7 15686s
 2127729 685985     cutoff   64      2034.29473 1954.48276  3.92%  42.7 15691s
 2128844 686207 2031.23226   88   37 2034.29473 1954.49637  3.92%  42.7 15696s
 2129573 686430 2008.92618   68  143 2034.29473 1954.50635  3.92%  42.7 15700s
 2130520 686803 infeasible   59      2034.29473 1954.51911  3.92%  42.7 15706s
 2131126 686920 2031.07970   55  188 2034.29473 1954.52724  3.92%  42.7 15711s
 2132250 687142 1998.18792   63  150 2034.29473 1954.53884  3.92%  42.7 15716s
 2132763 687417 2005.07470   57  248 2034.29473 1954.54477  3.92%  42.7 15721s
 2133492 687705     cutoff   75      2034.29473 1954.55872  3.92%  42.7 15726s
 2134136 687795 2006.74570   55  231 2034.29473 1954.56600  3.92%  42.6 15739s
 2134579 687901     cutoff   66      2034.29473 1954.57393  3.92%  42.6 15741s
 2135017 688091 2020.32963   54  212 2034.29473 1954.57959  3.92%  42.6 15745s
 2135854 688092 infeasible   59      2034.29473 1954.59479  3.92%  42.6 15751s
 2136098 688231 1970.83167   51  178 2034.29473 1954.59576  3.92%  42.6 15756s
 2136667 688432 2029.69903   63  111 2034.29473 1954.59919  3.92%  42.6 15761s
 2137778 688558 1958.50012   65  213 2034.29473 1954.61893  3.92%  42.6 15765s
 2138456 688782 2021.79391   62  165 2034.29473 1954.63356  3.92%  42.6 15770s
 2139410 689085 1978.10352   83  222 2034.29473 1954.64537  3.92%  42.6 15776s
 2140535 689292 2030.98362   66  223 2034.29473 1954.65896  3.91%  42.6 15781s
 2141238 689488 1958.31906   60  257 2034.29473 1954.66988  3.91%  42.6 15786s
 2142541 689696 infeasible   64      2034.29473 1954.68682  3.91%  42.6 15791s
 2142635 689852     cutoff   70      2034.29473 1954.68682  3.91%  42.6 15795s
 2143813 690096     cutoff   83      2034.29473 1954.69663  3.91%  42.6 15801s
 2144611 690370     cutoff   82      2034.29473 1954.70855  3.91%  42.6 15818s
 2144969 690528 1954.71378   56   81 2034.29473 1954.71249  3.91%  42.6 15822s
 2145878 690628 infeasible   76      2034.29473 1954.72429  3.91%  42.6 15827s
 2146434 690656 2018.32448   48  143 2034.29473 1954.73387  3.91%  42.6 15830s
 2147377 690913 infeasible   83      2034.29473 1954.74546  3.91%  42.6 15835s
 2148044 691173 1982.85051   71  169 2034.29473 1954.75430  3.91%  42.6 15842s
 2148550 691333 1956.43706   61  211 2034.29473 1954.76097  3.91%  42.6 15847s
 2149148 691463     cutoff   71      2034.29473 1954.76449  3.91%  42.6 15850s
 2150387 691787     cutoff   56      2034.29473 1954.78111  3.91%  42.6 15857s
 2150960 691906 1957.40071   63  245 2034.29473 1954.79073  3.91%  42.6 15862s
 2151566 692052 1978.94765   51   29 2034.29473 1954.79278  3.91%  42.6 15865s
 2152819 692451     cutoff   74      2034.29473 1954.81267  3.91%  42.6 15872s
 2153404 692578     cutoff   68      2034.29473 1954.81779  3.91%  42.6 15877s
 2154122 692797 1969.28464   85  276 2034.29473 1954.82672  3.91%  42.6 15883s
 2154544 692824 2025.56457   56    6 2034.29473 1954.83127  3.91%  42.6 15885s
 2155124 693188 infeasible   62      2034.29473 1954.83393  3.91%  42.6 15902s
 2155893 693335 1976.30595   65  217 2034.29473 1954.84832  3.91%  42.6 15907s
 2156933 693429     cutoff   48      2034.29473 1954.86382  3.90%  42.6 15911s
 2157055 693521     cutoff   62      2034.29473 1954.86383  3.90%  42.6 15915s
 2158100 693722 1954.87811   70  155 2034.29473 1954.87792  3.90%  42.6 15920s
 2158668 694026 2009.23636   71   96 2034.29473 1954.88203  3.90%  42.6 15927s
 2159334 694115     cutoff   76      2034.29473 1954.88942  3.90%  42.5 15934s
 2159796 694236     cutoff   71      2034.29473 1954.89797  3.90%  42.5 15937s
 2160467 694389     cutoff   75      2034.29473 1954.90811  3.90%  42.5 15942s
 2160961 694533 infeasible   82      2034.29473 1954.91362  3.90%  42.5 15947s
 2161506 694755 2027.90142   77    7 2034.29473 1954.91831  3.90%  42.5 15953s
 2162095 694915     cutoff   67      2034.29473 1954.93430  3.90%  42.5 15956s
 2162754 695136 2002.15485   63  163 2034.29473 1954.94237  3.90%  42.5 15961s
 2163772 695257 1955.45711   68  247 2034.29473 1954.95522  3.90%  42.5 15967s
 2164344 695478 1955.95245   69  217 2034.29473 1954.96805  3.90%  42.5 15973s
 2164906 695653 1992.96190   71  181 2034.29473 1954.97595  3.90%  42.5 15976s
 2165412 695893 1999.74796   64  249 2034.29473 1954.98007  3.90%  42.5 15988s
 2166307 695934     cutoff   54      2034.29473 1954.98746  3.90%  42.5 15991s
 2166897 696078 2008.66627   65   33 2034.29473 1954.99251  3.90%  42.5 15996s
 2167232 696139 2020.08179   59  100 2034.29473 1954.99779  3.90%  42.5 16000s
 2167623 696254 2016.70409   79    9 2034.29473 1955.00043  3.90%  42.5 16006s
 2168425 696451     cutoff   77      2034.29473 1955.02000  3.90%  42.5 16012s
 2169079 696757     cutoff   72      2034.29473 1955.03860  3.90%  42.5 16019s
 2169838 696745 infeasible   74      2034.29473 1955.04242  3.90%  42.5 16021s
 2169933 696825 2016.25951   77  108 2034.29473 1955.04242  3.90%  42.5 16025s
 2170467 696994 1955.44161   70  245 2034.29473 1955.04242  3.90%  42.5 16031s
 2170657 697158 2000.14088   58  139 2034.29473 1955.04242  3.90%  42.5 16035s
 2171905 697303 2010.88610   69  170 2034.29473 1955.06406  3.89%  42.5 16040s
 2172902 697582 2020.46494   72   40 2034.29473 1955.07373  3.89%  42.5 16046s
 2173480 697714 2034.16451   92  181 2034.29473 1955.08389  3.89%  42.5 16051s
 2174664 697866 1955.84827   82  203 2034.29473 1955.09818  3.89%  42.5 16056s
 2175345 698166 2031.59191   70  104 2034.29473 1955.10689  3.89%  42.5 16062s
 2175947 698203 1975.10444   79  257 2034.29473 1955.11480  3.89%  42.5 16074s
 2176147 698589     cutoff   74      2034.29473 1955.11863  3.89%  42.5 16082s
 2177625 698594 2024.54498   80   33 2034.29473 1955.13357  3.89%  42.5 16086s
 2177827 698850     cutoff   69      2034.29473 1955.13426  3.89%  42.5 16092s
 2178557 698980 infeasible   79      2034.29473 1955.14387  3.89%  42.5 16095s
 2179194 699214 1998.90650   60  160 2034.29473 1955.15274  3.89%  42.5 16101s
 2180298 699369 infeasible   58      2034.29473 1955.16538  3.89%  42.5 16105s
 2180997 699500 1967.29814   58   44 2034.29473 1955.17165  3.89%  42.5 16110s
 2181818 699672 infeasible   81      2034.29473 1955.18369  3.89%  42.5 16116s
 2181974 699821     cutoff   71      2034.29473 1955.18761  3.89%  42.5 16121s
 2182783 699989 2004.39879   65  126 2034.29473 1955.19391  3.89%  42.5 16126s
 2183466 700323 infeasible   72      2034.29473 1955.20309  3.89%  42.5 16132s
 2184171 700500 2010.38577   81  238 2034.29473 1955.21437  3.89%  42.4 16138s
 2184774 700663 2029.00840   87  168 2034.29473 1955.22241  3.89%  42.4 16142s
 2185343 700752 2009.42244   77  209 2034.29473 1955.22965  3.89%  42.4 16146s
 2185952 700992 2022.14889   64   27 2034.29473 1955.23440  3.89%  42.4 16151s
 2186562 701027     cutoff   71      2034.29473 1955.24815  3.89%  42.4 16163s
 2186711 701655 2023.60787   75   65 2034.29473 1955.24936  3.89%  42.4 16176s
 2188867 701686 2021.93116   71   82 2034.29473 1955.27131  3.88%  42.4 16180s
 2189546 701987 infeasible   91      2034.29473 1955.28453  3.88%  42.4 16186s
 2190196 702107 1960.55777   78  231 2034.29473 1955.29552  3.88%  42.4 16191s
 2191015 702242 2032.46082   86   32 2034.29473 1955.30129  3.88%  42.4 16195s
 2191816 702388 2027.27517   66   84 2034.29473 1955.31041  3.88%  42.4 16201s
 2192535 702692 2027.70641   52   36 2034.29473 1955.32594  3.88%  42.4 16205s
 2193180 702918 2012.17418   46  119 2034.29473 1955.33415  3.88%  42.4 16210s
 2193901 703122 infeasible   72      2034.29473 1955.34268  3.88%  42.4 16215s
 2194880 703291 2008.07169   63   86 2034.29473 1955.35810  3.88%  42.4 16220s
 2195893 703582 2000.01883   77  190 2034.29473 1955.37140  3.88%  42.4 16227s
 2196424 703764 2020.51936   62  117 2034.29473 1955.37437  3.88%  42.4 16230s
 2197008 703831 2008.57514   63  169 2034.29473 1955.38525  3.88%  42.4 16243s
 2197312 704276 1956.72391   64   85 2034.29473 1955.38621  3.88%  42.4 16248s
 2198652 704499 2013.45878   72  106 2034.29473 1955.39756  3.88%  42.4 16252s
 2199811 704668 2024.81640   79   93 2034.29473 1955.40622  3.88%  42.4 16255s
 2200449 704973 2010.12284   49  141 2034.29473 1955.41553  3.88%  42.4 16262s
 2200983 705105 2031.39561   47  148 2034.29473 1955.41801  3.88%  42.4 16265s
 2201923 705292 1965.32043   71  120 2034.29473 1955.43112  3.88%  42.4 16270s
 2201957 705295 2019.21639   77  146 2034.29473 1955.43112  3.88%  42.4 16280s
 2202044 705350 2019.21639   81  146 2034.29473 1955.43112  3.88%  42.4 16285s
 2202589 705499 infeasible   69      2034.29473 1955.44036  3.88%  42.4 16291s
 2202668 705608 2012.02925   66  176 2034.29473 1955.44288  3.88%  42.4 16295s
 2203110 705756 2010.34440   62  194 2034.29473 1955.44855  3.88%  42.4 16301s
 2203638 705883 infeasible   64      2034.29473 1955.45312  3.88%  42.4 16308s
 2204105 705934 infeasible   65      2034.29473 1955.45988  3.88%  42.4 16312s
 2204453 705973 2025.12249   68   28 2034.29473 1955.46430  3.88%  42.4 16315s
 2204571 706104 2024.96967   72  111 2034.29473 1955.46960  3.87%  42.4 16321s
 2205071 706289 2007.95325   64  307 2034.29473 1955.47461  3.87%  42.4 16326s
 2205757 706470 1958.27500   50  191 2034.29473 1955.48935  3.87%  42.4 16332s
 2206424 706575 infeasible   68      2034.29473 1955.49579  3.87%  42.3 16337s
 2207519 706716     cutoff  101      2034.29473 1955.51290  3.87%  42.3 16350s
 2207640 707345 2010.24083   53  276 2034.29473 1955.51290  3.87%  42.3 16364s
 2210377 707346 2012.04766  105   75 2034.29473 1955.54548  3.87%  42.3 16366s
 2210466 707414 infeasible   80      2034.29473 1955.54700  3.87%  42.3 16370s
 2211022 707599 2029.79926   70   47 2034.29473 1955.55524  3.87%  42.3 16375s
 2212041 707721 1955.59834   61  181 2034.29473 1955.57277  3.87%  42.3 16380s
 2212958 707861 2006.94467   49  128 2034.29473 1955.58777  3.87%  42.3 16385s
 2213622 708096 2030.76808   81  259 2034.29473 1955.59726  3.87%  42.3 16391s
 2214173 708284 infeasible   79      2034.29473 1955.60583  3.87%  42.3 16396s
 2214998 708463 2020.02078   89  190 2034.29473 1955.61519  3.87%  42.3 16400s
 2215623 708731 1997.84428   60   65 2034.29473 1955.62020  3.87%  42.3 16405s
 2216248 708818 2001.13724   70   33 2034.29473 1955.62554  3.87%  42.3 16410s
 2217253 709010 infeasible   56      2034.29473 1955.63803  3.87%  42.3 16415s
 2217887 709374 1998.91524   61  143 2034.29473 1955.64071  3.87%  42.3 16431s
 2218714 709479     cutoff   67      2034.29473 1955.64588  3.87%  42.3 16435s
 2219745 709711 2000.09716   92  105 2034.29473 1955.66858  3.87%  42.3 16442s
 2220251 709856     cutoff   60      2034.29473 1955.67592  3.86%  42.3 16445s
 2220808 710029 2031.13948   72   83 2034.29473 1955.68061  3.86%  42.3 16450s
 2222038 710310     cutoff   77      2034.29473 1955.69179  3.86%  42.3 16457s
 2222541 710416 2023.56057   67   42 2034.29473 1955.70007  3.86%  42.3 16460s
 2223619 710544 infeasible   48      2034.29473 1955.71464  3.86%  42.3 16466s
 2224319 710903 2019.58596   71   79 2034.29473 1955.72272  3.86%  42.3 16471s
 2225046 711075 2017.25138   65   34 2034.29473 1955.72667  3.86%  42.3 16475s
 2226124 711267 1965.86159   56  131 2034.29473 1955.73546  3.86%  42.3 16481s
 2226739 711545 infeasible   64      2034.29473 1955.74236  3.86%  42.3 16486s
 2227216 711708 1975.61246   72  223 2034.29473 1955.75640  3.86%  42.3 16490s
 2228017 711781 1956.61308   80  188 2034.29473 1955.76608  3.86%  42.3 16495s
 2228125 711950 2029.11389   64   42 2034.29473 1955.76886  3.86%  42.3 16508s
 2228789 711945 2018.09450   49  134 2034.29473 1955.77419  3.86%  42.3 16510s
 2229566 712164 infeasible   61      2034.29473 1955.77957  3.86%  42.3 16515s
 2230215 712343 1990.04248   75  249 2034.29473 1955.78790  3.86%  42.3 16520s
 2231294 712593 1957.66146   66  254 2034.29473 1955.80418  3.86%  42.3 16527s
 2231806 712592 2016.76206   65  138 2034.29473 1955.81051  3.86%  42.3 16530s
 2231866 712634 1958.64382   74  116 2034.29473 1955.81051  3.86%  42.3 16536s
 2232047 712893 infeasible   84      2034.29473 1955.81419  3.86%  42.3 16541s
 2233229 713096 1959.92650   76  238 2034.29473 1955.82506  3.86%  42.2 16548s
 2233597 713306 1993.70621   67  115 2034.29473 1955.83349  3.86%  42.2 16552s
 2234302 713298     cutoff   88      2034.29473 1955.83923  3.86%  42.2 16555s
 2234601 713598 2012.17674   62   53 2034.29473 1955.84305  3.86%  42.2 16561s
 2235265 713846 2026.09560   59  148 2034.29473 1955.85050  3.86%  42.2 16568s
 2235986 713995 2028.20509   68    5 2034.29473 1955.86183  3.86%  42.2 16571s
 2236681 714132 2013.26892   67  251 2034.29473 1955.87846  3.85%  42.2 16577s
 2237666 714233 infeasible   85      2034.29473 1955.89002  3.85%  42.2 16581s
 2238513 714667 2030.10637   81    3 2034.29473 1955.90489  3.85%  42.2 16600s
 2239968 714984 infeasible   79      2034.29473 1955.91775  3.85%  42.2 16606s
 2240700 715125 infeasible   75      2034.29473 1955.92666  3.85%  42.2 16610s
 2241346 715397 1987.29241   75  209 2034.29473 1955.93462  3.85%  42.2 16615s
 2241909 715520 2017.88869   64  130 2034.29473 1955.94004  3.85%  42.2 16620s
 2242709 715730 1982.81432   74  178 2034.29473 1955.95083  3.85%  42.2 16627s
 2243348 715917 1957.85562   74  191 2034.29473 1955.95879  3.85%  42.2 16632s
 2244251 716012 infeasible   58      2034.29473 1955.96366  3.85%  42.2 16635s
 2244903 716356 infeasible   78      2034.29473 1955.98036  3.85%  42.2 16641s
 2245606 716556 1958.65666   67  172 2034.29473 1955.98710  3.85%  42.2 16645s
 2246714 716741 1956.14300   68  220 2034.29473 1955.99690  3.85%  42.2 16650s
 2247392 717003 2021.18652   78   46 2034.29473 1956.00920  3.85%  42.2 16655s
 2248563 717316 1962.42848   48  112 2034.29473 1956.01820  3.85%  42.2 16661s
 2249077 717363 infeasible   62      2034.29473 1956.02613  3.85%  42.2 16673s
 2249388 717623     cutoff   66      2034.29473 1956.02680  3.85%  42.2 16680s
 2250390 717770     cutoff   76      2034.29473 1956.04772  3.85%  42.2 16685s
 2251103 717967     cutoff   66      2034.29473 1956.05484  3.85%  42.2 16691s
 2251912 718147 1982.89738   67  225 2034.29473 1956.06587  3.85%  42.2 16699s
 2252400 718183 2016.38572   76   73 2034.29473 1956.07055  3.85%  42.2 16700s
 2253299 718670 infeasible   60      2034.29473 1956.07931  3.84%  42.2 16708s
 2253895 718724 2018.49957   60   14 2034.29473 1956.08737  3.84%  42.2 16711s
 2254697 719111 1992.08016   70   27 2034.29473 1956.09109  3.84%  42.1 16718s
 2255279 719164 2001.28410   72  222 2034.29473 1956.09653  3.84%  42.1 16720s
 2256096 719348 2033.75101   91   18 2034.29473 1956.10632  3.84%  42.1 16726s
 2256191 719510 2025.87997   66    4 2034.29473 1956.10776  3.84%  42.1 16731s
 2256907 719720 infeasible   87      2034.29473 1956.11321  3.84%  42.1 16736s
 2257659 719887 2012.61960   75  164 2034.29473 1956.12651  3.84%  42.1 16741s
 2258424 719973 infeasible   82      2034.29473 1956.13693  3.84%  42.1 16747s
 2259008 720116 2000.89749   61  196 2034.29473 1956.14207  3.84%  42.1 16751s
 2259533 720241 2013.36699   72   84 2034.29473 1956.15204  3.84%  42.1 16768s
 2260342 720313 2032.21043   81  149 2034.29473 1956.16495  3.84%  42.1 16771s
 2260667 720516 1983.95370   69  204 2034.29473 1956.17210  3.84%  42.1 16775s
 2261509 720594 infeasible   56      2034.29473 1956.18368  3.84%  42.1 16781s
 2262059 720704 infeasible   57      2034.29473 1956.19271  3.84%  42.1 16786s
 2262625 720893 2016.05972   62    4 2034.29473 1956.20105  3.84%  42.1 16792s
 2263291 721062     cutoff   51      2034.29473 1956.20717  3.84%  42.1 16799s
 2263858 721230 2009.90766   66   51 2034.29473 1956.21374  3.84%  42.1 16803s
 2264560 721406 1976.39949   72   75 2034.29473 1956.22196  3.84%  42.1 16807s
 2265502 721560 1999.20322   74  213 2034.29473 1956.23440  3.84%  42.1 16810s
 2266011 721738 2027.51048   70  113 2034.29473 1956.24661  3.84%  42.1 16815s
 2266691 721868 2016.08402   85  143 2034.29473 1956.25615  3.84%  42.1 16821s
 2267260 721939 2020.50783   66  212 2034.29473 1956.26299  3.84%  42.1 16825s
 2268429 722282 infeasible   80      2034.29473 1956.27930  3.84%  42.1 16832s
 2269003 722292 2031.45945   77   84 2034.29473 1956.28448  3.83%  42.1 16835s
 2269058 722440 2030.30395   56   78 2034.29473 1956.28825  3.83%  42.1 16841s
 2270109 722611 2023.76580   59   56 2034.29473 1956.30290  3.83%  42.1 16855s
 2270363 722974 infeasible   86      2034.29473 1956.30416  3.83%  42.1 16862s
 2271670 722994 infeasible   77      2034.29473 1956.31389  3.83%  42.1 16865s
 2272878 723564 1991.29893   69  206 2034.29473 1956.32891  3.83%  42.1 16872s
 2273466 723738 1985.17094   49  176 2034.29473 1956.33270  3.83%  42.1 16877s
 2274242 723897 1975.99655   58  102 2034.29473 1956.33989  3.83%  42.1 16882s
 2274512 723912 1965.75600   75  181 2034.29473 1956.34625  3.83%  42.1 16885s
 2275271 724250 1959.00025   72  234 2034.29473 1956.36021  3.83%  42.1 16892s
 2276253 724445 2012.12850   51  118 2034.29473 1956.36892  3.83%  42.1 16896s
 2276302 724753 2026.94995   52   93 2034.29473 1956.37088  3.83%  42.1 16900s
 2277394 724880 2016.63810   63   69 2034.29473 1956.38150  3.83%  42.1 16905s
 2278127 725144     cutoff   74      2034.29473 1956.39843  3.83%  42.0 16910s
 2279181 725398 2029.51227   54  175 2034.29473 1956.41189  3.83%  42.0 16918s
 2279715 725437 2002.40338   64  162 2034.29473 1956.42189  3.83%  42.0 16920s
 2280382 725640     cutoff   77      2034.29473 1956.42755  3.83%  42.0 16935s
 2281517 725808 2004.50623   51  141 2034.29473 1956.44790  3.83%  42.0 16941s
 2281598 726021 2012.58495   52  112 2034.29473 1956.44790  3.83%  42.0 16945s
 2282959 726312 2024.81442   66   58 2034.29473 1956.46833  3.83%  42.0 16950s
 2283992 726708 2027.33106   80  178 2034.29473 1956.47949  3.83%  42.0 16957s
 2284930 726810 2021.41868   66   47 2034.29473 1956.48646  3.82%  42.0 16961s
 2285601 726917 2016.00514   86   71 2034.29473 1956.50111  3.82%  42.0 16966s
 2286163 727232 2008.84840   70  308 2034.29473 1956.50889  3.82%  42.0 16972s
 2286864 727377 1957.17225   72  208 2034.29473 1956.52130  3.82%  42.0 16976s
 2288013 727588 infeasible   82      2034.29473 1956.54346  3.82%  42.0 16982s
 2288176 727754     cutoff   62      2034.29473 1956.54627  3.82%  42.0 16985s
 2289352 728078 2024.19836   63  204 2034.29473 1956.56299  3.82%  42.0 16992s
 2289886 728184 infeasible   64      2034.29473 1956.56437  3.82%  42.0 16995s
 2291102 728508 1963.24274   84  158 2034.29473 1956.58110  3.82%  42.0 17015s
 2291989 728563 2009.04419   51  142 2034.29473 1956.59517  3.82%  42.0 17020s
 2292143 728556     cutoff   76      2034.29473 1956.59536  3.82%  42.0 17025s
 2292271 728802 infeasible   70      2034.29473 1956.60136  3.82%  42.0 17033s
 2292922 728859 2017.66230   67    4 2034.29473 1956.60795  3.82%  42.0 17036s
 2293124 729013 2031.57216   73   82 2034.29473 1956.61111  3.82%  42.0 17040s
 2294504 729148 1962.33318   58  280 2034.29473 1956.62963  3.82%  42.0 17046s
 2294564 729311 1987.69075   59  225 2034.29473 1956.63012  3.82%  42.0 17050s
 2295741 729450 2032.28289   93  109 2034.29473 1956.64819  3.82%  42.0 17055s
 2296548 729702 1989.20913   72  107 2034.29473 1956.65624  3.82%  42.0 17062s
 2297200 729894     cutoff   72      2034.29473 1956.66436  3.82%  42.0 17066s
 2297941 730089 1983.70021  111  209 2034.29473 1956.67703  3.82%  42.0 17071s
 2298688 730259 2002.44589   60  241 2034.29473 1956.68889  3.81%  42.0 17076s
 2299878 730379 2027.43040   79    4 2034.29473 1956.70250  3.81%  42.0 17081s
 2300506 730632 2013.07298   63   37 2034.29473 1956.71150  3.81%  42.0 17088s
 2301074 730630 2032.48427   58  110 2034.29473 1956.71941  3.81%  42.0 17091s
 2301741 730850 2027.51682   81   97 2034.29473 1956.72779  3.81%  42.0 17106s
 2302099 730888 infeasible   71      2034.29473 1956.73391  3.81%  42.0 17110s
 2302330 731149     cutoff   72      2034.29473 1956.73953  3.81%  42.0 17118s
 2303495 731147 infeasible   89      2034.29473 1956.75345  3.81%  42.0 17120s
 2304055 731306 infeasible   58      2034.29473 1956.76160  3.81%  42.0 17126s
 2304262 731515 1956.79013   49  108 2034.29473 1956.76300  3.81%  41.9 17130s
 2305614 731705 2028.86014   49   65 2034.29473 1956.78185  3.81%  41.9 17136s
 2305760 731961     cutoff   74      2034.29473 1956.78185  3.81%  41.9 17140s
 2307111 732148 1996.96096   53  202 2034.29473 1956.79299  3.81%  41.9 17146s
 2307799 732354     cutoff   70      2034.29473 1956.80013  3.81%  41.9 17150s
 2308514 732575     cutoff   92      2034.29473 1956.80800  3.81%  41.9 17157s
 2308971 732730 1961.27926   59  222 2034.29473 1956.81559  3.81%  41.9 17163s
 2309576 732862     cutoff   66      2034.29473 1956.82229  3.81%  41.9 17166s
 2310208 733020     cutoff   84      2034.29473 1956.83342  3.81%  41.9 17172s
 2311059 733164 1988.71130   76  107 2034.29473 1956.84515  3.81%  41.9 17178s
 2311635 733203 2018.46061   80  140 2034.29473 1956.84944  3.81%  41.9 17180s
 2312263 733401 2027.05618   89  198 2034.29473 1956.85770  3.81%  41.9 17201s
 2312689 733549     cutoff   72      2034.29473 1956.86026  3.81%  41.9 17205s
 2313459 733793 2010.25017   76  269 2034.29473 1956.86957  3.81%  41.9 17211s
 2314650 733890 2001.56759   46  189 2034.29473 1956.88322  3.81%  41.9 17216s
 2315344 734222 2000.75539   70  276 2034.29473 1956.89198  3.80%  41.9 17223s
 2315937 734257 2010.06983   85   47 2034.29473 1956.89995  3.80%  41.9 17225s
 2316656 734526 infeasible   50      2034.29473 1956.90689  3.80%  41.9 17231s
 2317296 734786 2011.40567   48  342 2034.29473 1956.91439  3.80%  41.9 17237s
 2317692 734837 1975.65602   77  223 2034.29473 1956.92090  3.80%  41.9 17240s
 2318518 734976 2012.56400   80  201 2034.29473 1956.93028  3.80%  41.9 17245s
 2319298 735301 2030.09592   74  125 2034.29473 1956.94118  3.80%  41.9 17251s
 2319857 735369 1998.14613   59  202 2034.29473 1956.95025  3.80%  41.9 17256s
 2320204 735449 2026.03249   73   33 2034.29473 1956.95445  3.80%  41.9 17260s
 2320317 735588 infeasible   55      2034.29473 1956.95445  3.80%  41.9 17269s
 2320878 735599 infeasible   71      2034.29473 1956.96731  3.80%  41.9 17271s
 2320945 735781 2019.13344   76  245 2034.29473 1956.96793  3.80%  41.9 17276s
 2322076 735944     cutoff   70      2034.29473 1956.97977  3.80%  41.9 17282s
 2322408 736051 2010.70420   56  191 2034.29473 1956.98851  3.80%  41.9 17286s
 2322894 736075 1959.63962   74  235 2034.29473 1956.99190  3.80%  41.9 17300s
 2323017 736498 2011.39489   56  189 2034.29473 1956.99745  3.80%  41.9 17312s
 2324388 736860 2002.54056   63  201 2034.29473 1957.01132  3.80%  41.9 17324s
 2325437 736870     cutoff  117      2034.29473 1957.02274  3.80%  41.9 17327s
 2325573 737056 2014.23509   62    4 2034.29473 1957.02476  3.80%  41.9 17331s
 2326425 737209 2022.76362   85  159 2034.29473 1957.03744  3.80%  41.9 17337s
 2327157 737238 1977.22397   45   86 2034.29473 1957.04416  3.80%  41.9 17340s
 2327951 737538 1957.28494   71   27 2034.29473 1957.05216  3.80%  41.8 17348s
 2328371 737577 infeasible  103      2034.29473 1957.06005  3.80%  41.8 17350s
 2329332 737757 1990.82343   70  119 2034.29473 1957.07505  3.80%  41.8 17356s
 2329414 737871 1957.90544   74   72 2034.29473 1957.07675  3.80%  41.8 17360s
 2330497 737924     cutoff   61      2034.29473 1957.09141  3.80%  41.8 17367s
 2330548 738078 1977.23351   63  253 2034.29473 1957.09179  3.80%  41.8 17372s
 2331289 738257     cutoff   72      2034.29473 1957.10369  3.79%  41.8 17378s
 2331937 738301 2030.72055   68    4 2034.29473 1957.11218  3.79%  41.8 17380s
 2332787 738531 1968.07513   58    4 2034.29473 1957.12060  3.79%  41.8 17386s
 2333608 738713 2023.29806   91   97 2034.29473 1957.12895  3.79%  41.8 17400s
 2333706 739410 2030.86813   49   22 2034.29473 1957.13363  3.79%  41.8 17417s
 2337040 739425 1969.81846   53   27 2034.29473 1957.16852  3.79%  41.8 17420s
 2337480 739568 2006.41213  104   47 2034.29473 1957.17574  3.79%  41.8 17427s
 2337670 739675 2021.69566  112   16 2034.29473 1957.17840  3.79%  41.8 17431s
 2338413 739755 infeasible   71      2034.29473 1957.19085  3.79%  41.8 17437s
 2338717 739839 1965.15502   98   82 2034.29473 1957.19536  3.79%  41.8 17440s
 2339278 740011     cutoff   77      2034.29473 1957.20186  3.79%  41.8 17447s
 2340046 740171 2023.02565   63  219 2034.29473 1957.20977  3.79%  41.8 17454s
 2340634 740196     cutoff   76      2034.29473 1957.21897  3.79%  41.8 17457s
 2341108 740329 2022.37156   46  324 2034.29473 1957.22330  3.79%  41.8 17465s
 2341674 740485 1996.16357   71  213 2034.29473 1957.23221  3.79%  41.8 17473s
 2342233 740668     cutoff   54      2034.29473 1957.23987  3.79%  41.8 17478s
 2342760 740665 infeasible   66      2034.29473 1957.24852  3.79%  41.8 17480s
 2342809 740803 2013.21993   63  114 2034.29473 1957.24853  3.79%  41.8 17485s
 2343709 740936 2024.38695   76    3 2034.29473 1957.26334  3.79%  41.8 17491s
 2343988 741048 2013.73256   82  159 2034.29473 1957.26861  3.79%  41.8 17505s
 2344668 741327 infeasible   83      2034.29473 1957.27392  3.79%  41.8 17517s
 2345537 741367 1983.24081   69  107 2034.29473 1957.28431  3.79%  41.8 17520s
 2345745 741536 1969.39847   91  191 2034.29473 1957.28843  3.79%  41.8 17525s
 2346595 741779 2023.21367   91   76 2034.29473 1957.30230  3.78%  41.8 17533s
 2347307 741825 infeasible   86      2034.29473 1957.31012  3.78%  41.8 17536s
 2347503 741993 1971.40088   67   51 2034.29473 1957.31633  3.78%  41.8 17540s
 2348329 742141 infeasible   48      2034.29473 1957.33016  3.78%  41.8 17546s
 2348905 742316     cutoff   50      2034.29473 1957.33619  3.78%  41.8 17552s
 2349462 742406 1999.55778   63  205 2034.29473 1957.34019  3.78%  41.8 17555s
 2350028 742621 2007.32974   65  211 2034.29473 1957.35193  3.78%  41.8 17560s
 2350992 742709 infeasible   71      2034.29473 1957.36547  3.78%  41.8 17565s
 2351672 742821 2017.19326   87  106 2034.29473 1957.37282  3.78%  41.8 17572s
 2351773 742959 infeasible   70      2034.29473 1957.37886  3.78%  41.8 17576s
 2352457 743139 2020.06140   74    9 2034.29473 1957.38224  3.78%  41.8 17582s
 2353232 743414 1962.44306   58   78 2034.29473 1957.39435  3.78%  41.8 17588s
 2353911 743475 infeasible   62      2034.29473 1957.40136  3.78%  41.8 17591s
 2354173 743506     cutoff   86      2034.29473 1957.40288  3.78%  41.8 17595s
 2354609 743575     cutoff   56      2034.29473 1957.40943  3.78%  41.8 17609s
 2354842 743972 2014.60018   73  146 2034.29473 1957.41038  3.78%  41.8 17624s
 2356510 743985 1997.26279   75   42 2034.29473 1957.43595  3.78%  41.8 17627s
 2356565 744026     cutoff   89      2034.29473 1957.43775  3.78%  41.8 17631s
 2357063 744252 1975.76297   83  226 2034.29473 1957.44892  3.78%  41.8 17638s
 2357665 744439 infeasible   55      2034.29473 1957.45437  3.78%  41.8 17642s
 2358205 744654     cutoff   54      2034.29473 1957.46000  3.78%  41.8 17648s
 2358742 744766 infeasible   83      2034.29473 1957.46206  3.78%  41.8 17655s
 2359359 744992 2026.61885   84  191 2034.29473 1957.46733  3.78%  41.8 17665s
 2360127 745201 2018.79076   65   31 2034.29473 1957.47418  3.78%  41.8 17673s
 2360644 745283     cutoff   74      2034.29473 1957.47584  3.78%  41.8 17676s
 2360988 745550 1961.41169   66  133 2034.29473 1957.47858  3.78%  41.7 17682s
 2361659 745638     cutoff   87      2034.29473 1957.48244  3.78%  41.7 17686s
 2361908 745779 2015.65316   62   32 2034.29473 1957.48664  3.78%  41.7 17692s
 2362294 745850     cutoff   87      2034.29473 1957.49486  3.78%  41.7 17695s
 2362529 745955     cutoff   67      2034.29473 1957.49752  3.78%  41.7 17701s
 2363193 746080     cutoff   53      2034.29473 1957.50926  3.77%  41.7 17710s
 2363946 746244 2012.55063   86  281 2034.29473 1957.52863  3.77%  41.7 17719s
 2364478 746260 infeasible   76      2034.29473 1957.53723  3.77%  41.7 17726s
 2364544 746351 1992.88061   69   96 2034.29473 1957.53965  3.77%  41.7 17733s
 2365143 746424 1958.82307   76  267 2034.29473 1957.54888  3.77%  41.7 17747s
 2365431 746811 infeasible   55      2034.29473 1957.55147  3.77%  41.7 17758s
 2366671 746827 1993.68729   60   99 2034.29473 1957.56359  3.77%  41.7 17761s
 2366749 746946 infeasible   48      2034.29473 1957.56629  3.77%  41.7 17765s
 2367140 747038 2017.36413   57  105 2034.29473 1957.57238  3.77%  41.7 17770s
 2367675 747193 2030.48036   66    3 2034.29473 1957.58280  3.77%  41.7 17777s
 2368157 747187     cutoff   68      2034.29473 1957.58863  3.77%  41.7 17780s
 2368309 747309 1963.80176   46  142 2034.29473 1957.58987  3.77%  41.7 17786s
 2368956 747394 2023.71255   81  280 2034.29473 1957.59903  3.77%  41.7 17790s
 2369455 747565 2022.11347   64  140 2034.29473 1957.60637  3.77%  41.7 17798s
 2369970 747573 2029.96377   57  107 2034.29473 1957.61089  3.77%  41.7 17800s
 2369997 747625 2029.96377   58  105 2034.29473 1957.61184  3.77%  41.7 17805s
 2370480 747674 infeasible   51      2034.29473 1957.62508  3.77%  41.7 17810s
 2370815 747805 1960.54857   55  198 2034.29473 1957.63138  3.77%  41.7 17815s
 2371437 747974 2027.90608   84  250 2034.29473 1957.64012  3.77%  41.7 17825s
 2371971 748052 1976.79596   76  209 2034.29473 1957.64798  3.77%  41.7 17830s
 2372521 748176 2025.33933   76   97 2034.29473 1957.65895  3.77%  41.7 17839s
 2373126 748188     cutoff   73      2034.29473 1957.66673  3.77%  41.7 17842s
 2373213 748325 infeasible   82      2034.29473 1957.66984  3.77%  41.7 17849s
 2373745 748404 2021.08646   77   64 2034.29473 1957.67516  3.77%  41.7 17854s
 2373979 748458 2013.44412   77  184 2034.29473 1957.68058  3.77%  41.7 17857s
 2374119 748538 infeasible   81      2034.29473 1957.68301  3.77%  41.7 17864s
 2374477 748595 infeasible   79      2034.29473 1957.68467  3.77%  41.7 17868s
 2374789 748779 2027.76201   60  126 2034.29473 1957.68955  3.77%  41.7 17875s
 2375362 748865     cutoff   77      2034.29473 1957.69623  3.77%  41.7 17889s
 2375615 749207     cutoff   68      2034.29473 1957.69876  3.77%  41.7 17899s
 2376835 749207     cutoff   79      2034.29473 1957.71283  3.76%  41.7 17902s
 2376924 749381 2028.56768   69  127 2034.29473 1957.71669  3.76%  41.7 17908s
 2377467 749410 infeasible   40      2034.29473 1957.72190  3.76%  41.7 17911s
 2377706 749432 1979.15860   59  194 2034.29473 1957.72530  3.76%  41.7 17915s
 2377977 749503 2011.80279   61   79 2034.29473 1957.72530  3.76%  41.7 17922s
 2378389 749697 2014.65804   65  169 2034.29473 1957.73837  3.76%  41.7 17930s
 2379249 749918 2032.01833   57   25 2034.29473 1957.75191  3.76%  41.7 17937s
 2380012 750002 1991.93702   91  147 2034.29473 1957.76164  3.76%  41.7 17941s
 2380407 750079 1971.48251   72  129 2034.29473 1957.76948  3.76%  41.7 17946s
 2380704 750249     cutoff   69      2034.29473 1957.77553  3.76%  41.7 17951s
 2381334 750428 2033.01602   65   99 2034.29473 1957.78220  3.76%  41.7 17959s
 2382056 750597 infeasible   80      2034.29473 1957.79413  3.76%  41.7 17964s
 2382650 750609 1976.35090   71  180 2034.29473 1957.79872  3.76%  41.7 17967s
 2382749 750772     cutoff   82      2034.29473 1957.80055  3.76%  41.7 17972s
 2383427 750985 2021.34179   87   26 2034.29473 1957.80641  3.76%  41.7 17978s
 2384059 750991 2018.42025   70   26 2034.29473 1957.81156  3.76%  41.7 17981s
 2384140 751205 1999.58915   58  238 2034.29473 1957.81319  3.76%  41.7 17985s
 2384834 751368     cutoff   70      2034.29473 1957.82366  3.76%  41.7 17990s
 2385487 751602 infeasible   70      2034.29473 1957.83460  3.76%  41.7 17997s
 2386165 751925 infeasible   48      2034.29473 1957.84040  3.76%  41.7 18016s
 2387103 752001 2029.50812   83  124 2034.29473 1957.85005  3.76%  41.7 18023s
 2387433 752041 infeasible   72      2034.29473 1957.85515  3.76%  41.7 18027s
 2387600 752190 infeasible   65      2034.29473 1957.85595  3.76%  41.7 18034s
 2388111 752199 1957.93991   68   56 2034.29473 1957.86089  3.76%  41.7 18038s
 2388147 752353 1958.04912   60  144 2034.29473 1957.86123  3.76%  41.7 18044s
 2388681 752358 infeasible   80      2034.29473 1957.87014  3.76%  41.7 18047s
 2388759 752465 2009.94708   63  205 2034.29473 1957.87070  3.76%  41.7 18053s
 2389289 752517 1986.04001   51  160 2034.29473 1957.87828  3.76%  41.7 18057s
 2389552 752650 1970.37255   51    4 2034.29473 1957.88277  3.76%  41.7 18062s
 2390351 752832 2004.99358   52  139 2034.29473 1957.89339  3.76%  41.7 18068s
 2390862 752900 2032.62967   85   66 2034.29473 1957.89898  3.76%  41.7 18074s
 2391338 752929 1999.67694   72  210 2034.29473 1957.90228  3.76%  41.7 18076s
 2391486 753027 1973.63030   80  144 2034.29473 1957.90594  3.76%  41.7 18080s
 2392269 753154 2012.17646   51  118 2034.29473 1957.90890  3.75%  41.7 18085s
 2392975 753255     cutoff   74      2034.29473 1957.91900  3.75%  41.7 18092s
 2393132 753368 infeasible   73      2034.29473 1957.92212  3.75%  41.7 18096s
 2393687 753417     cutoff   62      2034.29473 1957.93322  3.75%  41.7 18100s
 2394140 753505 1967.28049   67   27 2034.29473 1957.93497  3.75%  41.7 18105s
 2394621 753580 2007.27640   54   63 2034.29473 1957.94533  3.75%  41.7 18111s
 2394818 753757 1973.06273   56  192 2034.29473 1957.94869  3.75%  41.7 18116s
 2395399 753794 2013.92915   76  132 2034.29473 1957.95451  3.75%  41.6 18120s
 2395688 753903 infeasible   74      2034.29473 1957.96061  3.75%  41.6 18125s
 2396418 754108 1975.24005   88  200 2034.29473 1957.96966  3.75%  41.6 18147s
 2397130 754112 infeasible   68      2034.29473 1957.97941  3.75%  41.6 18150s
 2397258 754308 infeasible   84      2034.29473 1957.98173  3.75%  41.6 18155s
 2398018 754484 2007.89727   81   79 2034.29473 1957.99074  3.75%  41.6 18160s
 2398472 754634 2024.92707   60   94 2034.29473 1957.99219  3.75%  41.6 18165s
 2398982 754823 2004.07505   57   99 2034.29473 1957.99932  3.75%  41.6 18171s
 2399631 754859 1959.96281   65  207 2034.29473 1958.00753  3.75%  41.6 18175s
 2399746 754875 1960.17674   66  207 2034.29473 1958.00798  3.75%  41.6 18180s
 2399827 754952 1960.70333   69  203 2034.29473 1958.00968  3.75%  41.6 18187s
 2399998 755028 1960.77733   70  201 2034.29473 1958.01085  3.75%  41.6 18190s
 2400283 755174     cutoff   59      2034.29473 1958.01681  3.75%  41.6 18196s
 2400950 755351 infeasible   60      2034.29473 1958.02963  3.75%  41.6 18203s
 2401654 755499 2019.97457   81  254 2034.29473 1958.03699  3.75%  41.6 18209s
 2402236 755520     cutoff   99      2034.29473 1958.04492  3.75%  41.6 18212s
 2402301 755706 2009.27803   72  110 2034.29473 1958.04672  3.75%  41.6 18218s
 2402911 755780 infeasible   68      2034.29473 1958.05207  3.75%  41.6 18221s
 2403417 756013 1987.02812   80  187 2034.29473 1958.06178  3.75%  41.6 18230s
 2404065 756267 1970.54607   79  230 2034.29473 1958.06881  3.75%  41.6 18236s
 2404825 756400 1964.99598   89  144 2034.29473 1958.07483  3.75%  41.6 18242s
 2405430 756404     cutoff   62      2034.29473 1958.08080  3.75%  41.6 18245s
 2405522 756537 1969.49556   66  220 2034.29473 1958.08233  3.75%  41.6 18251s
 2406092 756620 1958.63703   66  238 2034.29473 1958.08867  3.75%  41.6 18256s
 2406628 756705 2025.33026   67   75 2034.29473 1958.09687  3.75%  41.6 18270s
 2406925 757057     cutoff  123      2034.29473 1958.10787  3.75%  41.6 18276s
 2408129 757208 2010.33139   83   85 2034.29473 1958.12729  3.74%  41.6 18284s
 2408718 757216 infeasible   72      2034.29473 1958.13562  3.74%  41.6 18287s
 2408814 757386 infeasible   72      2034.29473 1958.13837  3.74%  41.6 18291s
 2409542 757640 2001.14213   63  188 2034.29473 1958.14970  3.74%  41.6 18298s
 2410088 757666 2014.80354   77  109 2034.29473 1958.15451  3.74%  41.6 18300s
 2410692 758026 2023.65604   84   68 2034.29473 1958.16067  3.74%  41.6 18309s
 2411326 758106 1999.37812   74  201 2034.29473 1958.16354  3.74%  41.6 18313s
 2411566 758322     cutoff   70      2034.29473 1958.16666  3.74%  41.6 18317s
 2412183 758437 1999.70396  108  100 2034.29473 1958.16718  3.74%  41.6 18322s
 2412560 758500 1973.01386   82  221 2034.29473 1958.16884  3.74%  41.6 18326s
 2412759 758533 1983.55569   60   49 2034.29473 1958.17196  3.74%  41.6 18330s
 2413030 758786 2018.96827   79   44 2034.29473 1958.17197  3.74%  41.6 18339s
 2413621 758811 2029.85543   78  173 2034.29473 1958.18468  3.74%  41.6 18340s
 2413680 758848 2018.29371   78  237 2034.29473 1958.18508  3.74%  41.6 18345s
 2414167 758959 1958.21104   47   25 2034.29473 1958.19073  3.74%  41.6 18350s
 2414929 759139 1993.27449   83  216 2034.29473 1958.20169  3.74%  41.6 18359s
 2415565 759168 1976.34914   68  223 2034.29473 1958.21268  3.74%  41.6 18361s
 2415710 759342 2004.92525   77  235 2034.29473 1958.21395  3.74%  41.6 18365s
 2416583 759496 2028.30064   87   67 2034.29473 1958.22723  3.74%  41.6 18373s
 2416994 759606 2022.26472   60   61 2034.29473 1958.23230  3.74%  41.6 18390s
 2417310 759891 1986.18819   81  127 2034.29473 1958.23741  3.74%  41.6 18399s
 2418249 759922     cutoff   81      2034.29473 1958.24680  3.74%  41.6 18402s
 2418341 760106 2029.45783   66    3 2034.29473 1958.24775  3.74%  41.6 18408s
 2419032 760154 infeasible   50      2034.29473 1958.25821  3.74%  41.6 18411s
 2419226 760313 2016.23937   51  222 2034.29473 1958.25951  3.74%  41.6 18416s
 2419936 760386 infeasible   79      2034.29473 1958.27025  3.74%  41.6 18422s
 2420466 760384 1979.71084   51  208 2034.29473 1958.28148  3.74%  41.6 18425s
 2421212 760622     cutoff   79      2034.29473 1958.28794  3.74%  41.6 18432s
 2421326 760763 2032.08947   88    3 2034.29473 1958.28794  3.74%  41.6 18437s
 2421908 760836 infeasible   63      2034.29473 1958.29249  3.74%  41.6 18440s
 2422211 761005 2030.22761   82  179 2034.29473 1958.30042  3.74%  41.6 18445s
 2422882 761152 2014.92385   92  211 2034.29473 1958.30661  3.74%  41.6 18454s
 2423483 761185 2014.61025   70  127 2034.29473 1958.31694  3.73%  41.6 18459s
 2423667 761278 1968.04012   76  165 2034.29473 1958.31918  3.73%  41.6 18462s
 2424000 761298 infeasible   64      2034.29473 1958.32345  3.73%  41.6 18465s
 2424236 761537 2012.70467   54  139 2034.29473 1958.32615  3.73%  41.6 18473s
 2424838 761550 infeasible   48      2034.29473 1958.33159  3.73%  41.6 18475s
 2424922 761775 2026.07415   60  204 2034.29473 1958.33335  3.73%  41.6 18480s
 2425894 761856 infeasible   70      2034.29473 1958.35126  3.73%  41.6 18487s
 2426151 761908 1970.11097   61  355 2034.29473 1958.35491  3.73%  41.6 18493s
 2426530 761941     cutoff   97      2034.29473 1958.36257  3.73%  41.6 18496s
 2426701 762130 2018.90975   73  248 2034.29473 1958.36358  3.73%  41.6 18502s
 2427273 762192     cutoff   98      2034.29473 1958.37180  3.73%  41.6 18516s
 2427499 762501     cutoff   88      2034.29473 1958.37511  3.73%  41.6 18526s
 2428774 762731     cutoff   83      2034.29473 1958.38670  3.73%  41.5 18535s
 2429542 762921     cutoff   80      2034.29473 1958.39439  3.73%  41.5 18541s
 2430160 763036     cutoff   66      2034.29473 1958.39648  3.73%  41.5 18546s
 2430788 763236 2008.35130   72  200 2034.29473 1958.40011  3.73%  41.5 18555s
 2431407 763397 2027.60311   70    6 2034.29473 1958.40710  3.73%  41.5 18561s
 2432021 763576 2028.42556   82   30 2034.29473 1958.40967  3.73%  41.5 18570s
 2432905 763671 infeasible   84      2034.29473 1958.42002  3.73%  41.5 18578s
 2433003 763788     cutoff   81      2034.29473 1958.42464  3.73%  41.5 18583s
 2433565 763880 1958.97037   70  216 2034.29473 1958.42854  3.73%  41.5 18586s
 2433845 764016     cutoff   76      2034.29473 1958.43213  3.73%  41.5 18592s
 2434464 764151 1963.76970   60  270 2034.29473 1958.43665  3.73%  41.5 18598s
 2435022 764288 2008.50449   78   42 2034.29473 1958.44430  3.73%  41.5 18603s
 2435643 764308 infeasible   72      2034.29473 1958.44804  3.73%  41.5 18605s
 2435740 764390 1964.10695   47   29 2034.29473 1958.45282  3.73%  41.5 18610s
 2436310 764555 infeasible   81      2034.29473 1958.45772  3.73%  41.5 18617s
 2436942 764692     cutoff   85      2034.29473 1958.46523  3.73%  41.5 18623s
 2437530 764809 2029.25241   54   49 2034.29473 1958.47826  3.73%  41.5 18643s
 2438133 764805 2031.60477   77   39 2034.29473 1958.49114  3.73%  41.5 18645s
 2438903 765065 2023.29526   75   70 2034.29473 1958.49974  3.73%  41.5 18652s
 2439050 765164 2023.02703   74   76 2034.29473 1958.49975  3.73%  41.5 18656s
 2439798 765371 1978.20664   69  138 2034.29473 1958.50566  3.73%  41.5 18663s
 2440382 765381     cutoff   91      2034.29473 1958.51142  3.73%  41.5 18665s
 2440455 765518     cutoff   58      2034.29473 1958.51179  3.73%  41.5 18671s
 2441224 765708 2033.01421   79  207 2034.29473 1958.52160  3.72%  41.5 18678s
 2442062 765889 infeasible   79      2034.29473 1958.53190  3.72%  41.5 18682s
 2442835 766098 1965.55949   63  212 2034.29473 1958.53758  3.72%  41.5 18688s
 2443400 766118 infeasible   69      2034.29473 1958.54707  3.72%  41.5 18692s
 2443649 766241     cutoff   87      2034.29473 1958.54970  3.72%  41.5 18698s
 2444187 766242 2028.32641   79  111 2034.29473 1958.55676  3.72%  41.5 18701s
 2444254 766386     cutoff   81      2034.29473 1958.55676  3.72%  41.5 18706s
 2445127 766495 infeasible   82      2034.29473 1958.56587  3.72%  41.5 18711s
 2445247 766600     cutoff   60      2034.29473 1958.56650  3.72%  41.5 18716s
 2445848 766722 1993.94903   82   98 2034.29473 1958.57497  3.72%  41.5 18720s
 2446628 766883 2025.55873   62    4 2034.29473 1958.58019  3.72%  41.5 18728s
 2447243 767098 1991.06923   58  143 2034.29473 1958.59576  3.72%  41.5 18733s
 2447861 767156     cutoff   57      2034.29473 1958.60274  3.72%  41.5 18751s
 2448090 767594 1959.12737   64   48 2034.29473 1958.60588  3.72%  41.5 18765s
 2449779 767745 2019.61900   72  111 2034.29473 1958.62077  3.72%  41.5 18770s
 2450766 767896 2018.35048   50  150 2034.29473 1958.63468  3.72%  41.5 18776s
 2450875 768007 2019.13988   53  112 2034.29473 1958.63471  3.72%  41.5 18781s
 2451396 768110 1969.79176   89  105 2034.29473 1958.64382  3.72%  41.5 18785s
 2451904 768273 infeasible   62      2034.29473 1958.64889  3.72%  41.5 18793s
 2452438 768413 2026.51401   75   34 2034.29473 1958.65454  3.72%  41.5 18796s
 2452974 768580     cutoff   67      2034.29473 1958.66033  3.72%  41.5 18802s
 2453551 768653 2008.20882   48  193 2034.29473 1958.66338  3.72%  41.5 18805s
 2454076 768790 infeasible   63      2034.29473 1958.67241  3.72%  41.5 18810s
 2455123 769039 infeasible   77      2034.29473 1958.68661  3.72%  41.5 18817s
 2455792 769147 1994.16518   96   84 2034.29473 1958.69446  3.72%  41.5 18821s
 2456234 769150 2034.28818   85    3 2034.29473 1958.69583  3.72%  41.5 18831s
 2456327 769210 2033.86750   85    3 2034.29473 1958.69612  3.72%  41.5 18836s
 2456949 769353     cutoff   76      2034.29473 1958.70320  3.72%  41.5 18841s
 2457471 769501 2012.22450   88  133 2034.29473 1958.71467  3.72%  41.5 18847s
 2458268 769664 1961.02986   57  220 2034.29473 1958.72738  3.71%  41.5 18864s
 2458892 769664     cutoff   92      2034.29473 1958.73202  3.71%  41.5 18868s
 2459008 769817 1960.94327   73  158 2034.29473 1958.73512  3.71%  41.5 18873s
 2459683 769821 1975.33796   72  227 2034.29473 1958.74366  3.71%  41.5 18877s
 2459779 770015 1990.22811   70  101 2034.29473 1958.74366  3.71%  41.5 18882s
 2460554 770170 1979.84020   57  207 2034.29473 1958.75357  3.71%  41.5 18887s
 2461126 770305 2022.01416   65    9 2034.29473 1958.76635  3.71%  41.5 18891s
 2461814 770386 2029.81392   80    3 2034.29473 1958.77709  3.71%  41.4 18898s
 2462263 770521     cutoff   77      2034.29473 1958.78222  3.71%  41.4 18903s
 2462726 770532 2022.69705   78    5 2034.29473 1958.79024  3.71%  41.4 18906s
 2462821 770575 1961.10107   86  254 2034.29473 1958.79256  3.71%  41.4 18910s
 2463457 770778 2026.84119   85  132 2034.29473 1958.79710  3.71%  41.4 18915s
 2464185 770961 2005.06495   63  173 2034.29473 1958.80795  3.71%  41.4 18922s
 2464786 771097 infeasible   70      2034.29473 1958.82113  3.71%  41.4 18928s
 2465348 771108 infeasible   62      2034.29473 1958.82690  3.71%  41.4 18930s
 2465542 771252 infeasible   65      2034.29473 1958.83246  3.71%  41.4 18935s
 2466197 771389     cutoff   95      2034.29473 1958.83703  3.71%  41.4 18944s
 2466736 771451 2008.81121   92  170 2034.29473 1958.84278  3.71%  41.4 18948s
 2467254 771514 2024.26711   87    4 2034.29473 1958.85188  3.71%  41.4 18950s
 2467917 771838 infeasible   93      2034.29473 1958.85660  3.71%  41.4 18957s
 2468500 771891 infeasible   84      2034.29473 1958.85713  3.71%  41.4 18971s
 2468664 772457     cutoff   74      2034.29473 1958.85793  3.71%  41.4 18988s
 2470585 772467 infeasible   89      2034.29473 1958.87437  3.71%  41.4 18991s
 2470650 772658 1987.12497   69  207 2034.29473 1958.87580  3.71%  41.4 18996s
 2471437 772834 2017.83396   61    4 2034.29473 1958.88665  3.71%  41.4 19003s
 2471951 772870 2003.54527   71  202 2034.29473 1958.88930  3.71%  41.4 19005s
 2472585 773087 infeasible   60      2034.29473 1958.89924  3.71%  41.4 19012s
 2472942 773122 infeasible   62      2034.29473 1958.90194  3.71%  41.4 19015s
 2473085 773282 2025.26059   58   47 2034.29473 1958.90551  3.71%  41.4 19020s
 2473726 773425 2025.68831   73   98 2034.29473 1958.91582  3.71%  41.4 19028s
 2474269 773524 infeasible   52      2034.29473 1958.92512  3.70%  41.4 19031s
 2474709 773607     cutoff   82      2034.29473 1958.92895  3.70%  41.4 19038s
 2475150 773619 2002.64533   71  203 2034.29473 1958.93336  3.70%  41.4 19040s
 2475233 773789 2015.76972   77   84 2034.29473 1958.93426  3.70%  41.4 19045s
 2476118 773903 infeasible   50      2034.29473 1958.94345  3.70%  41.4 19050s
 2476226 774021 1972.52149   80  240 2034.29473 1958.94800  3.70%  41.4 19055s
 2477275 774157 infeasible   93      2034.29473 1958.96548  3.70%  41.4 19062s
 2477414 774231 2017.81679   71  300 2034.29473 1958.96808  3.70%  41.4 19067s
 2477982 774300     cutoff   48      2034.29473 1958.97853  3.70%  41.4 19073s
 2478485 774396 infeasible   68      2034.29473 1958.99070  3.70%  41.4 19078s
 2479060 774386 infeasible   75      2034.29473 1958.99981  3.70%  41.4 19095s
 2479151 775222 1959.02683   56  210 2034.29473 1959.00313  3.70%  41.4 19138s
 2482448 775232 infeasible   51      2034.29473 1959.02711  3.70%  41.4 19140s
 2482507 775228 infeasible   48      2034.29473 1959.02719  3.70%  41.4 19147s
 2482559 775238 2022.31740   49   79 2034.29473 1959.03197  3.70%  41.4 19151s
 2482633 775307 2033.04383   55   27 2034.29473 1959.03197  3.70%  41.4 19156s
 2483137 775455 infeasible   48      2034.29473 1959.05132  3.70%  41.4 19163s
 2483739 775472     cutoff   67      2034.29473 1959.05797  3.70%  41.4 19165s
 2483804 775558 2019.79017   74  138 2034.29473 1959.05949  3.70%  41.4 19173s
 2484309 775699 infeasible   73      2034.29473 1959.06712  3.70%  41.4 19182s
 2484729 775759     cutoff   73      2034.29473 1959.06823  3.70%  41.4 19185s
 2484865 775885 2024.95176   80   45 2034.29473 1959.06823  3.70%  41.4 19192s
 2485386 775935 infeasible   84      2034.29473 1959.07241  3.70%  41.4 19195s
 2485591 776061 2030.18474   74    4 2034.29473 1959.07706  3.70%  41.4 19201s
 2486180 776135 2032.06961   78  181 2034.29473 1959.08504  3.70%  41.4 19208s
 2486694 776181 infeasible   84      2034.29473 1959.08858  3.70%  41.4 19215s
 2486948 776452 1996.20386   67  177 2034.29473 1959.09357  3.70%  41.4 19223s
 2487608 776628 1971.33260   90   70 2034.29473 1959.09807  3.70%  41.4 19230s
 2488283 776846 2004.48750   82  167 2034.29473 1959.10677  3.70%  41.4 19240s
 2488871 776964 2025.83841   82  105 2034.29473 1959.11419  3.70%  41.4 19248s
 2489387 776983     cutoff   65      2034.29473 1959.12026  3.70%  41.4 19262s
 2489472 777454 infeasible   45      2034.29473 1959.12168  3.70%  41.4 19294s
 2491429 777472 1964.78220   63  211 2034.29473 1959.12342  3.70%  41.4 19298s
 2491510 777481     cutoff  119      2034.29473 1959.12419  3.70%  41.4 19304s
 2491627 777652 1965.01604   63  233 2034.29473 1959.12942  3.69%  41.4 19318s
 2492479 777773 2017.29671   91    3 2034.29473 1959.15455  3.69%  41.4 19326s
 2493223 777925 infeasible   45      2034.29473 1959.16666  3.69%  41.4 19335s
 2493946 778166 2030.32415   65  186 2034.29473 1959.18095  3.69%  41.4 19344s
 2494711 778185 2026.37436   89   85 2034.29473 1959.18771  3.69%  41.4 19347s
 2494778 778396 2004.54519   86  150 2034.29473 1959.18858  3.69%  41.4 19354s
 2495480 778414 2027.77869   61   21 2034.29473 1959.19179  3.69%  41.4 19358s
 2495584 778625 2027.50719   55  107 2034.29473 1959.19344  3.69%  41.4 19368s
 2496304 778832     cutoff   58      2034.29473 1959.20042  3.69%  41.4 19377s
 2496931 778857 infeasible   90      2034.29473 1959.20466  3.69%  41.4 19381s
 2497108 779104 1959.20612   51  183 2034.29473 1959.20612  3.69%  41.4 19391s
 2497897 779312     cutoff   65      2034.29473 1959.21865  3.69%  41.4 19398s
 2498586 779398     cutoff   73      2034.29473 1959.22791  3.69%  41.3 19404s
 2498900 779573     cutoff   55      2034.29473 1959.22791  3.69%  41.3 19411s
 2499536 779760     cutoff   93      2034.29473 1959.23689  3.69%  41.3 19421s
 2500203 779780 infeasible   77      2034.29473 1959.24579  3.69%  41.3 19442s
 2500274 780696 2017.81737   83  236 2034.29473 1959.24679  3.69%  41.3 19493s
 2504218 780695 infeasible   98      2034.29473 1959.27803  3.69%  41.3 19499s
 2504241 780720     cutoff  100      2034.29473 1959.27803  3.69%  41.3 19501s
 2504390 780804 infeasible   55      2034.29473 1959.27803  3.69%  41.3 19515s
 2504944 780952 2008.33226   64   68 2034.29473 1959.28830  3.69%  41.3 19522s
 2505550 780994 2029.74204   60  156 2034.29473 1959.29723  3.69%  41.3 19534s
 2505635 781025 2029.78846   61  157 2034.29473 1959.29793  3.69%  41.3 19540s
 2505838 781225 2015.10143   36   78 2034.29473 1959.29855  3.69%  41.3 19551s
 2506386 781293     cutoff   69      2034.29473 1959.30813  3.69%  41.3 19556s
 2506491 781431 1981.46795   73   84 2034.29473 1959.30849  3.69%  41.3 19567s
 2507031 781646 2009.66340   60  311 2034.29473 1959.31520  3.69%  41.3 19576s
 2507662 781648     cutoff  121      2034.29473 1959.32510  3.69%  41.3 19581s
 2507748 781771 1966.17074   76  164 2034.29473 1959.32846  3.69%  41.3 19591s
 2508269 781790     cutoff   67      2034.29473 1959.33505  3.68%  41.3 19598s
 2508392 781939     cutoff   77      2034.29473 1959.33601  3.68%  41.3 19605s
 2509219 782147 2032.45462   82  141 2034.29473 1959.34375  3.68%  41.3 19617s
 2509900 782252 2031.95085   59  158 2034.29473 1959.35268  3.68%  41.3 19621s
 2510078 782456 2003.79053   58   97 2034.29473 1959.35380  3.68%  41.3 19628s
 2510618 782715 2019.19066   68    4 2034.29473 1959.35714  3.68%  41.3 19656s
 2511300 782729 2003.13131   79  184 2034.29473 1959.36248  3.68%  41.3 19660s
 2511348 782880 2006.59614   53  120 2034.29473 1959.36576  3.68%  41.3 19670s
 2511915 783022 infeasible   55      2034.29473 1959.36969  3.68%  41.3 19678s
 2512410 783030     cutoff   84      2034.29473 1959.37877  3.68%  41.3 19681s
 2512455 783104 2025.29879   92  283 2034.29473 1959.37899  3.68%  41.3 19691s
 2512939 783189 2022.63961   74   70 2034.29473 1959.38202  3.68%  41.3 19697s
 2513265 783272     cutoff   68      2034.29473 1959.38600  3.68%  41.3 19701s
 2513555 783329 2006.69760   71  118 2034.29473 1959.39132  3.68%  41.3 19705s
 2513799 783391 2030.39383   87   49 2034.29473 1959.39132  3.68%  41.3 19712s
 2514170 783444 1961.30467   44  209 2034.29473 1959.39790  3.68%  41.3 19717s
 2514339 783585 1960.42215   71   85 2034.29473 1959.40001  3.68%  41.3 19727s
 2514919 783583 2016.98083   63   66 2034.29473 1959.40507  3.68%  41.3 19738s
 2514929 783590 2018.02271   64   53 2034.29473 1959.40507  3.68%  41.3 19741s
 2515017 783630 2018.25727   66   54 2034.29473 1959.40648  3.68%  41.3 19746s
 2515062 783712 2018.42368   67   53 2034.29473 1959.40781  3.68%  41.3 19751s
 2515507 783811     cutoff   74      2034.29473 1959.41163  3.68%  41.3 19765s
 2516031 783925 infeasible   82      2034.29473 1959.42709  3.68%  41.3 19771s
 2516443 784003 2026.56265   78   91 2034.29473 1959.43172  3.68%  41.3 19778s
 2516844 784074 infeasible   62      2034.29473 1959.44333  3.68%  41.3 19786s
 2517221 784162 2023.69239   73   69 2034.29473 1959.44806  3.68%  41.3 19796s
 2517685 784225 infeasible   62      2034.29473 1959.45492  3.68%  41.3 19802s
 2517969 784390 2033.02049   76   22 2034.29473 1959.45750  3.68%  41.3 19813s
 2518647 784440     cutoff   73      2034.29473 1959.47005  3.68%  41.3 19816s
 2518795 784595 2020.34050   71   16 2034.29473 1959.47235  3.68%  41.3 19827s
 2519471 784667 infeasible   90      2034.29473 1959.48522  3.68%  41.3 19836s
 2520153 784809 1960.27377   59  149 2034.29473 1959.49943  3.68%  41.3 19851s
 2520750 784866 2024.19245   72  123 2034.29473 1959.50845  3.68%  41.3 19859s
 2521108 784884 1963.83129   65   42 2034.29473 1959.51441  3.68%  41.3 19873s
 2521271 785410 1987.97505   92  239 2034.29473 1959.51505  3.68%  41.3 19903s
 2523276 785410 infeasible   93      2034.29473 1959.54076  3.67%  41.3 19906s
 2523355 785440 2025.88647   77   51 2034.29473 1959.54079  3.67%  41.3 19910s
 2523572 785638 infeasible   78      2034.29473 1959.54454  3.67%  41.3 19917s
 2524153 785777     cutoff   91      2034.29473 1959.54755  3.67%  41.3 19920s
 2524457 786036 2023.10508   77   60 2034.29473 1959.54755  3.67%  41.3 19928s
 2525042 786108 2027.54749   74    6 2034.29473 1959.54920  3.67%  41.3 19931s
 2525284 786322 infeasible   85      2034.29473 1959.54925  3.67%  41.3 19937s
 2526017 786402     cutoff   81      2034.29473 1959.55391  3.67%  41.3 19941s
 2526279 786560 2013.94860   73  163 2034.29473 1959.55731  3.67%  41.3 19949s
 2526774 786571     cutoff   95      2034.29473 1959.56035  3.67%  41.3 19952s
 2526832 786717 2029.29673   87  178 2034.29473 1959.56446  3.67%  41.3 19960s
 2527372 786746 infeasible   80      2034.29473 1959.56885  3.67%  41.3 19965s
 2527577 786784 2025.70160   54  181 2034.29473 1959.57130  3.67%  41.3 19970s
 2527853 786870 2013.84775   76  133 2034.29473 1959.57637  3.67%  41.3 19975s
 2528422 787002 2013.13331   78   99 2034.29473 1959.58572  3.67%  41.3 19984s
 2528885 787077 2012.59539   85   89 2034.29473 1959.58974  3.67%  41.3 19991s
 2529418 787089 infeasible   89      2034.29473 1959.59988  3.67%  41.3 19996s
 2529500 787218 1977.17384   78  129 2034.29473 1959.60185  3.67%  41.3 20004s
 2529962 787216 1960.54972   77  247 2034.29473 1959.60924  3.67%  41.3 20008s
 2530073 787285 1968.42036   80  205 2034.29473 1959.60924  3.67%  41.3 20016s
 2530644 787359 infeasible   62      2034.29473 1959.62100  3.67%  41.3 20026s
 2531083 787518 2003.12620   81  193 2034.29473 1959.63316  3.67%  41.3 20036s
 2531757 787567 infeasible   65      2034.29473 1959.64137  3.67%  41.3 20058s
 2532006 787947 infeasible   62      2034.29473 1959.64576  3.67%  41.3 20083s
 2533317 787955     cutoff   75      2034.29473 1959.65927  3.67%  41.3 20086s
 2533372 788064     cutoff   79      2034.29473 1959.65927  3.67%  41.3 20096s
 2533859 788160 infeasible   78      2034.29473 1959.66332  3.67%  41.3 20103s
 2534337 788174 1989.33659   70   58 2034.29473 1959.66917  3.67%  41.2 20106s
 2534418 788257     cutoff   71      2034.29473 1959.67024  3.67%  41.2 20114s
 2534966 788392 2007.33846   64   94 2034.29473 1959.67816  3.67%  41.2 20120s
 2535560 788487 2007.56915   82  197 2034.29473 1959.68367  3.67%  41.2 20131s
 2536130 788528 1962.80984   49  338 2034.29473 1959.69098  3.67%  41.2 20139s
 2536482 788556 2017.41578   78   57 2034.29473 1959.69565  3.67%  41.2 20143s
 2536673 788702 2013.36880   78  249 2034.29473 1959.70098  3.67%  41.2 20152s
 2537271 788778 2018.57479   75   43 2034.29473 1959.70870  3.67%  41.2 20157s
 2537551 788952 2013.80427   48  118 2034.29473 1959.71303  3.67%  41.2 20171s
 2538131 788949 2004.35209   81  101 2034.29473 1959.71921  3.67%  41.2 20175s
 2538202 789091 infeasible   65      2034.29473 1959.71975  3.67%  41.2 20185s
 2538873 789215 infeasible   69      2034.29473 1959.73009  3.67%  41.2 20194s
 2539408 789243 2016.65707   75  116 2034.29473 1959.74014  3.66%  41.2 20199s
 2539533 789319 infeasible   60      2034.29473 1959.74157  3.66%  41.2 20207s
 2539945 789358 infeasible   69      2034.29473 1959.74950  3.66%  41.2 20216s
 2540352 789416 infeasible   73      2034.29473 1959.75410  3.66%  41.2 20220s
 2540576 789558     cutoff   65      2034.29473 1959.75571  3.66%  41.2 20226s
 2541330 789712 infeasible   81      2034.29473 1959.75944  3.66%  41.2 20234s
 2541594 789709 2017.75909   53   51 2034.29473 1959.76536  3.66%  41.2 20236s
 2541616 789759 2017.75909   54  103 2034.29473 1959.76738  3.66%  41.2 20240s
 2541781 789895 infeasible   73      2034.29473 1959.77083  3.66%  41.2 20248s
 2542295 790022 2013.20084   90   61 2034.29473 1959.77291  3.66%  41.2 20270s
 2542996 790075     cutoff   68      2034.29473 1959.77933  3.66%  41.2 20281s
 2543236 790083 2023.61138   78   89 2034.29473 1959.78158  3.66%  41.2 20285s
 2543320 790107 2023.61138   79   89 2034.29473 1959.78226  3.66%  41.2 20291s
 2543419 790140 2023.61138   80    4 2034.29473 1959.78232  3.66%  41.2 20298s
 2543477 790157 2023.61138   81    5 2034.29473 1959.78232  3.66%  41.2 20304s
 2543516 790157 infeasible   82      2034.29473 1959.78232  3.66%  41.2 20309s
 2543540 790176 infeasible   81      2034.29473 1959.78232  3.66%  41.2 20314s
 2543629 790260 2028.75328   84    3 2034.29473 1959.78404  3.66%  41.2 20325s
 2543934 790520 1973.62955   79  227 2034.29473 1959.78489  3.66%  41.2 20357s
 2545176 790525 2012.85826   67  142 2034.29473 1959.79966  3.66%  41.2 20365s
 2545315 790752 2024.90918   74  166 2034.29473 1959.80523  3.66%  41.2 20384s
 2546357 790825 2021.52293   63   16 2034.29473 1959.82973  3.66%  41.2 20392s
 2546637 791084 2014.60345   83   63 2034.29473 1959.83666  3.66%  41.2 20407s
 2547490 791096     cutoff   66      2034.29473 1959.85217  3.66%  41.2 20410s
 2547591 791276 1998.05501   63  148 2034.29473 1959.85283  3.66%  41.2 20425s
 2548422 791393     cutoff   65      2034.29473 1959.86273  3.66%  41.2 20435s
 2548979 791396 2013.46941   60  168 2034.29473 1959.87025  3.66%  41.2 20441s
 2549128 791555 2028.83720   63  131 2034.29473 1959.87217  3.66%  41.2 20452s
 2549899 791690 infeasible  111      2034.29473 1959.88239  3.66%  41.2 20460s
 2550707 791928     cutoff   62      2034.29473 1959.89192  3.66%  41.2 20471s
 2551472 791925 infeasible   95      2034.29473 1959.89841  3.66%  41.2 20475s
 2551561 791986     cutoff   74      2034.29473 1959.90003  3.66%  41.2 20486s
 2551840 792028 2006.18559   79   77 2034.29473 1959.90213  3.66%  41.2 20491s
 2552059 792087 2006.80300   80   80 2034.29473 1959.90339  3.66%  41.2 20496s
 2552326 792281 2012.25082   81   67 2034.29473 1959.90370  3.66%  41.2 20505s
 2552818 792304 2019.91135   82   66 2034.29473 1959.90641  3.66%  41.2 20516s
 2552884 793228 2026.51119   81  108 2034.29473 1959.90802  3.66%  41.2 20580s
 2556663 793230 1969.37266   52  144 2034.29473 1959.93834  3.66%  41.2 20585s
 2556732 793240 2024.60399   60   51 2034.29473 1959.93836  3.66%  41.2 20590s
 2556818 793437     cutoff   74      2034.29473 1959.93981  3.66%  41.2 20601s
 2557459 793505 infeasible   61      2034.29473 1959.94518  3.65%  41.2 20606s
 2557623 793629 infeasible   84      2034.29473 1959.94956  3.65%  41.2 20617s
 2558191 793733 infeasible   97      2034.29473 1959.95371  3.65%  41.2 20627s
 2558703 793740     cutoff   74      2034.29473 1959.96009  3.65%  41.2 20632s
 2558836 793922 2022.11967   81   79 2034.29473 1959.96047  3.65%  41.2 20641s
 2559665 793953 1972.95816   81  255 2034.29473 1959.97264  3.65%  41.2 20648s
 2559783 794037 2023.82709   74  103 2034.29473 1959.97765  3.65%  41.2 20656s
 2560239 794063 infeasible   55      2034.29473 1959.98319  3.65%  41.2 20661s
 2560523 794130 2024.74562   56   91 2034.29473 1959.98907  3.65%  41.2 20665s
 2561000 794311     cutoff   83      2034.29473 1959.99645  3.65%  41.2 20680s
 2561714 794358     cutoff   82      2034.29473 1960.00650  3.65%  41.2 20686s
 2561929 794549 2029.40241   59    4 2034.29473 1960.00825  3.65%  41.2 20694s
 2562531 794551 1968.67149   68   87 2034.29473 1960.01330  3.65%  41.2 20699s
 2562606 794692 2031.50938   65   38 2034.29473 1960.01372  3.65%  41.2 20708s
 2563280 794914 infeasible   64      2034.29473 1960.02127  3.65%  41.1 20735s
 2564210 795009 1971.60917   78  121 2034.29473 1960.03232  3.65%  41.1 20747s
 2564606 795116 1974.29858   49  190 2034.29473 1960.03647  3.65%  41.1 20760s
 2565154 795199 2022.95259  106  111 2034.29473 1960.04388  3.65%  41.1 20777s
 2565616 795285 infeasible   73      2034.29473 1960.05340  3.65%  41.1 20788s
 2565914 795320     cutoff   97      2034.29473 1960.05381  3.65%  41.1 20795s
 2566048 795474 2028.66716   59  233 2034.29473 1960.05921  3.65%  41.1 20808s
 2566563 795578 infeasible   69      2034.29473 1960.07035  3.65%  41.1 20823s
 2567014 795641 2027.98561   66   52 2034.29473 1960.07269  3.65%  41.1 20830s
 2567193 795742 2027.12520   80  173 2034.29473 1960.07697  3.65%  41.1 20846s
 2567831 795854     cutoff   65      2034.29473 1960.08473  3.65%  41.1 20865s
 2568374 795852 2019.73034   66    6 2034.29473 1960.09084  3.65%  41.1 20871s
 2568451 795953 infeasible   57      2034.29473 1960.09084  3.65%  41.1 20889s
 2569002 796195 2026.99489   70   85 2034.29473 1960.09851  3.65%  41.1 20910s
 2569587 796218 2013.06210   66  108 2034.29473 1960.10364  3.65%  41.1 20915s
 2569673 796335     cutoff   76      2034.29473 1960.10457  3.65%  41.1 20932s
 2570222 796412 infeasible   58      2034.29473 1960.11291  3.65%  41.1 20953s
 2570648 796437 1996.39519   60  153 2034.29473 1960.11591  3.65%  41.1 20965s
 2570707 796534 1996.39519   65  153 2034.29473 1960.11640  3.65%  41.1 20984s
 2571096 796544 infeasible   56      2034.29473 1960.11747  3.65%  41.1 20992s
 2571198 796708     cutoff   63      2034.29473 1960.12100  3.65%  41.1 21010s
 2571746 796763 2025.72896   80   50 2034.29473 1960.12487  3.65%  41.1 21019s
 2571904 796870 2004.69763  108  198 2034.29473 1960.12505  3.65%  41.1 21038s
 2572477 796876     cutoff   87      2034.29473 1960.13346  3.65%  41.1 21043s
 2572557 796983 1962.16822   59  215 2034.29473 1960.13542  3.65%  41.1 21057s
 2573175 797172 1988.27041   81   71 2034.29473 1960.14367  3.65%  41.1 21068s
 2573785 797170     cutoff   78      2034.29473 1960.14956  3.64%  41.1 21091s
 2573904 798037     cutoff   89      2034.29473 1960.15007  3.64%  41.1 21138s
 2577179 798049 infeasible   75      2034.29473 1960.18230  3.64%  41.1 21140s
 2577301 798203 infeasible   74      2034.29473 1960.18230  3.64%  41.1 21148s
 2577791 798204 2014.34438   53  118 2034.29473 1960.18698  3.64%  41.1 21153s
 2577860 798407 2014.91636   57  107 2034.29473 1960.18698  3.64%  41.1 21160s
 2578363 798543 2032.44670   76  183 2034.29473 1960.18992  3.64%  41.1 21167s
 2578830 798574 2016.67397   82   81 2034.29473 1960.19728  3.64%  41.1 21171s
 2578963 798680 2013.11284   71  156 2034.29473 1960.19777  3.64%  41.1 21178s
 2579441 798776     cutoff   64      2034.29473 1960.20629  3.64%  41.1 21187s
 2579896 798789 1973.25408   81  213 2034.29473 1960.21200  3.64%  41.1 21190s
 2579981 798917     cutoff   83      2034.29473 1960.21200  3.64%  41.1 21197s
 2580468 799022 infeasible   69      2034.29473 1960.22025  3.64%  41.1 21203s
 2580907 799025     cutoff   62      2034.29473 1960.22681  3.64%  41.1 21205s
 2580968 799120 2014.90857   73  183 2034.29473 1960.22800  3.64%  41.1 21212s
 2581468 799283 2018.27862   68   89 2034.29473 1960.23522  3.64%  41.1 21218s
 2581979 799289 1984.63593   57   39 2034.29473 1960.24058  3.64%  41.1 21224s
 2582019 799484 1986.99190   49  153 2034.29473 1960.24265  3.64%  41.1 21231s
 2582524 799629 1976.23463   70   93 2034.29473 1960.24507  3.64%  41.1 21240s
 2583133 799758 1967.06354   56  147 2034.29473 1960.25293  3.64%  41.1 21250s
 2583944 799959 2023.54154   93   35 2034.29473 1960.26577  3.64%  41.1 21256s
 2584478 799970 2024.44801   75    9 2034.29473 1960.27136  3.64%  41.1 21273s
 2584553 801170 2028.26107   75    3 2034.29473 1960.27136  3.64%  41.1 21331s
 2588553 801173 2015.06361   72    4 2034.29473 1960.29449  3.64%  41.1 21336s
 2588643 801198 1994.65619   81  137 2034.29473 1960.29743  3.64%  41.1 21341s
 2588702 801215 1997.32922   72  106 2034.29473 1960.29743  3.64%  41.1 21346s
 2588751 801317 1997.32922   74   75 2034.29473 1960.29745  3.64%  41.1 21356s
 2589209 801393 2003.92215   61  207 2034.29473 1960.30158  3.64%  41.1 21361s
 2589351 801548 2030.95724   66    3 2034.29473 1960.30252  3.64%  41.1 21370s
 2589915 801736 2023.60419   56  203 2034.29473 1960.30551  3.64%  41.1 21380s
 2590476 801869 1961.21204   60  228 2034.29473 1960.31169  3.64%  41.1 21391s
 2590978 801946 infeasible   78      2034.29473 1960.32171  3.64%  41.1 21395s
 2591225 802091 2012.66258   57  179 2034.29473 1960.32486  3.64%  41.1 21402s
 2591755 802208 2006.77293   63  138 2034.29473 1960.32912  3.64%  41.1 21412s
 2592275 802328 2025.61153   55  153 2034.29473 1960.33433  3.64%  41.1 21419s
 2592838 802327     cutoff   82      2034.29473 1960.34220  3.64%  41.1 21423s
 2592877 802438 2020.12442   83  190 2034.29473 1960.34468  3.64%  41.1 21431s
 2593618 802560 2025.45138   70  170 2034.29473 1960.35871  3.63%  41.1 21443s
 2594110 802620 2018.33563   60  181 2034.29473 1960.36734  3.63%  41.1 21447s
 2594268 802733 infeasible   46      2034.29473 1960.37147  3.63%  41.1 21455s
 2594777 802811 2026.39659   92    3 2034.29473 1960.37763  3.63%  41.1 21482s
 2595407 802809 1965.25387   49  144 2034.29473 1960.38642  3.63%  41.1 21488s
 2595505 802970     cutoff   73      2034.29473 1960.38642  3.63%  41.1 21500s
 2596168 803112 1960.68001   95  256 2034.29473 1960.39615  3.63%  41.1 21512s
 2596774 803115 infeasible   54      2034.29473 1960.40421  3.63%  41.1 21517s
 2596900 803293 2011.66214   75   65 2034.29473 1960.40490  3.63%  41.1 21526s
 2597589 803455     cutoff   79      2034.29473 1960.41666  3.63%  41.0 21536s
 2598145 803469 infeasible   59      2034.29473 1960.42300  3.63%  41.0 21542s
 2598216 803566     cutoff   76      2034.29473 1960.42484  3.63%  41.0 21553s
 2598760 803703 2014.38952   60  124 2034.29473 1960.42913  3.63%  41.0 21560s
 2599384 803836 1978.80832   59   41 2034.29473 1960.44293  3.63%  41.0 21575s
 2599957 803996 1970.96848   85  163 2034.29473 1960.44507  3.63%  41.0 21585s
 2600681 804074 1963.14366   47  196 2034.29473 1960.45795  3.63%  41.0 21600s
 2601182 804294 infeasible   50      2034.29473 1960.45901  3.63%  41.0 21612s
 2601819 804299 1961.04405   65  242 2034.29473 1960.46255  3.63%  41.0 21616s
 2601953 804398 2019.58882   81  221 2034.29473 1960.46831  3.63%  41.0 21626s
 2602401 804452     cutoff   72      2034.29473 1960.47235  3.63%  41.0 21631s
 2602680 804541 2014.09778   84   97 2034.29473 1960.47869  3.63%  41.0 21643s
 2603250 804535 2030.30190   85  168 2034.29473 1960.49030  3.63%  41.0 21647s
 2603296 804648 1960.49885   52  203 2034.29473 1960.49039  3.63%  41.0 21656s
 2603852 804785 1996.79058   58  139 2034.29473 1960.49885  3.63%  41.0 21662s
 2604406 804864     cutoff   59      2034.29473 1960.50401  3.63%  41.0 21670s
 2604964 804886 2030.86271   89  190 2034.29473 1960.51374  3.63%  41.0 21687s
 2605372 804887 2006.53283   56  174 2034.29473 1960.52460  3.63%  41.0 21713s
 2605379 805579 2005.15075   56  182 2034.29473 1960.52596  3.63%  41.0 21786s
 2609379 805904 2030.80348   67    7 2034.29473 1960.55410  3.62%  41.0 21804s
 2610384 806199 2021.21241   71   20 2034.29473 1960.56476  3.62%  41.0 21820s
 2611248 806414     cutoff   72      2034.29473 1960.56772  3.62%  41.0 21834s
 2612053 806499 infeasible   65      2034.29473 1960.58068  3.62%  41.0 21845s
 2612804 806779     cutoff   85      2034.29473 1960.59632  3.62%  41.0 21863s
 2613580 806875     cutoff   57      2034.29473 1960.60297  3.62%  41.0 21875s
 2614177 806899 infeasible   57      2034.29473 1960.60865  3.62%  41.0 21880s
 2614315 806995 1979.30162   81  158 2034.29473 1960.60963  3.62%  41.0 21890s
 2614826 807045 1973.09766   79  196 2034.29473 1960.61606  3.62%  41.0 21896s
 2615091 807183 2001.67029   80  195 2034.29473 1960.62104  3.62%  41.0 21905s
 2615709 807406 1979.89561   63  277 2034.29473 1960.62764  3.62%  41.0 21940s
 2616358 807434     cutoff   68      2034.29473 1960.63287  3.62%  41.0 21946s
 2616478 807602 2001.40075   67  198 2034.29473 1960.63304  3.62%  41.0 21957s
 2617103 807651 2021.71810   71    5 2034.29473 1960.64167  3.62%  41.0 21961s
 2617286 807760     cutoff   69      2034.29473 1960.64542  3.62%  41.0 21971s
 2617840 807788 1960.68111   69  217 2034.29473 1960.65725  3.62%  41.0 21976s
 2618047 807892 infeasible   53      2034.29473 1960.66061  3.62%  41.0 21990s
 2618637 807932 2025.49268   74   91 2034.29473 1960.67186  3.62%  41.0 21998s
 2618917 808029 2033.11523   63  176 2034.29473 1960.67461  3.62%  41.0 22006s
 2619330 808105 2030.62495   71  134 2034.29473 1960.67758  3.62%  41.0 22015s
 2619752 808180     cutoff   71      2034.29473 1960.68371  3.62%  41.0 22022s
 2620076 808342     cutoff   47      2034.29473 1960.69328  3.62%  41.0 22031s
 2620835 808453     cutoff   74      2034.29473 1960.69716  3.62%  41.0 22042s
 2621387 808626 2024.36105   72    8 2034.29473 1960.71042  3.62%  41.0 22050s
 2622163 808771     cutoff   71      2034.29473 1960.71753  3.62%  41.0 22067s
 2622726 808878 1965.80329   80  197 2034.29473 1960.72371  3.62%  41.0 22075s
 2623285 809033 2015.37540   51  213 2034.29473 1960.73429  3.62%  41.0 22090s
 2623991 809271     cutoff   53      2034.29473 1960.74465  3.62%  41.0 22105s
 2624648 809374 2004.72234   61  190 2034.29473 1960.75573  3.61%  41.0 22116s
 2625163 809442 1961.10873   83  264 2034.29473 1960.75802  3.61%  41.0 22124s
 2625582 809448 2025.98098   61  128 2034.29473 1960.76323  3.61%  41.0 22127s
 2625654 809565     cutoff   63      2034.29473 1960.76438  3.61%  41.0 22135s
 2626215 809807     cutoff   68      2034.29473 1960.78458  3.61%  41.0 22158s
 2626997 809804     cutoff  101      2034.29473 1960.79048  3.61%  40.9 22160s
 2627068 809934 2001.87301   80  195 2034.29473 1960.79218  3.61%  40.9 22165s
 2627752 810082     cutoff   74      2034.29473 1960.80121  3.61%  40.9 22175s
 2628332 810282 1996.96533   61  190 2034.29473 1960.81217  3.61%  40.9 22185s
 2629102 810518 infeasible   55      2034.29473 1960.82161  3.61%  40.9 22202s
 2629751 810529     cutoff   73      2034.29473 1960.83297  3.61%  40.9 22206s
 2629814 810678 1970.94094   94  216 2034.29473 1960.83483  3.61%  40.9 22216s
 2630422 810821 infeasible  101      2034.29473 1960.84255  3.61%  40.9 22225s
 2631056 811005 2017.96974   76  213 2034.29473 1960.84791  3.61%  40.9 22239s
 2631694 811179 1960.85806   45   78 2034.29473 1960.85711  3.61%  40.9 22249s
 2632210 811192 infeasible   46      2034.29473 1960.86080  3.61%  40.9 22252s
 2632302 811327 1989.15317   89  247 2034.29473 1960.86204  3.61%  40.9 22260s
 2632848 811393 2018.11784   47  115 2034.29473 1960.87126  3.61%  40.9 22265s
 2633373 811515 infeasible   93      2034.29473 1960.88126  3.61%  40.9 22275s
 2633871 811533 2017.84783   62   71 2034.29473 1960.88486  3.61%  40.9 22281s
 2634147 811571     cutoff   80      2034.29473 1960.88634  3.61%  40.9 22287s
 2634369 811711 1977.95432   58  138 2034.29473 1960.89059  3.61%  40.9 22298s
 2634861 811723 2010.23650   69   71 2034.29473 1960.89627  3.61%  40.9 22301s
 2634939 811792 1983.73896   50   21 2034.29473 1960.89933  3.61%  40.9 22309s
 2635316 811793 1969.71871   55  166 2034.29473 1960.90333  3.61%  40.9 22314s
 2635450 811905     cutoff   99      2034.29473 1960.90741  3.61%  40.9 22324s
 2636002 811906 2028.13302   76   74 2034.29473 1960.91425  3.61%  40.9 22327s
 2636060 812022 2032.72658   63   24 2034.29473 1960.91594  3.61%  40.9 22334s
 2636576 812138 2018.93956   99  104 2034.29473 1960.92092  3.61%  40.9 22364s
 2637209 812182 1981.29731   50   86 2034.29473 1960.92819  3.61%  40.9 22368s
 2637320 812377 2026.16632   82    6 2034.29473 1960.93033  3.61%  40.9 22382s
 2638047 812577 1966.10442   73   93 2034.29473 1960.93885  3.61%  40.9 22391s
 2638778 812742 2021.05158   68  106 2034.29473 1960.95282  3.61%  40.9 22402s
 2639284 812796 2030.67843   56  156 2034.29473 1960.95724  3.61%  40.9 22410s
 2639599 812938 2016.52634   74  250 2034.29473 1960.96135  3.60%  40.9 22418s
 2640078 812972 2030.55151   78  103 2034.29473 1960.96318  3.60%  40.9 22422s
 2640208 813063 2027.66302   72   91 2034.29473 1960.96469  3.60%  40.9 22431s
 2640735 813093 infeasible   90      2034.29473 1960.97852  3.60%  40.9 22437s
 2641018 813217 infeasible   60      2034.29473 1960.98228  3.60%  40.9 22446s
 2641636 813400 2028.24248   67   10 2034.29473 1960.98629  3.60%  40.9 22458s
 2642109 813496 1993.67222   59  127 2034.29473 1960.99360  3.60%  40.9 22469s
 2642601 813503 2013.91297   56  170 2034.29473 1961.00406  3.60%  40.9 22473s
 2642661 813617     cutoff   72      2034.29473 1961.00432  3.60%  40.9 22486s
 2643185 813831     cutoff   84      2034.29473 1961.01056  3.60%  40.9 22497s
 2643864 814030 2020.29626   67  149 2034.29473 1961.02039  3.60%  40.9 22506s
 2644448 814206 2024.31609   68   83 2034.29473 1961.02550  3.60%  40.9 22516s
 2645062 814312 2007.32253   75  187 2034.29473 1961.03203  3.60%  40.9 22530s
 2645563 814433 1962.28892   75  246 2034.29473 1961.03636  3.60%  40.9 22537s
 2646063 814444 infeasible   68      2034.29473 1961.04506  3.60%  40.9 22541s
 2646173 814643 1964.95835   55  134 2034.29473 1961.04754  3.60%  40.9 22551s
 2646683 814721 2030.91007   64   39 2034.29473 1961.05170  3.60%  40.9 22556s
 2646941 814905 1961.72593   53  130 2034.29473 1961.05343  3.60%  40.9 22592s
 2647676 814910 2030.59113   89   11 2034.29473 1961.06418  3.60%  40.9 22595s
 2647710 815072 infeasible   59      2034.29473 1961.06573  3.60%  40.9 22602s
 2648314 815197 1979.26234   61  192 2034.29473 1961.06744  3.60%  40.9 22610s
 2648815 815391 1995.11830   79  162 2034.29473 1961.07674  3.60%  40.9 22622s
 2649458 815424 2030.95010   60  174 2034.29473 1961.08203  3.60%  40.9 22625s
 2649560 815560     cutoff   59      2034.29473 1961.08365  3.60%  40.9 22632s
 2650006 815691     cutoff   68      2034.29473 1961.08755  3.60%  40.9 22638s
 2650476 815701     cutoff   61      2034.29473 1961.09287  3.60%  40.9 22643s
 2650577 815827 1993.84683   72  268 2034.29473 1961.09566  3.60%  40.9 22652s
 2651104 815993 infeasible   96      2034.29473 1961.10182  3.60%  40.9 22659s
 2651651 816030 infeasible   70      2034.29473 1961.11211  3.60%  40.9 22661s
 2651754 816155 2025.20431   82  191 2034.29473 1961.11211  3.60%  40.9 22669s
 2652199 816230 2001.20854   64   75 2034.29473 1961.11970  3.60%  40.9 22677s
 2652628 816241 1978.60041   83  175 2034.29473 1961.12525  3.60%  40.9 22681s
 2652714 816395     cutoff   84      2034.29473 1961.12594  3.60%  40.9 22693s
 2653232 816498 1996.65471   88   47 2034.29473 1961.13447  3.60%  40.9 22700s
 2653670 816708 2031.23599   82  236 2034.29473 1961.13867  3.60%  40.9 22715s
 2654382 816842 2023.78183   78  108 2034.29473 1961.14811  3.60%  40.9 22727s
 2654896 816917 1962.96964   67  148 2034.29473 1961.15206  3.60%  40.9 22731s
 2655113 817046     cutoff   83      2034.29473 1961.15753  3.60%  40.9 22742s
 2655682 817069 infeasible   85      2034.29473 1961.16579  3.59%  40.9 22745s
 2655783 817192 2014.28634   64   97 2034.29473 1961.16620  3.59%  40.9 22756s
 2656336 817338     cutoff   82      2034.29473 1961.17368  3.59%  40.9 22766s
 2656929 817502 2032.58089   69    3 2034.29473 1961.18066  3.59%  40.8 22779s
 2657452 817713 infeasible   68      2034.29473 1961.18586  3.59%  40.8 22814s
 2658240 817724 infeasible   93      2034.29473 1961.19649  3.59%  40.8 22817s
 2658307 817755 1969.27053   71   95 2034.29473 1961.19953  3.59%  40.8 22822s
 2658623 817810 2028.39404   70    6 2034.29473 1961.20373  3.59%  40.8 22827s
 2658882 817978 2019.56155  127   93 2034.29473 1961.21002  3.59%  40.8 22836s
 2659453 818158 2001.55303   75  181 2034.29473 1961.21551  3.59%  40.8 22849s
 2660059 818253 infeasible   71      2034.29473 1961.22543  3.59%  40.8 22859s
 2660462 818248 infeasible   91      2034.29473 1961.22842  3.59%  40.8 22867s
 2660485 818260 1999.59624   63  157 2034.29473 1961.22842  3.59%  40.8 22870s
 2660585 818439 1997.73349   60  160 2034.29473 1961.22842  3.59%  40.8 22883s
 2661126 818640 infeasible   52      2034.29473 1961.23449  3.59%  40.8 22896s
 2661759 818698 infeasible   65      2034.29473 1961.24712  3.59%  40.8 22901s
 2661886 818921 2006.18735   59   54 2034.29473 1961.24722  3.59%  40.8 22910s
 2662514 819190 infeasible   68      2034.29473 1961.25309  3.59%  40.8 22921s
 2663269 819420 infeasible   83      2034.29473 1961.25953  3.59%  40.8 22932s
 2663961 819621 infeasible   44      2034.29473 1961.26523  3.59%  40.8 22940s
 2664711 819836     cutoff   86      2034.29473 1961.27430  3.59%  40.8 22951s
 2665339 819956 2004.14926   68   92 2034.29473 1961.28332  3.59%  40.8 22962s
 2665968 819935 infeasible   97      2034.29473 1961.28902  3.59%  40.8 22966s
 2666006 820051 1964.23666   51  302 2034.29473 1961.28981  3.59%  40.8 22975s
 2666485 820250 1974.25192  104   84 2034.29473 1961.29507  3.59%  40.8 22983s
 2666830 820280 2010.57334  103   36 2034.29473 1961.29561  3.59%  40.8 22986s
 2666913 820386 2027.75077  113    4 2034.29473 1961.29561  3.59%  40.8 22992s
 2667323 820527 1963.59866   38   48 2034.29473 1961.29934  3.59%  40.8 23002s
 2667828 820529     cutoff   73      2034.29473 1961.30650  3.59%  40.8 23028s
 2667984 820960 2027.12479   56  170 2034.29473 1961.31114  3.59%  40.8 23065s
 2669941 820964 infeasible   65      2034.29473 1961.34462  3.59%  40.8 23072s
 2670008 820975 2029.32715   68   46 2034.29473 1961.34496  3.59%  40.8 23075s
 2670098 821094 2028.76673   63  197 2034.29473 1961.34691  3.59%  40.8 23084s
 2670766 821220 2006.65677   56  171 2034.29473 1961.35533  3.59%  40.8 23092s
 2671301 821269 infeasible   82      2034.29473 1961.35886  3.59%  40.8 23095s
 2671558 821371 1961.99472   65  231 2034.29473 1961.36538  3.58%  40.8 23101s
 2672119 821496 1994.10266   93   75 2034.29473 1961.37036  3.58%  40.8 23109s
 2672629 821626     cutoff   69      2034.29473 1961.37897  3.58%  40.8 23113s
 2673082 821663 2020.21298   56   15 2034.29473 1961.38134  3.58%  40.8 23115s
 2673269 821782 2024.33559   67  120 2034.29473 1961.38224  3.58%  40.8 23123s
 2673765 821906 2009.20861   60  205 2034.29473 1961.38634  3.58%  40.8 23127s
 2674092 822017 1967.65162   68  189 2034.29473 1961.38713  3.58%  40.8 23135s
 2674554 822046 1980.30179   80  192 2034.29473 1961.39516  3.58%  40.8 23140s
 2674712 822191     cutoff   55      2034.29473 1961.39531  3.58%  40.8 23149s
 2675328 822268     cutoff   67      2034.29473 1961.40351  3.58%  40.8 23158s
 2675789 822281 1961.43407   54  139 2034.29473 1961.40943  3.58%  40.8 23163s
 2675899 822433 2012.83159  100  238 2034.29473 1961.41128  3.58%  40.8 23171s
 2676459 822604 2025.87186   72   47 2034.29473 1961.41592  3.58%  40.8 23179s
 2677066 822611     cutoff   71      2034.29473 1961.42036  3.58%  40.8 23185s
 2677131 822724 2031.37290   96   75 2034.29473 1961.42276  3.58%  40.8 23199s
 2677716 822808 2022.76188   63    6 2034.29473 1961.43407  3.58%  40.8 23212s
 2678302 822845 1962.81114   77  166 2034.29473 1961.44245  3.58%  40.8 23234s
 2678528 823064     cutoff   61      2034.29473 1961.44879  3.58%  40.8 23256s
 2679983 823073     cutoff   68      2034.29473 1961.46352  3.58%  40.8 23260s
 2680056 823140     cutoff   52      2034.29473 1961.46806  3.58%  40.8 23269s
 2680452 823157 2017.19478   75  162 2034.29473 1961.47356  3.58%  40.8 23277s
 2680535 823319 infeasible   56      2034.29473 1961.47492  3.58%  40.8 23288s
 2681156 823312 infeasible   57      2034.29473 1961.48403  3.58%  40.8 23291s
 2681224 823451 2001.30388   45   82 2034.29473 1961.48403  3.58%  40.8 23301s
 2681805 823558     cutoff   89      2034.29473 1961.48978  3.58%  40.8 23312s
 2682263 823554 1988.91871   54  130 2034.29473 1961.49272  3.58%  40.8 23319s
 2682326 823749 2026.94486   58  173 2034.29473 1961.49272  3.58%  40.8 23332s
 2683002 823810 1963.28665   59  243 2034.29473 1961.50617  3.58%  40.8 23337s
 2683206 824022 2003.75408   52  184 2034.29473 1961.50726  3.58%  40.8 23345s
 2683859 824162 1976.63904   52    4 2034.29473 1961.51587  3.58%  40.8 23361s
 2684422 824265 2032.94556   59  125 2034.29473 1961.51797  3.58%  40.8 23371s
 2685023 824517 infeasible   76      2034.29473 1961.52350  3.58%  40.8 23382s
 2685723 824632 2028.82136   57   48 2034.29473 1961.53246  3.58%  40.8 23391s
 2686299 824643 infeasible  101      2034.29473 1961.54021  3.58%  40.8 23395s
 2686343 824783     cutoff   85      2034.29473 1961.54039  3.58%  40.8 23405s
 2686894 824839 2015.39575   74    4 2034.29473 1961.54818  3.58%  40.8 23410s
 2687280 824931 1965.95295   86  124 2034.29473 1961.55038  3.58%  40.8 23421s
 2687789 824950 1961.57680   43   32 2034.29473 1961.55502  3.58%  40.8 23429s
 2687874 825126 2016.26380   51  139 2034.29473 1961.55609  3.58%  40.8 23440s
 2688445 825157 infeasible   61      2034.29473 1961.56284  3.58%  40.7 23446s
 2688588 825317 1970.84622   76  169 2034.29473 1961.56633  3.58%  40.7 23474s
 2689324 825320     cutoff   81      2034.29473 1961.57629  3.57%  40.7 23478s
 2689423 825446 infeasible   82      2034.29473 1961.57648  3.57%  40.7 23488s
 2690015 825457 2017.00144   51  129 2034.29473 1961.58227  3.57%  40.7 23492s
 2690051 825635 2017.00144   53  129 2034.29473 1961.58227  3.57%  40.7 23502s
 2690608 825668 infeasible   78      2034.29473 1961.58744  3.57%  40.7 23508s
 2690771 825706 infeasible   58      2034.29473 1961.58775  3.57%  40.7 23513s
 2690948 825784 1968.52339   52  175 2034.29473 1961.59203  3.57%  40.7 23519s
 2691247 825803 infeasible   51      2034.29473 1961.59516  3.57%  40.7 23525s
 2691472 825989 1961.63039   83  238 2034.29473 1961.60166  3.57%  40.7 23533s
 2691995 826042 infeasible   60      2034.29473 1961.60702  3.57%  40.7 23536s
 2692168 826062 1968.92346   67  182 2034.29473 1961.60780  3.57%  40.7 23550s
 2692351 826113 2023.82387   73    4 2034.29473 1961.61365  3.57%  40.7 23560s
 2692925 826247 2010.41700   54  212 2034.29473 1961.62102  3.57%  40.7 23571s
 2693466 826265 2014.56475   63  204 2034.29473 1961.62113  3.57%  40.7 23575s
 2693668 826380     cutoff   53      2034.29473 1961.62708  3.57%  40.7 23583s
 2694108 826403 2006.40852   73  202 2034.29473 1961.62868  3.57%  40.7 23586s
 2694231 826505 1961.89466   70  208 2034.29473 1961.62868  3.57%  40.7 23595s
 2694883 826670 1994.20305   75  185 2034.29473 1961.63799  3.57%  40.7 23607s
 2695432 826759     cutoff   81      2034.29473 1961.64128  3.57%  40.7 23611s
 2695673 826846 1963.85268   73  235 2034.29473 1961.64561  3.57%  40.7 23622s
 2696175 826864 2022.95844   77    7 2034.29473 1961.65489  3.57%  40.7 23628s
 2696324 827002 2030.52897   66   14 2034.29473 1961.65938  3.57%  40.7 23641s
 2696854 827006     cutoff   72      2034.29473 1961.66219  3.57%  40.7 23647s
 2696940 827149     cutoff   39      2034.29473 1961.67098  3.57%  40.7 23664s
 2697506 827174 1962.24736   67  166 2034.29473 1961.67485  3.57%  40.7 23669s
 2697623 827307 infeasible   55      2034.29473 1961.67893  3.57%  40.7 23685s
 2698213 827375 2009.07200   66  125 2034.29473 1961.68699  3.57%  40.7 23695s
 2698542 827423 2026.06052   51  230 2034.29473 1961.69136  3.57%  40.7 23706s
 2698858 827528 2025.53464   81   53 2034.29473 1961.70586  3.57%  40.7 23730s
 2699206 827637 1997.05489   73   73 2034.29473 1961.70978  3.57%  40.7 23741s
 2699667 827775 1972.24940   68   35 2034.29473 1961.71905  3.57%  40.7 23756s
 2700342 827775 2028.93458   71   95 2034.29473 1961.73153  3.57%  40.7 23762s
 2700503 827930 1967.20403   73  222 2034.29473 1961.73608  3.57%  40.7 23776s
 2701217 827965 infeasible   86      2034.29473 1961.74490  3.57%  40.7 23785s
 2701509 828017 2017.59952   70   75 2034.29473 1961.74838  3.57%  40.7 23796s
 2701864 828168 1961.81504   61  130 2034.29473 1961.75479  3.57%  40.7 23808s
 2702483 828214     cutoff  112      2034.29473 1961.76129  3.57%  40.7 23812s
 2702650 828419 1962.24192   44   55 2034.29473 1961.76309  3.57%  40.7 23823s
 2703351 828488 1963.64677   82  227 2034.29473 1961.76983  3.57%  40.7 23833s
 2703768 828554 2022.85739   93  167 2034.29473 1961.77783  3.56%  40.7 23842s
 2704037 828641 1996.76054   65   81 2034.29473 1961.78386  3.56%  40.7 23850s
 2704440 828729     cutoff   74      2034.29473 1961.78676  3.56%  40.7 23857s
 2704760 828892 1961.81755   52   44 2034.29473 1961.79077  3.56%  40.7 23871s
 2705536 828926 1995.01076   91  191 2034.29473 1961.80057  3.56%  40.7 23876s
 2705739 829073 2024.35525   76    4 2034.29473 1961.80295  3.56%  40.7 23889s
 2706376 829305 1962.11887   77  161 2034.29473 1961.81471  3.56%  40.7 23903s
 2707073 829323 2008.65791   55  144 2034.29473 1961.82303  3.56%  40.7 23906s
 2707113 829439     cutoff   82      2034.29473 1961.82362  3.56%  40.7 23920s
 2707758 829594 1988.32119   53  198 2034.29473 1961.83019  3.56%  40.7 23932s
 2708336 829612 1968.84418   52   61 2034.29473 1961.83764  3.56%  40.7 23936s
 2708402 829885 2024.20174   59   48 2034.29473 1961.83784  3.56%  40.7 23946s
 2709036 829877 1990.11515   61  158 2034.29473 1961.84193  3.56%  40.7 23952s
 2709092 830016 1993.69410   66  165 2034.29473 1961.84193  3.56%  40.7 23984s
 2709787 830031 infeasible   76      2034.29473 1961.85380  3.56%  40.7 23988s
 2709857 830197 1994.55147   90   82 2034.29473 1961.85428  3.56%  40.7 24003s
 2710469 830272 1980.83388   58  227 2034.29473 1961.86073  3.56%  40.7 24008s
 2710698 830503     cutoff  101      2034.29473 1961.86107  3.56%  40.7 24017s
 2711319 830538 infeasible   95      2034.29473 1961.86201  3.56%  40.7 24020s
 2711480 830632 2015.76461   87  228 2034.29473 1961.86295  3.56%  40.7 24028s
 2712048 830685 2028.75905   52  105 2034.29473 1961.86794  3.56%  40.7 24033s
 2712209 830784 1995.33664   61  111 2034.29473 1961.87045  3.56%  40.7 24042s
 2712722 830787 2021.06314   58   20 2034.29473 1961.87713  3.56%  40.7 24047s
 2712801 830855     cutoff   61      2034.29473 1961.87943  3.56%  40.7 24054s
 2713301 830884 infeasible   61      2034.29473 1961.88517  3.56%  40.7 24057s
 2713510 830993 1964.31733   61  217 2034.29473 1961.88541  3.56%  40.7 24066s
 2714081 830986 infeasible   87      2034.29473 1961.89658  3.56%  40.7 24071s
 2714214 831140 2021.54488   57   29 2034.29473 1961.89861  3.56%  40.7 24080s
 2714785 831239 2008.33862   60   44 2034.29473 1961.90651  3.56%  40.7 24086s
 2715283 831348 infeasible   79      2034.29473 1961.91147  3.56%  40.7 24099s
 2715635 831377 1970.37707   52  206 2034.29473 1961.91625  3.56%  40.7 24104s
 2715770 831378 infeasible   53      2034.29473 1961.91625  3.56%  40.7 24107s
 2715837 831504 2033.62281   54   75 2034.29473 1961.91884  3.56%  40.7 24117s
 2716294 831546 infeasible   47      2034.29473 1961.93068  3.56%  40.7 24123s
 2716550 831743 2025.61882   65   23 2034.29473 1961.93564  3.56%  40.7 24132s
 2717159 831787 infeasible   62      2034.29473 1961.94312  3.56%  40.7 24135s
 2717404 831903 2033.59822   61  107 2034.29473 1961.94513  3.56%  40.7 24143s
 2717843 832033 infeasible   78      2034.29473 1961.94814  3.56%  40.7 24153s
 2718257 832043     cutoff   60      2034.29473 1961.95138  3.56%  40.7 24160s
 2718408 832278 2016.71973   55   76 2034.29473 1961.95735  3.56%  40.7 24169s
 2719089 832307 2015.08747   61   82 2034.29473 1961.96673  3.56%  40.7 24173s
 2719221 832449 2016.81117   66   77 2034.29473 1961.96774  3.56%  40.7 24184s
 2719808 832584 2019.03216   71   90 2034.29473 1961.97539  3.56%  40.7 24208s
 2720205 832667 infeasible   87      2034.29473 1961.97942  3.55%  40.7 24216s
 2720561 832923 2018.01294   77   72 2034.29473 1961.98205  3.55%  40.7 24237s
 2721500 832936     cutoff   95      2034.29473 1961.99062  3.55%  40.7 24241s
 2721597 833107 1963.34927   50  230 2034.29473 1961.99475  3.55%  40.7 24251s
 2722204 833195 infeasible   45      2034.29473 1962.00085  3.55%  40.7 24256s
 2722464 833307 1963.54491   61  264 2034.29473 1962.00452  3.55%  40.7 24267s
 2722889 833309 infeasible   63      2034.29473 1962.01306  3.55%  40.7 24273s
 2723072 833421 infeasible   54      2034.29473 1962.01527  3.55%  40.7 24287s
 2723669 833450 1990.32161   87  128 2034.29473 1962.02450  3.55%  40.7 24290s
 2723835 833661 2005.84580   52  139 2034.29473 1962.02652  3.55%  40.7 24300s
 2724442 833703 1973.76643   91  146 2034.29473 1962.03228  3.55%  40.7 24308s
 2724823 833765 2016.03290   47   73 2034.29473 1962.03838  3.55%  40.7 24316s
 2725111 833873 infeasible   63      2034.29473 1962.04096  3.55%  40.7 24330s
 2725923 834040     cutoff  108      2034.29473 1962.05360  3.55%  40.7 24346s
 2726596 834187 1962.06831   73  222 2034.29473 1962.05913  3.55%  40.7 24360s
 2727331 834357 1997.22307   71  160 2034.29473 1962.07054  3.55%  40.7 24372s
 2727988 834530 2021.43817   68  186 2034.29473 1962.08185  3.55%  40.7 24380s
 2728562 834587 2012.63486   64  106 2034.29473 1962.08793  3.55%  40.7 24386s
 2728681 834725 infeasible   81      2034.29473 1962.08902  3.55%  40.7 24397s
 2729224 834899 2012.13152   67  259 2034.29473 1962.09092  3.55%  40.7 24408s
 2729879 834904 infeasible   87      2034.29473 1962.10164  3.55%  40.7 24412s
 2729965 835025     cutoff   64      2034.29473 1962.10543  3.55%  40.7 24420s
 2730545 835128 1969.51973   39  144 2034.29473 1962.11120  3.55%  40.7 24443s
 2731019 835129 2017.71417   74   18 2034.29473 1962.11735  3.55%  40.7 24448s
 2731168 835374 2022.37420   57   27 2034.29473 1962.11851  3.55%  40.7 24466s
 2732183 835391 1972.55378   60    6 2034.29473 1962.12798  3.55%  40.7 24471s
 2732258 835557 2027.89124   68   37 2034.29473 1962.13014  3.55%  40.7 24482s
 2732891 835614 2033.70796   74  110 2034.29473 1962.13996  3.55%  40.7 24490s
 2733095 835700 2015.02037   71  262 2034.29473 1962.14556  3.55%  40.7 24499s
 2733552 835743 2016.74289   68  214 2034.29473 1962.15397  3.55%  40.7 24506s
 2733700 835853 2017.81551   71  208 2034.29473 1962.15517  3.55%  40.7 24519s
 2734248 835935 infeasible   47      2034.29473 1962.16267  3.55%  40.6 24526s
 2734505 836023 2008.84700   62  190 2034.29473 1962.16801  3.55%  40.6 24533s
 2734842 836146 infeasible   82      2034.29473 1962.17301  3.55%  40.6 24546s
 2735456 836165 1967.69917   71  228 2034.29473 1962.18106  3.54%  40.6 24550s
 2735534 836283 infeasible   73      2034.29473 1962.18125  3.54%  40.6 24565s
 2736166 836481 1962.23180   41  260 2034.29473 1962.19398  3.54%  40.6 24575s
 2736882 836666 2031.29452   78   74 2034.29473 1962.20068  3.54%  40.6 24588s
 2737442 836696     cutoff   65      2034.29473 1962.21116  3.54%  40.6 24592s
 2737613 836868 1984.35739   81   84 2034.29473 1962.21468  3.54%  40.6 24600s
 2738410 837046 2026.12075   64  118 2034.29473 1962.22170  3.54%  40.6 24612s
 2738988 837196 1969.04957  105  221 2034.29473 1962.23263  3.54%  40.6 24622s
 2739622 837319 1962.43410   55  227 2034.29473 1962.23934  3.54%  40.6 24629s
 2740186 837325 1962.27043   62  216 2034.29473 1962.24610  3.54%  40.6 24633s
 2740211 837479 2016.54061   65  237 2034.29473 1962.24676  3.54%  40.6 24644s
 2740813 837676 infeasible   69      2034.29473 1962.25314  3.54%  40.6 24668s
 2741709 837688 infeasible   55      2034.29473 1962.26266  3.54%  40.6 24671s
 2741755 837761 2031.61774   74  103 2034.29473 1962.26595  3.54%  40.6 24680s
 2742266 837912 1962.93601   77  171 2034.29473 1962.26962  3.54%  40.6 24692s
 2742752 837927     cutoff   81      2034.29473 1962.27545  3.54%  40.6 24697s
 2742940 838076     cutoff   84      2034.29473 1962.27856  3.54%  40.6 24708s
 2743474 838086 1968.45195   53  184 2034.29473 1962.28422  3.54%  40.6 24711s
 2743520 838222     cutoff   66      2034.29473 1962.28422  3.54%  40.6 24718s
 2743919 838386 1962.39503   73  161 2034.29473 1962.28865  3.54%  40.6 24725s
 2744518 838505 infeasible   66      2034.29473 1962.29603  3.54%  40.6 24739s
 2745046 838567 1988.97531  103  174 2034.29473 1962.29998  3.54%  40.6 24747s
 2745454 838593     cutoff   69      2034.29473 1962.30806  3.54%  40.6 24751s
 2745583 838715     cutoff   49      2034.29473 1962.30939  3.54%  40.6 24758s
 2746038 838728 infeasible   78      2034.29473 1962.31466  3.54%  40.6 24760s
 2746140 838865 infeasible   81      2034.29473 1962.31856  3.54%  40.6 24770s
 2746713 838915     cutoff   60      2034.29473 1962.32266  3.54%  40.6 24776s
 2746868 839044 1999.22402   68  135 2034.29473 1962.32412  3.54%  40.6 24789s
 2747298 839036 infeasible   61      2034.29473 1962.33032  3.54%  40.6 24795s
 2747410 839109     cutoff   60      2034.29473 1962.33162  3.54%  40.6 24805s
 2747901 839207 2015.21836   58  130 2034.29473 1962.34386  3.54%  40.6 24813s
 2748339 839213 infeasible   55      2034.29473 1962.35132  3.54%  40.6 24817s
 2748508 839290 2010.79279   81  169 2034.29473 1962.35471  3.54%  40.6 24827s
 2749063 839357 2019.05489   55  130 2034.29473 1962.36268  3.54%  40.6 24832s
 2749308 839439 2030.72854   60  181 2034.29473 1962.36638  3.54%  40.6 24843s
 2749861 839440     cutoff   67      2034.29473 1962.37562  3.54%  40.6 24847s
 2749942 839636     cutoff   82      2034.29473 1962.37758  3.54%  40.6 24857s
 2750532 839654 2030.84712   82   97 2034.29473 1962.38076  3.54%  40.6 24860s
 2750682 839870     cutoff   67      2034.29473 1962.38628  3.53%  40.6 24870s
 2751299 839907 2026.84532   57   34 2034.29473 1962.39265  3.53%  40.6 24896s
 2751497 840065 infeasible   61      2034.29473 1962.39702  3.53%  40.6 24924s
 2752062 840103 2017.45713   63  109 2034.29473 1962.39858  3.53%  40.6 24931s
 2752294 840448 infeasible   44      2034.29473 1962.40345  3.53%  40.6 24953s
 2753785 840654 1962.99979   58  226 2034.29473 1962.42507  3.53%  40.6 24972s
 2754520 840665 2007.75551   57   99 2034.29473 1962.43291  3.53%  40.6 24976s
 2754640 840806 2007.85369   58  110 2034.29473 1962.43358  3.53%  40.6 24987s
 2755346 841024 1982.49284   59   35 2034.29473 1962.44701  3.53%  40.6 25000s
 2756051 841034 1966.17509   81  221 2034.29473 1962.45216  3.53%  40.6 25005s
 2756132 841245 1966.20079   83  217 2034.29473 1962.45267  3.53%  40.6 25017s
 2756835 841357     cutoff   95      2034.29473 1962.47041  3.53%  40.6 25027s
 2757445 841374 infeasible   78      2034.29473 1962.47625  3.53%  40.6 25030s
 2757545 841568 2029.12612   64  144 2034.29473 1962.47950  3.53%  40.6 25038s
 2758171 841783 2020.68938   66   18 2034.29473 1962.48417  3.53%  40.6 25050s
 2758801 841801     cutoff   67      2034.29473 1962.49039  3.53%  40.6 25055s
 2758914 841942     cutoff   62      2034.29473 1962.49537  3.53%  40.6 25067s
 2759477 842056 2006.49892   48  439 2034.29473 1962.50655  3.53%  40.6 25078s
 2759998 842078 infeasible   76      2034.29473 1962.51245  3.53%  40.6 25082s
 2760099 842249 1966.73548   56  263 2034.29473 1962.51429  3.53%  40.6 25092s
 2760652 842327 infeasible   64      2034.29473 1962.52218  3.53%  40.6 25107s
 2761220 842339 2016.40022   57  165 2034.29473 1962.52755  3.53%  40.6 25113s
 2761273 842466 2018.30280   62   89 2034.29473 1962.52814  3.53%  40.6 25122s
 2761788 842726 infeasible   65      2034.29473 1962.53715  3.53%  40.6 25163s
 2762644 842732 infeasible   84      2034.29473 1962.54824  3.53%  40.6 25166s
 2762684 842815 1967.05390   73  206 2034.29473 1962.55002  3.53%  40.6 25174s
 2763063 842820 infeasible   78      2034.29473 1962.55983  3.53%  40.6 25176s
 2763125 842918 1999.72251   67  204 2034.29473 1962.56163  3.53%  40.6 25184s
 2763581 842916     cutoff   59      2034.29473 1962.56787  3.53%  40.6 25188s
 2763618 843079 2022.24120   65  157 2034.29473 1962.56806  3.53%  40.6 25198s
 2764161 843102     cutoff  113      2034.29473 1962.57803  3.53%  40.6 25202s
 2764311 843192 infeasible   45      2034.29473 1962.57920  3.53%  40.6 25210s
 2764942 843309     cutoff   52      2034.29473 1962.58670  3.52%  40.6 25223s
 2765495 843337 2019.95897   69   82 2034.29473 1962.59940  3.52%  40.6 25229s
 2765889 843344 infeasible   59      2034.29473 1962.60521  3.52%  40.6 25231s
 2766022 843433 2024.37679   74   24 2034.29473 1962.60521  3.52%  40.6 25239s
 2766666 843448 2030.58913   73    3 2034.29473 1962.61628  3.52%  40.6 25242s
 2766884 843559 2010.83180   54  160 2034.29473 1962.61927  3.52%  40.6 25248s
 2767207 843541 infeasible   62      2034.29473 1962.62211  3.52%  40.6 25251s
 2767285 843663 2017.88351   64   89 2034.29473 1962.62263  3.52%  40.6 25259s
 2767888 843695 2031.64367   53    4 2034.29473 1962.63459  3.52%  40.6 25264s
 2768121 843771 2031.14230   72    4 2034.29473 1962.64100  3.52%  40.6 25273s
 2768671 843802 1967.14846   56   49 2034.29473 1962.64894  3.52%  40.6 25277s
 2768782 843985 1963.48012   47  212 2034.29473 1962.65021  3.52%  40.6 25288s
 2769377 844099 infeasible   95      2034.29473 1962.65645  3.52%  40.5 25297s
 2769838 844121     cutoff   93      2034.29473 1962.66130  3.52%  40.5 25301s
 2769983 844225     cutoff   65      2034.29473 1962.66636  3.52%  40.5 25308s
 2770432 844370 2015.27378   66  293 2034.29473 1962.66840  3.52%  40.5 25316s
 2770988 844452     cutoff   59      2034.29473 1962.67390  3.52%  40.5 25332s
 2771437 844512 infeasible   70      2034.29473 1962.67754  3.52%  40.6 25340s
 2771709 844554 infeasible   52      2034.29473 1962.68261  3.52%  40.6 25347s
 2771978 844703     cutoff   78      2034.29473 1962.68971  3.52%  40.6 25356s
 2772568 844714 1963.20616   72   52 2034.29473 1962.69510  3.52%  40.5 25378s
 2772735 845254 1963.01707   58  207 2034.29473 1962.69952  3.52%  40.5 25419s
 2774712 845275 2022.30499   61  165 2034.29473 1962.71926  3.52%  40.5 25425s
 2774793 845271 2024.36193   63   93 2034.29473 1962.72075  3.52%  40.5 25430s
 2774853 845418 1998.43333   55  127 2034.29473 1962.72324  3.52%  40.5 25442s
 2775375 845452     cutoff   82      2034.29473 1962.72531  3.52%  40.5 25447s
 2775552 845561 1967.84273   68  318 2034.29473 1962.72829  3.52%  40.5 25457s
 2776111 845565 1976.69005   91   87 2034.29473 1962.73842  3.52%  40.5 25468s
 2776115 845572 1976.89836   92   85 2034.29473 1962.73842  3.52%  40.5 25470s
 2776145 845588     cutoff   97      2034.29473 1962.73842  3.52%  40.5 25476s
 2776157 845587     cutoff   99      2034.29473 1962.73842  3.52%  40.5 25480s
 2776198 845605 2028.94397   57   22 2034.29473 1962.73888  3.52%  40.5 25488s
 2776222 845619 2034.04091   58   41 2034.29473 1962.73888  3.52%  40.5 25491s
 2776257 845638 1977.02944   71  205 2034.29473 1962.73888  3.52%  40.5 25495s
 2776377 845656     cutoff   77      2034.29473 1962.73975  3.52%  40.5 25502s
 2776404 845659 2022.54906   82   75 2034.29473 1962.74046  3.52%  40.5 25507s
 2776440 845671 2018.77620   66  148 2034.29473 1962.74046  3.52%  40.5 25511s
 2776536 845677 infeasible   64      2034.29473 1962.74250  3.52%  40.5 25517s
 2776708 845697 1989.07905   70  160 2034.29473 1962.74282  3.52%  40.5 25522s
 2776778 845741     cutoff   77      2034.29473 1962.74379  3.52%  40.5 25529s
 2777044 845748     cutoff   62      2034.29473 1962.74392  3.52%  40.5 25532s
 2777104 845864 1973.30527   78  240 2034.29473 1962.74439  3.52%  40.5 25544s
 2777615 845887 infeasible   61      2034.29473 1962.75347  3.52%  40.5 25549s
 2777704 846006 2026.92524   73  178 2034.29473 1962.75419  3.52%  40.5 25561s
 2778310 846050 1999.33623   68  129 2034.29473 1962.75513  3.52%  40.5 25571s
 2778457 846101 1999.33623   78   83 2034.29473 1962.75866  3.52%  40.5 25580s
 2778693 846129 infeasible   49      2034.29473 1962.76307  3.52%  40.5 25585s
 2778935 846202     cutoff   48      2034.29473 1962.76823  3.52%  40.5 25604s
 2779158 846208 1970.67597   59  205 2034.29473 1962.77105  3.52%  40.5 25608s
 2779190 846213 1970.67597   60  205 2034.29473 1962.77166  3.52%  40.5 25612s
 2779239 846231 1970.67597   61  205 2034.29473 1962.77230  3.52%  40.5 25620s
 2779364 846307 1973.56815   65  220 2034.29473 1962.77282  3.52%  40.5 25629s
 2779685 846511 1973.30403   76  187 2034.29473 1962.77531  3.52%  40.5 25646s
 2780627 846545 1975.72557   44   41 2034.29473 1962.79064  3.51%  40.5 25651s
 2780884 846788 infeasible   58      2034.29473 1962.79336  3.51%  40.5 25667s
 2781691 846805 1992.74801   72  165 2034.29473 1962.80399  3.51%  40.5 25681s
 2781789 846897 infeasible   62      2034.29473 1962.80839  3.51%  40.5 25690s
 2782134 847139 1991.96569   65  147 2034.29473 1962.81268  3.51%  40.5 25704s
 2783014 847140 2013.39868   63    9 2034.29473 1962.82692  3.51%  40.5 25739s
 2783119 847635 2017.10660   55    9 2034.29473 1962.82830  3.51%  40.5 25785s
 2786210 847638 2018.41868   49  241 2034.29473 1962.86564  3.51%  40.5 25791s
 2786356 847879 2000.33088   72  187 2034.29473 1962.86612  3.51%  40.5 25802s
 2786965 847975     cutoff   81      2034.29473 1962.87241  3.51%  40.5 25810s
 2787509 848113     cutoff   94      2034.29473 1962.87985  3.51%  40.5 25823s
 2788068 848213 2033.49335  107   10 2034.29473 1962.88353  3.51%  40.5 25830s
 2788403 848266 2000.50943   71   75 2034.29473 1962.88764  3.51%  40.5 25836s
 2788692 848395 2020.86754   53   69 2034.29473 1962.89249  3.51%  40.5 25845s
 2789158 848412 1989.81145   46  184 2034.29473 1962.89573  3.51%  40.5 25850s
 2789225 848548 2017.54611   46  159 2034.29473 1962.89670  3.51%  40.5 25860s
 2789840 848767 1994.73178   59   89 2034.29473 1962.90748  3.51%  40.5 25868s
 2790359 848780 2027.32332   66   89 2034.29473 1962.91110  3.51%  40.5 25871s
 2790403 848933 infeasible   66      2034.29473 1962.91234  3.51%  40.5 25881s
 2790909 848962 2027.50636   61   84 2034.29473 1962.91882  3.51%  40.5 25890s
 2791406 848976 infeasible   50      2034.29473 1962.91943  3.51%  40.5 25907s
 2791944 848994 2025.04705   70  104 2034.29473 1962.93157  3.51%  40.5 25912s
 2792054 849088 1995.13925   40  144 2034.29473 1962.93327  3.51%  40.5 25921s
 2792481 849159     cutoff   62      2034.29473 1962.93747  3.51%  40.5 25926s
 2792694 849223 infeasible   58      2034.29473 1962.93961  3.51%  40.5 25935s
 2793244 849230 2013.74475   62   10 2034.29473 1962.94504  3.51%  40.5 25961s
 2793338 849901 2025.83887   54  173 2034.29473 1962.94617  3.51%  40.5 26026s
 2796788 849913 infeasible   72      2034.29473 1962.96943  3.51%  40.5 26031s
 2796890 849908 2022.24114   53   99 2034.29473 1962.96958  3.51%  40.5 26036s
 2796953 850040 1976.68031   68  191 2034.29473 1962.96958  3.51%  40.5 26046s
 2797442 850160 infeasible   76      2034.29473 1962.97278  3.51%  40.5 26056s
 2797960 850186     cutoff   49      2034.29473 1962.98330  3.51%  40.5 26062s
 2798050 850271     cutoff   93      2034.29473 1962.98424  3.51%  40.5 26073s
 2798567 850290 2018.23075   63  104 2034.29473 1962.98731  3.51%  40.5 26079s
 2798757 850404 infeasible  119      2034.29473 1962.99336  3.50%  40.5 26088s
 2799213 850413 infeasible   64      2034.29473 1962.99802  3.50%  40.5 26090s
 2799294 850519 infeasible   68      2034.29473 1962.99802  3.50%  40.5 26101s
 2799779 850566 infeasible   42      2034.29473 1963.00875  3.50%  40.5 26105s
 2799942 850676 2030.65229   72  205 2034.29473 1963.00977  3.50%  40.5 26113s
 2800560 850664     cutoff   55      2034.29473 1963.02348  3.50%  40.5 26118s
 2800631 850816 2012.92499   61   90 2034.29473 1963.02482  3.50%  40.5 26133s
 2801163 850975 2028.66909   63  103 2034.29473 1963.03644  3.50%  40.5 26143s
 2801771 850978 2024.07981   56  149 2034.29473 1963.04113  3.50%  40.5 26150s
 2801829 851057 infeasible   62      2034.29473 1963.04113  3.50%  40.5 26159s
 2802133 851056 2030.39679   62  114 2034.29473 1963.04113  3.50%  40.5 26161s
 2802164 851106 2031.50329   63  114 2034.29473 1963.04113  3.50%  40.5 26169s
 2802377 851123 2030.38949   62  146 2034.29473 1963.04208  3.50%  40.5 26173s
 2802430 851139 infeasible   63      2034.29473 1963.04472  3.50%  40.5 26183s
 2802683 851140 2031.50645   64  114 2034.29473 1963.04472  3.50%  40.5 26189s
 2802712 851140 infeasible   64      2034.29473 1963.05189  3.50%  40.5 26193s
 2802751 851198 2030.39679   64  114 2034.29473 1963.05403  3.50%  40.5 26203s
 2803250 851196 infeasible   75      2034.29473 1963.06769  3.50%  40.5 26206s
 2803276 851325     cutoff   91      2034.29473 1963.06853  3.50%  40.5 26220s
 2803914 851367 2033.81370   72   59 2034.29473 1963.08157  3.50%  40.5 26244s
 2804234 851541 2022.84438   92  119 2034.29473 1963.08559  3.50%  40.5 26262s
 2805173 851568 2020.98946  107  146 2034.29473 1963.09385  3.50%  40.5 26274s
 2805288 851687 2024.46698   74    5 2034.29473 1963.09674  3.50%  40.5 26293s
 2805924 851866     cutoff   75      2034.29473 1963.11025  3.50%  40.5 26303s
 2806560 851873 2024.03681   70  180 2034.29473 1963.11596  3.50%  40.5 26309s
 2806678 851973 1994.41509   74   58 2034.29473 1963.11693  3.50%  40.5 26317s
 2807165 852032 2021.67325   78   45 2034.29473 1963.12462  3.50%  40.5 26325s
 2807602 852061 2026.93454   68    8 2034.29473 1963.12735  3.50%  40.5 26330s
 2807774 852186 1973.00869   64  225 2034.29473 1963.13059  3.50%  40.5 26341s
 2808345 852496 2024.52724   72    5 2034.29473 1963.13891  3.50%  40.5 26347s
 2809008 852654 2006.27684   64   85 2034.29473 1963.14440  3.50%  40.5 26351s
 2809368 852803 infeasible   58      2034.29473 1963.14467  3.50%  40.5 26358s
 2809829 852862 2027.60833   75   45 2034.29473 1963.14820  3.50%  40.5 26363s
 2809991 852997 2028.46473   76   42 2034.29473 1963.14878  3.50%  40.5 26376s
 2810523 852989     cutoff   47      2034.29473 1963.15583  3.50%  40.5 26381s
 2810599 853168 1996.69833   76   79 2034.29473 1963.15683  3.50%  40.5 26395s
 2811204 853213 infeasible   64      2034.29473 1963.16342  3.50%  40.5 26401s
 2811450 853317 1964.94562   53    4 2034.29473 1963.16662  3.50%  40.5 26412s
 2812008 853349 infeasible   54      2034.29473 1963.17353  3.50%  40.5 26416s
 2812092 853589 1965.25424   59  160 2034.29473 1963.17353  3.50%  40.5 26429s
 2812742 853694 1998.38755   67   87 2034.29473 1963.18036  3.50%  40.5 26444s
 2813209 853717 2018.17483   72   73 2034.29473 1963.18800  3.50%  40.5 26448s
 2813304 853844 2022.76101   63   88 2034.29473 1963.18950  3.50%  40.5 26457s
 2813786 853957 infeasible   92      2034.29473 1963.19565  3.50%  40.5 26467s
 2814178 853992     cutoff   77      2034.29473 1963.19739  3.49%  40.5 26502s
 2814341 854480 2001.99269   64  156 2034.29473 1963.20093  3.49%  40.5 26537s
 2816230 854480 infeasible   73      2034.29473 1963.22238  3.49%  40.5 26541s
 2816320 854483     cutoff   68      2034.29473 1963.22519  3.49%  40.5 26545s
 2816383 854654 1985.94960   46  222 2034.29473 1963.23043  3.49%  40.5 26561s
 2816990 854777 2027.44970   84  163 2034.29473 1963.23350  3.49%  40.5 26571s
 2817623 854969 1969.87547   72  126 2034.29473 1963.24500  3.49%  40.5 26586s
 2818194 855028 infeasible   53      2034.29473 1963.24958  3.49%  40.4 26595s
 2818671 855121 2007.97633   71  136 2034.29473 1963.25738  3.49%  40.5 26606s
 2819179 855216 1988.34782   70   73 2034.29473 1963.26240  3.49%  40.5 26614s
 2819480 855223 2018.19409   97    3 2034.29473 1963.26278  3.49%  40.5 26619s
 2819603 855385 2017.28848   61  217 2034.29473 1963.26892  3.49%  40.5 26626s
 2820165 855398 2026.08972   74    7 2034.29473 1963.27491  3.49%  40.5 26633s
 2820519 855434 1968.30558   70  215 2034.29473 1963.28075  3.49%  40.5 26637s
 2820624 855636 1986.12753   70  235 2034.29473 1963.28273  3.49%  40.5 26647s
 2821151 855691     cutoff   64      2034.29473 1963.28979  3.49%  40.5 26653s
 2821389 855881 1998.58457   56   94 2034.29473 1963.29390  3.49%  40.5 26660s
 2822191 856064 2007.49391   61  213 2034.29473 1963.30391  3.49%  40.4 26670s
 2822713 856337 2024.83827   79   99 2034.29473 1963.30931  3.49%  40.4 26679s
 2823399 856353 2007.45433   74   40 2034.29473 1963.31250  3.49%  40.4 26683s
 2823497 856460 2008.24084   78  151 2034.29473 1963.31282  3.49%  40.4 26689s
 2823977 856453 2022.65211   85  169 2034.29473 1963.32002  3.49%  40.4 26695s
 2824099 856600 2018.86617   49  219 2034.29473 1963.32416  3.49%  40.4 26709s
 2824697 856665 2025.08842  115  113 2034.29473 1963.33001  3.49%  40.4 26741s
 2825011 856913     cutoff   64      2034.29473 1963.33738  3.49%  40.4 26762s
 2825914 856924 infeasible   79      2034.29473 1963.34427  3.49%  40.4 26765s
 2825983 857083 2016.39033   74  160 2034.29473 1963.34623  3.49%  40.4 26781s
 2826604 857309 1969.88916   85  234 2034.29473 1963.35056  3.49%  40.4 26794s
 2827209 857328 infeasible   81      2034.29473 1963.36504  3.49%  40.4 26799s
 2827280 857446     cutoff   96      2034.29473 1963.36559  3.49%  40.4 26807s
 2827762 857504 2016.63786   58   46 2034.29473 1963.36866  3.49%  40.4 26812s
 2827963 857636 2020.05349   70  172 2034.29473 1963.37292  3.49%  40.4 26824s
 2828558 857665 1972.48930   68  231 2034.29473 1963.37995  3.49%  40.4 26826s
 2828630 857724     cutoff   53      2034.29473 1963.38043  3.49%  40.4 26833s
 2829132 857744 infeasible   63      2034.29473 1963.38989  3.49%  40.4 26838s
 2829534 857768 1963.45242   47   79 2034.29473 1963.39868  3.49%  40.4 26842s
 2829724 857896 infeasible   93      2034.29473 1963.40214  3.48%  40.4 26854s
 2830343 857941 2020.09549  110   26 2034.29473 1963.40937  3.48%  40.4 26861s
 2830627 858007 2018.88390   80  114 2034.29473 1963.41431  3.48%  40.4 26867s
 2830937 858181 2030.57630   61  213 2034.29473 1963.41717  3.48%  40.4 26872s
 2831569 858362 1983.15383   68   47 2034.29473 1963.42347  3.48%  40.4 26885s
 2832211 858542 infeasible   45      2034.29473 1963.43179  3.48%  40.4 26898s
 2832815 858572 infeasible   54      2034.29473 1963.44055  3.48%  40.4 26902s
 2832973 858721 2029.34174   59   20 2034.29473 1963.44392  3.48%  40.4 26914s
 2833493 858847     cutoff   65      2034.29473 1963.45028  3.48%  40.4 26927s
 2834092 858875     cutoff   67      2034.29473 1963.45742  3.48%  40.4 26933s
 2834268 858989 1965.46159   65  217 2034.29473 1963.46040  3.48%  40.4 26946s
 2834858 859048 2034.11844   62  127 2034.29473 1963.46776  3.48%  40.4 26952s
 2835038 859155 2012.22893   68   53 2034.29473 1963.46776  3.48%  40.4 26991s
 2835877 859267 1978.28262   70  192 2034.29473 1963.48016  3.48%  40.4 27003s
 2836392 859401 infeasible   58      2034.29473 1963.48865  3.48%  40.4 27012s
 2836889 859391 infeasible   66      2034.29473 1963.49528  3.48%  40.4 27015s
 2836927 859498 1967.44338   68  204 2034.29473 1963.49528  3.48%  40.4 27023s
 2837397 859494 2032.64245   71  114 2034.29473 1963.50149  3.48%  40.4 27026s
 2837448 859637 1971.22152   50   60 2034.29473 1963.50476  3.48%  40.4 27035s
 2837985 859704 1974.93214   79  230 2034.29473 1963.50926  3.48%  40.4 27044s
 2838253 859756 1982.68510   74  100 2034.29473 1963.51400  3.48%  40.4 27054s
 2838546 859819 1973.83216   58   13 2034.29473 1963.51742  3.48%  40.4 27062s
 2838834 859832 2024.16047   74   85 2034.29473 1963.52163  3.48%  40.4 27065s
 2838955 859968 2018.40879   45  257 2034.29473 1963.52286  3.48%  40.4 27075s
 2839476 860035 infeasible   79      2034.29473 1963.53158  3.48%  40.4 27086s
 2839754 860157     cutoff   82      2034.29473 1963.53401  3.48%  40.4 27098s
 2840333 860191 infeasible   56      2034.29473 1963.53909  3.48%  40.4 27102s
 2840493 860345 1965.29886   72  268 2034.29473 1963.54483  3.48%  40.4 27111s
 2841126 860523     cutoff   69      2034.29473 1963.55139  3.48%  40.4 27121s
 2841760 860534 2000.36015   61   89 2034.29473 1963.55716  3.48%  40.4 27125s
 2841817 860649     cutoff   71      2034.29473 1963.55796  3.48%  40.4 27138s
 2842301 860812 2031.01768   72   93 2034.29473 1963.56326  3.48%  40.4 27149s
 2842906 860828     cutoff   84      2034.29473 1963.57266  3.48%  40.4 27155s
 2842969 861045 1982.49897   73  184 2034.29473 1963.57266  3.48%  40.4 27167s
 2843525 861179 2018.46815   99  112 2034.29473 1963.57487  3.48%  40.4 27181s
 2844096 861174 2011.65295   78  156 2034.29473 1963.58134  3.48%  40.4 27186s
 2844160 861281 1996.57736   82  139 2034.29473 1963.58222  3.48%  40.4 27196s
 2844701 861301 1993.06405   58  121 2034.29473 1963.58984  3.48%  40.4 27201s
 2844805 861461 1992.46578   56  122 2034.29473 1963.59072  3.48%  40.4 27210s
 2845279 861477 2018.97389   59  106 2034.29473 1963.59584  3.48%  40.4 27242s
 2845533 861790 1963.65591   55  206 2034.29473 1963.59964  3.48%  40.4 27268s
 2846793 861802 1994.67880  108  120 2034.29473 1963.62040  3.47%  40.4 27274s
 2846858 861843 2018.31890   53  293 2034.29473 1963.62090  3.47%  40.4 27283s
 2847131 861914 1997.72122   80   99 2034.29473 1963.62620  3.47%  40.4 27293s
 2847403 861930 2031.84994   69  157 2034.29473 1963.62987  3.47%  40.4 27301s
 2847588 862076 infeasible   91      2034.29473 1963.63234  3.47%  40.4 27313s
 2848194 862098 2018.58735   72  266 2034.29473 1963.63883  3.47%  40.4 27318s
 2848314 862338 2019.96946   76  228 2034.29473 1963.63883  3.47%  40.4 27334s
 2849052 862478     cutoff   69      2034.29473 1963.64716  3.47%  40.4 27344s
 2849584 862520 2029.12475   59  222 2034.29473 1963.65204  3.47%  40.4 27349s
 2849714 862543 infeasible   43      2034.29473 1963.65398  3.47%  40.4 27362s
 2850215 862664 infeasible   82      2034.29473 1963.66233  3.47%  40.4 27374s
 2850748 862661     cutoff   75      2034.29473 1963.67098  3.47%  40.4 27377s
 2850809 862825     cutoff   71      2034.29473 1963.67176  3.47%  40.4 27391s
 2851402 862847 infeasible   40      2034.29473 1963.68125  3.47%  40.4 27397s
 2851533 862957 1996.65614   51   97 2034.29473 1963.68520  3.47%  40.4 27409s
 2852023 862963     cutoff   70      2034.29473 1963.69232  3.47%  40.4 27412s
 2852094 863169 1993.81756   47  190 2034.29473 1963.69269  3.47%  40.4 27423s
 2852814 863232 infeasible   77      2034.29473 1963.69816  3.47%  40.4 27432s
 2853085 863481 infeasible   71      2034.29473 1963.70269  3.47%  40.4 27444s
 2853730 863484 2030.85173   96   69 2034.29473 1963.70488  3.47%  40.4 27447s
 2853774 863641 2032.72806   65    3 2034.29473 1963.70678  3.47%  40.4 27456s
 2854340 863891     cutoff   72      2034.29473 1963.71522  3.47%  40.4 27469s
 2854998 863952     cutoff   70      2034.29473 1963.72254  3.47%  40.4 27474s
 2855113 864092 1989.43027   77  204 2034.29473 1963.72324  3.47%  40.4 27484s
 2855629 864236     cutoff   58      2034.29473 1963.72564  3.47%  40.4 27514s
 2856275 864241 1993.33605   57  190 2034.29473 1963.73619  3.47%  40.4 27519s
 2856337 864461 2014.97610   64  180 2034.29473 1963.73671  3.47%  40.4 27533s
 2856962 864581 2028.91429   75    6 2034.29473 1963.74889  3.47%  40.4 27541s
 2857244 864627 1998.18372   54   74 2034.29473 1963.75068  3.47%  40.4 27545s
 2857343 864898 2006.76186   53   34 2034.29473 1963.75072  3.47%  40.4 27561s
 2857986 865126 infeasible   63      2034.29473 1963.75764  3.47%  40.4 27578s
 2858618 865294 2006.66696   56  100 2034.29473 1963.76155  3.47%  40.4 27591s
 2859149 865346 2006.78854   83   13 2034.29473 1963.76380  3.47%  40.4 27596s
 2859289 865524 2023.10387   56   41 2034.29473 1963.76841  3.47%  40.4 27606s
 2859865 865647     cutoff   63      2034.29473 1963.77693  3.47%  40.4 27617s
 2860334 865648     cutoff   71      2034.29473 1963.77997  3.47%  40.4 27624s
 2860399 865712 infeasible   96      2034.29473 1963.78189  3.47%  40.4 27638s
 2860817 866000 2022.06343   50  227 2034.29473 1963.78768  3.47%  40.4 27654s
 2861490 866011 2008.49077   67   64 2034.29473 1963.79432  3.47%  40.4 27657s
 2861540 866185 1971.06374   52  127 2034.29473 1963.79656  3.47%  40.4 27665s
 2861989 866245     cutoff   67      2034.29473 1963.80091  3.47%  40.4 27670s
 2862219 866373 1979.53688   66  153 2034.29473 1963.80312  3.47%  40.4 27682s
 2862759 866374 infeasible   76      2034.29473 1963.80655  3.46%  40.4 27686s
 2862816 866499 2018.27139   51  213 2034.29473 1963.80973  3.46%  40.4 27698s
 2863301 866508 infeasible   55      2034.29473 1963.81802  3.46%  40.4 27704s
 2863485 866653 2012.92667   59  142 2034.29473 1963.82326  3.46%  40.4 27716s
 2864110 866669 2018.90067   74    5 2034.29473 1963.82964  3.46%  40.4 27720s
 2864181 866749 1993.22085   59  131 2034.29473 1963.83067  3.46%  40.4 27730s
 2864595 866839 2016.73285   55  295 2034.29473 1963.83878  3.46%  40.4 27743s
 2865046 866864 2001.12898   69  104 2034.29473 1963.84209  3.46%  40.4 27749s
 2865187 866992 1976.84977   68   29 2034.29473 1963.84306  3.46%  40.4 27763s
 2865699 867156     cutoff   91      2034.29473 1963.84743  3.46%  40.4 27772s
 2866201 867192 2001.47981   64  123 2034.29473 1963.85081  3.46%  40.4 27795s
 2866348 867759 1966.27261   67  186 2034.29473 1963.85406  3.46%  40.4 27825s
 2868295 867775 2028.98171   66  109 2034.29473 1963.87382  3.46%  40.4 27833s
 2868395 867874 2022.72588   66   96 2034.29473 1963.87432  3.46%  40.4 27841s
 2868910 868040 2021.66227   84   61 2034.29473 1963.88367  3.46%  40.4 27852s
 2869505 868066 infeasible   50      2034.29473 1963.88805  3.46%  40.4 27856s
 2869603 868157 2017.26861   53  129 2034.29473 1963.88805  3.46%  40.4 27869s
 2870131 868286 2025.30927   65   81 2034.29473 1963.89484  3.46%  40.4 27880s
 2870717 868294 2028.45044   74   62 2034.29473 1963.89933  3.46%  40.4 27885s
 2870785 868437     cutoff   82      2034.29473 1963.90002  3.46%  40.4 27899s
 2871297 868447 2019.73341   68   20 2034.29473 1963.90581  3.46%  40.4 27905s
 2871515 868581 1970.76241   50   61 2034.29473 1963.91157  3.46%  40.4 27918s
 2872043 868592     cutoff   64      2034.29473 1963.91709  3.46%  40.4 27923s
 2872109 868796 2023.17736   66  112 2034.29473 1963.91709  3.46%  40.4 27936s
 2872674 868859     cutoff   69      2034.29473 1963.91953  3.46%  40.4 27945s
 2872925 868892 infeasible   69      2034.29473 1963.92273  3.46%  40.4 27950s
 2873106 869114 infeasible  106      2034.29473 1963.92497  3.46%  40.4 27960s
 2873799 869292 1979.81915   91   83 2034.29473 1963.93097  3.46%  40.4 27971s
 2874411 869371 1966.19562   59  237 2034.29473 1963.94006  3.46%  40.4 27977s
 2874636 869413 infeasible   53      2034.29473 1963.94406  3.46%  40.4 27985s
 2874816 869476     cutoff   53      2034.29473 1963.94611  3.46%  40.4 27996s
 2875254 869468 2030.51807   95  181 2034.29473 1963.95142  3.46%  40.4 28001s
 2875374 869597 2019.98801   96   80 2034.29473 1963.95464  3.46%  40.4 28009s
 2875955 869659 infeasible   82      2034.29473 1963.95980  3.46%  40.4 28013s
 2876175 869716 1972.93535   88   64 2034.29473 1963.96443  3.46%  40.4 28020s
 2876568 869711 infeasible   97      2034.29473 1963.96883  3.46%  40.4 28050s
 2876637 870414 1974.55961   78  113 2034.29473 1963.97057  3.46%  40.4 28128s
 2880637 870413 infeasible   66      2034.29473 1963.99943  3.46%  40.4 28131s
 2880703 870429 infeasible   73      2034.29473 1964.00099  3.46%  40.4 28136s
 2880823 870608 infeasible   48      2034.29473 1964.00221  3.46%  40.4 28149s
 2881369 870707 2022.08253   70   76 2034.29473 1964.00465  3.46%  40.4 28159s
 2881798 870756 1997.22611   81   86 2034.29473 1964.01115  3.45%  40.4 28166s
 2882116 870838 1996.21844   77   74 2034.29473 1964.01515  3.45%  40.4 28180s
 2882724 870951     cutoff   86      2034.29473 1964.03052  3.45%  40.4 28194s
 2883255 871082 infeasible   42      2034.29473 1964.03853  3.45%  40.4 28203s
 2883719 871120 1964.07277   73  156 2034.29473 1964.03970  3.45%  40.4 28207s
 2883807 871219 2024.65810   56   46 2034.29473 1964.03970  3.45%  40.4 28231s
 2884146 871224 infeasible   59      2034.29473 1964.04473  3.45%  40.4 28238s
 2884195 871258 2016.25735   54   90 2034.29473 1964.04644  3.45%  40.4 28243s
 2884308 871297 infeasible   59      2034.29473 1964.04751  3.45%  40.4 28248s
 2884510 871522     cutoff   77      2034.29473 1964.05180  3.45%  40.4 28260s
 2885041 871556 infeasible   57      2034.29473 1964.05384  3.45%  40.4 28266s
 2885159 871650     cutoff   75      2034.29473 1964.05636  3.45%  40.4 28279s
 2885589 871792 1964.14718   85  193 2034.29473 1964.06001  3.45%  40.4 28291s
 2886182 871794 2024.39715   61   89 2034.29473 1964.07092  3.45%  40.4 28297s
 2886204 871951 2023.28430   61   50 2034.29473 1964.07092  3.45%  40.4 28308s
 2886715 871976     cutoff   89      2034.29473 1964.07335  3.45%  40.4 28315s
 2886893 872138 1997.23794   46  171 2034.29473 1964.07498  3.45%  40.4 28364s
 2887601 872148 2022.03910  104  122 2034.29473 1964.08565  3.45%  40.4 28368s
 2887659 872230 2014.78224   81  100 2034.29473 1964.08572  3.45%  40.4 28379s
 2888131 872257 1970.12110   58  222 2034.29473 1964.09078  3.45%  40.4 28385s
 2888265 872491 1964.42442   55  198 2034.29473 1964.09417  3.45%  40.4 28399s
 2888883 872511 2017.72251   52  210 2034.29473 1964.10088  3.45%  40.4 28402s
 2888982 872618 2020.32509   65  143 2034.29473 1964.10224  3.45%  40.4 28412s
 2889493 872660 infeasible   51      2034.29473 1964.10808  3.45%  40.4 28422s
 2889788 872797 2025.36821  105  124 2034.29473 1964.11228  3.45%  40.4 28432s
 2890213 872809 infeasible   99      2034.29473 1964.11763  3.45%  40.4 28436s
 2890334 872914     cutoff   81      2034.29473 1964.12228  3.45%  40.4 28451s
 2890883 872935 infeasible   74      2034.29473 1964.12890  3.45%  40.4 28455s
 2891004 873033 1966.72209   68  180 2034.29473 1964.13068  3.45%  40.4 28464s
 2891518 873163 1964.81687   52   58 2034.29473 1964.13905  3.45%  40.4 28471s
 2891922 873173 infeasible   52      2034.29473 1964.14271  3.45%  40.4 28475s
 2892032 873388 infeasible   94      2034.29473 1964.14441  3.45%  40.4 28483s
 2892543 873500 2011.57683  129  168 2034.29473 1964.14718  3.45%  40.4 28493s
 2893100 873502 2018.74743   50  131 2034.29473 1964.15189  3.45%  40.4 28496s
 2893166 873633 2023.15282   80  105 2034.29473 1964.15213  3.45%  40.4 28508s
 2893706 873648 infeasible   64      2034.29473 1964.15832  3.45%  40.4 28517s
 2893850 873828 infeasible   73      2034.29473 1964.15977  3.45%  40.4 28531s
 2894426 873931 2017.13137   62   21 2034.29473 1964.16129  3.45%  40.4 28540s
 2894771 874043 2018.71651   80   79 2034.29473 1964.16624  3.45%  40.4 28551s
 2895360 874160 2010.19668   65  110 2034.29473 1964.17458  3.45%  40.4 28566s
 2895951 874289 infeasible   43      2034.29473 1964.17826  3.45%  40.4 28576s
 2896496 874280     cutoff   63      2034.29473 1964.18472  3.45%  40.4 28580s
 2896576 874383 1984.54368   74  214 2034.29473 1964.18545  3.45%  40.4 28589s
 2897036 874449     cutoff   65      2034.29473 1964.18754  3.45%  40.4 28593s
 2897221 874585     cutoff   52      2034.29473 1964.18891  3.45%  40.4 28633s
 2897850 874617 1964.27436   70  211 2034.29473 1964.19268  3.45%  40.4 28637s
 2897938 874747 2017.14238   54   80 2034.29473 1964.19428  3.45%  40.4 28648s
 2898590 874876 2001.54188  102  201 2034.29473 1964.20729  3.45%  40.4 28659s
 2899144 874892 infeasible   69      2034.29473 1964.21578  3.44%  40.4 28662s
 2899202 874952     cutoff   76      2034.29473 1964.21578  3.44%  40.4 28673s
 2899617 875050 2016.75915   57  197 2034.29473 1964.22055  3.44%  40.4 28681s
 2900100 875137 1966.77508   70  195 2034.29473 1964.22618  3.44%  40.4 28694s
 2900540 875225 1965.32132   56  250 2034.29473 1964.22902  3.44%  40.4 28705s
 2900939 875238     cutoff   64      2034.29473 1964.23533  3.44%  40.4 28710s
 2901033 875367 infeasible   54      2034.29473 1964.23773  3.44%  40.4 28722s
 2901598 875415 2014.56627   98   51 2034.29473 1964.24263  3.44%  40.4 28728s
 2901816 875534 infeasible   68      2034.29473 1964.24519  3.44%  40.4 28739s
 2902460 875525 1964.61831   50   28 2034.29473 1964.25648  3.44%  40.4 28746s
 2902620 875643 infeasible   76      2034.29473 1964.25796  3.44%  40.4 28756s
 2903052 875657 1974.22857   93  179 2034.29473 1964.26318  3.44%  40.4 28761s
 2903123 875854     cutoff   99      2034.29473 1964.26420  3.44%  40.4 28775s
 2903765 875913 infeasible   48      2034.29473 1964.26992  3.44%  40.4 28783s
 2904261 875915 infeasible   74      2034.29473 1964.27540  3.44%  40.4 28788s
 2904324 875999 infeasible   59      2034.29473 1964.27556  3.44%  40.4 28800s
 2904799 876011 infeasible   79      2034.29473 1964.28080  3.44%  40.4 28805s
 2904908 876136 2028.03059   82  154 2034.29473 1964.28089  3.44%  40.4 28820s
 2905469 876223     cutoff   84      2034.29473 1964.28743  3.44%  40.4 28832s
 2906004 876193     cutoff   98      2034.29473 1964.29468  3.44%  40.4 28836s
 2906085 876317 2009.31651   46  199 2034.29473 1964.29807  3.44%  40.4 28844s
 2906577 876320 1987.32197   63  123 2034.29473 1964.30074  3.44%  40.4 28848s
 2906636 876462 2023.67181   64   95 2034.29473 1964.30074  3.44%  40.4 28861s
 2907178 876512 infeasible   78      2034.29473 1964.30893  3.44%  40.4 28870s
 2907516 876551 infeasible   59      2034.29473 1964.31277  3.44%  40.4 28906s
 2907687 876968 2023.08408   65   55 2034.29473 1964.31299  3.44%  40.4 28942s
 2909317 876964     cutoff   69      2034.29473 1964.33723  3.44%  40.4 28949s
 2909395 876991 1998.42915   84  124 2034.29473 1964.34146  3.44%  40.4 28954s
 2909554 877018 1999.27690   72  203 2034.29473 1964.34440  3.44%  40.4 28973s
 2909663 877119 infeasible   67      2034.29473 1964.34440  3.44%  40.4 28987s
 2910134 877137 infeasible   80      2034.29473 1964.34745  3.44%  40.4 28993s
 2910273 877243 2000.24776   62  138 2034.29473 1964.34962  3.44%  40.4 29006s
 2910906 877428 infeasible   56      2034.29473 1964.36216  3.44%  40.4 29021s
 2911653 877426     cutoff   74      2034.29473 1964.37083  3.44%  40.4 29025s
 2911743 877575 2006.42670   67  109 2034.29473 1964.37452  3.44%  40.4 29034s
 2912326 877613 2014.59709   69  247 2034.29473 1964.37963  3.44%  40.4 29037s
 2912483 877791 infeasible   73      2034.29473 1964.38108  3.44%  40.4 29049s
 2913192 877779 1983.47534   60    3 2034.29473 1964.38970  3.44%  40.4 29052s
 2913241 877951 2014.32419   74  171 2034.29473 1964.39062  3.44%  40.4 29067s
 2913820 878006 infeasible   53      2034.29473 1964.39670  3.44%  40.4 29074s
 2914016 878131 2024.82096   70   49 2034.29473 1964.40140  3.44%  40.4 29086s
 2914507 878150 infeasible   71      2034.29473 1964.40411  3.44%  40.4 29095s
 2914659 878283 1964.78329   48  238 2034.29473 1964.40567  3.44%  40.4 29108s
 2915143 878423     cutoff   64      2034.29473 1964.40884  3.44%  40.4 29119s
 2915728 878438     cutoff   62      2034.29473 1964.41763  3.43%  40.4 29123s
 2915847 878536 2025.67715   66   11 2034.29473 1964.41824  3.43%  40.4 29132s
 2916405 878592 infeasible   77      2034.29473 1964.42362  3.43%  40.4 29139s
 2916708 878606 infeasible   57      2034.29473 1964.42847  3.43%  40.4 29143s
 2916844 878766 infeasible   58      2034.29473 1964.42975  3.43%  40.4 29152s
 2917465 878910 1978.53504   58    4 2034.29473 1964.43900  3.43%  40.4 29164s
 2918108 878957 1966.27002   74  230 2034.29473 1964.44504  3.43%  40.4 29196s
 2918430 879135 2010.22638   77   51 2034.29473 1964.45335  3.43%  40.4 29208s
 2919368 879143     cutoff   81      2034.29473 1964.46133  3.43%  40.4 29212s
 2919448 879283 2026.68802   59  152 2034.29473 1964.46272  3.43%  40.4 29224s
 2919990 879324 1975.72553   74  210 2034.29473 1964.46775  3.43%  40.4 29232s
 2920205 879394 2025.84874   85  196 2034.29473 1964.47405  3.43%  40.4 29247s
 2920756 879395     cutoff   62      2034.29473 1964.48223  3.43%  40.4 29252s
 2920833 879546 infeasible   71      2034.29473 1964.48662  3.43%  40.4 29267s
 2921470 879652 1965.58372   63  220 2034.29473 1964.49135  3.43%  40.4 29276s
 2921911 879667     cutoff   79      2034.29473 1964.49483  3.43%  40.4 29280s
 2921994 879878 2001.44693   71  177 2034.29473 1964.49603  3.43%  40.4 29295s
 2922682 880039     cutoff   96      2034.29473 1964.50493  3.43%  40.3 29307s
 2923283 880046 infeasible   65      2034.29473 1964.51034  3.43%  40.3 29314s
 2923338 880046 2032.28225   63   36 2034.29473 1964.51098  3.43%  40.3 29315s
 2923388 880221 1973.72859   71  125 2034.29473 1964.51303  3.43%  40.3 29331s
 2923953 880318     cutoff   73      2034.29473 1964.51944  3.43%  40.3 29342s
 2924459 880337 infeasible   57      2034.29473 1964.52729  3.43%  40.3 29346s
 2924569 880490 2021.40503   96  232 2034.29473 1964.52868  3.43%  40.3 29360s
 2925179 880601 infeasible   81      2034.29473 1964.53559  3.43%  40.3 29370s
 2925833 880761     cutoff   75      2034.29473 1964.54120  3.43%  40.3 29389s
 2926367 881006 2031.79693   70  320 2034.29473 1964.54433  3.43%  40.3 29402s
 2926993 881000 infeasible   59      2034.29473 1964.55159  3.43%  40.3 29406s
 2927058 881134 infeasible   73      2034.29473 1964.55358  3.43%  40.3 29416s
 2927541 881195 infeasible   87      2034.29473 1964.55725  3.43%  40.3 29427s
 2927817 881231     cutoff   56      2034.29473 1964.56006  3.43%  40.3 29433s
 2928009 881365 infeasible   46      2034.29473 1964.56110  3.43%  40.3 29443s
 2928578 881402 2025.52340   83  224 2034.29473 1964.56844  3.43%  40.3 29489s
 2928719 881669     cutoff   89      2034.29473 1964.56923  3.43%  40.3 29532s
 2930481 881679 1966.43612   52    4 2034.29473 1964.59566  3.43%  40.3 29537s
 2930563 881856 1966.58903   42   28 2034.29473 1964.59655  3.43%  40.3 29556s
 2931300 882100 2024.92910   70   95 2034.29473 1964.60513  3.43%  40.3 29572s
 2931970 882201 2030.98777   84   96 2034.29473 1964.61001  3.43%  40.3 29583s
 2932385 882230 2018.17863   67  199 2034.29473 1964.61197  3.43%  40.3 29587s
 2932489 882394 2015.48892   68  193 2034.29473 1964.61197  3.43%  40.3 29603s
 2933121 882613 infeasible   71      2034.29473 1964.62375  3.42%  40.3 29613s
 2933708 882681 2031.39203   53   39 2034.29473 1964.62736  3.42%  40.3 29615s
 2933833 882810 2031.98998   56   37 2034.29473 1964.62889  3.42%  40.3 29621s
 2934622 882949 2002.15189   64   68 2034.29473 1964.63493  3.42%  40.3 29633s
 2935169 882949 1985.24071   78  113 2034.29473 1964.64057  3.42%  40.3 29635s
 2935221 883144 1968.19447   94  144 2034.29473 1964.64216  3.42%  40.3 29646s
 2935835 883204 2020.00954   85  232 2034.29473 1964.64903  3.42%  40.3 29654s
 2936125 883285 2010.54461   56  139 2034.29473 1964.65258  3.42%  40.3 29662s
 2936454 883356 2022.97210   59   47 2034.29473 1964.65443  3.42%  40.3 29671s
 2936851 883397 2022.07764   71   89 2034.29473 1964.66172  3.42%  40.3 29676s
 2937062 883549 1964.89316   59  181 2034.29473 1964.66172  3.42%  40.3 29686s
 2937801 883731     cutoff   76      2034.29473 1964.67158  3.42%  40.3 29701s
 2938372 883883 2012.19774   87   69 2034.29473 1964.67595  3.42%  40.3 29710s
 2938956 883973 1995.18064   66  174 2034.29473 1964.68229  3.42%  40.3 29746s
 2939255 884297 2005.58166   73   79 2034.29473 1964.68370  3.42%  40.3 29770s
 2940429 884362 1993.82864   57  152 2034.29473 1964.69078  3.42%  40.3 29777s
 2940717 884450 2032.83471   53   51 2034.29473 1964.69662  3.42%  40.3 29788s
 2941000 884452 1970.22969   47  207 2034.29473 1964.70012  3.42%  40.3 29801s
 2941006 884448 infeasible   46      2034.29473 1964.70012  3.42%  40.3 29807s
 2941024 884454 infeasible   52      2034.29473 1964.70012  3.42%  40.3 29814s
 2941095 884568 infeasible   71      2034.29473 1964.70075  3.42%  40.3 29827s
 2941642 884658 1964.76375   48   24 2034.29473 1964.70485  3.42%  40.3 29835s
 2942067 884681 infeasible   75      2034.29473 1964.71225  3.42%  40.3 29844s
 2942255 884769     cutoff   79      2034.29473 1964.71757  3.42%  40.3 29857s
 2942823 884791 infeasible   90      2034.29473 1964.72286  3.42%  40.3 29862s
 2942941 885006 2017.77065   53    4 2034.29473 1964.72453  3.42%  40.3 29876s
 2943635 885234 2023.62774   56   32 2034.29473 1964.73066  3.42%  40.3 29886s
 2944261 885374 2017.63002   63   67 2034.29473 1964.73489  3.42%  40.3 29895s
 2944584 885534 2029.58324   55  180 2034.29473 1964.73553  3.42%  40.3 29912s
 2945184 885762 1965.46581   92  233 2034.29473 1964.73834  3.42%  40.3 29928s
 2945829 885774 2030.29482   64   11 2034.29473 1964.74132  3.42%  40.3 29932s
 2945907 885921 1972.19094   67  190 2034.29473 1964.74257  3.42%  40.3 29943s
 2946514 886070 infeasible   48      2034.29473 1964.75109  3.42%  40.3 29957s
 2947064 886061     cutoff   68      2034.29473 1964.75528  3.42%  40.3 29960s
 2947111 886110 infeasible   44      2034.29473 1964.75642  3.42%  40.3 29974s
 2947621 886145 infeasible   79      2034.29473 1964.76280  3.42%  40.3 29980s
 2947774 886244 2028.37019  106  109 2034.29473 1964.76313  3.42%  40.3 29991s
 2948316 886240 infeasible   77      2034.29473 1964.76513  3.42%  40.3 29996s
 2948410 886327 2023.31682   78   66 2034.29473 1964.76768  3.42%  40.3 30009s
 2948932 886376 infeasible   63      2034.29473 1964.77402  3.42%  40.3 30019s
 2949211 886402 2025.37014   62   90 2034.29473 1964.77930  3.42%  40.3 30055s
 2949542 886466 2025.05223   75    3 2034.29473 1964.78444  3.42%  40.3 30070s
 2950099 886514 2021.03176   60    4 2034.29473 1964.78892  3.42%  40.3 30082s
 2950463 886685 infeasible   50      2034.29473 1964.79455  3.42%  40.3 30097s
 2951238 886693 infeasible   60      2034.29473 1964.80009  3.42%  40.3 30101s
 2951309 886811 infeasible   75      2034.29473 1964.80160  3.42%  40.3 30121s
 2951919 887004 1975.25039   53  200 2034.29473 1964.80721  3.42%  40.3 30137s
 2952600 887032 1965.23688   83  252 2034.29473 1964.81400  3.42%  40.3 30142s
 2952659 887178 infeasible   87      2034.29473 1964.81464  3.42%  40.3 30157s
 2953298 887173 2020.06211   90  118 2034.29473 1964.81921  3.42%  40.3 30162s
 2953417 887324 2022.40237   68  189 2034.29473 1964.82162  3.42%  40.3 30169s
 2954017 887400 2004.02885   63   89 2034.29473 1964.83090  3.41%  40.3 30175s
 2954227 887542 2004.16011   69  177 2034.29473 1964.83169  3.41%  40.3 30190s
 2954822 887650 1965.53697   53  191 2034.29473 1964.83463  3.41%  40.3 30207s
 2955321 887672 2022.22744   64   29 2034.29473 1964.84204  3.41%  40.3 30212s
 2955438 887770 1966.59105   53  147 2034.29473 1964.84211  3.41%  40.3 30222s
 2955956 887780     cutoff  105      2034.29473 1964.84596  3.41%  40.3 30226s
 2956090 887959 1975.45034   42  226 2034.29473 1964.85031  3.41%  40.3 30236s
 2956602 887977 infeasible   68      2034.29473 1964.85321  3.41%  40.3 30241s
 2956690 888085 2011.83345   64  104 2034.29473 1964.85578  3.41%  40.3 30254s
 2957246 888275 2020.81183   69   64 2034.29473 1964.86475  3.41%  40.3 30268s
 2957812 888283 infeasible   54      2034.29473 1964.87281  3.41%  40.3 30274s
 2957897 888415 2028.68046   53  134 2034.29473 1964.87427  3.41%  40.3 30288s
 2958478 888652     cutoff   78      2034.29473 1964.87911  3.41%  40.3 30301s
 2959241 888660     cutoff   75      2034.29473 1964.88584  3.41%  40.3 30308s
 2959327 888812 2000.20705   85  190 2034.29473 1964.89015  3.41%  40.3 30322s
 2959935 888874 2006.88527   69   24 2034.29473 1964.89425  3.41%  40.3 30367s
 2960287 888998 infeasible   51      2034.29473 1964.89872  3.41%  40.3 30377s
 2960739 889195 2027.90179   59  204 2034.29473 1964.90103  3.41%  40.3 30399s
 2961420 889187 2021.43405   51  133 2034.29473 1964.91094  3.41%  40.3 30406s
 2961498 889353 2029.55292   62  176 2034.29473 1964.91259  3.41%  40.3 30420s
 2962299 889419     cutoff   70      2034.29473 1964.92007  3.41%  40.3 30426s
 2962580 889542 1964.94670   45    4 2034.29473 1964.92263  3.41%  40.3 30439s
 2963267 889587 2021.13750   76   11 2034.29473 1964.92751  3.41%  40.3 30443s
 2963369 889708 2026.06869   55    3 2034.29473 1964.92751  3.41%  40.3 30461s
 2963961 889779 2017.17237   73  206 2034.29473 1964.93415  3.41%  40.3 30475s
 2964626 889939 2002.82396   78  218 2034.29473 1964.94887  3.41%  40.3 30492s
 2965236 890033 infeasible   71      2034.29473 1964.95484  3.41%  40.3 30502s
 2965696 890067 infeasible   64      2034.29473 1964.96086  3.41%  40.3 30509s
 2965878 890307 2021.75765   61   54 2034.29473 1964.96118  3.41%  40.3 30525s
 2966568 890383     cutoff  119      2034.29473 1964.96864  3.41%  40.3 30541s
 2966983 890444 infeasible   77      2034.29473 1964.97136  3.41%  40.3 30549s
 2967216 890635 1977.71469   68  193 2034.29473 1964.97206  3.41%  40.3 30565s
 2967874 890645 infeasible   79      2034.29473 1964.97976  3.41%  40.3 30570s
 2967927 890845 2028.44291   86   96 2034.29473 1964.98014  3.41%  40.3 30587s
 2968504 891067 2004.02829  114   61 2034.29473 1964.98562  3.41%  40.3 30599s
 2968954 891091 infeasible   50      2034.29473 1964.98654  3.41%  40.3 30604s
 2969072 891204 infeasible   73      2034.29473 1964.98654  3.41%  40.3 30615s
 2969693 891381 1998.29887   70  121 2034.29473 1964.99366  3.41%  40.3 30630s
 2970330 891402 2019.03055   79  126 2034.29473 1964.99973  3.41%  40.3 30664s
 2970450 892169     cutoff   73      2034.29473 1965.00118  3.41%  40.3 30725s
 2973583 892206 2010.83756   60   68 2034.29473 1965.02232  3.41%  40.3 30731s
 2973635 892302 1996.73968   87  152 2034.29473 1965.02232  3.41%  40.3 30739s
 2974071 892366 2026.44396   60   67 2034.29473 1965.02849  3.40%  40.3 30744s
 2974356 892440 1966.45657   69  189 2034.29473 1965.03385  3.40%  40.3 30748s
 2974707 892448 infeasible   52      2034.29473 1965.03687  3.40%  40.3 30751s
 2974776 892541 2002.79550   74  164 2034.29473 1965.03750  3.40%  40.3 30760s
 2975273 892604 1965.05942   54  199 2034.29473 1965.04149  3.40%  40.3 30767s
 2975665 892660 1998.68048   58  128 2034.29473 1965.04417  3.40%  40.3 30770s
 2975835 892859 2022.20685   65   50 2034.29473 1965.04608  3.40%  40.3 30777s
 2976448 892861 1965.07259   51   71 2034.29473 1965.04968  3.40%  40.3 30780s
 2976536 893013 1972.71832   76  162 2034.29473 1965.05206  3.40%  40.3 30786s
 2977052 893197 1978.13529   82  180 2034.29473 1965.05890  3.40%  40.3 30799s
 2977617 893344 2017.51967   56   56 2034.29473 1965.06418  3.40%  40.2 30810s
 2978258 893539 2018.77922   46  210 2034.29473 1965.07218  3.40%  40.2 30824s
 2978820 893587 1972.28675   53  131 2034.29473 1965.07529  3.40%  40.2 30834s
 2979165 893641 infeasible   68      2034.29473 1965.07780  3.40%  40.2 30843s
 2979402 893722     cutoff   73      2034.29473 1965.07989  3.40%  40.2 30853s
 2979806 893827 1998.20326   79   68 2034.29473 1965.08613  3.40%  40.2 30868s
 2980345 893843 1965.35541   65   19 2034.29473 1965.09060  3.40%  40.2 30872s
 2980441 893913 infeasible   81      2034.29473 1965.09273  3.40%  40.2 30885s
 2980920 894069     cutoff   87      2034.29473 1965.09906  3.40%  40.2 30931s
 2981554 894047 2014.32910   60   66 2034.29473 1965.10582  3.40%  40.2 30936s
 2981620 894047 2002.93311   67  124 2034.29473 1965.11014  3.40%  40.2 30950s
 2981628 894051 2002.93311   68  123 2034.29473 1965.11014  3.40%  40.2 30957s
 2981632 894048 2002.93311   69  123 2034.29473 1965.11014  3.40%  40.2 30963s
 2981713 894061 infeasible   47      2034.29473 1965.11065  3.40%  40.2 30967s
 2981785 894272 2021.83219   61  142 2034.29473 1965.11143  3.40%  40.2 30988s
 2982627 894295 infeasible   49      2034.29473 1965.11999  3.40%  40.2 30995s
 2982756 894472 2031.59740   81  145 2034.29473 1965.12315  3.40%  40.2 31012s
 2983469 894565     cutoff   67      2034.29473 1965.13396  3.40%  40.2 31021s
 2983804 894639     cutoff   72      2034.29473 1965.13596  3.40%  40.2 31033s
 2984248 894666 2026.56017   69   41 2034.29473 1965.14277  3.40%  40.2 31044s
 2984533 894802     cutoff   75      2034.29473 1965.14769  3.40%  40.2 31066s
 2985206 894821 1967.09913   65  230 2034.29473 1965.15117  3.40%  40.2 31071s
 2985335 895022 2025.11146   84   84 2034.29473 1965.15285  3.40%  40.2 31085s
 2985927 895118 2031.94919   94  173 2034.29473 1965.15905  3.40%  40.2 31097s
 2986279 895150 2018.48748   66    4 2034.29473 1965.16267  3.40%  40.2 31104s
 2986483 895296     cutoff   48      2034.29473 1965.16357  3.40%  40.2 31122s
 2987153 895317     cutoff   50      2034.29473 1965.16989  3.40%  40.2 31132s
 2987430 895321 2019.11991   45   91 2034.29473 1965.17208  3.40%  40.2 31138s
 2987634 895419     cutoff   66      2034.29473 1965.17767  3.40%  40.2 31154s
 2988297 895461 infeasible   78      2034.29473 1965.18533  3.40%  40.2 31162s
 2988511 895622 1973.33477   76  160 2034.29473 1965.18796  3.40%  40.2 31183s
 2989159 895608 2002.69175   82  202 2034.29473 1965.19465  3.40%  40.2 31194s
 2989222 895705 2025.37689   79  164 2034.29473 1965.19591  3.40%  40.2 31208s
 2989843 895741 infeasible   53      2034.29473 1965.20483  3.40%  40.2 31215s
 2990056 895882 2024.01914   71  146 2034.29473 1965.20949  3.40%  40.2 31232s
 2990716 895924     cutoff   69      2034.29473 1965.21489  3.40%  40.2 31239s
 2990928 896057 infeasible   59      2034.29473 1965.21905  3.40%  40.2 31256s
 2991503 896064     cutoff   49      2034.29473 1965.22611  3.40%  40.2 31291s
 2991603 896631 infeasible   80      2034.29473 1965.22819  3.40%  40.2 31371s
 2994722 896647 1965.55588   72  178 2034.29473 1965.25777  3.39%  40.2 31376s
 2994786 896686 2019.40003   74  167 2034.29473 1965.25797  3.39%  40.2 31381s
 2994863 896685     cutoff   50      2034.29473 1965.25797  3.39%  40.2 31389s
 2995035 896786 2026.37284   86   70 2034.29473 1965.26035  3.39%  40.2 31403s
 2995576 896787 infeasible   73      2034.29473 1965.26726  3.39%  40.2 31407s
 2995640 896897 2025.65213   55    5 2034.29473 1965.26740  3.39%  40.2 31420s
 2996079 896958 2003.54492   68  188 2034.29473 1965.27251  3.39%  40.2 31427s
 2996261 897141 1965.65955   60  199 2034.29473 1965.27320  3.39%  40.2 31441s
 2996845 897141 infeasible   73      2034.29473 1965.28016  3.39%  40.2 31445s
 2996910 897217 infeasible   82      2034.29473 1965.28048  3.39%  40.2 31461s
 2997403 897327 2010.66760   60  100 2034.29473 1965.28246  3.39%  40.2 31472s
 2997831 897341 2009.62660   61  149 2034.29473 1965.28801  3.39%  40.2 31477s
 2997902 897431 2028.21308   54  223 2034.29473 1965.28811  3.39%  40.2 31491s
 2998414 897580 infeasible   72      2034.29473 1965.29393  3.39%  40.2 31504s
 2998944 897597 2025.58351   67    4 2034.29473 1965.29917  3.39%  40.2 31511s
 2999072 897730 infeasible   56      2034.29473 1965.29967  3.39%  40.2 31525s
 2999664 897849 1965.73883   74  249 2034.29473 1965.30476  3.39%  40.2 31537s
 3000157 897828 infeasible   46      2034.29473 1965.30809  3.39%  40.2 31540s
 3000248 898001 1969.27259   81  216 2034.29473 1965.30949  3.39%  40.2 31555s
 3000812 898081 1999.26559   73   94 2034.29473 1965.31546  3.39%  40.2 31566s
 3001111 898098 1972.10200   46  107 2034.29473 1965.31877  3.39%  40.2 31572s
 3001213 898222 1965.53714   69  229 2034.29473 1965.31964  3.39%  40.2 31589s
 3001656 898250 infeasible   67      2034.29473 1965.32337  3.39%  40.2 31596s
 3001810 898364 infeasible   71      2034.29473 1965.32574  3.39%  40.2 31649s
 3002533 898397 1968.43489   56   45 2034.29473 1965.33650  3.39%  40.2 31654s
 3002592 898593 2018.09236   67  136 2034.29473 1965.33650  3.39%  40.2 31670s
 3003109 898705 2016.87265   75  261 2034.29473 1965.34112  3.39%  40.2 31682s
 3003616 898716     cutoff   69      2034.29473 1965.34335  3.39%  40.2 31687s
 3003684 898768 2027.09380   66   97 2034.29473 1965.34355  3.39%  40.2 31699s
 3004140 898771 1971.29587   74  181 2034.29473 1965.35381  3.39%  40.2 31704s
 3004210 898877 1966.70326   73  194 2034.29473 1965.35488  3.39%  40.2 31717s
 3004716 898966 infeasible   79      2034.29473 1965.35848  3.39%  40.2 31728s
 3005138 899009 2018.65560   61   10 2034.29473 1965.36682  3.39%  40.2 31736s
 3005354 899067 infeasible   68      2034.29473 1965.36776  3.39%  40.2 31747s
 3005792 899172 infeasible   62      2034.29473 1965.37096  3.39%  40.2 31762s
 3006285 899171     cutoff   74      2034.29473 1965.37754  3.39%  40.2 31767s
 3006342 899236 1969.42477   77  210 2034.29473 1965.37890  3.39%  40.2 31781s
 3006815 899265 1965.58419   71  233 2034.29473 1965.38496  3.39%  40.2 31792s
 3007224 899287 2018.98519   66   59 2034.29473 1965.39228  3.39%  40.2 31800s
 3007393 899384 2019.98563   69    5 2034.29473 1965.39671  3.39%  40.2 31817s
 3007917 899445 1996.39229   67  170 2034.29473 1965.40233  3.39%  40.2 31826s
 3008185 899538 1997.15677   47  144 2034.29473 1965.40660  3.39%  40.2 31838s
 3008553 899646 2021.46625   53   70 2034.29473 1965.40881  3.39%  40.2 31846s
 3008805 899804 2020.94589   65    8 2034.29473 1965.40913  3.39%  40.2 31860s
 3009388 899801 infeasible   43      2034.29473 1965.41416  3.39%  40.2 31866s
 3009461 899925 2022.09898   62   38 2034.29473 1965.41430  3.39%  40.2 31880s
 3009995 899957 2001.84751   86  144 2034.29473 1965.42075  3.39%  40.2 31888s
 3010201 900112 2000.68647   66  112 2034.29473 1965.42270  3.39%  40.2 31902s
 3010859 900128 infeasible   79      2034.29473 1965.42583  3.39%  40.2 31905s
 3010956 900261 2003.04226   75  197 2034.29473 1965.42712  3.39%  40.2 31917s
 3011548 900383 infeasible   60      2034.29473 1965.42948  3.39%  40.2 31930s
 3012205 900444 1966.83176   70  253 2034.29473 1965.43897  3.38%  40.2 31963s
 3012414 900731 1980.90114   61  103 2034.29473 1965.43934  3.38%  40.2 32000s
 3013873 900745 2018.08146   71   23 2034.29473 1965.45237  3.38%  40.2 32006s
 3013952 900857 1992.81361   85  182 2034.29473 1965.45368  3.38%  40.2 32018s
 3014571 900870 infeasible   73      2034.29473 1965.45840  3.38%  40.2 32023s
 3014680 900978 2019.80345   49   15 2034.29473 1965.45840  3.38%  40.2 32036s
 3015220 901052 1965.46749   46   32 2034.29473 1965.46749  3.38%  40.2 32050s
 3015726 901101 infeasible   87      2034.29473 1965.47381  3.38%  40.2 32066s
 3016231 901147 1991.37615   81  227 2034.29473 1965.48347  3.38%  40.2 32076s
 3016536 901184 2024.18220   77  137 2034.29473 1965.48484  3.38%  40.2 32083s
 3016655 901269     cutoff   76      2034.29473 1965.48678  3.38%  40.2 32100s
 3017200 901267 1988.47571   75  193 2034.29473 1965.49297  3.38%  40.2 32106s
 3017296 901374 2020.63562   91  234 2034.29473 1965.49759  3.38%  40.2 32118s
 3017847 901361 infeasible   74      2034.29473 1965.50237  3.38%  40.2 32123s
 3017944 901426 2032.82565   65  161 2034.29473 1965.50644  3.38%  40.2 32140s
 3018423 901492     cutoff   69      2034.29473 1965.51078  3.38%  40.2 32148s
 3018650 901548 infeasible   65      2034.29473 1965.51583  3.38%  40.2 32162s
 3019173 901553 2025.96911   71   91 2034.29473 1965.52061  3.38%  40.2 32166s
 3019224 901638 2027.21366   75   11 2034.29473 1965.52154  3.38%  40.2 32182s
 3019822 901763 2033.78045   70   78 2034.29473 1965.52991  3.38%  40.2 32196s
 3020444 901784 infeasible   77      2034.29473 1965.53855  3.38%  40.2 32200s
 3020513 901980 2001.75812   67  133 2034.29473 1965.53951  3.38%  40.2 32218s
 3021067 902129 2018.33795   87   31 2034.29473 1965.54226  3.38%  40.2 32232s
 3021600 902174 infeasible   38      2034.29473 1965.54690  3.38%  40.2 32239s
 3021748 902348 2018.31928   75  219 2034.29473 1965.54767  3.38%  40.2 32256s
 3022358 902408 infeasible   82      2034.29473 1965.55454  3.38%  40.2 32263s
 3022537 902576 2019.54689   69   37 2034.29473 1965.55628  3.38%  40.2 32318s
 3023193 902632 infeasible   79      2034.29473 1965.55847  3.38%  40.2 32326s
 3023616 902764 2029.82194   61   80 2034.29473 1965.56626  3.38%  40.2 32339s
 3024188 902764 1966.43752   89  108 2034.29473 1965.56907  3.38%  40.2 32343s
 3024241 902888 1998.39141   91  103 2034.29473 1965.57325  3.38%  40.2 32352s
 3024830 902926 1976.00975   58    4 2034.29473 1965.58242  3.38%  40.2 32358s
 3025024 903073 2030.43627   63   82 2034.29473 1965.58367  3.38%  40.2 32370s
 3025742 903211 2031.87771   76  187 2034.29473 1965.58878  3.38%  40.2 32382s
 3026228 903323 1998.03120   58  115 2034.29473 1965.59117  3.38%  40.2 32392s
 3026782 903337 1971.25649   62  143 2034.29473 1965.60145  3.38%  40.2 32395s
 3026843 903502     cutoff   67      2034.29473 1965.60145  3.38%  40.2 32403s
 3027351 903521     cutoff   50      2034.29473 1965.60685  3.38%  40.2 32407s
 3027478 903686 1967.68622   70  201 2034.29473 1965.60799  3.38%  40.2 32416s
 3027972 903760 1987.71281   72  158 2034.29473 1965.61201  3.38%  40.2 32424s
 3028298 903797 1991.36483   41   28 2034.29473 1965.61568  3.38%  40.2 32433s
 3028643 903797 2029.92983   60  196 2034.29473 1965.61919  3.38%  40.2 32439s
 3028824 903936 infeasible   80      2034.29473 1965.61987  3.38%  40.2 32456s
 3029329 904007 2030.15500   74  216 2034.29473 1965.62809  3.38%  40.2 32465s
 3029574 904154 2005.55248   50    2 2034.29473 1965.63393  3.38%  40.2 32476s
 3030048 904188 infeasible   62      2034.29473 1965.64012  3.37%  40.2 32484s
 3030189 904343 2030.50706   62  165 2034.29473 1965.64012  3.37%  40.2 32496s
 3030867 904386 infeasible   69      2034.29473 1965.64934  3.37%  40.2 32505s
 3031262 904462     cutoff   45      2034.29473 1965.65459  3.37%  40.2 32512s
 3031535 904617 2013.62567   77   22 2034.29473 1965.65510  3.37%  40.2 32525s
 3032188 904643 1969.40710   69  253 2034.29473 1965.65892  3.37%  40.2 32530s
 3032302 904722 1984.27460   75  226 2034.29473 1965.65892  3.37%  40.2 32543s
 3032846 904887     cutoff   43      2034.29473 1965.66903  3.37%  40.2 32587s
 3033563 904890 2003.09343   72  203 2034.29473 1965.67831  3.37%  40.2 32591s
 3033584 905051 2003.40218   75  203 2034.29473 1965.67831  3.37%  40.2 32608s
 3034054 905156 2022.89137  105  300 2034.29473 1965.68409  3.37%  40.2 32621s
 3034578 905161 1967.60553   47  153 2034.29473 1965.68864  3.37%  40.2 32629s
 3034617 905282 1967.78919   48  196 2034.29473 1965.68864  3.37%  40.2 32640s
 3035034 905296 2000.28376   78  116 2034.29473 1965.69411  3.37%  40.2 32646s
 3035129 905433 2000.57276   79  189 2034.29473 1965.69433  3.37%  40.2 32657s
 3035686 905468     cutoff  114      2034.29473 1965.70124  3.37%  40.2 32663s
 3035808 905598     cutoff   74      2034.29473 1965.70292  3.37%  40.2 32675s
 3036372 905698 2020.49435   60   91 2034.29473 1965.70814  3.37%  40.2 32691s
 3036769 905866 2018.78667   44  188 2034.29473 1965.71170  3.37%  40.2 32702s
 3037363 905877     cutoff   87      2034.29473 1965.71434  3.37%  40.2 32705s
 3037455 905952 1987.31713   58  149 2034.29473 1965.71598  3.37%  40.2 32717s
 3037944 906061 2028.97882   66  151 2034.29473 1965.72553  3.37%  40.2 32730s
 3038540 906263 2026.25482   57   40 2034.29473 1965.73207  3.37%  40.2 32747s
 3039115 906461 2030.55109   79  175 2034.29473 1965.73999  3.37%  40.2 32759s
 3039718 906490 infeasible   91      2034.29473 1965.74310  3.37%  40.2 32764s
 3039823 906672 2019.76617   61    9 2034.29473 1965.74484  3.37%  40.2 32779s
 3040377 906768 infeasible   62      2034.29473 1965.74830  3.37%  40.2 32792s
 3040861 906796     cutoff   64      2034.29473 1965.75427  3.37%  40.2 32796s
 3040964 906993 2022.69473   65   71 2034.29473 1965.75600  3.37%  40.2 32811s
 3041587 907068 infeasible   67      2034.29473 1965.75954  3.37%  40.2 32822s
 3042137 907072 2030.70700   59  120 2034.29473 1965.76568  3.37%  40.2 32826s
 3042231 907279     cutoff   66      2034.29473 1965.76608  3.37%  40.2 32839s
 3042814 907369 2020.47667   92   43 2034.29473 1965.77273  3.37%  40.2 32851s
 3043213 907371 infeasible   48      2034.29473 1965.78001  3.37%  40.2 32901s
 3043374 907761 infeasible   81      2034.29473 1965.78458  3.37%  40.2 32944s
 3045180 907774 infeasible   53      2034.29473 1965.80149  3.37%  40.2 32950s
 3045195 907793 1966.32229   45  111 2034.29473 1965.80149  3.37%  40.2 32960s
 3045282 907882 1982.63378   57   82 2034.29473 1965.80214  3.37%  40.2 32973s
 3045703 907889     cutoff   84      2034.29473 1965.80316  3.37%  40.2 32979s
 3045734 908019 2021.45058   86  207 2034.29473 1965.80352  3.37%  40.2 32996s
 3046311 908241 2024.31157   64  134 2034.29473 1965.81190  3.37%  40.2 33006s
 3047020 908241     cutoff   48      2034.29473 1965.81555  3.37%  40.2 33011s
 3047081 908428 infeasible   54      2034.29473 1965.81747  3.37%  40.2 33021s
 3047591 908477 2017.25950   84  157 2034.29473 1965.82593  3.37%  40.2 33030s
 3047920 908564     cutoff   63      2034.29473 1965.82914  3.37%  40.1 33044s
 3048484 908542 infeasible   66      2034.29473 1965.83466  3.37%  40.1 33049s
 3048542 908633 1999.50440   53  143 2034.29473 1965.83923  3.37%  40.1 33060s
 3049053 908642 infeasible   78      2034.29473 1965.84581  3.36%  40.1 33068s
 3049262 908684 1994.78196   46   66 2034.29473 1965.84945  3.36%  40.1 33081s
 3049802 908693 1990.16941   79  197 2034.29473 1965.85968  3.36%  40.1 33088s
 3049904 908761 2019.19102   77    4 2034.29473 1965.86181  3.36%  40.1 33102s
 3050393 908792 1992.33291   88   65 2034.29473 1965.86711  3.36%  40.1 33109s
 3050623 908859 2008.17945   77  162 2034.29473 1965.87031  3.36%  40.1 33120s
 3051280 909046 infeasible   68      2034.29473 1965.87801  3.36%  40.1 33135s
 3051952 909111 1966.82924   55  223 2034.29473 1965.88584  3.36%  40.1 33144s
 3052272 909182 1971.86255   51  200 2034.29473 1965.89074  3.36%  40.1 33152s
 3052598 909217 1968.31945   74  113 2034.29473 1965.89391  3.36%  40.1 33159s
 3052958 909235     cutoff   55      2034.29473 1965.89814  3.36%  40.1 33165s
 3053166 909316 2024.29659   80  187 2034.29473 1965.90171  3.36%  40.1 33174s
 3053535 909518 1993.91654   60  121 2034.29473 1965.90375  3.36%  40.1 33227s
 3054357 909517 2023.66793   60  225 2034.29473 1965.91409  3.36%  40.1 33231s
 3054408 909580 2023.66850   63  152 2034.29473 1965.91497  3.36%  40.1 33240s
 3054905 909730 2014.72511   58   91 2034.29473 1965.92360  3.36%  40.1 33254s
 3055460 909738 2026.50158   89   22 2034.29473 1965.93027  3.36%  40.1 33260s
 3055521 909835 1975.36281   46   12 2034.29473 1965.93096  3.36%  40.1 33271s
 3056002 909876 infeasible   63      2034.29473 1965.93499  3.36%  40.1 33277s
 3056156 909952 2007.00967   49  141 2034.29473 1965.93561  3.36%  40.1 33289s
 3056695 909971 infeasible   79      2034.29473 1965.94072  3.36%  40.1 33294s
 3056780 910187 2016.63522   68   40 2034.29473 1965.94268  3.36%  40.1 33306s
 3057350 910223     cutoff  119      2034.29473 1965.94724  3.36%  40.1 33315s
 3057588 910285     cutoff   87      2034.29473 1965.95055  3.36%  40.1 33327s
 3058000 910290 2020.31657   80  115 2034.29473 1965.95511  3.36%  40.1 33332s
 3058051 910479 1967.27498   67  288 2034.29473 1965.95747  3.36%  40.1 33344s
 3058397 910479 2022.30058   67  235 2034.29473 1965.95836  3.36%  40.1 33345s
 3058921 910594 infeasible   63      2034.29473 1965.96606  3.36%  40.1 33361s
 3059434 910656 1970.63940   69  253 2034.29473 1965.97163  3.36%  40.1 33368s
 3059682 910814 1990.80975   93   43 2034.29473 1965.97555  3.36%  40.1 33383s
 3060333 910812 infeasible   55      2034.29473 1965.98275  3.36%  40.1 33389s
 3060393 910891 1966.38861   69  226 2034.29473 1965.98346  3.36%  40.1 33402s
 3060916 910944 infeasible   67      2034.29473 1965.99086  3.36%  40.1 33411s
 3061201 910938 2027.39425   63   98 2034.29473 1965.99172  3.36%  40.1 33421s
 3061459 910959 infeasible   71      2034.29473 1965.99533  3.36%  40.1 33430s
 3061722 911061 infeasible   60      2034.29473 1966.00338  3.36%  40.1 33440s
 3062222 911074     cutoff   64      2034.29473 1966.00882  3.36%  40.1 33445s
 3062436 911250 2004.37182   67  163 2034.29473 1966.01185  3.36%  40.1 33460s
 3063005 911260 2018.07890   50   39 2034.29473 1966.01397  3.36%  40.1 33469s
 3063160 911393 1966.21225   54   15 2034.29473 1966.01526  3.36%  40.1 33485s
 3063771 911442 1966.04566   44   82 2034.29473 1966.02447  3.36%  40.1 33519s
 3063958 911888 1967.96599   50  149 2034.29473 1966.03044  3.36%  40.1 33551s
 3065835 911922     cutoff   54      2034.29473 1966.04453  3.35%  40.1 33555s
 3066110 912101 2031.40278  107   59 2034.29473 1966.05257  3.35%  40.1 33574s
 3066594 912150 1994.35327   62  203 2034.29473 1966.05533  3.35%  40.1 33581s
 3066785 912209 2027.33800   65   96 2034.29473 1966.05761  3.35%  40.1 33597s
 3067336 912222 1971.50707   56  243 2034.29473 1966.06435  3.35%  40.1 33602s
 3067436 912359 1971.96666   57  239 2034.29473 1966.06435  3.35%  40.1 33614s
 3067920 912443 2030.72886   74  240 2034.29473 1966.07044  3.35%  40.1 33622s
 3068368 912517 1968.96446   76  188 2034.29473 1966.07583  3.35%  40.1 33625s
 3068578 912652 2010.49779   87  126 2034.29473 1966.07597  3.35%  40.1 33634s
 3069210 912690 2018.87173   77  250 2034.29473 1966.08140  3.35%  40.1 33642s
 3069424 912775 2031.79209   61   45 2034.29473 1966.08683  3.35%  40.1 33655s
 3069966 912773 1966.58461   73  225 2034.29473 1966.09000  3.35%  40.1 33660s
 3070055 912920 infeasible   70      2034.29473 1966.09306  3.35%  40.1 33674s
 3070518 912976 infeasible   58      2034.29473 1966.09600  3.35%  40.1 33682s
 3070836 913002 infeasible   81      2034.29473 1966.10168  3.35%  40.1 33688s
 3071013 913122 2022.80600   82  170 2034.29473 1966.10508  3.35%  40.1 33697s
 3071475 913127 infeasible   71      2034.29473 1966.10929  3.35%  40.1 33701s
 3071552 913200 1985.48988   70  178 2034.29473 1966.11015  3.35%  40.1 33710s
 3072090 913369 1966.20250   42  187 2034.29473 1966.11497  3.35%  40.1 33722s
 3072698 913405 2021.59634  104   92 2034.29473 1966.11992  3.35%  40.1 33726s
 3072797 913555 infeasible   78      2034.29473 1966.12131  3.35%  40.1 33739s
 3073300 913570     cutoff   83      2034.29473 1966.12345  3.35%  40.1 33751s
 3073435 913584 2019.51342   70   17 2034.29473 1966.12488  3.35%  40.1 33756s
 3073471 913641 2012.47652   65  187 2034.29473 1966.12668  3.35%  40.1 33766s
 3073745 913647 infeasible   63      2034.29473 1966.12737  3.35%  40.1 33774s
 3073821 913867 1967.90105   70  200 2034.29473 1966.12773  3.35%  40.1 33785s
 3074424 913948 2013.14403   57  105 2034.29473 1966.13659  3.35%  40.1 33841s
 3074991 913999 infeasible   63      2034.29473 1966.14038  3.35%  40.1 33848s
 3075183 914125 infeasible   90      2034.29473 1966.14129  3.35%  40.1 33860s
 3075893 914133 infeasible  102      2034.29473 1966.14941  3.35%  40.1 33866s
 3075967 914210 2025.05336   73   19 2034.29473 1966.15195  3.35%  40.1 33883s
 3076546 914338 2020.48322   74    5 2034.29473 1966.15851  3.35%  40.1 33896s
 3077017 914375     cutoff   71      2034.29473 1966.16215  3.35%  40.1 33906s
 3077199 914500 1999.83431   89  152 2034.29473 1966.16334  3.35%  40.1 33919s
 3077800 914536 infeasible   85      2034.29473 1966.16997  3.35%  40.1 33926s
 3078063 914620     cutoff   66      2034.29473 1966.17271  3.35%  40.1 33939s
 3078659 914634     cutoff   87      2034.29473 1966.18022  3.35%  40.1 33944s
 3078723 914716 1975.41393   67  198 2034.29473 1966.18094  3.35%  40.1 33957s
 3079245 914777 2013.22401   47  118 2034.29473 1966.18286  3.35%  40.1 33967s
 3079521 914834 1966.43464   44  217 2034.29473 1966.18919  3.35%  40.1 33984s
 3079985 914847 2027.72856   92  185 2034.29473 1966.19372  3.35%  40.1 33987s
 3080052 914989     cutoff   49      2034.29473 1966.19546  3.35%  40.1 33998s
 3080619 915117 infeasible   68      2034.29473 1966.19961  3.35%  40.1 34011s
 3081172 915097 infeasible   86      2034.29473 1966.20929  3.35%  40.1 34016s
 3081259 915260 2012.37820   46  102 2034.29473 1966.21023  3.35%  40.1 34032s
 3081858 915308     cutoff   67      2034.29473 1966.21546  3.35%  40.1 34039s
 3082074 915504     cutoff   64      2034.29473 1966.21622  3.35%  40.1 34057s
 3082766 915517 infeasible   59      2034.29473 1966.22630  3.35%  40.1 34063s
 3082868 915736 2021.39124   69    6 2034.29473 1966.22956  3.35%  40.1 34075s
 3083596 915873 2010.14343   75  184 2034.29473 1966.23407  3.35%  40.1 34091s
 3084098 916010 1999.36188   72  206 2034.29473 1966.23910  3.35%  40.1 34102s
 3084599 916019 infeasible   70      2034.29473 1966.24309  3.35%  40.1 34105s
 3084675 916227     cutoff   77      2034.29473 1966.24658  3.35%  40.1 34135s
 3085479 916411 infeasible   75      2034.29473 1966.25140  3.34%  40.1 34148s
 3086066 916447 2009.95846   76  164 2034.29473 1966.25633  3.34%  40.1 34157s
 3086455 916469 1970.15264   50  217 2034.29473 1966.26214  3.34%  40.1 34160s
 3086586 916580 2026.46954   66  148 2034.29473 1966.26347  3.34%  40.1 34169s
 3087096 916689 2028.94996   61   93 2034.29473 1966.26847  3.34%  40.1 34180s
 3087666 916805 infeasible   77      2034.29473 1966.27354  3.34%  40.1 34195s
 3088119 916927 2024.25960   62   38 2034.29473 1966.28075  3.34%  40.1 34205s
 3088766 917069 infeasible   83      2034.29473 1966.28809  3.34%  40.1 34227s
 3089238 917155 2011.93741  108  168 2034.29473 1966.29080  3.34%  40.1 34240s
 3089689 917178 infeasible   69      2034.29473 1966.29394  3.34%  40.1 34248s
 3089789 917245 1991.44580   55   72 2034.29473 1966.29508  3.34%  40.1 34265s
 3090300 917399     cutoff   72      2034.29473 1966.29990  3.34%  40.1 34280s
 3090854 917406 2018.95190   79  141 2034.29473 1966.30393  3.34%  40.1 34285s
 3090924 917543 2020.39551   51   77 2034.29473 1966.30661  3.34%  40.1 34295s
 3091408 917602 infeasible   64      2034.29473 1966.31363  3.34%  40.1 34301s
 3091619 917769     cutoff   95      2034.29473 1966.31704  3.34%  40.1 34309s
 3092112 917775     cutoff   76      2034.29473 1966.32041  3.34%  40.1 34313s
 3092203 917842 1969.20939   87  210 2034.29473 1966.32148  3.34%  40.1 34325s
 3092655 917942 2025.63853   64   25 2034.29473 1966.32710  3.34%  40.1 34338s
 3093157 917952 1976.88893   47   21 2034.29473 1966.33165  3.34%  40.1 34345s
 3093403 918066 1972.70084   63   54 2034.29473 1966.33750  3.34%  40.1 34352s
 3093764 918098 2020.80081   74   24 2034.29473 1966.34030  3.34%  40.1 34358s
 3094002 918165 1974.95568   68  105 2034.29473 1966.34335  3.34%  40.1 34369s
 3094480 918178 2010.48694   64  141 2034.29473 1966.34765  3.34%  40.1 34373s
 3094577 918322 2019.76306   65  112 2034.29473 1966.34906  3.34%  40.1 34387s
 3095170 918374 1998.98799   87  105 2034.29473 1966.35511  3.34%  40.0 34441s
 3095679 918448 2019.21402   72  208 2034.29473 1966.36308  3.34%  40.0 34448s
 3095891 918624 1994.20458   73  209 2034.29473 1966.36460  3.34%  40.0 34473s
 3096713 918635 2026.19231   78   48 2034.29473 1966.37069  3.34%  40.0 34482s
 3096971 918724 2027.63604   84  134 2034.29473 1966.37477  3.34%  40.0 34496s
 3097586 918732 1979.40427   56  226 2034.29473 1966.38177  3.34%  40.0 34500s
 3097654 918851 1979.67505   60  215 2034.29473 1966.38224  3.34%  40.0 34514s
 3098275 918863 infeasible   73      2034.29473 1966.39141  3.34%  40.0 34521s
 3098407 918951 infeasible   86      2034.29473 1966.39174  3.34%  40.0 34540s
 3098976 919063 infeasible   80      2034.29473 1966.39705  3.34%  40.0 34555s
 3099514 919060 infeasible   83      2034.29473 1966.40244  3.34%  40.0 34560s
 3099573 919188 1967.61907   95  237 2034.29473 1966.40307  3.34%  40.0 34575s
 3100074 919270     cutoff   75      2034.29473 1966.40763  3.34%  40.0 34588s
 3100470 919286 1976.21200   66   38 2034.29473 1966.40907  3.34%  40.0 34594s
 3100596 919455     cutoff   72      2034.29473 1966.40924  3.34%  40.0 34611s
 3101069 919475 2026.39602   79  136 2034.29473 1966.41509  3.34%  40.0 34617s
 3101254 919622 infeasible   63      2034.29473 1966.42009  3.34%  40.0 34635s
 3101835 919627 infeasible   69      2034.29473 1966.42628  3.34%  40.0 34640s
 3101895 919714 1967.53619   57  189 2034.29473 1966.42852  3.34%  40.0 34656s
 3102431 919833 2016.18234   87  168 2034.29473 1966.43418  3.34%  40.0 34669s
 3102975 919851 1994.00685   74  220 2034.29473 1966.43944  3.34%  40.0 34675s
 3103063 920023 1974.62884   95  127 2034.29473 1966.44055  3.34%  40.0 34689s
 3103655 920168     cutoff   70      2034.29473 1966.44619  3.34%  40.0 34706s
 3104203 920419 infeasible   72      2034.29473 1966.45224  3.33%  40.0 34727s
 3104836 920529 infeasible   69      2034.29473 1966.45496  3.33%  40.0 34743s
 3105464 920592 2021.47477   54   35 2034.29473 1966.46438  3.33%  40.0 34781s
 3105674 920979     cutoff   68      2034.29473 1966.46523  3.33%  40.0 34820s
 3107125 921093 2007.16077   61   82 2034.29473 1966.47967  3.33%  40.0 34835s
 3107720 921266 1966.83405   56  133 2034.29473 1966.48529  3.33%  40.0 34859s
 3108271 921331 infeasible   51      2034.29473 1966.48823  3.33%  40.0 34879s
 3108798 921349 1972.90380   64  122 2034.29473 1966.49668  3.33%  40.0 34884s
 3108893 921513 1975.00295   66  120 2034.29473 1966.49708  3.33%  40.0 34899s
 3109473 921606 1966.75803   60  147 2034.29473 1966.50360  3.33%  40.0 34912s
 3109899 921661 2020.68050   71   85 2034.29473 1966.50675  3.33%  40.0 34923s
 3110192 921780 2009.15835   58  165 2034.29473 1966.50979  3.33%  40.0 34936s
 3110728 921774 infeasible   56      2034.29473 1966.51735  3.33%  40.0 34948s
 3110758 921779 infeasible   60      2034.29473 1966.51735  3.33%  40.0 34957s
 3110802 921799     cutoff   67      2034.29473 1966.51735  3.33%  40.0 34963s
 3110868 921951 2029.02100   60   87 2034.29473 1966.51966  3.33%  40.0 34980s
 3111360 922081     cutoff   53      2034.29473 1966.52393  3.33%  40.0 34987s
 3111824 922112 2032.67766   71   64 2034.29473 1966.52820  3.33%  40.0 34991s
 3112031 922259 2015.40736   71   47 2034.29473 1966.53175  3.33%  40.0 35000s
 3112670 922262     cutoff   59      2034.29473 1966.53954  3.33%  40.0 35006s
 3112968 922318 2023.39992   80   32 2034.29473 1966.54365  3.33%  40.0 35020s
 3113301 922335 infeasible   79      2034.29473 1966.54869  3.33%  40.0 35025s
 3113384 922452     cutoff   67      2034.29473 1966.54887  3.33%  40.0 35042s
 3114000 922514 infeasible   74      2034.29473 1966.55353  3.33%  40.0 35049s
 3114243 922525     cutoff   94      2034.29473 1966.55439  3.33%  40.0 35055s
 3114501 922632 1966.55623   54  182 2034.29473 1966.55613  3.33%  40.0 35068s
 3115074 922633 infeasible   83      2034.29473 1966.56308  3.33%  40.0 35073s
 3115141 922874 2020.89365   64  135 2034.29473 1966.56308  3.33%  40.0 35089s
 3115793 922998 2018.69804   61  205 2034.29473 1966.57135  3.33%  40.0 35139s
 3116289 923186 2022.32375   73   32 2034.29473 1966.57522  3.33%  40.0 35155s
 3116734 923297 1986.90120   68  104 2034.29473 1966.57752  3.33%  40.0 35169s
 3117153 923295 1966.89085   61  232 2034.29473 1966.58220  3.33%  40.0 35175s
 3117214 923508     cutoff   63      2034.29473 1966.58220  3.33%  40.0 35196s
 3117897 923597     cutoff   69      2034.29473 1966.58586  3.33%  40.0 35209s
 3118261 923681 infeasible   50      2034.29473 1966.59394  3.33%  40.0 35219s
 3118556 923930 infeasible   76      2034.29473 1966.59579  3.33%  40.0 35234s
 3119207 923973 1977.09145   76   89 2034.29473 1966.59879  3.33%  40.0 35241s
 3119339 924120 infeasible   65      2034.29473 1966.59879  3.33%  40.0 35259s
 3119926 924116 2028.27076   57  117 2034.29473 1966.60666  3.33%  40.0 35271s
 3120135 924222 2031.31333   76   38 2034.29473 1966.60815  3.33%  40.0 35286s
 3120532 924249 1978.65133   77  114 2034.29473 1966.61506  3.33%  40.0 35296s
 3120789 924369 1995.16153   72  165 2034.29473 1966.62016  3.33%  40.0 35317s
 3121423 924426 1970.48721   83  222 2034.29473 1966.62268  3.33%  40.0 35324s
 3121574 924620 1981.27103   70  232 2034.29473 1966.62423  3.33%  40.0 35341s
 3122248 924702 infeasible   73      2034.29473 1966.63143  3.33%  40.0 35353s
 3122530 924820 1966.83813   66  255 2034.29473 1966.63510  3.33%  40.0 35373s
 3123150 924807 infeasible   52      2034.29473 1966.64475  3.33%  40.0 35378s
 3123251 924845 2002.31389   54   46 2034.29473 1966.64511  3.33%  40.0 35391s
 3123769 924978 2032.66991   68  229 2034.29473 1966.64970  3.33%  40.0 35409s
 3124333 924977 2000.02475   66  215 2034.29473 1966.65623  3.32%  40.0 35415s
 3124404 925165 2019.16552   55  168 2034.29473 1966.65716  3.32%  40.0 35436s
 3125090 925258 2033.81842   67  219 2034.29473 1966.66636  3.32%  40.0 35451s
 3125639 925313     cutoff   65      2034.29473 1966.67014  3.32%  40.0 35458s
 3125772 925444 2020.56515   53   49 2034.29473 1966.67064  3.32%  40.0 35470s
 3126356 925553 1966.96090   64  121 2034.29473 1966.67352  3.32%  40.0 35529s
 3127042 925573 infeasible   91      2034.29473 1966.68035  3.32%  40.0 35533s
 3127092 925713 2031.62853   61  206 2034.29473 1966.68188  3.32%  40.0 35549s
 3127595 925896 2021.76521   58   32 2034.29473 1966.68570  3.32%  40.0 35559s
 3128160 925884     cutoff  108      2034.29473 1966.68983  3.32%  40.0 35564s
 3128223 926081 1982.87542   78  241 2034.29473 1966.69201  3.32%  40.0 35580s
 3128742 926214     cutoff   75      2034.29473 1966.69404  3.32%  40.0 35594s
 3129227 926235 1986.34965   86  203 2034.29473 1966.69976  3.32%  40.0 35600s
 3129294 926332 2022.86340   50  289 2034.29473 1966.70052  3.32%  40.0 35618s
 3129796 926392 1967.19620   52  206 2034.29473 1966.70603  3.32%  40.0 35628s
 3130133 926417 infeasible  105      2034.29473 1966.70842  3.32%  40.0 35638s
 3130406 926527 1978.00955   44    3 2034.29473 1966.71195  3.32%  40.0 35651s
 3130910 926548     cutoff   51      2034.29473 1966.72184  3.32%  40.0 35655s
 3131021 926646 infeasible   80      2034.29473 1966.72349  3.32%  40.0 35671s
 3131528 926689 2018.20517   48  126 2034.29473 1966.72711  3.32%  40.0 35679s
 3131785 926811 2007.10142   69  141 2034.29473 1966.73064  3.32%  40.0 35695s
 3132302 926824 2024.12763   63    4 2034.29473 1966.73378  3.32%  40.0 35700s
 3132366 926918 1996.52095   65  114 2034.29473 1966.73535  3.32%  40.0 35713s
 3132846 927061 2016.24985   92  304 2034.29473 1966.73864  3.32%  40.0 35723s
 3133389 927108 2023.51485   70  147 2034.29473 1966.74253  3.32%  40.0 35730s
 3133634 927276 2024.38858   70  218 2034.29473 1966.74392  3.32%  40.0 35742s
 3134214 927288 1995.77612   71  207 2034.29473 1966.75108  3.32%  40.0 35746s
 3134264 927467 infeasible   72      2034.29473 1966.75173  3.32%  40.0 35759s
 3134795 927621     cutoff   67      2034.29473 1966.75471  3.32%  40.0 35770s
 3135324 927711 2001.32264   49   91 2034.29473 1966.75680  3.32%  40.0 35786s
 3135819 927713 2010.01123   64  203 2034.29473 1966.76214  3.32%  40.0 35792s
 3135897 927827 1972.67856   92  193 2034.29473 1966.76292  3.32%  40.0 35806s
 3136402 927885 2031.36427   72  127 2034.29473 1966.76781  3.32%  40.0 35817s
 3136630 928072 infeasible   94      2034.29473 1966.77006  3.32%  40.0 35862s
 3137387 928082     cutoff   87      2034.29473 1966.77634  3.32%  40.0 35866s
 3137450 928100 2025.85279   89  184 2034.29473 1966.77698  3.32%  40.0 35883s
 3137648 928114 1980.21390   60  155 2034.29473 1966.77920  3.32%  40.0 35889s
 3137705 928229 infeasible   61      2034.29473 1966.77920  3.32%  40.0 35904s
 3138125 928229 1995.77420   74   12 2034.29473 1966.78193  3.32%  40.0 35909s
 3138181 928287 1995.77420   75   29 2034.29473 1966.78285  3.32%  40.0 35919s
 3138355 928332 1995.77420   76   29 2034.29473 1966.78317  3.32%  40.0 35929s
 3138515 928446 1995.77420   77   29 2034.29473 1966.78545  3.32%  40.0 35938s
 3138817 928667 1995.77420   81   29 2034.29473 1966.78886  3.32%  40.0 35960s
 3139623 928670 infeasible   47      2034.29473 1966.79391  3.32%  40.0 35967s
 3139694 928800 1972.07173   79  263 2034.29473 1966.79560  3.32%  40.0 35990s
 3140451 928941     cutoff   67      2034.29473 1966.80510  3.32%  40.0 36004s
 3140930 928960     cutoff   67      2034.29473 1966.81048  3.32%  40.0 36010s
 3141041 929095 2021.01901   58  107 2034.29473 1966.81134  3.32%  40.0 36025s
 3141777 929216     cutoff   63      2034.29473 1966.81806  3.32%  40.0 36039s
 3142420 929268 infeasible   49      2034.29473 1966.82211  3.32%  40.0 36044s
 3142563 929433     cutoff   76      2034.29473 1966.82322  3.32%  40.0 36057s
 3143180 929576 2023.97581   59   38 2034.29473 1966.82631  3.32%  40.0 36073s
 3143831 929568 2021.00138   56   86 2034.29473 1966.83183  3.32%  40.0 36076s
 3143898 929722 1973.74354   50   23 2034.29473 1966.83307  3.32%  40.0 36090s
 3144567 929730 infeasible   64      2034.29473 1966.83715  3.32%  40.0 36097s
 3144753 929901 infeasible   73      2034.29473 1966.83881  3.32%  40.0 36108s
 3145367 929889     cutoff  115      2034.29473 1966.84315  3.32%  40.0 36112s
 3145435 930008 1972.13074   53  142 2034.29473 1966.84582  3.32%  40.0 36125s
 3146070 930039     cutoff   93      2034.29473 1966.85561  3.32%  40.0 36135s
 3146294 930160 2027.62517   84  103 2034.29473 1966.85693  3.32%  40.0 36153s
 3146807 930189     cutoff  100      2034.29473 1966.86220  3.31%  40.0 36159s
 3146906 930369 2025.54785   75  254 2034.29473 1966.86220  3.31%  40.0 36200s
 3147642 930446 2028.61079   64   22 2034.29473 1966.87266  3.31%  40.0 36212s
 3148119 930459 infeasible   52      2034.29473 1966.87802  3.31%  40.0 36217s
 3148239 930645 infeasible   69      2034.29473 1966.88205  3.31%  40.0 36232s
 3148826 930675 infeasible  100      2034.29473 1966.88430  3.31%  40.0 36239s
 3148949 930710     cutoff   97      2034.29473 1966.88769  3.31%  40.0 36251s
 3149241 930738 2023.28982   94    7 2034.29473 1966.89224  3.31%  40.0 36257s
 3149357 930856     cutoff   95      2034.29473 1966.89231  3.31%  40.0 36270s
 3149837 930866 infeasible   59      2034.29473 1966.89674  3.31%  40.0 36276s
 3149943 931019 2019.36260   62  125 2034.29473 1966.89851  3.31%  40.0 36289s
 3150225 931019 2031.14627   71  256 2034.29473 1966.89851  3.31%  40.0 36290s
 3150514 931161 2021.17035   87   26 2034.29473 1966.90734  3.31%  40.0 36303s
 3151090 931171 1981.50516   66   26 2034.29473 1966.91138  3.31%  40.0 36308s
 3151153 931265     cutoff   73      2034.29473 1966.91266  3.31%  40.0 36324s
 3151726 931452 infeasible   94      2034.29473 1966.91869  3.31%  40.0 36336s
 3152290 931486 2022.54289   65    9 2034.29473 1966.92636  3.31%  40.0 36343s
 3152403 931629     cutoff   68      2034.29473 1966.92636  3.31%  40.0 36356s
 3152913 931664 1967.45921   58  198 2034.29473 1966.93477  3.31%  40.0 36361s
 3153011 931830 2027.45059   65   20 2034.29473 1966.93566  3.31%  40.0 36369s
 3153597 932004 2025.88716   71   32 2034.29473 1966.94157  3.31%  40.0 36379s
 3154125 932018 infeasible   59      2034.29473 1966.94519  3.31%  40.0 36382s
 3154193 932111 1976.37999   73  201 2034.29473 1966.94574  3.31%  40.0 36393s
 3154678 932229 2026.66603   95   88 2034.29473 1966.95034  3.31%  40.0 36407s
 3155180 932229 2009.35623   61  201 2034.29473 1966.95481  3.31%  40.0 36411s
 3155208 932454 2007.49608   70  192 2034.29473 1966.95481  3.31%  40.0 36424s
 3155821 932541 1967.28422   80  236 2034.29473 1966.95853  3.31%  40.0 36434s
 3156179 932562     cutoff   64      2034.29473 1966.96295  3.31%  40.0 36441s
 3156338 932765 1975.32164   55  170 2034.29473 1966.96405  3.31%  40.0 36456s
 3156980 932801 2017.67402   88   73 2034.29473 1966.97044  3.31%  40.0 36462s
 3157080 932956 2017.67402   91   75 2034.29473 1966.97097  3.31%  40.0 36477s
 3157682 933046 1968.74336   86  207 2034.29473 1966.97679  3.31%  39.9 36517s
 3157983 933332 2019.66371   59   85 2034.29473 1966.98012  3.31%  39.9 36546s
 3159167 933343 infeasible   58      2034.29473 1966.99175  3.31%  39.9 36551s
 3159233 933437     cutoff   61      2034.29473 1966.99198  3.31%  39.9 36577s
 3159700 933449     cutoff   61      2034.29473 1966.99795  3.31%  39.9 36583s
 3159761 933438 2015.72404   52  207 2034.29473 1966.99795  3.31%  39.9 36591s
 3159859 933524 infeasible   92      2034.29473 1966.99917  3.31%  39.9 36609s
 3160522 933564 1980.50415   70  219 2034.29473 1967.00498  3.31%  39.9 36614s
 3160607 933766 1998.16022   64  143 2034.29473 1967.00762  3.31%  39.9 36631s
 3161320 933907 2033.06421  116    8 2034.29473 1967.01277  3.31%  39.9 36649s
 3161887 933934 infeasible   68      2034.29473 1967.01982  3.31%  39.9 36654s
 3161965 934075 2022.63522   73   81 2034.29473 1967.01993  3.31%  39.9 36669s
 3162572 934149     cutoff   76      2034.29473 1967.02663  3.31%  39.9 36684s
 3162976 934188 1982.57585   73  202 2034.29473 1967.03300  3.31%  39.9 36692s
 3163165 934329 1967.11934   51  115 2034.29473 1967.03524  3.31%  39.9 36708s
 3163707 934340 2029.52099   77  138 2034.29473 1967.03845  3.31%  39.9 36716s
 3163828 934447 2030.97458   61   26 2034.29473 1967.04118  3.31%  39.9 36730s
 3164459 934566     cutoff   77      2034.29473 1967.04723  3.31%  39.9 36750s
 3165035 934612 infeasible   94      2034.29473 1967.05332  3.31%  39.9 36761s
 3165307 934629 2021.67376   69  223 2034.29473 1967.05843  3.31%  39.9 36767s
 3165481 934649     cutoff   67      2034.29473 1967.05995  3.31%  39.9 36777s
 3165828 934672 2005.80149   69   53 2034.29473 1967.06763  3.30%  39.9 36786s
 3166015 934690     cutoff   74      2034.29473 1967.06889  3.30%  39.9 36800s
 3166575 934742     cutoff   82      2034.29473 1967.08136  3.30%  39.9 36808s
 3166781 934817 infeasible   66      2034.29473 1967.08380  3.30%  39.9 36831s
 3167384 934816 1982.24912   81  232 2034.29473 1967.08982  3.30%  39.9 36841s
 3167703 934906     cutoff  105      2034.29473 1967.09405  3.30%  39.9 36857s
 3168248 934932 1993.31274   67  180 2034.29473 1967.09924  3.30%  39.9 36883s
 3168290 935872 1995.40751   73  191 2034.29473 1967.09936  3.30%  39.9 36988s
 3172290 935858 infeasible  104      2034.29473 1967.11859  3.30%  39.9 36992s
 3172330 935852 1968.14127   60  204 2034.29473 1967.11890  3.30%  39.9 36997s
 3172379 935854 infeasible   98      2034.29473 1967.11905  3.30%  39.9 37001s
 3172426 935873     cutoff  103      2034.29473 1967.11905  3.30%  39.9 37006s
 3172526 935922 1971.11280   46   76 2034.29473 1967.11936  3.30%  39.9 37016s
 3172984 935985 2027.75274   51  261 2034.29473 1967.12503  3.30%  39.9 37028s
 3173257 936035 2004.07037   78  128 2034.29473 1967.12661  3.30%  39.9 37040s
 3173470 936176 2025.61922   58  143 2034.29473 1967.12860  3.30%  39.9 37055s
 3173887 936184 infeasible   76      2034.29473 1967.13197  3.30%  39.9 37061s
 3173970 936247 1969.14669   45  205 2034.29473 1967.13201  3.30%  39.9 37072s
 3174376 936243 1967.15306   70  140 2034.29473 1967.13629  3.30%  39.9 37079s
 3174555 936393 infeasible   74      2034.29473 1967.14018  3.30%  39.9 37092s
 3175036 936402 infeasible   74      2034.29473 1967.14067  3.30%  39.9 37101s
 3175113 936533 2003.98997   77  163 2034.29473 1967.14346  3.30%  39.9 37116s
 3175646 936638     cutoff   66      2034.29473 1967.14602  3.30%  39.9 37131s
 3176232 936641 1984.02782   55   76 2034.29473 1967.15622  3.30%  39.9 37135s
 3176287 936797 infeasible   81      2034.29473 1967.15822  3.30%  39.9 37149s
 3176831 936944 1997.98881   73  196 2034.29473 1967.16321  3.30%  39.9 37163s
 3177360 936929     cutoff   59      2034.29473 1967.16648  3.30%  39.9 37168s
 3177419 937116     cutoff   76      2034.29473 1967.16788  3.30%  39.9 37186s
 3178003 937120 2019.69266   74    9 2034.29473 1967.17113  3.30%  39.9 37191s
 3178063 937152 2004.59067   96  187 2034.29473 1967.17332  3.30%  39.9 37211s
 3178537 937365 2000.73492   79  404 2034.29473 1967.17729  3.30%  39.9 37249s
 3179380 937366 infeasible   74      2034.29473 1967.19096  3.30%  39.9 37255s
 3179400 937353 2028.47368   76  183 2034.29473 1967.19164  3.30%  39.9 37267s
 3179615 937395 2023.01583   80  210 2034.29473 1967.19418  3.30%  39.9 37275s
 3179800 937443     cutoff   75      2034.29473 1967.19634  3.30%  39.9 37291s
 3180150 937431 infeasible   73      2034.29473 1967.20303  3.30%  39.9 37297s
 3180214 937553 infeasible   71      2034.29473 1967.20409  3.30%  39.9 37319s
 3180744 937594 infeasible   80      2034.29473 1967.21111  3.30%  39.9 37329s
 3181136 937686 1996.18795   56  210 2034.29473 1967.21399  3.30%  39.9 37344s
 3181600 937677 infeasible   64      2034.29473 1967.22307  3.30%  39.9 37349s
 3181677 937814 infeasible   55      2034.29473 1967.22428  3.30%  39.9 37369s
 3182234 937864 infeasible   70      2034.29473 1967.22779  3.30%  39.9 37377s
 3182419 937930 2015.71778   79  186 2034.29473 1967.22782  3.30%  39.9 37406s
 3182875 937938 2015.34907   62    9 2034.29473 1967.23415  3.30%  39.9 37413s
 3182939 938088 1989.78269   91  195 2034.29473 1967.23474  3.30%  39.9 37434s
 3183535 938106     cutoff   81      2034.29473 1967.23794  3.30%  39.9 37441s
 3183640 938265 1987.10497   73  215 2034.29473 1967.24118  3.30%  39.9 37461s
 3184341 938351 2032.77855   50  118 2034.29473 1967.24483  3.30%  39.9 37472s
 3184711 938383 infeasible   77      2034.29473 1967.24687  3.30%  39.9 37481s
 3184894 938519 infeasible   63      2034.29473 1967.24911  3.30%  39.9 37495s
 3185470 938532 infeasible   64      2034.29473 1967.25990  3.30%  39.9 37505s
 3185694 938658 1988.57244   54   13 2034.29473 1967.26139  3.30%  39.9 37521s
 3186297 938694 2017.49581   80  176 2034.29473 1967.26859  3.29%  39.9 37536s
 3186567 938846 2030.65034   64   64 2034.29473 1967.27123  3.29%  39.9 37557s
 3187233 938865 2021.21435   55  159 2034.29473 1967.27644  3.29%  39.9 37567s
 3187415 939046 infeasible   57      2034.29473 1967.27812  3.29%  39.9 37583s
 3187988 939084 infeasible   83      2034.29473 1967.28037  3.29%  39.9 37595s
 3188141 939207 2018.88384   68   13 2034.29473 1967.28037  3.29%  39.9 37615s
 3188705 939227     cutoff   82      2034.29473 1967.28403  3.29%  39.9 37623s
 3188871 939382 1993.62662   74  154 2034.29473 1967.28734  3.29%  39.9 37661s
 3189647 939381 1977.77483   75  171 2034.29473 1967.29370  3.29%  39.9 37667s
 3189709 939479 2031.78061   78  107 2034.29473 1967.29592  3.29%  39.9 37680s
 3190193 939650 infeasible   78      2034.29473 1967.30343  3.29%  39.9 37692s
 3190629 939667 2025.98442   64   71 2034.29473 1967.30769  3.29%  39.9 37701s
 3190705 939750 2026.20105   66    9 2034.29473 1967.30784  3.29%  39.9 37723s
 3191230 939818 2021.01427   75  230 2034.29473 1967.31033  3.29%  39.9 37733s
 3191504 939863 infeasible   65      2034.29473 1967.31388  3.29%  39.9 37742s
 3191842 939907 1968.09568   53  188 2034.29473 1967.31931  3.29%  39.9 37751s
 3192076 940069 2021.75821   94   73 2034.29473 1967.32193  3.29%  39.9 37770s
 3192663 940080 infeasible   68      2034.29473 1967.32732  3.29%  39.9 37776s
 3192728 940252     cutoff   44      2034.29473 1967.33034  3.29%  39.9 37791s
 3193318 940329 2002.05992   75   59 2034.29473 1967.33742  3.29%  39.9 37798s
 3193621 940332 2004.77972   78   64 2034.29473 1967.34135  3.29%  39.9 37803s
 3193756 940445 1975.65790   51    4 2034.29473 1967.34212  3.29%  39.9 37815s
 3194369 940500 2018.22722  100   24 2034.29473 1967.34845  3.29%  39.9 37825s
 3194644 940676     cutoff   75      2034.29473 1967.35242  3.29%  39.9 37840s
 3195291 940685 infeasible   74      2034.29473 1967.35616  3.29%  39.9 37847s
 3195372 940803     cutoff   66      2034.29473 1967.35753  3.29%  39.9 37862s
 3195900 940917 2008.21711   57   38 2034.29473 1967.36205  3.29%  39.9 37878s
 3196441 940920 2030.05171   62   47 2034.29473 1967.37138  3.29%  39.9 37884s
 3196542 941089     cutoff   64      2034.29473 1967.37276  3.29%  39.9 37898s
 3197084 941261 2032.07099   61  136 2034.29473 1967.37826  3.29%  39.9 37916s
 3197719 941285 2020.53949   54  104 2034.29473 1967.38213  3.29%  39.9 37921s
 3197831 941423 infeasible   74      2034.29473 1967.38326  3.29%  39.9 37942s
 3198512 941544 infeasible   51      2034.29473 1967.38996  3.29%  39.9 37961s
 3199038 941548 2005.21282   67   76 2034.29473 1967.39653  3.29%  39.9 37968s
 3199094 941681 2005.21282   69   77 2034.29473 1967.39653  3.29%  39.9 38020s
 3199596 941705 2012.79849   79   31 2034.29473 1967.40016  3.29%  39.9 38027s
 3199727 941922 2033.02589   50  167 2034.29473 1967.40389  3.29%  39.9 38052s
 3200599 941982 1968.45960   86  205 2034.29473 1967.40801  3.29%  39.9 38059s
 3200820 942179 2004.74839   81   66 2034.29473 1967.41292  3.29%  39.9 38074s
 3201426 942183 2027.51971   70  148 2034.29473 1967.41790  3.29%  39.9 38079s
 3201525 942246 2025.04315   47  207 2034.29473 1967.41954  3.29%  39.9 38094s
 3201985 942372 2032.04193   99  324 2034.29473 1967.42516  3.29%  39.9 38107s
 3202632 942400 infeasible   58      2034.29473 1967.43237  3.29%  39.9 38111s
 3202732 942506 2012.68192   71   80 2034.29473 1967.43369  3.29%  39.9 38120s
 3203286 942700 1973.29306   75  184 2034.29473 1967.43904  3.29%  39.9 38133s
 3203908 942729 2029.03528   71   92 2034.29473 1967.44625  3.29%  39.9 38141s
 3204069 942873 2022.34572   54   67 2034.29473 1967.44787  3.29%  39.9 38157s
 3204682 942998 1993.32661   47   40 2034.29473 1967.45363  3.29%  39.9 38167s
 3205160 942999 1967.46498   49   26 2034.29473 1967.45691  3.29%  39.9 38173s
 3205355 943085 2027.15701   72  216 2034.29473 1967.46080  3.29%  39.9 38186s
 3205860 943123 2016.21874   62   14 2034.29473 1967.46463  3.29%  39.9 38192s
 3206082 943319 1974.74010   55   10 2034.29473 1967.46953  3.28%  39.9 38208s
 3206629 943339 2017.39572   77   83 2034.29473 1967.47328  3.28%  39.9 38216s
 3206766 943454 2026.32911   76    4 2034.29473 1967.47384  3.28%  39.9 38232s
 3207294 943576     cutoff   73      2034.29473 1967.47790  3.28%  39.9 38249s
 3207793 943589 2012.66855   49  124 2034.29473 1967.48244  3.28%  39.9 38255s
 3207880 943743 infeasible   91      2034.29473 1967.48315  3.28%  39.9 38269s
 3208324 943940 2015.79694   74  165 2034.29473 1967.48320  3.28%  39.9 38282s
 3208902 943947     cutoff   80      2034.29473 1967.49261  3.28%  39.9 38288s
 3208996 944069 2031.01320   65    4 2034.29473 1967.49310  3.28%  39.9 38299s
 3209519 944268 infeasible   76      2034.29473 1967.49581  3.28%  39.9 38339s
 3210187 944282 2020.65824  100  104 2034.29473 1967.49946  3.28%  39.9 38355s
 3210205 944300 2025.26862  101   59 2034.29473 1967.49946  3.28%  39.9 38363s
 3210272 944327 1984.70625   72  120 2034.29473 1967.49987  3.28%  39.9 38372s
 3210491 944381 infeasible   39      2034.29473 1967.49997  3.28%  39.9 38381s
 3210731 944518 infeasible   48      2034.29473 1967.50191  3.28%  39.9 38393s
 3211462 944545 1967.55887   52   91 2034.29473 1967.50511  3.28%  39.9 38400s
 3211653 944667 2028.06003   78   16 2034.29473 1967.50854  3.28%  39.9 38416s
 3212327 944846 2030.06528   60   84 2034.29473 1967.51709  3.28%  39.9 38428s
 3212930 944867 1992.82204   72   91 2034.29473 1967.52138  3.28%  39.9 38432s
 3213009 944993 2031.57578   71    8 2034.29473 1967.52223  3.28%  39.9 38450s
 3213591 945014 2008.21479   69  105 2034.29473 1967.52824  3.28%  39.9 38461s
 3213804 945048 2029.20409   71   10 2034.29473 1967.52985  3.28%  39.9 38473s
 3214277 945053     cutoff   66      2034.29473 1967.53689  3.28%  39.9 38479s
 3214381 945220 2003.76362   89  197 2034.29473 1967.53717  3.28%  39.9 38494s
 3214987 945228     cutoff   53      2034.29473 1967.54194  3.28%  39.9 38505s
 3215217 945421 2022.58613   75   72 2034.29473 1967.54405  3.28%  39.9 38527s
 3215915 945415 infeasible   88      2034.29473 1967.55198  3.28%  39.9 38532s
 3215982 945511 1973.11670   86  178 2034.29473 1967.55198  3.28%  39.9 38549s
 3216566 945590     cutoff   56      2034.29473 1967.56023  3.28%  39.9 38556s
 3216799 945813 1971.66503   66  190 2034.29473 1967.56152  3.28%  39.9 38575s
 3217436 945833 1967.99041   73  215 2034.29473 1967.56634  3.28%  39.9 38581s
 3217548 945984 infeasible   80      2034.29473 1967.56685  3.28%  39.9 38596s
 3218130 946131 2022.35491   58   34 2034.29473 1967.57446  3.28%  39.9 38611s
 3218748 946154 infeasible   52      2034.29473 1967.58122  3.28%  39.8 38615s
 3218843 946248 2021.87123   55  112 2034.29473 1967.58236  3.28%  39.9 38630s
 3219451 946280 2022.64129   76   90 2034.29473 1967.58702  3.28%  39.8 38637s
 3219595 946420 2024.71181   52   37 2034.29473 1967.58816  3.28%  39.8 38655s
 3220125 946414 infeasible   71      2034.29473 1967.59354  3.28%  39.8 38678s
 3220238 946888 1972.79240   91   83 2034.29473 1967.59470  3.28%  39.8 38739s
 3222389 946894 2022.73816   91    7 2034.29473 1967.61204  3.28%  39.8 38745s
 3222453 946895 2032.46101  102    9 2034.29473 1967.61204  3.28%  39.8 38753s
 3222632 947016 infeasible   66      2034.29473 1967.61645  3.28%  39.8 38768s
 3223207 947082 infeasible   82      2034.29473 1967.62108  3.28%  39.8 38774s
 3223417 947222 2027.28049   71   62 2034.29473 1967.62420  3.28%  39.8 38794s
 3224018 947222 1983.71770   59   79 2034.29473 1967.62622  3.28%  39.8 38802s
 3224074 947362 2024.11544   64    9 2034.29473 1967.62622  3.28%  39.8 38817s
 3224623 947562 infeasible   86      2034.29473 1967.63105  3.28%  39.8 38831s
 3225278 947585 infeasible   73      2034.29473 1967.63741  3.28%  39.8 38835s
 3225399 947804 2028.85450   76  183 2034.29473 1967.63836  3.28%  39.8 38854s
 3226087 947935 1970.82993   55  161 2034.29473 1967.64514  3.28%  39.8 38869s
 3226592 947963 2026.14800   69   20 2034.29473 1967.64750  3.28%  39.8 38875s
 3226724 948036     cutoff   42      2034.29473 1967.64885  3.28%  39.8 38887s
 3227282 948192 2032.06472   76  163 2034.29473 1967.65028  3.28%  39.8 38899s
 3227842 948193 infeasible   86      2034.29473 1967.66113  3.28%  39.8 38906s
 3228007 948353 infeasible   72      2034.29473 1967.66359  3.28%  39.8 38921s
 3228650 948415     cutoff   63      2034.29473 1967.67084  3.28%  39.8 38932s
 3228993 948450 1990.40060   70  106 2034.29473 1967.67346  3.27%  39.8 38942s
 3229218 948507     cutoff   62      2034.29473 1967.67500  3.27%  39.8 38952s
 3229480 948613 2011.33646   80  230 2034.29473 1967.67946  3.27%  39.8 38969s
 3230063 948631 1991.69949   61  189 2034.29473 1967.68495  3.27%  39.8 38973s
 3230162 948793 1968.76608   42  124 2034.29473 1967.68662  3.27%  39.8 38983s
 3230742 948849 infeasible   57      2034.29473 1967.69184  3.27%  39.8 39026s
 3231243 948893 2027.28340   63   73 2034.29473 1967.69830  3.27%  39.8 39032s
 3231458 949134 1978.62111   75  103 2034.29473 1967.69945  3.27%  39.8 39048s
 3232229 949146 infeasible   65      2034.29473 1967.70708  3.27%  39.8 39058s
 3232440 949247     cutoff   74      2034.29473 1967.70855  3.27%  39.8 39085s
 3233059 949274 2007.59605   60   52 2034.29473 1967.71931  3.27%  39.8 39090s
 3233139 949528 2026.68494   68  117 2034.29473 1967.71931  3.27%  39.8 39109s
 3233745 949616 infeasible   70      2034.29473 1967.72573  3.27%  39.8 39121s
 3234131 949673 2000.33416   68   52 2034.29473 1967.73088  3.27%  39.8 39133s
 3234478 949873 2016.34757   60   14 2034.29473 1967.73339  3.27%  39.8 39150s
 3235210 950022 infeasible   69      2034.29473 1967.73897  3.27%  39.8 39168s
 3235839 950009 infeasible   62      2034.29473 1967.74588  3.27%  39.8 39173s
 3235962 950139 1998.95191   39  171 2034.29473 1967.74893  3.27%  39.8 39191s
 3236492 950147 infeasible   85      2034.29473 1967.75293  3.27%  39.8 39199s
 3236648 950285 infeasible   66      2034.29473 1967.75416  3.27%  39.8 39211s
 3237232 950315     cutoff   61      2034.29473 1967.76151  3.27%  39.8 39218s
 3237340 950420 2025.93950   78  119 2034.29473 1967.76387  3.27%  39.8 39234s
 3237822 950546 2030.28768   69   86 2034.29473 1967.76901  3.27%  39.8 39253s
 3238461 950577 1967.95537   60  198 2034.29473 1967.77492  3.27%  39.8 39261s
 3238636 950684 2022.63117   51  158 2034.29473 1967.77603  3.27%  39.8 39279s
 3239122 950733 2000.43002   81  131 2034.29473 1967.77892  3.27%  39.8 39291s
 3239417 950765 2022.90509   71  111 2034.29473 1967.78363  3.27%  39.8 39302s
 3239674 950862 1977.61207   59  115 2034.29473 1967.78834  3.27%  39.8 39323s
 3240217 950843 1969.62646   41   58 2034.29473 1967.79460  3.27%  39.8 39331s
 3240297 950963     cutoff   58      2034.29473 1967.79510  3.27%  39.8 39348s
 3240813 950945     cutoff   80      2034.29473 1967.80127  3.27%  39.8 39351s
 3240897 951075 1984.19546   80  188 2034.29473 1967.80185  3.27%  39.8 39364s
 3241503 951148 infeasible   94      2034.29473 1967.80880  3.27%  39.8 39399s
 3241874 951285 1975.23576   76  116 2034.29473 1967.81215  3.27%  39.8 39416s
 3242464 951320     cutoff   95      2034.29473 1967.81674  3.27%  39.8 39425s
 3242643 951538 infeasible   61      2034.29473 1967.82049  3.27%  39.8 39448s
 3243370 951623 2007.64450   82   78 2034.29473 1967.82465  3.27%  39.8 39464s
 3243773 951668 2010.55614  104   41 2034.29473 1967.82954  3.27%  39.8 39477s
 3244089 951759 infeasible   85      2034.29473 1967.83376  3.27%  39.8 39494s
 3244515 951913 1990.53086   61  103 2034.29473 1967.83565  3.27%  39.8 39509s
 3245091 951984 2028.90791   60    3 2034.29473 1967.83937  3.27%  39.8 39519s
 3245396 951987 2027.03861   98    5 2034.29473 1967.84028  3.27%  39.8 39535s
 3245401 951992 2027.26599   99   19 2034.29473 1967.84028  3.27%  39.8 39546s
 3245489 952130 infeasible   91      2034.29473 1967.84286  3.27%  39.8 39564s
 3245797 952130 1985.56647   57  128 2034.29473 1967.84338  3.27%  39.8 39565s
 3245942 952167     cutoff   60      2034.29473 1967.84410  3.27%  39.8 39571s
 3246060 952421 2007.52183   72  153 2034.29473 1967.84623  3.27%  39.8 39584s
 3246871 952541     cutoff   56      2034.29473 1967.85548  3.27%  39.8 39599s
 3247394 952586     cutoff   91      2034.29473 1967.86043  3.27%  39.8 39605s
 3247530 952701 infeasible   42      2034.29473 1967.86072  3.27%  39.8 39622s
 3248230 952932 infeasible   87      2034.29473 1967.86910  3.27%  39.8 39637s
 3248991 952933 2029.13511   61   86 2034.29473 1967.87179  3.27%  39.8 39643s
 3249070 953056     cutoff   46      2034.29473 1967.87223  3.27%  39.8 39662s
 3249636 953107 2009.26788   97  121 2034.29473 1967.88043  3.26%  39.8 39679s
 3249986 953172     cutoff   69      2034.29473 1967.88364  3.26%  39.8 39689s
 3250345 953252 2014.95263   79  190 2034.29473 1967.88820  3.26%  39.8 39699s
 3250637 953362 1990.49547   85  188 2034.29473 1967.89118  3.26%  39.8 39715s
 3251194 953367     cutoff   83      2034.29473 1967.90052  3.26%  39.8 39721s
 3251272 953467 1986.81153   62  341 2034.29473 1967.90162  3.26%  39.8 39738s
 3251894 953676 2002.11772   60  133 2034.29473 1967.90875  3.26%  39.8 39789s
 3252063 953676 2022.13927   85  175 2034.29473 1967.90875  3.26%  39.8 39790s
 3252632 953674 2019.48682  123  122 2034.29473 1967.91764  3.26%  39.8 39797s
 3252718 953822 1970.34203   81  205 2034.29473 1967.91903  3.26%  39.8 39812s
 3253268 953836 2000.83884   58  146 2034.29473 1967.92719  3.26%  39.8 39819s
 3253348 953913 2033.64422   75  176 2034.29473 1967.92815  3.26%  39.8 39833s
 3253851 953922 1968.70687   71  232 2034.29473 1967.93586  3.26%  39.8 39838s
 3253930 954047 1970.39793   69  200 2034.29473 1967.93686  3.26%  39.8 39851s
 3254432 954085 1967.95507   85  119 2034.29473 1967.93978  3.26%  39.8 39862s
 3254841 954128 infeasible   65      2034.29473 1967.94350  3.26%  39.8 39870s
 3254975 954290 2021.00506   74    5 2034.29473 1967.94387  3.26%  39.8 39885s
 3255568 954320 2020.11153   61  226 2034.29473 1967.94950  3.26%  39.8 39893s
 3255826 954390 1995.37166   66  120 2034.29473 1967.95177  3.26%  39.8 39901s
 3256073 954533 2000.81674   82   78 2034.29473 1967.95540  3.26%  39.8 39922s
 3256593 954522 2021.22892   70   10 2034.29473 1967.95714  3.26%  39.8 39929s
 3256676 954588 2029.44167   89   22 2034.29473 1967.95796  3.26%  39.8 39944s
 3257211 954640     cutoff   73      2034.29473 1967.96566  3.26%  39.8 39955s
 3257486 954743 infeasible   50      2034.29473 1967.97010  3.26%  39.8 39970s
 3258066 954764     cutoff   78      2034.29473 1967.97509  3.26%  39.8 39976s
 3258245 954898 1994.63524   94   90 2034.29473 1967.97640  3.26%  39.8 39987s
 3258761 955000 2030.45134   80    4 2034.29473 1967.98037  3.26%  39.8 39997s
 3259205 955001 infeasible   45      2034.29473 1967.98603  3.26%  39.8 40002s
 3259295 955103     cutoff   74      2034.29473 1967.98949  3.26%  39.8 40012s
 3259787 955192 1968.60380   53  213 2034.29473 1967.99458  3.26%  39.8 40022s
 3260206 955219     cutoff   55      2034.29473 1967.99926  3.26%  39.8 40026s
 3260277 955364 2028.58332   72   94 2034.29473 1968.00053  3.26%  39.8 40043s
 3260873 955478 1968.00991   48  225 2034.29473 1968.00649  3.26%  39.8 40051s
 3261226 955563 2020.48108   66  116 2034.29473 1968.00935  3.26%  39.8 40058s
 3261463 955703 2014.36536   90   12 2034.29473 1968.00991  3.26%  39.8 40071s
 3262127 955729 2028.86693   65   42 2034.29473 1968.01516  3.26%  39.8 40094s
 3262348 956134 1991.63488   70  138 2034.29473 1968.02255  3.26%  39.8 40136s
 3263777 956141 2020.29406   61  161 2034.29473 1968.03232  3.26%  39.8 40144s
 3263837 956276     cutoff   67      2034.29473 1968.03328  3.26%  39.8 40161s
 3264280 956292 1995.44635   63  189 2034.29473 1968.03747  3.26%  39.8 40168s
 3264392 956384 1971.42026   51  155 2034.29473 1968.04123  3.26%  39.8 40186s
 3264990 956380 1968.06287   62  232 2034.29473 1968.04784  3.26%  39.8 40191s
 3265060 956502     cutoff   65      2034.29473 1968.04851  3.26%  39.8 40206s
 3265614 956628 2013.24675   55   71 2034.29473 1968.05458  3.26%  39.8 40216s
 3266011 956710 1999.18601   52  171 2034.29473 1968.05842  3.26%  39.8 40223s
 3266349 956831 infeasible   85      2034.29473 1968.06284  3.26%  39.8 40233s
 3266957 956823 2026.07393   87  121 2034.29473 1968.07092  3.26%  39.8 40235s
 3267003 956934     cutoff   88      2034.29473 1968.07193  3.26%  39.8 40249s
 3267533 957018 2018.58432  107   56 2034.29473 1968.07540  3.26%  39.8 40254s
 3267808 957095     cutoff   73      2034.29473 1968.07700  3.26%  39.8 40266s
 3268326 957122 infeasible   58      2034.29473 1968.08250  3.25%  39.8 40272s
 3268463 957232 1995.94776   75   66 2034.29473 1968.08459  3.25%  39.8 40286s
 3269047 957382 2022.77081   90    5 2034.29473 1968.09056  3.25%  39.8 40302s
 3269643 957369 2020.13475   86   99 2034.29473 1968.09273  3.25%  39.8 40309s
 3269746 957544 2022.58365   58   65 2034.29473 1968.09390  3.25%  39.8 40329s
 3270373 957633 2028.24942   78    4 2034.29473 1968.09857  3.25%  39.8 40343s
 3270769 957647 2023.48483   71   85 2034.29473 1968.10142  3.25%  39.8 40350s
 3270906 957741 infeasible   92      2034.29473 1968.10517  3.25%  39.8 40366s
 3271396 957805 2020.34301   64   38 2034.29473 1968.10906  3.25%  39.8 40377s
 3271699 957836 infeasible   80      2034.29473 1968.11321  3.25%  39.8 40385s
 3271891 958008 2030.13564   71  130 2034.29473 1968.11432  3.25%  39.8 40396s
 3272360 958039     cutoff   70      2034.29473 1968.11699  3.25%  39.8 40442s
 3272524 958323 2027.68192   67  106 2034.29473 1968.11743  3.25%  39.8 40488s
 3273953 958346 infeasible   81      2034.29473 1968.13063  3.25%  39.8 40495s
 3274083 958538 1968.57697   77  226 2034.29473 1968.13461  3.25%  39.8 40517s
 3274734 958645     cutoff   69      2034.29473 1968.14240  3.25%  39.8 40532s
 3275134 958677 2024.00336   77    7 2034.29473 1968.14509  3.25%  39.8 40538s
 3275254 958828 1970.41503   68  239 2034.29473 1968.14569  3.25%  39.8 40559s
 3275934 958866 1976.25989   49    4 2034.29473 1968.14736  3.25%  39.8 40571s
 3276221 959019 infeasible   65      2034.29473 1968.15233  3.25%  39.8 40590s
 3276945 959169 1987.19255   64  171 2034.29473 1968.16016  3.25%  39.8 40612s
 3277558 959263 2002.18813   70   96 2034.29473 1968.16539  3.25%  39.8 40627s
 3278034 959286 infeasible   81      2034.29473 1968.17078  3.25%  39.8 40634s
 3278138 959396 2017.96291   55   84 2034.29473 1968.17078  3.25%  39.8 40655s
 3278709 959488 infeasible   65      2034.29473 1968.17891  3.25%  39.8 40671s
 3279179 959537 1973.46601   61  179 2034.29473 1968.18522  3.25%  39.8 40677s
 3279308 959620 2022.49782   71  214 2034.29473 1968.18522  3.25%  39.8 40695s
 3279817 959691 2023.69951   55  209 2034.29473 1968.19070  3.25%  39.8 40705s
 3280051 959801     cutoff   76      2034.29473 1968.19181  3.25%  39.8 40722s
 3280541 959813 infeasible   88      2034.29473 1968.19571  3.25%  39.8 40730s
 3280678 959896     cutoff   77      2034.29473 1968.19741  3.25%  39.8 40748s
 3281266 959969 1968.20268   44  184 2034.29473 1968.20268  3.25%  39.8 40759s
 3281576 960127     cutoff   71      2034.29473 1968.20853  3.25%  39.8 40775s
 3282331 960296 2031.09580   48   21 2034.29473 1968.21403  3.25%  39.8 40799s
 3282889 960415     cutoff   63      2034.29473 1968.21912  3.25%  39.8 40834s
 3283389 960454     cutoff   83      2034.29473 1968.22317  3.25%  39.8 40841s
 3283569 960587 2024.04602   58  122 2034.29473 1968.22658  3.25%  39.8 40858s
 3284130 960592 2021.25306   51   48 2034.29473 1968.23116  3.25%  39.8 40868s
 3284246 960715 2021.45663   57   99 2034.29473 1968.23217  3.25%  39.8 40889s
 3284986 960721 infeasible   56      2034.29473 1968.23745  3.25%  39.8 40897s
 3285165 960889 1989.12322   69  228 2034.29473 1968.24104  3.25%  39.8 40916s
 3285890 960951 1969.06221   78  200 2034.29473 1968.24771  3.25%  39.8 40925s
 3286241 961012     cutoff   64      2034.29473 1968.25117  3.25%  39.8 40934s
 3286621 961078 infeasible   44      2034.29473 1968.25608  3.25%  39.8 40943s
 3286950 961151 1985.34794   81  131 2034.29473 1968.25864  3.25%  39.8 40951s
 3287206 961326 infeasible   81      2034.29473 1968.25873  3.25%  39.8 40972s
 3287888 961374 2022.70006   69   34 2034.29473 1968.26417  3.25%  39.7 40981s
 3288104 961483     cutoff   65      2034.29473 1968.26936  3.25%  39.7 40998s
 3288856 961630 1974.89131   54  165 2034.29473 1968.27684  3.25%  39.7 41014s
 3289387 961634 2025.53380   49   22 2034.29473 1968.28516  3.24%  39.7 41020s
 3289464 961823 1997.89661   72  144 2034.29473 1968.28567  3.24%  39.7 41042s
 3290139 961912 2019.45314   58    6 2034.29473 1968.28965  3.24%  39.7 41054s
 3290559 961978 2000.39363   73  185 2034.29473 1968.29329  3.24%  39.7 41060s
 3290736 962107 2011.71575   62   16 2034.29473 1968.29356  3.24%  39.7 41076s
 3291334 962143     cutoff   84      2034.29473 1968.30039  3.24%  39.7 41082s
 3291488 962284 2032.15203   69  114 2034.29473 1968.30169  3.24%  39.7 41101s
 3292110 962378 infeasible   63      2034.29473 1968.30663  3.24%  39.7 41117s
 3292574 962405     cutoff   82      2034.29473 1968.31193  3.24%  39.7 41121s
 3292649 962534 2033.67659   82    3 2034.29473 1968.31283  3.24%  39.7 41143s
 3293329 962642 2028.51835   64   84 2034.29473 1968.31959  3.24%  39.7 41206s
 3293981 962637     cutoff   71      2034.29473 1968.32638  3.24%  39.7 41233s
 3293994 962632 1969.38322   76  103 2034.29473 1968.32666  3.24%  39.7 41241s
 3294027 962645 1976.37729   77  109 2034.29473 1968.32666  3.24%  39.7 41249s
 3294054 962651 1996.43524   77   79 2034.29473 1968.32666  3.24%  39.7 41256s
 3294112 962761 1997.29533   78   72 2034.29473 1968.32666  3.24%  39.7 41273s
 3294487 962762 2005.85093   79   66 2034.29473 1968.32806  3.24%  39.7 41282s
 3294528 962787 1999.48375   78   90 2034.29473 1968.32902  3.24%  39.7 41297s
 3294749 962955     cutoff   81      2034.29473 1968.32999  3.24%  39.7 41330s
 3295501 962957 1975.25808   74  202 2034.29473 1968.34193  3.24%  39.7 41338s
 3295583 963215     cutoff   78      2034.29473 1968.34268  3.24%  39.7 41360s
 3296514 963259 1976.29404   83  148 2034.29473 1968.34929  3.24%  39.7 41368s
 3296771 963436 2000.93124   55  110 2034.29473 1968.35112  3.24%  39.7 41391s
 3297542 963443 2024.16792   71   78 2034.29473 1968.35942  3.24%  39.7 41395s
 3297629 963632 1994.15524   82  173 2034.29473 1968.35942  3.24%  39.7 41419s
 3298258 963729 2026.53234   62   32 2034.29473 1968.36693  3.24%  39.7 41430s
 3298734 963807     cutoff   77      2034.29473 1968.37119  3.24%  39.7 41440s
 3299092 963937 infeasible   51      2034.29473 1968.37401  3.24%  39.7 41461s
 3299739 963968 1990.75217   72   84 2034.29473 1968.37930  3.24%  39.7 41468s
 3299871 964203 2014.73827   77  114 2034.29473 1968.37992  3.24%  39.7 41488s
 3300549 964333 2028.50380   76    4 2034.29473 1968.38621  3.24%  39.7 41502s
 3301036 964394     cutoff   95      2034.29473 1968.38973  3.24%  39.7 41509s
 3301219 964617 infeasible   49      2034.29473 1968.39218  3.24%  39.7 41525s
 3301971 964746 1988.97375   55  128 2034.29473 1968.39760  3.24%  39.7 41535s
 3302361 964815 infeasible   82      2034.29473 1968.40025  3.24%  39.7 41543s
 3302675 964838 2020.85696   46    5 2034.29473 1968.40473  3.24%  39.7 41549s
 3302912 964917 infeasible   55      2034.29473 1968.40775  3.24%  39.7 41562s
 3303453 964944 2016.12994   90  140 2034.29473 1968.41200  3.24%  39.7 41566s
 3303623 965209 2033.75860   98   98 2034.29473 1968.41253  3.24%  39.7 41618s
 3304410 965326 2022.12932   77  230 2034.29473 1968.42036  3.24%  39.7 41628s
 3304837 965331 infeasible   48      2034.29473 1968.42539  3.24%  39.7 41633s
 3304904 965398 1990.63114   60  102 2034.29473 1968.42539  3.24%  39.7 41641s
 3305112 965567 2010.52590   76  186 2034.29473 1968.42852  3.24%  39.7 41656s
 3305544 965598     cutoff   63      2034.29473 1968.43048  3.24%  39.7 41662s
 3305684 965679     cutoff   62      2034.29473 1968.43117  3.24%  39.7 41675s
 3306151 965820 infeasible   78      2034.29473 1968.43551  3.24%  39.7 41688s
 3306621 965821 infeasible   97      2034.29473 1968.44185  3.24%  39.7 41691s
 3306678 965912 1982.47707   78  146 2034.29473 1968.44336  3.24%  39.7 41710s
 3307254 965985 infeasible   67      2034.29473 1968.45195  3.24%  39.7 41720s
 3307516 966074 1998.48765   81   99 2034.29473 1968.45406  3.24%  39.7 41733s
 3307995 966127 2025.76049   71   29 2034.29473 1968.45773  3.24%  39.7 41744s
 3308162 966291 2002.84965   71   93 2034.29473 1968.45799  3.24%  39.7 41760s
 3308667 966381     cutoff   59      2034.29473 1968.46261  3.24%  39.7 41772s
 3309070 966438     cutoff   51      2034.29473 1968.46662  3.24%  39.7 41781s
 3309260 966599     cutoff   72      2034.29473 1968.46747  3.24%  39.7 41804s
 3309851 966624     cutoff   73      2034.29473 1968.47056  3.24%  39.7 41811s
 3310018 966729 2026.39873   62    4 2034.29473 1968.47286  3.24%  39.7 41822s
 3310446 966805     cutoff   84      2034.29473 1968.47575  3.24%  39.7 41833s
 3310856 966804     cutoff   97      2034.29473 1968.48120  3.24%  39.7 41841s
 3311035 966908 infeasible  100      2034.29473 1968.48755  3.23%  39.7 41857s
 3311646 966973 infeasible   69      2034.29473 1968.49369  3.23%  39.7 41866s
 3311939 967060 infeasible   61      2034.29473 1968.50020  3.23%  39.7 41879s
 3312491 967075 2019.13646   70  116 2034.29473 1968.50567  3.23%  39.7 41885s
 3312596 967263 1970.26881   64  203 2034.29473 1968.50888  3.23%  39.7 41896s
 3313099 967353     cutoff   53      2034.29473 1968.51288  3.23%  39.7 41906s
 3313499 967358 infeasible   64      2034.29473 1968.51322  3.23%  39.7 41911s
 3313557 967471 2025.70201   68  109 2034.29473 1968.51358  3.23%  39.7 41920s
 3313969 967466 2027.73187   66   40 2034.29473 1968.51573  3.23%  39.7 41954s
 3314057 967722 2026.58997   46   99 2034.29473 1968.51775  3.23%  39.7 42005s
 3315390 967724 2010.31781   63  104 2034.29473 1968.52334  3.23%  39.7 42015s
 3315491 967980 1969.91708   63  239 2034.29473 1968.52376  3.23%  39.7 42045s
 3316534 968036 2019.82915   62   76 2034.29473 1968.54421  3.23%  39.7 42052s
 3316698 968191 1994.36059   80  195 2034.29473 1968.54527  3.23%  39.7 42082s
 3317579 968399 2026.02611   70  158 2034.29473 1968.55227  3.23%  39.7 42103s
 3318236 968519     cutoff   90      2034.29473 1968.55476  3.23%  39.7 42120s
 3318837 968522     cutoff   69      2034.29473 1968.56424  3.23%  39.7 42125s
 3318900 968737 1994.94521   43  160 2034.29473 1968.56482  3.23%  39.7 42143s
 3319661 968892 infeasible   88      2034.29473 1968.57071  3.23%  39.7 42156s
 3320413 969081 1968.80112   76  222 2034.29473 1968.57835  3.23%  39.7 42171s
 3321125 969185 2026.40804   84   74 2034.29473 1968.58555  3.23%  39.7 42189s
 3321759 969190 1987.09211   55    9 2034.29473 1968.59463  3.23%  39.7 42196s
 3321874 969416 infeasible   75      2034.29473 1968.59652  3.23%  39.7 42214s
 3322540 969579 1968.63845   54   94 2034.29473 1968.60188  3.23%  39.7 42236s
 3323087 969623     cutoff   94      2034.29473 1968.60424  3.23%  39.7 42244s
 3323236 969729 infeasible   94      2034.29473 1968.60526  3.23%  39.7 42262s
 3323856 969832 2017.36046   49  122 2034.29473 1968.60933  3.23%  39.7 42275s
 3324369 969859     cutoff   61      2034.29473 1968.61562  3.23%  39.7 42323s
 3324545 970276 infeasible   50      2034.29473 1968.61618  3.23%  39.7 42361s
 3326125 970299 2009.20988   63   74 2034.29473 1968.63250  3.23%  39.7 42365s
 3326207 970339 2027.51800   72  171 2034.29473 1968.63410  3.23%  39.7 42373s
 3326441 970455 infeasible   91      2034.29473 1968.63837  3.23%  39.7 42390s
 3327031 970474 1974.00874   72  120 2034.29473 1968.64358  3.23%  39.7 42396s
 3327164 970661     cutoff   82      2034.29473 1968.64387  3.23%  39.7 42412s
 3327842 970710 1972.28649   78  202 2034.29473 1968.64938  3.23%  39.7 42418s
 3328160 970758 2023.08037   60  100 2034.29473 1968.65042  3.23%  39.7 42427s
 3328468 970781 1970.94393   68  202 2034.29473 1968.65616  3.23%  39.7 42436s
 3328701 970846 2019.47169   65    7 2034.29473 1968.65950  3.23%  39.7 42452s
 3329105 970901 1968.68930   63  218 2034.29473 1968.66439  3.23%  39.7 42462s
 3329351 971192 infeasible   63      2034.29473 1968.66638  3.23%  39.7 42482s
 3330114 971213     cutoff   76      2034.29473 1968.67569  3.23%  39.7 42488s
 3330242 971430 2030.10886   61  129 2034.29473 1968.67603  3.23%  39.7 42500s
 3330930 971711 2021.64748   52  105 2034.29473 1968.68351  3.23%  39.7 42516s
 3331615 971709 2025.67448   64  120 2034.29473 1968.68668  3.23%  39.7 42522s
 3331682 971934 1984.39921   49  164 2034.29473 1968.68863  3.23%  39.7 42538s
 3332303 972003 2018.65854   56   10 2034.29473 1968.69413  3.22%  39.7 42547s
 3332686 972019     cutoff   83      2034.29473 1968.69723  3.22%  39.7 42558s
 3332950 972091 2023.29488   72   25 2034.29473 1968.69863  3.22%  39.7 42567s
 3333282 972140 1996.63349   49  169 2034.29473 1968.70520  3.22%  39.7 42573s
 3333545 972174 2014.49635   96   13 2034.29473 1968.70542  3.22%  39.7 42579s
 3333748 972259 2016.84266   59   84 2034.29473 1968.70545  3.22%  39.7 42591s
 3334241 972268 2029.97780   64    4 2034.29473 1968.71495  3.22%  39.7 42598s
 3334342 972381 2030.38025   71   99 2034.29473 1968.71554  3.22%  39.7 42615s
 3334856 972507 1980.76598  107   94 2034.29473 1968.72361  3.22%  39.7 42670s
 3335584 972513 1969.88460   87  223 2034.29473 1968.73352  3.22%  39.7 42675s
 3335633 972590 infeasible   91      2034.29473 1968.73359  3.22%  39.7 42692s
 3336097 972622 infeasible   70      2034.29473 1968.73682  3.22%  39.7 42700s
 3336280 972774 1981.17399   77   80 2034.29473 1968.73762  3.22%  39.7 42717s
 3336879 972762 infeasible   73      2034.29473 1968.74416  3.22%  39.7 42721s
 3336973 972857 infeasible   97      2034.29473 1968.74726  3.22%  39.7 42733s
 3337519 972884 1969.54501   52  197 2034.29473 1968.75256  3.22%  39.7 42737s
 3337625 972993 1968.75996   67  196 2034.29473 1968.75456  3.22%  39.7 42747s
 3338147 973078     cutoff   66      2034.29473 1968.75840  3.22%  39.7 42760s
 3338701 973108 infeasible   54      2034.29473 1968.76545  3.22%  39.7 42765s
 3338830 973241     cutoff   60      2034.29473 1968.76608  3.22%  39.7 42775s
 3339387 973333     cutoff   80      2034.29473 1968.77238  3.22%  39.7 42784s
 3339764 973440 2024.79991   70    6 2034.29473 1968.77451  3.22%  39.7 42792s
 3340101 973461 2028.54753   85   82 2034.29473 1968.77588  3.22%  39.7 42797s
 3340190 973665 infeasible   90      2034.29473 1968.77588  3.22%  39.7 42810s
 3340782 973684     cutoff   71      2034.29473 1968.77958  3.22%  39.7 42816s
 3341063 973764     cutoff   74      2034.29473 1968.78247  3.22%  39.7 42824s
 3341596 973774 2003.12801   86  131 2034.29473 1968.78779  3.22%  39.7 42826s
 3341663 973998 2017.80998   52  117 2034.29473 1968.78908  3.22%  39.7 42842s
 3342290 974144 infeasible   80      2034.29473 1968.79463  3.22%  39.7 42853s
 3342801 974159 2020.05426   68   23 2034.29473 1968.79485  3.22%  39.7 42862s
 3342951 974277 1969.05833   68  163 2034.29473 1968.80025  3.22%  39.7 42877s
 3343573 974324     cutoff   79      2034.29473 1968.80856  3.22%  39.7 42889s
 3343822 974494 2000.08750   75   98 2034.29473 1968.80941  3.22%  39.7 42904s
 3344454 974498 2021.19629   79   60 2034.29473 1968.81458  3.22%  39.7 42908s
 3344523 974607 1985.26697   79   86 2034.29473 1968.81689  3.22%  39.7 42918s
 3345039 974630 2028.45549   62   34 2034.29473 1968.82009  3.22%  39.7 42926s
 3345302 974829 1999.54869   63   13 2034.29473 1968.82265  3.22%  39.7 42988s
 3345969 974829 infeasible   64      2034.29473 1968.82961  3.22%  39.7 42993s
 3346014 974939 1971.87430   49  115 2034.29473 1968.83132  3.22%  39.7 43011s
 3346571 974920     cutoff   56      2034.29473 1968.83632  3.22%  39.7 43019s
 3346700 975019 1969.19912   67  190 2034.29473 1968.84051  3.22%  39.7 43036s
 3347291 975030 1968.85054   48    4 2034.29473 1968.84705  3.22%  39.7 43040s
 3347329 975238 2023.53754   56   90 2034.29473 1968.84705  3.22%  39.7 43055s
 3348020 975274 infeasible   57      2034.29473 1968.85262  3.22%  39.7 43062s
 3348245 975413 2021.82418   99  113 2034.29473 1968.85419  3.22%  39.7 43075s
 3349025 975552     cutoff   81      2034.29473 1968.86223  3.22%  39.7 43089s
 3349531 975652     cutoff  109      2034.29473 1968.86395  3.22%  39.7 43102s
 3350053 975673 2004.94613   56   50 2034.29473 1968.86788  3.22%  39.7 43107s
 3350136 975728 2004.16227  104  188 2034.29473 1968.86874  3.22%  39.7 43124s
 3350572 975844 infeasible   57      2034.29473 1968.87427  3.22%  39.7 43138s
 3351001 975848     cutoff  102      2034.29473 1968.88034  3.22%  39.7 43141s
 3351037 975993 1998.72700   52  165 2034.29473 1968.88034  3.22%  39.7 43155s
 3351521 976065     cutoff   81      2034.29473 1968.88570  3.22%  39.7 43162s
 3351778 976195     cutoff   87      2034.29473 1968.88830  3.22%  39.7 43174s
 3352385 976231 2013.41021   64  162 2034.29473 1968.89291  3.21%  39.7 43179s
 3352495 976379 2021.96231   59  171 2034.29473 1968.89374  3.21%  39.7 43189s
 3353030 976426 1970.13280   64   94 2034.29473 1968.89564  3.21%  39.7 43201s
 3353525 976568     cutoff   63      2034.29473 1968.90223  3.21%  39.7 43218s
 3354015 976683     cutoff   91      2034.29473 1968.90349  3.21%  39.7 43235s
 3354477 976696     cutoff   71      2034.29473 1968.90798  3.21%  39.7 43244s
 3354580 976831 infeasible   55      2034.29473 1968.90993  3.21%  39.7 43260s
 3355135 976925 infeasible   84      2034.29473 1968.91393  3.21%  39.7 43272s
 3355672 976915 2006.63260   91  183 2034.29473 1968.92046  3.21%  39.6 43321s
 3355975 976998 2024.35290   62   63 2034.29473 1968.92630  3.21%  39.6 43343s
 3356624 977047     cutoff   68      2034.29473 1968.93810  3.21%  39.6 43351s
 3356824 977297 1997.15201   69  177 2034.29473 1968.94014  3.21%  39.6 43374s
 3357793 977304 infeasible   57      2034.29473 1968.95036  3.21%  39.6 43378s
 3357849 977481 2028.45303   57  151 2034.29473 1968.95036  3.21%  39.6 43398s
 3358408 977543 2013.79781   72  140 2034.29473 1968.95596  3.21%  39.6 43409s
 3358759 977574 1968.97226   66   75 2034.29473 1968.95974  3.21%  39.6 43416s
 3359005 977753 1976.17521   79  191 2034.29473 1968.96162  3.21%  39.6 43430s
 3359728 977770     cutoff   88      2034.29473 1968.96456  3.21%  39.6 43435s
 3359855 977955 2024.31481   77   71 2034.29473 1968.96714  3.21%  39.6 43449s
 3360553 977999 infeasible   55      2034.29473 1968.97226  3.21%  39.6 43455s
 3360847 978054     cutoff   60      2034.29473 1968.97470  3.21%  39.6 43461s
 3361142 978070     cutoff   66      2034.29473 1968.97595  3.21%  39.6 43469s
 3361436 978168 2021.54857   71   69 2034.29473 1968.98050  3.21%  39.6 43479s
 3361777 978204     cutoff   61      2034.29473 1968.98322  3.21%  39.6 43485s
 3361980 978400 1992.10288   56  171 2034.29473 1968.98322  3.21%  39.6 43497s
 3362617 978436 1969.48905   61  188 2034.29473 1968.99193  3.21%  39.6 43502s
 3362769 978605 2006.44960   84  158 2034.29473 1968.99291  3.21%  39.6 43513s
 3363479 978714 2023.58208   76    5 2034.29473 1968.99801  3.21%  39.6 43528s
 3364025 978728 infeasible   46      2034.29473 1969.00189  3.21%  39.6 43532s
 3364091 978884 1972.36277   67  248 2034.29473 1969.00292  3.21%  39.6 43546s
 3364665 978986 2027.63772   84  176 2034.29473 1969.01159  3.21%  39.6 43565s
 3365271 979016     cutoff   83      2034.29473 1969.01866  3.21%  39.6 43573s
 3365408 979222     cutoff   51      2034.29473 1969.01880  3.21%  39.6 43587s
 3366024 979365 2000.95463   62   73 2034.29473 1969.02534  3.21%  39.6 43653s
 3366671 979383 infeasible   54      2034.29473 1969.02909  3.21%  39.6 43658s
 3366752 979600 2028.47429   71  113 2034.29473 1969.02978  3.21%  39.6 43673s
 3367380 979613 infeasible   61      2034.29473 1969.03487  3.21%  39.6 43680s
 3367545 979777 1986.73533   56   63 2034.29473 1969.03527  3.21%  39.6 43694s
 3368110 979788 infeasible   80      2034.29473 1969.03965  3.21%  39.6 43699s
 3368201 979934 infeasible   54      2034.29473 1969.03965  3.21%  39.6 43715s
 3368819 980109 infeasible   75      2034.29473 1969.04545  3.21%  39.6 43730s
 3369421 980271 2018.43944   74  111 2034.29473 1969.04916  3.21%  39.6 43743s
 3370000 980304 2017.43574   63  197 2034.29473 1969.05159  3.21%  39.6 43751s
 3370174 980426 infeasible   52      2034.29473 1969.05159  3.21%  39.6 43762s
 3370653 980424 1983.39563  101  155 2034.29473 1969.06032  3.21%  39.6 43768s
 3370720 980530 1974.74441   62  177 2034.29473 1969.06133  3.21%  39.6 43786s
 3371239 980529     cutoff   57      2034.29473 1969.06477  3.21%  39.6 43794s
 3371349 980706 1969.08240   71  228 2034.29473 1969.06653  3.21%  39.6 43811s
 3371956 980690 2023.50341   63   95 2034.29473 1969.06961  3.21%  39.6 43817s
 3372048 980814 2029.47187   71  152 2034.29473 1969.07205  3.21%  39.6 43827s
 3372519 980894 infeasible  114      2034.29473 1969.07418  3.21%  39.6 43834s
 3372904 980996 2026.07304   67   98 2034.29473 1969.08394  3.21%  39.6 43845s
 3373319 981031 2011.29716   60   52 2034.29473 1969.08636  3.21%  39.6 43851s
 3373438 981178 1971.98776   91  181 2034.29473 1969.08691  3.21%  39.6 43866s
 3373959 981266     cutoff   63      2034.29473 1969.08942  3.21%  39.6 43884s
 3374481 981275 infeasible   71      2034.29473 1969.09688  3.20%  39.6 43892s
 3374603 981361 infeasible   52      2034.29473 1969.09940  3.20%  39.6 43907s
 3375124 981372 infeasible   75      2034.29473 1969.10336  3.20%  39.6 43917s
 3375326 981501 1970.70989   75  236 2034.29473 1969.10512  3.20%  39.6 43926s
 3375897 981502     cutoff   72      2034.29473 1969.10892  3.20%  39.6 43931s
 3375940 981594 2020.37597   57  199 2034.29473 1969.10925  3.20%  39.6 43942s
 3376380 981764 infeasible   76      2034.29473 1969.11194  3.20%  39.6 44017s
 3377120 981765 2029.88846   60   59 2034.29473 1969.11850  3.20%  39.6 44020s
 3377163 981886 2016.83128   67   31 2034.29473 1969.11886  3.20%  39.6 44032s
 3377611 981902 2021.34120   60  113 2034.29473 1969.12509  3.20%  39.6 44038s
 3377775 982087     cutoff   89      2034.29473 1969.12509  3.20%  39.6 44056s
 3378330 982096 2012.43632   60  190 2034.29473 1969.13110  3.20%  39.6 44061s
 3378379 982161 1998.34138   56  170 2034.29473 1969.13340  3.20%  39.6 44075s
 3378899 982266 infeasible   70      2034.29473 1969.13667  3.20%  39.6 44088s
 3379400 982285 2017.84210   82   41 2034.29473 1969.14117  3.20%  39.6 44091s
 3379446 982443 2018.84280   84   41 2034.29473 1969.14117  3.20%  39.6 44100s
 3380034 982504 infeasible   48      2034.29473 1969.14486  3.20%  39.6 44107s
 3380249 982623 1976.25904   60   49 2034.29473 1969.14508  3.20%  39.6 44115s
 3380703 982638     cutoff   62      2034.29473 1969.14787  3.20%  39.6 44122s
 3380772 982747 2022.26900   63   91 2034.29473 1969.14933  3.20%  39.6 44133s
 3381311 982758 infeasible   65      2034.29473 1969.15442  3.20%  39.6 44137s
 3381445 982830 1998.23125  105  177 2034.29473 1969.15658  3.20%  39.6 44145s
 3381910 982852 infeasible   77      2034.29473 1969.16355  3.20%  39.6 44151s
 3382132 982916 1993.88779   63   30 2034.29473 1969.16580  3.20%  39.6 44161s
 3382753 982977 infeasible   57      2034.29473 1969.17421  3.20%  39.6 44174s
 3383226 983003 1976.67501   62   73 2034.29473 1969.18191  3.20%  39.6 44184s
 3383495 983043 infeasible   87      2034.29473 1969.18456  3.20%  39.6 44195s
 3383771 983111     cutoff   78      2034.29473 1969.18701  3.20%  39.6 44213s
 3384234 983111 2009.46294   61   37 2034.29473 1969.19219  3.20%  39.6 44219s
 3384381 983222 infeasible   44      2034.29473 1969.19340  3.20%  39.6 44236s
 3385055 983461 infeasible   92      2034.29473 1969.19530  3.20%  39.6 44254s
 3385746 983473 2010.21092   60  155 2034.29473 1969.20007  3.20%  39.6 44260s
 3385820 983635 2011.84705   65  171 2034.29473 1969.20166  3.20%  39.6 44276s
 3386425 983773 2021.39368   72  154 2034.29473 1969.20563  3.20%  39.6 44291s
 3386979 983792 infeasible   66      2034.29473 1969.21036  3.20%  39.6 44340s
 3387113 984123 2020.02019   62   75 2034.29473 1969.21231  3.20%  39.6 44382s
 3388919 984126 2010.54130   61   43 2034.29473 1969.22683  3.20%  39.6 44404s
 3388923 984128 infeasible   61      2034.29473 1969.22683  3.20%  39.6 44413s
 3388938 984136     cutoff   59      2034.29473 1969.22766  3.20%  39.6 44419s
 3388975 984128 2020.88165   88   79 2034.29473 1969.22766  3.20%  39.6 44427s
 3389037 984140 infeasible   57      2034.29473 1969.22882  3.20%  39.6 44433s
 3389129 984322 infeasible   77      2034.29473 1969.22882  3.20%  39.6 44457s
 3389809 984436 2024.97688   86   14 2034.29473 1969.23075  3.20%  39.6 44478s
 3390443 984439 2027.69459   75   89 2034.29473 1969.23763  3.20%  39.6 44484s
 3390528 984593 1979.00019   82   74 2034.29473 1969.24122  3.20%  39.6 44504s
 3391224 984688 1969.89563   51  114 2034.29473 1969.24718  3.20%  39.6 44521s
 3391685 984673 2017.95621   93   19 2034.29473 1969.25047  3.20%  39.6 44525s
 3391801 984850 1969.58858   82  218 2034.29473 1969.25111  3.20%  39.6 44535s
 3392530 984929 infeasible   75      2034.29473 1969.25810  3.20%  39.6 44542s
 3392748 985175 1976.11227   71  228 2034.29473 1969.26086  3.20%  39.6 44557s
 3393531 985174     cutoff   71      2034.29473 1969.26194  3.20%  39.6 44562s
 3393598 985304 infeasible   75      2034.29473 1969.26288  3.20%  39.6 44577s
 3394169 985299 2024.94323   76  111 2034.29473 1969.26705  3.20%  39.6 44581s
 3394225 985420     cutoff   77      2034.29473 1969.26737  3.20%  39.6 44597s
 3394850 985408 infeasible   77      2034.29473 1969.27358  3.20%  39.6 44602s
 3394910 985541 2027.07784   60  130 2034.29473 1969.27471  3.20%  39.6 44617s
 3395472 985603 2025.36324   66  108 2034.29473 1969.27835  3.20%  39.6 44630s
 3395765 985678 infeasible   70      2034.29473 1969.28334  3.20%  39.6 44644s
 3396159 985681 1995.83120   72  166 2034.29473 1969.28921  3.20%  39.6 44655s
 3396276 985765 2033.06074   75  171 2034.29473 1969.29098  3.20%  39.6 44673s
 3396840 985778 1986.50936   71  169 2034.29473 1969.29551  3.20%  39.6 44677s
 3396930 985849 2033.47653   63   53 2034.29473 1969.29646  3.20%  39.6 44689s
 3397441 986011 2026.30681   63    4 2034.29473 1969.30207  3.19%  39.6 44755s
 3398188 986071 1972.11407   60  210 2034.29473 1969.31015  3.19%  39.6 44767s
 3398627 986120 infeasible   79      2034.29473 1969.31357  3.19%  39.6 44773s
 3398812 986257 2021.53030   76   90 2034.29473 1969.31463  3.19%  39.6 44795s
 3399447 986261 2017.54083  122    5 2034.29473 1969.32075  3.19%  39.6 44800s
 3399517 986388 2021.69011  122   27 2034.29473 1969.32234  3.19%  39.6 44818s
 3400121 986550 infeasible   53      2034.29473 1969.32681  3.19%  39.6 44834s
 3400692 986560     cutoff   55      2034.29473 1969.33688  3.19%  39.6 44837s
 3400812 986574 infeasible   73      2034.29473 1969.33688  3.19%  39.6 44841s
 3401016 986738 infeasible   69      2034.29473 1969.33901  3.19%  39.6 44856s
 3401632 986764 infeasible   70      2034.29473 1969.34429  3.19%  39.6 44864s
 3401820 986947     cutoff   73      2034.29473 1969.34915  3.19%  39.6 44882s
 3402319 987027 infeasible   71      2034.29473 1969.35226  3.19%  39.6 44891s
 3402494 987162     cutoff   77      2034.29473 1969.35228  3.19%  39.6 44911s
 3403153 987263     cutoff   76      2034.29473 1969.35489  3.19%  39.6 44930s
 3403695 987260     cutoff   61      2034.29473 1969.36151  3.19%  39.6 44936s
 3403746 987449 2028.51376   64  176 2034.29473 1969.36253  3.19%  39.6 44956s
 3404468 987592 1983.21606   76  169 2034.29473 1969.36988  3.19%  39.6 44971s
 3405075 987587 infeasible   70      2034.29473 1969.37809  3.19%  39.6 44976s
 3405134 987700 2023.56054   63   48 2034.29473 1969.37928  3.19%  39.6 44994s
 3405615 987783 1994.61060   40  122 2034.29473 1969.38254  3.19%  39.6 45007s
 3406002 987798     cutoff   65      2034.29473 1969.38991  3.19%  39.6 45015s
 3406147 987855     cutoff   75      2034.29473 1969.39086  3.19%  39.6 45031s
 3406623 987900 2017.45600   61   91 2034.29473 1969.39951  3.19%  39.6 45040s
 3406785 988064 1993.72366   60   86 2034.29473 1969.39951  3.19%  39.6 45059s
 3407374 988079 2025.40092   49  113 2034.29473 1969.40525  3.19%  39.6 45063s
 3407478 988241 2025.60845   53  113 2034.29473 1969.40607  3.19%  39.6 45076s
 3408011 988410 2032.33644   67   39 2034.29473 1969.41274  3.19%  39.6 45163s
 3408770 988402     cutoff   70      2034.29473 1969.41814  3.19%  39.6 45168s
 3408817 988520     cutoff   71      2034.29473 1969.41949  3.19%  39.6 45183s
 3409356 988526 infeasible   50      2034.29473 1969.42556  3.19%  39.6 45187s
 3409394 988600     cutoff   52      2034.29473 1969.42556  3.19%  39.6 45200s
 3409879 988606 2015.20724   62   31 2034.29473 1969.43104  3.19%  39.6 45206s
 3409934 988701 infeasible   63      2034.29473 1969.43119  3.19%  39.6 45221s
 3410378 988725 2023.97971   85  121 2034.29473 1969.43641  3.19%  39.6 45232s
 3410610 988932 1971.60776   56  145 2034.29473 1969.43807  3.19%  39.6 45247s
 3411210 988935     cutoff   64      2034.29473 1969.44183  3.19%  39.6 45252s
 3411256 989022 2030.11181   65  157 2034.29473 1969.44204  3.19%  39.6 45266s
 3411720 989040 2018.30725   53  102 2034.29473 1969.44290  3.19%  39.6 45272s
 3411825 989122 2024.52469   55  147 2034.29473 1969.44476  3.19%  39.6 45288s
 3412338 989177     cutoff   72      2034.29473 1969.45354  3.19%  39.6 45293s
 3412538 989237 2020.39762   58  117 2034.29473 1969.45540  3.19%  39.6 45309s
 3412987 989252     cutoff   82      2034.29473 1969.45723  3.19%  39.6 45315s
 3413090 989364 infeasible   77      2034.29473 1969.45753  3.19%  39.6 45329s
 3413686 989512 2029.75525   62  104 2034.29473 1969.46385  3.19%  39.6 45341s
 3414318 989521 1969.48355   77  208 2034.29473 1969.47144  3.19%  39.6 45347s
 3414405 989633     cutoff   79      2034.29473 1969.47144  3.19%  39.6 45358s
 3414904 989781 1969.78967   75  236 2034.29473 1969.47690  3.19%  39.6 45371s
 3415473 989823 2031.93610   54  133 2034.29473 1969.47993  3.19%  39.6 45379s
 3415556 989898 2031.26110   81   65 2034.29473 1969.48024  3.19%  39.6 45388s
 3416023 990035 infeasible   74      2034.29473 1969.48677  3.19%  39.6 45401s
 3416582 990026     cutoff   60      2034.29473 1969.49102  3.19%  39.6 45407s
 3416640 990170 infeasible   79      2034.29473 1969.49231  3.19%  39.6 45423s
 3417182 990177 infeasible   72      2034.29473 1969.49581  3.19%  39.6 45426s
 3417249 990275 infeasible   81      2034.29473 1969.49629  3.19%  39.6 45438s
 3417777 990315     cutoff   75      2034.29473 1969.49988  3.19%  39.6 45442s
 3417947 990395 2033.21002   45  112 2034.29473 1969.50154  3.19%  39.6 45452s
 3418378 990379 infeasible   77      2034.29473 1969.50627  3.18%  39.6 45520s
 3418514 990820 1969.69366   43   84 2034.29473 1969.50849  3.18%  39.6 45598s
 3420571 990813 infeasible   92      2034.29473 1969.52859  3.18%  39.5 45603s
 3420638 990903     cutoff   69      2034.29473 1969.52982  3.18%  39.5 45613s
 3420928 991034 1975.29011   74  268 2034.29473 1969.53108  3.18%  39.5 45627s
 3421426 991041     cutoff   72      2034.29473 1969.53340  3.18%  39.5 45632s
 3421488 991198 1997.71661   59  197 2034.29473 1969.53340  3.18%  39.5 45654s
 3422037 991267     cutoff   81      2034.29473 1969.53785  3.18%  39.5 45670s
 3422347 991328     cutoff   89      2034.29473 1969.54237  3.18%  39.5 45683s
 3422666 991389 2009.60904   62  105 2034.29473 1969.54501  3.18%  39.5 45692s
 3422903 991477 1969.56033   65  175 2034.29473 1969.54550  3.18%  39.5 45709s
 3423491 991484 2006.48995   76   92 2034.29473 1969.54899  3.18%  39.5 45715s
 3423572 991677 2008.57601   58  117 2034.29473 1969.54999  3.18%  39.5 45736s
 3424162 991836     cutoff   62      2034.29473 1969.55322  3.18%  39.5 45757s
 3424837 991840     cutoff   79      2034.29473 1969.55894  3.18%  39.5 45763s
 3424871 991873 2000.65026   63  184 2034.29473 1969.55991  3.18%  39.5 45774s
 3425124 991946 2013.09987   69  171 2034.29473 1969.56417  3.18%  39.5 45785s
 3425507 991961 2018.55183   64    4 2034.29473 1969.56785  3.18%  39.5 45795s
 3425732 992057 1994.88776   60  180 2034.29473 1969.57205  3.18%  39.5 45810s
 3426164 992094 2028.00694   66   86 2034.29473 1969.57664  3.18%  39.5 45818s
 3426305 992220 2030.70435   70    9 2034.29473 1969.57714  3.18%  39.5 45837s
 3426842 992374 infeasible   76      2034.29473 1969.58102  3.18%  39.5 45855s
 3427533 992546 2025.76556   73   61 2034.29473 1969.58735  3.18%  39.5 45877s
 3428181 992662 infeasible   71      2034.29473 1969.59300  3.18%  39.5 45895s
 3428727 992694     cutoff   75      2034.29473 1969.59929  3.18%  39.5 45959s
 3428923 993007 2014.36459   61   54 2034.29473 1969.60084  3.18%  39.5 46002s
 3430332 993024     cutoff   64      2034.29473 1969.61497  3.18%  39.5 46006s
 3430415 993135 2032.89927   68    4 2034.29473 1969.61761  3.18%  39.5 46018s
 3430908 993148 infeasible   85      2034.29473 1969.62181  3.18%  39.5 46026s
 3431233 993241 1971.86093   62   56 2034.29473 1969.63003  3.18%  39.5 46035s
 3431637 993254 2023.44833   64   94 2034.29473 1969.63351  3.18%  39.5 46040s
 3431751 993344 1969.63351   58  103 2034.29473 1969.63351  3.18%  39.5 46057s
 3432239 993384     cutoff   92      2034.29473 1969.63820  3.18%  39.5 46063s
 3432355 993515 2026.30141  101  151 2034.29473 1969.63962  3.18%  39.5 46084s
 3433034 993522 2033.73666   56  149 2034.29473 1969.64633  3.18%  39.5 46098s
 3433099 993529 infeasible   57      2034.29473 1969.64656  3.18%  39.5 46106s
 3433151 993590 1970.56596   57  217 2034.29473 1969.64889  3.18%  39.5 46125s
 3433517 993590 2018.96136   54   56 2034.29473 1969.65050  3.18%  39.5 46132s
 3433571 993675 2005.69146   66   93 2034.29473 1969.65200  3.18%  39.5 46151s
 3433940 993678 1971.42660   62  169 2034.29473 1969.65525  3.18%  39.5 46159s
 3434042 993701 infeasible   63      2034.29473 1969.65602  3.18%  39.5 46176s
 3434369 993817 1996.65633   66  169 2034.29473 1969.66399  3.18%  39.5 46189s
 3434819 993823 1977.62889   77  146 2034.29473 1969.66967  3.18%  39.5 46193s
 3434920 994016 1996.93111   79  170 2034.29473 1969.67131  3.18%  39.5 46212s
 3435631 994085 infeasible   43      2034.29473 1969.67513  3.18%  39.5 46229s
 3435927 994138 infeasible   53      2034.29473 1969.67931  3.18%  39.5 46240s
 3436143 994280 2027.42825   78   91 2034.29473 1969.68053  3.18%  39.5 46263s
 3436825 994342 infeasible  100      2034.29473 1969.68724  3.18%  39.5 46278s
 3437193 994473     cutoff   74      2034.29473 1969.68888  3.18%  39.5 46295s
 3437757 994473     cutoff   69      2034.29473 1969.69188  3.18%  39.5 46300s
 3437858 994562 2025.16198   96   79 2034.29473 1969.69371  3.18%  39.5 46323s
 3438482 994625     cutoff   90      2034.29473 1969.69824  3.18%  39.5 46338s
 3438896 994652 1970.64940   75  203 2034.29473 1969.70424  3.18%  39.5 46351s
 3439143 994759 2002.70915   83  119 2034.29473 1969.70695  3.17%  39.5 46427s
 3439868 994759 infeasible   59      2034.29473 1969.71220  3.17%  39.5 46434s
 3439946 994891 1997.00985   64  101 2034.29473 1969.71220  3.17%  39.5 46451s
 3440515 994905 1991.37974   55   50 2034.29473 1969.72405  3.17%  39.5 46456s
 3440581 994939     cutoff   61      2034.29473 1969.72405  3.17%  39.5 46467s
 3440938 994973     cutoff   74      2034.29473 1969.72652  3.17%  39.5 46474s
 3441115 995088     cutoff   82      2034.29473 1969.72652  3.17%  39.5 46491s
 3441697 995136     cutoff   53      2034.29473 1969.72870  3.17%  39.5 46498s
 3441809 995279 infeasible   79      2034.29473 1969.73368  3.17%  39.5 46517s
 3442374 995389 2023.06135   58  251 2034.29473 1969.73680  3.17%  39.5 46532s
 3442893 995441 2001.26303   84   85 2034.29473 1969.74101  3.17%  39.5 46540s
 3443036 995593 2028.33369   56   34 2034.29473 1969.74206  3.17%  39.5 46558s
 3443673 995611 1999.95139   56   77 2034.29473 1969.74756  3.17%  39.5 46566s
 3443829 995742 infeasible   60      2034.29473 1969.74951  3.17%  39.5 46587s
 3444462 995746 1969.99528   67  224 2034.29473 1969.75724  3.17%  39.5 46591s
 3444516 995967 2005.16064   69  103 2034.29473 1969.75828  3.17%  39.5 46608s
 3445073 996058 infeasible   70      2034.29473 1969.75965  3.17%  39.5 46619s
 3445401 996155 1970.45101   58  131 2034.29473 1969.76246  3.17%  39.5 46634s
 3445890 996171     cutoff   80      2034.29473 1969.76643  3.17%  39.5 46641s
 3445994 996215     cutoff   83      2034.29473 1969.76643  3.17%  39.5 46656s
 3446521 996280 infeasible   55      2034.29473 1969.77012  3.17%  39.5 46676s
 3447070 996295 2012.75175   59   87 2034.29473 1969.77717  3.17%  39.5 46682s
 3447120 996496 infeasible   66      2034.29473 1969.77760  3.17%  39.5 46698s
 3447727 996551     cutoff   47      2034.29473 1969.78482  3.17%  39.5 46709s
 3448028 996666 1999.13378   87   72 2034.29473 1969.78570  3.17%  39.5 46723s
 3448498 996676 infeasible   62      2034.29473 1969.79077  3.17%  39.5 46729s
 3448590 996755 2030.73708   73  183 2034.29473 1969.79276  3.17%  39.5 46746s
 3449175 996963 2000.39078   79  148 2034.29473 1969.79913  3.17%  39.5 46763s
 3449809 996975     cutoff   64      2034.29473 1969.80518  3.17%  39.5 46812s
 3449919 997527 2014.91765   72   44 2034.29473 1969.80556  3.17%  39.5 46889s
 3452885 997522 infeasible  109      2034.29473 1969.82567  3.17%  39.5 46893s
 3452956 997538 2000.87435   71  137 2034.29473 1969.82704  3.17%  39.5 46897s
 3453016 997729 infeasible   75      2034.29473 1969.82704  3.17%  39.5 46915s
 3453643 997746 infeasible   76      2034.29473 1969.83103  3.17%  39.5 46925s
 3453879 997865 1974.38949   63   96 2034.29473 1969.83297  3.17%  39.5 46938s
 3454298 997889 1969.87442   88   95 2034.29473 1969.83683  3.17%  39.5 46943s
 3454353 998003 2019.17604   71  139 2034.29473 1969.83683  3.17%  39.5 46964s
 3454947 998163 2029.46942   56  121 2034.29473 1969.84288  3.17%  39.5 46977s
 3455461 998190     cutoff   68      2034.29473 1969.84656  3.17%  39.5 46982s
 3455568 998300 2018.97121   77   13 2034.29473 1969.84798  3.17%  39.5 46996s
 3456063 998399 1970.29582   73  235 2034.29473 1969.85076  3.17%  39.5 47011s
 3456517 998417 1972.44182   71  198 2034.29473 1969.85651  3.17%  39.5 47018s
 3456634 998575 1972.83609   73  199 2034.29473 1969.85651  3.17%  39.5 47028s
 3457148 998624 1969.87165   51  112 2034.29473 1969.86234  3.17%  39.5 47035s
 3457423 998715 1979.17021   92  180 2034.29473 1969.86543  3.17%  39.5 47046s
 3457839 998739 2004.15213   70  194 2034.29473 1969.86737  3.17%  39.5 47053s
 3457927 998755 1991.95124   72  108 2034.29473 1969.86815  3.17%  39.5 47068s
 3458401 998770 2022.89838   57  110 2034.29473 1969.87452  3.17%  39.5 47077s
 3458644 998794 2011.16456   56  109 2034.29473 1969.87660  3.17%  39.5 47092s
 3459195 998808 infeasible   51      2034.29473 1969.88421  3.17%  39.5 47100s
 3459297 998904 1973.86298   74  176 2034.29473 1969.88539  3.17%  39.5 47115s
 3459790 999008 infeasible   58      2034.29473 1969.88861  3.17%  39.5 47126s
 3460308 998998     cutoff   67      2034.29473 1969.89233  3.17%  39.5 47187s
 3460382 999426 2001.48634   69  106 2034.29473 1969.89314  3.17%  39.5 47302s
 3463492 999443 2003.60868   67   95 2034.29473 1969.90862  3.17%  39.5 47310s
 3463583 999614 1971.85638   53  119 2034.29473 1969.90877  3.17%  39.5 47328s
 3464044 999638 1970.37121   83  214 2034.29473 1969.91144  3.16%  39.5 47337s
 3464153 999905 2004.17613   58   53 2034.29473 1969.91362  3.16%  39.5 47360s
 3464883 999993 2029.67344   67  147 2034.29473 1969.91816  3.16%  39.5 47378s
 3465499 999996 2019.99385   66  167 2034.29473 1969.92644  3.16%  39.5 47383s
 3465575 1000140 infeasible   61      2034.29473 1969.92668  3.16%  39.5 47400s
 3466269 1000293     cutoff   94      2034.29473 1969.93400  3.16%  39.5 47413s
 3466854 1000295 infeasible   61      2034.29473 1969.93755  3.16%  39.5 47420s
 3466973 1000415 1969.97451   52  202 2034.29473 1969.94140  3.16%  39.5 47437s
 3467574 1000418 1998.84681   51  139 2034.29473 1969.94924  3.16%  39.5 47442s
 3467618 1000544     cutoff   58      2034.29473 1969.95073  3.16%  39.5 47457s
 3468180 1000580     cutoff   80      2034.29473 1969.95379  3.16%  39.5 47465s
 3468381 1000669 2013.96168   66  200 2034.29473 1969.95501  3.16%  39.5 47481s
 3468978 1000680 1997.72468   50  145 2034.29473 1969.96103  3.16%  39.5 47491s
 3469038 1000766     cutoff   50      2034.29473 1969.96113  3.16%  39.5 47507s
 3469596 1000804 infeasible   79      2034.29473 1969.96609  3.16%  39.5 47517s
 3469810 1000995 1977.69485   71  202 2034.29473 1969.96731  3.16%  39.5 47538s
 3470473 1001009     cutoff   80      2034.29473 1969.97200  3.16%  39.5 47545s
 3470562 1001072 2023.33385   69    3 2034.29473 1969.97491  3.16%  39.5 47618s
 3471088 1001104     cutoff   72      2034.29473 1969.97945  3.16%  39.5 47631s
 3471417 1001233 infeasible   67      2034.29473 1969.98401  3.16%  39.5 47648s
 3471929 1001249 infeasible   62      2034.29473 1969.98847  3.16%  39.5 47656s
 3472104 1001366 1997.96612   56  193 2034.29473 1969.99089  3.16%  39.5 47671s
 3472645 1001360     cutoff   54      2034.29473 1969.99459  3.16%  39.5 47676s
 3472714 1001435 1973.30581   63  222 2034.29473 1969.99681  3.16%  39.5 47699s
 3473340 1001425 infeasible   69      2034.29473 1970.00227  3.16%  39.5 47709s
 3473472 1001569 2010.54016   61   77 2034.29473 1970.00227  3.16%  39.5 47730s
 3474042 1001624 2022.14101   53  110 2034.29473 1970.00921  3.16%  39.5 47741s
 3474318 1001742 2029.94455   59  173 2034.29473 1970.01012  3.16%  39.5 47755s
 3474874 1001786     cutoff   64      2034.29473 1970.01682  3.16%  39.5 47763s
 3475036 1001963 infeasible   50      2034.29473 1970.01715  3.16%  39.5 47785s
 3475695 1002040 infeasible   71      2034.29473 1970.02384  3.16%  39.5 47791s
 3475887 1002261     cutoff   78      2034.29473 1970.02624  3.16%  39.5 47809s
 3476482 1002399     cutoff   82      2034.29473 1970.02815  3.16%  39.5 47826s
 3477162 1002411 2005.19215   71  212 2034.29473 1970.03731  3.16%  39.5 47832s
 3477243 1002544 infeasible   68      2034.29473 1970.03746  3.16%  39.5 47846s
 3477866 1002669     cutoff   49      2034.29473 1970.04304  3.16%  39.5 47864s
 3478526 1002713     cutoff   70      2034.29473 1970.04918  3.16%  39.5 47873s
 3478653 1002806 1996.73851   85   62 2034.29473 1970.05176  3.16%  39.5 47889s
 3479195 1002941     cutoff   63      2034.29473 1970.05715  3.16%  39.5 47904s
 3479729 1002976 2030.21211   61   37 2034.29473 1970.06058  3.16%  39.5 47913s
 3479936 1003164 infeasible   60      2034.29473 1970.06338  3.16%  39.5 47930s
 3480625 1003215 infeasible   57      2034.29473 1970.06694  3.16%  39.5 47936s
 3480790 1003422 2028.93794   55   64 2034.29473 1970.07063  3.16%  39.5 48012s
 3481533 1003440 1989.00872   88    8 2034.29473 1970.07488  3.16%  39.5 48017s
 3481617 1003575 2021.15567   52   48 2034.29473 1970.07553  3.16%  39.5 48027s
 3482094 1003626 infeasible   81      2034.29473 1970.07889  3.16%  39.5 48033s
 3482239 1003762 2027.34611   93   79 2034.29473 1970.07928  3.16%  39.5 48046s
 3482877 1003767 infeasible   75      2034.29473 1970.08358  3.16%  39.5 48050s
 3482918 1003852     cutoff   83      2034.29473 1970.08480  3.16%  39.5 48065s
 3483432 1003868 infeasible   86      2034.29473 1970.09265  3.16%  39.5 48072s
 3483583 1003931 2023.09023   76  206 2034.29473 1970.09464  3.16%  39.5 48086s
 3484116 1003933 infeasible   53      2034.29473 1970.09758  3.16%  39.5 48091s
 3484211 1004032 1979.90849   76  125 2034.29473 1970.09998  3.16%  39.5 48104s
 3484716 1004101     cutoff   83      2034.29473 1970.10334  3.16%  39.5 48115s
 3485109 1004113 2026.25875   66  102 2034.29473 1970.10845  3.16%  39.5 48120s
 3485202 1004307     cutoff   52      2034.29473 1970.10962  3.16%  39.5 48138s
 3485761 1004328 2024.76805   56  106 2034.29473 1970.11610  3.15%  39.5 48147s
 3485937 1004378 infeasible   73      2034.29473 1970.11912  3.15%  39.5 48157s
 3486137 1004444 1970.12246   48   44 2034.29473 1970.12122  3.15%  39.5 48174s
 3486678 1004484 2020.99197   98   61 2034.29473 1970.12385  3.15%  39.5 48184s
 3487001 1004627 infeasible   74      2034.29473 1970.12598  3.15%  39.5 48199s
 3487617 1004636 2031.07944   69    3 2034.29473 1970.13300  3.15%  39.5 48205s
 3487752 1004819 1970.18881   53   36 2034.29473 1970.13317  3.15%  39.5 48225s
 3488409 1004897 2032.11497   67   89 2034.29473 1970.14034  3.15%  39.5 48241s
 3488923 1004903 infeasible   45      2034.29473 1970.14563  3.15%  39.5 48248s
 3489039 1005053 1989.00926   80  163 2034.29473 1970.14723  3.15%  39.5 48267s
 3489633 1005144 1973.40671   72  234 2034.29473 1970.15125  3.15%  39.5 48286s
 3490204 1005138 2029.47272   61    9 2034.29473 1970.15464  3.15%  39.4 48302s
 3490218 1005123     cutoff   62      2034.29473 1970.15464  3.15%  39.4 48309s
 3490297 1005174 2016.01813   60  184 2034.29473 1970.15694  3.15%  39.5 48318s
 3490504 1005267 1970.99999   64  197 2034.29473 1970.15924  3.15%  39.5 48340s
 3490994 1005345     cutoff   75      2034.29473 1970.16297  3.15%  39.5 48412s
 3491364 1005540     cutoff   63      2034.29473 1970.16403  3.15%  39.5 48439s
 3492142 1005572 2006.89575   86   52 2034.29473 1970.16971  3.15%  39.4 48448s
 3492266 1005745 2026.74269   94   16 2034.29473 1970.16971  3.15%  39.4 48468s
 3492866 1005856 infeasible   62      2034.29473 1970.17590  3.15%  39.4 48487s
 3493545 1005855 2008.44950   55  169 2034.29473 1970.18377  3.15%  39.4 48493s
 3493632 1006078     cutoff   67      2034.29473 1970.18437  3.15%  39.4 48511s
 3494305 1006161 1970.19133   49   81 2034.29473 1970.18808  3.15%  39.4 48527s
 3494758 1006153 infeasible   75      2034.29473 1970.19196  3.15%  39.4 48536s
 3494882 1006231     cutoff   83      2034.29473 1970.19296  3.15%  39.4 48555s
 3495380 1006286 2023.60726   92   48 2034.29473 1970.19941  3.15%  39.4 48569s
 3495737 1006365 1973.46656   68   48 2034.29473 1970.20476  3.15%  39.4 48586s
 3496063 1006416 2023.44449   79   16 2034.29473 1970.20642  3.15%  39.4 48597s
 3496370 1006424 1995.83084   90  122 2034.29473 1970.20937  3.15%  39.4 48609s
 3496693 1006509 2002.85998   70   55 2034.29473 1970.21466  3.15%  39.4 48620s
 3497060 1006510 2026.34805   79   48 2034.29473 1970.21825  3.15%  39.4 48629s
 3497181 1006597     cutoff   80      2034.29473 1970.21886  3.15%  39.4 48646s
 3497610 1006686     cutoff   83      2034.29473 1970.22401  3.15%  39.4 48665s
 3498173 1006698 1970.84992   46   66 2034.29473 1970.22766  3.15%  39.4 48670s
 3498253 1006806 infeasible   95      2034.29473 1970.22920  3.15%  39.4 48687s
 3498799 1006881     cutoff   68      2034.29473 1970.23173  3.15%  39.4 48705s
 3499312 1006894 1970.38751   71  188 2034.29473 1970.23814  3.15%  39.4 48711s
 3499432 1007051 1978.96070   69   68 2034.29473 1970.23988  3.15%  39.4 48723s
 3500026 1007085 2018.45518   72   69 2034.29473 1970.24351  3.15%  39.4 48729s
 3500083 1007085 2017.39503  102   43 2034.29473 1970.24351  3.15%  39.4 48730s
 3500154 1007198 2029.89387   59   85 2034.29473 1970.24418  3.15%  39.4 48747s
 3500798 1007215 infeasible   72      2034.29473 1970.24958  3.15%  39.4 48756s
 3501013 1007324 2026.61495   73  206 2034.29473 1970.25212  3.15%  39.4 48769s
 3501510 1007327 infeasible   55      2034.29473 1970.25375  3.15%  39.4 48827s
 3501654 1007634 2015.14801   67  112 2034.29473 1970.25593  3.15%  39.4 48887s
 3503604 1007637 2015.42954   64  104 2034.29473 1970.27410  3.15%  39.4 48893s
 3503669 1007657 2029.53487   60  128 2034.29473 1970.27431  3.15%  39.4 48898s
 3503755 1007882 1971.79867   91  137 2034.29473 1970.27593  3.15%  39.4 48916s
 3504427 1007953 2015.66512   69   95 2034.29473 1970.27939  3.15%  39.4 48928s
 3504690 1008039 1971.98093   74  166 2034.29473 1970.28094  3.15%  39.4 48946s
 3505116 1008086 infeasible   64      2034.29473 1970.28375  3.15%  39.4 48954s
 3505314 1008285 2024.31245   52  102 2034.29473 1970.28637  3.15%  39.4 48969s
 3506001 1008345 1985.16587  104  118 2034.29473 1970.29276  3.15%  39.4 48979s
 3506259 1008466 infeasible   75      2034.29473 1970.29478  3.15%  39.4 48997s
 3506929 1008448 infeasible   53      2034.29473 1970.30460  3.15%  39.4 49006s
 3507021 1008579     cutoff   64      2034.29473 1970.30612  3.15%  39.4 49022s
 3507553 1008585 1982.34985   48   40 2034.29473 1970.30992  3.15%  39.4 49027s
 3507634 1008724 infeasible   70      2034.29473 1970.31083  3.15%  39.4 49044s
 3508138 1008795 2023.65843   72    3 2034.29473 1970.31592  3.15%  39.4 49063s
 3508725 1008810 infeasible   47      2034.29473 1970.32192  3.14%  39.4 49068s
 3508780 1008917 2021.05494   57  166 2034.29473 1970.32218  3.14%  39.4 49085s
 3509317 1009034 2032.70801   68    3 2034.29473 1970.32782  3.14%  39.4 49102s
 3509770 1009042     cutoff   73      2034.29473 1970.33388  3.14%  39.4 49109s
 3509893 1009229 2007.24235   60   51 2034.29473 1970.33467  3.14%  39.4 49130s
 3510454 1009231 1972.59097   73  243 2034.29473 1970.33769  3.14%  39.4 49137s
 3510520 1009346     cutoff   75      2034.29473 1970.33773  3.14%  39.4 49149s
 3511011 1009428 infeasible  123      2034.29473 1970.34272  3.14%  39.4 49160s
 3511431 1009444 infeasible   75      2034.29473 1970.34694  3.14%  39.4 49168s
 3511605 1009533 infeasible   74      2034.29473 1970.34875  3.14%  39.4 49186s
 3512237 1009622 infeasible   66      2034.29473 1970.35528  3.14%  39.4 49262s
 3512724 1009669     cutoff   57      2034.29473 1970.35711  3.14%  39.4 49272s
 3512923 1009906     cutoff   58      2034.29473 1970.35821  3.14%  39.4 49299s
 3513815 1009975 2018.21166   68  129 2034.29473 1970.36562  3.14%  39.4 49309s
 3514071 1010042 2004.57674   73  233 2034.29473 1970.36930  3.14%  39.4 49320s
 3514619 1010079 2017.01261   84   84 2034.29473 1970.37389  3.14%  39.4 49331s
 3514786 1010153 2016.34697   64  142 2034.29473 1970.37419  3.14%  39.4 49346s
 3515273 1010302 2016.55292   92  157 2034.29473 1970.38201  3.14%  39.4 49365s
 3515823 1010324 2025.72070   59   95 2034.29473 1970.38898  3.14%  39.4 49371s
 3515930 1010504 2004.61976   48   78 2034.29473 1970.39126  3.14%  39.4 49388s
 3516454 1010525 2010.16295   97   44 2034.29473 1970.39411  3.14%  39.4 49397s
 3516609 1010624 1970.70424   47  180 2034.29473 1970.39809  3.14%  39.4 49426s
 3517158 1010626 infeasible   51      2034.29473 1970.40224  3.14%  39.4 49434s
 3517220 1010691     cutoff   80      2034.29473 1970.40275  3.14%  39.4 49451s
 3517799 1010681     cutoff   73      2034.29473 1970.40885  3.14%  39.4 49455s
 3517906 1010814 2017.44659   46  163 2034.29473 1970.41265  3.14%  39.4 49469s
 3518455 1010926 2024.16807   80  167 2034.29473 1970.41615  3.14%  39.4 49482s
 3518940 1010932 infeasible   59      2034.29473 1970.41833  3.14%  39.4 49485s
 3518999 1011069 2020.57934  103   23 2034.29473 1970.41833  3.14%  39.4 49500s
 3519492 1011203 1970.64211   72  193 2034.29473 1970.42427  3.14%  39.4 49510s
 3519881 1011270     cutoff   70      2034.29473 1970.42604  3.14%  39.4 49521s
 3520214 1011343     cutoff   66      2034.29473 1970.42875  3.14%  39.4 49532s
 3520582 1011368 2022.79687   68   37 2034.29473 1970.43105  3.14%  39.4 49547s
 3520867 1011388 2030.13830   55   41 2034.29473 1970.43427  3.14%  39.4 49559s
 3521040 1011552     cutoff   71      2034.29473 1970.43802  3.14%  39.4 49576s
 3521689 1011567 1972.59366   48  147 2034.29473 1970.44368  3.14%  39.4 49581s
 3521740 1011770 infeasible   53      2034.29473 1970.44401  3.14%  39.4 49599s
 3522369 1011791 2013.64627   63    9 2034.29473 1970.44886  3.14%  39.4 49609s
 3522455 1011862     cutoff   83      2034.29473 1970.45072  3.14%  39.4 49683s
 3522917 1012009 2027.81258   71   78 2034.29473 1970.45227  3.14%  39.4 49703s
 3523500 1012005     cutoff   82      2034.29473 1970.45513  3.14%  39.4 49713s
 3523675 1012172 2022.36175   71   59 2034.29473 1970.45784  3.14%  39.4 49738s
 3524369 1012216     cutoff   68      2034.29473 1970.46054  3.14%  39.4 49749s
 3524600 1012336 1977.76500   68  184 2034.29473 1970.46333  3.14%  39.4 49762s
 3525082 1012343 infeasible   57      2034.29473 1970.46492  3.14%  39.4 49766s
 3525141 1012477     cutoff   76      2034.29473 1970.46778  3.14%  39.4 49782s
 3525729 1012610 1987.16712   68  141 2034.29473 1970.47191  3.14%  39.4 49803s
 3526410 1012611 infeasible   59      2034.29473 1970.47452  3.14%  39.4 49810s
 3526493 1012818 infeasible   65      2034.29473 1970.47871  3.14%  39.4 49828s
 3527197 1013030 infeasible   81      2034.29473 1970.48491  3.14%  39.4 49847s
 3527806 1013046     cutoff   78      2034.29473 1970.48720  3.14%  39.4 49852s
 3527901 1013143 infeasible   65      2034.29473 1970.48800  3.14%  39.4 49871s
 3528492 1013210     cutoff   73      2034.29473 1970.49277  3.14%  39.4 49884s
 3528929 1013223     cutoff   84      2034.29473 1970.49665  3.14%  39.4 49890s
 3529041 1013326 2025.18788   68  229 2034.29473 1970.49782  3.14%  39.4 49910s
 3529579 1013345     cutoff   75      2034.29473 1970.50253  3.14%  39.4 49920s
 3529844 1013434 1970.51959   62  226 2034.29473 1970.50566  3.14%  39.4 49932s
 3530275 1013446     cutoff   77      2034.29473 1970.50939  3.14%  39.4 49938s
 3530379 1013594 2014.50823   51  316 2034.29473 1970.51038  3.14%  39.4 49953s
 3530870 1013676 2014.65528   74  127 2034.29473 1970.51390  3.14%  39.4 49971s
 3531265 1013688 infeasible   72      2034.29473 1970.51671  3.14%  39.4 49976s
 3531338 1013828 1987.88201   57  109 2034.29473 1970.51671  3.14%  39.4 49993s
 3531892 1013925 2031.14448   79  135 2034.29473 1970.52001  3.13%  39.4 50007s
 3532329 1013959 infeasible   69      2034.29473 1970.52400  3.13%  39.4 50015s
 3532476 1014125 2024.81299   59   53 2034.29473 1970.52567  3.13%  39.4 50030s
 3533099 1014136 infeasible   67      2034.29473 1970.52957  3.13%  39.4 50094s
 3533191 1014747 2020.62268   65   24 2034.29473 1970.52957  3.13%  39.4 50155s
 3536162 1014751 2007.74495   84  182 2034.29473 1970.54594  3.13%  39.4 50167s
 3536167 1014748 infeasible   84      2034.29473 1970.54594  3.13%  39.4 50173s
 3536186 1014793 2004.73276   57   60 2034.29473 1970.54594  3.13%  39.4 50179s
 3536256 1014786     cutoff   78      2034.29473 1970.54627  3.13%  39.4 50183s
 3536339 1014792     cutoff   67      2034.29473 1970.54708  3.13%  39.4 50192s
 3536480 1015023 1971.16554   86  226 2034.29473 1970.54918  3.13%  39.4 50205s
 3537087 1015159 2029.34015   63    4 2034.29473 1970.55223  3.13%  39.4 50222s
 3537453 1015184 2031.48303   80  117 2034.29473 1970.55563  3.13%  39.4 50227s
 3537556 1015392     cutoff   76      2034.29473 1970.55606  3.13%  39.4 50244s
 3538294 1015441 infeasible   50      2034.29473 1970.56142  3.13%  39.4 50255s
 3538568 1015554 1992.56458   46  137 2034.29473 1970.56457  3.13%  39.4 50276s
 3539087 1015567 2011.38276   77   68 2034.29473 1970.56924  3.13%  39.4 50281s
 3539151 1015751 2020.16750   56   46 2034.29473 1970.57017  3.13%  39.4 50304s
 3539731 1015900 2027.83337   59    3 2034.29473 1970.57611  3.13%  39.4 50322s
 3540266 1015894 2031.90264   56  164 2034.29473 1970.57949  3.13%  39.4 50328s
 3540348 1015994 1972.30603   75  208 2034.29473 1970.57997  3.13%  39.4 50344s
 3540968 1016052     cutoff   71      2034.29473 1970.58486  3.13%  39.4 50354s
 3541181 1016155     cutoff   85      2034.29473 1970.58542  3.13%  39.4 50371s
 3541826 1016150     cutoff   81      2034.29473 1970.59226  3.13%  39.4 50378s
 3541949 1016256     cutoff   58      2034.29473 1970.59679  3.13%  39.4 50397s
 3542492 1016357 1970.91227   74  213 2034.29473 1970.60621  3.13%  39.4 50415s
 3542931 1016352 2028.01545   72   73 2034.29473 1970.60621  3.13%  39.4 50420s
 3542975 1016513     cutoff   73      2034.29473 1970.60696  3.13%  39.4 50440s
 3543518 1016544 1976.48234   52   69 2034.29473 1970.61496  3.13%  39.4 50504s
 3543671 1017059 2026.01190   73  107 2034.29473 1970.61496  3.13%  39.4 50566s
 3545807 1017057     cutoff   68      2034.29473 1970.63665  3.13%  39.4 50577s
 3545846 1017126 2029.23169   71  148 2034.29473 1970.63665  3.13%  39.4 50594s
 3546293 1017150 2006.20463   59   66 2034.29473 1970.64242  3.13%  39.4 50602s
 3546456 1017272     cutoff   68      2034.29473 1970.64561  3.13%  39.4 50618s
 3546962 1017308 infeasible   49      2034.29473 1970.64818  3.13%  39.4 50625s
 3547168 1017417 1998.88368   56   79 2034.29473 1970.65106  3.13%  39.4 50644s
 3547641 1017469 1983.13693   47   15 2034.29473 1970.65662  3.13%  39.4 50652s
 3547834 1017561 infeasible   79      2034.29473 1970.65662  3.13%  39.4 50667s
 3548332 1017626 2011.72270   71   84 2034.29473 1970.66255  3.13%  39.4 50682s
 3548659 1017665 infeasible   75      2034.29473 1970.66517  3.13%  39.4 50696s
 3548957 1017698 2004.99297   64   54 2034.29473 1970.66799  3.13%  39.4 50706s
 3549144 1017800 2025.05739   87  216 2034.29473 1970.67253  3.13%  39.4 50720s
 3549705 1017853 1973.27800   67  170 2034.29473 1970.67821  3.13%  39.4 50726s
 3549934 1017985 2033.80736   74  138 2034.29473 1970.67915  3.13%  39.4 50742s
 3550564 1018003 2007.97374   82  202 2034.29473 1970.68516  3.13%  39.4 50750s
 3550743 1018103 1988.86417   40   89 2034.29473 1970.68524  3.13%  39.4 50767s
 3551268 1018125 infeasible   59      2034.29473 1970.68831  3.13%  39.4 50775s
 3551420 1018229 1970.70845   66  210 2034.29473 1970.69055  3.13%  39.4 50789s
 3551996 1018243 1977.25019   51   91 2034.29473 1970.69558  3.13%  39.4 50795s
 3552169 1018385 2027.17364   85  163 2034.29473 1970.69615  3.13%  39.4 50808s
 3552683 1018401 2002.49933   86  135 2034.29473 1970.70320  3.13%  39.4 50815s
 3552847 1018536     cutoff   63      2034.29473 1970.70550  3.13%  39.4 50830s
 3553376 1018575     cutoff  103      2034.29473 1970.70889  3.13%  39.4 50839s
 3553554 1018714 2000.32252   75  157 2034.29473 1970.71041  3.13%  39.4 50852s
 3554104 1018751 2001.57283   71  184 2034.29473 1970.71889  3.13%  39.4 50927s
 3554229 1019045     cutoff   72      2034.29473 1970.71910  3.13%  39.4 51006s
 3556749 1019065 2005.40715   88   85 2034.29473 1970.73773  3.12%  39.4 51012s
 3556830 1019084 1973.62406   54  220 2034.29473 1970.73783  3.12%  39.4 51019s
 3556880 1019128     cutoff   71      2034.29473 1970.73783  3.12%  39.4 51037s
 3557220 1019149 2021.26669   66  113 2034.29473 1970.74021  3.12%  39.4 51041s
 3557319 1019234     cutoff   75      2034.29473 1970.74021  3.12%  39.4 51057s
 3557833 1019329 2025.85314   80   76 2034.29473 1970.74595  3.12%  39.4 51072s
 3558263 1019415 2022.38112   76   44 2034.29473 1970.74894  3.12%  39.4 51084s
 3558472 1019501     cutoff   81      2034.29473 1970.74967  3.12%  39.4 51103s
 3558971 1019534     cutoff   63      2034.29473 1970.75504  3.12%  39.4 51112s
 3559183 1019686 2030.75785  106   33 2034.29473 1970.75790  3.12%  39.4 51135s
 3559825 1019754 infeasible   64      2034.29473 1970.76590  3.12%  39.4 51143s
 3560030 1019943 2009.68335   67  137 2034.29473 1970.76764  3.12%  39.4 51161s
 3560695 1019986 2004.44601   73   29 2034.29473 1970.77261  3.12%  39.4 51173s
 3561020 1020053 infeasible   89      2034.29473 1970.77629  3.12%  39.4 51191s
 3561438 1020101 infeasible   61      2034.29473 1970.77910  3.12%  39.4 51201s
 3561584 1020261     cutoff   51      2034.29473 1970.77959  3.12%  39.4 51218s
 3562087 1020269 infeasible   80      2034.29473 1970.78079  3.12%  39.4 51228s
 3562407 1020299     cutoff  116      2034.29473 1970.78783  3.12%  39.4 51239s
 3562606 1020454 2016.33838   61   75 2034.29473 1970.78884  3.12%  39.4 51259s
 3563269 1020469 2018.29092   71  119 2034.29473 1970.79389  3.12%  39.4 51267s
 3563366 1020581 1970.80869   81  219 2034.29473 1970.79418  3.12%  39.4 51285s
 3563865 1020643     cutoff   74      2034.29473 1970.79824  3.12%  39.4 51297s
 3564185 1020698 infeasible   65      2034.29473 1970.80122  3.12%  39.4 51305s
 3564379 1020917     cutoff   45      2034.29473 1970.80154  3.12%  39.4 51385s
 3565148 1020909 infeasible   63      2034.29473 1970.80505  3.12%  39.4 51392s
 3565262 1020917     cutoff   73      2034.29473 1970.80812  3.12%  39.4 51409s
 3565608 1020909 2023.18893   78   85 2034.29473 1970.81224  3.12%  39.4 51413s
 3565650 1020931 2020.30605   81   41 2034.29473 1970.81224  3.12%  39.4 51425s
 3566038 1020962 2001.45282   69   39 2034.29473 1970.81516  3.12%  39.4 51432s
 3566159 1021075 2029.11534   88   68 2034.29473 1970.81698  3.12%  39.4 51448s
 3566642 1021061 infeasible   69      2034.29473 1970.81698  3.12%  39.4 51453s
 3566703 1021160 2024.77057   54   51 2034.29473 1970.82098  3.12%  39.4 51469s
 3567248 1021180 infeasible   70      2034.29473 1970.83013  3.12%  39.4 51475s
 3567396 1021361 1975.95620   81  113 2034.29473 1970.83154  3.12%  39.4 51494s
 3568149 1021426 2002.52835   72  125 2034.29473 1970.84142  3.12%  39.4 51502s
 3568517 1021459 1972.91410   60  196 2034.29473 1970.84373  3.12%  39.4 51509s
 3568896 1021521 infeasible   73      2034.29473 1970.84821  3.12%  39.4 51525s
 3569376 1021579 1974.53509   74  235 2034.29473 1970.85249  3.12%  39.4 51536s
 3569691 1021736 1970.85567   86   22 2034.29473 1970.85505  3.12%  39.4 51563s
 3570382 1021734 infeasible   65      2034.29473 1970.86028  3.12%  39.4 51572s
 3570427 1021946 1982.32369   74   74 2034.29473 1970.86042  3.12%  39.4 51593s
 3571093 1021965 1990.19564   74  115 2034.29473 1970.86641  3.12%  39.4 51599s
 3571154 1022058 2016.78765   52   46 2034.29473 1970.86646  3.12%  39.4 51620s
 3571708 1022168 1988.40693   98  138 2034.29473 1970.87168  3.12%  39.4 51640s
 3572172 1022217     cutoff   53      2034.29473 1970.87465  3.12%  39.4 51650s
 3572369 1022330     cutoff   63      2034.29473 1970.87501  3.12%  39.4 51671s
 3572915 1022366 infeasible   79      2034.29473 1970.87858  3.12%  39.4 51680s
 3573108 1022493 2017.11291   70   89 2034.29473 1970.88087  3.12%  39.4 51696s
 3573782 1022537 infeasible   74      2034.29473 1970.88543  3.12%  39.4 51704s
 3574048 1022674 1971.04470   77  227 2034.29473 1970.88816  3.12%  39.4 51721s
 3574707 1022716 2034.00142   71   66 2034.29473 1970.89504  3.12%  39.4 51786s
 3575183 1022840     cutoff   71      2034.29473 1970.90246  3.12%  39.4 51805s
 3575756 1022828 infeasible   68      2034.29473 1970.90951  3.12%  39.4 51812s
 3575853 1022857 2027.25465   63   60 2034.29473 1970.91011  3.12%  39.4 51835s
 3576544 1022884 2023.83523   69   37 2034.29473 1970.91825  3.12%  39.4 51844s
 3576856 1022923     cutoff   89      2034.29473 1970.92046  3.12%  39.4 51858s
 3577164 1023048     cutoff   66      2034.29473 1970.92698  3.11%  39.4 51877s
 3577703 1023045 2001.84318   64   89 2034.29473 1970.93342  3.11%  39.4 51910s
 3577726 1023050 2001.84318   66   26 2034.29473 1970.93342  3.11%  39.4 51922s
 3577751 1023094 2001.84318   67   25 2034.29473 1970.93342  3.11%  39.4 51940s
 3578073 1023126 2001.84318   68   88 2034.29473 1970.93394  3.11%  39.4 51948s
 3578196 1023215 2003.68257   68   73 2034.29473 1970.93604  3.11%  39.4 51974s
 3578791 1023304 2020.25194   64  182 2034.29473 1970.94481  3.11%  39.4 51998s
 3579381 1023322 2026.49161   74  118 2034.29473 1970.94774  3.11%  39.4 52001s
 3579422 1023495     cutoff   78      2034.29473 1970.94774  3.11%  39.4 52020s
 3580060 1023569     cutoff   87      2034.29473 1970.95127  3.11%  39.4 52031s
 3580365 1023624 2021.68947   52  181 2034.29473 1970.95391  3.11%  39.4 52041s
 3580619 1023747     cutoff   61      2034.29473 1970.95718  3.11%  39.4 52059s
 3581303 1023754     cutoff   57      2034.29473 1970.96222  3.11%  39.4 52064s
 3581368 1023840 infeasible   96      2034.29473 1970.96435  3.11%  39.4 52081s
 3582041 1023993 2033.21358   71   30 2034.29473 1970.97006  3.11%  39.4 52099s
 3582617 1024030     cutoff   44      2034.29473 1970.97565  3.11%  39.4 52107s
 3582833 1024156 infeasible   83      2034.29473 1970.97687  3.11%  39.4 52121s
 3583411 1024153 1986.63768   69  103 2034.29473 1970.98488  3.11%  39.4 52128s
 3583510 1024276 2026.36982   82  171 2034.29473 1970.98624  3.11%  39.4 52145s
 3584179 1024311 2004.62198   82   85 2034.29473 1970.99295  3.11%  39.4 52154s
 3584351 1024352 infeasible   83      2034.29473 1970.99685  3.11%  39.4 52171s
 3584889 1024486 2028.35916   91  145 2034.29473 1971.00086  3.11%  39.4 52191s
 3585510 1024506 infeasible   74      2034.29473 1971.00528  3.11%  39.3 52266s
 3585607 1025526 infeasible   81      2034.29473 1971.00580  3.11%  39.3 52384s
 3588994 1025531 infeasible   90      2034.29473 1971.02501  3.11%  39.3 52388s
 3589039 1025537 1990.05587   75  199 2034.29473 1971.02516  3.11%  39.3 52392s
 3589086 1025574     cutoff   76      2034.29473 1971.02516  3.11%  39.3 52401s
 3589237 1025693     cutoff   80      2034.29473 1971.02520  3.11%  39.3 52420s
 3589691 1025800 2003.26223   70  102 2034.29473 1971.03082  3.11%  39.3 52441s
 3590185 1025814 1986.89420   85  213 2034.29473 1971.03479  3.11%  39.3 52447s
 3590261 1025948 1971.62362   89  161 2034.29473 1971.03500  3.11%  39.3 52462s
 3590717 1026072 2031.60881   62  113 2034.29473 1971.04073  3.11%  39.3 52479s
 3591213 1026064 1973.15982   62  237 2034.29473 1971.04399  3.11%  39.3 52488s
 3591264 1026089 infeasible   73      2034.29473 1971.04437  3.11%  39.3 52506s
 3591716 1026124 2024.77784   64   59 2034.29473 1971.05118  3.11%  39.3 52514s
 3591858 1026188 2025.61694   73   95 2034.29473 1971.05118  3.11%  39.3 52534s
 3592324 1026191 2021.31083   68   97 2034.29473 1971.05545  3.11%  39.3 52540s
 3592378 1026287 2031.87212   71   60 2034.29473 1971.05645  3.11%  39.3 52560s
 3592893 1026301 infeasible   52      2034.29473 1971.06083  3.11%  39.3 52568s
 3592973 1026378     cutoff   83      2034.29473 1971.06190  3.11%  39.3 52585s
 3593524 1026423     cutoff   69      2034.29473 1971.06405  3.11%  39.3 52596s
 3593730 1026531 2027.10292   95   87 2034.29473 1971.06915  3.11%  39.3 52613s
 3594299 1026555 2026.95027   67    5 2034.29473 1971.07455  3.11%  39.3 52621s
 3594447 1026661 infeasible   77      2034.29473 1971.07534  3.11%  39.3 52640s
 3594956 1026701 1971.70171   63  211 2034.29473 1971.07985  3.11%  39.3 52653s
 3595257 1026712 infeasible   85      2034.29473 1971.08156  3.11%  39.3 52663s
 3595600 1026744 2028.94954   58    4 2034.29473 1971.08694  3.11%  39.3 52675s
 3595786 1026971 2029.15974   63    4 2034.29473 1971.08741  3.11%  39.3 52765s
 3596581 1026969 1999.61224   61  167 2034.29473 1971.09920  3.11%  39.3 52773s
 3596606 1027002 1978.03300   61  183 2034.29473 1971.10097  3.11%  39.3 52781s
 3596783 1027158 1980.90877   68  179 2034.29473 1971.10197  3.11%  39.3 52797s
 3597323 1027145 infeasible   60      2034.29473 1971.10521  3.11%  39.3 52803s
 3597399 1027340 1997.26309   87   92 2034.29473 1971.10709  3.11%  39.3 52817s
 3597962 1027402 infeasible   72      2034.29473 1971.11017  3.11%  39.3 52825s
 3598170 1027537 2013.60881   79  212 2034.29473 1971.11104  3.11%  39.3 52840s
 3598808 1027686     cutoff   72      2034.29473 1971.11752  3.11%  39.3 52862s
 3599423 1027809 1979.28445   79  149 2034.29473 1971.12288  3.11%  39.3 52881s
 3599917 1027825 2011.19305   46   80 2034.29473 1971.12658  3.11%  39.3 52892s
 3599972 1027909 1985.23047   64   59 2034.29473 1971.12721  3.11%  39.3 52911s
 3600396 1028096 2008.75078   75   52 2034.29473 1971.13151  3.10%  39.3 52924s
 3600955 1028123 1999.92325   56  169 2034.29473 1971.13760  3.10%  39.3 52934s
 3601195 1028164     cutoff   79      2034.29473 1971.14077  3.10%  39.3 52946s
 3601541 1028198 1979.69204   62   79 2034.29473 1971.14425  3.10%  39.3 52953s
 3601717 1028322 1982.82370   69  233 2034.29473 1971.14441  3.10%  39.3 52969s
 3602200 1028350     cutoff   62      2034.29473 1971.14844  3.10%  39.3 52975s
 3602350 1028401 2032.77753   71  213 2034.29473 1971.14925  3.10%  39.3 52990s
 3602844 1028568 2027.11886   77   60 2034.29473 1971.15568  3.10%  39.3 53003s
 3603371 1028569 2002.56648   65  106 2034.29473 1971.15820  3.10%  39.3 53010s
 3603444 1028744 2025.28790   59  100 2034.29473 1971.15820  3.10%  39.3 53027s
 3603979 1028772     cutoff   77      2034.29473 1971.16246  3.10%  39.3 53034s
 3604163 1028818 2019.71304   53  182 2034.29473 1971.16366  3.10%  39.3 53044s
 3604403 1028967 2028.84874   77   85 2034.29473 1971.16377  3.10%  39.3 53057s
 3604987 1028959 1972.51833   91  211 2034.29473 1971.17019  3.10%  39.3 53063s
 3605120 1029063 infeasible   78      2034.29473 1971.17430  3.10%  39.3 53084s
 3605593 1029118 2006.32924   59   90 2034.29473 1971.17758  3.10%  39.3 53097s
 3605901 1029167     cutoff   80      2034.29473 1971.18119  3.10%  39.3 53112s
 3606150 1029278 1978.52725   90  166 2034.29473 1971.18326  3.10%  39.3 53198s
 3606695 1029296     cutoff   77      2034.29473 1971.18750  3.10%  39.3 53208s
 3606890 1029377     cutoff   48      2034.29473 1971.18946  3.10%  39.3 53229s
 3607576 1029509 2023.58516   70  173 2034.29473 1971.19474  3.10%  39.3 53252s
 3608112 1029505     cutoff   68      2034.29473 1971.20292  3.10%  39.3 53260s
 3608210 1029668 2028.31107   58  133 2034.29473 1971.20388  3.10%  39.3 53280s
 3608882 1029797 2021.84141   72   46 2034.29473 1971.20954  3.10%  39.3 53294s
 3609247 1029821     cutoff   65      2034.29473 1971.21264  3.10%  39.3 53302s
 3609445 1029923 infeasible   75      2034.29473 1971.21351  3.10%  39.3 53323s
 3609991 1029958 2024.46549   57   79 2034.29473 1971.21781  3.10%  39.3 53334s
 3610133 1030095     cutoff   60      2034.29473 1971.21781  3.10%  39.3 53352s
 3610734 1030124 2023.37296   56  272 2034.29473 1971.22341  3.10%  39.3 53368s
 3611139 1030159 infeasible   69      2034.29473 1971.22761  3.10%  39.3 53382s
