Slurm job ID    : 1999
Array task ID   : 99
Host            : 23037696r-i7809a0b3cd
Start time      : 2026-08-16T09:53:33+08:00
Instance        : /home/23037696r/Documents/research/or_benchmark/wp/instances/inactive_0.5/j40/j401005_9.sm
Output JSON     : /home/23037696r/Documents/research/or_benchmark/wp/results/inactive_0.5/j40/j401005_9.json
Gurobi log      : /home/23037696r/Documents/research/or_benchmark/wp/results/inactive_0.5/j40/logs/gurobi/j401005_9.log
Allocated CPUs  : 2
Running with command-line arguments
-----------------------------------
Instance file: /home/23037696r/Documents/research/or_benchmark/wp/instances/inactive_0.5/j40/j401005_9.sm
Instance summary
----------------
Tasks:          42
Active tasks:   20
Inactive tasks: 22
Arcs:           41
Total duration: 218
Total work:     336
Active work:    178
Delta (singleton critical-path makespan): 218
Chosen deadline: 240
Feasible by singleton schedule: yes
Deadline rule: automatic: d = ceil(1.1 * Delta) = 240
Set parameter Username
Set parameter LicenseID to value 2851961
Academic license - for non-commercial use only - expires 2027-08-07
Set parameter MIPGap to value 1e-06
Set parameter TimeLimit to value 13800
Set parameter Threads to value 2
Set parameter LogFile to value "/home/23037696r/Documents/research/or_benchmark/wp/results/inactive_0.5/j40/logs/gurobi/j401005_9.log"
Set parameter NumericFocus to value 1
Gurobi Optimizer version 13.0.2 build v13.0.2rc1 (linux64 - "Ubuntu 22.04.3 LTS")

CPU model: Intel Xeon Processor (Cascadelake), instruction set [SSE2|AVX|AVX2|AVX512]
Thread count: 46 physical cores, 46 logical processors, using up to 2 threads

Non-default parameters:
TimeLimit  13800
MIPGap  1e-06
NumericFocus  1
Threads  2

Optimize a model with 25683 rows, 20852 columns and 96145 nonzeros (Min)
Model fingerprint: 0x200427fc
Model has 13180 linear objective coefficients and an objective constant of 1.8595179131458203e+03
Variable types: 4820 continuous, 16032 integer (15844 binary)
Coefficient statistics:
  Matrix range     [1e+00, 2e+02]
  Objective range  [1e-02, 9e+02]
  Bounds range     [1e+00, 2e+02]
  RHS range        [1e+00, 2e+02]

Presolve removed 20735 rows and 14904 columns (presolve time = 6s)...
Presolve removed 21262 rows and 15257 columns
Presolve time: 9.67s
Presolved: 4421 rows, 5595 columns, 39645 nonzeros
Variable types: 1 continuous, 5594 integer (3493 binary)
Found heuristic solution: objective 4284.0562443

Root simplex log...

Iteration    Objective       Primal Inf.    Dual Inf.      Time
       0    2.2502868e+03   7.782550e+02   0.000000e+00     10s
    1907    3.4287643e+03   0.000000e+00   0.000000e+00     10s

Root relaxation: objective 3.428764e+03, 1907 iterations, 0.24 seconds (0.16 work units)

    Nodes    |    Current Node    |     Objective Bounds      |     Work
 Expl Unexpl |  Obj  Depth IntInf | Incumbent    BestBd   Gap | It/Node Time

     0     0 3428.76425    0  158 4284.05624 3428.76425  20.0%     -   10s
     0     0 3429.06550    0  162 4284.05624 3429.06550  20.0%     -   10s
     0     0 3429.06870    0  164 4284.05624 3429.06870  20.0%     -   10s
     0     0 3436.32742    0  157 4284.05624 3436.32742  19.8%     -   11s
     0     0 3436.32827    0  163 4284.05624 3436.32827  19.8%     -   11s
     0     0 3436.33371    0  159 4284.05624 3436.33371  19.8%     -   12s
     0     0 3436.33371    0  160 4284.05624 3436.33371  19.8%     -   12s
     0     0 3436.91953    0  194 4284.05624 3436.91953  19.8%     -   13s
     0     0 3436.92279    0  194 4284.05624 3436.92279  19.8%     -   13s
     0     0 3436.99478    0  175 4284.05624 3436.99478  19.8%     -   14s
     0     0 3436.99535    0  178 4284.05624 3436.99535  19.8%     -   14s
     0     0 3437.49957    0  181 4284.05624 3437.49957  19.8%     -   15s
     0     0 3437.58173    0  176 4284.05624 3437.58173  19.8%     -   16s
     0     0 3437.58225    0  182 4284.05624 3437.58225  19.8%     -   16s
     0     0 3437.86215    0  171 4284.05624 3437.86215  19.8%     -   17s
     0     0 3437.88554    0  164 4284.05624 3437.88554  19.8%     -   18s
     0     0 3437.88738    0  168 4284.05624 3437.88738  19.8%     -   18s
     0     0 3437.92117    0  156 4284.05624 3437.92117  19.8%     -   19s
     0     0 3437.92226    0  161 4284.05624 3437.92226  19.8%     -   20s
     0     0 3438.69979    0  219 4284.05624 3438.69979  19.7%     -   21s
     0     0 3439.40863    0  169 4284.05624 3439.40863  19.7%     -   22s
     0     0 3439.40996    0  167 4284.05624 3439.40996  19.7%     -   22s
     0     0 3439.55045    0  182 4284.05624 3439.55045  19.7%     -   23s
     0     0 3439.56011    0  185 4284.05624 3439.56011  19.7%     -   23s
     0     0 3439.71836    0  234 4284.05624 3439.71836  19.7%     -   23s
     0     0 3439.71914    0  238 4284.05624 3439.71914  19.7%     -   24s
     0     0 3440.30672    0  239 4284.05624 3440.30672  19.7%     -   25s
     0     0 3440.92889    0  238 4284.05624 3440.92889  19.7%     -   26s
     0     0 3441.01916    0  243 4284.05624 3441.01916  19.7%     -   26s
     0     0 3441.02233    0  244 4284.05624 3441.02233  19.7%     -   26s
     0     0 3444.94768    0  253 4284.05624 3444.94768  19.6%     -   27s
     0     0 3444.98310    0  236 4284.05624 3444.98310  19.6%     -   28s
     0     0 3444.99347    0  240 4284.05624 3444.99347  19.6%     -   29s
     0     0 3445.00598    0  247 4284.05624 3445.00598  19.6%     -   30s
     0     0 3445.00598    0  252 4284.05624 3445.00598  19.6%     -   30s
     0     0 3445.03315    0  245 4284.05624 3445.03315  19.6%     -   31s
     0     0 3445.03315    0  239 4284.05624 3445.03315  19.6%     -   31s
     0     2 3447.67339    0  233 4284.05624 3447.67339  19.5%     -   33s
     5    14 3447.67339    3  242 4284.05624 3447.67339  19.5%   222   35s
H   13    18                    4229.8842722 3447.67339  18.5%   136   36s
H   43    33                    4121.7683535 3447.67339  16.4%   177   39s
    45    34 3452.16273   15  203 4121.76835 3447.67339  16.4%   181   40s
    76    43 infeasible   15      4121.76835 3447.67339  16.4%   183   45s
   115    68 3464.54434   13  144 4121.76835 3447.67339  16.4%   148   50s
   165   130 3465.90377   28  159 4121.76835 3447.67339  16.4%   125   55s
   273   164 3481.49427   66  171 4121.76835 3447.67339  16.4%  86.5   60s
   342   181 infeasible   16      4121.76835 3448.86291  16.3%  85.7   65s
   444   226 3453.45997   19  217 4121.76835 3450.45035  16.3%  75.8   71s
   502   241 infeasible    5      4121.76835 3450.97607  16.3%  76.9   75s
   564   274 3565.29059   20  189 4121.76835 3451.63288  16.3%  77.1   81s
H  598   298                    3803.1624942 3451.90086  9.24%  76.9   84s
   620   285 infeasible   14      3803.16249 3451.92843  9.24%  75.3   86s
   710   338 infeasible   19      3803.16249 3452.72337  9.21%  73.0   92s
   802   330 infeasible   24      3803.16249 3453.47368  9.19%  75.5   97s
   842   330 infeasible   14      3803.16249 3454.89815  9.16%  75.5  100s
   929   353 3569.35768   34  169 3803.16249 3455.91659  9.13%  77.2  106s
  1092   372 infeasible   29      3803.16249 3457.70696  9.08%  72.5  110s
  1242   433 infeasible   16      3803.16249 3459.49626  9.04%  70.2  118s
  1343   447 infeasible   21      3803.16249 3459.77166  9.03%  67.2  121s
  1401   493 3625.47167   32  174 3803.16249 3459.77166  9.03%  68.2  127s
  1514   494 3482.86302   27  239 3803.16249 3460.25690  9.02%  65.4  155s
  1516   495 3681.01831   34  167 3803.16249 3460.25690  9.02%  65.4  160s
H 1516   470                    3802.0055173 3460.25690  8.99%  65.4  164s
  1518   472 3569.93593   57  254 3802.00552 3460.25690  8.99%  65.3  166s
  1522   474 3470.64223   40  266 3802.00552 3460.25690  8.99%  65.1  170s
  1525   476 3564.83913   25  296 3802.00552 3460.25690  8.99%  65.0  179s
  1526   477 3571.17247   39  305 3802.00552 3460.25690  8.99%  64.9  180s
  1531   480 3581.99801   74  254 3802.00552 3460.25690  8.99%  64.7  185s
  1533   482 3566.40937   54  335 3802.00552 3460.25690  8.99%  64.6  192s
  1535   483 3668.17115   65  332 3802.00552 3464.89782  8.87%  64.6  196s
  1539   486 3747.13061   72  326 3802.00552 3468.50394  8.77%  64.4  203s
  1541   487 3525.69088   61  305 3802.00552 3471.43820  8.69%  64.3  205s
  1544   489 3565.41370   36  323 3802.00552 3475.01965  8.60%  64.2  210s
  1548   492 3571.17247   39  356 3802.00552 3477.14796  8.54%  64.0  215s
  1550   493 3583.64795   36  362 3802.00552 3478.76623  8.50%  63.9  220s
  1553   495 3479.63624   28  356 3802.00552 3479.63624  8.48%  63.8  227s
  1555   496 3565.29059   21  366 3802.00552 3480.21001  8.46%  63.7  230s
  1557   498 3481.83487   75  361 3802.00552 3480.58398  8.45%  63.6  235s
  1561   500 3481.96846   70  351 3802.00552 3481.96846  8.42%  63.5  242s
  1563   502 3525.66203   59  384 3802.00552 3482.22245  8.41%  63.4  245s
  1564   502 3566.69891   53  400 3802.00552 3483.22276  8.38%  63.4  250s
  1568   505 3527.47910   81  432 3802.00552 3483.83210  8.37%  63.2  258s
  1570   506 3569.42691   24  412 3802.00552 3484.97530  8.34%  63.1  261s
H 1570   479                    3798.3910871 3485.18351  8.25%  63.1  264s
  1572   481 3668.68909   66  436 3798.39109 3485.19114  8.25%  63.0  266s
  1574   482 3578.50854   78  453 3798.39109 3485.28300  8.24%  63.0  270s
  1576   483 3767.63984   45  446 3798.39109 3485.36698  8.24%  62.9  275s
  1577   484 3771.54561   57  446 3798.39109 3485.57659  8.24%  62.8  281s
  1578   488 3485.57659   13  443 3798.39109 3485.57659  8.24%  81.9  288s
  1580   487 3509.55190   14  345 3798.39109 3485.57659  8.24%  84.4  290s
  1582   489 3509.98504   15  364 3798.39109 3485.57659  8.24%  84.5  332s
  1585   494 3569.69713   16  240 3798.39109 3485.57659  8.24%  86.9  337s
  1591   498 3570.23136   17  250 3798.39109 3485.57659  8.24%  87.0  342s
  1597   500 3586.34406   17  222 3798.39109 3485.57659  8.24%  87.2  345s
H 1598   475                    3797.4164346 3485.57659  8.21%  87.1  345s
  1618   484 3643.99481   20  128 3797.41643 3485.57659  8.21%  87.3  350s
  1640   499 3617.03975   25  104 3797.41643 3485.57659  8.21%  87.2  355s
  1664   514 3619.21736   29  104 3797.41643 3485.57659  8.21%  86.7  361s
  1689   514 3603.58069   32  134 3797.41643 3485.57659  8.21%  85.9  367s
  1702   512 3663.24057   33   68 3797.41643 3511.50917  7.53%  86.1  376s
  1712   521 3726.45832   37   52 3797.41643 3511.50917  7.53%  86.6  382s
  1723   533 3611.76236   40  100 3797.41643 3511.50917  7.53%  86.6  385s
  1746   550 3626.86147   46   81 3797.41643 3511.50917  7.53%  86.0  390s
H 1775   535                    3752.9569645 3511.50917  6.43%  84.9  394s
  1778   556 3637.02759   55   81 3752.95696 3511.50917  6.43%  84.8  398s
  1802   561 3681.63895   63   59 3752.95696 3511.50917  6.43%  84.0  401s
  1820   563 infeasible   69      3752.95696 3511.51989  6.43%  83.3  405s
H 1837   541                    3746.8639429 3511.51989  6.28%  83.3  407s
  1845   551 3625.17651   19  224 3746.86394 3511.51989  6.28%  83.3  410s
H 1861   537                    3745.2654383 3511.51989  6.24%  83.1  413s
  1876   548 3636.30865   26  162 3745.26544 3511.51989  6.24%  82.7  415s
  1921   579 3637.17442   32  138 3745.26544 3511.51989  6.24%  81.4  423s
  1951   588 3648.16398   37  125 3745.26544 3511.51989  6.24%  80.7  426s
  1970   594 3638.89986   39  151 3745.26544 3511.51989  6.24%  80.1  430s
  2020   614 3650.04172   49  113 3745.26544 3513.66215  6.18%  78.8  442s
  2048   620 3516.02230   18  260 3745.26544 3513.66487  6.18%  78.8  446s
  2080   660 3568.84652   19  287 3745.26544 3516.24709  6.11%  78.4  455s
  2120   675 3580.51155   20  147 3745.26544 3516.24709  6.11%  77.3  462s
  2174   668 3584.24745   22  138 3745.26544 3516.24709  6.11%  75.7  466s
  2213   679 3636.39531   32  131 3745.26544 3516.24709  6.11%  75.5  479s
  2232   693 3651.19887   37   82 3745.26544 3533.63136  5.65%  75.6  484s
  2256   698 3688.05320   47   54 3745.26544 3547.51788  5.28%  75.2  489s
  2288   699 3587.31263   21  207 3745.26544 3547.51788  5.28%  74.5  493s
  2300   709 3647.59412   24  193 3745.26544 3547.51788  5.28%  74.6  497s
  2319   728 3698.07557   34  141 3745.26544 3548.01377  5.27%  74.2  502s
  2356   730 3602.34414   26  145 3745.26544 3548.01377  5.27%  73.5  507s
  2387   749 3699.85442   30   47 3745.26544 3548.01377  5.27%  73.0  513s
  2419   785 3608.97014   37  143 3745.26544 3548.01377  5.27%  72.5  521s
  2494   788 3710.55571   62   62 3745.26544 3548.05271  5.27%  70.7  527s
  2536   886 3574.90587   35  123 3745.26544 3548.25749  5.26%  70.0  541s
  2722   907 3607.93725   27  111 3745.26544 3549.49465  5.23%  66.6  554s
  2881   935     cutoff   48      3745.26544 3549.87773  5.22%  63.9  563s
  2963  1003 3562.77387   31  152 3745.26544 3550.65031  5.20%  62.6  574s
  3080  1066 3736.03308   32   96 3745.26544 3551.59600  5.17%  61.1  586s
  3181  1153 3580.45652   33  116 3745.26544 3552.84994  5.14%  59.9  601s
  3356  1258 infeasible   43      3745.26544 3553.54181  5.12%  57.8  617s
  3545  1327     cutoff   42      3745.26544 3554.70405  5.09%  55.6  626s
  3666  1450 3684.29591   52   49 3745.26544 3555.20860  5.07%  54.5  638s
  3890  1490 3665.61512   35   33 3745.26544 3556.70360  5.03%  52.4  646s
  3994  1609     cutoff   49      3745.26544 3562.83378  4.87%  51.7  659s
  4235  1708 3607.19110   40  129 3745.26544 3566.29150  4.78%  49.5  670s
  4419  1783 3671.70221   44   34 3745.26544 3568.84674  4.71%  48.0  684s
  4581  1806 3677.71623   26  196 3745.26544 3569.33002  4.70%  47.2  691s
  4616  1870     cutoff   46      3745.26544 3569.50182  4.69%  47.2  707s
  4764  1879 3736.66682   21  207 3745.26544 3570.71370  4.66%  46.6  715s
  4797  1945 3586.54422   24  165 3745.26544 3571.50605  4.64%  47.0  726s
  4885  2085 3693.64777   40   28 3745.26544 3571.50605  4.64%  46.6  750s
  5236  2151 3685.92881   22  184 3745.26544 3576.99569  4.49%  44.5  767s
  5382  2250 infeasible   27      3745.26544 3577.83719  4.47%  43.9  782s
  5535  2434 3609.11204   33   69 3745.26544 3579.40337  4.43%  43.2  804s
  5854  2552 infeasible   37      3745.26544 3580.41560  4.40%  41.4  818s
  6067  2734 3632.51510   29  104 3745.26544 3580.53082  4.40%  40.6  835s
  6393  2990 3683.32124   45   34 3745.26544 3581.31039  4.38%  39.1  857s
  6831  3186 infeasible   37      3745.26544 3581.92497  4.36%  37.4  878s
  7165  3334 infeasible   42      3745.26544 3582.14068  4.36%  36.3  895s
  7466  3533 infeasible   49      3745.26544 3582.52175  4.35%  35.3  949s
  7913  3617 3743.32648   52   27 3745.26544 3583.00187  4.33%  34.0  963s
  8123  3834 3615.60115   47   42 3745.26544 3583.17779  4.33%  33.5  980s
  8533  3984     cutoff   55      3745.26544 3583.73636  4.31%  32.4  991s
  8769  4056 3630.83323   41   42 3745.26544 3584.11921  4.30%  31.8  998s
  8886  4213 3586.86085   24  182 3745.26544 3584.24750  4.30%  31.6 1011s
  9160  4389     cutoff   56      3745.26544 3584.44931  4.29%  31.1 1021s
  9471  4483 3679.46489   39   26 3745.26544 3584.88773  4.28%  30.4 1032s
  9684  4608 3660.53154   49   35 3745.26544 3585.22904  4.27%  30.0 1044s
  9927  4765 3718.67947   57   16 3745.26544 3585.44445  4.27%  29.5 1057s
 10210  4809 3707.03014   44   61 3745.26544 3585.70592  4.26%  29.1 1066s
 10287  4865 3720.91601   51   31 3745.26544 3585.70592  4.26%  29.0 1074s
 10418  5028     cutoff   49      3745.26544 3585.99948  4.25%  28.8 1087s
 10687  5124 3611.39326   40   66 3745.26544 3586.41831  4.24%  28.3 1098s
 10829  5274 3706.75949   59   24 3745.26544 3586.49469  4.24%  28.1 1109s
 11092  5436 3618.20633   47   49 3745.26544 3586.61335  4.24%  27.7 1120s
 11370  5520 3679.52612   41  118 3745.26544 3586.89624  4.23%  27.4 1132s
 11529  5629 3617.71548   44   49 3745.26544 3587.00243  4.23%  27.2 1145s
 11779  5686 3725.70144   54   18 3745.26544 3587.09217  4.22%  26.8 1156s
 11900  5754 3690.53526   29  157 3745.26544 3587.32576  4.22%  26.8 1169s
 12041  5841 infeasible   47      3745.26544 3587.38656  4.22%  26.7 1183s
 12267  5918     cutoff   55      3745.26544 3587.52534  4.21%  26.5 1193s
 12449  6008 3602.20498   26  173 3745.26544 3587.56061  4.21%  26.3 1203s
 12601  6163 3619.72174   42   66 3745.26544 3587.65120  4.21%  26.1 1220s
 12887  6219 3633.92857   48   53 3745.26544 3587.81089  4.20%  25.8 1231s
 13087  6293     cutoff   54      3745.26544 3587.92460  4.20%  25.6 1242s
 13263  6366 3616.11059   47  130 3745.26544 3588.06172  4.20%  25.4 1253s
 13448  6430 3736.70759   55    5 3745.26544 3588.29108  4.19%  25.3 1266s
 13651  6566     cutoff   55      3745.26544 3588.42317  4.19%  25.1 1281s
 13861  6693 3676.78548   64   89 3745.26544 3588.54680  4.18%  24.9 1297s
 14095  6761 infeasible   55      3745.26544 3588.76875  4.18%  24.7 1308s
 14255  6880 infeasible   66      3745.26544 3588.92858  4.17%  24.5 1323s
 14507  6884 3665.27001   32   56 3745.26544 3589.35158  4.16%  24.3 1326s
 14511  6930 infeasible   33      3745.26544 3589.48605  4.16%  24.3 1339s
 14655  6973 3680.42397   34   91 3745.26544 3589.77907  4.15%  24.2 1350s
 14777  6974 3702.31387   63  239 3745.26544 3589.77907  4.15%  24.2 1631s
 14779  6975 3691.13970   54  182 3745.26544 3589.77907  4.15%  24.2 1636s
 14780  6976 3644.98167   33  330 3745.26544 3589.77907  4.15%  24.2 1641s
 14784  6979 3612.97714   35  322 3745.26544 3589.77907  4.15%  24.1 1645s
 14788  6981 3613.32737   27  342 3745.26544 3589.77907  4.15%  24.1 1651s
 14791  6983 3727.52864   59  389 3745.26544 3589.77907  4.15%  24.1 1655s
 14795  6986 3706.07320   53  406 3745.26544 3589.77907  4.15%  24.1 1660s
 14798  6988 3600.04503   53  389 3745.26544 3589.77907  4.15%  24.1 1677s
 14800  6989 3675.53407   53  408 3745.26544 3589.77907  4.15%  24.1 1680s
 14801  6990 3618.13390   44  445 3745.26544 3589.77907  4.15%  24.1 1694s
 14802  6991 3598.68680   34  438 3745.26544 3589.77907  4.15%  24.1 1707s
 14804  6992 3622.49593   52  444 3745.26544 3589.77907  4.15%  24.1 1710s
 14805  6993 3663.18126   58  470 3745.26544 3589.77907  4.15%  24.1 1721s
 14806  6993 3622.28880   47  475 3745.26544 3589.77907  4.15%  24.1 1737s
 14808  6995 3703.40176   43  472 3745.26544 3589.77907  4.15%  24.1 1740s
 14809  6995 3634.47336   34  484 3745.26544 3589.77907  4.15%  24.1 1751s
 14810  6996 3646.28859   25  459 3745.26544 3589.77907  4.15%  24.1 1767s
 14812  6997 3680.74919   45  482 3745.26544 3589.77907  4.15%  24.1 1779s
 14813  6998 3721.70526   55  493 3745.26544 3589.77907  4.15%  24.1 1791s
 14816  7000 3689.86602   68  515 3745.26544 3589.77907  4.15%  24.1 1801s
 14817  7001 3610.45559   46  531 3745.26544 3589.77907  4.15%  24.1 1814s
 14818  7001 3688.66468   64  538 3745.26544 3589.77907  4.15%  24.1 1823s
 14819  7002 3693.99071   38  536 3745.26544 3589.77907  4.15%  24.1 1835s
 14823  7005 3660.13379   50  567 3745.26544 3589.77907  4.15%  24.1 1850s
 14824  7005 3707.74898   60  548 3745.26544 3589.77907  4.15%  24.1 1861s
 14828  7008 3620.30429   33  583 3745.26544 3589.77907  4.15%  24.1 1873s
 14829  7009 3594.90925   34  582 3745.26544 3589.77907  4.15%  24.1 1884s
 14830  7009 3694.53517   34  568 3745.26544 3589.77907  4.15%  24.1 1885s
 14833  7011 3696.41725   44  586 3745.26544 3589.77907  4.15%  24.1 1895s
 14834  7012 3628.92066   45  556 3745.26544 3589.77907  4.15%  24.1 1906s
 14836  7013 3654.66638   61  583 3745.26544 3589.77907  4.15%  24.1 1918s
 14837  7014 3612.56014   42  585 3745.26544 3589.77907  4.15%  24.1 1922s
 14838  7015 3590.00613   52  600 3745.26544 3589.77907  4.15%  24.1 1925s
 14840  7016 3631.39214   17  529 3745.26544 3589.77907  4.15%  24.1 1930s
 14842  7017 3683.61106   40  552 3745.26544 3589.77907  4.15%  24.1 1937s
 14844  7019 3667.57023   46  564 3745.26544 3589.77907  4.15%  24.0 1940s
 14847  7021 3653.49385   62  542 3745.26544 3589.77907  4.15%  24.0 1949s
 14848  7021 3669.26179   55  586 3745.26544 3589.77907  4.15%  24.0 1950s
 14850  7023 3674.03070   35  473 3745.26544 3589.77907  4.15%  24.0 1958s
 14852  7024 3702.49383   58  496 3745.26544 3589.77907  4.15%  24.0 1961s
 14854  7025 3696.21754   40  516 3745.26544 3589.77907  4.15%  24.0 1965s
 14856  7027 3655.73415   46  471 3745.26544 3589.77907  4.15%  24.0 1971s
 14859  7029 3667.83069   38  489 3745.26544 3589.77907  4.15%  24.0 1975s
 14860  7029 3700.02728   55  492 3745.26544 3589.77907  4.15%  24.0 1980s
 14863  7031 3618.38602   47  565 3745.26544 3589.77907  4.15%  24.0 1985s
 14864  7032 3687.36218   41  607 3745.26544 3589.77907  4.15%  24.0 1991s
 14867  7034 3651.88642   54  647 3745.26544 3589.77907  4.15%  24.0 1997s
 14868  7035 3687.88985   33  625 3745.26544 3589.77907  4.15%  24.0 2002s
 14870  7036 3717.70966   57  670 3745.26544 3589.77907  4.15%  24.0 2005s
 14872  7037 3597.86282   50  659 3745.26544 3589.77907  4.15%  24.0 2012s
 14874  7039 3623.07609   42  620 3745.26544 3589.77907  4.15%  24.0 2020s
 14876  7040 3625.95600   39  681 3745.26544 3589.77907  4.15%  24.0 2028s
 14877  7041 3702.31387   63  698 3745.26544 3589.77907  4.15%  24.0 2031s
 14878  7041 3608.86376   50  690 3745.26544 3589.77907  4.15%  24.0 2036s
 14880  7043 3644.98167   33  674 3745.26544 3589.77907  4.15%  24.0 2043s
 14881  7043 3703.30479   37  676 3745.26544 3589.77907  4.15%  24.0 2045s
 14882  7044 3641.10708   46  678 3745.26544 3589.77907  4.15%  24.0 2050s
 14884  7045 3612.97714   35  674 3745.26544 3589.77907  4.15%  24.0 2057s
 14886  7047 3707.11477   55  674 3745.26544 3589.77907  4.15%  24.0 2065s
 14888  7048 3613.32737   27  674 3745.26544 3589.77907  4.15%  24.0 2072s
 14890  7049 3662.28759   57  655 3745.26544 3589.77907  4.15%  24.0 2079s
 14891  7050 3727.52864   59  669 3745.26544 3589.77907  4.15%  24.0 2081s
 14892  7051 3672.92109   51  676 3745.26544 3589.77907  4.15%  24.0 2085s
 14894  7052 3682.28919   28  678 3745.26544 3589.77907  4.15%  24.0 2093s
 14895  7053 3706.07320   53  685 3745.26544 3589.77907  4.15%  24.0 2095s
 14896  7053 3618.38602   47  680 3745.26544 3589.77907  4.15%  24.0 2101s
 14898  7055 3600.04503   53  677 3745.26544 3589.77907  4.15%  24.0 2108s
 14899  7055 3644.19303   41  677 3745.26544 3589.77907  4.15%  24.0 2110s
 14900  7056 3675.53407   53  677 3745.26544 3589.77907  4.15%  24.0 2115s
 14902  7057 3598.68680   34  675 3745.26544 3589.77907  4.15%  24.0 2123s
 14903  7058 3661.49067   51  674 3745.26544 3589.77907  4.15%  24.0 2127s
 14904  7059 3622.49593   52  674 3745.26544 3589.77907  4.15%  24.0 2138s
 14905  7062 3589.77907   26  673 3745.26544 3589.77907  4.15%  27.1 2146s
 14907  7064 3589.77907   27  108 3745.26544 3589.77907  4.15%  27.4 2150s
 14917  7072 3589.77907   31   98 3745.26544 3589.77907  4.15%  27.7 2155s
 14948  7085 3613.55484   42   78 3745.26544 3589.77907  4.15%  27.8 2166s
 14957  7085 3631.70197   44   78 3745.26544 3589.77907  4.15%  27.9 2170s
 14967  7095 3681.88695   48   31 3745.26544 3589.77907  4.15%  28.1 2175s
 14993  7105 3689.82593   60   31 3745.26544 3589.77907  4.15%  28.2 2181s
 15003  7103 3690.56871   66   33 3745.26544 3589.77907  4.15%  28.3 2188s
 15011  7101 infeasible   69      3745.26544 3589.77907  4.15%  28.4 2193s
 15016  7103 3589.77907   30  347 3745.26544 3589.77907  4.15%  28.7 2197s
 15025  7110 3589.77907   31  337 3745.26544 3589.77907  4.15%  28.8 2202s
 15031  7116 3589.77907   31  287 3745.26544 3589.77907  4.15%  28.9 2216s
 15053  7133 3649.57616   33  163 3745.26544 3589.77907  4.15%  29.0 2222s
 15066  7128 3649.61506   34  163 3745.26544 3589.77907  4.15%  29.0 2225s
 15076  7129 3654.65661   35  132 3745.26544 3589.77907  4.15%  29.1 2230s
 15092  7133 3657.81329   42  102 3745.26544 3589.77907  4.15%  29.2 2238s
 15109  7144 3630.53488   36  102 3745.26544 3589.77907  4.15%  29.3 2241s
 15130  7147 3665.14382   43   46 3745.26544 3589.77907  4.15%  29.3 2245s
 15154  7144 3688.00078   53   35 3745.26544 3589.77907  4.15%  29.3 2251s
 15170  7152 3603.91135   33  145 3745.26544 3589.77907  4.15%  29.6 2259s
 15184  7171 3656.10568   35  141 3745.26544 3589.77907  4.15%  29.6 2266s
 15222  7170 3677.91939   45   74 3745.26544 3589.77907  4.15%  29.6 2272s
 15258  7173 3702.26781   51   44 3745.26544 3589.77907  4.15%  29.6 2278s
 15288  7187 3644.11499   41   57 3745.26544 3589.77907  4.15%  29.5 2285s
 15347  7184 3683.69336   68   34 3745.26544 3589.77907  4.15%  29.5 2294s
 15356  7193 3589.77907   37  186 3745.26544 3589.77907  4.15%  29.5 2298s
 15368  7217 3591.23562   44  108 3745.26544 3589.77907  4.15%  29.5 2304s
 15403  7226 3668.68818   51   43 3745.26544 3589.77907  4.15%  29.6 2309s
 15432  7238 3603.16651   60   86 3745.26544 3589.77907  4.15%  29.6 2317s
 15474  7232 3589.77907   37  170 3745.26544 3589.77907  4.15%  29.5 2320s
 15482  7264 3589.77907   41  157 3745.26544 3589.77907  4.15%  29.6 2329s
 15519  7281 3600.77290   45   84 3745.26544 3589.77907  4.15%  29.6 2336s
 15576  7303 3602.73540   59   91 3745.26544 3589.77907  4.15%  29.5 2344s
 15647  7320     cutoff   72      3745.26544 3589.77907  4.15%  29.5 2353s
 15721  7312 3737.22086   63   31 3745.26544 3589.77907  4.15%  29.5 2360s
 15771  7345 3608.61403   52   94 3745.26544 3589.77907  4.15%  29.4 2369s
 15825  7358 3616.55692   68   75 3745.26544 3589.77907  4.15%  29.4 2382s
 15937  7322 3589.77907   42  184 3745.26544 3589.77907  4.15%  29.3 2385s
 15939  7337 3589.77907   43  179 3745.26544 3589.77907  4.15%  29.3 2392s
 15968  7385 3612.81157   50  118 3745.26544 3589.77907  4.15%  29.4 2403s
 16081  7427 3698.50732   50  112 3745.26544 3589.77907  4.15%  29.3 2419s
 16247  7425 3685.68889   60   28 3745.26544 3589.77907  4.15%  29.2 2426s
 16337  7473 infeasible   61      3745.26544 3589.77907  4.15%  29.1 2440s
 16472  7495 3741.54987   66   97 3745.26544 3589.77907  4.15%  29.0 2456s
 16628  7532 3635.53837   69   66 3745.26544 3589.77907  4.15%  28.9 2472s
 16775  7528 3592.92190   60   85 3745.26544 3589.77907  4.15%  28.9 2481s
 16859  7542 3589.77907   51  154 3745.26544 3589.77907  4.15%  28.8 2489s
 16909  7597 3607.67205   57   89 3745.26544 3589.77907  4.15%  28.8 2506s
 17056  7632 3619.94038   55  162 3745.26544 3589.77907  4.15%  28.7 2523s
 17200  7659 3740.65829   56   18 3745.26544 3589.77907  4.15%  28.6 2538s
 17336  7737 3605.36522   60   87 3745.26544 3589.77907  4.15%  28.6 2557s
 17563  7765 3615.01866   64   83 3745.26544 3589.77907  4.15%  28.4 2575s
 17721  7814 3589.77907   79  118 3745.26544 3589.77907  4.15%  28.3 2599s
 17888  7821 3669.10983   82   58 3745.26544 3589.77907  4.15%  28.1 2617s
 18075  7831 3589.77907   56  102 3745.26544 3589.77907  4.15%  28.1 2640s
 18187  7870 3589.77907   33  219 3745.26544 3589.77907  4.15%  28.3 2669s
 18329  7823 3589.77907   54  142 3745.26544 3589.77907  4.15%  28.2 2670s
 18340  7900 3636.23072   35  220 3745.26544 3589.77907  4.15%  28.2 2690s
 18507  7895 3613.51212   35   78 3745.26544 3589.77907  4.15%  28.2 2710s
 18582  7939 3637.32944   34  303 3745.26544 3589.77907  4.15%  28.3 2741s
 18730  8049 3640.02323   39  245 3745.26544 3589.77907  4.15%  28.3 2762s
 19001  8177 3705.16973   47   31 3745.26544 3589.77907  4.15%  28.2 2793s
 19390  8193 3700.84368   59   24 3745.26544 3589.77907  4.15%  28.0 2819s
 19678  8106 3712.07196   38  225 3745.26544 3589.77907  4.15%  27.9 2829s
 19697  8322 3714.02747   51  163 3745.26544 3589.77907  4.15%  28.0 2854s
 19991  8224 3602.10204   36   71 3745.26544 3589.77907  4.15%  27.9 2855s
 20028  8556 3720.76871   45    5 3745.26544 3589.77907  4.15%  27.8 2889s
 20251  8481 3594.11814   54   86 3745.26544 3589.77907  4.15%  27.7 2890s
 20614  8548 3605.36661   61   99 3745.26544 3589.77907  4.15%  27.5 2915s
 20938  8667 3614.37363   78  133 3745.26544 3590.49370  4.13%  27.3 2950s
 21349  8755 3676.29713   46   57 3745.26544 3591.11804  4.12%  27.1 2978s
 21714  8896 3688.71038   57   36 3745.26544 3591.73152  4.10%  26.9 3013s
 22231  9041 3592.64314   47  101 3745.26544 3592.64314  4.08%  26.6 3067s
 22719  8958 3733.47849   64   29 3745.26544 3593.49026  4.05%  26.3 3079s
 22850  8954 3597.31620   37  180 3745.26544 3593.75914  4.05%  26.4 3089s
 22906  9055 3608.02816   50  155 3745.26544 3593.86375  4.04%  26.4 3111s
 23165  9070 3622.48039   58   77 3745.26544 3594.35692  4.03%  26.3 3127s
 23381  9130 3640.00572   56   72 3745.26544 3594.79507  4.02%  26.2 3148s
 23665  9136 3642.29456   55   79 3745.26544 3595.22314  4.01%  26.1 3165s
 23884  9167 3743.55056   76   84 3745.26544 3595.56834  4.00%  26.0 3181s
 24044  9215 3676.41666   39  150 3745.26544 3595.59647  4.00%  26.0 3198s
 24239  9229 3653.25846   44   79 3745.26544 3595.78730  3.99%  26.0 3211s
 24368  9323 3619.53820   41  151 3745.26544 3595.79773  3.99%  26.0 3231s
 24638  9328 3686.28112   52  112 3745.26544 3596.25456  3.98%  25.9 3252s
 24899  9416 3737.09279   56   56 3745.26544 3596.62861  3.97%  25.8 3272s
 25146  9439 3637.78061   82   53 3745.26544 3596.95787  3.96%  25.7 3289s
 25370  9564 3630.08260   68   71 3745.26544 3597.69888  3.94%  25.7 3311s
 25671  9572 3680.10000   61   43 3745.26544 3597.88382  3.94%  25.6 3326s
 25848  9602 3666.20253   77   60 3745.26544 3598.10690  3.93%  25.5 3343s
 26061  9617 3669.83591   74   82 3745.26544 3598.47335  3.92%  25.4 3359s
 26248  9650 3693.89367   72   43 3745.26544 3598.74893  3.91%  25.3 3376s
 26451  9681 3676.30061   45  122 3745.26544 3598.93733  3.91%  25.3 3387s
 26651  9690 3631.77187   71   73 3745.26544 3599.00875  3.91%  25.2 3397s
 26771  9775 3681.95364   52   58 3745.26544 3599.59302  3.89%  25.2 3413s
 26984  9809 3695.51149   70   38 3745.26544 3599.68845  3.89%  25.1 3429s
 27219  9888 3600.84436   40   83 3745.26544 3599.97896  3.88%  25.0 3448s
 27513  9913 3698.02363   72   67 3745.26544 3600.17830  3.87%  24.9 3467s
 27766  9906 3640.26911   52   65 3745.26544 3600.40731  3.87%  24.8 3482s
 27916  9977 3624.14307   57  139 3745.26544 3600.83364  3.86%  24.7 3499s
 28146 10089 3616.79782   43   81 3745.26544 3600.97407  3.85%  24.6 3519s
 28467 10110 3739.88320   56    8 3745.26544 3601.20284  3.85%  24.5 3533s
 28713 10140 infeasible   73      3745.26544 3601.29669  3.84%  24.4 3548s
 28927 10161 3634.24090   50  144 3745.26544 3601.42920  3.84%  24.4 3565s
 29127 10143 3632.90470   51   53 3745.26544 3601.46344  3.84%  24.3 3579s
 29292 10191 3704.16750   52  134 3745.26544 3601.57207  3.84%  24.3 3596s
 29487 10316 3636.95306   60   56 3745.26544 3601.69169  3.83%  24.3 3648s
 29837 10304 3654.46229   60   68 3745.26544 3601.81849  3.83%  24.2 3666s
 30098 10310 3663.39185   46   51 3745.26544 3602.00037  3.83%  24.1 3678s
 30306 10370 3682.48781   67   38 3745.26544 3602.10299  3.82%  24.0 3688s
 30522 10457 3617.40337   57   66 3745.26544 3602.18549  3.82%  23.9 3700s
 30792 10460 3685.76281   64   40 3745.26544 3602.29643  3.82%  23.8 3714s
 31004 10537 3649.62547   69   64 3745.26544 3602.43238  3.81%  23.8 3726s
 31225 10544 3626.71730   66   61 3745.26544 3602.49698  3.81%  23.8 3739s
 31428 10579 3624.72013   59   74 3745.26544 3602.58002  3.81%  23.7 3751s
 31638 10581 3633.68023   69   52 3745.26544 3602.69421  3.81%  23.7 3758s
 31791 10669 3701.96984   65   26 3745.26544 3602.75057  3.81%  23.7 3771s
 32026 10678 3661.37313   60   47 3745.26544 3602.76869  3.80%  23.6 3780s
 32203 10751 3655.87915   63   48 3745.26544 3602.80793  3.80%  23.6 3791s
 32445 10772     cutoff   78      3745.26544 3602.89415  3.80%  23.5 3802s
 32652 10759 3705.27914   93   61 3745.26544 3602.94688  3.80%  23.5 3813s
 32797 10785 3685.20845   55   29 3745.26544 3603.01981  3.80%  23.5 3824s
 32979 10784 3737.24740   49   27 3745.26544 3603.05097  3.80%  23.4 3837s
 33180 10824 3619.47269   57   82 3745.26544 3603.14784  3.79%  23.4 3847s
 33358 10921 3633.21851   54   57 3745.26544 3603.18382  3.79%  23.4 3857s
 33630 10899 3621.63148   60   82 3745.26544 3603.25925  3.79%  23.3 3865s
 33785 10978 3613.50094   66   86 3745.26544 3603.38022  3.79%  23.3 3872s
 33994 11075 3649.07225   55   68 3745.26544 3603.45053  3.79%  23.3 3880s
 34358 11032 3639.82769   57  108 3745.26544 3603.55299  3.78%  23.2 3889s
 34538 11114 3636.16494   76   56 3745.26544 3603.66526  3.78%  23.2 3901s
 34866 11118 3632.52066   67   67 3745.26544 3603.79721  3.78%  23.2 3913s
 35097 11184 3673.31592   68   46 3745.26544 3603.83085  3.78%  23.1 3921s
 35369 11317 3604.73912   38  118 3745.26544 3603.93632  3.77%  23.1 3930s
 35726 11278 3685.98609   74   43 3745.26544 3604.06309  3.77%  23.0 3938s
 35904 11305 3707.62119   72   37 3745.26544 3604.12003  3.77%  23.0 3946s
 36086 11312 3610.65866   66  167 3745.26544 3604.19494  3.77%  23.0 3956s
 36227 11425 3682.55896   64   44 3745.26544 3604.31865  3.76%  22.9 3968s
 36434 11523 3611.55409   38  125 3745.26544 3604.41700  3.76%  22.9 3975s
 36607 11649 3631.87058   73   81 3745.26544 3604.41963  3.76%  22.9 3982s
 36874 11915 infeasible   54      3745.26544 3604.63042  3.76%  22.9 4008s
 37372 12010 3685.89525   62   46 3745.26544 3604.81968  3.75%  22.8 4014s
 37540 12077 infeasible   74      3745.26544 3604.93833  3.75%  22.8 4019s
 37697 12234 3721.15651   61   51 3745.26544 3604.96045  3.75%  22.7 4030s
 38002 12350 infeasible   68      3745.26544 3605.16464  3.74%  22.7 4039s
 38229 12437 infeasible   83      3745.26544 3605.28611  3.74%  22.7 4047s
 38385 12537 3690.68745   76   30 3745.26544 3605.35679  3.74%  22.6 4057s
 38638 12627 3690.46691   56   35 3745.26544 3605.42188  3.73%  22.6 4062s
 38827 12714 3682.44330   63   38 3745.26544 3605.48873  3.73%  22.6 4068s
 38998 12800 infeasible   80      3745.26544 3605.59223  3.73%  22.5 4072s
 39181 12927 3688.11926   57   43 3745.26544 3605.65374  3.73%  22.5 4082s
 39376 13010 3618.35971   43   93 3745.26544 3605.74365  3.73%  22.5 4087s
 39537 13132 3689.47182   68  124 3745.26544 3605.85365  3.72%  22.4 4096s
 39757 13189 3636.77865   46   71 3745.26544 3605.99042  3.72%  22.4 4104s
 39934 13261 infeasible   56      3745.26544 3605.99981  3.72%  22.4 4112s
 40070 13343 3623.53732   42   79 3745.26544 3606.02935  3.72%  22.3 4120s
 40223 13454 3688.68101   80   33 3745.26544 3606.08729  3.72%  22.3 4129s
 40443 13500 3645.55401   61   82 3745.26544 3606.24175  3.71%  22.3 4138s
 40547 13617 3656.91692   63   50 3745.26544 3606.25095  3.71%  22.3 4147s
 40762 13706 3641.50919   41   87 3745.26544 3606.46230  3.71%  22.3 4155s
 40932 13818 3673.96287   71   53 3745.26544 3606.53824  3.70%  22.2 4164s
 41217 13871 3651.85069   62  158 3745.26544 3606.71916  3.70%  22.2 4173s
 41370 13998 3636.83645   58   69 3745.26544 3606.82740  3.70%  22.1 4183s
 41598 14109 3643.76763   59  140 3745.26544 3607.01288  3.69%  22.1 4191s
 41810 14167     cutoff   63      3745.26544 3607.16811  3.69%  22.1 4203s
 41968 14249 3625.55769   62  149 3745.26544 3607.21946  3.69%  22.0 4212s
 42166 14344 3640.18855   52   67 3745.26544 3607.35927  3.68%  22.0 4223s
 42402 14489 3664.45769   44   88 3745.26544 3607.51861  3.68%  22.0 4234s
 42713 14620 3670.93792   61   51 3745.26544 3607.63155  3.67%  21.9 4243s
 43045 14690 3668.94184   61   44 3745.26544 3607.73158  3.67%  21.8 4252s
 43212 14781 3683.52603   72   44 3745.26544 3607.92023  3.67%  21.8 4261s
 43416 14883 3689.95448   52   96 3745.26544 3608.03944  3.66%  21.8 4270s
 43642 14957 3691.69304   72   36 3745.26544 3608.21399  3.66%  21.7 4279s
 43815 15031 infeasible   61      3745.26544 3608.32499  3.66%  21.7 4287s
 44033 15111 3622.93933   44  144 3745.26544 3608.42566  3.65%  21.7 4295s
 44220 15354 infeasible   84      3745.26544 3608.47653  3.65%  21.6 4331s
 44702 15402 infeasible   67      3745.26544 3608.75159  3.64%  21.5 4338s
 44822 15449 3651.67942   58   58 3745.26544 3608.81869  3.64%  21.5 4345s
 44976 15533 infeasible   61      3745.26544 3608.97384  3.64%  21.5 4351s
 45131 15637 3680.32115   48   38 3745.26544 3609.11866  3.64%  21.5 4356s
 45328 15730 3679.14204   72   49 3745.26544 3609.24499  3.63%  21.5 4363s
 45539 15850 3650.52440   64   67 3745.26544 3609.43252  3.63%  21.4 4369s
 45839 15954 3647.10140   49  109 3745.26544 3609.58381  3.62%  21.4 4374s
 46091 16061 3639.40935   52   68 3745.26544 3609.69336  3.62%  21.3 4381s
 46284 16175 infeasible   72      3745.26544 3609.83999  3.62%  21.3 4386s
 46478 16322 3657.12784   63   57 3745.26544 3609.90681  3.61%  21.2 4392s
 46712 16397 3643.97192   69   38 3745.26544 3609.96820  3.61%  21.2 4400s
 46854 16446 3702.82373   65  181 3745.26544 3610.08879  3.61%  21.2 4407s
 47038 16531 3617.26669   71   95 3745.26544 3610.20059  3.61%  21.2 4415s
 47172 16678 3693.47720   84   47 3745.26544 3610.25094  3.60%  21.2 4425s
 47515 16730     cutoff   72      3745.26544 3610.39645  3.60%  21.1 4434s
 47615 16782 3614.11595   42  239 3745.26544 3610.40086  3.60%  21.1 4439s
 47707 16802 3620.88600   56  158 3745.26544 3610.41479  3.60%  21.2 4446s
 47760 16874 3610.93072   61   72 3745.26544 3610.50397  3.60%  21.2 4454s
 47872 16967 infeasible   78      3745.26544 3610.57387  3.60%  21.2 4461s
 48051 17053 infeasible   57      3745.26544 3610.62352  3.59%  21.2 4469s
 48191 17174 infeasible   91      3745.26544 3610.66533  3.59%  21.2 4480s
 48433 17308 3658.52628   67   67 3745.26544 3610.71781  3.59%  21.1 4491s
 48678 17403 3680.59354   57   39 3745.26544 3610.77512  3.59%  21.1 4502s
 48921 17524 3679.38193   65   48 3745.26544 3610.90233  3.59%  21.1 4515s
 49172 17572 3695.29324   63   25 3745.26544 3610.94152  3.59%  21.1 4525s
 49271 17673 3682.73138   61   42 3745.26544 3610.97481  3.59%  21.1 4533s
 49438 17798 3624.57712   51   91 3745.26544 3611.01082  3.58%  21.1 4543s
 49665 17833 3611.75191   38  196 3745.26544 3611.07214  3.58%  21.1 4549s
 49748 17947 3693.88807   72   51 3745.26544 3611.10307  3.58%  21.1 4559s
 49965 18063 3737.73038   69   32 3745.26544 3611.17958  3.58%  21.1 4570s
 50225 18214 infeasible   74      3745.26544 3611.29178  3.58%  21.1 4585s
 50580 18296 3677.21287   52   58 3745.26544 3611.47463  3.57%  21.0 4593s
 50726 18341 3642.30397   49   60 3745.26544 3611.54897  3.57%  21.0 4598s
 50792 18420 3624.96604   48  196 3745.26544 3611.58294  3.57%  21.1 4606s
 50974 18530 3653.12292   67   65 3745.26544 3611.66518  3.57%  21.1 4616s
 51176 18586 infeasible   40      3745.26544 3611.72680  3.57%  21.0 4625s
 51260 18634 3722.27892   53  162 3745.26544 3611.73342  3.57%  21.1 4636s
 51403 18716 3613.04345   45  181 3745.26544 3611.76083  3.56%  21.1 4648s
 51572 18838 3654.67437   56  111 3745.26544 3611.84785  3.56%  21.1 4683s
 51839 18924 3663.58731   46   85 3745.26544 3611.85962  3.56%  21.1 4694s
 51992 19041 3657.81012   67   75 3745.26544 3611.93868  3.56%  21.1 4705s
 52212 19120 3675.11129   73   46 3745.26544 3611.99546  3.56%  21.1 4718s
 52392 19246 3628.91023   44  119 3745.26544 3612.06183  3.56%  21.1 4731s
 52644 19315     cutoff   72      3745.26544 3612.12238  3.55%  21.1 4740s
 52819 19422 3614.69642   40  116 3745.26544 3612.13349  3.55%  21.1 4749s
 52962 19582 3699.69086   47   52 3745.26544 3612.13349  3.55%  21.1 4767s
 53278 19700 3674.69946   69   42 3745.26544 3612.23942  3.55%  21.1 4780s
 53571 19797 3671.58955   59   51 3745.26544 3612.31346  3.55%  21.0 4793s
 53777 19874 3700.31444   56   51 3745.26544 3612.35344  3.55%  21.1 4804s
 53953 20017 3659.67684   74   64 3745.26544 3612.38667  3.55%  21.1 4818s
 54243 20134 3655.76409   59  117 3745.26544 3612.47205  3.55%  21.0 4833s
 54480 20297 3661.00401   77   63 3745.26544 3612.54208  3.54%  21.0 4848s
 54801 20510 3656.30993   52   79 3745.26544 3612.59682  3.54%  21.0 4862s
 55113 20589 3687.09543   95   77 3745.26544 3612.71122  3.54%  21.0 4875s
 55329 20717 3706.20686   69  101 3745.26544 3612.76946  3.54%  20.9 4884s
 55576 20817 infeasible   49      3745.26544 3612.92308  3.53%  20.9 4895s
 55779 20937 3708.44863   65   55 3745.26544 3612.94958  3.53%  20.9 4903s
 55998 21069 3633.39624   57  109 3745.26544 3613.02993  3.53%  20.9 4916s
 56312 21169 3675.11501   71   59 3745.26544 3613.06969  3.53%  20.9 4926s
 56478 21233 3726.18440   42   45 3745.26544 3613.14563  3.53%  20.9 4932s
 56600 21306 infeasible   45      3745.26544 3613.20867  3.53%  20.9 4939s
 56729 21423 3725.69708   50   48 3745.26544 3613.22428  3.53%  20.9 4949s
 57000 21555 3741.03115   70   28 3745.26544 3613.31447  3.52%  20.9 4959s
 57240 21676 3692.83173   68   39 3745.26544 3613.42227  3.52%  20.9 4967s
 57465 21876 3615.27679   46  153 3745.26544 3613.48090  3.52%  20.9 4976s
 57935 22116 3700.65722   84  106 3745.26544 3613.58288  3.52%  20.9 4985s
 58375 22205 3698.23946   45   88 3745.26544 3613.69712  3.51%  20.9 4994s
 58442 22285 infeasible   70      3745.26544 3613.74347  3.51%  20.9 5000s
 58593 22388 3677.52638   80   58 3745.26544 3613.80288  3.51%  20.9 5009s
 58860 22554 infeasible   81      3745.26544 3613.84232  3.51%  20.9 5031s
 59201 22650 3646.39366   68   66 3745.26544 3613.98421  3.51%  20.8 5035s
 59371 22750 3649.00425   71   61 3745.26544 3614.09137  3.50%  20.8 5045s
 59573 22865 3647.80150   42  109 3745.26544 3614.14995  3.50%  20.8 5054s
 59783 22935 3639.88869   57  120 3745.26544 3614.20499  3.50%  20.8 5062s
 59915 23026 3651.73359   54   93 3745.26544 3614.23509  3.50%  20.8 5070s
 60125 23174 3717.82963   48   95 3745.26544 3614.30364  3.50%  20.8 5081s
 60427 23362 infeasible   50      3745.26544 3614.45079  3.49%  20.7 5090s
 60763 23415 infeasible   68      3745.26544 3614.57532  3.49%  20.7 5099s
 60889 23543 3707.98275   55   91 3745.26544 3614.61877  3.49%  20.7 5106s
 61119 23619 3673.14180   40   60 3745.26544 3614.69557  3.49%  20.7 5117s
 61339 23728 infeasible   48      3745.26544 3614.70448  3.49%  20.7 5126s
 61519 23803 3684.47824   55   70 3745.26544 3614.80340  3.48%  20.7 5135s
 61641 23880 3659.15849   65  118 3745.26544 3614.83683  3.48%  20.7 5145s
 61916 23960 3647.25705   55  120 3745.26544 3614.89136  3.48%  20.7 5154s
 62057 24053     cutoff   75      3745.26544 3614.90530  3.48%  20.7 5160s
 62252 24109 3634.00629   72   69 3745.26544 3614.95727  3.48%  20.6 5168s
 62389 24181 3638.39916   55   93 3745.26544 3614.98987  3.48%  20.6 5177s
 62522 24203 3664.28929   56  108 3745.26544 3615.02268  3.48%  20.6 5183s
 62585 24261 3647.58103   71   67 3745.26544 3615.03293  3.48%  20.6 5193s
 62725 24349 3631.05803   42  103 3745.26544 3615.07770  3.48%  20.6 5201s
 62929 24398 3650.67396   61   56 3745.26544 3615.17267  3.47%  20.6 5209s
 63057 24458 3638.84374   54   52 3745.26544 3615.20704  3.47%  20.6 5218s
 63250 24516 3703.20751   47   54 3745.26544 3615.28418  3.47%  20.6 5226s
 63422 24579 3697.25013   60   53 3745.26544 3615.41322  3.47%  20.6 5233s
 63565 24663 3655.63103   60  127 3745.26544 3615.41869  3.47%  20.6 5242s
 63763 24735 3741.15797   71   39 3745.26544 3615.49893  3.46%  20.5 5250s
 63911 24817 3632.72635   48  123 3745.26544 3615.51607  3.46%  20.5 5257s
 64081 24885     cutoff   71      3745.26544 3615.52107  3.46%  20.5 5264s
 64338 24962 infeasible   66      3745.26544 3615.61547  3.46%  20.5 5274s
 64527 25024 3706.71103   59   59 3745.26544 3615.70416  3.46%  20.5 5280s
 64726 25135 3660.85915   71   35 3745.26544 3615.73129  3.46%  20.4 5290s
 64970 25233 3674.75025   68   45 3745.26544 3615.83740  3.46%  20.4 5299s
 65234 25383 3703.81861   54   60 3745.26544 3615.91990  3.45%  20.4 5308s
 65508 25495 3691.37209   57   40 3745.26544 3615.98460  3.45%  20.4 5319s
 65728 25647 3638.08196   55   86 3745.26544 3616.02081  3.45%  20.4 5330s
 66045 25760 3648.80304   51  133 3745.26544 3616.06096  3.45%  20.3 5339s
 66273 25877 3649.97772   66  102 3745.26544 3616.13478  3.45%  20.3 5362s
 66489 26002 3618.81407   51  166 3745.26544 3616.15585  3.45%  20.3 5371s
 66785 26091 3649.42935   49  118 3745.26544 3616.22388  3.45%  20.3 5379s
 66946 26225 3697.07826   64   72 3745.26544 3616.23349  3.45%  20.3 5385s
 67263 26337 3649.11023   62   44 3745.26544 3616.35063  3.44%  20.3 5392s
 67456 26490 3719.08153   61   85 3745.26544 3616.39107  3.44%  20.3 5401s
 67728 26580 3622.22434   51  108 3745.26544 3616.46183  3.44%  20.3 5409s
 67931 26665 3620.48816   59   76 3745.26544 3616.52806  3.44%  20.2 5416s
 68143 26815 3682.47054   57   44 3745.26544 3616.55298  3.44%  20.2 5427s
 68415 26887     cutoff   66      3745.26544 3616.57616  3.44%  20.2 5438s
 68571 26985 3672.20579   64  105 3745.26544 3616.62237  3.43%  20.2 5449s
 68753 27021     cutoff   81      3745.26544 3616.63442  3.43%  20.2 5457s
 68860 27099 3627.44031   49   69 3745.26544 3616.65112  3.43%  20.2 5468s
 69029 27229 3639.98515   61  101 3745.26544 3616.68105  3.43%  20.1 5478s
 69284 27273 3642.61072   69   57 3745.26544 3616.71205  3.43%  20.1 5486s
 69380 27339 infeasible   71      3745.26544 3616.71727  3.43%  20.1 5495s
 69594 27404 3664.74044   49   61 3745.26544 3616.75353  3.43%  20.1 5502s
 69791 27472 3651.06084   49  154 3745.26544 3616.79192  3.43%  20.1 5512s
 69919 27558     cutoff   68      3745.26544 3616.82352  3.43%  20.1 5521s
 70157 27686 3706.01904   59   54 3745.26544 3616.87345  3.43%  20.1 5532s
 70383 27794 3650.87919   55   93 3745.26544 3616.90620  3.43%  20.1 5542s
 70629 27952 3654.95502   92   81 3745.26544 3616.99093  3.42%  20.0 5558s
 71065 28010 3680.97442   83   21 3745.26544 3617.18439  3.42%  20.0 5571s
 71280 28109 3655.07056   50  103 3745.26544 3617.27560  3.42%  20.0 5581s
 71514 28165 infeasible   59      3745.26544 3617.34802  3.42%  19.9 5593s
 71704 28262 3685.08198   48   49 3745.26544 3617.39205  3.41%  19.9 5603s
 71912 28320 3651.14018   58  153 3745.26544 3617.41520  3.41%  19.9 5615s
 72049 28447 3658.06097   56  126 3745.26544 3617.44664  3.41%  19.9 5622s
 72308 28542 3706.10148   66   37 3745.26544 3617.51321  3.41%  19.9 5631s
 72525 28658 3718.07500   73   48 3745.26544 3617.54609  3.41%  19.9 5635s
 72763 28755 3681.34776   81   22 3745.26544 3617.56398  3.41%  19.9 5643s
 72974 28848 3678.01906   71   42 3745.26544 3617.64070  3.41%  19.8 5651s
 73252 28904 infeasible   50      3745.26544 3617.73202  3.41%  19.8 5656s
 73397 28979 3700.95034   52   55 3745.26544 3617.77246  3.40%  19.8 5661s
 73591 29060 3693.35252   58   66 3745.26544 3617.87456  3.40%  19.8 5690s
 73764 29183 3654.62931   59  185 3745.26544 3617.93098  3.40%  19.8 5701s
 74006 29275 infeasible   72      3745.26544 3618.01686  3.40%  19.8 5716s
 74244 29347 3699.02222   60   42 3745.26544 3618.09103  3.40%  19.8 5726s
 74451 29387 3694.61432   81   47 3745.26544 3618.13553  3.39%  19.8 5734s
 74542 29389 3690.98009   65   85 3745.26544 3618.13772  3.39%  19.8 5740s
 74544 29423 infeasible   65      3745.26544 3618.13772  3.39%  19.8 5751s
 74651 29523 3659.38261   49   98 3745.26544 3618.15128  3.39%  19.8 5758s
 74819 29656 3629.44695   49  123 3745.26544 3618.21338  3.39%  19.8 5765s
 75023 29765 3681.89655   53   74 3745.26544 3618.22561  3.39%  19.8 5773s
 75260 29870 infeasible   79      3745.26544 3618.29391  3.39%  19.8 5790s
 75481 30105 3718.57995   67   36 3745.26544 3618.36214  3.39%  19.8 5812s
 75933 30146 infeasible   67      3745.26544 3618.45310  3.39%  19.7 5829s
 76137 30239 3651.60509   61  117 3745.26544 3618.50493  3.38%  19.7 5841s
 76328 30345 3678.18897   65   53 3745.26544 3618.58602  3.38%  19.7 5856s
 76553 30443 3727.95471   64  103 3745.26544 3618.65911  3.38%  19.7 5869s
 76768 30587 3720.10515   59   63 3745.26544 3618.70210  3.38%  19.7 5884s
 77023 30694 3718.22720   72   68 3745.26544 3618.76485  3.38%  19.7 5898s
 77258 30849 3661.56655   62  138 3745.26544 3618.83808  3.38%  19.7 5912s
 77560 30935 3720.46321   58   66 3745.26544 3618.86838  3.37%  19.7 5926s
 77828 31075 3673.91688   78   55 3745.26544 3618.97780  3.37%  19.7 5937s
 78131 31221 3653.00574   62  132 3745.26544 3619.00146  3.37%  19.7 5950s
 78443 31366 3687.14191   63   56 3745.26544 3619.06078  3.37%  19.7 5962s
 78717 31459 3682.76860   59   44 3745.26544 3619.08975  3.37%  19.7 5974s
 78893 31521 infeasible   74      3745.26544 3619.12900  3.37%  19.6 5986s
 79074 31584 3646.80329   59  109 3745.26544 3619.18698  3.37%  19.6 5995s
 79236 31718 3678.86467   65   53 3745.26544 3619.21854  3.37%  19.6 6009s
 79531 31786     cutoff   70      3745.26544 3619.26389  3.36%  19.6 6020s
 79766 31891 3619.91613   57  153 3745.26544 3619.30142  3.36%  19.6 6034s
 79996 32006 3672.43811   68   50 3745.26544 3619.35212  3.36%  19.6 6045s
 80238 32186 3655.36425   59  145 3745.26544 3619.40704  3.36%  19.6 6059s
 80605 32273 3740.83898   65   34 3745.26544 3619.47993  3.36%  19.6 6071s
 80785 32345 3718.23335   63   91 3745.26544 3619.49673  3.36%  19.6 6082s
 80999 32424 3666.33921   58  123 3745.26544 3619.57230  3.36%  19.6 6112s
 81207 32538 3662.41205   74   63 3745.26544 3619.60432  3.36%  19.6 6123s
 81456 32628 3708.74765   72   61 3745.26544 3619.66324  3.35%  19.6 6134s
 81661 32684 3689.35540   73  111 3745.26544 3619.69296  3.35%  19.6 6141s
 81779 32775 infeasible   48      3745.26544 3619.72543  3.35%  19.6 6154s
 81980 32886 3666.14075   62   45 3745.26544 3619.79796  3.35%  19.6 6163s
 82170 32966 3669.27258   85   55 3745.26544 3619.82020  3.35%  19.6 6175s
 82356 33110 3666.69428   60  128 3745.26544 3619.86229  3.35%  19.6 6183s
 82677 33199 3671.73753   79   99 3745.26544 3619.92323  3.35%  19.6 6196s
 82889 33277 infeasible   71      3745.26544 3619.97010  3.35%  19.6 6207s
 83102 33365 3636.94008   67  105 3745.26544 3620.04348  3.34%  19.6 6216s
 83355 33437 3708.73899   43   83 3745.26544 3620.13365  3.34%  19.6 6224s
 83562 33441 3679.58343   57   54 3745.26544 3620.17255  3.34%  19.6 6226s
 83571 33441 infeasible   61      3745.26544 3620.18440  3.34%  19.6 6230s
 83630 33547 3677.41812   59   48 3745.26544 3620.19761  3.34%  19.6 6241s
 83774 33658 3636.01220   56   72 3745.26544 3620.24900  3.34%  19.6 6250s
 83979 33728 3651.93370   79  154 3745.26544 3620.30261  3.34%  19.6 6261s
 84160 33791 3620.52760   63  161 3745.26544 3620.31778  3.34%  19.6 6272s
 84302 33878 3660.26561   77   63 3745.26544 3620.37985  3.33%  19.6 6288s
 84568 33997 infeasible   63      3745.26544 3620.50161  3.33%  19.6 6299s
 84823 34085 3698.24469   58   82 3745.26544 3620.55094  3.33%  19.6 6311s
 85019 34177 3641.46790   56   70 3745.26544 3620.60776  3.33%  19.5 6325s
 85237 34287 3646.47267   78  149 3745.26544 3620.61851  3.33%  19.5 6339s
 85492 34359 3730.79792   66   47 3745.26544 3620.67202  3.33%  19.5 6349s
 85614 34455 3697.85714   49   64 3745.26544 3620.69643  3.33%  19.5 6363s
 85898 34560 3657.49149   62   85 3745.26544 3620.74446  3.32%  19.5 6379s
 86121 34671 3684.70004   83   48 3745.26544 3620.79972  3.32%  19.5 6391s
 86387 34791 3664.81988   55   91 3745.26544 3620.84244  3.32%  19.5 6402s
 86641 34872 3739.12540   75   24 3745.26544 3620.92589  3.32%  19.5 6412s
 86904 34981 3676.56766   70   72 3745.26544 3620.99986  3.32%  19.5 6426s
 87141 35057 3650.79156   71   66 3745.26544 3621.06315  3.32%  19.5 6438s
 87368 35152 3649.31665   53   94 3745.26544 3621.11152  3.31%  19.5 6454s
 87587 35229 3681.69522   56   87 3745.26544 3621.15179  3.31%  19.5 6466s
 87799 35317     cutoff   75      3745.26544 3621.15179  3.31%  19.5 6480s
 88047 35422 3653.99317   68  118 3745.26544 3621.25916  3.31%  19.5 6490s
 88277 35471 infeasible   59      3745.26544 3621.30201  3.31%  19.5 6515s
 88412 35612 3624.99671   61  151 3745.26544 3621.33763  3.31%  19.5 6539s
 88787 35681 3645.19432   59  115 3745.26544 3621.41567  3.31%  19.4 6551s
 88965 35744 3658.18256   58  188 3745.26544 3621.48151  3.31%  19.4 6559s
 89081 35851 3658.18458   70  178 3745.26544 3621.50311  3.30%  19.4 6573s
 89322 35947     cutoff   68      3745.26544 3621.53914  3.30%  19.4 6584s
 89631 36055 3654.22118   60  133 3745.26544 3621.58043  3.30%  19.4 6597s
 89914 36199 3696.64960   92  100 3745.26544 3621.66391  3.30%  19.4 6611s
 90231 36319 3654.28111   69   97 3745.26544 3621.72765  3.30%  19.4 6627s
 90503 36432 3649.63786   60   85 3745.26544 3621.80810  3.30%  19.4 6642s
 90825 36501 3637.27645   60   59 3745.26544 3621.85098  3.30%  19.4 6656s
 91010 36593 3657.24758   59  138 3745.26544 3621.86860  3.29%  19.4 6666s
 91258 36671 3721.27243   76   38 3745.26544 3621.95998  3.29%  19.4 6676s
 91470 36761 infeasible   85      3745.26544 3622.00400  3.29%  19.4 6686s
 91696 36864 3696.09720   77   46 3745.26544 3622.02803  3.29%  19.4 6695s
 91899 36938 3691.76884   69   15 3745.26544 3622.06905  3.29%  19.3 6707s
 92182 37012 infeasible   63      3745.26544 3622.17996  3.29%  19.3 6717s
 92378 37089 3660.61984   50   61 3745.26544 3622.20158  3.29%  19.3 6724s
 92591 37214 3646.13979   63   57 3745.26544 3622.26933  3.28%  19.3 6736s
 92898 37244 infeasible   58      3745.26544 3622.32663  3.28%  19.3 6743s
 92970 37311 3666.58147   62   51 3745.26544 3622.34603  3.28%  19.3 6752s
 93180 37411 3629.38789   69   75 3745.26544 3622.41274  3.28%  19.3 6763s
 93412 37528 3623.38733   58   91 3745.26544 3622.49330  3.28%  19.3 6774s
 93665 37602 infeasible   60      3745.26544 3622.56659  3.28%  19.3 6784s
 93939 37676 infeasible   70      3745.26544 3622.63456  3.27%  19.3 6795s
 94164 37761 3714.82426   64   71 3745.26544 3622.74960  3.27%  19.3 6804s
 94404 37844 3679.11257   71   96 3745.26544 3622.80057  3.27%  19.3 6812s
 94588 37961 3698.29331   51   38 3745.26544 3622.87085  3.27%  19.3 6822s
 94862 38061 3677.99228   65   53 3745.26544 3622.96106  3.27%  19.3 6830s
 95142 38204 3659.81789   59  147 3745.26544 3623.15672  3.26%  19.2 6838s
 95414 38281 3657.41231   58  117 3745.26544 3623.25402  3.26%  19.2 6844s
 95651 38363 3690.47832   67   26 3745.26544 3623.32545  3.26%  19.2 6859s
 95839 38478 3691.17970   64  110 3745.26544 3623.40574  3.25%  19.2 6868s
 96151 38595 3654.82589   69   79 3745.26544 3623.53732  3.25%  19.2 6877s
 96380 38673     cutoff   77      3745.26544 3623.60800  3.25%  19.2 6886s
 96589 38777 3644.25657   56  134 3745.26544 3623.65581  3.25%  19.2 6898s
 96811 38883 3649.66315   80   66 3745.26544 3623.74807  3.24%  19.2 6907s
 97042 38959 infeasible   73      3745.26544 3623.78815  3.24%  19.2 6916s
 97243 39031 3658.60330   83   72 3745.26544 3623.82780  3.24%  19.2 6927s
 97446 39191 3624.51445   56   83 3745.26544 3623.97487  3.24%  19.1 6936s
 97768 39316 3665.23262   59   59 3745.26544 3624.05585  3.24%  19.1 6946s
 98002 39357 3684.41578   60   36 3745.26544 3624.12201  3.23%  19.1 6954s
 98080 39405 3664.15886   66   52 3745.26544 3624.13197  3.23%  19.1 6964s
 98223 39472 3629.93333   75   74 3745.26544 3624.15830  3.23%  19.1 6974s
 98426 39540 3691.44271   64   25 3745.26544 3624.21388  3.23%  19.1 6984s
 98637 39675 3734.02134   60   30 3745.26544 3624.24104  3.23%  19.1 6995s
 98883 39779 3642.67371   45   72 3745.26544 3624.32821  3.23%  19.1 7007s
 99114 39871 3687.13115   59   33 3745.26544 3624.38074  3.23%  19.1 7019s
 99356 39997 3697.75906   67   69 3745.26544 3624.42671  3.23%  19.0 7031s
 99682 40058 3664.70729   77   59 3745.26544 3624.53496  3.22%  19.0 7043s
 99889 40143 3657.83479   58   57 3745.26544 3624.59774  3.22%  19.0 7056s
 100188 40220 3703.93153   59   84 3745.26544 3624.64996  3.22%  19.0 7065s
 100383 40318 3695.27842   66   37 3745.26544 3624.68843  3.22%  19.0 7079s
 100646 40391 infeasible   70      3745.26544 3624.75321  3.22%  19.0 7089s
 100827 40485 infeasible   82      3745.26544 3624.81689  3.22%  19.0 7096s
 101032 40534 3673.36754   66  127 3745.26544 3624.87534  3.21%  19.0 7102s
 101116 40542 3667.23669   57   43 3745.26544 3624.89422  3.21%  19.0 7107s
 101183 40605 3687.41461   58   39 3745.26544 3624.89422  3.21%  19.0 7117s
 101349 40679 3669.29446   67  105 3745.26544 3624.92661  3.21%  19.0 7126s
 101609 40722 3649.54037   49   69 3745.26544 3625.06624  3.21%  19.0 7133s
 101764 40808 infeasible   71      3745.26544 3625.12495  3.21%  19.0 7141s
 101973 40901 3681.59621   74   52 3745.26544 3625.15748  3.21%  18.9 7150s
 102176 40983 3633.66384   57   68 3745.26544 3625.20880  3.21%  18.9 7159s
 102400 41066 infeasible   87      3745.26544 3625.25729  3.20%  18.9 7168s
 102632 41129 3657.76567   66   51 3745.26544 3625.32591  3.20%  18.9 7175s
 102817 41193 3726.40775   65  105 3745.26544 3625.39256  3.20%  18.9 7183s
 103001 41253 3659.71362   54  125 3745.26544 3625.43115  3.20%  18.9 7206s
 103173 41363 3686.01075   92   42 3745.26544 3625.48378  3.20%  18.9 7216s
 103471 41448 3662.09295   71   43 3745.26544 3625.54555  3.20%  18.9 7223s
 103666 41536 3729.56287   63  135 3745.26544 3625.59138  3.20%  18.9 7230s
 103890 41649 3656.41170   64   55 3745.26544 3625.67254  3.19%  18.9 7241s
 104157 41727 3739.59519   82   36 3745.26544 3625.75631  3.19%  18.9 7249s
 104444 41800 3724.82326   74   53 3745.26544 3625.87507  3.19%  18.9 7258s
 104642 41869 3720.99130   70   82 3745.26544 3625.90208  3.19%  18.9 7265s
 104886 41942 3688.82754   64   44 3745.26544 3625.98305  3.18%  18.9 7273s
 105069 42015 3687.64242   53   14 3745.26544 3626.03630  3.18%  18.9 7279s
 105299 42119 3641.68567   64   62 3745.26544 3626.06629  3.18%  18.9 7285s
 105551 42202 3631.76588   65  181 3745.26544 3626.09087  3.18%  18.9 7295s
 106023 42323 3626.84483   65   61 3745.26544 3626.21637  3.18%  18.8 7302s
 106226 42401 infeasible   74      3745.26544 3626.26954  3.18%  18.8 7305s
 106684 42548 3664.82145   58   51 3745.26544 3626.36616  3.17%  18.8 7312s
 106890 42622 3694.78453   75   53 3745.26544 3626.42129  3.17%  18.8 7316s
 107275 42764 3710.98484   63  108 3745.26544 3626.53690  3.17%  18.8 7325s
 107478 42819 3716.41139   58   55 3745.26544 3626.56675  3.17%  18.8 7331s
 107695 42881 infeasible   79      3745.26544 3626.58776  3.17%  18.8 7339s
 107901 42938 3672.30366   50  111 3745.26544 3626.67360  3.17%  18.8 7347s
 108108 43006 infeasible   56      3745.26544 3626.71467  3.17%  18.8 7353s
 108303 43093 3665.11804   65   59 3745.26544 3626.75280  3.16%  18.8 7361s
 108528 43190 3648.36227   58   52 3745.26544 3626.81632  3.16%  18.8 7369s
 108665 43190 3668.45529   64   50 3745.26544 3626.88490  3.16%  18.8 7370s
 108824 43231 3674.71122   58  112 3745.26544 3626.93124  3.16%  18.8 7377s
 109011 43307 3650.70075   69   69 3745.26544 3626.96545  3.16%  18.7 7383s
 109210 43368 3658.63636   66   57 3745.26544 3627.01105  3.16%  18.7 7391s
 109460 43474 3698.99526   70   48 3745.26544 3627.07042  3.16%  18.7 7398s
 109725 43631 infeasible   69      3745.26544 3627.12694  3.15%  18.7 7407s
 110114 43677 3653.24719   67   63 3745.26544 3627.29576  3.15%  18.7 7415s
 110312 43789 3674.29483   70   54 3745.26544 3627.35781  3.15%  18.7 7431s
 110601 43853 3663.55528   56   98 3745.26544 3627.44410  3.15%  18.7 7437s
 110723 43918 3659.18638   68   59 3745.26544 3627.48134  3.14%  18.7 7444s
 110922 44005     cutoff   59      3745.26544 3627.53395  3.14%  18.7 7450s
 111188 44105 3663.99138   62   71 3745.26544 3627.58965  3.14%  18.7 7457s
 111465 44160 3664.60017   73   56 3745.26544 3627.66940  3.14%  18.7 7465s
 111637 44295 3693.34038   72   19 3745.26544 3627.70002  3.14%  18.7 7473s
 111954 44354 3698.75671   61   66 3745.26544 3627.78445  3.14%  18.7 7480s
 112135 44418 3659.54198   69   59 3745.26544 3627.85858  3.13%  18.7 7486s
 112338 44493 3688.10339   70   45 3745.26544 3627.93737  3.13%  18.6 7493s
 112499 44577 3682.93301   63   16 3745.26544 3627.98198  3.13%  18.6 7500s
 112710 44723 3681.32896   78   55 3745.26544 3628.05139  3.13%  18.6 7507s
 112997 44799 infeasible   54      3745.26544 3628.15854  3.13%  18.6 7512s
 113235 44893 3660.44616   72   59 3745.26544 3628.19446  3.13%  18.6 7518s
 113455 44974 3697.06718   74   49 3745.26544 3628.22360  3.13%  18.6 7523s
 113633 45057 3671.63549   75   52 3745.26544 3628.29436  3.12%  18.6 7529s
 113905 45097 infeasible   56      3745.26544 3628.41550  3.12%  18.6 7536s
 114071 45196 3649.61172   52  136 3745.26544 3628.45238  3.12%  18.6 7542s
 114289 45333 3673.50319   76   52 3745.26544 3628.52181  3.12%  18.6 7550s
 114568 45400 3720.47934   73   13 3745.26544 3628.55942  3.12%  18.6 7556s
 114802 45492 3641.13317   56  120 3745.26544 3628.62616  3.11%  18.6 7563s
 115038 45623 3642.15719   67   65 3745.26544 3628.66722  3.11%  18.6 7570s
 115311 45713 infeasible   68      3745.26544 3628.70480  3.11%  18.6 7575s
 115507 45759 3734.44282   78   24 3745.26544 3628.73451  3.11%  18.6 7582s
 115698 45810 3641.33897   54  120 3745.26544 3628.79574  3.11%  18.6 7587s
 115821 45897 3704.87215   60  117 3745.26544 3628.84192  3.11%  18.6 7594s
 116086 45984 3676.40361   50   49 3745.26544 3628.91815  3.11%  18.6 7599s
 116237 46089 3689.58884   65   10 3745.26544 3628.94611  3.11%  18.6 7603s
 116474 46152 3685.83369   53   38 3745.26544 3629.02605  3.10%  18.6 7608s
 116671 46268 3661.26940   54   65 3745.26544 3629.06411  3.10%  18.6 7615s
 116899 46395 infeasible   90      3745.26544 3629.12662  3.10%  18.6 7623s
 117158 46509 3703.10731   63   37 3745.26544 3629.17495  3.10%  18.6 7629s
 117430 46593 3679.45881   77   55 3745.26544 3629.23637  3.10%  18.5 7636s
 117641 46689 infeasible   53      3745.26544 3629.33175  3.10%  18.5 7655s
 117912 46768 3631.81890   73   80 3745.26544 3629.37218  3.09%  18.5 7662s
 118085 46879 3725.72914   53   52 3745.26544 3629.42656  3.09%  18.5 7668s
 118368 46933 3657.75065   60   57 3745.26544 3629.53364  3.09%  18.5 7675s
 118731 47102 infeasible   48      3745.26544 3629.56463  3.09%  18.5 7683s
 118882 47229     cutoff   79      3745.26544 3629.60081  3.09%  18.5 7689s
 119275 47326 3647.88040   51   78 3745.26544 3629.71603  3.09%  18.5 7693s
 119466 47429     cutoff   57      3745.26544 3629.74111  3.08%  18.5 7697s
 119689 47587 3738.91767   57   84 3745.26544 3629.78306  3.08%  18.5 7702s
 120034 47628 3695.16353   74   40 3745.26544 3629.85844  3.08%  18.5 7706s
 120194 47698 3634.91921   40  120 3745.26544 3629.89261  3.08%  18.5 7710s
 120319 47802 3688.15441   61   88 3745.26544 3629.89797  3.08%  18.5 7718s
 120540 47875 3688.38891   74   24 3745.26544 3629.98902  3.08%  18.5 7724s
 120746 48000 3654.20786   65  114 3745.26544 3630.03489  3.08%  18.5 7731s
 121114 48054 3708.52840   66   64 3745.26544 3630.12696  3.07%  18.4 7738s
 121254 48143 3698.23805   70   39 3745.26544 3630.15274  3.07%  18.4 7745s
 121508 48227 3658.50835   43   94 3745.26544 3630.20232  3.07%  18.4 7751s
 121657 48301 3715.13784   54   51 3745.26544 3630.21701  3.07%  18.4 7757s
 121822 48364 3681.71203   45   32 3745.26544 3630.23838  3.07%  18.4 7764s
 121935 48403 3681.90134   69  103 3745.26544 3630.26660  3.07%  18.4 7769s
 122024 48460 3724.63711   53   24 3745.26544 3630.26660  3.07%  18.4 7775s
 122169 48516 3668.96790   68  134 3745.26544 3630.31593  3.07%  18.4 7782s
 122382 48575 infeasible   44      3745.26544 3630.38643  3.07%  18.4 7788s
 122552 48670 3631.51081   48  106 3745.26544 3630.42253  3.07%  18.4 7795s
 122780 48742 3703.67037   75   48 3745.26544 3630.46067  3.07%  18.4 7802s
 122968 48819     cutoff   70      3745.26544 3630.49729  3.06%  18.4 7808s
 123192 48869 3741.70703   38   68 3745.26544 3630.53564  3.06%  18.4 7814s
 123360 48960 3636.37489   64   68 3745.26544 3630.56938  3.06%  18.4 7820s
 123561 49061 3636.99948   52  111 3745.26544 3630.61894  3.06%  18.4 7828s
 123748 49129 infeasible   73      3745.26544 3630.66398  3.06%  18.4 7834s
 123953 49144 3668.63646   75   50 3745.26544 3630.69514  3.06%  18.4 7840s
 124040 49201 3669.94268   76   52 3745.26544 3630.70037  3.06%  18.4 7848s
 124215 49291 3689.41144   71   20 3745.26544 3630.76673  3.06%  18.4 7853s
 124435 49365 3670.95184   70   45 3745.26544 3630.84063  3.06%  18.4 7858s
 124584 49458 3665.72001   53   73 3745.26544 3630.87734  3.05%  18.4 7865s
 124745 49640 3720.62678   70   56 3745.26544 3630.89177  3.05%  18.4 7873s
 125121 49746 3696.31303   48   22 3745.26544 3630.98808  3.05%  18.4 7888s
 125309 49871 3718.07697   80   88 3745.26544 3631.03121  3.05%  18.4 7896s
 125658 49943 3705.38190   51   63 3745.26544 3631.12684  3.05%  18.3 7904s
 125895 50031 3649.58550   41  101 3745.26544 3631.14693  3.05%  18.3 7910s
 126121 50163 3691.01832   69   50 3745.26544 3631.22409  3.04%  18.3 7917s
 126371 50208 3738.40682   43   24 3745.26544 3631.26772  3.04%  18.3 7923s
 126533 50302 3680.34204   47   89 3745.26544 3631.31315  3.04%  18.3 7929s
 126750 50362 3691.99619   70   37 3745.26544 3631.36797  3.04%  18.3 7935s
 126890 50494 3632.50839   53   94 3745.26544 3631.39785  3.04%  18.3 7942s
 127127 50552 3661.67980   65   63 3745.26544 3631.42338  3.04%  18.3 7949s
 127328 50614 3669.11309   77   60 3745.26544 3631.47715  3.04%  18.3 7955s
 127549 50678 3672.78948   65   52 3745.26544 3631.52451  3.04%  18.3 7963s
 127730 50766 3654.63008   61   54 3745.26544 3631.56716  3.04%  18.3 7968s
 127933 50883 3690.19601   67   18 3745.26544 3631.59737  3.03%  18.3 7974s
 128166 50936 3676.26338   63   60 3745.26544 3631.66527  3.03%  18.3 7980s
 128357 51040 3682.30349   55   43 3745.26544 3631.69410  3.03%  18.3 7987s
 128605 51150 3689.81276   63   15 3745.26544 3631.75222  3.03%  18.3 7994s
 128909 51224 3738.14075   63   40 3745.26544 3631.80475  3.03%  18.3 8001s
 129075 51341 3664.77237   73   61 3745.26544 3631.82806  3.03%  18.3 8007s
 129352 51414 3647.38442   53   97 3745.26544 3631.89307  3.03%  18.3 8015s
 129538 51481 3729.43373   47  111 3745.26544 3631.91034  3.03%  18.2 8021s
 129653 51574 3714.40327   62   46 3745.26544 3631.91927  3.03%  18.2 8026s
 129868 51637 3679.04081   53   42 3745.26544 3631.93756  3.03%  18.2 8033s
 130032 51724 infeasible   75      3745.26544 3631.94400  3.03%  18.2 8039s
 130204 51786 3650.58551   53  168 3745.26544 3631.97094  3.03%  18.2 8048s
 130390 51858 infeasible   50      3745.26544 3632.03554  3.02%  18.2 8054s
 130579 51885 3632.50483   72   65 3745.26544 3632.07982  3.02%  18.2 8058s
 130608 51923 3678.97357   88   33 3745.26544 3632.08447  3.02%  18.2 8063s
 130709 51968 3677.50290   50   49 3745.26544 3632.11062  3.02%  18.2 8068s
 130836 52007 3655.82031   53   98 3745.26544 3632.17404  3.02%  18.2 8075s
 130952 52094 infeasible   79      3745.26544 3632.20466  3.02%  18.2 8082s
 131118 52160 infeasible   49      3745.26544 3632.23012  3.02%  18.2 8088s
 131298 52254 infeasible   42      3745.26544 3632.27426  3.02%  18.2 8094s
 131465 52317 3694.45224   72   38 3745.26544 3632.30281  3.02%  18.2 8101s
 131677 52410 3694.18164   85   40 3745.26544 3632.32730  3.02%  18.2 8105s
 131974 52531 infeasible   73      3745.26544 3632.37776  3.01%  18.2 8112s
 132148 52615 3655.78587   65   57 3745.26544 3632.39730  3.01%  18.2 8117s
 132391 52675 3695.62513   59   76 3745.26544 3632.45327  3.01%  18.2 8130s
 132639 52779 3669.28847   50  106 3745.26544 3632.49141  3.01%  18.2 8137s
 132873 52872 3661.60774   76   63 3745.26544 3632.54545  3.01%  18.2 8142s
 133091 52955 infeasible   76      3745.26544 3632.60517  3.01%  18.2 8150s
 133271 53023 3696.19382   81   25 3745.26544 3632.65498  3.01%  18.2 8156s
 133452 53131 3683.13485   56   58 3745.26544 3632.67009  3.01%  18.2 8163s
 133723 53191 3649.56843   61   96 3745.26544 3632.70790  3.01%  18.2 8170s
 133912 53278 3643.22751   52   53 3745.26544 3632.75026  3.00%  18.2 8177s
 134123 53322     cutoff   52      3745.26544 3632.80177  3.00%  18.2 8184s
 134235 53412 3723.32102   68   92 3745.26544 3632.80928  3.00%  18.2 8190s
 134418 53531 infeasible   72      3745.26544 3632.85378  3.00%  18.2 8198s
 134714 53577 infeasible   65      3745.26544 3632.88814  3.00%  18.2 8205s
 134887 53653 3689.40201   59   16 3745.26544 3632.94493  3.00%  18.1 8213s
 135138 53716     cutoff   47      3745.26544 3632.99464  3.00%  18.1 8220s
 135328 53820 3682.05777   56   36 3745.26544 3633.05657  3.00%  18.1 8227s
 135562 53884 3665.37349   67   56 3745.26544 3633.06714  3.00%  18.1 8235s
 135753 53961 3684.30094   79   53 3745.26544 3633.15653  2.99%  18.1 8242s
 136018 53995 3665.30104   66   56 3745.26544 3633.20006  2.99%  18.1 8245s
 136107 54082 3703.15680   66   98 3745.26544 3633.21173  2.99%  18.1 8252s
 136294 54161 3693.55493   48   53 3745.26544 3633.26892  2.99%  18.1 8257s
 136438 54216 3662.84788   55  106 3745.26544 3633.27598  2.99%  18.1 8262s
 136536 54347 3716.03550   97   49 3745.26544 3633.28769  2.99%  18.1 8268s
 136793 54407 3679.33869   56   51 3745.26544 3633.31707  2.99%  18.1 8276s
 136972 54553 3665.96176   75  119 3745.26544 3633.35143  2.99%  18.1 8284s
 137246 54630 3678.63915   57   71 3745.26544 3633.43339  2.99%  18.1 8292s
 137421 54738 3693.94376   59  104 3745.26544 3633.45633  2.99%  18.1 8299s
 137654 54807 infeasible   75      3745.26544 3633.48248  2.98%  18.1 8307s
 137872 54891 infeasible   75      3745.26544 3633.54071  2.98%  18.1 8314s
 138106 54939 3684.70420   70   59 3745.26544 3633.57002  2.98%  18.1 8322s
 138323 55057 3667.12631   73  125 3745.26544 3633.60644  2.98%  18.1 8327s
 138547 55238 3634.15606   58  123 3745.26544 3633.64106  2.98%  18.1 8336s
 138892 55328 3684.98888   65   97 3745.26544 3633.68289  2.98%  18.1 8343s
 139078 55390 3723.85654   87   75 3745.26544 3633.70908  2.98%  18.1 8351s
 139337 55459     cutoff   50      3745.26544 3633.75574  2.98%  18.1 8359s
 139528 55552 infeasible   80      3745.26544 3633.78408  2.98%  18.1 8366s
 139737 55611 3660.84394   39   96 3745.26544 3633.82457  2.98%  18.1 8385s
 139869 55750 3725.85411   77   48 3745.26544 3633.82787  2.98%  18.1 8395s
 140286 55807 3666.62134   74   34 3745.26544 3633.87707  2.97%  18.1 8403s
 140457 55886 3720.88004   92   71 3745.26544 3633.89099  2.97%  18.1 8411s
 140677 55940 3650.52256   59   55 3745.26544 3633.93340  2.97%  18.1 8420s
 140893 56040 3725.37216   70   52 3745.26544 3633.96484  2.97%  18.1 8426s
 141088 56110 3687.64758   74   27 3745.26544 3633.99066  2.97%  18.1 8435s
 141300 56213     cutoff   68      3745.26544 3634.04149  2.97%  18.1 8442s
 141574 56274 3677.61779   68   85 3745.26544 3634.08707  2.97%  18.0 8450s
 141740 56355 3664.98758   65   29 3745.26544 3634.10887  2.97%  18.0 8455s
 142012 56421 3731.85924   53   48 3745.26544 3634.18932  2.97%  18.0 8460s
 142353 56547 3639.56332   58  109 3745.26544 3634.26778  2.96%  18.0 8468s
 142521 56621 3727.20114   57   26 3745.26544 3634.27751  2.96%  18.0 8472s
 142777 56685 infeasible   66      3745.26544 3634.34155  2.96%  18.0 8477s
 142983 56719 infeasible   82      3745.26544 3634.36512  2.96%  18.0 8480s
 143064 56765 3668.79089   68   95 3745.26544 3634.36567  2.96%  18.0 8485s
 143518 56949 infeasible   70      3745.26544 3634.43507  2.96%  18.0 8492s
 143687 57087 3685.32807   60   58 3745.26544 3634.45541  2.96%  18.0 8496s
 143945 57185 3689.77282   59   28 3745.26544 3634.51282  2.96%  18.0 8500s
 144409 57323     cutoff   82      3745.26544 3634.57630  2.96%  18.0 8508s
 144586 57439 3687.68453   67   28 3745.26544 3634.62027  2.95%  18.0 8512s
 144868 57509 infeasible   66      3745.26544 3634.66442  2.95%  18.0 8516s
 145067 57606 infeasible   76      3745.26544 3634.68592  2.95%  18.0 8520s
 145446 57760     cutoff   69      3745.26544 3634.74995  2.95%  18.0 8527s
 145653 57864 infeasible   79      3745.26544 3634.77224  2.95%  18.0 8531s
 146093 58042 3652.57995   43   89 3745.26544 3634.85384  2.95%  18.0 8538s
 146296 58124 3695.47359   79   42 3745.26544 3634.88007  2.95%  18.0 8543s
 146563 58177 3686.55792   43   97 3745.26544 3634.91983  2.95%  18.0 8547s
 146740 58270 3667.47614   67   62 3745.26544 3634.94926  2.95%  18.0 8551s
 146962 58385 3693.04569   45   71 3745.26544 3634.97491  2.94%  18.0 8562s
 147183 58488 3688.60738   65   23 3745.26544 3634.98810  2.94%  18.0 8566s
 147453 58553     cutoff   81      3745.26544 3635.02395  2.94%  18.0 8570s
 147850 58732 3673.93786   83   83 3745.26544 3635.06228  2.94%  17.9 8578s
 148067 58815 3681.77029   81  107 3745.26544 3635.12520  2.94%  18.0 8582s
 148248 58890     cutoff   74      3745.26544 3635.15257  2.94%  18.0 8586s
 148422 59002 infeasible   68      3745.26544 3635.16005  2.94%  17.9 8590s
 148779 59050 infeasible   73      3745.26544 3635.19037  2.94%  17.9 8596s
 148892 59131 3667.15607   67   47 3745.26544 3635.22385  2.94%  17.9 8601s
 149106 59238 3701.80854   63   40 3745.26544 3635.28088  2.94%  17.9 8605s
 149307 59311 3698.73519   62   68 3745.26544 3635.30825  2.94%  17.9 8610s
 149596 59411 3744.75600   76   17 3745.26544 3635.36117  2.93%  17.9 8615s
 150040 59543 3656.73367   66   56 3745.26544 3635.47555  2.93%  17.9 8621s
 150441 59750 3667.95993   82   43 3745.26544 3635.55534  2.93%  17.9 8625s
 151102 59992 3687.06764   82   86 3745.26544 3635.65100  2.93%  17.9 8630s
 151510 60229 3642.34383   58  162 3745.26544 3635.73708  2.92%  17.9 8635s
 152310 60461 3718.23813   45   56 3745.26544 3635.86633  2.92%  17.9 8643s
 152501 60536 3663.85761   43   39 3745.26544 3635.89678  2.92%  17.9 8646s
 152669 60600 3659.05021   64   97 3745.26544 3635.92370  2.92%  17.9 8650s
 153026 60765 3704.00551   78  104 3745.26544 3635.99770  2.92%  17.9 8658s
 153221 60822     cutoff   89      3745.26544 3636.02346  2.92%  17.9 8662s
 153430 60892 3649.87344   45  151 3745.26544 3636.05257  2.92%  17.8 8666s
 153643 60971 infeasible   72      3745.26544 3636.08225  2.92%  17.8 8670s
 154070 61080 3670.06943   45  131 3745.26544 3636.15471  2.91%  17.8 8678s
 154256 61160 3674.57413   75   95 3745.26544 3636.18113  2.91%  17.8 8689s
 154468 61272 3709.06958   46   55 3745.26544 3636.24228  2.91%  17.8 8694s
 154756 61314 3642.21638   37  232 3745.26544 3636.29328  2.91%  17.8 8696s
 154813 61407 infeasible   46      3745.26544 3636.29914  2.91%  17.8 8701s
 155265 61544 3697.97625   67   69 3745.26544 3636.37422  2.91%  17.8 8709s
 155446 61577 3693.83408   61   87 3745.26544 3636.41573  2.91%  17.8 8713s
 155567 61628 infeasible   55      3745.26544 3636.44424  2.91%  17.8 8719s
 155823 61720 3711.41015   77  104 3745.26544 3636.47882  2.90%  17.8 8723s
 156063 61808 3646.62109   58   65 3745.26544 3636.53533  2.90%  17.8 8728s
 156288 61907 infeasible   78      3745.26544 3636.57550  2.90%  17.8 8730s
 156479 61991 infeasible   57      3745.26544 3636.59385  2.90%  17.8 8735s
 156689 62119     cutoff   54      3745.26544 3636.61639  2.90%  17.8 8740s
 157278 62318 3704.11083   81   37 3745.26544 3636.78176  2.90%  17.8 8749s
 157558 62411 3742.54860   79   17 3745.26544 3636.83647  2.90%  17.8 8754s
 157816 62452 infeasible   77      3745.26544 3636.87532  2.89%  17.8 8758s
 158008 62540 3639.17667   36  293 3745.26544 3636.90581  2.89%  17.8 8762s
 158201 62603 infeasible   64      3745.26544 3636.93518  2.89%  17.8 8766s
 158443 62707 3691.46243   74   28 3745.26544 3636.97772  2.89%  17.8 8770s
 158724 62777 3654.95465   68   89 3745.26544 3637.02331  2.89%  17.8 8775s
 158828 62813 3678.24410   69   65 3745.26544 3637.03716  2.89%  17.8 8780s
 159181 62987 3658.73114   71  147 3745.26544 3637.09429  2.89%  17.8 8789s
 159411 63076 3692.87275   56   31 3745.26544 3637.11628  2.89%  17.8 8793s
 159664 63115 infeasible   64      3745.26544 3637.19695  2.89%  17.8 8798s
 159891 63197 3639.93597   70   41 3745.26544 3637.24393  2.88%  17.8 8802s
 160214 63302 3688.86422   56   40 3745.26544 3637.30106  2.88%  17.8 8809s
 160413 63359 infeasible   51      3745.26544 3637.33957  2.88%  17.7 8813s
 160650 63405 3646.92954   48  146 3745.26544 3637.39712  2.88%  17.7 8817s
 160782 63493 3662.66273   36  291 3745.26544 3637.41680  2.88%  17.8 8821s
 160975 63562 3638.02338   63  105 3745.26544 3637.43182  2.88%  17.8 8825s
 161296 63638 infeasible   80      3745.26544 3637.48674  2.88%  17.7 8830s
 161516 63876 3698.92597   71   66 3745.26544 3637.52211  2.88%  17.7 8844s
 161800 63962 3684.92194   65   28 3745.26544 3637.55429  2.88%  17.7 8849s
 162036 64003 3683.94648   74   48 3745.26544 3637.59586  2.87%  17.7 8852s
 162194 64097 3667.09068   59   86 3745.26544 3637.62250  2.87%  17.7 8856s
 162582 64207 3680.73655   61   42 3745.26544 3637.69083  2.87%  17.7 8863s
 162800 64281 3664.67469   59   72 3745.26544 3637.74100  2.87%  17.7 8867s
 162955 64382 infeasible   59      3745.26544 3637.79421  2.87%  17.7 8871s
 163480 64491     cutoff   73      3745.26544 3637.88356  2.87%  17.7 8878s
 163620 64532 3660.18500   62  152 3745.26544 3637.90532  2.87%  17.7 8881s
 163758 64584 3695.34027   70  104 3745.26544 3637.91616  2.87%  17.7 8885s
 164088 64752 3642.17251   77  105 3745.26544 3637.97768  2.86%  17.7 8892s
 164320 64800 3689.68041   65   28 3745.26544 3638.02188  2.86%  17.7 8896s
 164510 64863 3677.22362   65  105 3745.26544 3638.04251  2.86%  17.7 8900s
 164738 64945 3718.59478   59   65 3745.26544 3638.09515  2.86%  17.7 8906s
 165146 65110 3684.23019   52   49 3745.26544 3638.17919  2.86%  17.7 8913s
 165362 65132 3683.14515   62   28 3745.26544 3638.21017  2.86%  17.7 8917s
 165484 65200 3666.13236   68   93 3745.26544 3638.25414  2.86%  17.7 8921s
 165641 65332     cutoff   68      3745.26544 3638.27691  2.86%  17.7 8925s
 166133 65527 3711.55138   75   35 3745.26544 3638.35569  2.85%  17.7 8934s
 166445 65608 infeasible   79      3745.26544 3638.46875  2.85%  17.7 8938s
 166753 65664 infeasible   76      3745.26544 3638.50240  2.85%  17.6 8942s
 166918 65765 3672.26367   53   40 3745.26544 3638.54658  2.85%  17.6 8946s
 167195 65803 infeasible   86      3745.26544 3638.63129  2.85%  17.6 8950s
 167580 65985 3693.16372   71   19 3745.26544 3638.71873  2.84%  17.6 8957s
 167853 66073 infeasible   74      3745.26544 3638.76154  2.84%  17.6 8962s
 168072 66140 3663.50792   72   91 3745.26544 3638.80855  2.84%  17.6 8965s
 168209 66248 3692.51203   73   46 3745.26544 3638.83801  2.84%  17.6 8971s
 168568 66310 3660.90755   75   53 3745.26544 3638.92281  2.84%  17.6 8975s
 168744 66374 3672.75380   62   99 3745.26544 3638.95309  2.84%  17.6 8985s
 168893 66477     cutoff   81      3745.26544 3638.95309  2.84%  17.6 8992s
 169210 66577 3697.89899   75   40 3745.26544 3639.04303  2.84%  17.6 8997s
 169513 66658 infeasible   59      3745.26544 3639.09861  2.83%  17.6 9001s
 169712 66726 3639.55011   51   96 3745.26544 3639.14233  2.83%  17.6 9006s
 169981 66813 3694.20457   73   93 3745.26544 3639.18020  2.83%  17.6 9010s
 170226 66871 3676.71190   61   50 3745.26544 3639.24477  2.83%  17.6 9015s
 170646 67029 3670.33028   59   62 3745.26544 3639.31017  2.83%  17.6 9023s
 170873 67109 3663.22595   49   62 3745.26544 3639.34599  2.83%  17.6 9028s
 171059 67183 3698.80376   51  101 3745.26544 3639.39146  2.83%  17.6 9032s
 171277 67270 3705.82980   77  117 3745.26544 3639.43329  2.83%  17.6 9036s
 171492 67369 infeasible   72      3745.26544 3639.44672  2.83%  17.6 9041s
 171744 67455 3657.42486   64  117 3745.26544 3639.51546  2.82%  17.6 9045s
 171954 67547 infeasible   65      3745.26544 3639.56738  2.82%  17.6 9050s
 172202 67730 3707.51727   61   64 3745.26544 3639.61546  2.82%  17.6 9055s
 172767 67824 3684.59216   51   38 3745.26544 3639.74223  2.82%  17.6 9063s
 172954 67899 3658.17835   58   86 3745.26544 3639.77934  2.82%  17.5 9067s
 173161 67994 3641.03159   53   50 3745.26544 3639.79994  2.82%  17.5 9071s
 173492 68073 3659.64466   60   56 3745.26544 3639.89780  2.81%  17.5 9078s
 173649 68127 3662.49045   74   52 3745.26544 3639.94216  2.81%  17.5 9081s
 173889 68235 3658.01374   49  172 3745.26544 3639.99727  2.81%  17.5 9089s
 174069 68254 3642.79426   41  242 3745.26544 3640.03470  2.81%  17.5 9093s
 174186 68291 3643.83355   44  228 3745.26544 3640.03470  2.81%  17.6 9095s
 174407 68391 3699.67754   81  127 3745.26544 3640.06674  2.81%  17.6 9104s
 174544 68509 3681.90320   67   42 3745.26544 3640.12611  2.81%  17.6 9107s
 174797 68587 infeasible   79      3745.26544 3640.18059  2.81%  17.5 9112s
 175005 68666 infeasible   72      3745.26544 3640.22405  2.80%  17.5 9116s
 175283 68717 3684.46964   56   43 3745.26544 3640.27178  2.80%  17.5 9121s
 175711 68917 infeasible   64      3745.26544 3640.34432  2.80%  17.5 9129s
 175931 68998 infeasible   66      3745.26544 3640.37846  2.80%  17.5 9133s
 176191 69075 3700.39042   72   60 3745.26544 3640.43271  2.80%  17.5 9144s
 176433 69140 3692.78961   70   40 3745.26544 3640.46678  2.80%  17.5 9149s
 176658 69201 3654.72627   45   89 3745.26544 3640.49034  2.80%  17.5 9153s
 176850 69251 3685.39995   71   37 3745.26544 3640.52878  2.80%  17.5 9157s
 177034 69271 3668.09499   57   57 3745.26544 3640.56309  2.80%  17.5 9160s
 177211 69385 3671.61371   69   42 3745.26544 3640.58774  2.79%  17.5 9166s
 177616 69488 3695.74402   46  263 3745.26544 3640.65985  2.79%  17.5 9172s
 177749 69556 3696.12917   54  248 3745.26544 3640.65985  2.79%  17.5 9175s
 178094 69727 3672.00346   71   47 3745.26544 3640.74024  2.79%  17.5 9181s
 178587 69916 3695.64031   59   43 3745.26544 3640.82652  2.79%  17.5 9188s
 178899 70055 infeasible   56      3745.26544 3640.87515  2.79%  17.5 9192s
 179322 70163 3698.60694   80   38 3745.26544 3640.94688  2.79%  17.5 9195s
 179874 70346 3686.13595   58   27 3745.26544 3641.03159  2.78%  17.5 9201s
 180239 70488 3646.51387   46  167 3745.26544 3641.06738  2.78%  17.5 9207s
 180476 70591     cutoff   64      3745.26544 3641.11511  2.78%  17.5 9211s
 181220 70811 3677.73701   80   55 3745.26544 3641.21510  2.78%  17.5 9217s
 181405 70914 3739.83914   77   21 3745.26544 3641.23007  2.78%  17.4 9220s
 181871 71060 3700.18205   74  125 3745.26544 3641.31628  2.78%  17.4 9225s
 182293 71190 3727.00220   68   83 3745.26544 3641.36982  2.77%  17.4 9231s
 182675 71389 3688.66102   62   46 3745.26544 3641.41164  2.77%  17.4 9236s
 183188 71541 3683.65833   78   49 3745.26544 3641.50920  2.77%  17.4 9241s
 183443 71614 3690.18888   73   21 3745.26544 3641.56058  2.77%  17.4 9250s
 183854 71777 infeasible   72      3745.26544 3641.59820  2.77%  17.4 9256s
 184398 71969 3683.28178   68  123 3745.26544 3641.67832  2.77%  17.4 9261s
 184833 72133 3673.27525   47   77 3745.26544 3641.73980  2.76%  17.4 9266s
 185071 72219 3696.91130   75   60 3745.26544 3641.76007  2.76%  17.4 9270s
 185540 72364 infeasible   57      3745.26544 3641.83447  2.76%  17.4 9275s
 185954 72474 infeasible   50      3745.26544 3641.87361  2.76%  17.4 9281s
 186135 72545 3708.87945   52   48 3745.26544 3641.87361  2.76%  17.4 9286s
 186279 72613 infeasible   53      3745.26544 3641.88575  2.76%  17.4 9290s
 186573 72781 infeasible   67      3745.26544 3641.95797  2.76%  17.4 9298s
 186783 72921 infeasible   54      3745.26544 3641.97162  2.76%  17.4 9302s
 187311 73056 3662.43882   66   56 3745.26544 3642.02675  2.76%  17.3 9307s
 187449 73142 3689.93809   52   57 3745.26544 3642.04167  2.76%  17.3 9310s
 187949 73372 3679.14807   52   58 3745.26544 3642.12599  2.75%  17.3 9316s
 188493 73565 3689.03786   65   35 3745.26544 3642.22980  2.75%  17.3 9322s
 188747 73641 3690.85539   69   38 3745.26544 3642.25863  2.75%  17.3 9325s
 189280 73832     cutoff   59      3745.26544 3642.32985  2.75%  17.3 9332s
 189516 73916 infeasible   41      3745.26544 3642.35412  2.75%  17.3 9335s
 190066 74116     cutoff   66      3745.26544 3642.45228  2.75%  17.3 9341s
 190610 74338 3653.01760   58  157 3745.26544 3642.52852  2.74%  17.3 9347s
 190865 74395 3665.20204   69   89 3745.26544 3642.54678  2.74%  17.3 9355s
 191299 74577 3685.13292   70   39 3745.26544 3642.57281  2.74%  17.3 9363s
 191547 74685 infeasible   77      3745.26544 3642.62935  2.74%  17.3 9366s
 191869 74738 3689.70706   71   52 3745.26544 3642.67371  2.74%  17.3 9370s
 192422 74946 3643.10496   57   57 3745.26544 3642.73814  2.74%  17.3 9376s
 192840 75216 3675.04259   67   46 3745.26544 3642.78344  2.74%  17.3 9381s
 193422 75330 3643.27626   77  148 3745.26544 3642.81981  2.74%  17.2 9386s
 193827 75483 3690.78939   71   48 3745.26544 3642.85979  2.73%  17.2 9391s
 194285 75635 3690.16432   55   46 3745.26544 3642.89381  2.73%  17.2 9396s
 194688 75774 3680.33747   78   46 3745.26544 3642.90966  2.73%  17.2 9401s
 195027 75912 3695.32142   57   47 3745.26544 3642.94454  2.73%  17.2 9406s
 195486 76047 3704.28270   71   36 3745.26544 3642.99703  2.73%  17.2 9412s
 195906 76242 3690.93886   69   47 3745.26544 3643.04274  2.73%  17.2 9417s
 196419 76411 3682.59320   71  157 3745.26544 3643.08422  2.73%  17.2 9422s
 196812 76543 infeasible   71      3745.26544 3643.11615  2.73%  17.2 9427s
 197215 76729 3688.91741   64   45 3745.26544 3643.16653  2.73%  17.2 9432s
 197558 76773 3676.14739   59  123 3745.26544 3643.20716  2.72%  17.2 9435s
 197871 76906 3708.03027   65   27 3745.26544 3643.23785  2.72%  17.2 9440s
 198296 77037 3659.01186   68   52 3745.26544 3643.30672  2.72%  17.2 9451s
 198739 77138 3683.50601   76   35 3745.26544 3643.36180  2.72%  17.2 9456s
 199096 77268 3695.06380   82   39 3745.26544 3643.39674  2.72%  17.2 9462s
 199315 77378 3691.35465   74   46 3745.26544 3643.42852  2.72%  17.2 9465s
 199772 77574 infeasible   72      3745.26544 3643.47577  2.72%  17.2 9471s
 200390 77734 3691.88855   66   46 3745.26544 3643.53345  2.72%  17.2 9477s
 200585 77805 3681.33203   60   36 3745.26544 3643.55599  2.72%  17.2 9480s
 201072 77943 3677.34803   70   56 3745.26544 3643.61454  2.71%  17.2 9485s
 201276 78045 3675.85857   45   29 3745.26544 3643.61867  2.71%  17.2 9490s
 201541 78188     cutoff   69      3745.26544 3643.64283  2.71%  17.2 9496s
 202146 78376 infeasible   71      3745.26544 3643.74083  2.71%  17.2 9501s
 202472 78512 3652.14518   57   47 3745.26544 3643.77182  2.71%  17.2 9507s
 202893 78611 3687.14604   86   86 3745.26544 3643.82528  2.71%  17.2 9513s
 203086 78654 3660.23273   67   63 3745.26544 3643.84620  2.71%  17.2 9515s
 203384 78784 3686.77746   78   47 3745.26544 3643.88223  2.71%  17.2 9521s
 203820 78912 infeasible   78      3745.26544 3643.93863  2.71%  17.2 9527s
 204044 79006 infeasible   76      3745.26544 3643.96444  2.70%  17.2 9530s
 204485 79170 3682.65365   62   72 3745.26544 3644.01225  2.70%  17.2 9536s
 204936 79380 3675.25561   59   49 3745.26544 3644.06505  2.70%  17.2 9542s
 205267 79456 3662.22906   63   51 3745.26544 3644.07911  2.70%  17.1 9545s
 205807 79667 3692.46768   67   45 3745.26544 3644.14467  2.70%  17.1 9557s
 206311 79800 3669.38889   50   38 3745.26544 3644.18124  2.70%  17.1 9561s
 206631 79905 infeasible   62      3745.26544 3644.21664  2.70%  17.1 9566s
 207086 80102     cutoff   62      3745.26544 3644.25477  2.70%  17.1 9570s
 207508 80247 3691.54327   74   49 3745.26544 3644.29578  2.70%  17.1 9575s
 207881 80456 3696.05191   64   48 3745.26544 3644.33035  2.70%  17.1 9580s
 208379 80593     cutoff   46      3745.26544 3644.37500  2.69%  17.1 9585s
 208769 80743 3701.67194   73   34 3745.26544 3644.40690  2.69%  17.1 9590s
 209261 80880 3684.84389   65   69 3745.26544 3644.44201  2.69%  17.1 9596s
 209463 81054 3676.12107   65   55 3745.26544 3644.45977  2.69%  17.1 9600s
 209912 81195 3677.02840   77   54 3745.26544 3644.52207  2.69%  17.1 9605s
 210549 81398 infeasible   77      3745.26544 3644.58254  2.69%  17.1 9611s
 210929 81564 3654.15829   59   64 3745.26544 3644.62588  2.69%  17.1 9616s
 211214 81647 3680.79639   48   94 3745.26544 3644.62889  2.69%  17.1 9620s
 211521 81813 infeasible   72      3745.26544 3644.66689  2.69%  17.1 9626s
 211949 81964 3656.71720   48   92 3745.26544 3644.70158  2.69%  17.1 9631s
 212427 82185 3663.03948   58  120 3745.26544 3644.74871  2.68%  17.1 9637s
 212729 82323 3677.00767   68   52 3745.26544 3644.78187  2.68%  17.1 9640s
 213204 82499 3723.31990   80  125 3745.26544 3644.83652  2.68%  17.1 9651s
 213706 82652 3677.83553   78   46 3745.26544 3644.88301  2.68%  17.1 9656s
 214299 82818 3718.06715   68   72 3745.26544 3644.91489  2.68%  17.0 9661s
 214644 82892 3679.65362   51   70 3745.26544 3644.95849  2.68%  17.0 9665s
 214913 83030 3694.97424   56  190 3745.26544 3644.97221  2.68%  17.0 9671s
 215284 83200 3698.39480   82   46 3745.26544 3644.99088  2.68%  17.0 9676s
 215741 83378 3689.40442   56   46 3745.26544 3645.03179  2.68%  17.0 9681s
 216327 83587 infeasible   48      3745.26544 3645.09436  2.67%  17.0 9686s
 216708 83689 infeasible   42      3745.26544 3645.13339  2.67%  17.0 9692s
 217157 83922 3650.74722   48   67 3745.26544 3645.19516  2.67%  17.0 9697s
 217458 83981 3648.67721   69   54 3745.26544 3645.22831  2.67%  17.0 9700s
 217880 84170 infeasible   56      3745.26544 3645.26015  2.67%  17.0 9705s
 218273 84329 3682.76448   75   29 3745.26544 3645.30288  2.67%  17.0 9710s
 218624 84523 3701.81869   65  119 3745.26544 3645.33782  2.67%  17.0 9715s
 219069 84680 infeasible   79      3745.26544 3645.37816  2.67%  17.0 9720s
 219616 84863 3662.87536   45   57 3745.26544 3645.41002  2.67%  17.0 9725s
 220017 85023 infeasible   51      3745.26544 3645.43726  2.67%  17.0 9731s
 220226 85113 infeasible   83      3745.26544 3645.46346  2.66%  17.0 9735s
 220582 85280 3687.02660   49   34 3745.26544 3645.49305  2.66%  17.0 9747s
 221045 85377 3732.93871   78   78 3745.26544 3645.53726  2.66%  17.0 9752s
 221214 85455 3712.54569   61   79 3745.26544 3645.54430  2.66%  17.0 9755s
 221584 85577 3701.89536   68   31 3745.26544 3645.58967  2.66%  17.0 9760s
 221956 85813 3676.55349   49   48 3745.26544 3645.61540  2.66%  17.0 9766s
 222481 86015 3671.69564   73   50 3745.26544 3645.65837  2.66%  17.0 9772s
 222784 86148 3697.77835   61   96 3745.26544 3645.69751  2.66%  17.0 9775s
 223397 86319     cutoff   60      3745.26544 3645.74690  2.66%  17.0 9780s
 223962 86612 3685.28871   72   35 3745.26544 3645.79900  2.66%  17.0 9786s
 224598 86814 3652.67687   63  101 3745.26544 3645.84852  2.65%  16.9 9790s
 225153 87044 3670.17915   77   55 3745.26544 3645.89608  2.65%  16.9 9796s
 225557 87187 3680.47024   78   34 3745.26544 3645.93536  2.65%  16.9 9800s
 226107 87420 3686.91449   57   35 3745.26544 3645.98251  2.65%  16.9 9806s
 226749 87658 3713.67996   87   57 3745.26544 3646.04395  2.65%  16.9 9811s
 227124 87757 3660.76512   42  181 3745.26544 3646.07829  2.65%  16.9 9815s
 227657 88018 3677.45787   54   57 3745.26544 3646.15056  2.65%  16.9 9820s
 227925 88085 infeasible   66      3745.26544 3646.17734  2.65%  16.9 9831s
 228344 88334 3652.66136   71   38 3745.26544 3646.21959  2.64%  16.9 9836s
 228860 88425 3735.82662   53   51 3745.26544 3646.25388  2.64%  16.9 9840s
 229520 88721 3692.27647   58   41 3745.26544 3646.29577  2.64%  16.9 9845s
 229991 88918 3715.50126   46   45 3745.26544 3646.32768  2.64%  16.9 9850s
 230686 89203 3743.55066   49   33 3745.26544 3646.38277  2.64%  16.9 9855s
 231231 89392 3698.58641   72   42 3745.26544 3646.42437  2.64%  16.9 9860s
 231907 89698 3648.75768   54   60 3745.26544 3646.47180  2.64%  16.9 9866s
 232282 89803 3686.87299   79   43 3745.26544 3646.50703  2.64%  16.9 9870s
 232419 89868 3668.63101   67  103 3745.26544 3646.51376  2.64%  16.9 9875s
 232856 90064 3683.78735   63   26 3745.26544 3646.54185  2.64%  16.9 9880s
 233368 90301 3679.39122   70   34 3745.26544 3646.57643  2.64%  16.9 9886s
 233808 90512 3679.72108   57   36 3745.26544 3646.61159  2.63%  16.9 9890s
 234467 90709 3728.32735   52   31 3745.26544 3646.65855  2.63%  16.9 9896s
 234910 90906 3700.80024   51   54 3745.26544 3646.68985  2.63%  16.9 9900s
 235289 91154 3701.98686   78  109 3745.26544 3646.70437  2.63%  16.9 9909s
 235584 91247 infeasible   62      3745.26544 3646.74524  2.63%  16.9 9911s
 236160 91429 3743.70413   64   25 3745.26544 3646.78806  2.63%  16.9 9916s
 236553 91544 infeasible   58      3745.26544 3646.81261  2.63%  16.8 9920s
 237039 91678 infeasible   58      3745.26544 3646.83650  2.63%  16.8 9926s
 237243 91734 3713.06670   58   64 3745.26544 3646.83650  2.63%  16.8 9930s
 237775 91907 3683.67297   52   35 3745.26544 3646.88813  2.63%  16.8 9935s
 237994 92111     cutoff   52      3745.26544 3646.90137  2.63%  16.8 9941s
 238500 92379 infeasible   79      3745.26544 3646.94825  2.63%  16.8 9946s
 238988 92509     cutoff   68      3745.26544 3646.98173  2.62%  16.8 9950s
 239661 92771 3665.88628   54  118 3745.26544 3647.04698  2.62%  16.8 9956s
 240689 93186 infeasible   85      3745.26544 3647.11978  2.62%  16.8 9960s
 242212 93761 3677.82178   73   25 3745.26544 3647.22455  2.62%  16.8 9965s
 242656 94035 3688.51820   53  132 3745.26544 3647.25786  2.62%  16.8 9971s
 243934 94465 3679.64712   50  126 3745.26544 3647.32976  2.61%  16.8 9975s
 245456 95108 3654.80956   66   54 3745.26544 3647.45410  2.61%  16.8 9980s
 246850 95689 3659.34037   48   50 3745.26544 3647.54837  2.61%  16.8 9985s
 248337 96323 3709.91479   57  107 3745.26544 3647.65160  2.61%  16.8 9990s
 249633 96877 3647.73374   67   61 3745.26544 3647.73374  2.60%  16.8 9995s
 250004 97081 3717.72567   90   90 3745.26544 3647.75746  2.60%  16.8 10000s
 251327 97539     cutoff   83      3745.26544 3647.84605  2.60%  16.7 10005s
 252800 98193 3683.30118   56  127 3745.26544 3647.95971  2.60%  16.7 10010s
 254005 98670 infeasible   50      3745.26544 3648.04014  2.60%  16.7 10015s
 255202 99195 3678.12560   79  108 3745.26544 3648.10407  2.59%  16.7 10020s
 256662 99753 3690.65279   72   41 3745.26544 3648.18767  2.59%  16.7 10025s
 257427 100028 3687.61593   63   40 3745.26544 3648.22141  2.59%  16.7 10032s
 258243 100239 3694.14278   59   36 3745.26544 3648.26869  2.59%  16.7 10035s
 259539 100771 3652.50512   55   95 3745.26544 3648.35526  2.59%  16.7 10040s
 261046 101295 infeasible   72      3745.26544 3648.43424  2.59%  16.7 10045s
 262117 101635 3695.55823   73   40 3745.26544 3648.49449  2.58%  16.7 10050s
 262194 101649 3676.11065   76  132 3745.26544 3648.50812  2.58%  16.7 10055s
 263003 101995 3706.50647   73   24 3745.26544 3648.56334  2.58%  16.7 10060s
 264302 102356 3693.25802   76   51 3745.26544 3648.64503  2.58%  16.7 10065s
 264752 102526 3680.67845   54  101 3745.26544 3648.67641  2.58%  16.7 10071s
 265460 102796 3704.50016   71   46 3745.26544 3648.70939  2.58%  16.7 10075s
 266658 103207 3680.04557   49   45 3745.26544 3648.78696  2.58%  16.7 10080s
 267693 103589 3710.83314   74   38 3745.26544 3648.83889  2.57%  16.6 10085s
 268853 103921 3700.79860   68   36 3745.26544 3648.90282  2.57%  16.6 10090s
 270546 104582 3681.10955   61   35 3745.26544 3648.99943  2.57%  16.6 10095s
 271596 104970 infeasible   73      3745.26544 3649.05995  2.57%  16.6 10100s
 271986 105119 infeasible   51      3745.26544 3649.07678  2.57%  16.6 10105s
 273392 105562 3701.73602   49   51 3745.26544 3649.17507  2.57%  16.6 10110s
 274877 106097 3690.75693   77   33 3745.26544 3649.26368  2.56%  16.6 10115s
 276145 106553 3675.83271   74   55 3745.26544 3649.31868  2.56%  16.6 10120s
 277485 106986 3697.79980   64   39 3745.26544 3649.40934  2.56%  16.6 10125s
 278551 107278 infeasible   68      3745.26544 3649.47107  2.56%  16.6 10130s
 279249 107505 3689.18475   67   40 3745.26544 3649.51022  2.56%  16.6 10137s
 279861 107763 3687.86463   68   37 3745.26544 3649.53885  2.56%  16.6 10140s
 281028 108141 3681.33603   88   36 3745.26544 3649.60065  2.55%  16.6 10145s
 282430 108566 3669.15881   57  128 3745.26544 3649.68113  2.55%  16.5 10150s
 283799 109031     cutoff   74      3745.26544 3649.75273  2.55%  16.5 10155s
 285154 109530 3702.94206   53   69 3745.26544 3649.83013  2.55%  16.5 10160s
 286494 109950 3650.13231   56  102 3745.26544 3649.90574  2.55%  16.5 10169s
 286771 109994     cutoff   53      3745.26544 3649.91703  2.55%  16.5 10170s
 288131 110475 3654.68942   55   61 3745.26544 3649.99588  2.54%  16.5 10175s
 289478 110895 3659.22278   60   54 3745.26544 3650.07274  2.54%  16.5 10180s
 290583 111301 3667.77299   46  136 3745.26544 3650.13499  2.54%  16.5 10185s
 291800 111814 3697.15550   75   37 3745.26544 3650.18563  2.54%  16.5 10190s
 293070 112157 3715.05275   51   99 3745.26544 3650.25374  2.54%  16.5 10195s
 293912 112457     cutoff   79      3745.26544 3650.29965  2.54%  16.5 10204s
 293942 112797 3692.05585   72   23 3745.26544 3650.30155  2.54%  16.5 10211s
 295315 113064 3695.78025   58   62 3745.26544 3650.35843  2.53%  16.5 10215s
 296539 113538 3686.46521   68   35 3745.26544 3650.41796  2.53%  16.5 10220s
 297745 114027 infeasible   70      3745.26544 3650.49175  2.53%  16.5 10225s
 299206 114533     cutoff   81      3745.26544 3650.56295  2.53%  16.5 10230s
 300444 114861 3686.43995   64   35 3745.26544 3650.63418  2.53%  16.5 10236s
 301197 115066 3686.15785   62   36 3745.26544 3650.68639  2.53%  16.5 10242s
 301660 115176 3712.79137   60   44 3745.26544 3650.70828  2.52%  16.5 10245s
 302214 115383 3678.83563   57   67 3745.26544 3650.74218  2.52%  16.5 10250s
 303414 115777 3739.58834   80   47 3745.26544 3650.83592  2.52%  16.5 10255s
 304674 116148 3688.64934   73   16 3745.26544 3650.90124  2.52%  16.5 10260s
 305919 116554 3692.94337   77   43 3745.26544 3650.97141  2.52%  16.5 10265s
 307031 116932 infeasible   78      3745.26544 3651.04359  2.52%  16.4 10270s
 308321 117372 3651.36492   58  115 3745.26544 3651.11414  2.51%  16.4 10275s
 308590 117455 3720.87963   62   35 3745.26544 3651.13069  2.51%  16.4 10280s
 309867 117945 3687.26229   58  135 3745.26544 3651.20242  2.51%  16.4 10285s
 311074 118261 infeasible   65      3745.26544 3651.28990  2.51%  16.4 10290s
 312118 118671     cutoff   66      3745.26544 3651.35387  2.51%  16.4 10295s
 313385 119046 infeasible   82      3745.26544 3651.42046  2.51%  16.4 10300s
 314695 119458 3718.25954   59   68 3745.26544 3651.50306  2.50%  16.4 10305s
 315736 119803 3667.24347   54  101 3745.26544 3651.56158  2.50%  16.4 10310s
 315965 119832 infeasible   69      3745.26544 3651.57479  2.50%  16.4 10315s
 316998 120171 3667.16366   59   78 3745.26544 3651.63982  2.50%  16.4 10320s
 318430 120621 3693.31695   65   22 3745.26544 3651.70917  2.50%  16.4 10325s
 319324 120898 infeasible   57      3745.26544 3651.77031  2.50%  16.4 10330s
 320778 121335 3705.67172   65   86 3745.26544 3651.86033  2.49%  16.4 10335s
 321894 121619 infeasible   74      3745.26544 3651.92954  2.49%  16.4 10340s
 323063 121946 3688.39236   83   65 3745.26544 3652.00425  2.49%  16.4 10345s
 323284 122010 3681.98888   65   63 3745.26544 3652.01510  2.49%  16.4 10350s
 324633 122393 3684.06388   62   60 3745.26544 3652.09987  2.49%  16.4 10355s
 325921 122833     cutoff   51      3745.26544 3652.17448  2.49%  16.4 10360s
 327220 123171 3698.92715   56   52 3745.26544 3652.26729  2.48%  16.4 10365s
 328245 123465 3729.01319   74   50 3745.26544 3652.33272  2.48%  16.4 10370s
 329414 123808 3736.47120   69   34 3745.26544 3652.41484  2.48%  16.4 10375s
 330512 124181 infeasible   70      3745.26544 3652.48853  2.48%  16.4 10384s
 330651 124292 3700.30501   57   95 3745.26544 3652.49203  2.48%  16.4 10385s
 331957 124707     cutoff   54      3745.26544 3652.54459  2.48%  16.4 10390s
 333153 125057 infeasible   50      3745.26544 3652.61785  2.47%  16.4 10395s
 334404 125475 3697.10087   73   61 3745.26544 3652.69904  2.47%  16.4 10400s
 335630 125853     cutoff   70      3745.26544 3652.76972  2.47%  16.4 10405s
 336983 126285 3690.65035   74   48 3745.26544 3652.85438  2.47%  16.4 10410s
 337739 126521 3715.41392   62   30 3745.26544 3652.89908  2.47%  16.4 10418s
 338100 126657 3701.16052   66  112 3745.26544 3652.91637  2.47%  16.4 10420s
 339295 127082 3690.02658   71   40 3745.26544 3652.99018  2.46%  16.4 10425s
 340685 127554 3667.46839   40  104 3745.26544 3653.08203  2.46%  16.4 10430s
 341508 127826 3670.12460   52   80 3745.26544 3653.13426  2.46%  16.4 10435s
 342719 128222 3686.08450   66   59 3745.26544 3653.19930  2.46%  16.4 10440s
 343787 128614 3721.55450   61  105 3745.26544 3653.24996  2.46%  16.4 10445s
 345011 129095 3686.55721   63   41 3745.26544 3653.29916  2.46%  16.4 10454s
 345213 129137 3699.35753   63  100 3745.26544 3653.31777  2.46%  16.4 10455s
 346083 129560 3694.83889   50   45 3745.26544 3653.36130  2.45%  16.4 10461s
 347250 129937 3685.83977   65   51 3745.26544 3653.45914  2.45%  16.4 10465s
 348573 130344 3653.54439   58  101 3745.26544 3653.54439  2.45%  16.4 10470s
 349746 130757 infeasible   77      3745.26544 3653.59618  2.45%  16.4 10475s
 350785 131056 3682.59712   77   29 3745.26544 3653.64536  2.45%  16.4 10480s
 352078 131461 3693.29024   68   22 3745.26544 3653.73589  2.44%  16.4 10485s
 352289 131519 3671.19582   59  129 3745.26544 3653.74494  2.44%  16.4 10490s
 353353 131861 3686.77442   79   74 3745.26544 3653.81831  2.44%  16.4 10495s
 354322 132150 3696.28314   71   40 3745.26544 3653.87326  2.44%  16.4 10500s
 355572 132587 3719.76391   81   48 3745.26544 3653.96905  2.44%  16.4 10505s
 356970 133029 3719.65062   52   42 3745.26544 3654.06973  2.43%  16.4 10510s
 357900 133305 3741.78390   71   39 3745.26544 3654.13745  2.43%  16.4 10515s
 359008 133681 3657.12261   82  167 3745.26544 3654.22473  2.43%  16.4 10520s
 359626 133890 3670.05858   85  141 3745.26544 3654.25464  2.43%  16.4 10527s
 360288 134137 3697.62292   74   20 3745.26544 3654.29519  2.43%  16.4 10530s
 361497 134481 3722.49956   56  100 3745.26544 3654.36754  2.43%  16.4 10535s
 362787 134983 3704.06531   66   53 3745.26544 3654.44690  2.42%  16.4 10540s
 363889 135320 3655.15550   57   88 3745.26544 3654.51166  2.42%  16.4 10545s
 365092 135733 3728.12405   51   50 3745.26544 3654.59336  2.42%  16.4 10550s
 366168 135961 3703.93720   63   64 3745.26544 3654.63943  2.42%  16.4 10555s
 367006 136208 3708.59360   69  117 3745.26544 3654.69884  2.42%  16.5 10563s
 367403 136351 3657.00221   52   94 3745.26544 3654.71738  2.42%  16.5 10565s
 368552 136757 3683.48752   58  113 3745.26544 3654.78384  2.42%  16.5 10570s
 369744 137164 3701.16623   74   41 3745.26544 3654.84156  2.41%  16.5 10575s
 370920 137525 3682.21206   55   42 3745.26544 3654.90939  2.41%  16.5 10580s
 372147 137905 3697.34306   74   24 3745.26544 3654.98455  2.41%  16.5 10585s
 373202 138231 3673.14869   64   73 3745.26544 3655.04504  2.41%  16.5 10590s
 374309 138564 3655.46159   43   94 3745.26544 3655.10968  2.41%  16.5 10598s
 374454 138625 3695.56515   69   47 3745.26544 3655.11748  2.41%  16.5 10600s
 375600 139000 infeasible   75      3745.26544 3655.18499  2.41%  16.5 10605s
 376416 139335 infeasible   55      3745.26544 3655.23294  2.40%  16.5 10610s
 377273 139583 3677.10218  101  153 3745.26544 3655.28538  2.40%  16.5 10615s
 378194 139902 3678.43599   75  105 3745.26544 3655.34703  2.40%  16.5 10620s
 379234 140286 3699.89893   48   63 3745.26544 3655.40827  2.40%  16.5 10625s
 380535 140644 3680.89071   72   98 3745.26544 3655.50128  2.40%  16.5 10630s
 381518 140890 3702.36466   87   37 3745.26544 3655.57282  2.39%  16.5 10635s
 381632 140977 infeasible   63      3745.26544 3655.57518  2.39%  16.5 10640s
 382948 141352 3683.81671   38   99 3745.26544 3655.65692  2.39%  16.5 10645s
 384107 141668 3689.14109   61   42 3745.26544 3655.71045  2.39%  16.5 10650s
 385253 142003 infeasible   73      3745.26544 3655.75890  2.39%  16.5 10655s
 386418 142407 3707.19004   78   78 3745.26544 3655.81266  2.39%  16.5 10660s
 387850 142882 3716.45274   74   54 3745.26544 3655.90445  2.39%  16.5 10665s
 388985 143334 3701.73774   55   61 3745.26544 3655.96155  2.38%  16.5 10674s
 389204 143368 3727.97565   48   42 3745.26544 3655.97612  2.38%  16.5 10675s
 390301 143625 infeasible   78      3745.26544 3656.04429  2.38%  16.6 10680s
 391253 144040 3693.03574   66  109 3745.26544 3656.10766  2.38%  16.6 10685s
 392295 144477 3697.33499   75   37 3745.26544 3656.14776  2.38%  16.6 10690s
 393458 144870 3660.28870   51  100 3745.26544 3656.19318  2.38%  16.6 10696s
 394637 145397 3725.81943   55   69 3745.26544 3656.26976  2.38%  16.6 10701s
 395760 145642 3659.79398   52  223 3745.26544 3656.33678  2.37%  16.6 10705s
 396349 145882 infeasible   66      3745.26544 3656.36527  2.37%  16.6 10712s
 397008 146051 3668.71486   73   49 3745.26544 3656.40319  2.37%  16.6 10715s
 398264 146440 3702.07136   67   70 3745.26544 3656.46342  2.37%  16.6 10720s
 399515 146830 3721.04014   84   51 3745.26544 3656.52838  2.37%  16.6 10725s
 400752 147246     cutoff   52      3745.26544 3656.59814  2.37%  16.6 10730s
 402050 147647 3664.85931   57  113 3745.26544 3656.66935  2.37%  16.6 10735s
 402788 147925 infeasible   71      3745.26544 3656.69760  2.36%  16.6 10740s
 403825 148206 3692.48012   61   59 3745.26544 3656.76665  2.36%  16.6 10748s
 404283 148335 infeasible   66      3745.26544 3656.79327  2.36%  16.6 10750s
 405394 148665     cutoff   88      3745.26544 3656.85473  2.36%  16.6 10755s
 406479 149045 3656.95242   53   48 3745.26544 3656.90838  2.36%  16.6 10761s
 407393 149279 infeasible   52      3745.26544 3656.95090  2.36%  16.6 10765s
 408550 149741 3697.65638   63   47 3745.26544 3657.01234  2.36%  16.6 10771s
 409247 149993 3682.65675   69  120 3745.26544 3657.04966  2.36%  16.6 10775s
 409935 150259 3689.14968   63   46 3745.26544 3657.07499  2.35%  16.6 10780s
 411059 150607 infeasible   71      3745.26544 3657.12354  2.35%  16.6 10788s
 411503 150727 3689.78784   52  101 3745.26544 3657.15136  2.35%  16.6 10790s
 412609 151111 infeasible   62      3745.26544 3657.20938  2.35%  16.6 10795s
 413746 151474 3684.53526   68   84 3745.26544 3657.27002  2.35%  16.6 10800s
 414838 151829     cutoff   43      3745.26544 3657.33261  2.35%  16.6 10805s
 416252 152194 3707.18740   51   59 3745.26544 3657.40096  2.35%  16.6 10810s
 417255 152594 3688.16368   48   60 3745.26544 3657.44678  2.34%  16.6 10815s
 418396 152961 3675.69915   60   71 3745.26544 3657.49738  2.34%  16.7 10823s
 418792 153112 3700.59013   79   45 3745.26544 3657.51793  2.34%  16.7 10825s
 419866 153431 infeasible   73      3745.26544 3657.57533  2.34%  16.7 10830s
 421247 153916 3733.60068   63   40 3745.26544 3657.63674  2.34%  16.7 10835s
 422163 154164     cutoff   67      3745.26544 3657.68646  2.34%  16.7 10840s
 423206 154498 3718.85316   46   83 3745.26544 3657.73727  2.34%  16.7 10845s
 424587 155012 3679.53142   72   52 3745.26544 3657.80519  2.34%  16.7 10850s
 425682 155311 3695.50984   56  104 3745.26544 3657.85469  2.33%  16.7 10859s
 425843 155379 3691.00307   72   93 3745.26544 3657.86303  2.33%  16.7 10860s
 427044 155713 3690.15314   53   58 3745.26544 3657.93681  2.33%  16.7 10865s
 428295 156076 infeasible   68      3745.26544 3657.99706  2.33%  16.7 10870s
 428782 156229     cutoff   80      3745.26544 3658.02876  2.33%  16.7 10875s
 429937 156555 3693.86135   88  146 3745.26544 3658.08375  2.33%  16.7 10880s
 430814 156852 3703.71015   75  102 3745.26544 3658.12432  2.33%  16.7 10885s
 432035 157197 3711.59363   91  138 3745.26544 3658.18233  2.33%  16.7 10890s
 433028 157534 3684.20366   61   32 3745.26544 3658.21525  2.32%  16.7 10899s
 433242 157592 3696.33493   60   45 3745.26544 3658.22549  2.32%  16.7 10900s
 434286 157961 3692.47866   76   48 3745.26544 3658.29308  2.32%  16.7 10905s
 435612 158421 infeasible   66      3745.26544 3658.34811  2.32%  16.7 10910s
 436635 158779 3689.61544   58  110 3745.26544 3658.39196  2.32%  16.8 10915s
 437836 159141 3703.70622   66   68 3745.26544 3658.45164  2.32%  16.8 10920s
 438675 159433 3702.00564   71  125 3745.26544 3658.49675  2.32%  16.8 10925s
 439912 159808 infeasible   75      3745.26544 3658.55093  2.32%  16.8 10930s
 440312 159881 infeasible   68      3745.26544 3658.56747  2.31%  16.8 10937s
 440481 159885 3691.19192   62   34 3745.26544 3658.57419  2.31%  16.8 10941s
 440732 160060 3709.08284   68   44 3745.26544 3658.59069  2.31%  16.8 10946s
 441736 160258 3678.88269   52   35 3745.26544 3658.65273  2.31%  16.8 10950s
 442838 160676 3699.57300   48   63 3745.26544 3658.69488  2.31%  16.8 10955s
 443816 160903 3683.52034   78  117 3745.26544 3658.74144  2.31%  16.8 10960s
 445060 161195 3700.88530   78   36 3745.26544 3658.79510  2.31%  16.8 10965s
 446298 161555 3684.63591   55   36 3745.26544 3658.88318  2.31%  16.8 10970s
 447382 161902 infeasible   90      3745.26544 3658.93884  2.30%  16.8 10975s
 447568 161963 3699.43783   64   39 3745.26544 3658.95688  2.30%  16.8 10980s
 448445 162273 3691.66447   58   36 3745.26544 3659.00616  2.30%  16.8 10985s
 449618 162477 3692.14899   71   87 3745.26544 3659.05272  2.30%  16.8 10990s
 450328 162789 3712.84324   78   61 3745.26544 3659.09153  2.30%  16.8 10996s
 451566 163093 3724.66242   66   38 3745.26544 3659.15549  2.30%  16.8 11000s
 452667 163392 3694.27480   56   88 3745.26544 3659.20869  2.30%  16.8 11005s
 453669 163721 3684.31046   60   53 3745.26544 3659.25791  2.30%  16.8 11010s
 454868 164091 infeasible   53      3745.26544 3659.33751  2.29%  16.8 11019s
 455106 164144 3683.36840   61   35 3745.26544 3659.34686  2.29%  16.8 11020s
 456025 164464 3664.16979   63   49 3745.26544 3659.39685  2.29%  16.8 11025s
 457178 164826 3744.23450   67   58 3745.26544 3659.45578  2.29%  16.8 11030s
 458260 165177 3703.43916   58   65 3745.26544 3659.51675  2.29%  16.8 11035s
 459384 165541 3681.25925   65   69 3745.26544 3659.56071  2.29%  16.8 11040s
 460465 165823 infeasible   75      3745.26544 3659.61754  2.29%  16.8 11045s
 461510 166175 3680.30143   64   78 3745.26544 3659.68239  2.29%  16.8 11050s
 462196 166316 3669.24342   75  127 3745.26544 3659.71888  2.28%  16.8 11056s
 462750 166527 3709.75885   87   60 3745.26544 3659.76155  2.28%  16.9 11060s
 463575 166788 3659.79918   59   88 3745.26544 3659.79918  2.28%  16.9 11065s
 464890 167211 3719.62000   83   62 3745.26544 3659.88893  2.28%  16.9 11070s
 465944 167415 3678.69732   69   96 3745.26544 3659.95934  2.28%  16.9 11075s
 466852 167703 3666.16475   72  167 3745.26544 3660.00940  2.28%  16.9 11080s
 467729 168073 3692.70379   66   71 3745.26544 3660.05501  2.28%  16.9 11085s
 468865 168443 3725.13572   66   43 3745.26544 3660.12245  2.27%  16.9 11090s
 469432 168610 3693.37155   69   37 3745.26544 3660.16382  2.27%  16.9 11096s
 470287 168914 3713.32568   64   58 3745.26544 3660.20659  2.27%  16.9 11100s
 471493 169218 3740.10535   69   30 3745.26544 3660.28251  2.27%  16.9 11105s
 472456 169503 3691.91194   65   17 3745.26544 3660.35145  2.27%  16.9 11110s
 473533 169849 3717.70257   56   48 3745.26544 3660.41721  2.27%  16.9 11115s
 474609 170157 infeasible   78      3745.26544 3660.49030  2.26%  16.9 11120s
 475597 170456 3692.17173   67  116 3745.26544 3660.54890  2.26%  16.9 11125s
 476756 170738     cutoff   78      3745.26544 3660.61311  2.26%  16.9 11134s
 476926 170782 infeasible   55      3745.26544 3660.62405  2.26%  16.9 11135s
 477999 171116 3692.38957   68   22 3745.26544 3660.67032  2.26%  16.9 11140s
 479274 171505 3661.04914   65   72 3745.26544 3660.74349  2.26%  16.9 11145s
 480399 171770 infeasible   65      3745.26544 3660.83413  2.25%  16.9 11150s
 481533 172095 3687.49528   64   75 3745.26544 3660.89853  2.25%  16.9 11155s
 482693 172353 3679.26983   59   71 3745.26544 3660.97418  2.25%  16.9 11160s
 483939 172648 infeasible   64      3745.26544 3661.05147  2.25%  16.9 11165s
 484192 172689 3699.12037   71  117 3745.26544 3661.07180  2.25%  16.9 11170s
 485031 172910 3681.54313   48   35 3745.26544 3661.12770  2.25%  16.9 11175s
 486222 173257 3697.57637   85   32 3745.26544 3661.21694  2.24%  16.9 11180s
 487362 173568     cutoff   66      3745.26544 3661.28068  2.24%  16.9 11185s
 488430 173884 3688.12523   94   84 3745.26544 3661.33756  2.24%  16.9 11190s
 489533 174165 3689.24201   58   48 3745.26544 3661.39442  2.24%  16.9 11195s
 490615 174425 3698.89298   66   63 3745.26544 3661.45129  2.24%  16.9 11200s
 491453 174620 infeasible   69      3745.26544 3661.48590  2.24%  16.9 11208s
 492137 174753 infeasible   79      3745.26544 3661.52455  2.24%  16.9 11210s
 492913 174875 3713.79048   81   37 3745.26544 3661.56664  2.23%  16.9 11215s
 494074 175232 3727.48066   58   44 3745.26544 3661.62580  2.23%  17.0 11220s
 495142 175617 3697.91114   67  116 3745.26544 3661.67806  2.23%  17.0 11225s
 496207 175902 3674.42744   61   74 3745.26544 3661.73054  2.23%  17.0 11230s
 497297 176198 3723.81472   51   62 3745.26544 3661.80893  2.23%  17.0 11235s
 498465 176385 3676.58008   73   45 3745.26544 3661.88513  2.23%  17.0 11240s
 498719 176464 3696.81156   63   75 3745.26544 3661.90443  2.23%  17.0 11245s
 499773 176678 3690.30035   59   34 3745.26544 3661.96533  2.22%  17.0 11250s
 500806 176913 3693.45804   65  102 3745.26544 3662.03510  2.22%  17.0 11255s
 501986 177202     cutoff   53      3745.26544 3662.10313  2.22%  17.0 11260s
 502996 177508 3714.70768   73   48 3745.26544 3662.14763  2.22%  17.0 11265s
 504024 177742 infeasible   68      3745.26544 3662.21329  2.22%  17.0 11270s
 505113 177998 3726.20254   45   74 3745.26544 3662.25609  2.22%  17.0 11275s
 506064 178327 3677.50862   49   31 3745.26544 3662.32743  2.21%  17.0 11284s
 506339 178351 infeasible   55      3745.26544 3662.33629  2.21%  17.0 11285s
 507390 178691 3689.80248   61   22 3745.26544 3662.39022  2.21%  17.0 11290s
 508659 179044 3702.23518   57   57 3745.26544 3662.45516  2.21%  17.0 11295s
 509852 179214 3729.56501   67   38 3745.26544 3662.52855  2.21%  17.0 11300s
 510946 179517 infeasible   78      3745.26544 3662.59260  2.21%  17.0 11305s
 511923 179698 3679.84343   71   90 3745.26544 3662.66728  2.21%  17.0 11310s
 513121 179913 3698.69115   78  111 3745.26544 3662.74767  2.20%  17.0 11315s
 513363 180020 3677.98710   65  158 3745.26544 3662.75779  2.20%  17.0 11321s
 514151 180243 3727.11255   72   61 3745.26544 3662.80367  2.20%  17.0 11325s
 515321 180523 3687.54396   56   89 3745.26544 3662.90173  2.20%  17.0 11330s
 516252 180784 3673.18558   71   50 3745.26544 3662.96738  2.20%  17.0 11335s
 517519 181073 3671.77893   52   67 3745.26544 3663.04035  2.20%  17.0 11340s
 518465 181352 3697.53153   78   22 3745.26544 3663.10211  2.19%  17.0 11345s
 519560 181653 3699.82043   95   24 3745.26544 3663.16726  2.19%  17.0 11350s
 520452 181886 3692.92880   50   58 3745.26544 3663.23379  2.19%  17.0 11355s
 520660 181937 3701.50243   58   75 3745.26544 3663.25696  2.19%  17.0 11360s
 521684 182200 3701.23024   66   61 3745.26544 3663.30308  2.19%  17.0 11365s
 522338 182331 3696.69793   63   66 3745.26544 3663.33763  2.19%  17.0 11370s
 522970 182416 infeasible   68      3745.26544 3663.38309  2.19%  17.0 11375s
 522992 182419 3692.84364   58   86 3745.26544 3663.38309  2.19%  17.0 11380s
 523411 182621 3687.93119   57   89 3745.26544 3663.40345  2.19%  17.0 11386s
 524322 182823 3721.87098   66   73 3745.26544 3663.46804  2.18%  17.0 11391s
 525359 182977 infeasible   79      3745.26544 3663.52568  2.18%  17.0 11395s
 526384 183213 3683.36126   76   64 3745.26544 3663.59224  2.18%  17.0 11400s
 527434 183461     cutoff   80      3745.26544 3663.64011  2.18%  17.0 11405s
 528125 183598 3694.42825   56   45 3745.26544 3663.67365  2.18%  17.1 11413s
 528532 183704 3664.74678   50   81 3745.26544 3663.70876  2.18%  17.1 11415s
 529650 183959 3715.92591   72   50 3745.26544 3663.79728  2.18%  17.1 11420s
 530738 184193 3664.04465   76   87 3745.26544 3663.85933  2.17%  17.1 11425s
 531853 184452 infeasible   83      3745.26544 3663.92691  2.17%  17.1 11430s
 532899 184719 3682.98113   64   71 3745.26544 3663.97964  2.17%  17.1 11435s
 534062 185053 3681.27255   61   31 3745.26544 3664.05457  2.17%  17.1 11440s
 535239 185359     cutoff   75      3745.26544 3664.12738  2.17%  17.1 11445s
 535530 185362 3710.80789   72   64 3745.26544 3664.14248  2.17%  17.1 11450s
 535564 185630 infeasible   55      3745.26544 3664.14648  2.17%  17.1 11455s
 537553 185847 infeasible   55      3745.26544 3664.22778  2.16%  17.0 11460s
 538767 186036 3690.70941   75  112 3745.26544 3664.28321  2.16%  17.0 11465s
 540080 186424 infeasible   46      3745.26544 3664.35118  2.16%  17.0 11470s
 541156 186642 infeasible   54      3745.26544 3664.40657  2.16%  17.1 11475s
 542212 186866 infeasible   72      3745.26544 3664.48036  2.16%  17.1 11480s
 542849 187051 3716.59786   61  138 3745.26544 3664.51438  2.16%  17.1 11486s
 543789 187242 infeasible   69      3745.26544 3664.56108  2.15%  17.1 11490s
 544784 187542     cutoff   71      3745.26544 3664.61639  2.15%  17.1 11495s
 545486 187780 3708.34808   69   82 3745.26544 3664.65360  2.15%  17.1 11500s
 546384 188012     cutoff   73      3745.26544 3664.68849  2.15%  17.1 11505s
 547472 188269 infeasible   78      3745.26544 3664.75591  2.15%  17.1 11510s
 548465 188512 3725.25672   60   47 3745.26544 3664.80556  2.15%  17.1 11515s
 549549 188855     cutoff   72      3745.26544 3664.86011  2.15%  17.1 11520s
 550212 188946 3697.71877   74   41 3745.26544 3664.89665  2.15%  17.1 11527s
 550882 189153 3708.97571   58   56 3745.26544 3664.94307  2.14%  17.1 11530s
 551758 189373 3708.93216   75   58 3745.26544 3664.98575  2.14%  17.1 11535s
 552654 189625 3668.57078   68   74 3745.26544 3665.02930  2.14%  17.1 11540s
 553815 189853 3699.15401   63   89 3745.26544 3665.09496  2.14%  17.1 11546s
 554573 190037 3693.20396   65   60 3745.26544 3665.14565  2.14%  17.1 11550s
 555064 190152 3700.50329   68   46 3745.26544 3665.16251  2.14%  17.1 11555s
 555711 190341 infeasible   73      3745.26544 3665.19656  2.14%  17.1 11560s
 556302 190505 3686.80819   60   28 3745.26544 3665.24948  2.14%  17.1 11565s
 557410 190788     cutoff   68      3745.26544 3665.30338  2.14%  17.1 11570s
 557712 190831 3669.30042   55  154 3745.26544 3665.31970  2.13%  17.1 11575s
 558806 191104 3704.13262   74   67 3745.26544 3665.38729  2.13%  17.1 11580s
 559938 191387 3666.17276   70   43 3745.26544 3665.44461  2.13%  17.1 11585s
 561107 191586 3675.60727   66   50 3745.26544 3665.51530  2.13%  17.1 11590s
 562139 191805 3683.20660   44   70 3745.26544 3665.58388  2.13%  17.1 11595s
 563226 192093 infeasible   66      3745.26544 3665.63421  2.13%  17.1 11600s
 564170 192276 3673.35221   47   92 3745.26544 3665.70166  2.12%  17.1 11605s
 565032 192526 3685.43584   69   44 3745.26544 3665.74723  2.12%  17.1 11614s
 565262 192548 3700.16362   64   82 3745.26544 3665.75637  2.12%  17.1 11615s
 566276 192797 3691.02333   72   51 3745.26544 3665.82522  2.12%  17.1 11620s
 567198 193036 3705.35858   72   27 3745.26544 3665.86338  2.12%  17.1 11625s
 568201 193321     cutoff   75      3745.26544 3665.92774  2.12%  17.1 11630s
 569270 193554 3701.12102   49   64 3745.26544 3665.99853  2.12%  17.1 11635s
 570337 193714 infeasible   71      3745.26544 3666.07077  2.11%  17.1 11641s
 571304 193952 3719.83866   76   61 3745.26544 3666.12338  2.11%  17.1 11645s
 572348 194230 3688.43222   72   22 3745.26544 3666.17653  2.11%  17.1 11654s
 572687 194287 3691.28381   65   34 3745.26544 3666.18249  2.11%  17.1 11655s
 573726 194493 3744.00370   76   22 3745.26544 3666.24079  2.11%  17.1 11660s
 574818 194724 3714.53667   53   29 3745.26544 3666.30393  2.11%  17.1 11665s
 575924 195028 3696.49020   56   77 3745.26544 3666.35296  2.11%  17.1 11670s
 576886 195204 infeasible   73      3745.26544 3666.40691  2.11%  17.1 11675s
 578130 195470 3689.85583   51  125 3745.26544 3666.49061  2.10%  17.1 11680s
 579084 195699 3667.09993   59   78 3745.26544 3666.53788  2.10%  17.1 11685s
 579587 195746 infeasible   82      3745.26544 3666.55983  2.10%  17.1 11691s
 580448 195910 3697.54326   64   99 3745.26544 3666.61501  2.10%  17.1 11695s
 581394 196127 3697.84576   72   40 3745.26544 3666.66308  2.10%  17.1 11700s
 582669 196428 infeasible   72      3745.26544 3666.72145  2.10%  17.1 11705s
 583661 196679 3720.42473   45   62 3745.26544 3666.76700  2.10%  17.1 11710s
 584618 196940 3672.60876   69  208 3745.26544 3666.80128  2.10%  17.1 11715s
 585362 197128 infeasible   52      3745.26544 3666.84380  2.09%  17.2 11720s
 586563 197305 3686.98363   63   45 3745.26544 3666.91690  2.09%  17.2 11725s
 586946 197372 3700.18991   60   84 3745.26544 3666.93784  2.09%  17.2 11731s
 587900 197676 3685.35385   49   65 3745.26544 3667.00759  2.09%  17.2 11735s
 588922 197878 3718.76618   60   74 3745.26544 3667.05242  2.09%  17.2 11740s
 589964 198097     cutoff   59      3745.26544 3667.11761  2.09%  17.2 11745s
 591135 198341 3687.51561   63   33 3745.26544 3667.16438  2.09%  17.2 11750s
 592404 198595 3730.12379   71   79 3745.26544 3667.23320  2.08%  17.2 11755s
 593476 198854 infeasible   65      3745.26544 3667.27812  2.08%  17.2 11760s
 594213 199064 3693.32238   52   55 3745.26544 3667.32594  2.08%  17.2 11767s
 595018 199236 3724.17508   70   41 3745.26544 3667.36497  2.08%  17.2 11770s
 596068 199420 infeasible   70      3745.26544 3667.42997  2.08%  17.2 11775s
 597165 199619 3702.47177   52   63 3745.26544 3667.48553  2.08%  17.2 11780s
 598274 199929 3698.89668   69   41 3745.26544 3667.53894  2.08%  17.2 11785s
 599409 200181 3727.93976   57   40 3745.26544 3667.60282  2.07%  17.2 11790s
 600614 200402 3671.81474   60   69 3745.26544 3667.65447  2.07%  17.2 11795s
 601602 200595 3689.38974   75   65 3745.26544 3667.71096  2.07%  17.2 11803s
 602046 200705 3687.97807   60   41 3745.26544 3667.74061  2.07%  17.2 11805s
 603059 200889 3707.70031   64  113 3745.26544 3667.78952  2.07%  17.2 11810s
 604140 201113 3685.99240   60   77 3745.26544 3667.85706  2.07%  17.2 11815s
 604953 201199 3691.59603   61   61 3745.26544 3667.90996  2.07%  17.2 11820s
 606061 201379 3691.70925   60   80 3745.26544 3667.97324  2.06%  17.2 11825s
 607027 201641     cutoff   61      3745.26544 3668.02163  2.06%  17.2 11830s
 608210 201836 3693.07518   71   46 3745.26544 3668.09205  2.06%  17.2 11835s
 608611 201913 3700.15591   52   94 3745.26544 3668.10985  2.06%  17.2 11840s
 608831 201947 3689.19264   58   35 3745.26544 3668.13236  2.06%  17.2 11845s
 609952 202132 3716.20282   57   55 3745.26544 3668.20813  2.06%  17.2 11850s
 611158 202428 3696.07666   60   66 3745.26544 3668.29071  2.06%  17.2 11855s
 612297 202700 3737.66531   72   82 3745.26544 3668.35517  2.05%  17.2 11860s
 613339 202985 infeasible   81      3745.26544 3668.41735  2.05%  17.2 11865s
 614442 203207 infeasible   75      3745.26544 3668.48028  2.05%  17.2 11870s
 615789 203511     cutoff   58      3745.26544 3668.55541  2.05%  17.2 11875s
 616215 203669 3684.63626   52   39 3745.26544 3668.57579  2.05%  17.2 11881s
 617051 203880 3728.18854   45   37 3745.26544 3668.63582  2.05%  17.2 11885s
 618370 204235 3691.99062   63   19 3745.26544 3668.71745  2.04%  17.2 11890s
 619574 204394 3689.31643   73  135 3745.26544 3668.77730  2.04%  17.2 11895s
 620509 204589 3694.38934   72   15 3745.26544 3668.84372  2.04%  17.2 11900s
 621819 204916 3689.45161   74   77 3745.26544 3668.92042  2.04%  17.2 11905s
 622793 205080 3702.28125   61   54 3745.26544 3668.97874  2.04%  17.2 11910s
 623625 205249     cutoff   69      3745.26544 3669.04460  2.04%  17.2 11917s
 624312 205431 3685.23590   63   42 3745.26544 3669.08857  2.03%  17.2 11920s
 625313 205564 3674.28626   56   58 3745.26544 3669.15940  2.03%  17.2 11925s
 626537 205782 3710.54003   75   48 3745.26544 3669.23700  2.03%  17.2 11930s
 627604 206051 3685.16980   62   46 3745.26544 3669.33340  2.03%  17.3 11935s
 628667 206222 3691.76614   70   64 3745.26544 3669.40062  2.03%  17.3 11940s
 629673 206333 infeasible   49      3745.26544 3669.48214  2.02%  17.3 11945s
 630695 206636     cutoff   70      3745.26544 3669.53802  2.02%  17.3 11950s
 630925 206688 3690.75337   68   34 3745.26544 3669.55695  2.02%  17.3 11955s
 632154 206962 infeasible   63      3745.26544 3669.63692  2.02%  17.3 11960s
 633116 207137     cutoff   81      3745.26544 3669.71466  2.02%  17.3 11965s
 634427 207418 3703.67520   64   71 3745.26544 3669.80895  2.01%  17.3 11970s
 635465 207578 3672.40337   55   83 3745.26544 3669.90386  2.01%  17.3 11975s
 636360 207851 3718.59250   59   90 3745.26544 3669.95372  2.01%  17.3 11980s
 637586 208152 3687.52648   62   45 3745.26544 3670.02859  2.01%  17.3 11985s
 638334 208343 3700.31170   38   62 3745.26544 3670.07533  2.01%  17.3 11992s
 638931 208531 3736.05006   81   35 3745.26544 3670.10472  2.01%  17.3 11995s
 639937 208753     cutoff   50      3745.26544 3670.16671  2.01%  17.3 12000s
 640443 208837 3688.21908   74  100 3745.26544 3670.17819  2.00%  17.3 12005s
 641008 208972 3689.44473   78   95 3745.26544 3670.18319  2.00%  17.3 12010s
 641475 209128 3706.17461   82   88 3745.26544 3670.23091  2.00%  17.3 12015s
 641974 209247 3710.54104   54   79 3745.26544 3670.26964  2.00%  17.3 12021s
 642426 209384 3729.83030   57   44 3745.26544 3670.28892  2.00%  17.3 12025s
 643401 209547 3704.85452   64  104 3745.26544 3670.38169  2.00%  17.3 12030s
 644349 209775 3682.47969   58  163 3745.26544 3670.44325  2.00%  17.3 12035s
 645605 210036 3670.70935   72  113 3745.26544 3670.52715  2.00%  17.3 12044s
 645788 210091 3744.31627   50   30 3745.26544 3670.53860  2.00%  17.3 12045s
 646924 210363 3700.83710   65   52 3745.26544 3670.60811  1.99%  17.3 12050s
 648021 210588 3680.07699   78   63 3745.26544 3670.67462  1.99%  17.3 12056s
 648840 210779 3713.42025   85   48 3745.26544 3670.72340  1.99%  17.3 12060s
 650033 211101 3690.58921   64   45 3745.26544 3670.79433  1.99%  17.3 12065s
 650897 211342 3684.06773   75   60 3745.26544 3670.83246  1.99%  17.3 12070s
 652030 211548 3706.23456   51   64 3745.26544 3670.91313  1.99%  17.3 12075s
 652954 211763 3703.10306   66   74 3745.26544 3670.97055  1.98%  17.3 12083s
 653148 211810 infeasible   77      3745.26544 3670.98875  1.98%  17.3 12085s
 654547 212151 3702.58816   51   66 3745.26544 3671.06006  1.98%  17.3 12090s
 655624 212435 3704.62282   48   51 3745.26544 3671.11495  1.98%  17.3 12095s
 656702 212790 infeasible   80      3745.26544 3671.15979  1.98%  17.3 12100s
 657863 213106 3690.96884   66   74 3745.26544 3671.20823  1.98%  17.3 12105s
 658953 213353 3708.30819   62   57 3745.26544 3671.25213  1.98%  17.3 12110s
 660192 213618 3695.24160   55  114 3745.26544 3671.31142  1.97%  17.3 12119s
 660400 213669 3725.36415   58   85 3745.26544 3671.31813  1.97%  17.3 12120s
 661517 213961 3701.64633   62   54 3745.26544 3671.38089  1.97%  17.3 12125s
 662602 214256 infeasible   72      3745.26544 3671.43595  1.97%  17.3 12130s
 663815 214632     cutoff   70      3745.26544 3671.48398  1.97%  17.3 12135s
 665043 215081 3694.83755   63   16 3745.26544 3671.52944  1.97%  17.3 12140s
 665945 215343 3708.34374   70  118 3745.26544 3671.57704  1.97%  17.3 12145s
 667096 215638 3707.47154   60  105 3745.26544 3671.63815  1.97%  17.3 12150s
 667475 215759     cutoff   79      3745.26544 3671.64887  1.97%  17.3 12156s
 668326 215944 infeasible   67      3745.26544 3671.70219  1.96%  17.3 12160s
 669418 216183     cutoff   86      3745.26544 3671.77410  1.96%  17.3 12165s
 670498 216440 infeasible   80      3745.26544 3671.82014  1.96%  17.3 12170s
 671746 216660 3705.31096   85  136 3745.26544 3671.87895  1.96%  17.3 12175s
 672718 216960 3672.48075   85  112 3745.26544 3671.92949  1.96%  17.3 12180s
 674042 217298 3700.03302   79   37 3745.26544 3671.98351  1.96%  17.3 12185s
 674854 217494 infeasible   66      3745.26544 3672.02084  1.96%  17.3 12193s
 675263 217602 3694.71617   72   71 3745.26544 3672.03674  1.96%  17.3 12195s
 676399 217829 3723.29792   64   97 3745.26544 3672.09430  1.95%  17.3 12200s
 677279 218128 3690.13540   68   35 3745.26544 3672.13630  1.95%  17.3 12205s
 678512 218370 3710.55204   69  107 3745.26544 3672.19457  1.95%  17.4 12210s
 679692 218620 3704.34651   65   67 3745.26544 3672.25203  1.95%  17.4 12215s
 680742 218904 infeasible   60      3745.26544 3672.29691  1.95%  17.4 12220s
 681746 219170 3696.26531   76   16 3745.26544 3672.34005  1.95%  17.4 12225s
 682274 219269 infeasible   75      3745.26544 3672.37165  1.95%  17.4 12231s
 683319 219450 3723.56209   49   24 3745.26544 3672.41315  1.95%  17.4 12235s
 684405 219618 3688.90252   48  110 3745.26544 3672.46824  1.94%  17.4 12240s
 685419 219859 infeasible   57      3745.26544 3672.51880  1.94%  17.4 12245s
 686366 220055     cutoff   49      3745.26544 3672.55456  1.94%  17.4 12250s
 687523 220423 3738.31527   47   16 3745.26544 3672.59687  1.94%  17.4 12255s
 688849 220736 3694.42686   76   24 3745.26544 3672.65302  1.94%  17.4 12260s
 689575 220900 3673.83267   45   74 3745.26544 3672.69892  1.94%  17.4 12268s
 689955 220992 3688.45920   52   46 3745.26544 3672.71100  1.94%  17.4 12270s
 690874 221181 3702.29627   52   66 3745.26544 3672.74951  1.94%  17.4 12276s
 691944 221421 3713.91757   54   49 3745.26544 3672.79778  1.93%  17.4 12281s
 692877 221634 3719.81558   47   65 3745.26544 3672.83295  1.93%  17.4 12285s
 694044 221862 3690.50686   68   33 3745.26544 3672.89223  1.93%  17.4 12290s
 695226 222164 infeasible   55      3745.26544 3672.93967  1.93%  17.4 12295s
 696335 222338 infeasible   63      3745.26544 3672.99300  1.93%  17.4 12300s
 696994 222501 3724.23762   66   47 3745.26544 3673.02590  1.93%  17.4 12308s
 697681 222654 infeasible   55      3745.26544 3673.05609  1.93%  17.4 12310s
 698726 222827 infeasible   63      3745.26544 3673.11782  1.93%  17.4 12315s
 699851 223104 3688.98148   75   52 3745.26544 3673.16200  1.93%  17.4 12320s
 700854 223311 3693.73593   57   53 3745.26544 3673.22113  1.92%  17.4 12325s
 701876 223615 3702.50625   48   62 3745.26544 3673.26691  1.92%  17.4 12330s
 702991 223828 infeasible   68      3745.26544 3673.32006  1.92%  17.4 12335s
 704064 224043 3710.40343   72  130 3745.26544 3673.36183  1.92%  17.4 12340s
 704252 224058 3712.05620   78   42 3745.26544 3673.37226  1.92%  17.4 12345s
 705481 224372 3673.73839   72   50 3745.26544 3673.42390  1.92%  17.4 12350s
 706391 224543 3712.91589   69   91 3745.26544 3673.46936  1.92%  17.4 12355s
 707494 224707 infeasible   59      3745.26544 3673.53738  1.92%  17.4 12360s
 708495 224889 3690.16011   62   44 3745.26544 3673.59297  1.91%  17.4 12365s
 709593 225079 3710.99129   69   94 3745.26544 3673.63561  1.91%  17.4 12370s
 710672 225270 3703.75112   59   51 3745.26544 3673.69815  1.91%  17.4 12375s
 711540 225397 3706.15992   71   43 3745.26544 3673.74510  1.91%  17.4 12383s
 711982 225495 3689.36822   68   43 3745.26544 3673.76700  1.91%  17.4 12385s
 712987 225699 3701.37767   77   75 3745.26544 3673.81496  1.91%  17.4 12390s
 714293 225924 infeasible   70      3745.26544 3673.87426  1.91%  17.4 12396s
 714385 225957 infeasible   86      3745.26544 3673.87687  1.91%  17.4 12400s
 715295 226147 3711.68109   47   67 3745.26544 3673.92646  1.90%  17.4 12405s
 716465 226282 3704.79378   58   50 3745.26544 3673.98237  1.90%  17.4 12410s
 717430 226482 infeasible   84      3745.26544 3674.03066  1.90%  17.4 12415s
 718561 226716 3696.31431   57   42 3745.26544 3674.08394  1.90%  17.4 12420s
 718830 226735 infeasible   87      3745.26544 3674.09370  1.90%  17.4 12425s
 719680 226873 infeasible   64      3745.26544 3674.13839  1.90%  17.4 12430s
 720786 227050 3692.96694   61   46 3745.26544 3674.19096  1.90%  17.4 12435s
 721979 227268 3694.31144   67   96 3745.26544 3674.26137  1.90%  17.4 12440s
 723061 227510 infeasible   64      3745.26544 3674.30959  1.89%  17.4 12445s
 724191 227784 3703.18851   54   95 3745.26544 3674.36073  1.89%  17.4 12450s
 725247 227979     cutoff   73      3745.26544 3674.40907  1.89%  17.4 12455s
 726134 228108 3675.21120   72  128 3745.26544 3674.46565  1.89%  17.4 12464s
 726340 228154 3699.38233   76   40 3745.26544 3674.47673  1.89%  17.4 12465s
 727428 228350 infeasible   76      3745.26544 3674.53353  1.89%  17.4 12470s
 728512 228539 3726.75010   55   37 3745.26544 3674.59090  1.89%  17.4 12475s
 729597 228709 infeasible   60      3745.26544 3674.63931  1.89%  17.4 12480s
 730868 228942 3701.68895   60   51 3745.26544 3674.69658  1.88%  17.4 12485s
 731869 229140 3693.86958   80   64 3745.26544 3674.74821  1.88%  17.4 12490s
 732941 229408 3723.89201   90   44 3745.26544 3674.80538  1.88%  17.4 12495s
 733404 229489 infeasible   72      3745.26544 3674.83176  1.88%  17.4 12501s
 734260 229633 3711.17813   65  123 3745.26544 3674.86567  1.88%  17.4 12505s
 735405 229875 3679.00102   67   49 3745.26544 3674.90837  1.88%  17.4 12510s
 736419 230070 infeasible   78      3745.26544 3674.96746  1.88%  17.4 12515s
 737522 230283 3690.83861   63   40 3745.26544 3675.02646  1.88%  17.4 12520s
 738606 230439 3713.41190   62  122 3745.26544 3675.06718  1.87%  17.4 12525s
 739582 230677 3693.26250   50   69 3745.26544 3675.11446  1.87%  17.4 12530s
 740466 230895 3701.33021   72   41 3745.26544 3675.14232  1.87%  17.4 12535s
 740629 230956 3675.47670   63   64 3745.26544 3675.14845  1.87%  17.4 12540s
 741751 231075 infeasible   63      3745.26544 3675.20718  1.87%  17.4 12545s
 742794 231220 3675.32065   74   60 3745.26544 3675.26280  1.87%  17.4 12550s
 743807 231339 infeasible   49      3745.26544 3675.31833  1.87%  17.4 12555s
 744911 231543 infeasible   81      3745.26544 3675.38386  1.87%  17.4 12560s
 746212 231812 infeasible   73      3745.26544 3675.43928  1.86%  17.4 12565s
 747085 232011 3722.97524   71   39 3745.26544 3675.48339  1.86%  17.4 12570s
 748047 232198 3692.03834   49   87 3745.26544 3675.52332  1.86%  17.4 12578s
 748502 232302 3693.77960   66   51 3745.26544 3675.54289  1.86%  17.4 12580s
 749584 232429 infeasible   62      3745.26544 3675.58925  1.86%  17.4 12585s
 750707 232649 3698.66262   68   76 3745.26544 3675.64209  1.86%  17.4 12590s
 751786 232813 3688.89204   59   33 3745.26544 3675.70525  1.86%  17.4 12595s
 752704 232979 3692.33896   74   46 3745.26544 3675.75535  1.86%  17.4 12600s
 753781 233207 infeasible   74      3745.26544 3675.80576  1.85%  17.4 12605s
 754931 233415 infeasible   63      3745.26544 3675.86227  1.85%  17.5 12610s
 755374 233493 3706.78550   65   63 3745.26544 3675.88675  1.85%  17.5 12616s
 756027 233585 3689.49323   69   45 3745.26544 3675.91930  1.85%  17.5 12620s
 757347 233789 3733.86117   81   33 3745.26544 3675.97968  1.85%  17.5 12625s
 758255 233942 3691.30533   58   42 3745.26544 3676.02261  1.85%  17.5 12630s
 759320 234100 3676.38867   76   44 3745.26544 3676.06494  1.85%  17.5 12635s
 760322 234213 infeasible   69      3745.26544 3676.12251  1.85%  17.5 12640s
 761395 234317 infeasible   58      3745.26544 3676.17316  1.84%  17.5 12645s
 762556 234512     cutoff   61      3745.26544 3676.22697  1.84%  17.5 12650s
 762802 234542 3715.70938   82  106 3745.26544 3676.23630  1.84%  17.5 12655s
 763669 234721 infeasible   94      3745.26544 3676.26832  1.84%  17.5 12660s
 764793 234911 infeasible   53      3745.26544 3676.32719  1.84%  17.5 12665s
 765570 234957 infeasible   62      3745.26544 3676.35883  1.84%  17.5 12670s
 766553 235082 3721.98583   47   78 3745.26544 3676.40377  1.84%  17.5 12675s
 767715 235290 3685.35509   61   28 3745.26544 3676.44524  1.84%  17.5 12680s
 768824 235492     cutoff   72      3745.26544 3676.49021  1.84%  17.5 12685s
 769870 235698 3703.73382   53   34 3745.26544 3676.52693  1.84%  17.5 12690s
 770072 235728 3712.79382   67   55 3745.26544 3676.53559  1.84%  17.5 12695s
 771136 235964 infeasible   80      3745.26544 3676.57740  1.83%  17.5 12700s
 771869 236065 infeasible   62      3745.26544 3676.60074  1.83%  17.5 12705s
 773026 236259     cutoff   75      3745.26544 3676.64638  1.83%  17.5 12710s
 774266 236449 3708.10524   62   52 3745.26544 3676.69212  1.83%  17.5 12715s
 775368 236696 3703.16045   70   75 3745.26544 3676.73234  1.83%  17.5 12721s
 776472 236872 3678.56995   71   33 3745.26544 3676.77053  1.83%  17.5 12725s
 777330 237057 infeasible   82      3745.26544 3676.79467  1.83%  17.5 12734s
 777482 237111 3716.00124   45   92 3745.26544 3676.80486  1.83%  17.5 12736s
 778308 237202 infeasible   84      3745.26544 3676.83862  1.83%  17.5 12740s
 779156 237285 3726.55872   78   40 3745.26544 3676.87910  1.83%  17.5 12746s
 779808 237354 infeasible   59      3745.26544 3676.90835  1.83%  17.5 12750s
 780475 237472 infeasible   68      3745.26544 3676.93209  1.82%  17.5 12755s
 781186 237558 3742.97994   78   17 3745.26544 3676.95694  1.82%  17.5 12761s
 781735 237701     cutoff   83      3745.26544 3676.98129  1.82%  17.5 12765s
 782374 237797 infeasible   73      3745.26544 3677.00693  1.82%  17.5 12770s
 783236 237982 3705.98261   78   75 3745.26544 3677.02887  1.82%  17.5 12776s
 783918 238100 3725.16699   59   44 3745.26544 3677.06270  1.82%  17.5 12781s
 784626 238139 3713.73639   62  100 3745.26544 3677.08811  1.82%  17.5 12789s
 784815 238154 infeasible   68      3745.26544 3677.09548  1.82%  17.5 12791s
 785520 238256 infeasible   74      3745.26544 3677.11837  1.82%  17.5 12796s
 786164 238442 3698.61709   83   98 3745.26544 3677.13463  1.82%  17.5 12800s
 786785 238524 3693.25893   77   48 3745.26544 3677.16167  1.82%  17.5 12805s
 787607 238671 infeasible   74      3745.26544 3677.19799  1.82%  17.5 12811s
 788286 238788 infeasible   85      3745.26544 3677.22955  1.82%  17.5 12815s
 788953 238888 infeasible   55      3745.26544 3677.25454  1.82%  17.5 12820s
 789848 239011 3728.65953   73   36 3745.26544 3677.28936  1.81%  17.5 12825s
 790392 239063 3688.47095   74   53 3745.26544 3677.31033  1.81%  17.5 12830s
 790940 239123 3704.89996   84   16 3745.26544 3677.33277  1.81%  17.5 12835s
 791798 239268 3687.54538   74   42 3745.26544 3677.36073  1.81%  17.5 12840s
 792022 239316 infeasible   53      3745.26544 3677.36584  1.81%  17.5 12846s
 792607 239439 3677.57407   51   59 3745.26544 3677.38970  1.81%  17.5 12850s
 793360 239556 infeasible   68      3745.26544 3677.41595  1.81%  17.5 12855s
 793926 239698 3679.03215   69   53 3745.26544 3677.43784  1.81%  17.5 12860s
 794662 239758 3708.33487   68   83 3745.26544 3677.46572  1.81%  17.5 12865s
 795522 240004 infeasible   66      3745.26544 3677.49134  1.81%  17.5 12870s
 796331 240138     cutoff   73      3745.26544 3677.51606  1.81%  17.5 12875s
 797219 240357 infeasible   76      3745.26544 3677.54847  1.81%  17.5 12880s
 797914 240569 3688.99534   88   48 3745.26544 3677.56853  1.81%  17.5 12885s
 798592 240659     cutoff   91      3745.26544 3677.58812  1.81%  17.5 12890s
 799418 240865 3711.77878   57   61 3745.26544 3677.61777  1.81%  17.5 12899s
 799623 240922 infeasible   76      3745.26544 3677.62450  1.81%  17.5 12900s
 800238 241046 3693.15195   71   35 3745.26544 3677.64484  1.81%  17.5 12905s
 800931 241087     cutoff   55      3745.26544 3677.67521  1.80%  17.5 12910s
 801693 241178 infeasible   48      3745.26544 3677.70889  1.80%  17.5 12915s
 802276 241314 infeasible   68      3745.26544 3677.72747  1.80%  17.5 12920s
 803279 241457 infeasible   77      3745.26544 3677.76713  1.80%  17.5 12926s
 803949 241522 3691.23369   71   30 3745.26544 3677.78791  1.80%  17.5 12930s
 804845 241699 3695.22480   58   86 3745.26544 3677.82551  1.80%  17.5 12936s
 805457 241765     cutoff   63      3745.26544 3677.84627  1.80%  17.5 12940s
 806091 241899 3707.02304   66   50 3745.26544 3677.87577  1.80%  17.5 12945s
 806811 241994 3719.94281   65   47 3745.26544 3677.89972  1.80%  17.5 12953s
 807013 242061 infeasible   60      3745.26544 3677.90556  1.80%  17.5 12955s
 807922 242217 infeasible   66      3745.26544 3677.93734  1.80%  17.5 12961s
 808594 242356 infeasible   47      3745.26544 3677.95946  1.80%  17.5 12965s
 809306 242503 infeasible   54      3745.26544 3677.97557  1.80%  17.5 12970s
 810110 242620 3708.31911   61   54 3745.26544 3677.99425  1.80%  17.5 12975s
 810756 242689 infeasible   74      3745.26544 3678.02046  1.80%  17.5 12980s
 811626 242833     cutoff   70      3745.26544 3678.06003  1.79%  17.5 12986s
 812182 242904 3696.73618   60  112 3745.26544 3678.07507  1.79%  17.5 12990s
 812814 242975     cutoff   62      3745.26544 3678.10137  1.79%  17.5 12995s
 813655 243095 3696.40200   83   36 3745.26544 3678.12432  1.79%  17.5 13001s
 814140 243190 3712.68228   64   45 3745.26544 3678.13766  1.79%  17.5 13008s
 814404 243165 infeasible   88      3745.26544 3678.14857  1.79%  17.5 13010s
 815167 243340 3713.90081   76   70 3745.26544 3678.17896  1.79%  17.5 13015s
 815926 243451 infeasible   80      3745.26544 3678.20436  1.79%  17.5 13020s
 816408 243535 3706.57689   55   74 3745.26544 3678.21870  1.79%  17.5 13025s
 817285 243679 infeasible   74      3745.26544 3678.24686  1.79%  17.5 13031s
 818011 243814     cutoff   68      3745.26544 3678.27405  1.79%  17.5 13035s
 818883 243931 3720.19120   79   78 3745.26544 3678.30404  1.79%  17.5 13041s
 819558 244069 3704.50391   62   66 3745.26544 3678.32550  1.79%  17.5 13045s
 820379 244252 3700.33888   53   83 3745.26544 3678.35065  1.79%  17.5 13051s
 821096 244392     cutoff   71      3745.26544 3678.37486  1.79%  17.5 13056s
 821359 244382 infeasible   50      3745.26544 3678.38212  1.79%  17.5 13062s
 821784 244440 3709.03859   63   43 3745.26544 3678.41166  1.79%  17.5 13065s
 822528 244522 infeasible   61      3745.26544 3678.43459  1.78%  17.5 13070s
 823442 244685 3714.69266   86   40 3745.26544 3678.46686  1.78%  17.5 13075s
 824306 244884 infeasible   79      3745.26544 3678.49590  1.78%  17.5 13081s
 825017 245000 3703.53335   79   38 3745.26544 3678.51730  1.78%  17.5 13085s
 825836 245111 infeasible   52      3745.26544 3678.54566  1.78%  17.5 13091s
 826416 245197 3692.42419   83   47 3745.26544 3678.56386  1.78%  17.5 13095s
 827317 245336 3682.76375   70   32 3745.26544 3678.59370  1.78%  17.5 13101s
 827930 245486     cutoff   56      3745.26544 3678.61360  1.78%  17.5 13105s
 828728 245607 infeasible   64      3745.26544 3678.64409  1.78%  17.5 13115s
 829352 245734 infeasible   71      3745.26544 3678.66694  1.78%  17.5 13120s
 830253 245900 3687.99520   65   39 3745.26544 3678.69894  1.78%  17.5 13126s
 830943 246046 3684.35086   49  147 3745.26544 3678.71840  1.78%  17.5 13130s
 831596 246186 3680.47813   60   81 3745.26544 3678.73493  1.78%  17.5 13135s
 832265 246369 3696.06513   56   36 3745.26544 3678.75074  1.78%  17.5 13140s
 833165 246524 3704.16522   63   63 3745.26544 3678.77369  1.78%  17.5 13146s
 833862 246666 3727.06472   68   71 3745.26544 3678.79143  1.77%  17.5 13150s
 834771 246792 3709.15083   49   80 3745.26544 3678.82199  1.77%  17.5 13156s
 835448 246927 infeasible   64      3745.26544 3678.84513  1.77%  17.5 13160s
 836063 247066 3740.68542   69   27 3745.26544 3678.85956  1.77%  17.5 13168s
 836302 247117 3686.17319   62   71 3745.26544 3678.87300  1.77%  17.5 13170s
 837207 247270 3701.11371   76   38 3745.26544 3678.90762  1.77%  17.5 13176s
 837801 247401 3694.98656   77   37 3745.26544 3678.92466  1.77%  17.5 13180s
 838577 247480 3711.14777   70   82 3745.26544 3678.94119  1.77%  17.5 13186s
 839218 247487 infeasible   60      3745.26544 3678.96780  1.77%  17.5 13191s
 839810 247567 3696.98936   67   74 3745.26544 3678.99079  1.77%  17.5 13195s
 840397 247668 3691.72250   75   20 3745.26544 3679.01807  1.77%  17.5 13200s
 841301 247800 3686.71671   66  115 3745.26544 3679.04191  1.77%  17.5 13205s
 841928 247909 infeasible   49      3745.26544 3679.06022  1.77%  17.5 13210s
 842700 248026 3694.01747   73   36 3745.26544 3679.08422  1.77%  17.5 13216s
 843430 248248 3718.55205   60   55 3745.26544 3679.10601  1.77%  17.5 13224s
 843695 248251 3690.70499   63   14 3745.26544 3679.10866  1.77%  17.5 13226s
 844270 248367 infeasible   56      3745.26544 3679.12480  1.77%  17.5 13230s
 844772 248368 3679.22493   74   24 3745.26544 3679.14591  1.77%  17.5 13235s
 845659 248575 3695.74073   79   26 3745.26544 3679.16598  1.76%  17.5 13241s
 846348 248727     cutoff   80      3745.26544 3679.18025  1.76%  17.5 13245s
 847194 248869 3711.43796   81  106 3745.26544 3679.20373  1.76%  17.5 13251s
 847864 248891 3715.67344   46   56 3745.26544 3679.22523  1.76%  17.5 13255s
 848539 249035 infeasible   64      3745.26544 3679.23691  1.76%  17.5 13260s
 849180 249155 infeasible   73      3745.26544 3679.25823  1.76%  17.5 13265s
 849911 249260 3722.68574   83   53 3745.26544 3679.27462  1.76%  17.5 13270s
 850676 249365 infeasible   54      3745.26544 3679.29600  1.76%  17.5 13278s
 850900 249444     cutoff   64      3745.26544 3679.30458  1.76%  17.5 13280s
 851552 249435 3715.59954   87   87 3745.26544 3679.33398  1.76%  17.5 13285s
 852019 249553 infeasible   60      3745.26544 3679.34679  1.76%  17.5 13290s
 852905 249742 3699.84226   75   39 3745.26544 3679.36838  1.76%  17.5 13295s
 853590 249789 3709.20539   51   62 3745.26544 3679.38731  1.76%  17.5 13300s
 854313 249936 infeasible   60      3745.26544 3679.41233  1.76%  17.5 13305s
 854970 250040 3738.10692   64   84 3745.26544 3679.42280  1.76%  17.5 13310s
 855864 250128 3724.53394   80   43 3745.26544 3679.45767  1.76%  17.5 13316s
 856595 250172 infeasible   54      3745.26544 3679.47916  1.76%  17.5 13321s
 857244 250280 infeasible   72      3745.26544 3679.50464  1.76%  17.5 13325s
 857956 250313 infeasible   68      3745.26544 3679.52907  1.76%  17.5 13334s
 858140 250377 3715.49733   77   43 3745.26544 3679.54014  1.75%  17.5 13336s
 858813 250487 infeasible   63      3745.26544 3679.55775  1.75%  17.5 13340s
 859037 250490 3703.15134   74   37 3745.26544 3679.56501  1.75%  17.5 13345s
 859051 250485 infeasible   60      3745.26544 3679.56601  1.75%  17.5 13350s
 859064 250489 3714.58923   58   74 3745.26544 3679.56601  1.75%  17.5 13355s
 859079 250474 infeasible   61      3745.26544 3679.56601  1.75%  17.5 13361s
 859101 250480 3710.77414   60   57 3745.26544 3679.56769  1.75%  17.5 13365s
 859108 250480 infeasible   63      3745.26544 3679.56769  1.75%  17.5 13370s
 859120 250485 3710.67445   70   35 3745.26544 3679.56769  1.75%  17.5 13375s
 859127 250489 3710.41829   70   29 3745.26544 3679.56769  1.75%  17.5 13380s
 859140 250488 3685.79878   72   35 3745.26544 3679.56823  1.75%  17.5 13385s
 859153 250490 3715.76429   62   54 3745.26544 3679.56823  1.75%  17.5 13391s
 859160 250487 3715.81919   62   52 3745.26544 3679.56823  1.75%  17.5 13395s
 859172 250490 3716.10208   63   54 3745.26544 3679.56823  1.75%  17.5 13400s
 859185 250489 3707.55143   57   39 3745.26544 3679.56941  1.75%  17.5 13405s
 859191 250490 3707.77587   60   39 3745.26544 3679.56941  1.75%  17.5 13410s
 859207 250491 3681.65272   57   47 3745.26544 3679.56941  1.75%  17.5 13415s
 859214 250495 3681.95620   60   49 3745.26544 3679.56941  1.75%  17.5 13422s
 859219 250499 3682.22489   62   56 3745.26544 3679.56941  1.75%  17.5 13426s
 859223 250499 3683.17175   64   52 3745.26544 3679.56941  1.75%  17.5 13430s
 859233 250520 3702.88915   67   55 3745.26544 3679.56941  1.75%  17.5 13435s
 859447 250593 3704.37391   69   53 3745.26544 3679.57226  1.75%  17.5 13440s
 860117 250636 3726.82402   83   61 3745.26544 3679.57813  1.75%  17.5 13447s
 860586 250737 3713.77273   57   57 3745.26544 3679.59176  1.75%  17.5 13451s
 860907 250736 infeasible   59      3745.26544 3679.59176  1.75%  17.5 13456s
 861493 250887 3723.85414   76   63 3745.26544 3679.64088  1.75%  17.5 13461s
 862647 251062 3714.23351   75   38 3745.26544 3679.68377  1.75%  17.4 13466s
 863150 251131 infeasible   66      3745.26544 3679.70272  1.75%  17.5 13470s
 864067 251336 3687.39931   52   98 3745.26544 3679.73206  1.75%  17.4 13475s
 865033 251383 3710.50067   57   82 3745.26544 3679.76763  1.75%  17.4 13480s
 865212 251413 3715.06317   53   54 3745.26544 3679.76951  1.75%  17.4 13485s
 865888 251534 infeasible   43      3745.26544 3679.79817  1.75%  17.4 13490s
 866922 251658 infeasible   56      3745.26544 3679.82585  1.75%  17.4 13495s
 867793 251781 3719.36640   64   75 3745.26544 3679.85077  1.75%  17.4 13500s
 868595 251866 infeasible   53      3745.26544 3679.87611  1.75%  17.4 13505s
 869690 252053 infeasible   56      3745.26544 3679.91511  1.74%  17.4 13510s
 870559 252149 3701.43599   63   61 3745.26544 3679.94258  1.74%  17.4 13515s
 871423 252268 3697.44504   66   74 3745.26544 3679.96957  1.74%  17.4 13520s
 872273 252398 infeasible   62      3745.26544 3680.00057  1.74%  17.4 13525s
 872474 252445 infeasible   54      3745.26544 3680.01026  1.74%  17.4 13530s
 873508 252590 3694.86090   73   21 3745.26544 3680.04035  1.74%  17.4 13535s
 874325 252719 3703.89748   64   64 3745.26544 3680.06349  1.74%  17.4 13540s
 875019 252769 infeasible   56      3745.26544 3680.09032  1.74%  17.4 13545s
 876134 252860 3715.25314   45   86 3745.26544 3680.13091  1.74%  17.4 13551s
 876980 252968 3680.36151   58   67 3745.26544 3680.16332  1.74%  17.4 13555s
 877856 253091 infeasible   56      3745.26544 3680.19616  1.74%  17.4 13560s
 878783 253273 3722.90791   78  103 3745.26544 3680.22257  1.74%  17.4 13565s
 879815 253471 3708.73970   77  121 3745.26544 3680.25292  1.74%  17.4 13574s
 879994 253493 3724.61783   76   59 3745.26544 3680.25529  1.74%  17.4 13576s
 880845 253599 3708.42779   44   84 3745.26544 3680.28378  1.74%  17.4 13580s
 881703 253711 infeasible   76      3745.26544 3680.31348  1.73%  17.4 13585s
 882597 253809 3715.17002   69  122 3745.26544 3680.34815  1.73%  17.4 13590s
 883657 253935 3698.98507   79   42 3745.26544 3680.38671  1.73%  17.4 13595s
 883822 253921 infeasible   61      3745.26544 3680.39168  1.73%  17.4 13600s
 883837 253928 3714.07495   69   94 3745.26544 3680.39168  1.73%  17.4 13605s
 883855 253924     cutoff   69      3745.26544 3680.39216  1.73%  17.4 13610s
 883881 253922 3685.19423   71   35 3745.26544 3680.39368  1.73%  17.4 13615s
 884116 254002 3714.86130   44   62 3745.26544 3680.39778  1.73%  17.4 13620s
 885109 254088     cutoff   64      3745.26544 3680.44132  1.73%  17.4 13625s
 886006 254228 infeasible   74      3745.26544 3680.47534  1.73%  17.4 13630s
 887028 254315 3681.40911   65   46 3745.26544 3680.51392  1.73%  17.4 13639s
 887145 254380 infeasible   61      3745.26544 3680.51589  1.73%  17.4 13642s
 888080 254483 infeasible   52      3745.26544 3680.54332  1.73%  17.4 13646s
 889062 254608 3736.68100   68   26 3745.26544 3680.57289  1.73%  17.4 13650s
 889958 254734 3692.16585   62   35 3745.26544 3680.60874  1.73%  17.4 13655s
 890939 254810 3694.34575   64   70 3745.26544 3680.64048  1.73%  17.4 13660s
 891979 254946 infeasible   71      3745.26544 3680.67677  1.72%  17.4 13665s
 892891 254961 3688.73630   51   67 3745.26544 3680.71472  1.72%  17.4 13670s
 893802 255126     cutoff   60      3745.26544 3680.74507  1.72%  17.4 13675s
 894462 255240 3718.63312   66   45 3745.26544 3680.76461  1.72%  17.4 13682s
 895134 255371 3734.85943   71   89 3745.26544 3680.78227  1.72%  17.4 13685s
 896151 255582 3694.98181   67   35 3745.26544 3680.81507  1.72%  17.4 13690s
 897318 255695     cutoff   49      3745.26544 3680.86237  1.72%  17.4 13695s
 898012 255758 infeasible   99      3745.26544 3680.88262  1.72%  17.4 13700s
 899157 255925 3718.70201   55   51 3745.26544 3680.92273  1.72%  17.4 13705s
 900199 255993 infeasible   70      3745.26544 3680.95376  1.72%  17.4 13710s
 901365 256202 3688.45054   59   34 3745.26544 3680.99074  1.72%  17.4 13715s
 901834 256331 3686.86672   57   39 3745.26544 3681.00659  1.72%  17.4 13722s
 902667 256395 3709.21535   73   58 3745.26544 3681.02779  1.72%  17.4 13725s
 903673 256473 3735.24669   71   37 3745.26544 3681.06340  1.71%  17.4 13730s
 904729 256615 infeasible   71      3745.26544 3681.09400  1.71%  17.4 13735s
 905563 256682 3688.99278   63   89 3745.26544 3681.11803  1.71%  17.4 13740s
 906704 256816 3709.23190   59   63 3745.26544 3681.15247  1.71%  17.4 13745s
 907480 256938 3688.05740   62   72 3745.26544 3681.17925  1.71%  17.4 13750s
 908192 256944 infeasible   67      3745.26544 3681.20486  1.71%  17.4 13755s
 909076 257003 3738.54622   61   24 3745.26544 3681.24142  1.71%  17.4 13763s
 909498 257064 3688.25787   54   84 3745.26544 3681.25363  1.71%  17.4 13765s
 910649 257143 3713.04129   59   91 3745.26544 3681.29252  1.71%  17.4 13770s
 911669 257322 3699.50400   84  139 3745.26544 3681.32489  1.71%  17.4 13775s
 912680 257438 3713.16194   62   58 3745.26544 3681.35907  1.71%  17.4 13781s
 913611 257578 3695.29188   63   61 3745.26544 3681.38142  1.71%  17.4 13785s
 914800 257743     cutoff   71      3745.26544 3681.41663  1.70%  17.4 13790s
 915930 257844 3696.93455   78   36 3745.26544 3681.45323  1.70%  17.4 13795s

Cutting planes:
  Learned: 1
  Gomory: 23
  Cover: 354
  Implied bound: 1084
  Projected implied bound: 15
  Clique: 75
  MIR: 422
  Mixing: 3
  StrongCG: 81
  Flow cover: 284
  GUB cover: 275
  Inf proof: 3
  Zero half: 42
  Mod-K: 2
  RLT: 25
  Relax-and-lift: 142
  BQP: 3

Explored 916386 nodes (15963275 simplex iterations) in 13800.03 seconds (7984.57 work units)
Thread count was 2 (of 46 available processors)

Solution count 10: 3745.27 3746.86 3752.96 ... 4284.06

Time limit reached
Best objective 3.745265438326e+03, best bound 3.681468698994e+03, gap 1.7034%

Solve summary
-------------
Status code:       9
Objective:         3745.2654383261815
Objective bound:   3681.4686989935717
MIP gap:           0.01703397005717213
Has cycle:         False
Is acyclic:        True
Packages selected: 10 active packages

Packages
--------
   I1 | inactive_singleton | S=  0, C=  0, x=  0 | tasks=[1]
   I2 | inactive_singleton | S=  0, C=  6, x=  7 | tasks=[2]
   I3 | inactive_singleton | S=  6, C= 15, x= 14 | tasks=[3]
   I4 | inactive_singleton | S= 15, C= 16, x=  2 | tasks=[4]
   I5 | inactive_singleton | S= 16, C= 24, x=  8 | tasks=[5]
   I6 | inactive_singleton | S= 24, C= 28, x=  4 | tasks=[6]
   I7 | inactive_singleton | S= 28, C= 37, x= 18 | tasks=[7]
   I8 | inactive_singleton | S= 37, C= 40, x=  3 | tasks=[8]
   I9 | inactive_singleton | S= 40, C= 45, x=  8 | tasks=[9]
  I10 | inactive_singleton | S= 45, C= 50, x=  8 | tasks=[10]
   A1 | active             | S= 50, C= 67, x= 28 | tasks=[11, 12, 13]
  I14 | inactive_singleton | S= 67, C= 71, x=  8 | tasks=[14]
   A2 | active             | S= 71, C= 97, x= 41 | tasks=[15, 16, 17, 18]
  I19 | inactive_singleton | S= 97, C=106, x= 14 | tasks=[19]
   A3 | active             | S=106, C=107, x=  1 | tasks=[20]
  I21 | inactive_singleton | S=107, C=115, x= 15 | tasks=[21]
   A4 | active             | S=115, C=121, x= 11 | tasks=[22]
  I23 | inactive_singleton | S=121, C=124, x=  6 | tasks=[23]
   A5 | active             | S=124, C=134, x= 19 | tasks=[24, 25]
  I26 | inactive_singleton | S=134, C=137, x=  4 | tasks=[26]
  I27 | inactive_singleton | S=137, C=140, x=  5 | tasks=[27]
   A6 | active             | S=140, C=154, x= 17 | tasks=[28, 29]
  I30 | inactive_singleton | S=154, C=158, x=  4 | tasks=[30]
  I31 | inactive_singleton | S=158, C=163, x= 10 | tasks=[31]
   A7 | active             | S=163, C=178, x= 19 | tasks=[32, 33]
  I34 | inactive_singleton | S=178, C=185, x=  8 | tasks=[34]
   A8 | active             | S=185, C=197, x= 18 | tasks=[35, 36]
  I37 | inactive_singleton | S=197, C=203, x=  9 | tasks=[37]
   A9 | active             | S=203, C=206, x=  6 | tasks=[38]
  I39 | inactive_singleton | S=206, C=208, x=  3 | tasks=[39]
  A10 | active             | S=208, C=218, x= 18 | tasks=[40, 41]
  I42 | inactive_singleton | S=240, C=240, x=  0 | tasks=[42]

Solution JSON saved to: /home/23037696r/Documents/research/or_benchmark/wp/results/inactive_0.5/j40/j401005_9.json
Finish time     : 2026-08-16T13:44:01+08:00
