
Gurobi 13.0.2 (linux64) logging started Mon Aug 17 17:23:06 2026

Set parameter LogFile to value "/home/23037696r/Documents/research/or_benchmark/wp/results/inactive_0.3/j40/logs/gurobi/j401003_4.log"
Set parameter NumericFocus to value 1
Gurobi Optimizer version 13.0.2 build v13.0.2rc1 (linux64 - "Ubuntu 22.04.3 LTS")

CPU model: Intel Xeon Processor (Cascadelake), instruction set [SSE2|AVX|AVX2|AVX512]
Thread count: 46 physical cores, 46 logical processors, using up to 2 threads

Non-default parameters:
TimeLimit  13800
MIPGap  1e-06
NumericFocus  1
Threads  2

Optimize a model with 44368 rows, 25844 columns and 159810 nonzeros (Min)
Model fingerprint: 0x53231b0b
Model has 15844 linear objective coefficients and an objective constant of 1.1883864898759509e+03
Variable types: 6748 continuous, 19096 integer (18900 binary)
Coefficient statistics:
  Matrix range     [1e+00, 2e+02]
  Objective range  [1e-02, 1e+03]
  Bounds range     [1e+00, 2e+02]
  RHS range        [1e+00, 2e+02]

Presolve removed 34362 rows and 17019 columns
Presolve time: 2.74s
Presolved: 10006 rows, 8825 columns, 53240 nonzeros
Variable types: 0 continuous, 8825 integer (5702 binary)
Found heuristic solution: objective 4143.4959820

Root relaxation: objective 2.868174e+03, 2370 iterations, 0.12 seconds (0.14 work units)

    Nodes    |    Current Node    |     Objective Bounds      |     Work
 Expl Unexpl |  Obj  Depth IntInf | Incumbent    BestBd   Gap | It/Node Time

     0     0 2868.17369    0  118 4143.49598 2868.17369  30.8%     -    3s
     0     0 2881.98094    0  157 4143.49598 2881.98094  30.4%     -    3s
     0     0 2887.98753    0  229 4143.49598 2887.98753  30.3%     -    3s
     0     0 2946.26076    0  298 4143.49598 2946.26076  28.9%     -    3s
     0     0 2948.39793    0  298 4143.49598 2948.39793  28.8%     -    3s
     0     0 2948.40008    0  298 4143.49598 2948.40008  28.8%     -    3s
     0     0 2948.40439    0  298 4143.49598 2948.40439  28.8%     -    3s
     0     0 2948.41915    0  298 4143.49598 2948.41915  28.8%     -    3s
     0     0 2948.42990    0  298 4143.49598 2948.42990  28.8%     -    3s
     0     0 2948.44280    0  298 4143.49598 2948.44280  28.8%     -    3s
     0     0 2948.45786    0  298 4143.49598 2948.45786  28.8%     -    3s
     0     0 2951.99826    0  281 4143.49598 2951.99826  28.8%     -    3s
     0     0 2954.54082    0  319 4143.49598 2954.54082  28.7%     -    3s
     0     0 2954.84677    0  299 4143.49598 2954.84677  28.7%     -    3s
     0     0 2955.57876    0  319 4143.49598 2955.57876  28.7%     -    3s
     0     0 2955.84371    0  329 4143.49598 2955.84371  28.7%     -    4s
     0     0 2956.93013    0  347 4143.49598 2956.93013  28.6%     -    4s
     0     0 2957.41817    0  342 4143.49598 2957.41817  28.6%     -    4s
     0     0 2957.91793    0  342 4143.49598 2957.91793  28.6%     -    4s
     0     0 2958.42889    0  294 4143.49598 2958.42889  28.6%     -    4s
     0     0 2958.48467    0  346 4143.49598 2958.48467  28.6%     -    4s
     0     0 2958.99915    0  338 4143.49598 2958.99915  28.6%     -    4s
     0     0 2959.51641    0  333 4143.49598 2959.51641  28.6%     -    4s
     0     0 2960.03624    0  328 4143.49598 2960.03624  28.6%     -    4s
     0     0 2960.08803    0  327 4143.49598 2960.08803  28.6%     -    4s
     0     0 2960.13955    0  338 4143.49598 2960.13955  28.6%     -    4s
     0     0 2960.14706    0  340 4143.49598 2960.14706  28.6%     -    4s
     0     0 2960.14994    0  340 4143.49598 2960.14994  28.6%     -    4s
     0     0 2960.15045    0  341 4143.49598 2960.15045  28.6%     -    4s
     0     0 2966.35920    0  314 4143.49598 2966.35920  28.4%     -    4s
     0     0 2971.26380    0  320 4143.49598 2971.26380  28.3%     -    5s
     0     0 2972.91793    0  339 4143.49598 2972.91793  28.3%     -    5s
     0     0 2973.17603    0  348 4143.49598 2973.17603  28.2%     -    5s
     0     0 2973.19123    0  349 4143.49598 2973.19123  28.2%     -    5s
     0     0 2976.42239    0  378 4143.49598 2976.42239  28.2%     -    5s
     0     0 2976.75147    0  370 4143.49598 2976.75147  28.2%     -    5s
     0     0 2976.81256    0  368 4143.49598 2976.81256  28.2%     -    5s
     0     0 2976.81733    0  382 4143.49598 2976.81733  28.2%     -    5s
     0     0 2984.00119    0  381 4143.49598 2984.00119  28.0%     -    6s
H    0     0                    4140.3795968 2984.00140  27.9%     -    6s
     0     0 2984.62120    0  393 4140.37960 2984.62120  27.9%     -    6s
     0     0 2984.70781    0  394 4140.37960 2984.70781  27.9%     -    6s
     0     0 2984.72805    0  386 4140.37960 2984.72805  27.9%     -    6s
     0     0 2985.63393    0  413 4140.37960 2985.63393  27.9%     -    6s
     0     0 2986.63020    0  394 4140.37960 2986.63020  27.9%     -    7s
     0     0 2986.84848    0  400 4140.37960 2986.84848  27.9%     -    7s
     0     0 2986.88283    0  408 4140.37960 2986.88283  27.9%     -    7s
     0     0 2987.77591    0  366 4140.37960 2987.77591  27.8%     -    7s
H    0     0                    3243.2619573 2988.20467  7.86%     -    7s
H    0     0                    3242.6681499 2988.20467  7.85%     -    7s
     0     0 2988.50473    0  396 3242.66815 2988.50473  7.84%     -    7s
     0     0 2988.86816    0  408 3242.66815 2988.86816  7.83%     -    7s
     0     0 2988.92175    0  406 3242.66815 2988.92175  7.83%     -    7s
     0     0 2988.92373    0  408 3242.66815 2988.92373  7.83%     -    7s
     0     0 2989.19634    0  354 3242.66815 2989.19634  7.82%     -    7s
     0     0 2989.57505    0  365 3242.66815 2989.57505  7.81%     -    7s
     0     0 2990.39175    0  369 3242.66815 2990.39175  7.78%     -    8s
     0     0 2990.52085    0  374 3242.66815 2990.52085  7.78%     -    8s
     0     0 2990.58809    0  377 3242.66815 2990.58809  7.77%     -    8s
     0     0 2990.62982    0  399 3242.66815 2990.62982  7.77%     -    8s
     0     0 2990.63598    0  397 3242.66815 2990.63598  7.77%     -    8s
     0     0 2991.72786    0  417 3242.66815 2991.72786  7.74%     -    8s
H    0     0                    3234.8572430 2991.73136  7.52%     -    8s
     0     0 2992.01510    0  458 3234.85724 2992.01510  7.51%     -    8s
     0     0 2992.14138    0  459 3234.85724 2992.14138  7.50%     -    8s
     0     0 2992.14973    0  463 3234.85724 2992.14973  7.50%     -    8s
     0     0 2992.58262    0  444 3234.85724 2992.58262  7.49%     -    8s
     0     0 2992.76043    0  477 3234.85724 2992.76043  7.48%     -    9s
     0     0 2992.83991    0  478 3234.85724 2992.83991  7.48%     -    9s
     0     0 2992.85043    0  487 3234.85724 2992.85043  7.48%     -    9s
     0     0 2993.22919    0  458 3234.85724 2993.22919  7.47%     -    9s
     0     0 2993.25692    0  467 3234.85724 2993.25692  7.47%     -    9s
     0     0 2993.63209    0  446 3234.85724 2993.63209  7.46%     -    9s
     0     0 2999.80818    0  352 3234.85724 2999.80818  7.27%     -   10s
     0     0 2999.80818    0  352 3234.85724 2999.80818  7.27%     -   10s
     0     0 2999.80818    0  352 3234.85724 2999.80818  7.27%     -   10s
     0     2 3000.02961    0  352 3234.85724 3000.02961  7.26%     -   10s
   466   416 3073.94986  167  243 3234.85724 3000.99261  7.23%  50.1   15s
   841   682 3203.25847   24  352 3234.85724 3002.78580  7.17%  56.4   24s
   843   683 3060.64336   59  179 3234.85724 3002.78580  7.17%  56.2   26s
   857   693 3015.26427   19  522 3234.85724 3015.26427  6.79%  55.3   30s
   868   700 3104.86290   98  607 3234.85724 3022.48754  6.57%  54.6   35s
   880   708 3036.26462   88  635 3234.85724 3025.28737  6.48%  53.9   40s
   890   715 3041.18406  136  680 3234.85724 3028.87558  6.37%  53.3   45s
   901   722 3042.12448  137  678 3234.85724 3032.96864  6.24%  52.6   50s
   911   729 3037.72875   99  706 3234.85724 3034.01950  6.21%  52.0   55s
   918   733 3043.08545   25  763 3234.85724 3035.65113  6.16%  51.6   60s
   926   739 3036.24598   48  704 3234.85724 3036.24598  6.14%  51.2   65s
   933   745 3084.47062  170  352 3234.85724 3036.27198  6.14%  93.1   70s
   937   748 3120.54780  190  316 3234.85724 3036.27198  6.14%  92.7   75s
   954   759 3047.55225  156  650 3234.85724 3036.27198  6.14%  91.1   80s
   965   766 3037.49065   66  636 3234.85724 3037.49065  6.10%  90.0   85s
   972   771 3039.14180   10  551 3234.85724 3039.14180  6.05%  89.4   90s
   978   775 3062.86896   74  648 3234.85724 3039.75592  6.03%  88.8   95s
   985   780 3068.32015   98  718 3234.85724 3040.08185  6.02%  88.2  100s
   991   784 3042.96195   19  724 3234.85724 3040.10983  6.02%  87.7  105s
   994   786 3058.31814  167  715 3234.85724 3040.13727  6.02%  87.4  110s
  1008   796 3097.56151   29  211 3234.85724 3042.33561  5.95%   127  115s
  1096   838 infeasible   52      3234.85724 3051.63859  5.66%   125  120s
  1105   844 3175.65572   28   39 3234.85724 3054.28906  5.58%   131  125s
  1140   858 3200.94710   43   39 3234.85724 3054.88391  5.56%   135  130s
  1189   874 3104.20991   32  279 3234.85724 3070.06534  5.09%   139  135s
  1200   880 3109.41685   36  211 3234.85724 3070.06534  5.09%   142  140s
  1212   888 3117.30918   39  219 3234.85724 3070.06534  5.09%   146  145s
  1227   897 3117.87058   44  198 3234.85724 3070.06534  5.09%   148  150s
  1278   894 3074.56930   33  145 3234.85724 3070.11563  5.09%   153  155s
  1305   902 3097.63008   39  158 3234.85724 3070.11563  5.09%   155  160s
  1337   911 3082.66292   45  119 3234.85724 3071.69207  5.04%   157  167s
  1366   938 3106.58225   50  249 3234.85724 3071.69207  5.04%   157  170s
  1413   948 3114.75094   32  362 3234.85724 3079.39915  4.81%   161  176s
  1457   948 infeasible   37      3234.85724 3079.39915  4.81%   159  180s
  1511   944 3156.15714   38  304 3234.85724 3083.48574  4.68%   166  186s
  1545   940 infeasible   53      3234.85724 3087.10490  4.57%   169  190s
  1568   961 3142.20870   47  132 3234.85724 3087.10490  4.57%   173  196s
  1612   978 3142.36505   48  118 3234.85724 3088.68034  4.52%   173  201s
  1673   991 3111.26303   39  307 3234.85724 3088.68034  4.52%   171  205s
  1806   976 3104.49148   39  362 3234.85724 3094.46195  4.34%   169  211s
  1969   998 3141.33787   36  225 3234.85724 3096.95085  4.26%   163  217s
  2173  1033 3154.02238   40  168 3234.85724 3097.47357  4.25%   156  222s
  2314  1020 3122.39079   62  105 3234.85724 3098.20297  4.22%   152  225s
  2626  1030 3129.26243   32   70 3234.85724 3098.88295  4.20%   142  231s
  2972  1101 3118.79495   48  228 3234.85724 3101.80650  4.11%   132  238s
  3211  1063 3175.20395   40  280 3234.85724 3102.71605  4.08%   127  243s
  3341  1035 3162.18511   37  387 3234.85724 3103.79216  4.05%   126  246s
  3404  1084 3130.93523   33  411 3234.85724 3104.20991  4.04%   128  250s
  3730  1168 3184.00049   45  102 3234.85724 3105.59218  4.00%   126  258s
  3828  1218 3112.88861   53  273 3234.85724 3106.94760  3.95%   126  262s
  4038  1291 3217.40024   39  311 3234.85724 3107.71703  3.93%   124  267s
  4278  1372 3112.46241   43  142 3234.85724 3108.52140  3.91%   121  272s
  4566  1392 3152.05410   55  248 3234.85724 3109.63456  3.87%   119  277s
  4784  1454 infeasible   61      3234.85724 3110.52217  3.84%   119  282s
  5149  1523 3138.27019   45  178 3234.85724 3111.15001  3.82%   115  288s
  5500  1596 infeasible   43      3234.85724 3112.02880  3.80%   112  293s
  5864  1665     cutoff   48      3234.85724 3112.48447  3.78%   108  299s
  6271  1794 3216.89166   56  325 3234.85724 3112.87448  3.77%   105  304s
  6841  1855 infeasible   53      3234.85724 3113.57633  3.75%   101  309s
  7129  1926 3122.74369   58   85 3234.85724 3114.78821  3.71%  99.0  313s
  7383  1978 infeasible   46      3234.85724 3115.37248  3.69%   100  330s
  7939  2064 3213.46528   70   32 3234.85724 3118.00762  3.61%   101  336s
  8143  2122 infeasible   44      3234.85724 3118.03437  3.61%   101  340s
  8611  2239 3210.40336   36    9 3234.85724 3119.88306  3.55%   101  346s
  8833  2243 3180.28786   43  221 3234.85724 3121.16423  3.51%   101  350s
  9120  2367 3199.27030   44  278 3234.85724 3122.74369  3.47%   101  357s
  9550  2436 infeasible   42      3234.85724 3124.19609  3.42%   100  360s
 10107  2631 3180.16112   43  198 3234.85724 3124.83806  3.40%  98.2  366s
 10905  2793 3132.82062   38  145 3234.85724 3125.64029  3.38%  94.6  371s
 11560  2992 3208.41190   40   82 3234.85724 3126.58881  3.35%  92.2  376s
 12237  3087 3199.71651   40   82 3234.85724 3127.64191  3.31%  90.0  381s
 12617  3124 3178.35498   59  233 3234.85724 3128.25544  3.30%  90.6  385s
 12621  3128 3181.05730   61  227 3234.85724 3128.25544  3.30%  90.6  390s
 12654  3192 infeasible   64      3234.85724 3128.25544  3.30%  90.5  397s
 12911  3238 3209.69931   66  146 3234.85724 3128.25544  3.30%  89.6  401s
 13221  3324 infeasible   68      3234.85724 3128.25544  3.30%  88.8  406s
 13808  3449 3173.28543   38  109 3234.85724 3130.19656  3.24%  87.7  411s
 14424  3553 3207.75363   47  208 3234.85724 3131.62942  3.19%  85.9  415s
 14686  3554 3142.36536   54  352 3234.85724 3132.10571  3.18%  85.5  482s
 14688  3555 3185.41081   47  332 3234.85724 3132.10571  3.18%  85.5  485s
 14699  3563 3174.07097   50 1092 3234.85724 3132.10571  3.18%  85.4  490s
 14709  3569 3189.87684   42  632 3234.85724 3132.10571  3.18%  85.3  495s
 14713  3572 3198.66809   54 1210 3234.85724 3132.10571  3.18%  85.3  502s
 14715  3573 3201.98765   47 1230 3234.85724 3132.10571  3.18%  85.3  506s
 14718  3575 3180.99070   57  693 3234.85724 3132.10571  3.18%  85.3  512s
 14719  3576 3139.25025   45 1190 3234.85724 3132.10571  3.18%  85.3  515s
 14724  3579 3187.76962   38  686 3234.85724 3132.10571  3.18%  85.3  521s
 14727  3581 3201.51631   60 1235 3234.85724 3132.10571  3.18%  85.2  528s
 14729  3583 3139.89390   31  738 3234.85724 3132.10571  3.18%  85.2  531s
 14730  3583 3188.43461   45 1250 3234.85724 3132.10571  3.18%  85.2  535s
 14733  3585 3195.67106   52 1259 3234.85724 3132.10571  3.18%  85.2  543s
 14734  3586 3187.46911   38 1265 3234.85724 3132.10571  3.18%  85.2  547s
 14735  3587 3193.79443   64 1184 3234.85724 3132.10571  3.18%  85.2  550s
 14737  3588 3183.66945   39 1168 3234.85724 3132.10571  3.18%  85.2  558s
 14738  3589 3168.19141   43 1215 3234.85724 3132.10571  3.18%  85.2  562s
 14739  3589 3152.88478   49 1188 3234.85724 3132.10571  3.18%  85.2  566s
 14740  3590 3176.97536   41 1192 3234.85724 3132.10571  3.18%  85.2  570s
 14742  3591 3191.69731   51 1193 3234.85724 3132.10571  3.18%  85.2  577s
 14743  3592 3209.14592   43 1204 3234.85724 3132.10571  3.18%  85.2  581s
 14744  3593 3188.45777   48 1287 3234.85724 3132.10571  3.18%  85.1  585s
 14746  3594 3162.69494   54 1205 3234.85724 3132.10571  3.18%  85.1  593s
 14747  3595 3133.84841   40 1251 3234.85724 3132.10571  3.18%  85.1  597s
 14749  3596 3215.56890   48 1187 3234.85724 3132.10571  3.18%  85.1  601s
 14750  3597 3148.82563   51 1254 3234.85724 3132.10571  3.18%  85.1  605s
 14753  3599 3160.44498   38 1193 3234.85724 3132.10571  3.18%  85.1  612s
 14754  3599 3166.44104   41 1218 3234.85724 3132.10571  3.18%  85.1  616s
 14755  3600 3226.23838   47 1258 3234.85724 3132.10571  3.18%  85.1  620s
 14757  3601 3224.04983   44 1254 3234.85724 3132.10571  3.18%  85.1  627s
 14758  3602 3212.30133   47 1259 3234.85724 3132.10571  3.18%  85.1  631s
 14759  3603 3139.39854   46 1259 3234.85724 3132.10571  3.18%  85.1  635s
 14762  3605 3187.63317   46 1314 3234.85724 3132.10571  3.18%  85.0  642s
 14763  3605 3189.77451   54 1333 3234.85724 3132.10571  3.18%  85.0  646s
 14764  3606 3190.56647   53 1343 3234.85724 3132.10571  3.18%  85.0  650s
 14766  3607 3200.12060   41 1240 3234.85724 3132.10571  3.18%  85.0  662s
 14768  3609 3144.03738   57 1313 3234.85724 3132.10571  3.18%  85.0  666s
 14769  3609 3156.66000   43 1299 3234.85724 3132.10571  3.18%  85.0  670s
 14771  3611 3207.19865   51 1303 3234.85724 3132.10571  3.18%  85.0  677s
 14772  3611 3186.02261   39 1308 3234.85724 3132.10571  3.18%  85.0  681s
 14773  3612 3161.85418   52 1310 3234.85724 3132.10571  3.18%  85.0  685s
 14775  3613 3218.56226   42 1243 3234.85724 3132.10571  3.18%  85.0  692s
 14776  3614 3222.19710   57 1248 3234.85724 3132.10571  3.18%  85.0  695s
 14779  3616 3177.31856   62 1233 3234.85724 3132.10571  3.18%  84.9  700s
 14782  3618 3217.16000   57 1250 3234.85724 3132.10571  3.18%  84.9  705s
 14785  3620 3183.55851   41 1238 3234.85724 3132.10571  3.18%  84.9  710s
 14789  3623 3156.58302   39 1241 3234.85724 3132.10571  3.18%  84.9  716s
 14792  3625 3187.22662   49 1239 3234.85724 3132.10571  3.18%  84.9  720s
 14795  3627 3175.42513   43 1303 3234.85724 3132.10571  3.18%  84.9  725s
 14799  3629 3174.07097   50 1297 3234.85724 3132.10571  3.18%  84.8  731s
 14802  3631 3225.87468   45 1295 3234.85724 3132.10571  3.18%  84.8  735s
 14805  3633 3140.91854   45 1293 3234.85724 3132.10571  3.18%  84.8  741s
 14808  3635 3175.60581   49 1297 3234.85724 3132.10571  3.18%  84.8  745s
 14811  3637 3224.99787   43 1295 3234.85724 3132.10571  3.18%  84.8  750s
 14814  3642 3132.10571   34 1173 3234.85724 3132.10571  3.18%  88.6  756s
 14832  3653 3132.10571   41  251 3234.85724 3132.10571  3.18%  89.0  760s
 14844  3653 3190.06108   44  186 3234.85724 3132.10571  3.18%  89.2  765s
 14878  3663 3132.10571   51  157 3234.85724 3132.10571  3.18%  89.5  770s
 14897  3663 3135.45525   54  168 3234.85724 3132.10571  3.18%  89.7  775s
 14914  3671 3141.43620   64  247 3234.85724 3132.10571  3.18%  89.8  781s
 14940  3675 3200.98891   74    5 3234.85724 3132.10571  3.18%  89.8  786s
 14958  3688 3132.10571   38  489 3234.85724 3132.10571  3.18%  90.1  791s
 14987  3686 3132.10571   39  461 3234.85724 3132.10571  3.18%  90.2  795s
 15003  3695 3132.10571   43  317 3234.85724 3132.10571  3.18%  90.3  800s
 15060  3724 3132.10571   59  212 3234.85724 3132.10571  3.18%  90.4  807s
 15092  3732 3132.10571   63  232 3234.85724 3132.10571  3.18%  90.4  811s
 15153  3729 3132.10571   39  448 3234.85724 3132.10571  3.18%  90.4  817s
 15205  3721 3132.10571   52  616 3234.85724 3132.10571  3.18%  90.3  821s
 15260  3720 3224.65168   70  365 3234.85724 3132.10571  3.18%  90.3  826s
 15275  3722 infeasible   38      3234.85724 3132.10571  3.18%  90.4  830s
 15302  3732 3198.81075   47  478 3234.85724 3132.10571  3.18%  90.9  835s
 15352  3725 3211.18880   62  407 3234.85724 3132.10571  3.18%  90.8  841s
 15382  3718 infeasible   74      3234.85724 3132.10571  3.18%  91.0  848s
 15405  3710 3212.52283   52  198 3234.85724 3132.10571  3.18%  91.2  851s
 15440  3730 3132.10571   59  289 3234.85724 3132.10571  3.18%  91.4  858s
 15461  3747 3200.15985   68  205 3234.85724 3132.10571  3.18%  91.4  861s
 15548  3779 3132.10571   59  103 3234.85724 3132.10571  3.18%  91.3  868s
 15643  3764 3221.05497  122   39 3234.85724 3132.10571  3.18%  90.9  872s
 15686  3788 3132.10571   57  247 3234.85724 3132.10571  3.18%  90.8  877s
 15744  3810 3201.34348   87  115 3234.85724 3132.10571  3.18%  90.7  880s
 15853  3827 3132.10571   60  209 3234.85724 3132.10571  3.18%  90.6  890s
 15942  3843 infeasible   52      3234.85724 3132.10571  3.18%  90.4  896s
 16023  3842 3132.10571   51  317 3234.85724 3132.10571  3.18%  90.2  901s
 16091  3840 3132.10571   62  269 3234.85724 3132.10571  3.18%  90.2  906s
 16392  3994 3132.10571   60  234 3234.85724 3132.10571  3.18%  89.5  913s
 16559  4086 infeasible   95      3234.85724 3132.10571  3.18%  89.3  917s
 16886  4212 3132.10571   51  230 3234.85724 3132.10571  3.18%  88.3  921s
 17184  4291 infeasible   95      3234.85724 3132.10571  3.18%  87.3  925s
 17526  4261 3179.05429   53  467 3234.85724 3132.10571  3.18%  87.0  933s
 17674  4262 3132.10571   39 1071 3234.85724 3132.10571  3.18%  86.9  938s
 17746  4534 3232.23389   43  759 3234.85724 3132.10571  3.18%  87.3  944s
 18203  4575 3160.20930   41  638 3234.85724 3132.10571  3.18%  85.7  948s
 18525  4732 3155.31817   63  254 3234.85724 3132.10571  3.18%  85.3  953s
 18926  4978 3187.79272   53  262 3234.85724 3132.10571  3.18%  83.9  957s
 19541  4905 3161.03717   57  336 3234.85724 3132.10571  3.18%  82.4  961s
 19757  5233 3221.74468   45  114 3234.85724 3132.10571  3.18%  82.0  965s
 20581  5120 3233.71314   82   12 3234.85724 3132.10571  3.18%  80.5  973s
 20754  5229 3192.30976   71  217 3234.85724 3132.10571  3.18%  80.3  978s
 21022  5319 3203.88265   42  306 3234.85724 3132.10571  3.18%  80.0  982s
 21372  5387 infeasible   74      3234.85724 3132.10571  3.18%  79.5  986s
 21675  5515 3182.48826   45  397 3234.85724 3132.10571  3.18%  79.0  990s
 22146  5446 3157.25134   43  681 3234.85724 3132.10571  3.18%  78.3  999s
 22303  6047 infeasible   85      3234.85724 3132.10571  3.18%  78.3 1007s
 23446  5760 3132.10571   43  693 3234.85724 3132.10571  3.18%  76.2 1011s
 23946  5777 3179.98978   45  617 3234.85724 3132.10571  3.18%  75.6 1016s
 23980  5777 3192.09214   47  527 3234.85724 3132.10571  3.18%  75.9 1020s
 24438  6018 3217.56371   61  201 3234.85724 3132.10571  3.18%  75.4 1026s
 24979  6051 infeasible   87      3234.85724 3132.10571  3.18%  74.5 1031s
 25641  6175 3223.54444   66  123 3234.85724 3132.10571  3.18%  73.5 1035s
 25928  6222 infeasible   49      3234.85724 3132.10571  3.18%  73.3 1041s
 26233  6522 infeasible   85      3234.85724 3132.10571  3.18%  73.1 1045s
 27011  7081 3194.89846   50  193 3234.85724 3132.10571  3.18%  72.1 1051s
 27479  7154 3149.38993   66  168 3234.85724 3132.10571  3.18%  71.4 1055s
 28057  7599 3221.28530   71   99 3234.85724 3132.10571  3.18%  70.7 1060s
 28527  7724 3211.67658   50  146 3234.85724 3132.10571  3.18%  70.3 1065s
 29132  8180 3215.82385   49  112 3234.85724 3132.10571  3.18%  69.7 1071s
 29396  8328 3215.07575   61  171 3234.85724 3132.10571  3.18%  69.4 1079s
 29604  8418 3215.58080   77   96 3234.85724 3132.10571  3.18%  69.1 1085s
 29754  8659 3132.10571   52  731 3234.85724 3132.10571  3.18%  69.1 1091s
 30631  8943 3211.59857   59  473 3234.85724 3132.10571  3.18%  68.2 1096s
 31185  9352     cutoff   54      3234.85724 3132.10571  3.18%  67.6 1102s
 31628  9647 3132.10571   47  251 3234.85724 3132.10571  3.18%  67.3 1106s
 32525  9975 3213.08182   92  232 3234.85724 3132.10571  3.18%  66.2 1110s
 33090 10341 3200.65993   56  206 3234.85724 3132.10571  3.18%  65.7 1116s
 33439 10524 3149.76233   52  392 3234.85724 3132.10571  3.18%  65.6 1120s
 34018 10643 3209.08680   51  229 3234.85724 3132.10571  3.18%  65.4 1125s
 34576 10960 3203.44755   67  147 3234.85724 3132.10571  3.18%  65.1 1131s
 34722 11061 3215.03046   65  257 3234.85724 3132.10571  3.18%  65.2 1135s
 35352 11299 3210.32212   60  182 3234.85724 3132.10571  3.18%  65.1 1140s
 35790 11662 3171.58791   61  228 3234.85724 3132.10571  3.18%  65.0 1146s
 36570 11945 3197.18107   65  238 3234.85724 3132.10571  3.18%  64.4 1151s
 36735 12047 3201.88735   61  234 3234.85724 3132.10571  3.18%  64.4 1158s
 36986 12091 3180.02468   55  590 3234.85724 3132.10571  3.18%  64.4 1161s
 37617 12448     cutoff   80      3234.85724 3132.10571  3.18%  64.1 1167s
 38065 12792 3164.63241   51  173 3234.85724 3132.10571  3.18%  63.8 1171s
 38616 13060 3229.42860   71   73 3234.85724 3132.10571  3.18%  63.5 1175s
 39244 13266 3204.94417   62  235 3234.85724 3132.10571  3.18%  63.3 1181s
 39661 13366 3203.55357   49  185 3234.85724 3132.29764  3.17%  63.1 1186s
 39900 13509 3226.51174   70  118 3234.85724 3132.38554  3.17%  63.0 1191s
 40040 13516 3217.90794   58  176 3234.85724 3132.59292  3.16%  63.0 1195s
 40503 13714 3209.78972   66  173 3234.85724 3133.09410  3.15%  62.9 1200s
 40760 13780 3163.03149   56  395 3234.85724 3133.23374  3.14%  62.9 1206s
 40978 13879     cutoff   64      3234.85724 3133.56691  3.13%  63.1 1210s
 41341 14138     cutoff   85      3234.85724 3134.07565  3.12%  63.1 1215s
 42202 14580 infeasible   54      3234.85724 3135.23963  3.08%  62.6 1221s
 42839 14889 3207.54564   52   94 3234.85724 3135.69640  3.07%  62.2 1226s
 43481 15106 3230.69792   58  169 3234.85724 3136.77458  3.03%  61.9 1230s
 43971 15173 3171.53204   45  337 3234.85724 3137.10955  3.02%  61.7 1238s
 44101 15318 3201.86719   55  308 3234.85724 3137.29682  3.02%  61.7 1243s
 44389 15333 3227.40287   66   99 3234.85724 3137.35729  3.01%  61.5 1247s
 44461 15493 3191.92269   53  131 3234.85724 3137.47040  3.01%  61.5 1252s
 44760 15964 3148.46982   62  278 3234.85724 3137.54296  3.01%  61.3 1257s
 45779 16201 3228.91524   56  125 3234.85724 3138.18846  2.99%  60.6 1261s
 46441 16353 3141.10927   51  397 3234.85724 3139.24291  2.96%  60.4 1267s
 46701 16422 infeasible   62      3234.85724 3139.43404  2.95%  60.5 1271s
 47242 16642 3141.14192   58  369 3234.85724 3140.13252  2.93%  60.2 1275s
 47841 16896 3225.70468   67  104 3234.85724 3140.72715  2.91%  60.1 1280s
 48269 16961 3213.76508   56  121 3234.85724 3141.13959  2.90%  60.1 1286s
 48657 17119 infeasible   59      3234.85724 3141.53349  2.88%  60.1 1291s
 48994 17211     cutoff   80      3234.85724 3141.90153  2.87%  60.1 1295s
 49466 17505 3202.81454   54  217 3234.85724 3142.49295  2.86%  60.0 1300s
 50290 17857 3161.07961   64  147 3234.85724 3143.20271  2.83%  59.8 1306s
 50698 17998 3223.16557   59  151 3234.85724 3143.61150  2.82%  59.7 1310s
 50982 18076 infeasible   59      3234.85724 3144.01436  2.81%  59.7 1315s
 51233 18232 3153.61666   61  349 3234.85724 3144.30691  2.80%  59.7 1323s
 51486 18434 infeasible   64      3234.85724 3144.60570  2.79%  59.8 1326s
 52173 18675     cutoff   80      3234.85724 3145.38747  2.77%  59.6 1331s
 52661 18795 3180.69131   52  268 3234.85724 3145.58643  2.76%  59.4 1335s
 53052 19082 3157.55526   58  373 3234.85724 3145.92368  2.75%  59.5 1340s
 53786 19377 3227.30401   42  588 3234.85724 3146.40803  2.73%  59.2 1346s
 54132 19695 3147.83895   50  164 3234.85724 3146.75718  2.72%  59.2 1351s
 54765 19996 3217.90424   69  122 3234.85724 3147.21689  2.71%  58.9 1355s
 55644 20354 3168.69476   67  130 3234.85724 3148.30695  2.68%  58.5 1361s
 56249 20676 3230.63244   82    5 3234.85724 3148.74608  2.66%  58.4 1366s
 56726 20818 3178.45170   65  155 3234.85724 3149.48920  2.64%  58.2 1370s
 57054 21060 3152.35131   52  276 3234.85724 3149.87494  2.63%  58.3 1376s
 57991 21376 3212.72580   74  199 3234.85724 3150.63878  2.60%  57.8 1381s
 58588 21692 3156.87094   53  377 3234.85724 3151.32815  2.58%  57.6 1389s
 58846 21724 3161.42245   49  518 3234.85724 3151.44035  2.58%  57.5 1391s
 59126 22001 3188.04107   78  134 3234.85724 3151.79812  2.57%  57.5 1397s
 59921 22390 infeasible   77      3234.85724 3152.70547  2.54%  57.2 1401s
 60902 22668     cutoff   85      3234.85724 3153.28724  2.52%  56.8 1406s
 61530 23043     cutoff   56      3234.85724 3153.57048  2.51%  56.6 1410s
 62156 23312 3232.51056   76  252 3234.85724 3153.82092  2.51%  56.4 1415s
 62456 23419 3174.27529   57  196 3234.85724 3153.90430  2.50%  56.3 1420s
 62482 23556 3176.63042   64  194 3234.85724 3153.90430  2.50%  56.4 1425s
 63094 23811 3179.90549   46  670 3234.85724 3154.12057  2.50%  56.3 1430s
 63869 24161 3160.52276   67  305 3234.85724 3154.47984  2.48%  56.1 1435s
 64667 24498 3156.06959   52  409 3234.85724 3154.76172  2.48%  55.8 1441s
 65130 24808 3155.19256   66  189 3234.85724 3154.88115  2.47%  55.7 1445s
 65603 24985 3209.77691   79  249 3234.85724 3154.98229  2.47%  55.6 1451s
 65849 25134 3225.17042   67   84 3234.85724 3155.14991  2.46%  55.5 1457s
 66253 25231     cutoff   72      3234.85724 3155.26450  2.46%  55.4 1460s
 67007 25454     cutoff   76      3234.85724 3155.57448  2.45%  55.1 1465s
 67424 25766 3174.64750   59  169 3234.85724 3155.77839  2.44%  55.1 1471s
 68005 25941 3164.25576   77  210 3234.85724 3155.89133  2.44%  54.8 1475s
 68710 26104 3173.96277   64  436 3234.85724 3156.15580  2.43%  54.7 1480s
 69128 26399 infeasible   72      3234.85724 3156.37027  2.43%  54.6 1486s
 69955 26611 infeasible   62      3234.85724 3156.61051  2.42%  54.3 1491s
 70303 26847 3231.68891   73  129 3234.85724 3156.87588  2.41%  54.2 1496s
 70815 26946 3157.78203   56  341 3234.85724 3157.17837  2.40%  54.1 1501s
 71106 27064 3166.65975   53  800 3234.85724 3157.19810  2.40%  54.1 1505s
 71470 27248 3219.65970   80  193 3234.85724 3157.35378  2.40%  54.0 1510s
 71863 27372 3201.67180   58  124 3234.85724 3157.60559  2.39%  53.9 1516s
 72268 27455     cutoff   71      3234.85724 3157.71299  2.38%  53.9 1521s
 72676 27559 3169.45158   45  616 3234.85724 3158.00842  2.38%  53.9 1526s
 72820 27751 infeasible   54      3234.85724 3158.02739  2.38%  54.0 1530s
 73220 27904 3224.73140   78  100 3234.85724 3158.16774  2.37%  53.9 1537s
 73844 28054 3172.97092   51  567 3234.85724 3158.32495  2.37%  53.7 1541s
 74486 28361 3213.36801   49  115 3234.85724 3158.66336  2.36%  53.6 1546s
 75264 28691 3227.16832   51  105 3234.85724 3159.06372  2.34%  53.4 1551s
 76013 29041 3161.25567   64  231 3234.85724 3159.37044  2.33%  53.1 1555s
 76926 29337 3195.01159   85  227 3234.85724 3159.67544  2.32%  52.9 1561s
 77547 29544 3225.59188   72  104 3234.85724 3159.88610  2.32%  52.8 1565s
 78218 29734 infeasible   75      3234.85724 3160.06475  2.31%  52.6 1570s
 78563 29901 3181.50799   49  443 3234.85724 3160.21665  2.31%  52.7 1575s
 79243 30135 3171.32497   74  270 3234.85724 3160.39901  2.30%  52.6 1580s
 79565 30359 3161.40403   65  315 3234.85724 3160.48599  2.30%  52.7 1585s
 80418 30517 infeasible   76      3234.85724 3160.71303  2.29%  52.5 1590s
 80528 30593 3172.50342   56  485 3234.85724 3160.75249  2.29%  52.5 1596s
 81302 30757 infeasible   61      3234.85724 3161.02029  2.28%  52.4 1600s
 81907 30993 3184.15681   70  229 3234.85724 3161.24572  2.28%  52.4 1606s
 82635 31257 3209.71018   88  120 3234.85724 3161.51484  2.27%  52.3 1610s
 82963 31328 3208.72543   59  186 3234.85724 3161.59972  2.26%  52.2 1615s
 83587 31617 3193.18933   72  166 3234.85724 3161.78114  2.26%  52.1 1620s
 84497 31824 3208.42735   55  174 3234.85724 3162.14258  2.25%  51.9 1625s
 85270 32047 3178.76191   59   93 3234.85724 3162.39242  2.24%  51.8 1631s
 85660 32129     cutoff   67      3234.85724 3162.52868  2.24%  51.7 1635s
 86269 32358 infeasible   80      3234.85724 3162.78158  2.23%  51.7 1641s
 86899 32730 3188.54779   65   99 3234.85724 3162.88237  2.22%  51.6 1646s
 87655 32910 infeasible   74      3234.85724 3163.09969  2.22%  51.4 1650s
 88178 33256 3166.55960   70  230 3234.85724 3163.15921  2.22%  51.3 1657s
 88346 33375 3218.92998   55  574 3234.85724 3163.17497  2.22%  51.3 1660s
 89478 33709 3228.56272   75  218 3234.85724 3163.46329  2.21%  51.1 1666s
 90243 34054 infeasible   76      3234.85724 3163.60175  2.20%  50.9 1670s
 90960 34259 3191.95243   66  275 3234.85724 3163.80065  2.20%  50.9 1675s
 91770 34494 3181.15113   88  108 3234.85724 3164.00559  2.19%  50.7 1680s
 92335 34693 infeasible  113      3234.85724 3164.25369  2.18%  50.7 1685s
 92812 34770 3230.84022   48  505 3234.85724 3164.36543  2.18%  50.7 1690s
 93211 34903 3227.42756   85  229 3234.85724 3164.56209  2.17%  50.8 1696s
 93686 35111 3217.93698   70  145 3234.85724 3164.65621  2.17%  50.7 1700s
 94520 35378 3166.08020   47  507 3234.85724 3164.94434  2.16%  50.5 1706s
 95178 35512 3221.02321   91  134 3234.85724 3165.16419  2.15%  50.5 1710s
 95501 35575 infeasible   64      3234.85724 3165.24819  2.15%  50.5 1717s
 95961 35669 infeasible   66      3234.85724 3165.43497  2.15%  50.4 1721s
 96199 35801 3203.34381   94  223 3234.85724 3165.51983  2.14%  50.5 1726s
 96825 35996 3208.60394   59  147 3234.85724 3165.65950  2.14%  50.4 1730s
 97476 36217 3189.98178   75  213 3234.85724 3165.84595  2.13%  50.4 1736s
 97806 36284 3172.72389   51  386 3234.85724 3165.96622  2.13%  50.4 1740s
 98408 36397 infeasible   52      3234.85724 3166.16038  2.12%  50.4 1746s
 98436 36430 3185.35983   65  199 3234.85724 3166.18520  2.12%  50.4 1750s
 99254 36807 3223.75511   70   70 3234.85724 3166.35928  2.12%  50.3 1756s
 100118 36967 infeasible   84      3234.85724 3166.52304  2.11%  50.2 1761s
 100753 37299 3227.41058   98   87 3234.85724 3166.60218  2.11%  50.1 1766s
 101498 37444 infeasible   73      3234.85724 3166.70738  2.11%  50.0 1770s
 101946 37749 3181.86169   51  453 3234.85724 3166.83123  2.10%  50.1 1775s
 102759 37882 infeasible   68      3234.85724 3166.95615  2.10%  50.0 1784s
 102875 38172     cutoff   52      3234.85724 3167.00968  2.10%  50.0 1788s
 103587 38198 3171.41352   62  306 3234.85724 3167.24226  2.09%  49.9 1790s
 104151 38566 infeasible   81      3234.85724 3167.35744  2.09%  49.9 1795s
 105134 38839 3175.23855   46  554 3234.85724 3167.54586  2.08%  49.7 1801s
 105601 39104 3230.33873   64  157 3234.85724 3167.65223  2.08%  49.7 1806s
 106094 39170 3207.05728   61  341 3234.85724 3167.76201  2.07%  49.6 1810s
 106312 39292 3179.26860   59  404 3234.85724 3167.81018  2.07%  49.7 1815s
 106684 39438 3224.42887   74   93 3234.85724 3167.84336  2.07%  49.6 1820s
 107372 39662 3186.21212   64  225 3234.85724 3167.99760  2.07%  49.6 1826s
 107886 39853     cutoff   79      3234.85724 3168.11718  2.06%  49.6 1831s
 108358 40001 3168.73957   69  278 3234.85724 3168.19135  2.06%  49.6 1835s
 109052 40297 3227.38569   79  111 3234.85724 3168.35182  2.06%  49.6 1840s
 109820 40454     cutoff   57      3234.85724 3168.49629  2.05%  49.5 1845s
 110019 40517 infeasible   76      3234.85724 3168.55628  2.05%  49.5 1850s
 110644 40761 infeasible   67      3234.85724 3168.70512  2.04%  49.4 1856s
 111213 40963 3219.27599   70  100 3234.85724 3168.86337  2.04%  49.4 1860s
 112068 41285     cutoff   77      3234.85724 3169.01647  2.04%  49.3 1866s
 113013 41520 3231.67102   98    8 3234.85724 3169.10081  2.03%  49.2 1870s
 114032 41935 3170.15572   75  279 3234.85724 3169.25228  2.03%  49.0 1875s
 114251 42006 3197.27255   69  224 3234.85724 3169.29376  2.03%  49.0 1880s
 114638 42105 infeasible   71      3234.85724 3169.32989  2.03%  49.0 1885s
 114965 42298 3182.86099   51  337 3234.85724 3169.44088  2.02%  49.0 1890s
 115566 42377 infeasible   78      3234.85724 3169.54755  2.02%  49.1 1895s
 116211 42617 infeasible   91      3234.85724 3169.69334  2.01%  49.0 1901s
 116923 42829 3227.00606   76   98 3234.85724 3169.84921  2.01%  49.0 1905s
 117313 43005 3177.93953   63  229 3234.85724 3169.92991  2.01%  48.9 1912s
 117447 43148 3170.59682   57  358 3234.85724 3169.94136  2.01%  48.9 1916s
 118338 43300     cutoff   68      3234.85724 3170.11131  2.00%  48.9 1921s
 118774 43398 3175.49236   50  524 3234.85724 3170.20911  2.00%  48.9 1925s
 119205 43507 3171.47753   69  284 3234.85724 3170.26631  2.00%  48.9 1930s
 119457 43543 infeasible   69      3234.85724 3170.30139  2.00%  48.9 1936s
 119482 43554 3226.98781   53  314 3234.85724 3170.31724  2.00%  48.9 1940s
 119561 43754 3174.71116   63  257 3234.85724 3170.36502  1.99%  48.9 1945s
 120825 44110 3211.40958   60  118 3234.85724 3170.52828  1.99%  48.8 1951s
 121537 44380 3212.75070   61  135 3234.85724 3170.66907  1.98%  48.7 1956s
 122171 44572 infeasible   63      3234.85724 3170.72846  1.98%  48.7 1961s
 122785 44719 3188.22269   72  301 3234.85724 3170.80051  1.98%  48.7 1966s
 123307 44865 3178.73907   59  512 3234.85724 3170.89376  1.98%  48.8 1970s
 123869 45099 3172.44445   79  256 3234.85724 3170.97166  1.97%  48.8 1975s
 124680 45236 infeasible   78      3234.85724 3171.14748  1.97%  48.7 1984s
 124907 45302 3171.77769   70  297 3234.85724 3171.20228  1.97%  48.7 1987s
 125377 45322 3227.74866   74  191 3234.85724 3171.31922  1.96%  48.7 1990s
 125726 45495 3195.56190   73  212 3234.85724 3171.36625  1.96%  48.7 1995s
 126350 45724 3195.22432   79  213 3234.85724 3171.45925  1.96%  48.6 2000s
 127167 45938 3225.76250   53  105 3234.85724 3171.58382  1.96%  48.6 2005s
 127798 46134     cutoff   88      3234.85724 3171.63950  1.95%  48.5 2010s
 128558 46445 3227.71211   66  185 3234.85724 3171.78305  1.95%  48.6 2016s
 129218 46694 infeasible   79      3234.85724 3171.85089  1.95%  48.5 2021s
 129782 46896 3214.64791   91  206 3234.85724 3171.92631  1.95%  48.5 2026s
 130495 47101 infeasible   70      3234.85724 3172.06505  1.94%  48.5 2031s
 131183 47243 3198.86443   58  207 3234.85724 3172.15636  1.94%  48.4 2035s
 131827 47343 3226.06075   83  111 3234.85724 3172.24272  1.94%  48.4 2040s
 131959 47497 3200.77220   75  213 3234.85724 3172.25925  1.94%  48.4 2045s
 132486 47558 3226.71975   73  171 3234.85724 3172.32915  1.93%  48.4 2050s
 133062 47803 3191.19168   72  150 3234.85724 3172.46772  1.93%  48.3 2055s
 133820 47969 3186.71660   63  462 3234.85724 3172.59929  1.92%  48.3 2061s
 134532 48190 infeasible   63      3234.85724 3172.70852  1.92%  48.3 2066s
 134863 48403 3195.93249   61  192 3234.85724 3172.79221  1.92%  48.3 2070s
 135820 48783 3191.49770   69  138 3234.85724 3172.92190  1.91%  48.3 2075s
 136821 49073 3173.87528   46  152 3234.85724 3172.98408  1.91%  48.1 2081s
 137571 49279 3232.05546   79  107 3234.85724 3173.13067  1.91%  48.1 2086s
 138425 49445 3209.95307   84  196 3234.85724 3173.24378  1.90%  48.0 2090s
 139022 49669 infeasible   67      3234.85724 3173.39340  1.90%  48.1 2096s
 139242 49811     cutoff   58      3234.85724 3173.41125  1.90%  48.0 2101s
 139939 49966 3218.95098   48   22 3234.85724 3173.50516  1.90%  48.0 2105s
 140406 50118 3184.15491   64  207 3234.85724 3173.57133  1.89%  48.1 2110s
 141016 50242 3192.67244   58  115 3234.85724 3173.65415  1.89%  48.1 2115s
 141454 50332 3220.49365   73  210 3234.85724 3173.72211  1.89%  48.1 2120s
 142123 50457 3186.19617   72  213 3234.85724 3173.81994  1.89%  48.1 2126s
 142681 50572 infeasible   59      3234.85724 3173.91299  1.88%  48.1 2131s
 143384 50760     cutoff   84      3234.85724 3174.03693  1.88%  48.1 2136s
 144023 50898 3228.69758   67  213 3234.85724 3174.13348  1.88%  48.0 2141s
 144285 50911 3191.93193   53  524 3234.85724 3174.18412  1.88%  48.1 2145s
 144867 51058 3195.69559   69  217 3234.85724 3174.38260  1.87%  48.1 2150s
 145588 51240 3180.59930   62  268 3234.85724 3174.48032  1.87%  48.1 2155s
 146163 51337 infeasible   66      3234.85724 3174.58918  1.86%  48.1 2161s
 146611 51486     cutoff   88      3234.85724 3174.70283  1.86%  48.1 2168s
 146798 51545 3187.73211   53  282 3234.85724 3174.76371  1.86%  48.1 2171s
 147077 51736 3188.44961   54  156 3234.85724 3174.77365  1.86%  48.1 2177s
 147803 51823 3223.64988   74  105 3234.85724 3174.94719  1.85%  48.1 2180s
 148808 52036 3189.95772   82  191 3234.85724 3175.12990  1.85%  48.0 2186s
 149225 52133 3177.54878   52  262 3234.85724 3175.20477  1.84%  48.0 2190s
 149896 52320 infeasible   99      3234.85724 3175.37103  1.84%  47.9 2195s
 150828 52549 3182.27019   60  498 3234.85724 3175.54396  1.83%  47.9 2201s
 151301 52663 infeasible   61      3234.85724 3175.62155  1.83%  47.9 2206s
 151866 52770 3229.53570   71  101 3234.85724 3175.74358  1.83%  47.9 2211s
 152436 52935 3177.18859   51  243 3234.85724 3175.80714  1.83%  47.9 2216s
 152824 52985 3220.72240   96   92 3234.85724 3175.95395  1.82%  47.9 2221s
 153146 53043 3230.61687   92  112 3234.85724 3175.99777  1.82%  47.9 2226s
 153549 53165 infeasible   70      3234.85724 3176.07104  1.82%  47.9 2230s
 153887 53220 3225.58349   69  191 3234.85724 3176.13897  1.82%  47.9 2237s
 153984 53436 3182.36670   58  604 3234.85724 3176.17602  1.81%  47.9 2242s
 155049 53562 3215.23587   91  161 3234.85724 3176.34423  1.81%  47.8 2245s
 155832 53819 3199.61812   80  166 3234.85724 3176.48570  1.80%  47.8 2250s
 156492 53901 3212.94760   51  461 3234.85724 3176.64752  1.80%  47.7 2256s
 157031 54004 3195.01785   72  122 3234.85724 3176.78584  1.80%  47.7 2260s
 157808 54216 infeasible   75      3234.85724 3176.89999  1.79%  47.7 2266s
 158519 54371 3215.10360   83  182 3234.85724 3177.11552  1.78%  47.7 2270s
 159306 54559 infeasible   69      3234.85724 3177.28213  1.78%  47.6 2275s
 159448 54657 3200.20355   76  111 3234.85724 3177.35358  1.78%  47.6 2280s
 160068 54722 3229.35778   61  315 3234.85724 3177.47510  1.77%  47.6 2285s
 160542 54930 3181.42272   58  178 3234.85724 3177.56163  1.77%  47.7 2291s
 161146 55022 3221.85348   68   98 3234.85724 3177.64601  1.77%  47.7 2300s
 161909 55211 3180.34178   92  265 3234.85724 3177.81999  1.76%  47.7 2306s
 162474 55350 infeasible   62      3234.85724 3177.90539  1.76%  47.6 2310s
 163060 55598 3180.69608   43  552 3234.85724 3177.97354  1.76%  47.6 2316s
 163463 55747     cutoff   70      3234.85724 3178.00008  1.76%  47.7 2321s
 164120 55940 infeasible   65      3234.85724 3178.16281  1.75%  47.6 2325s
 164745 56156 3225.70233   70   11 3234.85724 3178.27988  1.75%  47.6 2330s
 165907 56396 3232.42039   73    9 3234.85724 3178.51899  1.74%  47.5 2336s
 166715 56607 3222.78060   84  106 3234.85724 3178.66434  1.74%  47.4 2341s
 167196 56765 3217.82152  103  138 3234.85724 3178.69859  1.74%  47.4 2345s
 167519 56869     cutoff   66      3234.85724 3178.76611  1.73%  47.3 2350s
 167828 56981 3203.12241   83  173 3234.85724 3178.81119  1.73%  47.3 2355s
 168393 57203 3189.91193   46  317 3234.85724 3178.92665  1.73%  47.3 2363s
 168722 57226 infeasible   68      3234.85724 3178.99379  1.73%  47.3 2365s
 169496 57377     cutoff   70      3234.85724 3179.08523  1.72%  47.3 2371s
 169994 57504 3190.74236   71  174 3234.85724 3179.21225  1.72%  47.3 2376s
 170500 57696 3182.00106   52  195 3234.85724 3179.32346  1.72%  47.2 2380s
 171249 57817     cutoff   56      3234.85724 3179.45855  1.71%  47.2 2385s
 171676 57966 3190.95939   44  483 3234.85724 3179.47435  1.71%  47.2 2390s
 172150 58055 infeasible   70      3234.85724 3179.61239  1.71%  47.3 2395s
 172790 58284     cutoff   68      3234.85724 3179.71480  1.70%  47.3 2400s
 173340 58364 3218.84936   47  611 3234.85724 3179.82594  1.70%  47.3 2405s
 173936 58646 3188.56576   78  277 3234.85724 3179.97871  1.70%  47.3 2410s
 174495 58776 3196.25968   65  381 3234.85724 3180.10360  1.69%  47.2 2415s
 175025 58877 3185.27046   84  224 3234.85724 3180.23316  1.69%  47.2 2420s
 175475 59027 infeasible   94      3234.85724 3180.32683  1.69%  47.2 2425s
 175823 59246     cutoff   75      3234.85724 3180.38224  1.68%  47.2 2432s
 176313 59373 infeasible   49      3234.85724 3180.47022  1.68%  47.1 2436s
 176787 59570 3186.80323   50  466 3234.85724 3180.53854  1.68%  47.1 2441s
 177385 59770 3227.32447   69    7 3234.85724 3180.66525  1.68%  47.1 2445s
 178129 59859 3200.12039  109  148 3234.85724 3180.85592  1.67%  47.0 2450s
 178976 60114 3192.12465   64  132 3234.85724 3181.02752  1.66%  46.9 2456s
 179667 60301 3222.67356   65  111 3234.85724 3181.15123  1.66%  46.9 2461s
 180418 60494 3186.80635   83  222 3234.85724 3181.29552  1.66%  46.9 2466s
 181066 60741 3228.34905   97  127 3234.85724 3181.37479  1.65%  46.8 2471s
 181900 60973 3216.71992   56   69 3234.85724 3181.51914  1.65%  46.8 2475s
 182309 60997     cutoff   72      3234.85724 3181.58705  1.65%  46.8 2481s
 182549 61107     cutoff   54      3234.85724 3181.66078  1.64%  46.8 2485s
 183066 61249 infeasible   60      3234.85724 3181.75210  1.64%  46.8 2493s
 183297 61335 3196.38124   51  515 3234.85724 3181.80283  1.64%  46.8 2495s
 184146 61635 3226.25147   70  100 3234.85724 3181.94606  1.64%  46.7 2500s
 185084 62017 3210.43883   71  174 3234.85724 3182.12510  1.63%  46.6 2506s
 185768 62271 3183.52420   57  455 3234.85724 3182.28994  1.63%  46.6 2510s
 186337 62421 3191.06484   53  390 3234.85724 3182.36853  1.62%  46.6 2515s
 187252 62690 3205.96211   62  488 3234.85724 3182.49881  1.62%  46.5 2520s
 187993 63010 3207.83951   83  136 3234.85724 3182.58676  1.62%  46.5 2525s
 188737 63176 infeasible   48      3234.85724 3182.69202  1.61%  46.5 2530s
 189335 63395 3191.21592   47  569 3234.85724 3182.79811  1.61%  46.4 2535s
 189513 63461 3212.30780   53  112 3234.85724 3182.80969  1.61%  46.5 2540s
 189900 63609 3195.06432   90  148 3234.85724 3182.87860  1.61%  46.4 2545s
 190487 63821 infeasible   90      3234.85724 3182.97760  1.60%  46.4 2552s
 191296 64054 3214.88640   71  150 3234.85724 3183.12094  1.60%  46.3 2556s
 192065 64383 3185.02102   52  399 3234.85724 3183.19980  1.60%  46.3 2561s
 192783 64649 3229.61560   96  139 3234.85724 3183.32451  1.59%  46.2 2565s
 193429 64860 3224.02712   57  111 3234.85724 3183.41050  1.59%  46.1 2571s
 193698 64897 3194.49611   73  162 3234.85724 3183.45975  1.59%  46.1 2575s
 194439 65279 3227.07023   86   42 3234.85724 3183.54919  1.59%  46.0 2580s
 195393 65725 infeasible   61      3234.85724 3183.66788  1.58%  45.9 2586s
 196141 65949 3221.32482   76  105 3234.85724 3183.77405  1.58%  45.8 2590s
 196952 66287 3190.89606   58  115 3234.85724 3183.93564  1.57%  45.8 2595s
 197722 66539     cutoff   74      3234.85724 3184.06822  1.57%  45.7 2604s
 197947 66637 3200.58993   62   29 3234.85724 3184.08851  1.57%  45.7 2606s
 198562 66804 3221.75246   63    7 3234.85724 3184.17374  1.57%  45.7 2610s
 199220 67002 3195.45393   52  434 3234.85724 3184.29289  1.56%  45.7 2615s
 199558 67064 3195.07723   59  369 3234.85724 3184.33440  1.56%  45.7 2620s
 200229 67451 infeasible   61      3234.85724 3184.41430  1.56%  45.7 2625s
 201218 67784 3204.90089   71  150 3234.85724 3184.52271  1.56%  45.6 2630s
 201892 68011 3225.99435   78   37 3234.85724 3184.59741  1.55%  45.5 2635s
 202775 68359 infeasible   73      3234.85724 3184.73335  1.55%  45.5 2641s
 203566 68620 3214.97295   79  155 3234.85724 3184.83664  1.55%  45.4 2645s
 204522 69026 3212.03467   65   26 3234.85724 3184.93419  1.54%  45.3 2651s
 205238 69233 3226.87720   73  179 3234.85724 3185.02315  1.54%  45.3 2659s
 205504 69356 infeasible   75      3234.85724 3185.07343  1.54%  45.2 2661s
 206259 69594 3188.49728   75  234 3234.85724 3185.15315  1.54%  45.2 2665s
 207206 69843 infeasible   60      3234.85724 3185.26495  1.53%  45.1 2670s
 208059 70213     cutoff   67      3234.85724 3185.35721  1.53%  45.1 2675s
 209082 70567 infeasible   65      3234.85724 3185.46454  1.53%  45.0 2680s
 209868 70807 infeasible   56      3234.85724 3185.56326  1.52%  45.0 2685s
 210325 70988 infeasible   63      3234.85724 3185.61594  1.52%  45.0 2690s
 211161 71235 3228.00620   62  253 3234.85724 3185.70914  1.52%  44.9 2695s
 212019 71594 3216.21028   79  139 3234.85724 3185.79139  1.52%  44.9 2700s
 212497 71852 3194.85355   68   78 3234.85724 3185.82345  1.52%  44.9 2707s
 213009 71956     cutoff   61      3234.85724 3185.85689  1.51%  44.8 2710s
 213755 72207 3226.81558   71   21 3234.85724 3185.96107  1.51%  44.8 2715s
 214649 72685     cutoff   77      3234.85724 3186.06614  1.51%  44.7 2720s
 215542 72981 3200.19035   71  173 3234.85724 3186.15430  1.51%  44.7 2726s
 216214 73118 3224.04934   68    9 3234.85724 3186.23514  1.50%  44.6 2731s
 216374 73178 3187.40523   65  226 3234.85724 3186.27201  1.50%  44.6 2736s
 216968 73412 3228.46864   59   48 3234.85724 3186.32543  1.50%  44.6 2740s
 217803 73660 infeasible   70      3234.85724 3186.46719  1.50%  44.6 2745s
 218452 73804 3195.52655   64   21 3234.85724 3186.54229  1.49%  44.6 2751s
 218969 73990 3233.26404   70   69 3234.85724 3186.58789  1.49%  44.5 2755s
 219894 74381 3218.29217   61  149 3234.85724 3186.69428  1.49%  44.5 2765s
 221029 74687 3206.78778   64  139 3234.85724 3186.78679  1.49%  44.4 2770s
 221557 74845 infeasible   49      3234.85724 3186.84454  1.48%  44.4 2775s
 221901 75032 3212.27774   55  348 3234.85724 3186.86945  1.48%  44.4 2780s
 222599 75316 3232.82138   70   66 3234.85724 3186.93365  1.48%  44.3 2785s
 223544 75708 3215.47401   89  204 3234.85724 3187.02239  1.48%  44.3 2790s
 224544 76059 3209.52927   82  197 3234.85724 3187.12569  1.48%  44.2 2796s
 225074 76246 3208.64623   75  123 3234.85724 3187.16999  1.47%  44.2 2800s
 226038 76590 3210.78027   49  397 3234.85724 3187.28133  1.47%  44.1 2806s
 226833 76856 3194.10183   61  431 3234.85724 3187.32148  1.47%  44.1 2811s
 227148 77088     cutoff   93      3234.85724 3187.34820  1.47%  44.1 2817s
 227903 77250 infeasible   79      3234.85724 3187.42507  1.47%  44.0 2821s
 228698 77541 3225.93840   72    7 3234.85724 3187.51121  1.46%  44.0 2825s
 229326 77780 3227.74038   76  277 3234.85724 3187.55674  1.46%  43.9 2830s
 229832 78005 infeasible   50      3234.85724 3187.60165  1.46%  43.9 2835s
 230606 78330 3213.14136   67  190 3234.85724 3187.70275  1.46%  43.9 2840s
 231422 78612 3196.45782   51   33 3234.85724 3187.76556  1.46%  43.9 2845s
 232178 79014 3189.41322   81  247 3234.85724 3187.85158  1.45%  43.8 2851s
 233089 79323 3231.86270   84  200 3234.85724 3187.93162  1.45%  43.8 2855s
 234056 79668 3197.16920   70  113 3234.85724 3188.05532  1.45%  43.7 2860s
 234466 79970 3223.89300   83  151 3234.85724 3188.08446  1.45%  43.7 2867s
 235217 80160 3216.28980   71  125 3234.85724 3188.15023  1.44%  43.6 2870s
 236047 80496 3218.59969   77  162 3234.85724 3188.23473  1.44%  43.5 2875s
 236820 80788 3222.98166   83   42 3234.85724 3188.28158  1.44%  43.5 2880s
 237406 81007 3197.68002   57  216 3234.85724 3188.33204  1.44%  43.5 2885s
 238119 81177 3197.51281   63  334 3234.85724 3188.41401  1.44%  43.4 2890s
 238511 81297 3195.29574   77  153 3234.85724 3188.42622  1.44%  43.4 2895s
 238684 81402 infeasible   69      3234.85724 3188.45540  1.43%  43.4 2900s
 238956 81513 3228.49322   76   33 3234.85724 3188.48574  1.43%  43.4 2905s
 239279 81613     cutoff   80      3234.85724 3188.51228  1.43%  43.4 2911s
 239452 81682 infeasible   77      3234.85724 3188.53605  1.43%  43.4 2915s
 239669 81775 infeasible   52      3234.85724 3188.55184  1.43%  43.4 2920s
 239864 81874     cutoff  114      3234.85724 3188.57153  1.43%  43.4 2928s
 239990 81891 3228.36757   76  129 3234.85724 3188.58005  1.43%  43.3 2930s
 240186 81958 3196.90087   47  487 3234.85724 3188.59279  1.43%  43.3 2935s
 240331 81992 infeasible   51      3234.85724 3188.62904  1.43%  43.3 2941s
 240510 82099 3224.00725   58    9 3234.85724 3188.65405  1.43%  43.3 2945s
 241357 82585 3193.41880   58  420 3234.85724 3188.73348  1.43%  43.3 2951s
 241805 82690 3230.90567   72    6 3234.85724 3188.77418  1.42%  43.3 2956s
 242681 83023 3198.00071   71  138 3234.85724 3188.83494  1.42%  43.2 2960s
 243413 83254 3212.09648   75  148 3234.85724 3188.89992  1.42%  43.2 2965s
 244024 83522 3227.29686   97  158 3234.85724 3188.98089  1.42%  43.1 2970s
 245055 83979 3213.59193   77  155 3234.85724 3189.06341  1.42%  43.1 2976s
 245930 84165 3208.03449   47  287 3234.85724 3189.15728  1.41%  43.0 2981s
 246450 84426 3199.85169   55   66 3234.85724 3189.22006  1.41%  43.0 2985s
 247446 84754 3213.29357   74  145 3234.85724 3189.32721  1.41%  43.0 2990s
 248254 85141 3218.49653   77  152 3234.85724 3189.40026  1.41%  42.9 2996s
 249024 85368 3228.31676   72  214 3234.85724 3189.47661  1.40%  42.9 3003s
 249248 85589 3228.50876   68   66 3234.85724 3189.50018  1.40%  42.9 3005s
 250059 85809 3229.21641   82  132 3234.85724 3189.56809  1.40%  42.8 3010s
 251363 86203 infeasible   88      3234.85724 3189.67458  1.40%  42.7 3015s
 252113 86419 3201.32409   48  530 3234.85724 3189.72496  1.40%  42.7 3020s
 252890 86724 3200.70643   78  106 3234.85724 3189.81310  1.39%  42.7 3025s
 253754 87145     cutoff  111      3234.85724 3189.87889  1.39%  42.6 3030s
 254964 87460 infeasible   50      3234.85724 3189.99583  1.39%  42.6 3035s
 255848 87907 infeasible   59      3234.85724 3190.09544  1.38%  42.5 3040s
 256281 88145 3200.10130   86   62 3234.85724 3190.12871  1.38%  42.5 3047s
 257010 88269 3232.43587   74  430 3234.85724 3190.16310  1.38%  42.4 3051s
 257570 88491 3213.39431  100  150 3234.85724 3190.26989  1.38%  42.4 3055s
 258396 88790 infeasible   51      3234.85724 3190.31601  1.38%  42.4 3060s
 259227 89104 infeasible   64      3234.85724 3190.37691  1.38%  42.3 3066s
 259835 89314 3191.85056   66  232 3234.85724 3190.41596  1.37%  42.3 3070s
 260779 89680 3210.28011   56  301 3234.85724 3190.49036  1.37%  42.2 3075s
 261441 89978 3232.65910   72  192 3234.85724 3190.56252  1.37%  42.2 3080s
 262656 90416 3226.16760   82  117 3234.85724 3190.65422  1.37%  42.1 3086s
 263319 90520 3220.99761   85  180 3234.85724 3190.70759  1.36%  42.1 3091s
 263552 90602 3220.87247   56  130 3234.85724 3190.73247  1.36%  42.1 3096s
 264300 90865 3220.67982   85  166 3234.85724 3190.80334  1.36%  42.1 3101s
 265025 91017     cutoff   97      3234.85724 3190.84459  1.36%  42.1 3105s
 265508 91282 infeasible   66      3234.85724 3190.89347  1.36%  42.1 3110s
 266577 91557 3231.56119   63   53 3234.85724 3190.98326  1.36%  42.0 3115s
 267273 91760 3223.86626   67   50 3234.85724 3191.05006  1.35%  42.0 3120s
 268277 92085 3223.06124   77   25 3234.85724 3191.14310  1.35%  42.0 3125s
 269263 92353 3215.10750   59  179 3234.85724 3191.24019  1.35%  41.9 3130s
 270286 92664 infeasible   63      3234.85724 3191.30412  1.35%  41.8 3135s
 270741 92777 3227.81795   74   10 3234.85724 3191.33073  1.35%  41.8 3141s
 270782 92786 infeasible   71      3234.85724 3191.33189  1.35%  41.8 3151s
 270796 93044 3215.32607   75  262 3234.85724 3191.33584  1.35%  41.8 3180s
 271797 93067 infeasible  102      3234.85724 3191.33879  1.35%  41.8 3186s
 271962 93099 3208.30605   69  374 3234.85724 3191.33879  1.35%  41.8 3193s
 272024 93112     cutoff   59      3234.85724 3191.34288  1.35%  41.8 3199s
 272160 93135 infeasible   58      3234.85724 3191.39461  1.34%  41.8 3206s
 272298 93424 3221.01130   56  144 3234.85724 3191.41098  1.34%  41.8 3213s
 273195 93735 3221.82305   65  147 3234.85724 3191.48258  1.34%  41.8 3217s
 274223 93883 3221.21759   83  106 3234.85724 3191.52470  1.34%  41.7 3220s
 275425 94172     cutoff   82      3234.85724 3191.62692  1.34%  41.7 3225s
 276504 94717 3197.85194   75  120 3234.85724 3191.69973  1.33%  41.6 3231s
 277542 94990 3222.15062   62  104 3234.85724 3191.80301  1.33%  41.6 3236s
 278290 95132 infeasible   92      3234.85724 3191.85313  1.33%  41.5 3243s
 278347 95670 3229.88490   64  270 3234.85724 3191.86184  1.33%  41.6 3250s
 280671 95999 3221.82535   54   11 3234.85724 3192.01531  1.32%  41.4 3256s
 280998 96223 3220.67198   90  103 3234.85724 3192.03269  1.32%  41.4 3260s
 282247 96667 3221.39084   75  262 3234.85724 3192.10083  1.32%  41.4 3265s
 283060 96952 3227.84060   70  269 3234.85724 3192.16273  1.32%  41.3 3270s
 283768 97163 3200.64431   53  388 3234.85724 3192.20954  1.32%  41.3 3275s
 284924 97559 3225.65218   75  207 3234.85724 3192.29446  1.32%  41.3 3281s
 285617 97918 3194.02072   63  563 3234.85724 3192.36167  1.31%  41.2 3288s
 286113 98023 3203.30918   61  402 3234.85724 3192.39934  1.31%  41.2 3290s
 286916 98383 3211.73283   52  329 3234.85724 3192.45257  1.31%  41.2 3295s
 288103 98809 3220.99756   83  281 3234.85724 3192.50867  1.31%  41.1 3301s
 288810 99080     cutoff   63      3234.85724 3192.54955  1.31%  41.1 3305s
 289717 99484     cutoff   60      3234.85724 3192.62245  1.31%  41.1 3310s
 290580 99747 infeasible   67      3234.85724 3192.68976  1.30%  41.0 3315s
 291543 100006 3224.18972   88  181 3234.85724 3192.76137  1.30%  41.0 3320s
 292329 100241 infeasible  104      3234.85724 3192.81400  1.30%  41.0 3325s
 293051 100519 3210.61057   58  289 3234.85724 3192.85865  1.30%  41.0 3333s
 293638 100667 3221.88129  106  155 3234.85724 3192.90541  1.30%  41.0 3335s
 294431 100934 3215.92700   66  245 3234.85724 3192.95720  1.30%  41.0 3340s
 295282 101169 3223.87427   86  143 3234.85724 3193.01409  1.29%  40.9 3345s
 296159 101537 3230.18569   72  401 3234.85724 3193.05257  1.29%  40.9 3350s
 297020 101859 3216.35576   62  130 3234.85724 3193.10832  1.29%  40.9 3355s
 298063 102196 3218.54048   77   45 3234.85724 3193.17785  1.29%  40.8 3360s
 298966 102452 infeasible   78      3234.85724 3193.23641  1.29%  40.8 3365s
 299646 102721 infeasible   77      3234.85724 3193.29194  1.28%  40.8 3370s
 300409 102916 infeasible   68      3234.85724 3193.32626  1.28%  40.8 3377s
 301011 103134 infeasible   59      3234.85724 3193.35964  1.28%  40.8 3380s
 302085 103471 infeasible   64      3234.85724 3193.44452  1.28%  40.7 3385s
 303218 103900 3210.61748   79  156 3234.85724 3193.52107  1.28%  40.7 3390s
 304480 104299 3225.32990   79  263 3234.85724 3193.59715  1.28%  40.6 3395s
 305194 104484     cutoff   66      3234.85724 3193.67528  1.27%  40.6 3400s
 306260 104795 infeasible   91      3234.85724 3193.74879  1.27%  40.6 3405s
 306936 105051 3223.53206   57   14 3234.85724 3193.79339  1.27%  40.6 3410s
 307680 105314 3223.99785   52   15 3234.85724 3193.83795  1.27%  40.6 3418s
 308301 105454 infeasible   97      3234.85724 3193.88096  1.27%  40.5 3420s
 309156 105798 3222.73054   86  112 3234.85724 3193.94110  1.26%  40.5 3425s
 309797 106042 3201.72057   65  332 3234.85724 3193.97304  1.26%  40.5 3430s
 310666 106374 3220.31572   71  338 3234.85724 3194.02000  1.26%  40.5 3435s
 311854 106690 3223.88567   54   24 3234.85724 3194.08033  1.26%  40.4 3440s
 312639 106937     cutoff   62      3234.85724 3194.15394  1.26%  40.4 3445s
 313443 107255 3230.81159   96  220 3234.85724 3194.21041  1.26%  40.4 3450s
 314538 107576 3228.02431   94   11 3234.85724 3194.29361  1.25%  40.3 3456s
 315031 107726 3213.67269   88  105 3234.85724 3194.32087  1.25%  40.3 3463s
 315278 107841 infeasible  112      3234.85724 3194.32761  1.25%  40.3 3465s
 316490 108117     cutoff   66      3234.85724 3194.40073  1.25%  40.3 3470s
 317434 108375 3203.87254   83  132 3234.85724 3194.46802  1.25%  40.2 3475s
 318349 108677 infeasible   73      3234.85724 3194.54116  1.25%  40.2 3480s
 319219 108951 infeasible   74      3234.85724 3194.60656  1.24%  40.2 3485s
 319979 109254 3208.53074   67   98 3234.85724 3194.64578  1.24%  40.2 3490s
 321057 109574 3223.11331   69   24 3234.85724 3194.71730  1.24%  40.1 3495s
 321979 109835     cutoff   66      3234.85724 3194.77780  1.24%  40.1 3501s
 322279 109887 infeasible   59      3234.85724 3194.81078  1.24%  40.1 3507s
 322747 110043 3225.44185   57   36 3234.85724 3194.84871  1.24%  40.1 3510s
 323737 110400     cutoff   85      3234.85724 3194.89349  1.24%  40.1 3515s
 324637 110714 3224.53817   68    8 3234.85724 3194.94613  1.23%  40.1 3520s
 325507 110981 3221.96637   82   56 3234.85724 3195.02395  1.23%  40.0 3525s
 326013 111200 infeasible   65      3234.85724 3195.04817  1.23%  40.0 3531s
 327034 111629     cutoff   92      3234.85724 3195.07114  1.23%  40.0 3536s
 328007 111974 3208.13702   59  368 3234.85724 3195.13516  1.23%  39.9 3541s
 328961 112238 3222.79378   77  100 3234.85724 3195.19783  1.23%  39.9 3545s
 329733 112476 3228.68365   78    6 3234.85724 3195.23595  1.22%  39.9 3553s
 330411 112685 3196.66572   75  154 3234.85724 3195.27514  1.22%  39.8 3555s
 331295 113054 3219.72524  100  109 3234.85724 3195.35391  1.22%  39.8 3560s
 332117 113319 infeasible   84      3234.85724 3195.39155  1.22%  39.8 3565s
 333199 113644 3228.40903   85   88 3234.85724 3195.44747  1.22%  39.8 3570s
 334304 114225 3202.31434   56  430 3234.85724 3195.48291  1.22%  39.7 3575s
 335532 114680     cutoff   78      3234.85724 3195.53843  1.22%  39.6 3580s
 336482 115086 3198.67750   55  424 3234.85724 3195.58118  1.21%  39.6 3585s
 337115 115332 3221.68215   81  104 3234.85724 3195.62490  1.21%  39.6 3592s
 337700 115516 3211.10969   62  321 3234.85724 3195.64415  1.21%  39.5 3595s
 338624 115837 3225.41089   76   26 3234.85724 3195.70006  1.21%  39.5 3600s
 339322 116053 3230.70673   78   99 3234.85724 3195.73355  1.21%  39.5 3605s
 339754 116339 3228.57841   67  242 3234.85724 3195.75682  1.21%  39.5 3610s
 341101 116745     cutoff   67      3234.85724 3195.83630  1.21%  39.4 3615s
 342155 117052 3225.45957   66   97 3234.85724 3195.91965  1.20%  39.4 3620s
 343226 117533     cutoff   81      3234.85724 3195.97692  1.20%  39.3 3625s
 344324 117845     cutoff   69      3234.85724 3196.01873  1.20%  39.3 3630s
 344410 118014 3223.22819   85  301 3234.85724 3196.01882  1.20%  39.3 3635s
 345523 118356 3220.75366   53  108 3234.85724 3196.06979  1.20%  39.3 3640s
 346426 118705 3197.12278   61  131 3234.85724 3196.11286  1.20%  39.2 3645s
 347064 118842 3213.28985   87  157 3234.85724 3196.13556  1.20%  39.2 3650s
 348050 119183 infeasible   78      3234.85724 3196.19293  1.20%  39.2 3656s
 349037 119456 3224.04323   82  108 3234.85724 3196.23255  1.19%  39.1 3660s
 349752 119745 3225.07069   85   95 3234.85724 3196.27586  1.19%  39.1 3665s
 350829 120109 3210.45410   62  339 3234.85724 3196.33731  1.19%  39.1 3670s
 351755 120411 3218.03226   67  161 3234.85724 3196.39678  1.19%  39.0 3679s
 351993 120447 3201.35610   51  629 3234.85724 3196.39996  1.19%  39.0 3680s
 352669 120697 3223.66049   64  162 3234.85724 3196.43772  1.19%  39.0 3686s
 353355 120865 3206.23085   46  325 3234.85724 3196.47537  1.19%  39.0 3691s
 354065 121184 3197.63431   64  348 3234.85724 3196.51880  1.19%  39.0 3695s
 355169 121459 infeasible   64      3234.85724 3196.58101  1.18%  39.0 3700s
 356038 121712 3234.14470   89  143 3234.85724 3196.63141  1.18%  39.0 3705s
 357039 122181 3224.91877   76  119 3234.85724 3196.66241  1.18%  38.9 3710s
 358301 122551 3229.95678   81  119 3234.85724 3196.71731  1.18%  38.9 3716s
 359167 122875 infeasible  100      3234.85724 3196.76501  1.18%  38.8 3724s
 359304 123122 3218.64567   83  206 3234.85724 3196.76761  1.18%  38.8 3726s
 360316 123389 infeasible   63      3234.85724 3196.80329  1.18%  38.8 3730s
 361195 123599 infeasible   63      3234.85724 3196.83491  1.18%  38.8 3735s
 361997 123912 3227.20170   84   68 3234.85724 3196.86521  1.17%  38.8 3740s
 363253 124351 infeasible   75      3234.85724 3196.90864  1.17%  38.7 3745s
 364368 124695 3200.23268   92  184 3234.85724 3196.96173  1.17%  38.7 3750s
 365171 124869 3228.90530   71  178 3234.85724 3197.00188  1.17%  38.7 3755s
 366128 125271 3209.88047   78  288 3234.85724 3197.03203  1.17%  38.6 3760s
 366417 125422 3203.08194   70  113 3234.85724 3197.04126  1.17%  38.6 3766s
 367378 125638 3226.57541   62   85 3234.85724 3197.09515  1.17%  38.6 3770s
 368502 125909 3216.90756   67  136 3234.85724 3197.14850  1.17%  38.6 3775s
 369497 126298 3227.63181   61   36 3234.85724 3197.19627  1.16%  38.5 3780s
 370657 126643 3226.38906   96  106 3234.85724 3197.24583  1.16%  38.5 3785s
 371711 127126 3225.16791   74  144 3234.85724 3197.28083  1.16%  38.4 3790s
 372906 127538     cutoff   71      3234.85724 3197.32161  1.16%  38.4 3795s
 373785 127862 3228.62937   79   64 3234.85724 3197.35222  1.16%  38.4 3802s
 374338 128019 3219.93954   74   91 3234.85724 3197.37739  1.16%  38.4 3806s
 374893 128209 3229.52854   75  158 3234.85724 3197.40668  1.16%  38.4 3810s
 375632 128422 3203.29131   51  424 3234.85724 3197.43106  1.16%  38.4 3815s
 376666 128755 3220.96769   82  123 3234.85724 3197.48750  1.16%  38.3 3820s
 377644 129051     cutoff   78      3234.85724 3197.53769  1.15%  38.3 3825s
 378510 129351 3226.74066   73   95 3234.85724 3197.58285  1.15%  38.3 3830s
 379613 129692 3208.09071   50   88 3234.85724 3197.64874  1.15%  38.2 3835s
 380547 130057 3221.35645   63  137 3234.85724 3197.67760  1.15%  38.2 3840s
 381043 130281 3205.26399   65  316 3234.85724 3197.69083  1.15%  38.2 3847s
 381793 130541 3226.57601  102  153 3234.85724 3197.72097  1.15%  38.2 3850s
 383044 131036 infeasible   96      3234.85724 3197.76827  1.15%  38.1 3855s
 384163 131365 3222.48242   58    6 3234.85724 3197.81399  1.15%  38.1 3860s
 385402 131766 3224.84098   85  104 3234.85724 3197.85715  1.14%  38.0 3865s
 386225 132093 3220.16309   89  214 3234.85724 3197.89721  1.14%  38.0 3870s
 387056 132392     cutoff   75      3234.85724 3197.92869  1.14%  38.0 3875s
 388027 132666 3230.75718   65  228 3234.85724 3197.96834  1.14%  38.0 3880s
 388423 132838 3225.30049   95   94 3234.85724 3197.98567  1.14%  38.0 3886s
 389331 133159 infeasible   91      3234.85724 3198.02344  1.14%  37.9 3891s
 390334 133531 3221.23952   62  118 3234.85724 3198.07127  1.14%  37.9 3895s
 391300 133962 3222.75327   60  170 3234.85724 3198.10650  1.14%  37.9 3900s
 392352 134296 infeasible   91      3234.85724 3198.15448  1.13%  37.8 3905s
 393196 134637     cutoff   76      3234.85724 3198.19363  1.13%  37.8 3910s
 394097 134975 3224.74217   84  151 3234.85724 3198.22245  1.13%  37.8 3915s
 395372 135515     cutoff   91      3234.85724 3198.26930  1.13%  37.7 3920s
 395658 135611 3227.33420   85   60 3234.85724 3198.27521  1.13%  37.7 3925s
 396490 135904 3220.89972   77  104 3234.85724 3198.32410  1.13%  37.7 3930s
 397545 136272 3224.79442  104  154 3234.85724 3198.38638  1.13%  37.7 3935s
 398285 136482 3221.62987   83  110 3234.85724 3198.41892  1.13%  37.7 3940s
 399287 136798 3226.13355   83   37 3234.85724 3198.45106  1.13%  37.6 3945s
 400394 137370     cutoff   91      3234.85724 3198.49037  1.12%  37.6 3950s
 401562 137706 3205.60895   53  420 3234.85724 3198.54232  1.12%  37.6 3955s
 402488 138071 infeasible   60      3234.85724 3198.57793  1.12%  37.5 3960s
 402901 138208 3210.31148   70  318 3234.85724 3198.59583  1.12%  37.5 3967s
 403394 138379 infeasible   90      3234.85724 3198.60776  1.12%  37.5 3970s
 404408 138757     cutoff   80      3234.85724 3198.64913  1.12%  37.5 3975s
 405398 138998 infeasible   73      3234.85724 3198.69784  1.12%  37.5 3980s
 406285 139422 3201.19414   70  314 3234.85724 3198.73417  1.12%  37.5 3985s
 407031 139726 3207.31982   59  306 3234.85724 3198.77185  1.12%  37.5 3990s
 407857 139860 3221.05264  110  399 3234.85724 3198.80424  1.11%  37.4 3995s
 408540 140048 3226.38508   76  279 3234.85724 3198.83440  1.11%  37.4 4000s
 409436 140358 3231.77894   86  199 3234.85724 3198.89181  1.11%  37.4 4005s
 410276 140675 infeasible   80      3234.85724 3198.93473  1.11%  37.4 4013s
 410833 140802     cutoff   84      3234.85724 3198.95318  1.11%  37.4 4015s
 411812 141127 3209.24446   56  427 3234.85724 3198.99494  1.11%  37.3 4020s
 412526 141383     cutoff   81      3234.85724 3199.02045  1.11%  37.3 4025s
 413413 141658 3226.58321   67  159 3234.85724 3199.05353  1.11%  37.3 4030s
 414626 142039 3221.76123   81  235 3234.85724 3199.09630  1.11%  37.3 4035s
 415683 142452 3229.27403   77   40 3234.85724 3199.15303  1.10%  37.2 4040s
 416717 142725 3217.03158   59  158 3234.85724 3199.19623  1.10%  37.2 4045s
 417586 143118 infeasible   84      3234.85724 3199.21963  1.10%  37.2 4053s
 417839 143276 infeasible   67      3234.85724 3199.22928  1.10%  37.2 4055s
 419126 143736 3223.22421   80   56 3234.85724 3199.30142  1.10%  37.1 4060s
 420216 144051 3226.37061   72  165 3234.85724 3199.35340  1.10%  37.1 4065s
 421156 144288 3231.52894   62   24 3234.85724 3199.40482  1.10%  37.1 4070s
 422029 144606 infeasible   83      3234.85724 3199.44403  1.09%  37.1 4075s
 422854 144801     cutoff   88      3234.85724 3199.48063  1.09%  37.1 4080s
 423824 145210 3234.77638   92  109 3234.85724 3199.53306  1.09%  37.1 4085s
 424531 145636 3233.89030   88  126 3234.85724 3199.56281  1.09%  37.0 4090s
 425063 145862 3216.96089   74   48 3234.85724 3199.57748  1.09%  37.0 4096s
 426275 146285 3221.99228   95  172 3234.85724 3199.62334  1.09%  37.0 4101s
 426930 146506 3221.19736   79  107 3234.85724 3199.64568  1.09%  37.0 4105s
 427811 146723 infeasible   54      3234.85724 3199.68186  1.09%  36.9 4110s
 428655 147148 3232.05838   64  375 3234.85724 3199.72205  1.09%  36.9 4115s
 429747 147438 3227.14272   83   54 3234.85724 3199.76568  1.08%  36.9 4120s
 430827 147762 3224.63403   87   44 3234.85724 3199.81264  1.08%  36.9 4125s
 431794 148054 3225.87355   70  172 3234.85724 3199.86716  1.08%  36.8 4130s
 432191 148184 3228.45820   89  282 3234.85724 3199.88413  1.08%  36.8 4136s
 432963 148486 3212.77006   52   51 3234.85724 3199.91273  1.08%  36.8 4140s
 434097 148818 infeasible   88      3234.85724 3199.96234  1.08%  36.8 4145s
 434852 149125     cutoff   77      3234.85724 3200.00030  1.08%  36.8 4150s
 435422 149226 3228.88831   56   97 3234.85724 3200.03268  1.08%  36.8 4155s
 435500 149251 3221.16414   93  116 3234.85724 3200.03706  1.08%  36.8 4160s
 436210 149582 3224.58725   57  144 3234.85724 3200.06562  1.08%  36.7 4165s
 437173 149945 3226.89824   73  138 3234.85724 3200.10224  1.07%  36.7 4170s
 438313 150292 3216.96634   76  121 3234.85724 3200.14754  1.07%  36.7 4175s
 439014 150491 infeasible   73      3234.85724 3200.17888  1.07%  36.7 4180s
 439483 150667 3221.95476   87  151 3234.85724 3200.19560  1.07%  36.7 4187s
 439742 150799 3232.20269   87   64 3234.85724 3200.19722  1.07%  36.7 4192s
 440767 151019 3203.11503   78  217 3234.85724 3200.26133  1.07%  36.6 4196s
 441617 151274 infeasible   64      3234.85724 3200.29767  1.07%  36.6 4200s
 442301 151484 infeasible   55      3234.85724 3200.31989  1.07%  36.6 4205s
 443116 151834 3200.65520   73  197 3234.85724 3200.34301  1.07%  36.6 4210s
 444038 152193     cutoff   84      3234.85724 3200.37701  1.07%  36.6 4215s
 445351 152567 3231.08151   64  110 3234.85724 3200.43729  1.06%  36.6 4220s
 446140 152908 3207.70635   77  192 3234.85724 3200.48418  1.06%  36.5 4225s
 446827 153090 3230.30402   65  124 3234.85724 3200.52487  1.06%  36.5 4232s
 447221 153230 3207.36355   63  226 3234.85724 3200.52724  1.06%  36.5 4236s
 448166 153618 3232.55483  102  111 3234.85724 3200.58318  1.06%  36.5 4240s
 449130 153943 3212.63932   93  106 3234.85724 3200.61638  1.06%  36.5 4245s
 450312 154322 3211.50845   62  295 3234.85724 3200.66495  1.06%  36.4 4250s
 451057 154578 3221.98434   89  118 3234.85724 3200.70277  1.06%  36.4 4255s
 451892 154901 3224.54994   87   65 3234.85724 3200.73664  1.05%  36.4 4260s
 452875 155338 3226.32043   63  141 3234.85724 3200.78135  1.05%  36.4 4265s
 453718 155596 3200.97658   56  220 3234.85724 3200.81859  1.05%  36.4 4270s
 454084 155670 infeasible   86      3234.85724 3200.83341  1.05%  36.4 4275s
 455219 156070 3221.80505   86   97 3234.85724 3200.87703  1.05%  36.3 4280s
 456110 156301 3228.61617   78  113 3234.85724 3200.91872  1.05%  36.3 4285s
 456366 156448 infeasible   87      3234.85724 3200.92605  1.05%  36.3 4290s
 457195 156796 3200.99203   64  166 3234.85724 3200.96548  1.05%  36.3 4295s
 458019 157036 3230.87913  116  187 3234.85724 3200.98850  1.05%  36.3 4300s
 459215 157465 infeasible   77      3234.85724 3201.03663  1.05%  36.2 4305s
 460194 157836 3227.72215   83  140 3234.85724 3201.07508  1.04%  36.2 4310s
 461140 158079 3228.76912   82  111 3234.85724 3201.11027  1.04%  36.2 4315s
 461352 158160 infeasible   58      3234.85724 3201.12114  1.04%  36.2 4320s
 462407 158437 3208.56580   59  385 3234.85724 3201.16576  1.04%  36.2 4325s
 462776 158616 3203.67228   59  371 3234.85724 3201.16668  1.04%  36.2 4330s
 463486 158913 3211.30808   68  131 3234.85724 3201.21433  1.04%  36.2 4336s
 464592 159274 3223.64228   60  245 3234.85724 3201.26542  1.04%  36.1 4341s
 465568 159647 3213.61808   76  284 3234.85724 3201.29502  1.04%  36.1 4345s
 466320 159923 3231.71445   60   65 3234.85724 3201.31717  1.04%  36.1 4350s
 467210 160130 3228.28270   71   20 3234.85724 3201.34384  1.04%  36.1 4355s
 467717 160264 3231.57008   68   20 3234.85724 3201.36484  1.04%  36.1 4360s
 468408 160500 3225.25935   96  141 3234.85724 3201.40430  1.03%  36.1 4366s
 468567 160598 3212.35163   57  404 3234.85724 3201.41534  1.03%  36.1 4371s
 469458 160952 3227.92650   72  169 3234.85724 3201.44553  1.03%  36.1 4376s
 469912 160976 infeasible   77      3234.85724 3201.46930  1.03%  36.1 4382s
 469924 160978 3208.23315   55  300 3234.85724 3201.47160  1.03%  36.1 4385s
 469932 160977 3208.93506   58  299 3234.85724 3201.47160  1.03%  36.1 4391s
 469940 160981 3215.93222   57  274 3234.85724 3201.47260  1.03%  36.1 4396s
 469946 160986 3230.80343   58  134 3234.85724 3201.47260  1.03%  36.1 4400s
 469952 160990 3231.19569   61  134 3234.85724 3201.47260  1.03%  36.1 4405s
 469960 160994 3232.79962   65  131 3234.85724 3201.47260  1.03%  36.1 4411s
 469967 161000 3232.79962   68  127 3234.85724 3201.47260  1.03%  36.1 4416s
 469973 161001     cutoff   71      3234.85724 3201.47355  1.03%  36.1 4420s
 469984 161008 3222.44348   85  121 3234.85724 3201.47355  1.03%  36.1 4425s
 470097 161042 infeasible   75      3234.85724 3201.47802  1.03%  36.1 4430s
 470345 161118 3226.63641   82  104 3234.85724 3201.49576  1.03%  36.1 4436s
 470530 161118     cutoff  101      3234.85724 3201.50861  1.03%  36.1 4442s
 470559 161146     cutoff   53      3234.85724 3201.50861  1.03%  36.1 4445s
 470642 161167 3206.40816   57  407 3234.85724 3201.51521  1.03%  36.1 4450s
 471584 161708     cutoff   65      3234.85724 3201.56532  1.03%  36.0 4456s
 472236 161916 3217.25260   50  379 3234.85724 3201.58524  1.03%  36.0 4460s
 473298 162220 3203.20317   91  285 3234.85724 3201.62662  1.03%  36.0 4465s
 474348 162569 infeasible   76      3234.85724 3201.66013  1.03%  36.0 4470s
 475399 162866 3234.76701   70   23 3234.85724 3201.69234  1.03%  36.0 4476s
 475955 163116 infeasible   84      3234.85724 3201.71254  1.02%  35.9 4482s
 476601 163288 3205.65100   46  481 3234.85724 3201.73607  1.02%  35.9 4485s
 477309 163617 3223.58970   72  218 3234.85724 3201.75990  1.02%  35.9 4490s
 478260 163891 3208.28480   63  357 3234.85724 3201.80635  1.02%  35.9 4495s
 479045 164135 infeasible   87      3234.85724 3201.84459  1.02%  35.9 4500s
 479886 164391 3211.76864   83  130 3234.85724 3201.90392  1.02%  35.9 4505s
 480851 164762 infeasible   98      3234.85724 3201.93519  1.02%  35.8 4510s
 481803 165101 3209.04869   76  262 3234.85724 3201.98282  1.02%  35.8 4515s
 482637 165396 3204.13962   69  283 3234.85724 3202.02250  1.02%  35.8 4520s
 483492 165701 3223.93478   67  115 3234.85724 3202.04244  1.01%  35.8 4527s
 484174 165912 3232.13411   79  171 3234.85724 3202.07236  1.01%  35.8 4530s
 485005 166127 3202.44859   61  174 3234.85724 3202.10069  1.01%  35.8 4535s
 485832 166349 3233.83684   60  315 3234.85724 3202.14013  1.01%  35.8 4540s
 486751 166814 3225.41876   52  233 3234.85724 3202.17580  1.01%  35.7 4546s
 487675 167131 infeasible  111      3234.85724 3202.21443  1.01%  35.7 4550s
 488510 167350 3220.16875   67  246 3234.85724 3202.25006  1.01%  35.7 4555s
 489601 167630 infeasible   72      3234.85724 3202.29354  1.01%  35.7 4561s
 490609 167911 3214.80821   67  266 3234.85724 3202.33406  1.01%  35.7 4565s
 490970 168059 3204.96521   71  245 3234.85724 3202.34869  1.00%  35.7 4571s
 490972 168720 3202.92676   71  294 3234.85724 3202.35062  1.00%  35.7 4584s
 492972 168811 3214.39514   74  298 3234.85724 3202.39239  1.00%  35.6 4585s
 493858 169083 3224.70819   77  166 3234.85724 3202.43108  1.00%  35.6 4591s
 494665 169410 3206.48325   66  280 3234.85724 3202.45839  1.00%  35.6 4595s
 495673 169828 infeasible   88      3234.85724 3202.48369  1.00%  35.6 4600s
 496647 170093 3225.48316   85  158 3234.85724 3202.52826  1.00%  35.6 4605s
 497840 170405 3229.43082   87  102 3234.85724 3202.57774  1.00%  35.6 4610s
 498353 170554 3204.23651   64  265 3234.85724 3202.59756  1.00%  35.5 4616s
 499010 170748 3211.82598   63   81 3234.85724 3202.63100  1.00%  35.5 4620s
 500005 171130 3224.51150  102   52 3234.85724 3202.66059  1.00%  35.5 4625s
 501190 171550     cutoff  101      3234.85724 3202.69981  0.99%  35.5 4630s
 501823 171830 3226.94042   55  194 3234.85724 3202.71616  0.99%  35.5 4635s
 502827 172249 3213.67273   58  470 3234.85724 3202.74574  0.99%  35.5 4640s
 503595 172606 3228.22517   77  167 3234.85724 3202.76736  0.99%  35.5 4645s
 504504 172915 3225.59545   76  178 3234.85724 3202.80104  0.99%  35.4 4650s
 505382 173226 3211.65396   73  288 3234.85724 3202.83999  0.99%  35.4 4655s
 505568 173349     cutoff   75      3234.85724 3202.84611  0.99%  35.4 4660s
 506254 173520 3226.33199   79  202 3234.85724 3202.86930  0.99%  35.4 4665s
 507317 173829 3222.96041   88  133 3234.85724 3202.92342  0.99%  35.4 4671s
 508004 174059 3222.26430   73  228 3234.85724 3202.95255  0.99%  35.4 4675s
 508758 174356 3211.26059   62  186 3234.85724 3202.98459  0.99%  35.4 4680s
 509575 174583 3229.29728   68   99 3234.85724 3203.01816  0.98%  35.4 4685s
 510653 174911     cutoff   72      3234.85724 3203.06817  0.98%  35.4 4691s
 511645 175243 infeasible   81      3234.85724 3203.11026  0.98%  35.3 4695s
 512589 175550 3226.20374   64  173 3234.85724 3203.14072  0.98%  35.3 4700s
 512895 175583 3228.66169   71  172 3234.85724 3203.15161  0.98%  35.3 4705s
 513513 175828 3228.38445   74  152 3234.85724 3203.17405  0.98%  35.3 4710s
 514573 176131 3204.67116   66  217 3234.85724 3203.21017  0.98%  35.3 4715s
 515390 176410 3209.04889   69  282 3234.85724 3203.25087  0.98%  35.3 4720s
 516346 176718 3210.34077   54  415 3234.85724 3203.29010  0.98%  35.3 4725s
 517162 177008 3209.70554   87  292 3234.85724 3203.33022  0.97%  35.3 4730s
 518054 177267 3223.82577   75  146 3234.85724 3203.35678  0.97%  35.2 4735s
 518959 177522 3228.21718   66  219 3234.85724 3203.39437  0.97%  35.2 4740s
 519871 177822 infeasible   62      3234.85724 3203.42183  0.97%  35.2 4745s
 520295 178086 3212.84137   70  313 3234.85724 3203.43915  0.97%  35.2 4751s
 521003 178265 3227.27198   76   38 3234.85724 3203.46651  0.97%  35.2 4755s
 521862 178549     cutoff   63      3234.85724 3203.50546  0.97%  35.2 4760s
 522627 178819 infeasible   58      3234.85724 3203.53616  0.97%  35.2 4765s
 523481 179089 3233.58083   80   86 3234.85724 3203.56167  0.97%  35.2 4770s
 524376 179281 3227.60841   74  150 3234.85724 3203.59987  0.97%  35.2 4776s
 525105 179536 3221.02274   68  119 3234.85724 3203.63882  0.97%  35.2 4780s
 525929 179822 3232.98086   90  158 3234.85724 3203.66811  0.96%  35.1 4785s
 526844 180048     cutoff   90      3234.85724 3203.70205  0.96%  35.1 4790s
 527091 180267     cutoff   74      3234.85724 3203.70964  0.96%  35.1 4796s
 527845 180546 infeasible   86      3234.85724 3203.73276  0.96%  35.1 4803s
 528367 180656 3204.10102   62  196 3234.85724 3203.75889  0.96%  35.1 4806s
 529350 181060 infeasible   87      3234.85724 3203.78399  0.96%  35.1 4810s
 530270 181413 infeasible   76      3234.85724 3203.81849  0.96%  35.1 4815s
 531223 181769     cutoff   94      3234.85724 3203.84745  0.96%  35.0 4820s
 532147 182029 infeasible   59      3234.85724 3203.87205  0.96%  35.0 4825s
 532767 182229 3222.05811   73  160 3234.85724 3203.89421  0.96%  35.0 4830s
 533721 182552 3225.39685   68  112 3234.85724 3203.93119  0.96%  35.0 4836s
 534547 182925 infeasible   74      3234.85724 3203.95223  0.96%  35.0 4840s
 535103 183114 3226.11676   73  185 3234.85724 3203.97031  0.95%  35.0 4847s
 535459 183254 3208.36283   64  364 3234.85724 3203.98157  0.95%  35.0 4850s
 536312 183481 3220.70310   83   83 3234.85724 3204.01062  0.95%  35.0 4855s
 537426 183798 3227.51151   74  275 3234.85724 3204.05847  0.95%  35.0 4860s
 538444 184140 3224.96019   73   72 3234.85724 3204.08330  0.95%  35.0 4865s
 539055 184395     cutoff   97      3234.85724 3204.10093  0.95%  35.0 4870s
 540020 184704 3205.26933   74  310 3234.85724 3204.14708  0.95%  35.0 4876s
 540810 184955 infeasible   67      3234.85724 3204.17115  0.95%  35.0 4880s
 541609 185176 3225.32686   81  153 3234.85724 3204.20975  0.95%  35.0 4885s
 542443 185503 3227.91636   57  428 3234.85724 3204.23404  0.95%  34.9 4893s
 542715 185558 infeasible   80      3234.85724 3204.24533  0.95%  34.9 4895s
 543562 185836     cutoff   76      3234.85724 3204.27351  0.95%  34.9 4900s
 544480 186043 3229.41675   88  101 3234.85724 3204.30860  0.94%  34.9 4905s
 545430 186361 3215.18247   75  100 3234.85724 3204.32912  0.94%  34.9 4910s
 546303 186613 3229.45070   73  204 3234.85724 3204.35357  0.94%  34.9 4915s
 547052 186816 infeasible  102      3234.85724 3204.37632  0.94%  34.9 4920s
 547905 187083 infeasible   76      3234.85724 3204.40256  0.94%  34.9 4925s
 548201 187206 3205.66375   50  564 3234.85724 3204.41650  0.94%  34.9 4930s
 548752 187488 3225.46624   86   89 3234.85724 3204.42709  0.94%  34.9 4935s
 549597 187806 infeasible   89      3234.85724 3204.45519  0.94%  34.9 4940s
 549840 187886 3226.13013   77  157 3234.85724 3204.46288  0.94%  34.9 4945s
 550672 188191 3230.34148   68  338 3234.85724 3204.48877  0.94%  34.9 4950s
 551665 188499 infeasible   89      3234.85724 3204.52457  0.94%  34.8 4955s
 552278 188645 3229.17159  116  110 3234.85724 3204.54254  0.94%  34.8 4960s
 552801 188781 infeasible   82      3234.85724 3204.55363  0.94%  34.8 4966s
 553256 189114 3230.12687   94  151 3234.85724 3204.58263  0.94%  34.8 4970s
 554187 189327     cutoff   72      3234.85724 3204.61189  0.93%  34.8 4975s
 555033 189749 3231.05801   85  108 3234.85724 3204.64270  0.93%  34.8 4980s
 555979 190082 3207.75931   96  179 3234.85724 3204.67404  0.93%  34.8 4985s
 556827 190416 3218.51227   87  273 3234.85724 3204.69352  0.93%  34.8 4990s
 557332 190553 3216.21013   52   13 3234.85724 3204.70928  0.93%  34.8 4996s
 558140 190920 3212.91966   58  248 3234.85724 3204.73329  0.93%  34.8 5001s
 558939 191128 3216.54971   68  137 3234.85724 3204.75649  0.93%  34.8 5005s
 559653 191282 3207.39150   51  425 3234.85724 3204.77447  0.93%  34.8 5011s
 559778 191332 3228.27744   75  179 3234.85724 3204.77635  0.93%  34.8 5015s
 560481 191511 infeasible  100      3234.85724 3204.79219  0.93%  34.8 5021s
 560901 191683 3220.26581   52  204 3234.85724 3204.79850  0.93%  34.8 5025s
 561187 191691 3215.75688   46  559 3234.85724 3204.79850  0.93%  34.8 5030s
 561383 191803 3205.97285   56  319 3234.85724 3204.81769  0.93%  34.8 5035s
 562353 192201 3225.30369   88  137 3234.85724 3204.84914  0.93%  34.8 5041s
 563218 192389 infeasible   72      3234.85724 3204.87455  0.93%  34.8 5046s
 563622 192501 infeasible  116      3234.85724 3204.89215  0.93%  34.8 5050s
 564334 192759     cutoff   94      3234.85724 3204.91157  0.93%  34.8 5055s
 564550 192820 3227.71833   62  194 3234.85724 3204.92210  0.93%  34.8 5060s
 565491 193105 infeasible   82      3234.85724 3204.94938  0.92%  34.8 5065s
 566188 193329 3230.08310   51  681 3234.85724 3204.96632  0.92%  34.8 5070s
 566682 193623 3230.01840   97  199 3234.85724 3204.97791  0.92%  34.8 5075s
 567763 193938 3221.15932   79  257 3234.85724 3205.01555  0.92%  34.8 5080s
 568686 194343 3234.01951   86   70 3234.85724 3205.04037  0.92%  34.8 5085s
 569838 194739 3213.06957   75  147 3234.85724 3205.07406  0.92%  34.7 5090s
 570989 195139 infeasible   86      3234.85724 3205.09944  0.92%  34.7 5096s
 571795 195348 3225.78718   97  127 3234.85724 3205.12954  0.92%  34.7 5104s
 571986 195430     cutoff   98      3234.85724 3205.13712  0.92%  34.7 5105s
 573031 195805     cutoff  120      3234.85724 3205.15901  0.92%  34.7 5111s
 573511 195920 3228.71708   99  168 3234.85724 3205.17862  0.92%  34.7 5115s
 574226 196111 infeasible   91      3234.85724 3205.20101  0.92%  34.7 5120s
 575253 196421 3224.90408   81  126 3234.85724 3205.23191  0.92%  34.7 5125s
 576205 196746 3221.77834   74  113 3234.85724 3205.28431  0.91%  34.7 5130s
 577105 197101     cutoff   98      3234.85724 3205.30686  0.91%  34.6 5135s
 577979 197312 infeasible   58      3234.85724 3205.33712  0.91%  34.6 5140s
 578802 197488 infeasible   52      3234.85724 3205.36986  0.91%  34.6 5145s
 579056 197623     cutoff   97      3234.85724 3205.38032  0.91%  34.6 5151s
 579790 197896 infeasible   86      3234.85724 3205.39874  0.91%  34.6 5155s
 580617 198062 infeasible   69      3234.85724 3205.42820  0.91%  34.6 5160s
 581445 198474 3218.97259   77  355 3234.85724 3205.45495  0.91%  34.6 5165s
 582294 198708 3216.10960   69  222 3234.85724 3205.46524  0.91%  34.6 5170s
 583230 198961 infeasible   78      3234.85724 3205.49019  0.91%  34.6 5175s
 584131 199418 3207.38581   69  416 3234.85724 3205.51475  0.91%  34.6 5180s
 585272 199745 3228.06978   73  218 3234.85724 3205.54457  0.91%  34.5 5186s
 585907 200023 3231.36178   79   85 3234.85724 3205.56321  0.91%  34.5 5190s
 586301 200135 infeasible   76      3234.85724 3205.57729  0.91%  34.5 5196s
 586944 200408 3230.09874   73   47 3234.85724 3205.59665  0.90%  34.5 5200s
 588176 200667 3228.78794   92   83 3234.85724 3205.63969  0.90%  34.5 5205s
 589067 200926 3223.29807   81  118 3234.85724 3205.67558  0.90%  34.5 5210s
 589912 201281 3228.86623  101   17 3234.85724 3205.68905  0.90%  34.5 5215s
 590873 201653     cutoff   75      3234.85724 3205.72871  0.90%  34.5 5220s
 591747 201937 3227.55632   75   42 3234.85724 3205.74712  0.90%  34.5 5225s
 592970 202380 3221.76181   74  132 3234.85724 3205.77957  0.90%  34.4 5230s
 593594 202597 3211.43638   69  155 3234.85724 3205.79270  0.90%  34.4 5237s
 594242 202781 infeasible   73      3234.85724 3205.81077  0.90%  34.4 5240s
 595192 203205 3215.04122   62  256 3234.85724 3205.84345  0.90%  34.4 5245s
 596210 203422 infeasible   80      3234.85724 3205.87462  0.90%  34.4 5250s
 597316 203848 infeasible   70      3234.85724 3205.90562  0.89%  34.4 5255s
 598151 204180 3211.04213   55  382 3234.85724 3205.93426  0.89%  34.4 5260s
 599186 204570 3230.59770  116   87 3234.85724 3205.96621  0.89%  34.4 5265s
 600094 204891 3229.12807   79  196 3234.85724 3205.99905  0.89%  34.4 5270s
 600893 205102 3206.92943   65  404 3234.85724 3206.02495  0.89%  34.3 5278s
 601139 205192     cutoff   84      3234.85724 3206.03840  0.89%  34.3 5280s
 601785 205387 3209.50517   59  156 3234.85724 3206.04552  0.89%  34.3 5286s
 602681 205702 3228.70292   98  113 3234.85724 3206.06894  0.89%  34.3 5290s
 603519 206021 3219.04714   82  220 3234.85724 3206.08509  0.89%  34.3 5295s
 604849 206403 3229.77347   88   24 3234.85724 3206.11983  0.89%  34.3 5300s
 605566 206559 3231.66837  104  234 3234.85724 3206.14346  0.89%  34.3 5305s
 606625 207044     cutoff   87      3234.85724 3206.16175  0.89%  34.3 5310s
 607687 207325 infeasible   72      3234.85724 3206.19562  0.89%  34.3 5315s
 608107 207495 3226.48513   63  101 3234.85724 3206.20408  0.89%  34.2 5321s
 608861 207792 3207.17556   48  354 3234.85724 3206.23237  0.88%  34.2 5326s
 609766 208126     cutoff  114      3234.85724 3206.25482  0.88%  34.2 5330s
 610595 208354 3223.23425   65  154 3234.85724 3206.27623  0.88%  34.2 5335s
 611039 208400 3225.15708   75   30 3234.85724 3206.27849  0.88%  34.2 5340s
 611519 208639 3230.83156   75  142 3234.85724 3206.29227  0.88%  34.2 5345s
 612499 208905 infeasible   55      3234.85724 3206.32332  0.88%  34.2 5350s
 613504 209193 infeasible   66      3234.85724 3206.34896  0.88%  34.2 5355s
 614530 209602 3212.70983   72  210 3234.85724 3206.37577  0.88%  34.2 5361s
 615472 209851     cutoff   73      3234.85724 3206.40793  0.88%  34.2 5369s
 615721 209914 3219.34175   82  297 3234.85724 3206.41489  0.88%  34.2 5370s
 616647 210143 3220.00607   74  260 3234.85724 3206.44054  0.88%  34.2 5375s
 617447 210408 3228.05694   82  105 3234.85724 3206.47091  0.88%  34.2 5380s
 618365 210678 3233.39527   75  168 3234.85724 3206.49135  0.88%  34.1 5385s
 619135 210953 3216.47944   79  143 3234.85724 3206.51636  0.88%  34.1 5390s
 620003 211193 3221.01294   75  183 3234.85724 3206.54411  0.88%  34.1 5395s
 620795 211402 3228.56448   74  100 3234.85724 3206.56251  0.87%  34.1 5400s
 621663 211600     cutoff   60      3234.85724 3206.59308  0.87%  34.1 5405s
 622574 211879 infeasible   89      3234.85724 3206.60826  0.87%  34.1 5410s
 622777 212013 3231.34247   93  177 3234.85724 3206.61343  0.87%  34.1 5415s
 623669 212279 3232.91702   92  126 3234.85724 3206.63492  0.87%  34.1 5420s
 624345 212553     cutoff   76      3234.85724 3206.64874  0.87%  34.1 5425s
 625219 212825 infeasible   69      3234.85724 3206.66957  0.87%  34.1 5430s
 626109 213092 3209.08255   74  176 3234.85724 3206.69219  0.87%  34.1 5435s
 627109 213427 3206.97238   78  177 3234.85724 3206.71722  0.87%  34.1 5440s
 627902 213648 3228.89512   64   92 3234.85724 3206.73267  0.87%  34.1 5445s
 628637 213872 3227.22538   91  147 3234.85724 3206.74989  0.87%  34.1 5450s
 629466 214109 3229.72243   79   33 3234.85724 3206.77630  0.87%  34.1 5455s
 630158 214300 3215.46352   67  306 3234.85724 3206.80152  0.87%  34.1 5464s
 630314 214348 3229.59826   69  101 3234.85724 3206.80774  0.87%  34.1 5466s
 630637 214476 3207.93887   60  301 3234.85724 3206.81004  0.87%  34.1 5471s
 631158 214722 3218.25779   76  135 3234.85724 3206.83915  0.87%  34.1 5476s
 632468 215083 3227.84145   91  111 3234.85724 3206.87297  0.87%  34.1 5481s
 633160 215277 3230.20928   99  181 3234.85724 3206.89381  0.86%  34.1 5485s
 634105 215665 3207.71617   84  283 3234.85724 3206.91872  0.86%  34.1 5490s
 634869 215890 3225.14527   61  225 3234.85724 3206.93541  0.86%  34.0 5495s
 635969 216199 3209.63504   72  293 3234.85724 3206.96832  0.86%  34.0 5501s
 636731 216409 3207.51454   78  283 3234.85724 3206.98630  0.86%  34.0 5505s
 637532 216773 3216.18652   59   90 3234.85724 3207.00746  0.86%  34.0 5512s
 638240 216895 3228.78747   93  187 3234.85724 3207.02431  0.86%  34.0 5515s
 639063 217118 3223.08554   66  290 3234.85724 3207.04669  0.86%  34.0 5520s
 639940 217427 3231.07067   81  247 3234.85724 3207.06220  0.86%  34.0 5525s
 640877 217816 3208.54911   77  295 3234.85724 3207.07860  0.86%  34.0 5530s
 642041 218224 infeasible   67      3234.85724 3207.10479  0.86%  33.9 5535s
 642988 218444 3229.91463   77  161 3234.85724 3207.13293  0.86%  33.9 5541s
 643427 218656 3215.66161   68  307 3234.85724 3207.14313  0.86%  33.9 5545s
 644405 218956 infeasible   80      3234.85724 3207.16446  0.86%  33.9 5550s
 644874 219124 3218.26565   68  166 3234.85724 3207.17279  0.86%  33.9 5556s
 645776 219448 3226.05536   57   76 3234.85724 3207.19363  0.86%  33.9 5560s
 646738 219731 3207.75974   66  278 3234.85724 3207.21598  0.85%  33.9 5565s
 647639 220034 3233.24557   81   11 3234.85724 3207.23564  0.85%  33.9 5570s
 648646 220329 3208.88429   79  247 3234.85724 3207.26064  0.85%  33.9 5575s
 649477 220679     cutoff   71      3234.85724 3207.28048  0.85%  33.9 5580s
 650336 220947 3231.81094   61  161 3234.85724 3207.29929  0.85%  33.9 5585s
 651347 221331 infeasible   69      3234.85724 3207.32791  0.85%  33.9 5590s
 652148 221644 3223.87966   97  226 3234.85724 3207.34670  0.85%  33.8 5598s
 652630 221756 3217.68309   75  221 3234.85724 3207.35847  0.85%  33.8 5600s
 653525 222045 3227.40911   79  105 3234.85724 3207.38284  0.85%  33.8 5605s
 654225 222358 3207.83296   84  286 3234.85724 3207.39806  0.85%  33.8 5611s
 655121 222592 3217.51571   71  335 3234.85724 3207.42577  0.85%  33.8 5615s
 655951 222879 3218.79434   74   38 3234.85724 3207.44282  0.85%  33.8 5620s
 656846 223091 infeasible   78      3234.85724 3207.46434  0.85%  33.8 5626s
 657560 223250 infeasible   68      3234.85724 3207.47618  0.85%  33.8 5630s
 658229 223544 3218.27726   68  273 3234.85724 3207.49171  0.85%  33.8 5635s
 659100 223892 3223.40852   69  266 3234.85724 3207.50594  0.85%  33.8 5640s
 659612 224056 infeasible   81      3234.85724 3207.51624  0.85%  33.8 5645s
 660259 224380 3219.73234   58  530 3234.85724 3207.52219  0.85%  33.8 5650s
 661161 224632 3208.53055   71  290 3234.85724 3207.53781  0.84%  33.8 5655s
 662049 224853 infeasible   80      3234.85724 3207.55731  0.84%  33.8 5660s
 662943 225276 3213.16287   55  344 3234.85724 3207.58106  0.84%  33.8 5665s
 664025 225649 infeasible   78      3234.85724 3207.60632  0.84%  33.7 5671s
 664607 225854     cutoff   77      3234.85724 3207.61552  0.84%  33.7 5675s
 665688 226174 3230.90305   70   10 3234.85724 3207.64650  0.84%  33.7 5681s
 666620 226496 infeasible   77      3234.85724 3207.66929  0.84%  33.7 5685s
 667098 226657 3208.52924   65  288 3234.85724 3207.67923  0.84%  33.7 5691s
 667856 226970 3220.98192   79  147 3234.85724 3207.69468  0.84%  33.7 5696s
 668801 227330 3212.23265   71  324 3234.85724 3207.71583  0.84%  33.7 5701s
 669689 227666 3208.45406   65   72 3234.85724 3207.73921  0.84%  33.7 5705s
 670560 227955 3233.34581   63  215 3234.85724 3207.75941  0.84%  33.7 5710s
 671615 228234 infeasible   90      3234.85724 3207.78210  0.84%  33.7 5715s
 672345 228602 3224.39647  109  135 3234.85724 3207.79226  0.84%  33.7 5720s
 673469 228853 3221.51588   52  123 3234.85724 3207.81497  0.84%  33.7 5725s
 673896 228976 3228.71879   84  100 3234.85724 3207.81934  0.84%  33.7 5730s
 673967 228988 3228.61586   88   22 3234.85724 3207.82097  0.84%  33.7 5735s
 674072 229049     cutoff   93      3234.85724 3207.82408  0.84%  33.6 5740s
 674339 229116 3211.29905   65  254 3234.85724 3207.82869  0.84%  33.6 5750s
 674341 229763 3211.33968   66  254 3234.85724 3207.82946  0.84%  33.6 5770s
 677040 230108 3212.78554   69  268 3234.85724 3207.86960  0.83%  33.6 5776s
 678028 230317 3209.69127   61  296 3234.85724 3207.88929  0.83%  33.6 5780s
 678580 230619 3213.87177   74  289 3234.85724 3207.90159  0.83%  33.6 5785s
 679410 230882 3226.52443   61  198 3234.85724 3207.92443  0.83%  33.6 5790s
 680376 231030 3234.76933   72   53 3234.85724 3207.94692  0.83%  33.6 5796s
 681081 231425 3218.45323   73  232 3234.85724 3207.95949  0.83%  33.6 5800s
 681552 231555 infeasible   62      3234.85724 3207.97314  0.83%  33.6 5806s
 682486 231853 3217.43255   76  180 3234.85724 3207.99546  0.83%  33.6 5810s
 683396 232091 infeasible   88      3234.85724 3208.01624  0.83%  33.6 5815s
 684124 232283 3209.51685   55  641 3234.85724 3208.03045  0.83%  33.6 5820s
 684608 232480 3232.71682  105  365 3234.85724 3208.03946  0.83%  33.6 5825s
 685414 232828 3229.58419   82  106 3234.85724 3208.05525  0.83%  33.6 5830s
 686318 233150 3228.23954  125  113 3234.85724 3208.07213  0.83%  33.6 5835s
 687264 233460 3216.50137   62  149 3234.85724 3208.08795  0.83%  33.6 5840s
 688329 233777 3222.33638   72  301 3234.85724 3208.11144  0.83%  33.6 5845s
 688768 234030 3228.64763   78   87 3234.85724 3208.11927  0.83%  33.6 5853s
 689520 234187     cutoff   81      3234.85724 3208.13772  0.83%  33.6 5855s
 690141 234434 3220.16854   70  230 3234.85724 3208.14831  0.83%  33.6 5860s
 690935 234687 3209.52323   74  305 3234.85724 3208.16875  0.83%  33.6 5865s
 691943 235034 3229.50879   98  215 3234.85724 3208.19049  0.82%  33.6 5871s
 692635 235259 3215.32972   64  289 3234.85724 3208.20546  0.82%  33.6 5875s
 693551 235559     cutoff   89      3234.85724 3208.22572  0.82%  33.6 5880s
 694416 235806 3231.92373   77  131 3234.85724 3208.24129  0.82%  33.6 5885s
 695227 236072 3208.62225   73  303 3234.85724 3208.26753  0.82%  33.6 5890s
 695969 236201 3228.88995   89  119 3234.85724 3208.27909  0.82%  33.5 5895s
 696008 236230 infeasible   89      3234.85724 3208.27909  0.82%  33.5 5900s
 696076 236337 3228.91046   91  119 3234.85724 3208.28020  0.82%  33.5 5905s
 696624 236385 3232.15162   93  123 3234.85724 3208.28020  0.82%  33.5 5911s
 696887 236518 3226.90153   71   10 3234.85724 3208.29421  0.82%  33.5 5918s
 697155 236975     cutoff   82      3234.85724 3208.30882  0.82%  33.5 5922s
 698329 237245 infeasible   65      3234.85724 3208.33172  0.82%  33.5 5925s
 699467 237569 3230.29293   69   13 3234.85724 3208.35843  0.82%  33.5 5930s
 700423 237918 infeasible   66      3234.85724 3208.38333  0.82%  33.5 5935s
 701360 238259 3230.63149   61  443 3234.85724 3208.40074  0.82%  33.5 5940s
 702333 238571 3210.32143   68  298 3234.85724 3208.42090  0.82%  33.5 5945s
 703457 238883 3213.85914   73  335 3234.85724 3208.44079  0.82%  33.5 5954s
 703598 239056 3225.87259   94   98 3234.85724 3208.44549  0.82%  33.5 5956s
 704608 239284 3224.19112   83  279 3234.85724 3208.46947  0.82%  33.5 5960s
 705383 239466 3208.85242   77  271 3234.85724 3208.48141  0.82%  33.5 5965s
 706239 239720 infeasible  100      3234.85724 3208.49485  0.81%  33.5 5970s
 707252 240012 3221.71568   57  521 3234.85724 3208.52023  0.81%  33.5 5975s
 707940 240260 infeasible   99      3234.85724 3208.53482  0.81%  33.5 5980s
 708840 240490 3210.87659   54  661 3234.85724 3208.55595  0.81%  33.5 5985s
 709128 240525 3221.57843   70  592 3234.85724 3208.55953  0.81%  33.5 5990s
 709834 240751 3232.06494   75  194 3234.85724 3208.58526  0.81%  33.5 5996s
 710460 240963 3231.96882   89  205 3234.85724 3208.59948  0.81%  33.5 6000s
 710902 241174 3227.12664   76  136 3234.85724 3208.60493  0.81%  33.5 6006s
 711907 241510 3218.69059   60  188 3234.85724 3208.62056  0.81%  33.5 6011s
 712789 241834 infeasible   58      3234.85724 3208.63203  0.81%  33.5 6015s
 713670 242152 3226.15076   59   31 3234.85724 3208.65517  0.81%  33.4 6020s
 714441 242396 3225.02688   67  165 3234.85724 3208.66766  0.81%  33.4 6025s
 715515 242658 infeasible   69      3234.85724 3208.68851  0.81%  33.4 6030s
 716395 242855 infeasible   74      3234.85724 3208.70629  0.81%  33.4 6035s
 717210 243129 3229.71859   89  215 3234.85724 3208.72518  0.81%  33.4 6040s
 717896 243350 infeasible   93      3234.85724 3208.73730  0.81%  33.4 6045s
 718124 243425 3208.98446   93  294 3234.85724 3208.74316  0.81%  33.4 6050s
 719197 243862 infeasible  129      3234.85724 3208.76273  0.81%  33.4 6055s
 720051 244145 infeasible  130      3234.85724 3208.77275  0.81%  33.4 6060s
 720744 244421 3230.74658   88   95 3234.85724 3208.78258  0.81%  33.4 6065s
 721564 244768 3230.44427   62   77 3234.85724 3208.79293  0.81%  33.4 6070s
 722817 245009 infeasible   99      3234.85724 3208.81816  0.80%  33.4 6075s
 723628 245253     cutoff   94      3234.85724 3208.83788  0.80%  33.4 6080s
 724560 245588 3221.83164   74  274 3234.85724 3208.85928  0.80%  33.4 6085s
 725405 245926 3229.14821   73   75 3234.85724 3208.87390  0.80%  33.4 6093s
 725818 246045 3220.38777   79  134 3234.85724 3208.88409  0.80%  33.4 6095s
 726608 246203 3217.89197   65  145 3234.85724 3208.90415  0.80%  33.4 6101s
 727342 246439 3229.73649   68  252 3234.85724 3208.91848  0.80%  33.4 6105s
 727739 246596 3231.13981   58  197 3234.85724 3208.92587  0.80%  33.4 6110s
 728423 246881     cutoff  128      3234.85724 3208.93789  0.80%  33.4 6115s
 729304 247190 3232.61318   81  105 3234.85724 3208.95784  0.80%  33.4 6120s
 730265 247517 3232.08468   82  194 3234.85724 3208.97665  0.80%  33.3 6125s
 731321 247845 3218.50382   78  301 3234.85724 3209.00036  0.80%  33.3 6130s
 732245 248131 3228.86835   93   60 3234.85724 3209.01193  0.80%  33.3 6135s
 732671 248285 3232.05370   80  266 3234.85724 3209.02188  0.80%  33.3 6141s
 733391 248403 3234.56390   73  300 3234.85724 3209.03269  0.80%  33.3 6145s
 734408 248644 3227.42083   71  326 3234.85724 3209.05793  0.80%  33.3 6150s
 735274 249024 infeasible   83      3234.85724 3209.07539  0.80%  33.3 6155s
 736373 249285     cutoff   74      3234.85724 3209.09470  0.80%  33.3 6160s
 737164 249660 infeasible   98      3234.85724 3209.10460  0.80%  33.3 6165s
 738267 249984 3222.31683   75  235 3234.85724 3209.12150  0.80%  33.3 6170s
 738844 250136 3219.50248   94  527 3234.85724 3209.12621  0.80%  33.3 6175s
 739725 250462 infeasible   77      3234.85724 3209.15234  0.79%  33.3 6180s
 740098 250597 3216.50872   94  141 3234.85724 3209.16039  0.79%  33.3 6186s
 740744 250817 3220.95366   71  349 3234.85724 3209.17190  0.79%  33.3 6190s
 742013 251200 infeasible   64      3234.85724 3209.19392  0.79%  33.3 6195s
 742934 251587     cutoff   99      3234.85724 3209.20595  0.79%  33.3 6200s
 743983 251838 3221.44055   66  135 3234.85724 3209.22843  0.79%  33.3 6205s
 744739 252142 3229.19572   62  102 3234.85724 3209.25540  0.79%  33.2 6210s
 745341 252372 3210.31707   74  271 3234.85724 3209.27224  0.79%  33.3 6215s
 746375 252630 3229.82113   93  183 3234.85724 3209.29850  0.79%  33.2 6220s
 747332 252915 infeasible   84      3234.85724 3209.31966  0.79%  33.2 6228s
 747409 253231 3210.21161   88  256 3234.85724 3209.32133  0.79%  33.2 6232s
 748748 253415 3217.36388   72  333 3234.85724 3209.34049  0.79%  33.2 6235s
 749575 253828 3221.09111   82  259 3234.85724 3209.35770  0.79%  33.2 6240s
 750705 254119 3218.18654   67  211 3234.85724 3209.37748  0.79%  33.2 6245s
 751601 254434 3221.24583   98  274 3234.85724 3209.39432  0.79%  33.2 6250s
 752548 254650     cutoff   69      3234.85724 3209.41436  0.79%  33.2 6255s
 753262 254877 3230.73639   63  135 3234.85724 3209.42653  0.79%  33.2 6260s
 754178 255249 3231.38308   94  198 3234.85724 3209.44584  0.79%  33.2 6265s
 754586 255446 3217.40423   67  361 3234.85724 3209.45082  0.79%  33.2 6271s
 755625 255679 3229.38726   79  260 3234.85724 3209.46630  0.78%  33.2 6275s
 756318 255926 3212.80554   70  346 3234.85724 3209.48557  0.78%  33.2 6280s
 757406 256258 infeasible   88      3234.85724 3209.50392  0.78%  33.2 6285s
 758080 256427     cutoff   71      3234.85724 3209.51789  0.78%  33.2 6290s
 758782 256699 3229.60370   63  101 3234.85724 3209.52849  0.78%  33.2 6296s
 759513 256921 3213.56291   73  284 3234.85724 3209.54076  0.78%  33.2 6300s
 760376 257208 3220.94153   74  329 3234.85724 3209.56530  0.78%  33.2 6306s
 761114 257394 3215.18970   65  377 3234.85724 3209.57926  0.78%  33.2 6311s
 761470 257502 3215.84207   59  638 3234.85724 3209.58425  0.78%  33.2 6315s
 762017 257615 infeasible   88      3234.85724 3209.59651  0.78%  33.2 6322s
 762687 257765     cutoff   89      3234.85724 3209.61299  0.78%  33.2 6325s
 763515 258116 3226.25839   76  102 3234.85724 3209.62916  0.78%  33.2 6330s
 764434 258326 infeasible   86      3234.85724 3209.65118  0.78%  33.2 6335s
 765149 258592 3233.63466   89  194 3234.85724 3209.66253  0.78%  33.2 6340s
 765767 258752 3233.97946   87   34 3234.85724 3209.67315  0.78%  33.2 6345s
 766164 258963 3214.41804   72  268 3234.85724 3209.68106  0.78%  33.2 6350s
 767007 259206 3222.84240   84  226 3234.85724 3209.69424  0.78%  33.2 6355s
 768132 259495 3231.11079   85  240 3234.85724 3209.70980  0.78%  33.2 6360s
 769093 259881     cutoff   86      3234.85724 3209.72397  0.78%  33.1 6365s
 769329 259941 3222.74682   59   78 3234.85724 3209.73166  0.78%  33.1 6370s
 770285 260155 3230.63524   71  228 3234.85724 3209.75197  0.78%  33.1 6376s
 771249 260459 3231.96164  103   46 3234.85724 3209.76590  0.78%  33.1 6380s
 772193 260700     cutoff   72      3234.85724 3209.78638  0.78%  33.1 6385s
 773004 261052 3218.92309   61  526 3234.85724 3209.80017  0.77%  33.1 6390s
 773359 261196     cutoff  101      3234.85724 3209.80691  0.77%  33.1 6395s
 774236 261545 3210.05494   63  201 3234.85724 3209.82649  0.77%  33.1 6400s
 775382 261824 infeasible   82      3234.85724 3209.85066  0.77%  33.1 6405s
 776296 262130 infeasible   87      3234.85724 3209.86542  0.77%  33.1 6410s
 776750 262270 3223.43120   98   36 3234.85724 3209.88111  0.77%  33.1 6415s
 777671 262478 infeasible   57      3234.85724 3209.89997  0.77%  33.1 6420s
 778591 262733 3210.03253   68  275 3234.85724 3209.91756  0.77%  33.1 6425s
 779498 263012 3229.12467   94  125 3234.85724 3209.93499  0.77%  33.1 6430s
 780222 263256 3211.72465   71  256 3234.85724 3209.95313  0.77%  33.1 6435s
 781293 263571 3227.02743   80  225 3234.85724 3209.97018  0.77%  33.1 6440s
 782193 263863 3217.09836   77  264 3234.85724 3209.98867  0.77%  33.1 6445s
 783167 264185 3212.26743   59  630 3234.85724 3210.00499  0.77%  33.1 6450s
 783703 264356 3227.90791   79  275 3234.85724 3210.01373  0.77%  33.1 6455s
 784067 264500 3230.19639   88  111 3234.85724 3210.02101  0.77%  33.1 6461s
 784721 264702 3210.43405   72  315 3234.85724 3210.03533  0.77%  33.1 6465s
 785489 264975 3211.61197   83  282 3234.85724 3210.04820  0.77%  33.1 6471s
 786346 265144 3225.42812   63  111 3234.85724 3210.06305  0.77%  33.0 6475s
 787206 265386 3218.54231   59   22 3234.85724 3210.08024  0.77%  33.0 6480s
 788108 265708 3222.23937   61  171 3234.85724 3210.09932  0.77%  33.0 6485s
 788855 265938 3220.27372   72  223 3234.85724 3210.11063  0.76%  33.0 6490s
 789574 266133 3228.71038   74  147 3234.85724 3210.12453  0.76%  33.0 6495s
 790464 266503 3218.73984   83  271 3234.85724 3210.14197  0.76%  33.0 6500s
 791372 266763 3230.78282   70   77 3234.85724 3210.15916  0.76%  33.0 6509s
 791565 266808     cutoff   96      3234.85724 3210.16412  0.76%  33.0 6511s
 792264 267028 3220.44172   61  153 3234.85724 3210.18253  0.76%  33.0 6515s
 793166 267264 3218.92440   72   86 3234.85724 3210.20487  0.76%  33.0 6520s
 794012 267509 3229.73758   71  255 3234.85724 3210.22209  0.76%  33.0 6526s
 794741 267726 3227.52187   80  149 3234.85724 3210.23312  0.76%  33.0 6531s
 795484 267938 3214.36560   75  262 3234.85724 3210.24526  0.76%  33.0 6535s
 796443 268263 3211.00809  106  262 3234.85724 3210.26350  0.76%  33.0 6540s
 797348 268715 3212.88956   61   83 3234.85724 3210.27485  0.76%  33.0 6546s
 798052 268911 infeasible   78      3234.85724 3210.28874  0.76%  33.0 6550s
 798679 269176 3211.42748   86  274 3234.85724 3210.30004  0.76%  33.0 6557s
 799332 269310     cutoff   66      3234.85724 3210.31151  0.76%  33.0 6561s
 800177 269621 3221.54331   93   71 3234.85724 3210.32958  0.76%  33.0 6565s
 800966 269913 3210.73421   79  278 3234.85724 3210.34363  0.76%  33.0 6570s
 801697 270133 infeasible  100      3234.85724 3210.35305  0.76%  33.0 6575s
 802599 270502 3226.55470   63  311 3234.85724 3210.37131  0.76%  33.0 6580s
 803460 270823 3231.71295  112  208 3234.85724 3210.38646  0.76%  33.0 6586s
 804414 271092 3210.83508   82  185 3234.85724 3210.39888  0.76%  33.0 6590s
 805296 271371 infeasible   69      3234.85724 3210.41379  0.76%  33.0 6595s
 806059 271573 infeasible   63      3234.85724 3210.42536  0.76%  33.0 6602s
 806690 271784 3226.59916   83  196 3234.85724 3210.43839  0.75%  33.0 6605s
 807368 271992 infeasible   73      3234.85724 3210.45149  0.75%  33.0 6610s
 808441 272412 infeasible   65      3234.85724 3210.46510  0.75%  32.9 6616s
 809219 272727 3216.39978   64  353 3234.85724 3210.47439  0.75%  32.9 6620s
 810083 272944 3226.93740   82  276 3234.85724 3210.49683  0.75%  32.9 6625s
 810910 273184 3222.53951   71  249 3234.85724 3210.51470  0.75%  32.9 6630s
 811838 273401 3214.48530  105  204 3234.85724 3210.53007  0.75%  32.9 6635s
 812553 273613     cutoff   80      3234.85724 3210.54030  0.75%  32.9 6640s
 813295 273883 infeasible   93      3234.85724 3210.54983  0.75%  32.9 6648s
 813496 273926 3225.98170   68  144 3234.85724 3210.55348  0.75%  32.9 6650s
 814464 274275 infeasible  104      3234.85724 3210.56780  0.75%  32.9 6655s
 815205 274431 3216.06772   73  270 3234.85724 3210.57814  0.75%  32.9 6660s
 816087 274677 3221.95779   78  263 3234.85724 3210.59843  0.75%  32.9 6665s
 816920 274995 3217.61983   91   57 3234.85724 3210.60723  0.75%  32.9 6670s
 817846 275290 3219.31615   70  244 3234.85724 3210.62301  0.75%  32.9 6675s
 818737 275582 infeasible   80      3234.85724 3210.63629  0.75%  32.9 6680s
 819588 275862 3210.73706   75  223 3234.85724 3210.65102  0.75%  32.9 6686s
 820381 276093 3211.09721   57  125 3234.85724 3210.66321  0.75%  32.9 6690s
 820512 276245 3221.29122   80  248 3234.85724 3210.66585  0.75%  32.9 6695s
 821811 276607 3227.86121   99  228 3234.85724 3210.68839  0.75%  32.9 6700s
 822706 276844 3230.67142   75   48 3234.85724 3210.70323  0.75%  32.9 6705s
 823155 277009     cutoff   61      3234.85724 3210.70865  0.75%  32.9 6710s
 823938 277283 3223.07312   74  113 3234.85724 3210.72717  0.75%  32.9 6715s
 824170 277387 3221.29634   71  299 3234.85724 3210.72912  0.75%  32.9 6720s
 824745 277531 3214.46116   54  197 3234.85724 3210.74484  0.75%  32.9 6725s
 825424 277752 3219.36384   65    8 3234.85724 3210.75676  0.75%  32.9 6730s
 826436 278130     cutoff   65      3234.85724 3210.76940  0.74%  32.9 6735s
 827237 278345 infeasible   58      3234.85724 3210.78192  0.74%  32.9 6740s
 827739 278446 3229.55612   71  124 3234.85724 3210.78998  0.74%  32.9 6747s
 828221 278608 infeasible   94      3234.85724 3210.80784  0.74%  32.9 6750s
 828849 278838 3228.44110   63  506 3234.85724 3210.82094  0.74%  32.9 6755s
 829621 279066 infeasible   70      3234.85724 3210.83185  0.74%  32.9 6760s
 830585 279393 3221.57732   90  221 3234.85724 3210.84473  0.74%  32.9 6765s
 831315 279679 3221.36910   83   90 3234.85724 3210.85313  0.74%  32.9 6770s
 831909 279932 3228.93825   61  135 3234.85724 3210.86835  0.74%  32.9 6775s
 832661 280064 infeasible   58      3234.85724 3210.87892  0.74%  32.9 6780s
 833469 280274     cutoff   80      3234.85724 3210.89431  0.74%  32.9 6785s
 834250 280575 3221.64210  116  272 3234.85724 3210.90985  0.74%  32.9 6790s
 834969 280777 3211.93791   57  337 3234.85724 3210.91893  0.74%  32.9 6798s
 835062 280905 3231.30531   69  245 3234.85724 3210.91949  0.74%  32.9 6801s
 836088 281206 3227.63552   63  199 3234.85724 3210.93882  0.74%  32.8 6806s
 836825 281373 3225.27099   70  263 3234.85724 3210.94861  0.74%  32.8 6810s
 837533 281697 infeasible   79      3234.85724 3210.95381  0.74%  32.8 6815s
 838199 281907 infeasible   65      3234.85724 3210.96475  0.74%  32.9 6820s
 839048 282136 3230.65382   73   40 3234.85724 3210.97653  0.74%  32.8 6825s
 839924 282337 3224.82222   71  302 3234.85724 3210.98824  0.74%  32.8 6830s
 840801 282664 3231.45981   62  139 3234.85724 3211.00292  0.74%  32.8 6835s
 841700 282887     cutoff   73      3234.85724 3211.01470  0.74%  32.8 6840s
 842368 283225 3211.93533   84  225 3234.85724 3211.02216  0.74%  32.8 6848s
 842664 283291 3229.44657  100  193 3234.85724 3211.02574  0.74%  32.8 6850s
 843401 283472 3219.18251   59   69 3234.85724 3211.03606  0.74%  32.8 6855s
 844455 283775 3224.87391   55  598 3234.85724 3211.05096  0.74%  32.8 6861s
 844838 283997     cutoff  104      3234.85724 3211.05770  0.74%  32.8 6865s
 845704 284194 3230.92986   64  277 3234.85724 3211.07117  0.74%  32.8 6870s
 846496 284536 3221.38018   93  188 3234.85724 3211.08796  0.73%  32.8 6875s
 847093 284642 3230.53272   60  165 3234.85724 3211.09493  0.73%  32.8 6880s
 847757 284920 3225.71900   58   13 3234.85724 3211.10524  0.73%  32.8 6885s
 848738 285257 3232.12388   85  128 3234.85724 3211.12099  0.73%  32.8 6890s
 849589 285458 infeasible   75      3234.85724 3211.13251  0.73%  32.8 6897s
 849703 285704 infeasible   68      3234.85724 3211.13380  0.73%  32.8 6900s
 850723 285905 3211.76726   62  304 3234.85724 3211.14351  0.73%  32.8 6905s
 851621 286175     cutoff   76      3234.85724 3211.15820  0.73%  32.8 6910s
 852592 286533 3221.76094   84  106 3234.85724 3211.17352  0.73%  32.8 6916s
 853370 286759     cutoff   57      3234.85724 3211.18891  0.73%  32.8 6920s
 854145 286990 3224.79516   65  229 3234.85724 3211.20207  0.73%  32.7 6925s
 855099 287250 infeasible   75      3234.85724 3211.21607  0.73%  32.7 6930s
 855363 287310 3226.35237   81  159 3234.85724 3211.22037  0.73%  32.7 6935s
 855387 287320 infeasible   83      3234.85724 3211.22037  0.73%  32.7 6940s
 855455 287334 3231.04981   75  215 3234.85724 3211.22207  0.73%  32.7 6946s
 855475 287350 3231.61589   77  211 3234.85724 3211.22207  0.73%  32.7 6950s
 855490 287350 infeasible   80      3234.85724 3211.22207  0.73%  32.7 6956s
 855513 287369 3221.07132   76  231 3234.85724 3211.22399  0.73%  32.7 6961s
 855573 287383 3225.18154   78  210 3234.85724 3211.22399  0.73%  32.7 6966s
 855622 287383 3226.26368   80  209 3234.85724 3211.22417  0.73%  32.7 6970s
 855685 287413 3228.13802   82  214 3234.85724 3211.22502  0.73%  32.7 6975s
 855883 287462 3229.41918   86  209 3234.85724 3211.22748  0.73%  32.7 6980s
 855985 287494 3229.97577   88  207 3234.85724 3211.22934  0.73%  32.7 6985s
 856203 287602 infeasible   92      3234.85724 3211.23160  0.73%  32.7 6990s
 856450 287664 3220.45222   78  231 3234.85724 3211.23790  0.73%  32.7 6995s
 856991 287836 3211.40127   85  289 3234.85724 3211.25065  0.73%  32.7 7001s
 857735 288121 3233.01220   75  144 3234.85724 3211.26439  0.73%  32.7 7006s
 858450 288293 3215.79466   54  368 3234.85724 3211.27739  0.73%  32.7 7010s
 859507 288577 3231.82439   83  275 3234.85724 3211.28933  0.73%  32.7 7015s
 860005 288723 infeasible   75      3234.85724 3211.29551  0.73%  32.7 7020s
 860783 288982 infeasible   74      3234.85724 3211.30634  0.73%  32.7 7025s
 861422 289198 3234.47250   78  147 3234.85724 3211.32116  0.73%  32.7 7030s
 862257 289455 3231.77354   72   73 3234.85724 3211.33031  0.73%  32.7 7035s
 863023 289714 3212.06016   83  264 3234.85724 3211.34857  0.73%  32.7 7040s
 864076 290011 3219.85423   49   24 3234.85724 3211.36326  0.73%  32.7 7045s
 864248 290049 infeasible   80      3234.85724 3211.36679  0.73%  32.7 7051s
 864583 290233 3228.60180   82  269 3234.85724 3211.36925  0.73%  32.7 7057s
 865280 290521 3229.88980   63  164 3234.85724 3211.37552  0.73%  32.7 7061s
 866299 290800 infeasible   71      3234.85724 3211.38863  0.73%  32.7 7066s
 867030 290989 3221.78600  102  241 3234.85724 3211.39782  0.73%  32.7 7070s
 867910 291294 infeasible   56      3234.85724 3211.40911  0.72%  32.7 7076s
 868244 291442 3224.48838   84  229 3234.85724 3211.41607  0.72%  32.7 7081s
 869052 291628 infeasible  101      3234.85724 3211.42553  0.72%  32.7 7085s
 869993 291945     cutoff   59      3234.85724 3211.44031  0.72%  32.7 7091s
 870530 292167 infeasible   73      3234.85724 3211.45036  0.72%  32.7 7096s
 871275 292420 3232.32075   95  207 3234.85724 3211.46209  0.72%  32.7 7100s
 871474 292494 infeasible   99      3234.85724 3211.46337  0.72%  32.7 7105s
 872397 292839 3222.95126   70  113 3234.85724 3211.47378  0.72%  32.7 7110s
 873262 293169 3225.35471   82  247 3234.85724 3211.49023  0.72%  32.6 7115s
 874080 293373 3232.24966   77  256 3234.85724 3211.49929  0.72%  32.6 7120s
 874931 293688 3224.61849   92  117 3234.85724 3211.50706  0.72%  32.6 7126s
 875775 293889 infeasible   70      3234.85724 3211.52510  0.72%  32.6 7131s
 876447 294087     cutoff   74      3234.85724 3211.53754  0.72%  32.6 7135s
 877342 294372 3225.62207   69  334 3234.85724 3211.55202  0.72%  32.6 7140s
 878262 294697 infeasible   75      3234.85724 3211.56669  0.72%  32.6 7145s
 878751 294912 3234.79609   75  195 3234.85724 3211.57266  0.72%  32.6 7153s
 879243 295046 3226.45140   70  186 3234.85724 3211.58030  0.72%  32.6 7155s
 880295 295423 3211.65785   93  267 3234.85724 3211.59584  0.72%  32.6 7161s
 881049 295708 3231.51925   56   56 3234.85724 3211.60566  0.72%  32.6 7165s
 881694 295959 3217.67620   80  244 3234.85724 3211.61533  0.72%  32.6 7170s
 882382 296110 3218.23169   62  662 3234.85724 3211.62411  0.72%  32.6 7176s
 882778 296290 3225.69411   86  245 3234.85724 3211.62911  0.72%  32.6 7180s
 883270 296436     cutoff   74      3234.85724 3211.63555  0.72%  32.6 7185s
 883918 296641     cutoff   74      3234.85724 3211.64402  0.72%  32.6 7190s
 884491 296743     cutoff   65      3234.85724 3211.65315  0.72%  32.6 7195s
 885259 297023 3227.09197   86  120 3234.85724 3211.66303  0.72%  32.6 7201s
 885894 297282 3221.08905   56   54 3234.85724 3211.67327  0.72%  32.6 7205s
 886221 297312     cutoff   81      3234.85724 3211.67633  0.72%  32.6 7210s
 887249 297615     cutoff   81      3234.85724 3211.69092  0.72%  32.6 7215s
 888022 297861 3232.55537   63  160 3234.85724 3211.70187  0.72%  32.6 7220s
 888844 298134 infeasible   72      3234.85724 3211.71247  0.72%  32.6 7225s
 889694 298402 3216.43190   64  243 3234.85724 3211.72749  0.72%  32.6 7230s
 890585 298664 3218.79186   89  286 3234.85724 3211.74017  0.71%  32.6 7235s
 891472 298952     cutoff   95      3234.85724 3211.75152  0.71%  32.6 7240s
 892517 299213 infeasible   99      3234.85724 3211.76725  0.71%  32.6 7245s
 893264 299493     cutoff   82      3234.85724 3211.78191  0.71%  32.6 7250s
 893514 299560 3212.16056  101  250 3234.85724 3211.78573  0.71%  32.6 7255s
 894511 299824 3221.11458   62  160 3234.85724 3211.80487  0.71%  32.5 7261s
 895418 300041 3217.36285   91   62 3234.85724 3211.81622  0.71%  32.5 7265s
 896278 300290 3227.44556   71   20 3234.85724 3211.82773  0.71%  32.5 7270s
 897230 300672 3229.89503  100  253 3234.85724 3211.83972  0.71%  32.5 7275s
 898226 300966 3213.16091   82  189 3234.85724 3211.85472  0.71%  32.5 7280s
 899227 301176 infeasible   63      3234.85724 3211.86758  0.71%  32.5 7285s
 900123 301564 3218.30095   70  292 3234.85724 3211.87884  0.71%  32.5 7290s
 900822 301736 3217.68612   86  279 3234.85724 3211.88679  0.71%  32.5 7297s
 901367 301862 3216.44273   76  292 3234.85724 3211.89165  0.71%  32.5 7300s
 902133 302085 3222.28942   57   11 3234.85724 3211.90128  0.71%  32.5 7305s
 902777 302277 3231.81339   83   38 3234.85724 3211.90693  0.71%  32.5 7310s
 902948 302418 3223.30316   82  236 3234.85724 3211.90981  0.71%  32.5 7315s
 903672 302651 3233.32929   69  257 3234.85724 3211.92064  0.71%  32.5 7320s
 904671 302913 3233.78272   83  247 3234.85724 3211.93982  0.71%  32.5 7325s
 905644 303223 infeasible   88      3234.85724 3211.94954  0.71%  32.5 7330s
 906483 303533 3221.16135   84  240 3234.85724 3211.96156  0.71%  32.5 7335s
 907687 303798 infeasible   89      3234.85724 3211.97801  0.71%  32.5 7340s
 908123 303960 3212.02810   49  109 3234.85724 3211.98337  0.71%  32.5 7346s
 908894 304204 3233.37297   78  198 3234.85724 3211.99332  0.71%  32.5 7350s
 909776 304496 3233.59253   78  146 3234.85724 3212.00434  0.71%  32.5 7355s
 910668 304753 3230.72864   77  267 3234.85724 3212.01497  0.71%  32.5 7360s
 911217 304929 3227.00625   73  407 3234.85724 3212.02048  0.71%  32.5 7365s
 912282 305270 3220.76300   99  254 3234.85724 3212.03765  0.71%  32.5 7371s
 913191 305631 3225.65839   91  234 3234.85724 3212.04523  0.71%  32.4 7376s
 914053 305823 3224.70202   74  358 3234.85724 3212.05745  0.70%  32.4 7380s
 914629 306126 3221.23150   68  282 3234.85724 3212.06768  0.70%  32.5 7385s
 915362 306338 3220.05963   56   55 3234.85724 3212.07613  0.70%  32.4 7392s
 915960 306517 infeasible   96      3234.85724 3212.08443  0.70%  32.4 7395s
 916835 306825 3231.92513   79  175 3234.85724 3212.09896  0.70%  32.4 7400s
 917857 307137 3215.14444   71  281 3234.85724 3212.11056  0.70%  32.4 7405s
 918495 307333 3228.75242   92  114 3234.85724 3212.11943  0.70%  32.4 7410s
 919525 307713 3222.15270   62    7 3234.85724 3212.13010  0.70%  32.4 7416s
 920357 307927 3233.27868  114  198 3234.85724 3212.13982  0.70%  32.4 7421s
 921159 308142 infeasible   58      3234.85724 3212.15005  0.70%  32.4 7425s
 921922 308430 infeasible  118      3234.85724 3212.16089  0.70%  32.4 7430s
 922807 308692 3220.25010   85  260 3234.85724 3212.17609  0.70%  32.4 7439s
 923046 308825 3221.60431   56   24 3234.85724 3212.17936  0.70%  32.4 7440s
 923882 309107 3217.39915   67  330 3234.85724 3212.18682  0.70%  32.4 7445s
 924599 309322 3213.83988   98  250 3234.85724 3212.19743  0.70%  32.4 7450s
 925559 309606 3214.82803   72  105 3234.85724 3212.20888  0.70%  32.4 7455s
 926515 309825 3218.07995   68  231 3234.85724 3212.22042  0.70%  32.4 7460s
 927509 310106 infeasible   89      3234.85724 3212.23312  0.70%  32.4 7465s
 928116 310319 3234.23420   69  265 3234.85724 3212.23916  0.70%  32.4 7470s
 929008 310569 infeasible   90      3234.85724 3212.25344  0.70%  32.4 7475s
 929598 310765 infeasible   48      3234.85724 3212.26080  0.70%  32.4 7480s
 930111 310924 infeasible   65      3234.85724 3212.26722  0.70%  32.4 7488s
 930547 311109     cutoff   60      3234.85724 3212.27515  0.70%  32.4 7491s
 931534 311409 3222.73324   71  261 3234.85724 3212.28654  0.70%  32.4 7495s
 932386 311666 3215.88631   87  276 3234.85724 3212.29840  0.70%  32.4 7500s
 933221 311949 3212.38792   72  270 3234.85724 3212.30726  0.70%  32.4 7505s
 934065 312196 infeasible   80      3234.85724 3212.31929  0.70%  32.4 7510s
 934788 312414 3233.11133   94  238 3234.85724 3212.32842  0.70%  32.4 7515s
 935708 312775 3219.22540   76  250 3234.85724 3212.33902  0.70%  32.4 7520s
 936591 313099 infeasible   87      3234.85724 3212.35391  0.70%  32.3 7525s
 937513 313373 3215.40881   87  247 3234.85724 3212.36306  0.70%  32.3 7533s
 938016 313434 3214.22998   68  293 3234.85724 3212.37374  0.70%  32.3 7536s
 938100 313512 3214.50240   70  302 3234.85724 3212.37374  0.70%  32.3 7540s
 938844 313833 3220.56115   75   62 3234.85724 3212.38474  0.69%  32.3 7545s
 939923 314181 3231.41520   90  260 3234.85724 3212.40099  0.69%  32.3 7550s
 941187 314480 3232.03780   53  274 3234.85724 3212.41974  0.69%  32.3 7555s
 941779 314712 3215.52535   78  275 3234.85724 3212.42748  0.69%  32.3 7560s
 942822 315045 infeasible   63      3234.85724 3212.44044  0.69%  32.3 7565s
 943562 315242 3215.52039   62  783 3234.85724 3212.44675  0.69%  32.3 7570s
 944144 315458 3213.39694   71  272 3234.85724 3212.45339  0.69%  32.3 7576s
 944752 315643     cutoff   77      3234.85724 3212.45974  0.69%  32.3 7583s
 945267 315764 3222.96172   59    7 3234.85724 3212.46570  0.69%  32.3 7585s
 946374 316141 3231.56545   89  132 3234.85724 3212.47905  0.69%  32.3 7590s
 947150 316421 3223.59973   78  286 3234.85724 3212.48940  0.69%  32.3 7595s
 948096 316602     cutoff   63      3234.85724 3212.50587  0.69%  32.3 7600s
 949149 316955 3230.91949   71  237 3234.85724 3212.51970  0.69%  32.3 7606s
 950026 317252 infeasible   98      3234.85724 3212.53287  0.69%  32.3 7610s
 950787 317512 infeasible   82      3234.85724 3212.54390  0.69%  32.3 7615s
 951807 317839     cutoff   77      3234.85724 3212.55566  0.69%  32.2 7620s
 951985 317929 3233.94762   93  216 3234.85724 3212.55844  0.69%  32.2 7625s
 952895 318171 infeasible   88      3234.85724 3212.57377  0.69%  32.2 7630s
 953688 318409 3226.79066   77   15 3234.85724 3212.58733  0.69%  32.2 7635s
 954583 318728 3226.78617   86  169 3234.85724 3212.59607  0.69%  32.2 7640s
 955508 319035 3214.71314   95  136 3234.85724 3212.60944  0.69%  32.2 7645s
 956593 319278 3220.73107   77  257 3234.85724 3212.62026  0.69%  32.2 7650s
 957239 319467 3219.89237   64  237 3234.85724 3212.63245  0.69%  32.2 7655s
 958381 319776 3213.34108   75   97 3234.85724 3212.64242  0.69%  32.2 7660s
 959226 320075 3225.62664   85  251 3234.85724 3212.65348  0.69%  32.2 7669s
 959488 320123     cutoff   68      3234.85724 3212.65630  0.69%  32.2 7670s
 960300 320395 3224.44916   62   68 3234.85724 3212.66458  0.69%  32.2 7675s
 961229 320651 3221.07130   97  162 3234.85724 3212.67404  0.69%  32.2 7680s
 961866 320890 infeasible   69      3234.85724 3212.68102  0.69%  32.2 7685s
 962883 321244 3229.10967   78  187 3234.85724 3212.69156  0.69%  32.2 7690s
 963757 321566     cutoff   59      3234.85724 3212.70420  0.68%  32.2 7695s
 964521 321841 infeasible   78      3234.85724 3212.71339  0.68%  32.2 7700s
 965577 322177 3220.56420   55  420 3234.85724 3212.72706  0.68%  32.2 7705s
 966397 322439 3223.32533   63   98 3234.85724 3212.73774  0.68%  32.2 7710s
 966706 322510 infeasible   92      3234.85724 3212.73939  0.68%  32.2 7715s
 967737 322831 3227.62867   85   68 3234.85724 3212.75543  0.68%  32.1 7720s
 968690 323223 infeasible   94      3234.85724 3212.76605  0.68%  32.1 7725s
 969675 323544 infeasible   76      3234.85724 3212.77781  0.68%  32.1 7731s
 970417 323738 3230.14260   75  230 3234.85724 3212.78693  0.68%  32.1 7735s
 971110 323951 3224.51709   84  230 3234.85724 3212.79652  0.68%  32.1 7740s
 972169 324306 infeasible   93      3234.85724 3212.80840  0.68%  32.1 7745s
 972792 324550 3220.26713   59  391 3234.85724 3212.81894  0.68%  32.1 7750s
 973591 324788 infeasible   92      3234.85724 3212.82753  0.68%  32.1 7755s
 974028 324977 3232.20211   88  212 3234.85724 3212.83433  0.68%  32.1 7761s
 975075 325248 3215.49751   87  281 3234.85724 3212.84615  0.68%  32.1 7765s
 975836 325511 3212.86354  110  273 3234.85724 3212.85445  0.68%  32.1 7770s
 976815 325759 3219.05011   65  244 3234.85724 3212.86730  0.68%  32.1 7775s
 977191 325832 3213.69472   61  362 3234.85724 3212.87065  0.68%  32.1 7780s
 977974 326103 3215.09947   75  299 3234.85724 3212.88546  0.68%  32.1 7785s
 978840 326314 3215.45776   68  213 3234.85724 3212.90001  0.68%  32.1 7790s
 979667 326677 3230.71032  103  136 3234.85724 3212.90693  0.68%  32.1 7795s
 980583 326942 3224.23966   97  244 3234.85724 3212.91910  0.68%  32.1 7800s
 981434 327163 3224.44723   68  273 3234.85724 3212.92926  0.68%  32.1 7808s
 981951 327352 3222.96706   85  302 3234.85724 3212.93423  0.68%  32.1 7811s
 982551 327648 3217.54942   71  290 3234.85724 3212.94220  0.68%  32.1 7815s
 983664 327907 3220.80854   73  260 3234.85724 3212.95700  0.68%  32.1 7820s
 984536 328180 infeasible   73      3234.85724 3212.96602  0.68%  32.1 7825s
 985474 328475 3214.03414   91  272 3234.85724 3212.97921  0.68%  32.1 7830s
 986159 328735 infeasible   91      3234.85724 3212.98938  0.68%  32.0 7835s
 987245 329035 3224.24712   81   88 3234.85724 3212.99949  0.68%  32.0 7841s
 988018 329282 3221.64539   95  177 3234.85724 3213.01380  0.68%  32.0 7845s
 988839 329528 3229.44582  110  207 3234.85724 3213.02177  0.68%  32.0 7853s
 988955 329717 3232.16272   98  351 3234.85724 3213.02202  0.67%  32.0 7855s
 990106 330045 3233.68391   80  252 3234.85724 3213.03605  0.67%  32.0 7860s
 991371 330357     cutoff   93      3234.85724 3213.05092  0.67%  32.0 7866s
 991749 330430 3217.50132   94  295 3234.85724 3213.05584  0.67%  32.0 7870s
 992200 330585 3222.48752   80  203 3234.85724 3213.06010  0.67%  32.0 7876s
 993039 330807 3227.84733   88  242 3234.85724 3213.07199  0.67%  32.0 7880s
 993922 331151 infeasible   78      3234.85724 3213.08194  0.67%  32.0 7885s
 994830 331478 3227.11658   89  199 3234.85724 3213.09192  0.67%  32.0 7890s
 995730 331784 infeasible   61      3234.85724 3213.10044  0.67%  32.0 7895s
 996166 331928 3221.11114   65  273 3234.85724 3213.10650  0.67%  32.0 7901s
 996928 332156 3215.91713   84  283 3234.85724 3213.11728  0.67%  32.0 7905s
 997905 332294 3213.83479   89  251 3234.85724 3213.13099  0.67%  32.0 7910s
 998711 332609 3224.15503   89  210 3234.85724 3213.13936  0.67%  32.0 7916s
 999343 332759 3228.25168   74  210 3234.85724 3213.14703  0.67%  32.0 7920s
 999986 333011 3231.34355   81  163 3234.85724 3213.15505  0.67%  32.0 7925s
 1000835 333224 3223.42866   80  148 3234.85724 3213.16426  0.67%  32.0 7930s
 1001799 333534     cutoff   71      3234.85724 3213.17619  0.67%  32.0 7935s
 1002664 333857 3233.09390  105  214 3234.85724 3213.18863  0.67%  32.0 7940s
 1003491 334077 3231.47628  100  231 3234.85724 3213.19655  0.67%  32.0 7947s
 1004041 334209     cutoff   83      3234.85724 3213.20322  0.67%  32.0 7950s
 1004775 334447     cutoff   75      3234.85724 3213.21376  0.67%  32.0 7955s
 1005752 334832     cutoff  108      3234.85724 3213.22385  0.67%  31.9 7961s
 1006575 335032     cutoff   86      3234.85724 3213.23557  0.67%  31.9 7965s
 1007425 335308 infeasible   71      3234.85724 3213.24475  0.67%  31.9 7970s
 1007795 335474 3219.28234  109  207 3234.85724 3213.24668  0.67%  31.9 7975s
 1008771 335842 infeasible   74      3234.85724 3213.26266  0.67%  31.9 7980s
 1010099 336137 3228.35107   90  233 3234.85724 3213.27989  0.67%  31.9 7985s
 1010714 336385 3213.33001   76  290 3234.85724 3213.28638  0.67%  31.9 7992s
 1011143 336481 3215.67516   94  111 3234.85724 3213.29095  0.67%  31.9 7995s
 1012354 336823 3222.57535  105  211 3234.85724 3213.30359  0.67%  31.9 8000s
 1013005 336994 3217.22532   60   15 3234.85724 3213.31135  0.67%  31.9 8005s
 1013855 337287 3232.25111   77   66 3234.85724 3213.31658  0.67%  31.9 8010s
 1014805 337596 3224.16041   74   16 3234.85724 3213.32644  0.67%  31.9 8015s
 1015620 337823 3217.95708   84  277 3234.85724 3213.33496  0.67%  31.9 8020s
 1016117 337984 3229.33284   92    8 3234.85724 3213.33832  0.67%  31.9 8025s
 1017037 338216 infeasible  107      3234.85724 3213.34689  0.66%  31.9 8030s
 1017887 338530     cutoff   76      3234.85724 3213.35675  0.66%  31.9 8035s
 1018132 338633 3221.78497   79   11 3234.85724 3213.35973  0.66%  31.9 8040s
 1019097 338823 3213.95205   66  303 3234.85724 3213.37011  0.66%  31.9 8045s
 1019838 339088     cutoff   99      3234.85724 3213.37666  0.66%  31.9 8050s
 1020632 339404 3222.22722   57    9 3234.85724 3213.38451  0.66%  31.9 8055s
 1021689 339739 infeasible   90      3234.85724 3213.39905  0.66%  31.9 8061s
 1022366 339953 3218.72614   99  136 3234.85724 3213.40739  0.66%  31.9 8065s
 1023299 340291 3220.44110   81  251 3234.85724 3213.41570  0.66%  31.9 8070s
 1024135 340585 3216.17884   73  268 3234.85724 3213.42476  0.66%  31.9 8075s
 1025262 340913 3233.88386   90   41 3234.85724 3213.43610  0.66%  31.8 8080s
 1025435 341003 infeasible   88      3234.85724 3213.43819  0.66%  31.8 8085s
 1026509 341379 3224.33349   82  123 3234.85724 3213.44872  0.66%  31.8 8090s
 1027295 341632 3228.00087  103  271 3234.85724 3213.45766  0.66%  31.8 8095s
 1028050 341799 infeasible   70      3234.85724 3213.46608  0.66%  31.8 8100s
 1028796 342102 infeasible   86      3234.85724 3213.47564  0.66%  31.8 8105s
 1029477 342289 infeasible   58      3234.85724 3213.48311  0.66%  31.8 8110s
 1030604 342626 3224.62331   71    9 3234.85724 3213.49320  0.66%  31.8 8116s
 1031448 342795 3231.66160   61  127 3234.85724 3213.50076  0.66%  31.8 8120s
 1032339 343098 3229.33312   75  298 3234.85724 3213.51246  0.66%  31.8 8126s
 1032754 343240 3233.42427   77   83 3234.85724 3213.51943  0.66%  31.8 8131s
 1033459 343397     cutoff   99      3234.85724 3213.52725  0.66%  31.8 8135s
 1034373 343719 infeasible  100      3234.85724 3213.53461  0.66%  31.8 8140s
 1035232 344014 3231.83613   74    9 3234.85724 3213.54581  0.66%  31.8 8146s
 1036211 344380 3232.99970   89  184 3234.85724 3213.55313  0.66%  31.8 8150s
 1037031 344546     cutoff   90      3234.85724 3213.56224  0.66%  31.8 8156s
 1038011 344801     cutoff   92      3234.85724 3213.57402  0.66%  31.8 8160s
 1038629 345002 3232.98716  104  203 3234.85724 3213.58115  0.66%  31.8 8165s
 1039475 345216 infeasible   89      3234.85724 3213.58948  0.66%  31.8 8170s
 1039941 345408 3223.79741   57  239 3234.85724 3213.59174  0.66%  31.8 8175s
 1040104 345471 3223.05686   84  233 3234.85724 3213.59589  0.66%  31.8 8180s
 1041114 345632 infeasible   72      3234.85724 3213.60858  0.66%  31.8 8186s
 1042137 345962 infeasible   63      3234.85724 3213.62169  0.66%  31.8 8190s
 1042994 346239 3225.10867   62  349 3234.85724 3213.63381  0.66%  31.8 8195s
 1044160 346696 infeasible   82      3234.85724 3213.64553  0.66%  31.7 8200s
 1045172 346988 3213.73980   96  187 3234.85724 3213.65470  0.66%  31.7 8205s
 1046155 347266 infeasible  110      3234.85724 3213.66631  0.66%  31.7 8210s
 1047198 347552 3220.22845   91  273 3234.85724 3213.67710  0.65%  31.7 8215s
 1047623 347696 3217.77310   87  251 3234.85724 3213.68141  0.65%  31.7 8221s
 1048412 347917 3224.48851   87  236 3234.85724 3213.69148  0.65%  31.7 8225s
 1049176 348079 3234.15959   86  205 3234.85724 3213.70213  0.65%  31.7 8230s
 1049607 348303 3222.39195   67   49 3234.85724 3213.70582  0.65%  31.7 8235s
 1050600 348648 3220.76520   62  287 3234.85724 3213.71898  0.65%  31.7 8240s
 1051865 348959     cutoff  127      3234.85724 3213.72980  0.65%  31.7 8245s
 1052734 349226     cutoff   85      3234.85724 3213.73871  0.65%  31.7 8250s
 1053863 349748 3214.62116   83  274 3234.85724 3213.74755  0.65%  31.7 8255s
 1055119 350112 infeasible   88      3234.85724 3213.76035  0.65%  31.6 8264s
 1055356 350238 3218.67290   78  277 3234.85724 3213.76269  0.65%  31.6 8265s
 1056243 350512 infeasible   79      3234.85724 3213.77079  0.65%  31.6 8270s
 1057292 350811 infeasible   70      3234.85724 3213.77917  0.65%  31.6 8275s
 1058627 351300 infeasible   58      3234.85724 3213.79058  0.65%  31.6 8281s
 1059450 351665 3221.25590   85  294 3234.85724 3213.79847  0.65%  31.6 8285s
 1060345 351906 3224.77540   62   54 3234.85724 3213.80722  0.65%  31.6 8290s
 1061168 352129 3227.50743   92  274 3234.85724 3213.81753  0.65%  31.6 8295s
 1061905 352342 infeasible   64      3234.85724 3213.82545  0.65%  31.6 8300s
 1062425 352520 3215.47051   85  253 3234.85724 3213.82930  0.65%  31.6 8307s
 1062973 352700 3213.92345   73  149 3234.85724 3213.83435  0.65%  31.6 8311s
 1063577 352899 3223.05911   82  288 3234.85724 3213.83986  0.65%  31.6 8315s
 1064591 353155 3217.60776   82  264 3234.85724 3213.84798  0.65%  31.6 8320s
 1065528 353467     cutoff  127      3234.85724 3213.85829  0.65%  31.6 8325s
 1066425 353678 3215.57457   65  346 3234.85724 3213.86901  0.65%  31.6 8330s
 1066950 353876 3217.05406   74  256 3234.85724 3213.87486  0.65%  31.6 8335s
 1067648 354029     cutoff   61      3234.85724 3213.88399  0.65%  31.6 8340s
 1067853 354028 3230.89826   68  218 3234.85724 3213.88729  0.65%  31.6 8345s
 1068160 354155     cutoff   74      3234.85724 3213.88862  0.65%  31.6 8350s
 1068561 354252 3228.98410  107  205 3234.85724 3213.89162  0.65%  31.6 8356s
 1068863 354416     cutoff   66      3234.85724 3213.89419  0.65%  31.6 8360s
 1069647 354589 infeasible  114      3234.85724 3213.90230  0.65%  31.6 8367s
 1070080 354726 3220.91811   64  615 3234.85724 3213.90723  0.65%  31.6 8370s
 1070574 354942 3234.01476   80  247 3234.85724 3213.91298  0.65%  31.6 8375s
 1071466 355165 3223.72268   87   32 3234.85724 3213.92196  0.65%  31.6 8380s
 1072458 355440 3222.84715   88   34 3234.85724 3213.93104  0.65%  31.6 8385s
 1073407 355769     cutoff   95      3234.85724 3213.93995  0.65%  31.6 8390s
 1074231 355995 3223.93404   73  316 3234.85724 3213.94457  0.65%  31.6 8396s
 1074363 356032 3224.32207   77  321 3234.85724 3213.94520  0.65%  31.6 8400s
 1075437 356383 infeasible   73      3234.85724 3213.95525  0.65%  31.6 8405s
 1076514 356639 3227.35115   94  118 3234.85724 3213.96590  0.65%  31.5 8410s
 1077012 356811 3223.99245   59   10 3234.85724 3213.96940  0.65%  31.5 8417s
 1077560 356950     cutoff   79      3234.85724 3213.97567  0.65%  31.5 8420s
 1078493 357220     cutoff   84      3234.85724 3213.98665  0.65%  31.5 8425s
 1079447 357529 infeasible   77      3234.85724 3213.99382  0.64%  31.5 8430s
 1080200 357765 3222.44121  107  227 3234.85724 3214.00564  0.64%  31.5 8435s
 1081077 358023 infeasible   98      3234.85724 3214.01375  0.64%  31.5 8440s
 1081851 358194 3215.80280   77  112 3234.85724 3214.02347  0.64%  31.5 8445s
 1081928 358210     cutoff   86      3234.85724 3214.02385  0.64%  31.5 8451s
 1082744 358485 3219.41777   77  107 3234.85724 3214.03409  0.64%  31.5 8455s
 1083423 358747 3214.51120   79  295 3234.85724 3214.03927  0.64%  31.5 8460s
 1084262 359054 infeasible   73      3234.85724 3214.04885  0.64%  31.5 8468s
 1084561 359102     cutoff  111      3234.85724 3214.05078  0.64%  31.5 8470s
 1085594 359449 3214.43687   68   99 3234.85724 3214.06124  0.64%  31.5 8475s
 1086798 359739 infeasible   60      3234.85724 3214.07511  0.64%  31.5 8480s
 1087622 360156 3225.77698   97  238 3234.85724 3214.07947  0.64%  31.5 8485s
 1088540 360417 3221.38898   75  333 3234.85724 3214.08603  0.64%  31.5 8490s
 1089254 360648 3225.11835   86  260 3234.85724 3214.09143  0.64%  31.5 8495s
 1090080 360939 3220.41207   87  246 3234.85724 3214.10204  0.64%  31.5 8500s
 1091328 361227 infeasible   68      3234.85724 3214.11086  0.64%  31.5 8505s
 1091707 361364 3222.31651   77  176 3234.85724 3214.11331  0.64%  31.5 8511s
 1092634 361612 3226.49318   74  273 3234.85724 3214.12211  0.64%  31.5 8515s
 1093443 361862 3223.12914   86  226 3234.85724 3214.12958  0.64%  31.4 8521s
 1094332 362089     cutoff   74      3234.85724 3214.13713  0.64%  31.4 8525s
 1095164 362315 3222.60281   87  256 3234.85724 3214.14670  0.64%  31.4 8530s
 1096110 362573 3214.80058   61   64 3234.85724 3214.15595  0.64%  31.4 8536s
 1096601 362728 3217.45829   88  261 3234.85724 3214.16133  0.64%  31.4 8540s
 1097293 362866 3220.65168   70  275 3234.85724 3214.16843  0.64%  31.4 8545s
 1098024 363063 infeasible  113      3234.85724 3214.17613  0.64%  31.4 8550s
 1098902 363324 3231.28437   70   78 3234.85724 3214.18542  0.64%  31.4 8555s
 1099144 363407 3231.34534   88  111 3234.85724 3214.18752  0.64%  31.4 8560s
 1100174 363691 3221.11054   88  120 3234.85724 3214.19574  0.64%  31.4 8566s
 1100874 363905 3228.19594   77   30 3234.85724 3214.20226  0.64%  31.4 8570s
 1101716 364180 3228.63727   66  190 3234.85724 3214.21024  0.64%  31.4 8575s
 1102227 364326 infeasible  101      3234.85724 3214.21610  0.64%  31.4 8580s
 1103120 364572 3224.06503   63   67 3234.85724 3214.22562  0.64%  31.4 8585s
 1104058 364797 infeasible   77      3234.85724 3214.23662  0.64%  31.4 8590s
 1104999 365070 3229.11123   68  194 3234.85724 3214.24566  0.64%  31.4 8595s
 1105842 365340 3215.45477   59  355 3234.85724 3214.25573  0.64%  31.4 8600s
 1106396 365522 3214.45020   76  113 3234.85724 3214.25949  0.64%  31.4 8608s
 1106886 365628 3216.18816   68  255 3234.85724 3214.26546  0.64%  31.4 8610s
 1107749 365878 infeasible  106      3234.85724 3214.27619  0.64%  31.4 8615s
 1108881 366255 3233.96620   79  214 3234.85724 3214.28763  0.64%  31.4 8621s
 1109698 366495 3222.72389   88  142 3234.85724 3214.29806  0.64%  31.4 8625s
 1110101 366652 3218.90054  109  235 3234.85724 3214.30247  0.64%  31.4 8630s
 1111380 366971 3219.00446   77  276 3234.85724 3214.31553  0.64%  31.4 8636s
 1112247 367275 infeasible   88      3234.85724 3214.32391  0.63%  31.4 8640s
 1113150 367510 3228.22006   76  220 3234.85724 3214.33129  0.63%  31.3 8645s
 1113669 367751 3227.11646   86  218 3234.85724 3214.33605  0.63%  31.3 8652s
 1114428 367889 3223.09869   78  154 3234.85724 3214.34522  0.63%  31.3 8655s
 1115077 368054 infeasible   83      3234.85724 3214.35135  0.63%  31.3 8660s
 1115977 368356 3230.74978   89  223 3234.85724 3214.35918  0.63%  31.3 8666s
 1116363 368424 infeasible  108      3234.85724 3214.36234  0.63%  31.3 8670s
 1117338 368731     cutoff   85      3234.85724 3214.37294  0.63%  31.3 8675s
 1118287 369034     cutoff   60      3234.85724 3214.38154  0.63%  31.3 8680s
 1119128 369259 3227.49718   78   99 3234.85724 3214.39190  0.63%  31.3 8685s
 1119813 369386 3226.75879   80   71 3234.85724 3214.39619  0.63%  31.3 8690s
 1120369 369548     cutoff  100      3234.85724 3214.40145  0.63%  31.3 8695s
 1120990 369748 3224.65330   73   66 3234.85724 3214.40726  0.63%  31.3 8702s
 1121715 369932 infeasible   80      3234.85724 3214.41279  0.63%  31.3 8705s
 1122693 370245 3228.88404  105   72 3234.85724 3214.42288  0.63%  31.3 8710s
 1123485 370609 3220.88820   79  233 3234.85724 3214.42978  0.63%  31.3 8715s
 1124235 370753 3215.63990   76  263 3234.85724 3214.43848  0.63%  31.3 8720s
 1124557 370831 3224.81015   88   77 3234.85724 3214.44083  0.63%  31.3 8725s
 1124855 370963 3234.69785   64  152 3234.85724 3214.44434  0.63%  31.3 8730s
 1125830 371227 3216.22770   70  219 3234.85724 3214.45295  0.63%  31.3 8735s
 1126997 371558 infeasible   71      3234.85724 3214.46289  0.63%  31.3 8740s
 1127857 371841 3226.75331   71    7 3234.85724 3214.47114  0.63%  31.3 8745s
 1128296 371997 3226.82449   93  218 3234.85724 3214.47529  0.63%  31.3 8751s
 1128987 372208 3223.35412   77   53 3234.85724 3214.48132  0.63%  31.3 8755s
 1129911 372496 infeasible  106      3234.85724 3214.49057  0.63%  31.3 8760s
 1130943 372881 infeasible   76      3234.85724 3214.50258  0.63%  31.3 8765s
 1131818 373107     cutoff   85      3234.85724 3214.51176  0.63%  31.3 8770s
 1132606 373385 3232.41362   99  153 3234.85724 3214.51853  0.63%  31.2 8775s
 1133609 373742 3214.85932   87  135 3234.85724 3214.52819  0.63%  31.2 8781s
 1134445 373965 infeasible   82      3234.85724 3214.53544  0.63%  31.2 8785s
 1135376 374232 3223.49125   56   54 3234.85724 3214.54760  0.63%  31.2 8790s
 1135621 374313 3227.24227  100  172 3234.85724 3214.55087  0.63%  31.2 8795s
 1136556 374601 3231.77690   68   67 3234.85724 3214.55942  0.63%  31.2 8800s
 1137520 374857 3223.13168   56   16 3234.85724 3214.57046  0.63%  31.2 8806s
 1138103 375042 3228.60542   92  235 3234.85724 3214.57702  0.63%  31.2 8810s
 1138898 375282 3217.06932   72  158 3234.85724 3214.58474  0.63%  31.2 8815s
 1139742 375475     cutoff   69      3234.85724 3214.59201  0.63%  31.2 8820s
 1140556 375733 3222.95515   71  236 3234.85724 3214.59894  0.63%  31.2 8825s
 1141174 375909 3224.74519   97  138 3234.85724 3214.60154  0.63%  31.2 8830s
 1142016 376140 infeasible   77      3234.85724 3214.61105  0.63%  31.2 8836s
 1142515 376346 3224.09191   83  266 3234.85724 3214.61542  0.63%  31.2 8840s
 1143022 376476     cutoff   81      3234.85724 3214.62025  0.63%  31.2 8846s
 1143839 376761 3228.37713   95  161 3234.85724 3214.62814  0.63%  31.2 8850s
 1144725 376962     cutoff   80      3234.85724 3214.63618  0.63%  31.2 8855s
 1145310 377044 3231.19165  119  183 3234.85724 3214.64128  0.62%  31.2 8860s
 1145531 377188 3217.79235   72   88 3234.85724 3214.64335  0.62%  31.2 8865s
 1146406 377494 3223.22341   81    8 3234.85724 3214.64999  0.62%  31.2 8870s
 1147220 377839 3225.26299   60   16 3234.85724 3214.65589  0.62%  31.2 8875s
 1148049 378105 3233.51437   75  255 3234.85724 3214.66423  0.62%  31.2 8880s
 1148989 378333 3226.46980   88  199 3234.85724 3214.67096  0.62%  31.2 8885s
 1149814 378543 3218.08086   80  267 3234.85724 3214.68182  0.62%  31.2 8890s
 1150296 378771 3214.70486   85  178 3234.85724 3214.68541  0.62%  31.2 8896s
 1151160 378955 3229.59871   93   56 3234.85724 3214.69336  0.62%  31.2 8900s
 1151765 379303 3231.15950   84  198 3234.85724 3214.69847  0.62%  31.2 8905s
 1153005 379487 3224.14749   68   14 3234.85724 3214.70939  0.62%  31.2 8911s
 1153893 379820 3218.80161   74  258 3234.85724 3214.71752  0.62%  31.2 8915s
 1154835 380184 3214.72671   69   60 3234.85724 3214.72602  0.62%  31.1 8920s
 1155814 380423 3223.36632   60   34 3234.85724 3214.73319  0.62%  31.1 8925s
 1156650 380593 3222.60634   54  373 3234.85724 3214.74322  0.62%  31.1 8930s
 1157387 380949 3228.20781  101  234 3234.85724 3214.74933  0.62%  31.1 8935s
 1157751 380986 3224.17300   76   35 3234.85724 3214.75108  0.62%  31.1 8940s
 1158843 381286 3231.51868   92  251 3234.85724 3214.76138  0.62%  31.1 8945s
 1159522 381517 3214.77982   99  204 3234.85724 3214.76596  0.62%  31.1 8950s
 1160522 381902 infeasible   69      3234.85724 3214.77560  0.62%  31.1 8956s
 1161441 382149 3230.29462   84  222 3234.85724 3214.78339  0.62%  31.1 8960s
 1162164 382285 3231.71480   84  163 3234.85724 3214.79135  0.62%  31.1 8965s
 1163064 382594 infeasible   66      3234.85724 3214.79833  0.62%  31.1 8971s
 1163884 382852 3220.63436   87  261 3234.85724 3214.80646  0.62%  31.1 8976s
 1164565 383051 3225.77986   65   34 3234.85724 3214.81095  0.62%  31.1 8980s
 1165107 383226 3226.59698   69    6 3234.85724 3214.81464  0.62%  31.1 8986s
 1165915 383424 3225.86014   92   72 3234.85724 3214.82213  0.62%  31.1 8991s
 1166642 383680 infeasible  102      3234.85724 3214.82848  0.62%  31.1 8995s
 1167461 383947 3218.33539   75  294 3234.85724 3214.83617  0.62%  31.1 9000s
 1168322 384144     cutoff   91      3234.85724 3214.84279  0.62%  31.1 9005s
 1169021 384324 infeasible   72      3234.85724 3214.85255  0.62%  31.1 9010s
 1169857 384570 3221.03142   61   34 3234.85724 3214.86159  0.62%  31.1 9015s
 1170730 384825 infeasible   70      3234.85724 3214.87068  0.62%  31.1 9020s
 1171583 385079 infeasible  108      3234.85724 3214.87819  0.62%  31.1 9025s
 1172440 385367 3215.53168   65  277 3234.85724 3214.88435  0.62%  31.1 9034s
 1172654 385440 infeasible   80      3234.85724 3214.88513  0.62%  31.1 9035s
 1173493 385666     cutoff   70      3234.85724 3214.89227  0.62%  31.1 9040s
 1174430 385971 3230.17482   80  196 3234.85724 3214.89958  0.62%  31.1 9046s
 1175243 386290 3215.69175   80  294 3234.85724 3214.90575  0.62%  31.1 9050s
 1176094 386532 infeasible   84      3234.85724 3214.91089  0.62%  31.1 9055s
 1176898 386795 3215.06662   73  252 3234.85724 3214.91565  0.62%  31.1 9060s
 1178069 387125 3214.93077   52  124 3234.85724 3214.92416  0.62%  31.1 9065s
 1178947 387406 infeasible   74      3234.85724 3214.93163  0.62%  31.1 9070s
 1179854 387707 3228.69189   83  129 3234.85724 3214.94005  0.62%  31.0 9078s
 1179949 387933 infeasible   61      3234.85724 3214.94151  0.62%  31.0 9081s
 1180840 388082 3217.63375   78  251 3234.85724 3214.94968  0.62%  31.0 9085s
 1181948 388473 3216.98055   88   79 3234.85724 3214.95586  0.62%  31.0 9091s
 1182792 388710 3223.28670   82  114 3234.85724 3214.96480  0.61%  31.0 9095s
 1183703 388986 infeasible   70      3234.85724 3214.97158  0.61%  31.0 9100s
 1184578 389254 3230.45448   72  193 3234.85724 3214.97949  0.61%  31.0 9105s
 1185230 389429 3225.23476   69   56 3234.85724 3214.98344  0.61%  31.0 9110s
 1185689 389508 3221.84612  103  216 3234.85724 3214.98743  0.61%  31.0 9116s
 1185737 389518     cutoff  104      3234.85724 3214.98784  0.61%  31.0 9120s
 1185770 389535 3223.54497  106  210 3234.85724 3214.98831  0.61%  31.0 9125s
 1185802 389539     cutoff  108      3234.85724 3214.98831  0.61%  31.0 9130s
 1185918 389565 3215.26816   71  174 3234.85724 3214.98929  0.61%  31.0 9136s
 1185956 389580 3215.44827   73  175 3234.85724 3214.98929  0.61%  31.0 9140s
 1186003 389591 3216.51432   76  173 3234.85724 3214.98976  0.61%  31.0 9145s
 1186117 389619 3216.85616   90   59 3234.85724 3214.99039  0.61%  31.0 9151s
 1186157 389629 3218.80479   92   55 3234.85724 3214.99056  0.61%  31.0 9155s
 1186182 389641 3219.11040   93   54 3234.85724 3214.99056  0.61%  31.0 9163s
 1186189 389651 3230.49418   91   29 3234.85724 3214.99100  0.61%  31.0 9165s
 1186270 389688 3222.87056   95   55 3234.85724 3214.99136  0.61%  31.0 9171s
 1186348 389714 3229.31925   97   89 3234.85724 3214.99261  0.61%  31.0 9175s
 1186599 389779 3226.92236   97   87 3234.85724 3214.99413  0.61%  31.0 9181s
 1186713 389842     cutoff   99      3234.85724 3214.99511  0.61%  31.0 9185s
 1186816 389846     cutoff  102      3234.85724 3214.99605  0.61%  31.0 9191s
 1186893 389865 3223.36142   76   11 3234.85724 3214.99726  0.61%  31.0 9197s
 1186956 389895 3223.36142   78    8 3234.85724 3214.99726  0.61%  31.0 9202s
 1186972 389906 3223.36142   80    8 3234.85724 3214.99726  0.61%  31.0 9205s
 1187113 389974 3223.36142   82    8 3234.85724 3214.99818  0.61%  31.0 9212s
 1187246 389985 3223.38548   84   10 3234.85724 3214.99896  0.61%  31.0 9217s
 1187360 390085 3226.77785   85    9 3234.85724 3214.99946  0.61%  31.0 9221s
 1187922 390187 3227.01683   87    8 3234.85724 3215.00094  0.61%  31.0 9227s
 1188089 390233     cutoff   87      3234.85724 3215.00118  0.61%  31.0 9230s
 1188477 390587 3224.33505   70  359 3234.85724 3215.00961  0.61%  31.0 9236s
 1189421 390750 3231.53016   82  145 3234.85724 3215.01833  0.61%  31.0 9240s
 1190263 390906     cutoff   65      3234.85724 3215.02478  0.61%  31.0 9245s
 1191091 391263 infeasible   76      3234.85724 3215.03251  0.61%  31.0 9250s
 1192002 391534 infeasible   91      3234.85724 3215.04017  0.61%  31.0 9256s
 1192975 391756 3224.10067   72   35 3234.85724 3215.04680  0.61%  31.0 9260s
 1193945 392024 infeasible   68      3234.85724 3215.05440  0.61%  31.0 9265s
 1194484 392143     cutoff   89      3234.85724 3215.05912  0.61%  31.0 9271s
 1195104 392314 3231.85720   68  192 3234.85724 3215.06478  0.61%  31.0 9275s
 1196006 392591 3215.25741   72   70 3234.85724 3215.07324  0.61%  31.0 9280s
 1196910 392884 3232.38641   87  127 3234.85724 3215.08168  0.61%  31.0 9285s
 1198053 393120 infeasible   80      3234.85724 3215.09105  0.61%  30.9 9290s
 1198990 393402 3229.07646  100  180 3234.85724 3215.09885  0.61%  30.9 9296s
 1199824 393686     cutoff   89      3234.85724 3215.10433  0.61%  30.9 9300s
 1200707 393940 infeasible   83      3234.85724 3215.11177  0.61%  30.9 9305s
 1201709 394259 3216.76490   86  279 3234.85724 3215.11940  0.61%  30.9 9314s
 1201908 394364 3224.42487   63   68 3234.85724 3215.12165  0.61%  30.9 9315s
 1202827 394624 3223.75268   81    8 3234.85724 3215.12741  0.61%  30.9 9320s
 1203677 394913 3219.35489   99  258 3234.85724 3215.13588  0.61%  30.9 9325s
 1204369 395116 3222.50335  103  121 3234.85724 3215.13971  0.61%  30.9 9330s
 1205190 395353 3223.49126   83   34 3234.85724 3215.14724  0.61%  30.9 9335s
 1206075 395505 3225.07308   66   67 3234.85724 3215.15463  0.61%  30.9 9340s
 1206871 395754 3222.93174   73  155 3234.85724 3215.16231  0.61%  30.9 9345s
 1208000 396039     cutoff   61      3234.85724 3215.17145  0.61%  30.9 9351s
 1209014 396329 3221.92574   83  178 3234.85724 3215.17851  0.61%  30.9 9359s
 1209256 396428 3215.65793   93  289 3234.85724 3215.18120  0.61%  30.9 9360s
 1210135 396650 infeasible   85      3234.85724 3215.18740  0.61%  30.9 9365s
 1210868 396870 3230.99822   63    9 3234.85724 3215.19487  0.61%  30.9 9370s
 1211798 397177 3226.34921   68  145 3234.85724 3215.20257  0.61%  30.9 9376s
 1212515 397361     cutoff   74      3234.85724 3215.20903  0.61%  30.9 9380s
 1213277 397656 3225.16681   74  196 3234.85724 3215.21418  0.61%  30.9 9385s
 1214196 397992 3224.23112   91  163 3234.85724 3215.21973  0.61%  30.9 9390s
 1214887 398105 infeasible   91      3234.85724 3215.22667  0.61%  30.9 9395s
 1215896 398423 infeasible   83      3234.85724 3215.23341  0.61%  30.9 9400s
 1216425 398584 3225.91273  105  256 3234.85724 3215.24002  0.61%  30.9 9405s
 1217234 398885 3232.87545  103  172 3234.85724 3215.24678  0.61%  30.9 9410s
 1218492 399175     cutoff   64      3234.85724 3215.25413  0.61%  30.9 9415s
 1219341 399534 3226.25025   77   21 3234.85724 3215.26018  0.61%  30.8 9420s
 1220409 399820 3230.02179  100   52 3234.85724 3215.26948  0.61%  30.8 9425s
 1220950 400002 3229.43420   76  295 3234.85724 3215.27587  0.61%  30.8 9430s
 1221704 400139 3224.35454   61   44 3234.85724 3215.28110  0.61%  30.8 9435s
 1222779 400521 3224.84156   84  211 3234.85724 3215.29044  0.60%  30.8 9441s
 1223572 400725 3222.84541   88  223 3234.85724 3215.29791  0.60%  30.8 9445s
 1223789 400791 3216.88978   75  257 3234.85724 3215.30009  0.60%  30.8 9450s
 1224698 401018 3232.11926   70   25 3234.85724 3215.30549  0.60%  30.8 9455s
 1225503 401215 3227.56560   77  147 3234.85724 3215.31074  0.60%  30.8 9460s
 1226013 401278 3221.77811   88  247 3234.85724 3215.31411  0.60%  30.8 9465s
 1226528 401521 3223.88690   85  196 3234.85724 3215.32242  0.60%  30.8 9470s
 1227542 401837 3221.47345   93  231 3234.85724 3215.33293  0.60%  30.8 9475s
 1228541 402047 3223.90360   74   13 3234.85724 3215.33874  0.60%  30.8 9480s
 1229428 402367     cutoff   83      3234.85724 3215.34831  0.60%  30.8 9485s
 1230324 402606 3223.42063   61   10 3234.85724 3215.35746  0.60%  30.8 9490s
 1231112 402745     cutoff   85      3234.85724 3215.36572  0.60%  30.8 9497s
 1231870 402979     cutoff  100      3234.85724 3215.37027  0.60%  30.8 9500s
 1232882 403151 infeasible   73      3234.85724 3215.37937  0.60%  30.8 9505s
 1233650 403406 3231.37773   85  293 3234.85724 3215.38741  0.60%  30.8 9510s
 1234639 403678 infeasible   93      3234.85724 3215.39503  0.60%  30.8 9515s
 1235492 403984     cutoff  116      3234.85724 3215.40202  0.60%  30.8 9520s
 1236361 404181 3218.09612   78   78 3234.85724 3215.40745  0.60%  30.8 9525s
 1236697 404259 3222.37699   84  242 3234.85724 3215.41001  0.60%  30.8 9530s
 1237543 404596 3227.02589   82  162 3234.85724 3215.41762  0.60%  30.8 9535s
 1238332 404895 3220.97599   80  221 3234.85724 3215.42456  0.60%  30.8 9544s
 1238801 404972 3233.03636   84  239 3234.85724 3215.42939  0.60%  30.8 9545s
 1239857 405236 3226.20109   73   34 3234.85724 3215.43880  0.60%  30.8 9550s
 1240806 405616 3215.76192   74  241 3234.85724 3215.44617  0.60%  30.7 9555s
 1241786 405829 3229.15296   84  296 3234.85724 3215.45506  0.60%  30.7 9560s
 1242613 406160 3226.57109   88  277 3234.85724 3215.46192  0.60%  30.7 9565s
 1243701 406415 3221.34563   63    9 3234.85724 3215.46943  0.60%  30.7 9570s
 1244693 406681     cutoff   77      3234.85724 3215.47945  0.60%  30.7 9575s
 1245545 406966 3225.07422   62   38 3234.85724 3215.48516  0.60%  30.7 9584s
 1245861 406983 3230.97068   80  238 3234.85724 3215.48675  0.60%  30.7 9585s
 1246615 407287 3229.96748  114  148 3234.85724 3215.49263  0.60%  30.7 9590s
 1247611 407599 infeasible   72      3234.85724 3215.49917  0.60%  30.7 9596s
 1248530 407903 3224.04726  100  148 3234.85724 3215.50791  0.60%  30.7 9600s
 1249379 408165 3218.31765   87  150 3234.85724 3215.51436  0.60%  30.7 9605s
 1250390 408424 3217.69261   70   51 3234.85724 3215.52163  0.60%  30.7 9611s
 1251171 408645 3216.68000   77  683 3234.85724 3215.52717  0.60%  30.7 9615s
 1251754 408827 3225.16787   69   56 3234.85724 3215.53021  0.60%  30.7 9620s
 1252656 409064     cutoff   65      3234.85724 3215.53851  0.60%  30.7 9625s
 1252874 409145 3225.41991   78  238 3234.85724 3215.53936  0.60%  30.7 9630s
 1253993 409449 infeasible   70      3234.85724 3215.54719  0.60%  30.7 9635s
 1254955 409745 3223.62398   62  119 3234.85724 3215.55414  0.60%  30.7 9640s
 1255807 410018 3229.52815   88  239 3234.85724 3215.56270  0.60%  30.7 9645s
 1256840 410300 3228.70663   85  212 3234.85724 3215.57142  0.60%  30.7 9650s
 1257674 410517 3217.10332   72  330 3234.85724 3215.57823  0.60%  30.7 9655s
 1258418 410731 3229.71400   92  262 3234.85724 3215.58662  0.60%  30.7 9660s
 1259385 410970 3215.66992   79  295 3234.85724 3215.59481  0.60%  30.6 9665s
 1260302 411234 infeasible   93      3234.85724 3215.59989  0.60%  30.6 9674s
 1260552 411280 3219.31109   58  367 3234.85724 3215.60292  0.60%  30.6 9675s
 1261539 411571 infeasible   77      3234.85724 3215.61193  0.59%  30.6 9680s
 1262369 411810 3216.81075   98  244 3234.85724 3215.61914  0.59%  30.6 9685s
 1263265 411960     cutoff   83      3234.85724 3215.62667  0.59%  30.6 9690s
 1264080 412137 infeasible   75      3234.85724 3215.63402  0.59%  30.6 9695s
 1264707 412242     cutoff   69      3234.85724 3215.63832  0.59%  30.6 9700s
 1265273 412451 infeasible   73      3234.85724 3215.64222  0.59%  30.6 9705s
 1266178 412694 3227.57312   73   82 3234.85724 3215.65132  0.59%  30.6 9710s
 1267018 413004 3233.60208   79  203 3234.85724 3215.65750  0.59%  30.6 9715s
 1267561 413167 infeasible   71      3234.85724 3215.66101  0.59%  30.6 9721s
 1268323 413323 3230.64625  119  145 3234.85724 3215.66588  0.59%  30.6 9725s
 1268941 413427 infeasible  120      3234.85724 3215.67031  0.59%  30.6 9730s
 1269308 413549 infeasible   80      3234.85724 3215.67202  0.59%  30.6 9736s
 1269591 413649 3228.48822   89  182 3234.85724 3215.67595  0.59%  30.6 9740s
 1270460 413884 3225.75155   90  118 3234.85724 3215.68323  0.59%  30.6 9745s
 1271216 414087 3216.93851   98  274 3234.85724 3215.68843  0.59%  30.6 9750s
 1272262 414426 3232.38260   91   81 3234.85724 3215.69609  0.59%  30.6 9755s
 1273122 414628 infeasible   70      3234.85724 3215.70276  0.59%  30.6 9760s
 1274070 414869 3226.11555   62   14 3234.85724 3215.71107  0.59%  30.6 9765s
 1274952 415120 3220.91274   76  163 3234.85724 3215.71802  0.59%  30.6 9774s
 1275183 415172 3219.18674   67  287 3234.85724 3215.72002  0.59%  30.6 9775s
 1276078 415441 3216.13075   89  268 3234.85724 3215.72508  0.59%  30.6 9781s
 1276919 415574 3216.39168   64  145 3234.85724 3215.73227  0.59%  30.6 9786s
 1277665 415879 3225.84646   63  164 3234.85724 3215.73592  0.59%  30.6 9790s
 1278256 416038 3229.76601   58  596 3234.85724 3215.74139  0.59%  30.6 9795s
 1279233 416338 3230.93466   76  239 3234.85724 3215.74877  0.59%  30.6 9800s
 1280122 416600 infeasible   80      3234.85724 3215.75385  0.59%  30.6 9805s
 1281028 416825 infeasible   86      3234.85724 3215.76239  0.59%  30.6 9810s
 1281916 417060 3222.38177   95  265 3234.85724 3215.76866  0.59%  30.6 9815s
 1282491 417207 3231.70269  128  150 3234.85724 3215.77192  0.59%  30.6 9821s
 1283339 417506 3223.73352   86  209 3234.85724 3215.77687  0.59%  30.6 9825s
 1284388 417834     cutoff   70      3234.85724 3215.78374  0.59%  30.6 9830s
 1285161 418048 infeasible   96      3234.85724 3215.78764  0.59%  30.6 9835s
 1286073 418338 infeasible   90      3234.85724 3215.79422  0.59%  30.6 9840s
 1286822 418576 3224.28745   67   37 3234.85724 3215.80059  0.59%  30.5 9845s
 1287615 418780 3226.08899   63   55 3234.85724 3215.80922  0.59%  30.5 9850s
 1288465 418946 infeasible   84      3234.85724 3215.81685  0.59%  30.5 9855s
 1289542 419246     cutoff   85      3234.85724 3215.82557  0.59%  30.5 9865s
 1290569 419514 infeasible   90      3234.85724 3215.83474  0.59%  30.5 9870s
 1291494 419822 3220.27062  110  219 3234.85724 3215.83937  0.59%  30.5 9876s
 1292105 419966 3218.19797   70  252 3234.85724 3215.84273  0.59%  30.5 9880s
 1293084 420278 3215.90093   73  231 3234.85724 3215.85048  0.59%  30.5 9885s
 1293992 420521 infeasible   74      3234.85724 3215.85806  0.59%  30.5 9890s
 1294789 420700 3226.50887   93  158 3234.85724 3215.86465  0.59%  30.5 9895s
 1295331 420888 3233.62018   71   79 3234.85724 3215.86981  0.59%  30.5 9901s
 1296061 421046 3229.79882   88   45 3234.85724 3215.87612  0.59%  30.5 9905s
 1296870 421255 3217.84575   73   99 3234.85724 3215.88270  0.59%  30.5 9913s
 1297366 421432 3227.51781   78  314 3234.85724 3215.88719  0.59%  30.5 9915s
 1298304 421666 3226.85658   59   21 3234.85724 3215.89399  0.59%  30.5 9920s
 1299056 421891 infeasible  124      3234.85724 3215.89921  0.59%  30.5 9925s
 1299889 422169 3216.50056   66  260 3234.85724 3215.90438  0.59%  30.5 9930s
 1300886 422429 3226.77044   86   18 3234.85724 3215.91163  0.59%  30.5 9935s
 1302061 422731 3222.47718   90  258 3234.85724 3215.91887  0.59%  30.5 9940s
 1302661 422874 infeasible   84      3234.85724 3215.92277  0.59%  30.5 9945s
 1303490 423171 3215.98852   96  162 3234.85724 3215.92749  0.59%  30.5 9950s
 1304339 423337     cutoff  103      3234.85724 3215.93275  0.59%  30.5 9957s
 1304456 423530 3218.15503   81  194 3234.85724 3215.93315  0.59%  30.5 9960s
 1305793 423707 3216.86279   77  263 3234.85724 3215.94319  0.58%  30.5 9965s
 1306717 424055 infeasible   72      3234.85724 3215.94714  0.58%  30.5 9970s
 1307611 424227 infeasible   65      3234.85724 3215.95547  0.58%  30.5 9975s
 1308027 424359 3217.29496   52  682 3234.85724 3215.95703  0.58%  30.5 9980s
 1308407 424440 3230.76575   58  570 3234.85724 3215.95843  0.58%  30.5 9985s
 1308871 424545 3222.14755  120  212 3234.85724 3215.96227  0.58%  30.5 9990s
 1309702 424836 infeasible   92      3234.85724 3215.97004  0.58%  30.5 9995s
 1310358 425022 3225.73828   90  292 3234.85724 3215.97498  0.58%  30.5 10000s
 1311077 425252 infeasible  114      3234.85724 3215.97943  0.58%  30.5 10005s
 1311592 425391 3216.60312   98  185 3234.85724 3215.98298  0.58%  30.5 10011s
 1312462 425612 3229.00826   72   97 3234.85724 3215.98998  0.58%  30.5 10015s
 1313527 425899     cutoff   72      3234.85724 3215.99693  0.58%  30.4 10020s
 1314294 426130 3231.17736   71   70 3234.85724 3216.00297  0.58%  30.4 10025s
 1315431 426503 3230.80894   88  107 3234.85724 3216.00953  0.58%  30.4 10030s
 1316391 426793 3224.93247   81    8 3234.85724 3216.01364  0.58%  30.4 10035s
 1317448 427005 3225.93459   59   23 3234.85724 3216.02204  0.58%  30.4 10040s
 1318419 427364 3224.73904   79   63 3234.85724 3216.02941  0.58%  30.4 10045s
 1318865 427525 3227.25590   96  240 3234.85724 3216.03140  0.58%  30.4 10051s
 1319715 427697 infeasible  105      3234.85724 3216.03676  0.58%  30.4 10055s
 1320704 427996 3223.13823   69  245 3234.85724 3216.04273  0.58%  30.4 10060s
 1321428 428230 infeasible   83      3234.85724 3216.04695  0.58%  30.4 10065s
 1322465 428562     cutoff   95      3234.85724 3216.05296  0.58%  30.4 10070s
 1323191 428747 3221.42047  101  276 3234.85724 3216.06101  0.58%  30.4 10075s
 1324210 429000     cutoff  109      3234.85724 3216.06943  0.58%  30.4 10080s
 1325015 429251 3227.12606   88  252 3234.85724 3216.07598  0.58%  30.4 10085s
 1325944 429459 3217.71809   93  269 3234.85724 3216.08157  0.58%  30.4 10090s
 1326285 429544     cutoff   66      3234.85724 3216.08405  0.58%  30.4 10096s
 1326998 429762 3216.47887   68  249 3234.85724 3216.08962  0.58%  30.4 10100s
 1327893 430017 3232.15948  111  212 3234.85724 3216.09653  0.58%  30.4 10105s
 1328682 430237 infeasible   86      3234.85724 3216.10191  0.58%  30.4 10110s
 1329501 430547 3226.13060   75   62 3234.85724 3216.10675  0.58%  30.4 10115s
 1330292 430750 3228.19071   96    6 3234.85724 3216.11119  0.58%  30.4 10120s
 1331240 431048 3228.00130   77  223 3234.85724 3216.11812  0.58%  30.3 10125s
 1332104 431305 3217.21745   58   95 3234.85724 3216.12587  0.58%  30.3 10130s
 1333063 431521 3216.21465   77   92 3234.85724 3216.13199  0.58%  30.3 10135s
 1333586 431717 3226.55164  102  208 3234.85724 3216.13527  0.58%  30.3 10141s
 1334400 431870 3217.11117   75  288 3234.85724 3216.13963  0.58%  30.3 10145s
 1335025 432052 3222.49099   86  252 3234.85724 3216.14425  0.58%  30.3 10150s
 1336094 432310 infeasible  102      3234.85724 3216.15079  0.58%  30.3 10155s
 1336481 432364 3220.86671   74  261 3234.85724 3216.15202  0.58%  30.3 10161s
 1337081 432548     cutoff   87      3234.85724 3216.15927  0.58%  30.3 10165s
 1338093 432869 3228.32088   56   19 3234.85724 3216.16581  0.58%  30.3 10170s
 1339030 433075 3226.48034   87   34 3234.85724 3216.17242  0.58%  30.3 10175s
 1339717 433219 3220.85178   78   93 3234.85724 3216.17500  0.58%  30.3 10181s
 1340135 433381 3217.07836   76  121 3234.85724 3216.17824  0.58%  30.3 10185s
 1340940 433640 3217.88070   86  154 3234.85724 3216.18437  0.58%  30.3 10194s
 1341190 433716 3216.21335   56  119 3234.85724 3216.18509  0.58%  30.3 10195s
 1342036 433853     cutoff   63      3234.85724 3216.19162  0.58%  30.3 10200s
 1342783 434103 infeasible  100      3234.85724 3216.19808  0.58%  30.3 10205s
 1343698 434273 infeasible   69      3234.85724 3216.20327  0.58%  30.3 10210s
 1344542 434485 3220.97408   85  253 3234.85724 3216.21143  0.58%  30.3 10215s
 1345426 434751 3216.23812   71  236 3234.85724 3216.21740  0.58%  30.3 10220s
 1346303 434948 3219.46460   68  284 3234.85724 3216.22560  0.58%  30.3 10225s
 1347176 435069 3230.08339   67   69 3234.85724 3216.23462  0.58%  30.3 10230s
 1347274 435188 infeasible   73      3234.85724 3216.23477  0.58%  30.3 10235s
 1348281 435477 3226.50402   93  254 3234.85724 3216.24126  0.58%  30.3 10243s
 1348723 435560 3221.52859   81  263 3234.85724 3216.24376  0.58%  30.3 10245s
 1349784 435903 3216.31956   94  118 3234.85724 3216.25079  0.58%  30.3 10250s
 1350732 436116 3227.87877  100  276 3234.85724 3216.25584  0.58%  30.3 10255s
 1351605 436359 3220.43648   75  181 3234.85724 3216.26203  0.57%  30.3 10260s
 1352631 436586     cutoff   99      3234.85724 3216.26983  0.57%  30.3 10265s
 1353570 436913 3230.25045   79   54 3234.85724 3216.27444  0.57%  30.3 10270s
 1354541 437223 3218.01065   63  219 3234.85724 3216.28016  0.57%  30.2 10275s
 1355459 437403 3227.30740   78  325 3234.85724 3216.28605  0.57%  30.2 10280s
 1355679 437443 3226.27929  116  240 3234.85724 3216.28776  0.57%  30.2 10285s
 1356451 437621 infeasible   73      3234.85724 3216.29327  0.57%  30.2 10290s
 1357745 437955 infeasible   70      3234.85724 3216.30299  0.57%  30.2 10295s
 1358598 438114 3224.87184   75  224 3234.85724 3216.30960  0.57%  30.2 10300s
 1359576 438450 3229.78676  131  226 3234.85724 3216.31722  0.57%  30.2 10305s
 1360386 438692 3226.28194   79  222 3234.85724 3216.32271  0.57%  30.2 10310s
 1361422 438931 3218.57077   76  272 3234.85724 3216.33257  0.57%  30.2 10315s
 1362196 439111 3230.37218   76  192 3234.85724 3216.33717  0.57%  30.2 10320s
 1363081 439347 3228.34683   84  242 3234.85724 3216.34406  0.57%  30.2 10328s
 1363617 439453 3226.84993   78  285 3234.85724 3216.34710  0.57%  30.2 10330s
 1364214 439615 3217.01819   94  259 3234.85724 3216.35185  0.57%  30.2 10336s
 1364955 439882 3233.57801  100  229 3234.85724 3216.35557  0.57%  30.2 10340s
 1365977 440119     cutoff   62      3234.85724 3216.36398  0.57%  30.2 10345s
 1366904 440408 3226.28743   84  130 3234.85724 3216.37279  0.57%  30.2 10350s
 1367738 440661     cutoff   83      3234.85724 3216.37834  0.57%  30.2 10355s
 1368635 440914 3225.69722   86  258 3234.85724 3216.38346  0.57%  30.2 10360s
 1369459 441077 3221.22799   71  306 3234.85724 3216.38984  0.57%  30.2 10365s
 1370520 441302     cutoff  113      3234.85724 3216.39749  0.57%  30.2 10374s
 1370551 441538 3217.62284  113  255 3234.85724 3216.39749  0.57%  30.2 10383s
 1371645 441588 infeasible   62      3234.85724 3216.40416  0.57%  30.2 10385s
 1372486 441775 3228.89444   79  185 3234.85724 3216.41209  0.57%  30.2 10390s
 1373552 441999 3224.24101   70  248 3234.85724 3216.42009  0.57%  30.2 10396s
 1374335 442109 infeasible   78      3234.85724 3216.42436  0.57%  30.2 10400s
 1375254 442341 infeasible  116      3234.85724 3216.43127  0.57%  30.2 10405s
 1376299 442715 3220.68700   83  266 3234.85724 3216.43654  0.57%  30.2 10410s
 1377167 442898 infeasible   91      3234.85724 3216.44505  0.57%  30.2 10415s
 1378002 443162 3222.64722   71   63 3234.85724 3216.45107  0.57%  30.2 10423s
 1378238 443202 infeasible   74      3234.85724 3216.45254  0.57%  30.2 10425s
 1379138 443516 3223.25569   84  256 3234.85724 3216.45802  0.57%  30.2 10430s
 1379884 443734 infeasible   62      3234.85724 3216.46300  0.57%  30.2 10435s
 1380867 444004 3229.81403   78  211 3234.85724 3216.47040  0.57%  30.2 10440s
 1381700 444226 3231.15431   84  159 3234.85724 3216.47649  0.57%  30.2 10445s
 1382572 444441 3229.17689   76  143 3234.85724 3216.48306  0.57%  30.2 10450s
 1383543 444657 3216.60233   69  109 3234.85724 3216.49021  0.57%  30.1 10455s
 1384452 444943 3230.79652   64   58 3234.85724 3216.49635  0.57%  30.1 10460s
 1385278 445126 3230.47115   77  149 3234.85724 3216.50162  0.57%  30.1 10467s
 1385986 445288 infeasible   88      3234.85724 3216.50585  0.57%  30.1 10470s
 1386857 445549 infeasible   82      3234.85724 3216.51216  0.57%  30.1 10475s
 1387426 445621 3216.97191  120  273 3234.85724 3216.51547  0.57%  30.1 10482s
 1387438 445618 3217.00328  121  271 3234.85724 3216.51562  0.57%  30.1 10487s
 1387448 445625 3217.74638  122  272 3234.85724 3216.51595  0.57%  30.1 10493s
 1387458 445625 3217.79434  123  272 3234.85724 3216.51649  0.57%  30.1 10497s
 1387470 445630 3221.78169  124  226 3234.85724 3216.51668  0.57%  30.1 10502s
 1387480 445631 infeasible  125      3234.85724 3216.51668  0.57%  30.1 10507s
 1387521 445647 3222.99014  125  219 3234.85724 3216.51705  0.57%  30.1 10513s
 1387598 445655 3223.06030  126  219 3234.85724 3216.51705  0.57%  30.1 10518s
 1387606 445652 infeasible  127      3234.85724 3216.51705  0.57%  30.1 10525s
 1387689 445676 3224.32134  128  214 3234.85724 3216.51751  0.57%  30.1 10530s
 1387751 445694 infeasible  130      3234.85724 3216.51863  0.57%  30.1 10536s
 1387801 445705 3225.92227  130  217 3234.85724 3216.51892  0.57%  30.1 10541s
 1387887 445736 3226.07208  133  217 3234.85724 3216.51999  0.57%  30.1 10546s
 1388049 445741 3226.07208  136  217 3234.85724 3216.52085  0.57%  30.1 10551s
 1388158 445792 infeasible  137      3234.85724 3216.52151  0.57%  30.1 10555s
 1388386 445812 3228.72251   65  183 3234.85724 3216.52297  0.57%  30.1 10560s
 1388426 445819     cutoff   68      3234.85724 3216.52297  0.57%  30.1 10567s
 1388575 446020     cutoff  131      3234.85724 3216.52649  0.57%  30.1 10571s
 1389525 446231 3224.23865   85   34 3234.85724 3216.53168  0.57%  30.1 10575s
 1390713 446471 3225.48228   82   36 3234.85724 3216.53960  0.57%  30.1 10580s
 1391498 446710 3223.31921   93  248 3234.85724 3216.54420  0.57%  30.1 10585s
 1392504 446866     cutoff   82      3234.85724 3216.55006  0.57%  30.1 10592s
 1392620 447062 infeasible   89      3234.85724 3216.55079  0.57%  30.1 10595s
 1394133 447364 infeasible   87      3234.85724 3216.56033  0.57%  30.1 10600s
 1395006 447637 3218.72318   80  275 3234.85724 3216.56441  0.57%  30.1 10605s
 1396001 447871     cutoff   84      3234.85724 3216.57034  0.57%  30.1 10610s
 1397011 448093 3216.95885   52  150 3234.85724 3216.57811  0.57%  30.1 10615s
 1398161 448355     cutoff  101      3234.85724 3216.58599  0.56%  30.1 10620s
 1399157 448719 3223.61059   86  247 3234.85724 3216.59290  0.56%  30.1 10625s
 1399789 448868 3223.46124   78  303 3234.85724 3216.59559  0.56%  30.1 10632s
 1400227 448958 3216.82890   79  230 3234.85724 3216.59771  0.56%  30.1 10635s
 1401024 449189 3227.22231   79  169 3234.85724 3216.60277  0.56%  30.1 10640s
 1401931 449457 3217.63588   70  275 3234.85724 3216.60908  0.56%  30.1 10645s
 1402761 449561 3223.61643   74  199 3234.85724 3216.61584  0.56%  30.1 10650s
 1403557 449876 3225.20491   82    7 3234.85724 3216.62127  0.56%  30.1 10656s
 1404232 450043 infeasible   77      3234.85724 3216.62558  0.56%  30.1 10660s
 1405506 450391 3225.20124   64    8 3234.85724 3216.63370  0.56%  30.0 10666s
 1406396 450585 infeasible   86      3234.85724 3216.64036  0.56%  30.0 10671s
 1407049 450823 3220.34566   79  257 3234.85724 3216.64533  0.56%  30.0 10678s
 1407531 450904 3217.40185   69  292 3234.85724 3216.64886  0.56%  30.0 10680s
 1408631 451293 3217.13530   75  159 3234.85724 3216.65534  0.56%  30.0 10685s
 1409656 451575 3225.27439   83  258 3234.85724 3216.66259  0.56%  30.0 10690s
 1410590 451848 3223.09000   84  282 3234.85724 3216.66731  0.56%  30.0 10695s
 1411595 452129 3216.82025   84  304 3234.85724 3216.67440  0.56%  30.0 10700s
 1412341 452331 3224.03767   88  165 3234.85724 3216.67941  0.56%  30.0 10705s
 1413355 452595 3225.46361   74   60 3234.85724 3216.68658  0.56%  30.0 10710s
 1414284 452912 3216.94094  102  200 3234.85724 3216.69316  0.56%  30.0 10719s
 1414665 452927 3222.81249   78  130 3234.85724 3216.69595  0.56%  30.0 10720s
 1415496 453198 3218.91977   90  259 3234.85724 3216.70132  0.56%  30.0 10725s
 1416405 453387 3228.91579   69  234 3234.85724 3216.70788  0.56%  30.0 10730s
 1417379 453560 3221.14167   75  262 3234.85724 3216.71534  0.56%  30.0 10735s
 1418281 453806 3220.31003   91  272 3234.85724 3216.72066  0.56%  30.0 10740s
 1419268 454116     cutoff   91      3234.85724 3216.72647  0.56%  30.0 10745s
 1420032 454277 3231.66102  119  124 3234.85724 3216.73265  0.56%  30.0 10750s
 1421013 454481     cutoff  110      3234.85724 3216.73825  0.56%  30.0 10755s
 1421545 454623 3228.10760   96   91 3234.85724 3216.74202  0.56%  30.0 10762s
 1422287 454779 infeasible   98      3234.85724 3216.74599  0.56%  30.0 10765s
 1423195 455022 infeasible  106      3234.85724 3216.75383  0.56%  30.0 10771s
 1424037 455149 3222.59841   75  168 3234.85724 3216.75960  0.56%  30.0 10775s
 1424821 455359 3231.40461   95  265 3234.85724 3216.76582  0.56%  30.0 10780s
 1425504 455596     cutoff   78      3234.85724 3216.76889  0.56%  30.0 10785s
 1426535 455872 3227.33709   88  168 3234.85724 3216.77446  0.56%  30.0 10791s
 1427297 456045 3233.35785   71  302 3234.85724 3216.77726  0.56%  30.0 10795s
 1428197 456324 infeasible   98      3234.85724 3216.78372  0.56%  30.0 10800s
 1429044 456453 infeasible   84      3234.85724 3216.79034  0.56%  29.9 10807s
 1429162 456603 3219.18305   61  110 3234.85724 3216.79153  0.56%  29.9 10810s
 1430200 456830 3228.34689  104  175 3234.85724 3216.79773  0.56%  29.9 10815s
 1431498 457178     cutoff   82      3234.85724 3216.80503  0.56%  29.9 10820s
 1431871 457234 3226.27597   85  139 3234.85724 3216.80736  0.56%  29.9 10825s
 1431927 457279 3225.47197   64   69 3234.85724 3216.80796  0.56%  29.9 10830s
 1432851 457567 3217.24441   70  102 3234.85724 3216.81341  0.56%  29.9 10835s
 1434046 457826     cutoff   84      3234.85724 3216.82093  0.56%  29.9 10840s
 1434752 458005 infeasible  103      3234.85724 3216.82581  0.56%  29.9 10845s
 1434797 458026 3223.13435  107  212 3234.85724 3216.82581  0.56%  29.9 10850s
 1435694 458299 3231.81983   78   39 3234.85724 3216.83177  0.56%  29.9 10855s
 1436350 458525 3224.34851   67  189 3234.85724 3216.83655  0.56%  29.9 10862s
 1437037 458644 3222.73928  107  232 3234.85724 3216.84053  0.56%  29.9 10865s
 1437822 458800 3229.57833   99  259 3234.85724 3216.84648  0.56%  29.9 10870s
 1438832 459118     cutoff  108      3234.85724 3216.85276  0.56%  29.9 10875s
 1439724 459327 3226.94496   85  240 3234.85724 3216.85867  0.56%  29.9 10880s
 1440751 459611 3221.21713   88   46 3234.85724 3216.86460  0.56%  29.9 10885s
 1441592 459821 infeasible  115      3234.85724 3216.87031  0.56%  29.9 10890s
 1442406 460044 3228.10809   72   10 3234.85724 3216.87527  0.56%  29.9 10895s
 1443424 460288 3225.46000  100  235 3234.85724 3216.88091  0.56%  29.9 10900s
 1443574 460334 3229.95675   68    6 3234.85724 3216.88154  0.56%  29.9 10905s
 1444528 460541 3221.42748   85   33 3234.85724 3216.88901  0.56%  29.9 10910s
 1445532 460734     cutoff   67      3234.85724 3216.89655  0.56%  29.9 10915s
 1446577 461003 3221.30394   95  225 3234.85724 3216.90345  0.56%  29.9 10921s
 1447295 461186 3227.65923  117  245 3234.85724 3216.90756  0.55%  29.9 10925s
 1448141 461450 3227.07513   97   99 3234.85724 3216.91317  0.55%  29.9 10930s
 1449096 461723 3217.15378   64  113 3234.85724 3216.92007  0.55%  29.9 10935s
 1449952 461956 3230.62125   74  274 3234.85724 3216.92393  0.55%  29.9 10940s
 1451101 462225 infeasible   91      3234.85724 3216.93103  0.55%  29.9 10949s
 1451340 462336 3226.97731   65   22 3234.85724 3216.93218  0.55%  29.9 10950s
 1452539 462623     cutoff  122      3234.85724 3216.93987  0.55%  29.9 10955s
 1453466 462906 infeasible   84      3234.85724 3216.94515  0.55%  29.8 10960s
 1454422 463060 3227.55590   83  128 3234.85724 3216.95052  0.55%  29.8 10965s
 1455431 463357 3223.90534   84  272 3234.85724 3216.95716  0.55%  29.8 10970s
 1456226 463494 infeasible  106      3234.85724 3216.96241  0.55%  29.8 10975s
 1457137 463841 3219.18477   87  283 3234.85724 3216.96905  0.55%  29.8 10980s
 1458163 464021 3227.91074   87  221 3234.85724 3216.97504  0.55%  29.8 10986s
 1458600 464131 3224.30011  112  227 3234.85724 3216.97747  0.55%  29.8 10991s
 1459237 464273 3217.23411   64   85 3234.85724 3216.98075  0.55%  29.8 10995s
 1460337 464672 3225.03476  108  224 3234.85724 3216.98717  0.55%  29.8 11001s
 1461265 464897 3228.49051   70   64 3234.85724 3216.99298  0.55%  29.8 11005s
 1462203 465118 3230.60418   88  174 3234.85724 3216.99800  0.55%  29.8 11010s
 1463092 465372 3227.31331   72  138 3234.85724 3217.00467  0.55%  29.8 11015s
 1464268 465635 3219.69595   67  298 3234.85724 3217.01371  0.55%  29.8 11020s
 1465043 465874     cutoff   78      3234.85724 3217.01993  0.55%  29.8 11025s
 1465892 466093 3227.04968   80  106 3234.85724 3217.02439  0.55%  29.8 11033s
 1466425 466182 3232.83330  102  187 3234.85724 3217.02840  0.55%  29.8 11035s
 1467495 466462 infeasible   67      3234.85724 3217.03375  0.55%  29.8 11040s
 1468529 466677 infeasible   82      3234.85724 3217.03921  0.55%  29.8 11045s
 1469380 466928 3234.07067   89    8 3234.85724 3217.04591  0.55%  29.8 11050s
 1470123 467109 3217.05519   82  155 3234.85724 3217.05128  0.55%  29.8 11055s
 1471136 467369 3219.02298   77  240 3234.85724 3217.05664  0.55%  29.8 11060s
 1472209 467703 3228.13475   99   78 3234.85724 3217.06311  0.55%  29.8 11065s
 1473290 467987     cutoff   68      3234.85724 3217.06826  0.55%  29.8 11074s
 1473447 468072 3229.61788   83  241 3234.85724 3217.06847  0.55%  29.8 11076s
 1474431 468212 3218.79723   74  217 3234.85724 3217.07556  0.55%  29.8 11081s
 1475049 468348 3227.79220   56  136 3234.85724 3217.07969  0.55%  29.8 11085s
 1475803 468475     cutoff   82      3234.85724 3217.08404  0.55%  29.8 11091s
 1476418 468675 3217.66082   88  264 3234.85724 3217.08872  0.55%  29.8 11095s
 1477335 468922 3226.96984   75   10 3234.85724 3217.09584  0.55%  29.8 11100s
 1478407 469182     cutoff   99      3234.85724 3217.10113  0.55%  29.8 11105s
 1479389 469391 3231.93461   78  197 3234.85724 3217.10853  0.55%  29.8 11110s
 1480212 469654 3233.26399   97   89 3234.85724 3217.11416  0.55%  29.8 11115s
 1480591 469695 3225.89230   80   34 3234.85724 3217.11573  0.55%  29.8 11120s
 1481608 469983 infeasible   66      3234.85724 3217.12224  0.55%  29.8 11125s
 1482301 470196 3230.30410   90  171 3234.85724 3217.12804  0.55%  29.8 11130s
 1483557 470468 3223.39188   54  102 3234.85724 3217.13520  0.55%  29.7 11135s
 1484313 470690 3219.80710   64   51 3234.85724 3217.13900  0.55%  29.7 11140s
 1485227 470926 3219.99098   84  159 3234.85724 3217.14494  0.55%  29.7 11145s
 1486281 471099 3228.12686   91  165 3234.85724 3217.15180  0.55%  29.7 11150s
 1487107 471355 infeasible   91      3234.85724 3217.15665  0.55%  29.7 11155s
 1488009 471575 3220.85212   91  221 3234.85724 3217.16181  0.55%  29.7 11162s
 1488537 471670 3226.55583   76   64 3234.85724 3217.16493  0.55%  29.7 11165s
 1489498 471882 3229.59943   91  262 3234.85724 3217.17206  0.55%  29.7 11171s
 1490378 472038     cutoff   75      3234.85724 3217.17727  0.55%  29.7 11176s
 1491147 472161 3225.94779   72  148 3234.85724 3217.18518  0.55%  29.7 11180s
 1492021 472379 3218.65361   62  112 3234.85724 3217.19118  0.55%  29.7 11185s
 1492918 472564     cutoff   80      3234.85724 3217.19597  0.55%  29.7 11190s
 1493935 472860     cutoff   90      3234.85724 3217.20149  0.55%  29.7 11196s
 1494903 473141     cutoff   89      3234.85724 3217.20746  0.55%  29.7 11200s
 1495293 473295 infeasible   98      3234.85724 3217.21033  0.55%  29.7 11206s
 1496121 473458 3218.50751   59   69 3234.85724 3217.21624  0.55%  29.7 11210s
 1496957 473659 infeasible   67      3234.85724 3217.22133  0.55%  29.7 11215s
 1497924 473905 3233.90780   69  100 3234.85724 3217.22806  0.54%  29.7 11220s
 1498772 474147 3217.42600   88  150 3234.85724 3217.23287  0.54%  29.7 11225s
 1499525 474383 3228.29181   77   70 3234.85724 3217.23736  0.54%  29.7 11230s
 1500515 474584 3218.20187   70  277 3234.85724 3217.24339  0.54%  29.7 11236s
 1501191 474746 3221.09828   87  222 3234.85724 3217.24674  0.54%  29.7 11240s
 1502114 474954 3220.92528   87  201 3234.85724 3217.25325  0.54%  29.7 11245s
 1502623 475051 3226.17298   66   20 3234.85724 3217.25622  0.54%  29.7 11252s
 1503143 475239 3217.61645   97  241 3234.85724 3217.25915  0.54%  29.7 11255s
 1503991 475488 3227.16500   64   14 3234.85724 3217.26344  0.54%  29.7 11260s
 1504900 475603 infeasible   89      3234.85724 3217.27034  0.54%  29.7 11265s
 1505688 475894 infeasible   81      3234.85724 3217.27462  0.54%  29.7 11270s
 1506305 475989     cutoff   73      3234.85724 3217.27831  0.54%  29.7 11275s
 1507032 476198 3228.40082   62    9 3234.85724 3217.28423  0.54%  29.7 11280s
 1507854 476382     cutoff   91      3234.85724 3217.29030  0.54%  29.7 11285s
 1508779 476592 3217.70568   62  191 3234.85724 3217.29616  0.54%  29.7 11290s
 1509589 476772     cutoff   87      3234.85724 3217.30135  0.54%  29.7 11295s
 1509952 476859 3229.40645   61   88 3234.85724 3217.30411  0.54%  29.7 11301s
 1510816 477047 3226.47904   77   70 3234.85724 3217.31114  0.54%  29.7 11306s
 1511730 477263 3226.32169   68  136 3234.85724 3217.31588  0.54%  29.7 11311s
 1512430 477416 3226.40181   62   23 3234.85724 3217.32089  0.54%  29.7 11316s
 1513227 477593 infeasible   92      3234.85724 3217.32571  0.54%  29.6 11321s
 1513939 477736 3221.06130   68  285 3234.85724 3217.33180  0.54%  29.6 11325s
 1515112 477995 3224.96528   89  233 3234.85724 3217.34159  0.54%  29.6 11331s
 1515950 478191 infeasible   79      3234.85724 3217.34812  0.54%  29.6 11335s
 1516798 478412 3217.46673   90  166 3234.85724 3217.35481  0.54%  29.6 11340s
 1517218 478518 3222.76727   70  188 3234.85724 3217.35673  0.54%  29.6 11346s
 1517838 478677 3226.56136   63  171 3234.85724 3217.36087  0.54%  29.6 11350s
 1518635 478825 3222.25329   88  260 3234.85724 3217.36746  0.54%  29.6 11355s
 1519500 479053 3218.31386   58  297 3234.85724 3217.37190  0.54%  29.6 11360s
 1520332 479242 infeasible   73      3234.85724 3217.37853  0.54%  29.6 11365s
 1521296 479535 3218.86784   82  219 3234.85724 3217.38348  0.54%  29.6 11370s
 1522089 479728 3230.16496   91  244 3234.85724 3217.38785  0.54%  29.6 11375s
 1522982 479905 3233.24781  105  111 3234.85724 3217.39481  0.54%  29.6 11380s
 1523884 480133 3220.25323   74   10 3234.85724 3217.40006  0.54%  29.6 11385s
 1524582 480276 3221.89948   73  316 3234.85724 3217.40515  0.54%  29.6 11392s
 1525241 480397 infeasible   64      3234.85724 3217.40959  0.54%  29.6 11395s
 1526025 480547 3227.24506   63    9 3234.85724 3217.41427  0.54%  29.6 11400s
 1527022 480779 3217.83971   75  219 3234.85724 3217.42021  0.54%  29.6 11405s
 1527981 481045 3233.25972   87   90 3234.85724 3217.42647  0.54%  29.6 11411s
 1528553 481191 infeasible   75      3234.85724 3217.43004  0.54%  29.6 11415s
 1529422 481444 3230.45108   77  200 3234.85724 3217.43580  0.54%  29.6 11420s
 1530381 481669 3226.40556   67   14 3234.85724 3217.44153  0.54%  29.6 11425s
 1530726 481726 3219.04862   90   78 3234.85724 3217.44368  0.54%  29.6 11430s
 1531338 481995 3225.35196  118  111 3234.85724 3217.44844  0.54%  29.6 11435s
 1531862 482115 3230.54979   93  195 3234.85724 3217.45069  0.54%  29.6 11441s
 1532758 482304 3217.59076   63  105 3234.85724 3217.45598  0.54%  29.6 11445s
 1533889 482604 3217.79363   68  250 3234.85724 3217.46307  0.54%  29.6 11450s
 1535141 482993 infeasible   72      3234.85724 3217.46932  0.54%  29.6 11455s
 1535897 483193 3228.88323   86   11 3234.85724 3217.47478  0.54%  29.6 11460s
 1537032 483479 3228.97905   79   34 3234.85724 3217.48188  0.54%  29.6 11465s
 1538180 483801     cutoff   65      3234.85724 3217.48949  0.54%  29.6 11470s
 1539043 484043 3228.92812   84  231 3234.85724 3217.49388  0.54%  29.6 11475s
 1539275 484111 3225.51248   88  246 3234.85724 3217.49591  0.54%  29.6 11480s
 1540251 484350 3221.73336   87  228 3234.85724 3217.50197  0.54%  29.5 11485s
 1541137 484612 3217.50955   72  143 3234.85724 3217.50627  0.54%  29.5 11490s
 1542034 484804 3221.08009   81  222 3234.85724 3217.51188  0.54%  29.5 11495s
 1543169 485070 infeasible   75      3234.85724 3217.51863  0.54%  29.5 11500s
 1544048 485245 infeasible   87      3234.85724 3217.52363  0.54%  29.5 11505s
 1545069 485538 3227.25240  102  233 3234.85724 3217.52882  0.54%  29.5 11510s
 1545534 485616 infeasible   77      3234.85724 3217.53055  0.54%  29.5 11515s
 1546481 485831 3220.51814   85   38 3234.85724 3217.53820  0.54%  29.5 11521s
 1546802 485844 3217.93046   70  108 3234.85724 3217.54040  0.54%  29.5 11525s
 1547526 485956     cutoff   76      3234.85724 3217.54489  0.54%  29.5 11530s
 1548727 486290 3224.12010   95  253 3234.85724 3217.55188  0.53%  29.5 11536s
 1549647 486475     cutoff   76      3234.85724 3217.55728  0.53%  29.5 11540s
 1550693 486679 infeasible   76      3234.85724 3217.56471  0.53%  29.5 11545s
 1551426 486859 3217.59537   83  114 3234.85724 3217.56894  0.53%  29.5 11550s
 1552418 487148 infeasible   67      3234.85724 3217.57577  0.53%  29.5 11556s
 1553198 487360 3229.11138   68  206 3234.85724 3217.57958  0.53%  29.5 11560s
 1554185 487667 infeasible   64      3234.85724 3217.58479  0.53%  29.5 11568s
 1554488 487695 3226.26874   69   34 3234.85724 3217.58638  0.53%  29.5 11570s
 1555431 487952 3226.98278   86  201 3234.85724 3217.59244  0.53%  29.5 11575s
 1556501 488159 3226.41996   68   13 3234.85724 3217.59959  0.53%  29.5 11580s
 1557482 488482 3225.20237   81  235 3234.85724 3217.60524  0.53%  29.5 11585s
 1558599 488651 infeasible   81      3234.85724 3217.61284  0.53%  29.5 11590s
 1559417 488967 3217.61699   76  124 3234.85724 3217.61681  0.53%  29.5 11595s
 1560481 489233     cutoff   87      3234.85724 3217.62164  0.53%  29.5 11600s
 1561246 489424 3220.86484   67  135 3234.85724 3217.62687  0.53%  29.5 11605s
 1561576 489539 3226.54317  100  228 3234.85724 3217.62928  0.53%  29.5 11611s
 1562573 489750 infeasible   71      3234.85724 3217.63678  0.53%  29.5 11615s
 1563318 490001 infeasible   82      3234.85724 3217.64093  0.53%  29.5 11620s
 1564250 490264 3233.87269  105  130 3234.85724 3217.64647  0.53%  29.5 11625s
 1565266 490482 infeasible   82      3234.85724 3217.65201  0.53%  29.5 11631s
 1566228 490636 3226.14389   81  270 3234.85724 3217.65852  0.53%  29.5 11635s
 1567055 490899 3230.31408   94   93 3234.85724 3217.66263  0.53%  29.5 11640s
 1567992 491178 3228.65458   82    9 3234.85724 3217.66947  0.53%  29.4 11645s
 1568589 491324 3228.27148  102  243 3234.85724 3217.67312  0.53%  29.4 11650s
 1568989 491491 3222.47860   95   55 3234.85724 3217.67530  0.53%  29.4 11656s
 1569943 491655     cutoff  101      3234.85724 3217.68001  0.53%  29.4 11660s
 1570922 491940 infeasible  110      3234.85724 3217.68583  0.53%  29.4 11665s
 1571901 492120 3226.51058   75   34 3234.85724 3217.69148  0.53%  29.4 11670s
 1572766 492354 infeasible   91      3234.85724 3217.69559  0.53%  29.4 11675s
 1573545 492617 infeasible   89      3234.85724 3217.70048  0.53%  29.4 11681s
 1574172 492734 3218.70731   73  172 3234.85724 3217.70441  0.53%  29.4 11685s
 1575243 492948 3228.28526   88   87 3234.85724 3217.71068  0.53%  29.4 11690s
 1576015 493157 3226.76983  101  193 3234.85724 3217.71698  0.53%  29.4 11695s
 1576356 493191 3224.68390   82   93 3234.85724 3217.71938  0.53%  29.4 11700s
 1577165 493449 3231.98304   63  102 3234.85724 3217.72385  0.53%  29.4 11705s
 1578246 493579 3226.66345   67   69 3234.85724 3217.73068  0.53%  29.4 11710s
 1579083 493814 3229.21388   68   34 3234.85724 3217.73538  0.53%  29.4 11715s
 1579889 493932 3226.70615   75   70 3234.85724 3217.74086  0.53%  29.4 11720s
 1580816 494156 3220.80681   65   24 3234.85724 3217.74783  0.53%  29.4 11726s
 1581715 494442 3221.34464   68  232 3234.85724 3217.75315  0.53%  29.4 11730s
 1582529 494640 3219.05188   86  254 3234.85724 3217.75683  0.53%  29.4 11735s
 1583587 494808 3218.38266  103  215 3234.85724 3217.76112  0.53%  29.4 11744s
 1583626 495072 3223.49713   98  161 3234.85724 3217.76133  0.53%  29.4 11752s
 1584995 495245 infeasible   88      3234.85724 3217.76742  0.53%  29.4 11755s
 1586109 495403 infeasible   72      3234.85724 3217.77434  0.53%  29.4 11760s
 1586813 495584 3220.11520   94  275 3234.85724 3217.77883  0.53%  29.4 11765s
 1587850 495816 3218.88457   76  273 3234.85724 3217.78640  0.53%  29.4 11770s
 1588884 496087 3231.68982   73  280 3234.85724 3217.79180  0.53%  29.4 11775s
 1589842 496321 3227.89538   92   50 3234.85724 3217.79773  0.53%  29.4 11780s
 1591039 496629 3226.32327   82    5 3234.85724 3217.80490  0.53%  29.4 11789s
 1591225 496699 3225.91730   54  367 3234.85724 3217.80555  0.53%  29.4 11790s
 1591959 496824     cutoff   88      3234.85724 3217.81052  0.53%  29.4 11795s
 1592823 497022     cutoff   64      3234.85724 3217.81721  0.53%  29.4 11800s
 1593789 497258 infeasible  104      3234.85724 3217.82275  0.53%  29.4 11805s
 1594670 497513 3228.92583   99  200 3234.85724 3217.82761  0.53%  29.4 11810s
 1595694 497745 3218.73264   84  287 3234.85724 3217.83667  0.53%  29.4 11816s
 1596164 497800 3224.57237   80  274 3234.85724 3217.83881  0.53%  29.4 11820s
 1596385 497865 3222.66195   80   36 3234.85724 3217.83965  0.53%  29.4 11826s
 1596682 497947 infeasible   93      3234.85724 3217.84057  0.53%  29.4 11830s
 1596976 498004 3228.64351  114  124 3234.85724 3217.84218  0.53%  29.4 11835s
 1597176 498098 3218.19759  103  154 3234.85724 3217.84295  0.53%  29.4 11840s
 1597408 498135 infeasible  100      3234.85724 3217.84482  0.53%  29.4 11845s
 1597809 498247     cutoff   87      3234.85724 3217.84891  0.53%  29.4 11851s
 1598391 498329 infeasible   57      3234.85724 3217.85307  0.53%  29.4 11858s
 1598397 498224 3218.56380   58  345 3234.85724 3217.85309  0.53%  29.4 11881s
 1600764 498394 infeasible   91      3234.85724 3217.86133  0.53%  29.4 11885s
 1601646 498608 3218.65463   88  291 3234.85724 3217.86605  0.53%  29.4 11890s
 1602647 498754 infeasible   71      3234.85724 3217.87163  0.53%  29.4 11895s
 1603843 499032 3223.84602   98  221 3234.85724 3217.87913  0.52%  29.4 11900s
 1605076 499351     cutoff   88      3234.85724 3217.88490  0.52%  29.4 11905s
 1605724 499596 infeasible   78      3234.85724 3217.88849  0.52%  29.4 11913s
 1606154 499703 3224.76163   83  168 3234.85724 3217.89089  0.52%  29.3 11915s
 1607282 500046 3223.79726  108  113 3234.85724 3217.89692  0.52%  29.3 11920s
 1608494 500280     cutoff   63      3234.85724 3217.90239  0.52%  29.3 11926s
 1609327 500583     cutoff   90      3234.85724 3217.90612  0.52%  29.3 11930s
 1610305 500759 3225.35915  102  460 3234.85724 3217.91232  0.52%  29.3 11935s
 1610927 500948 3220.46889   71  143 3234.85724 3217.91613  0.52%  29.3 11940s
 1612063 501191 infeasible  131      3234.85724 3217.92204  0.52%  29.3 11945s
 1612984 501436 infeasible  128      3234.85724 3217.92737  0.52%  29.3 11953s
 1613146 501538 3233.41608   78  202 3234.85724 3217.92790  0.52%  29.3 11955s
 1614165 501723 3226.93360   85  322 3234.85724 3217.93344  0.52%  29.3 11960s
 1614933 501856 3220.55935   67  512 3234.85724 3217.93789  0.52%  29.3 11965s
 1615749 502031 3228.18935   92   77 3234.85724 3217.94398  0.52%  29.3 11970s
 1616630 502183     cutoff   68      3234.85724 3217.94865  0.52%  29.3 11975s
 1617314 502270 3225.19182   60  493 3234.85724 3217.95379  0.52%  29.3 11980s
 1618237 502462     cutoff   77      3234.85724 3217.95914  0.52%  29.3 11985s
 1619241 502706 infeasible   65      3234.85724 3217.96453  0.52%  29.3 11991s
 1620163 502858     cutoff   87      3234.85724 3217.97042  0.52%  29.3 11995s
 1620286 502883 infeasible   85      3234.85724 3217.97113  0.52%  29.3 12000s
 1621346 503178 3226.89463   60   20 3234.85724 3217.97682  0.52%  29.3 12006s
 1622210 503420 3225.80538  100  227 3234.85724 3217.98128  0.52%  29.3 12010s
 1623199 503704 3225.56335   99  231 3234.85724 3217.98660  0.52%  29.3 12015s
 1624071 504020 3222.41595   87  232 3234.85724 3217.99044  0.52%  29.3 12020s
 1625312 504274 3229.26309   84   60 3234.85724 3217.99707  0.52%  29.3 12025s
 1626140 504478 3218.39398   86  120 3234.85724 3218.00161  0.52%  29.3 12030s
 1627207 504844     cutoff   83      3234.85724 3218.00697  0.52%  29.3 12035s
 1627509 504905 3224.77442   89  222 3234.85724 3218.00872  0.52%  29.3 12040s
 1627977 504994     cutoff   76      3234.85724 3218.01055  0.52%  29.3 12045s
 1629104 505344 infeasible   75      3234.85724 3218.01676  0.52%  29.3 12051s
 1629924 505486 infeasible   90      3234.85724 3218.02055  0.52%  29.3 12055s
 1630893 505723 3227.49751   79   68 3234.85724 3218.02507  0.52%  29.3 12060s
 1631808 506038 3231.89819   82  271 3234.85724 3218.03033  0.52%  29.3 12065s
 1632724 506242 3231.47609   71   61 3234.85724 3218.03546  0.52%  29.3 12070s
 1633744 506441 3232.23457   98  189 3234.85724 3218.04218  0.52%  29.3 12076s
 1634538 506655 3225.39625  109  266 3234.85724 3218.04685  0.52%  29.3 12080s
 1634758 506685 3229.97804   91   37 3234.85724 3218.04781  0.52%  29.3 12085s
 1635602 506858 3218.78662   78  153 3234.85724 3218.05314  0.52%  29.3 12090s
 1636610 507076 3233.64645   75   34 3234.85724 3218.05849  0.52%  29.3 12095s
 1637411 507238 3225.55150   74  281 3234.85724 3218.06312  0.52%  29.3 12100s
 1638224 507491     cutoff   83      3234.85724 3218.06679  0.52%  29.3 12105s
 1639101 507759 3220.41895   94  204 3234.85724 3218.07121  0.52%  29.3 12110s
 1640056 507981 3229.37608   83  221 3234.85724 3218.07661  0.52%  29.3 12115s
 1641033 508204 3227.07724   88   78 3234.85724 3218.08072  0.52%  29.3 12120s
 1642085 508422 3218.29311   84  305 3234.85724 3218.08651  0.52%  29.3 12129s
 1642279 508517 3220.97585   73   61 3234.85724 3218.08719  0.52%  29.3 12131s
 1642979 508642     cutoff   96      3234.85724 3218.09171  0.52%  29.3 12135s
 1644011 508863     cutoff   68      3234.85724 3218.09732  0.52%  29.3 12140s
 1644853 509052 3227.30667   96  221 3234.85724 3218.10142  0.52%  29.2 12145s
 1645938 509269 infeasible   67      3234.85724 3218.10713  0.52%  29.2 12150s
 1646740 509394 3226.10086   69  232 3234.85724 3218.11131  0.52%  29.2 12155s
 1647590 509563 3219.18228   94  257 3234.85724 3218.11696  0.52%  29.2 12160s
 1648442 509730 3221.83706   84  160 3234.85724 3218.12303  0.52%  29.2 12165s
 1649039 509836 3221.83226   97  267 3234.85724 3218.12735  0.52%  29.2 12170s
 1649445 509969 3221.47180   81  227 3234.85724 3218.12965  0.52%  29.2 12176s
 1650385 510153 infeasible   82      3234.85724 3218.13501  0.52%  29.2 12180s
 1651134 510281 3220.10863  108  189 3234.85724 3218.13975  0.52%  29.2 12185s
 1652011 510484 infeasible  114      3234.85724 3218.14450  0.52%  29.2 12190s
 1652958 510656 3231.51914  102   81 3234.85724 3218.15034  0.52%  29.2 12195s
 1653600 510736 3225.37922   74  142 3234.85724 3218.15570  0.52%  29.2 12200s
 1654420 510940 3222.71677   82  224 3234.85724 3218.15907  0.52%  29.2 12206s
 1655322 511103 3227.08562   68   11 3234.85724 3218.16420  0.52%  29.2 12210s
 1656142 511266 3225.89533   65  185 3234.85724 3218.16897  0.52%  29.2 12215s
 1656920 511431 3228.98467   91   63 3234.85724 3218.17248  0.52%  29.2 12222s
 1657396 511536 3230.08491   78  125 3234.85724 3218.17524  0.52%  29.2 12225s
 1658406 511758 3226.63427   73  251 3234.85724 3218.18142  0.52%  29.2 12230s
 1659236 511979 3219.42974   88  251 3234.85724 3218.18659  0.52%  29.2 12235s
 1659818 512128 3231.00127   69   61 3234.85724 3218.18831  0.52%  29.2 12240s
 1660341 512316 infeasible  120      3234.85724 3218.19132  0.52%  29.2 12245s
 1661260 512544 infeasible   87      3234.85724 3218.19705  0.52%  29.2 12250s
 1662445 512711 3229.44816   85  113 3234.85724 3218.20277  0.51%  29.2 12256s
 1663298 512898     cutoff   71      3234.85724 3218.20866  0.51%  29.2 12261s
 1664191 513141 3219.60877   73  278 3234.85724 3218.21295  0.51%  29.2 12269s
 1664364 513213 3220.35820   74  263 3234.85724 3218.21422  0.51%  29.2 12270s
 1665315 513393 3222.57542   83  222 3234.85724 3218.21937  0.51%  29.2 12275s
 1666174 513548 3231.67076  106  209 3234.85724 3218.22449  0.51%  29.2 12280s
 1667061 513802 3226.68670   76  190 3234.85724 3218.22939  0.51%  29.2 12285s
 1668120 513964 infeasible  106      3234.85724 3218.23501  0.51%  29.2 12290s
 1668899 514160 infeasible   80      3234.85724 3218.23893  0.51%  29.2 12295s
 1669913 514358     cutoff   66      3234.85724 3218.24496  0.51%  29.2 12300s
 1670421 514528 infeasible  103      3234.85724 3218.24721  0.51%  29.2 12305s
 1671314 514751 infeasible   77      3234.85724 3218.25075  0.51%  29.2 12310s
 1671632 514831 3226.17805   66  491 3234.85724 3218.25212  0.51%  29.2 12316s
 1672286 515092 3218.63724   71  270 3234.85724 3218.25521  0.51%  29.2 12321s
 1673233 515327 3218.89833   81  290 3234.85724 3218.26042  0.51%  29.2 12326s
 1674176 515532 infeasible   78      3234.85724 3218.26500  0.51%  29.2 12331s
 1674912 515627 infeasible   65      3234.85724 3218.26721  0.51%  29.2 12335s
 1675491 515732 3218.28463   79  247 3234.85724 3218.27156  0.51%  29.2 12340s
 1676223 515862 infeasible   60      3234.85724 3218.27551  0.51%  29.2 12345s
 1676902 515951 infeasible   77      3234.85724 3218.27925  0.51%  29.2 12350s
 1677857 516138 3220.27546   73  338 3234.85724 3218.28485  0.51%  29.2 12355s
 1678418 516222 infeasible   74      3234.85724 3218.28707  0.51%  29.2 12360s
 1678743 516357 3218.69316  108  270 3234.85724 3218.28906  0.51%  29.2 12366s
 1679667 516566 3225.14091   96  112 3234.85724 3218.29298  0.51%  29.2 12370s
 1680471 516741 3222.59294   80  203 3234.85724 3218.29523  0.51%  29.2 12375s
 1681317 516927 infeasible   77      3234.85724 3218.30072  0.51%  29.2 12381s
 1682246 517057 3222.28030   60  275 3234.85724 3218.30591  0.51%  29.2 12386s
 1683020 517203 infeasible   83      3234.85724 3218.31042  0.51%  29.2 12390s
 1683847 517337 3223.34017   77   63 3234.85724 3218.31431  0.51%  29.2 12395s
 1684820 517508 3223.33034   85  316 3234.85724 3218.31991  0.51%  29.2 12400s
 1685683 517731     cutoff   87      3234.85724 3218.32351  0.51%  29.2 12405s
 1686096 517840 3230.88819   85  180 3234.85724 3218.32555  0.51%  29.2 12411s
 1686877 518114 3233.26277   73  152 3234.85724 3218.32970  0.51%  29.2 12415s
 1687706 518235 3218.33994   76  229 3234.85724 3218.33504  0.51%  29.2 12420s
 1687987 518312 3228.45191   80   56 3234.85724 3218.33560  0.51%  29.2 12425s
 1688910 518515 3225.78050   67  262 3234.85724 3218.34026  0.51%  29.2 12430s
 1689827 518726 3227.46607  101  269 3234.85724 3218.34556  0.51%  29.2 12435s
 1690874 519080 3218.96407   93  262 3234.85724 3218.35123  0.51%  29.2 12440s
 1691624 519226 3229.69810   78   11 3234.85724 3218.35423  0.51%  29.1 12445s
 1692190 519301 infeasible   63      3234.85724 3218.35644  0.51%  29.1 12450s
 1693075 519480 3223.39647   76  201 3234.85724 3218.36125  0.51%  29.1 12455s
 1693337 519500 3229.84517  109  207 3234.85724 3218.36360  0.51%  29.1 12460s
 1694283 519727     cutoff   80      3234.85724 3218.36881  0.51%  29.1 12466s
 1694948 519869 3218.51904   85   70 3234.85724 3218.37377  0.51%  29.1 12470s
 1696168 520091 3219.96373   97   55 3234.85724 3218.38023  0.51%  29.1 12476s
 1697015 520238 3221.04320   97  480 3234.85724 3218.38517  0.51%  29.1 12481s
 1697795 520463 3228.13534   82   65 3234.85724 3218.38885  0.51%  29.1 12485s
 1698708 520635 infeasible  100      3234.85724 3218.39508  0.51%  29.1 12490s
 1699675 520857     cutoff   81      3234.85724 3218.39838  0.51%  29.1 12495s
 1700579 521082 3229.46633   66   22 3234.85724 3218.40394  0.51%  29.1 12504s
 1700994 521085 3227.37023   63   55 3234.85724 3218.40558  0.51%  29.1 12505s
 1701595 521263 3220.72345   71  232 3234.85724 3218.40737  0.51%  29.1 12510s
 1702530 521442 3221.74755   76  131 3234.85724 3218.41399  0.51%  29.1 12515s
 1703329 521654 3220.18121   70  259 3234.85724 3218.41760  0.51%  29.1 12520s
 1704110 521803 3227.43714   81   35 3234.85724 3218.42311  0.51%  29.1 12525s
 1704947 521956 infeasible   82      3234.85724 3218.42755  0.51%  29.1 12530s
 1705921 522159 3229.00388   86  255 3234.85724 3218.43275  0.51%  29.1 12535s
 1706841 522422 infeasible  101      3234.85724 3218.43676  0.51%  29.1 12540s
 1707749 522630 3221.73694   66   90 3234.85724 3218.44250  0.51%  29.1 12546s
 1707992 522719 3218.80770   93  237 3234.85724 3218.44440  0.51%  29.1 12551s
 1708834 522913 infeasible   76      3234.85724 3218.44850  0.51%  29.1 12555s
 1709611 523054     cutoff   71      3234.85724 3218.45218  0.51%  29.1 12561s
 1710310 523187 3219.12232   69  264 3234.85724 3218.45604  0.51%  29.1 12565s
 1711405 523464 3218.46489   75  148 3234.85724 3218.46114  0.51%  29.1 12571s
 1712294 523661 infeasible   97      3234.85724 3218.46512  0.51%  29.1 12576s
 1713069 523828 infeasible   97      3234.85724 3218.46984  0.51%  29.1 12580s
 1713971 524090 3220.70872   86  114 3234.85724 3218.47495  0.51%  29.1 12585s
 1714864 524251     cutoff   87      3234.85724 3218.48187  0.51%  29.1 12590s
 1715281 524303 3220.26191   89  247 3234.85724 3218.48531  0.51%  29.1 12596s
 1715993 524431     cutoff   86      3234.85724 3218.49039  0.51%  29.1 12600s
 1716827 524607 3231.73266   77  234 3234.85724 3218.49410  0.51%  29.1 12606s
 1717705 524824 infeasible   67      3234.85724 3218.49877  0.51%  29.1 12611s
 1718332 525024 3218.51273   83  276 3234.85724 3218.50138  0.51%  29.1 12615s
 1719139 525180 infeasible  121      3234.85724 3218.50573  0.51%  29.1 12620s
 1720053 525356 3229.09321   88  106 3234.85724 3218.50960  0.51%  29.1 12626s
 1720897 525547 3223.48335   67  263 3234.85724 3218.51452  0.51%  29.1 12631s
 1721588 525668 3221.95438   72  115 3234.85724 3218.51782  0.51%  29.1 12635s
 1722207 525896 3233.81851   91  215 3234.85724 3218.52073  0.51%  29.1 12640s
 1722766 526001 infeasible   83      3234.85724 3218.52249  0.50%  29.1 12646s
 1723341 526087 infeasible   63      3234.85724 3218.52634  0.50%  29.1 12650s
 1724189 526251 infeasible   67      3234.85724 3218.53168  0.50%  29.1 12656s
 1724754 526370 3228.24555   94   80 3234.85724 3218.53468  0.50%  29.1 12660s
 1725703 526634 3227.62061  101  232 3234.85724 3218.53789  0.50%  29.1 12666s
 1726571 526713 3230.05766   79    8 3234.85724 3218.54297  0.50%  29.1 12670s
 1727507 526958 3234.38609   73   64 3234.85724 3218.54811  0.50%  29.1 12675s
 1728332 527063 3220.95743   97  248 3234.85724 3218.55340  0.50%  29.1 12680s
 1729256 527271     cutoff   66      3234.85724 3218.55875  0.50%  29.1 12686s
 1729528 527324 3224.18259   84  259 3234.85724 3218.55962  0.50%  29.1 12690s
 1729915 527444 3218.78079   66  252 3234.85724 3218.56196  0.50%  29.1 12697s
 1730700 527530 3227.22427   90  206 3234.85724 3218.56577  0.50%  29.1 12700s
 1731663 527730 3219.03033   70  229 3234.85724 3218.57235  0.50%  29.1 12705s
 1732839 528003 3234.25714  137  221 3234.85724 3218.57746  0.50%  29.0 12710s
 1733625 528154 3226.91751   85   64 3234.85724 3218.58254  0.50%  29.0 12715s
 1734551 528318     cutoff   81      3234.85724 3218.58702  0.50%  29.0 12721s
 1734729 528420 3231.76540  124   91 3234.85724 3218.58763  0.50%  29.0 12726s
 1735369 528466 infeasible   96      3234.85724 3218.59090  0.50%  29.0 12730s
 1736343 528707 3223.19666   75  153 3234.85724 3218.59650  0.50%  29.0 12735s
 1737088 528837 infeasible   74      3234.85724 3218.60035  0.50%  29.0 12743s
 1737508 528918 3222.76530   92  125 3234.85724 3218.60289  0.50%  29.0 12746s
 1738058 529044 3218.70391   93  236 3234.85724 3218.60494  0.50%  29.0 12750s
 1738740 529211 3225.12263   87  207 3234.85724 3218.61056  0.50%  29.0 12755s
 1739611 529351 3226.22168   75  138 3234.85724 3218.61502  0.50%  29.0 12760s
 1740403 529460 infeasible  108      3234.85724 3218.62063  0.50%  29.0 12765s
 1741175 529575 infeasible   73      3234.85724 3218.62464  0.50%  29.0 12770s
 1742039 529687     cutoff   90      3234.85724 3218.62887  0.50%  29.0 12776s
 1742741 529808 3224.08169   88  265 3234.85724 3218.63316  0.50%  29.0 12780s
 1743632 529955     cutoff   97      3234.85724 3218.63845  0.50%  29.0 12785s
 1744363 530124 infeasible  126      3234.85724 3218.64309  0.50%  29.0 12793s
 1744826 530235 infeasible   91      3234.85724 3218.64468  0.50%  29.0 12795s
 1745501 530385 3227.63053   60   86 3234.85724 3218.64939  0.50%  29.0 12800s
 1746416 530670 3220.08966   94  152 3234.85724 3218.65408  0.50%  29.0 12805s
 1747290 530806 3230.20448   91  219 3234.85724 3218.65836  0.50%  29.0 12810s
 1748072 530910 3218.68952   71  227 3234.85724 3218.66270  0.50%  29.0 12815s
 1748915 531042 3228.90344   79   67 3234.85724 3218.66613  0.50%  29.0 12820s
 1749778 531270     cutoff   63      3234.85724 3218.67070  0.50%  29.0 12825s
 1750572 531398 3226.26632   81  209 3234.85724 3218.67304  0.50%  29.0 12830s
 1751266 531552     cutoff   79      3234.85724 3218.67722  0.50%  29.0 12835s
 1751712 531688 3226.99733   83   35 3234.85724 3218.67863  0.50%  29.0 12841s
 1752434 531808 3231.15087   91   66 3234.85724 3218.68121  0.50%  29.0 12845s
 1753323 532036 3233.76010   88  140 3234.85724 3218.68663  0.50%  29.0 12851s
 1754017 532179     cutoff   69      3234.85724 3218.68994  0.50%  29.0 12855s
 1754697 532197 3220.59886   92  300 3234.85724 3218.69386  0.50%  29.0 12860s
 1754806 532234 3218.83699   83   60 3234.85724 3218.69468  0.50%  29.0 12865s
 1755621 532364     cutoff   70      3234.85724 3218.70039  0.50%  29.0 12871s
 1756290 532469 3219.33219   89  219 3234.85724 3218.70439  0.50%  29.0 12875s
 1757226 532681 3233.24627   86  206 3234.85724 3218.70834  0.50%  29.0 12880s
 1758101 532846 3231.90723   86  119 3234.85724 3218.71303  0.50%  29.0 12886s
 1758862 532978     cutoff   86      3234.85724 3218.71738  0.50%  29.0 12890s
 1759060 533036 3225.27226   97  109 3234.85724 3218.71895  0.50%  29.0 12895s
 1759939 533242 3227.05819   87  299 3234.85724 3218.72252  0.50%  29.0 12901s
 1760877 533422 infeasible  100      3234.85724 3218.72708  0.50%  29.0 12905s
 1761850 533734 3219.30537   70  265 3234.85724 3218.73174  0.50%  29.0 12910s
 1762655 533907 3218.73590   61   21 3234.85724 3218.73580  0.50%  29.0 12915s
 1763772 534085 3226.10814  103  260 3234.85724 3218.74058  0.50%  29.0 12920s
 1764575 534382     cutoff  117      3234.85724 3218.74449  0.50%  29.0 12925s
 1765354 534578 infeasible  102      3234.85724 3218.74838  0.50%  29.0 12930s
 1766064 534687 infeasible   88      3234.85724 3218.75205  0.50%  29.0 12935s
 1766325 534775 infeasible   57      3234.85724 3218.75238  0.50%  29.0 12942s
 1766993 534923 3222.26706   56  495 3234.85724 3218.75523  0.50%  29.0 12945s
 1767793 535122 3223.22667   83  231 3234.85724 3218.75939  0.50%  29.0 12951s
 1768477 535248     cutoff   86      3234.85724 3218.76219  0.50%  29.0 12955s
 1769326 535434 infeasible   99      3234.85724 3218.76712  0.50%  29.0 12960s
 1770145 535600 infeasible   81      3234.85724 3218.77128  0.50%  29.0 12965s
 1771086 535833 3224.47128   90  223 3234.85724 3218.77693  0.50%  28.9 12970s
 1771999 535984 3221.57054   88  252 3234.85724 3218.78199  0.50%  28.9 12975s
 1772620 536091 3220.00759   63  140 3234.85724 3218.78389  0.50%  28.9 12980s
 1773365 536315 3221.71932   73  110 3234.85724 3218.78883  0.50%  28.9 12985s
 1773656 536318 infeasible   87      3234.85724 3218.78991  0.50%  28.9 12990s
 1774434 536492 3231.89611   67    7 3234.85724 3218.79400  0.50%  28.9 12995s
 1775240 536700 3221.18612   81  135 3234.85724 3218.79908  0.50%  28.9 13000s
 1776074 536870 3234.79342   81  129 3234.85724 3218.80328  0.50%  28.9 13005s
 1776885 536992 3219.25187   74  231 3234.85724 3218.80822  0.50%  28.9 13010s
 1778013 537152 infeasible   72      3234.85724 3218.81461  0.50%  28.9 13015s
 1778558 537311 3230.98733   93  205 3234.85724 3218.81759  0.50%  28.9 13020s
 1779285 537402 3222.60139   86  216 3234.85724 3218.82208  0.50%  28.9 13025s
 1780347 537710 3220.75564   89  107 3234.85724 3218.82849  0.50%  28.9 13030s
 1780968 537819 3227.53404   69    9 3234.85724 3218.83188  0.50%  28.9 13038s
 1781514 537960 3231.41539   79   74 3234.85724 3218.83448  0.50%  28.9 13040s
 1782307 538093     cutoff   94      3234.85724 3218.83899  0.50%  28.9 13047s
 1782431 538096 3225.44338  110  176 3234.85724 3218.83899  0.50%  28.9 13052s
 1782454 538107 3227.56301   93  209 3234.85724 3218.83907  0.50%  28.9 13056s
 1782506 538093 3225.96782   84  235 3234.85724 3218.83951  0.50%  28.9 13061s
 1782581 538100 3230.22598   95  204 3234.85724 3218.84018  0.50%  28.9 13065s
 1782611 538122 3230.48271   97  216 3234.85724 3218.84045  0.50%  28.9 13070s
 1782798 538149     cutoff  105      3234.85724 3218.84158  0.50%  28.9 13077s
 1782995 538202 infeasible  151      3234.85724 3218.84200  0.50%  28.9 13081s
 1783086 538209 3231.83433  103   27 3234.85724 3218.84311  0.50%  28.9 13086s
 1783145 538213 infeasible   96      3234.85724 3218.84401  0.50%  28.9 13091s
 1783206 538217     cutoff   74      3234.85724 3218.84406  0.50%  28.9 13095s
 1783218 538228 3218.90264   78  277 3234.85724 3218.84406  0.50%  28.9 13100s
 1783246 538239 infeasible   92      3234.85724 3218.84503  0.49%  28.9 13105s
 1783577 538335 3219.65666   84  261 3234.85724 3218.84550  0.49%  28.9 13111s
 1783758 538347 3223.81491   95  235 3234.85724 3218.84650  0.49%  28.9 13117s
 1783854 538347     cutoff   89      3234.85724 3218.84724  0.49%  28.9 13120s
 1784246 538533 3231.29708   90  194 3234.85724 3218.85158  0.49%  28.9 13126s
 1785282 538746 3219.06595   66   91 3234.85724 3218.85766  0.49%  28.9 13131s
 1786259 538930 3227.90302   82   90 3234.85724 3218.86132  0.49%  28.9 13135s
 1786904 539105 3219.07778   90  285 3234.85724 3218.86508  0.49%  28.9 13140s
 1788056 539245 infeasible   72      3234.85724 3218.87075  0.49%  28.9 13145s
 1788220 539302 3227.82603   76   34 3234.85724 3218.87130  0.49%  28.9 13150s
 1788903 539454 infeasible   87      3234.85724 3218.87514  0.49%  28.9 13155s
 1790096 539627 3231.31182   78    6 3234.85724 3218.88174  0.49%  28.9 13161s
 1790722 539807 3227.20353   72  170 3234.85724 3218.88438  0.49%  28.9 13165s
 1791514 540041 3221.58619   71  317 3234.85724 3218.88774  0.49%  28.9 13170s
 1792367 540270     cutoff   64      3234.85724 3218.89053  0.49%  28.9 13175s
 1793254 540499 3229.58833   94  214 3234.85724 3218.89632  0.49%  28.9 13181s
 1794142 540596 infeasible   81      3234.85724 3218.90026  0.49%  28.9 13185s
 1794888 540782 3227.78209   88  247 3234.85724 3218.90388  0.49%  28.9 13190s
 1795585 540860 infeasible   97      3234.85724 3218.90870  0.49%  28.9 13197s
 1795626 540936 3229.98104   81  101 3234.85724 3218.90903  0.49%  28.9 13205s
 1797594 541100 3225.61405   86  216 3234.85724 3218.91666  0.49%  28.9 13211s
 1798254 541155 infeasible   77      3234.85724 3218.92112  0.49%  28.9 13215s
 1799153 541333 3222.76618   70    7 3234.85724 3218.92737  0.49%  28.9 13220s
 1799994 541492     cutoff   81      3234.85724 3218.93154  0.49%  28.9 13226s
 1800629 541585     cutoff   83      3234.85724 3218.93530  0.49%  28.9 13230s
 1801258 541735 infeasible   92      3234.85724 3218.93906  0.49%  28.9 13235s
 1802186 541930 3234.26362  103  179 3234.85724 3218.94325  0.49%  28.9 13240s
 1802875 542028 infeasible   82      3234.85724 3218.94606  0.49%  28.9 13248s
 1803388 542132 infeasible   86      3234.85724 3218.94925  0.49%  28.9 13251s
 1803941 542230 3224.54154   64   93 3234.85724 3218.95329  0.49%  28.9 13255s
 1804843 542421     cutoff  101      3234.85724 3218.95833  0.49%  28.9 13260s
 1805688 542569 3223.95017   85   76 3234.85724 3218.96363  0.49%  28.9 13265s
 1806579 542718 3231.78768   67  368 3234.85724 3218.96809  0.49%  28.9 13270s
 1807430 542879 3219.13731   73  290 3234.85724 3218.97289  0.49%  28.9 13276s
 1808267 543004 infeasible   69      3234.85724 3218.97941  0.49%  28.9 13281s
 1808597 543101 3224.08341   74  275 3234.85724 3218.98164  0.49%  28.9 13285s
 1809454 543289 3223.85108   73  191 3234.85724 3218.98683  0.49%  28.9 13290s
 1810285 543472 3221.85845  100  261 3234.85724 3218.99022  0.49%  28.9 13297s
 1810761 543538 3225.82173   94  261 3234.85724 3218.99221  0.49%  28.9 13300s
 1811610 543767 3219.13421   84   94 3234.85724 3218.99643  0.49%  28.9 13305s
 1812464 543953 infeasible   65      3234.85724 3219.00143  0.49%  28.9 13310s
 1813520 544107 3227.00680   73   88 3234.85724 3219.00789  0.49%  28.8 13316s
 1814385 544292 3220.63592   94  249 3234.85724 3219.01226  0.49%  28.8 13321s
 1815247 544460 3227.46152   87  219 3234.85724 3219.01666  0.49%  28.8 13326s
 1816146 544695     cutoff   84      3234.85724 3219.02084  0.49%  28.8 13331s
 1816932 544836 3232.79739   96  226 3234.85724 3219.02462  0.49%  28.8 13335s
 1817666 545037 3229.67545   71   71 3234.85724 3219.02796  0.49%  28.8 13343s
 1817955 545061 infeasible   77      3234.85724 3219.02972  0.49%  28.8 13346s
 1818687 545255 infeasible   91      3234.85724 3219.03353  0.49%  28.8 13350s
 1819811 545467 3229.13352  103  369 3234.85724 3219.03798  0.49%  28.8 13355s
 1820624 545670 3220.23493   79  282 3234.85724 3219.04140  0.49%  28.8 13361s
 1821494 545888 3219.04608   74  131 3234.85724 3219.04560  0.49%  28.8 13365s
 1822369 546063 3223.99848   70    9 3234.85724 3219.04833  0.49%  28.8 13370s
 1823178 546210     cutoff   74      3234.85724 3219.05143  0.49%  28.8 13375s
 1824386 546491 3228.16465  106  225 3234.85724 3219.05556  0.49%  28.8 13381s
 1825073 546639 3226.91845   81  154 3234.85724 3219.05877  0.49%  28.8 13387s
 1825565 546697 3221.33582   68  241 3234.85724 3219.06118  0.49%  28.8 13390s
 1826474 546822 infeasible   99      3234.85724 3219.06575  0.49%  28.8 13395s
 1827357 547022 3230.89053  128  143 3234.85724 3219.06961  0.49%  28.8 13400s
 1828401 547252 3226.64012   91   60 3234.85724 3219.07387  0.49%  28.8 13405s
 1829213 547328 infeasible   77      3234.85724 3219.07872  0.49%  28.8 13411s
 1829903 547544 3231.84711   85  118 3234.85724 3219.08162  0.49%  28.8 13415s
 1830728 547775 3223.57337   71   72 3234.85724 3219.08394  0.49%  28.8 13420s
 1831493 547856 infeasible   85      3234.85724 3219.08834  0.49%  28.8 13425s
 1832385 548037     cutoff   79      3234.85724 3219.09261  0.49%  28.8 13433s
 1832554 548120 3224.35107  105  123 3234.85724 3219.09377  0.49%  28.8 13435s
 1833784 548300 3219.23069   81   88 3234.85724 3219.10001  0.49%  28.8 13440s
 1834504 548439 3229.91010   75   10 3234.85724 3219.10387  0.49%  28.8 13445s
 1835501 548627 3220.30142   79  270 3234.85724 3219.10839  0.49%  28.8 13450s
 1836048 548745     cutoff  108      3234.85724 3219.11130  0.49%  28.8 13455s
 1836883 548962 3223.20944   57  583 3234.85724 3219.11509  0.49%  28.8 13460s
 1837321 549048 infeasible   74      3234.85724 3219.11603  0.49%  28.8 13465s
 1838228 549149 3219.53876   68  202 3234.85724 3219.12195  0.49%  28.8 13471s
 1838666 549184 3228.86827  100  225 3234.85724 3219.12502  0.49%  28.8 13475s
 1839450 549279 3231.44085   83  207 3234.85724 3219.12883  0.49%  28.8 13480s
 1839761 549410 3226.17439   75  235 3234.85724 3219.13085  0.49%  28.8 13486s
 1840533 549479 3228.30276   92   63 3234.85724 3219.13516  0.49%  28.8 13490s
 1841474 549712 3223.25135   65  321 3234.85724 3219.13950  0.49%  28.8 13496s
 1842256 549859     cutoff   87      3234.85724 3219.14292  0.49%  28.8 13501s
 1843230 550047 3221.68540   69  224 3234.85724 3219.14784  0.49%  28.8 13505s
 1844135 550246 3219.29627   90   22 3234.85724 3219.15198  0.49%  28.8 13510s
 1844778 550461 3219.16616   80   91 3234.85724 3219.15504  0.49%  28.8 13515s
 1845719 550616 3227.79325   84   13 3234.85724 3219.16041  0.49%  28.8 13520s
 1846566 550820 infeasible   73      3234.85724 3219.16496  0.49%  28.8 13525s
 1846867 550828 infeasible  102      3234.85724 3219.16601  0.49%  28.8 13530s
 1847575 550959 3223.65754   65    8 3234.85724 3219.17069  0.48%  28.8 13535s
 1848465 551081 3228.38629   61  146 3234.85724 3219.17505  0.48%  28.8 13540s
 1849652 551300     cutoff   83      3234.85724 3219.17984  0.48%  28.8 13545s
 1850395 551499 3230.73319   89  112 3234.85724 3219.18397  0.48%  28.8 13550s
 1851143 551571 3219.45752   90  113 3234.85724 3219.18865  0.48%  28.8 13555s
 1852169 551884 3227.92513   88  123 3234.85724 3219.19252  0.48%  28.8 13561s
 1852593 551893     cutoff   82      3234.85724 3219.19545  0.48%  28.8 13565s
 1852658 551904     cutoff   60      3234.85724 3219.19552  0.48%  28.8 13571s
 1852817 551923 infeasible   64      3234.85724 3219.19586  0.48%  28.8 13575s
 1853147 552003 3227.75043   75  183 3234.85724 3219.19684  0.48%  28.8 13581s
 1853816 552080 infeasible   65      3234.85724 3219.20103  0.48%  28.8 13585s
 1854341 552218 3232.30285   78  203 3234.85724 3219.20375  0.48%  28.8 13591s
 1855145 552390 3220.78671   83  278 3234.85724 3219.20787  0.48%  28.8 13596s
 1855974 552492     cutoff   72      3234.85724 3219.21165  0.48%  28.8 13600s
 1856737 552716 3223.86868  103  246 3234.85724 3219.21615  0.48%  28.8 13605s
 1857686 552839     cutoff  107      3234.85724 3219.22192  0.48%  28.8 13610s
 1858681 553047 3220.28499   83   92 3234.85724 3219.22798  0.48%  28.8 13615s
 1859930 553221 3233.26055   74  219 3234.85724 3219.23399  0.48%  28.8 13621s
 1860601 553401 3228.01972   88  118 3234.85724 3219.23708  0.48%  28.8 13625s
 1861470 553627 3230.64755   65   35 3234.85724 3219.24234  0.48%  28.8 13630s
 1861790 553669 3222.62632   99  259 3234.85724 3219.24428  0.48%  28.8 13635s
 1862726 553812     cutoff   84      3234.85724 3219.24861  0.48%  28.8 13640s
 1863532 553924 3225.68292   84  179 3234.85724 3219.25341  0.48%  28.8 13645s
 1864462 554152 3219.38014   77  313 3234.85724 3219.25810  0.48%  28.8 13651s
 1865276 554279 3221.66032   87  199 3234.85724 3219.26213  0.48%  28.8 13655s
 1866083 554361 3228.92450  104  159 3234.85724 3219.26727  0.48%  28.8 13660s
 1866917 554577 infeasible  128      3234.85724 3219.27175  0.48%  28.7 13665s
 1867704 554609 3226.29861   91  154 3234.85724 3219.27665  0.48%  28.7 13670s
 1868531 554766 3227.98522   69   10 3234.85724 3219.28060  0.48%  28.7 13675s
 1869073 554852 infeasible   73      3234.85724 3219.28372  0.48%  28.7 13683s
 1869443 554896 3231.98880   81   96 3234.85724 3219.28545  0.48%  28.7 13685s
 1870346 555025 3225.70773   63  174 3234.85724 3219.29032  0.48%  28.7 13690s
 1871517 555203 3219.31132   80   90 3234.85724 3219.29771  0.48%  28.7 13695s
 1872318 555386 infeasible  100      3234.85724 3219.30150  0.48%  28.7 13700s
 1873269 555524 3230.08913   79   40 3234.85724 3219.30628  0.48%  28.7 13706s
 1874038 555655 infeasible   93      3234.85724 3219.30996  0.48%  28.7 13710s
 1874752 555755 3231.76868   90  198 3234.85724 3219.31290  0.48%  28.7 13715s
 1875527 555897 3224.82867   95  143 3234.85724 3219.31797  0.48%  28.7 13720s
 1876394 556114 infeasible   92      3234.85724 3219.32193  0.48%  28.7 13728s
 1876778 556146 infeasible   94      3234.85724 3219.32494  0.48%  28.7 13731s
 1877438 556257     cutoff   92      3234.85724 3219.32763  0.48%  28.7 13735s
 1878417 556418 3228.18162   63   75 3234.85724 3219.33276  0.48%  28.7 13740s
 1879100 556610 3219.73978   74  262 3234.85724 3219.33545  0.48%  28.7 13745s
 1880131 556857 3234.17165   95  244 3234.85724 3219.33971  0.48%  28.7 13751s
 1880966 556963 3223.16950  101  240 3234.85724 3219.34388  0.48%  28.7 13755s
 1881855 557189 3228.20357   90  117 3234.85724 3219.34768  0.48%  28.7 13760s
 1882745 557425 infeasible   93      3234.85724 3219.35165  0.48%  28.7 13765s
 1883652 557607 infeasible   94      3234.85724 3219.35593  0.48%  28.7 13773s
 1884085 557733 3219.38069   73  133 3234.85724 3219.35810  0.48%  28.7 13775s
 1885031 557943 3231.62330  101  413 3234.85724 3219.36088  0.48%  28.7 13780s
 1885854 558138 3226.69180   63  151 3234.85724 3219.36438  0.48%  28.7 13785s
 1886858 558288     cutoff   75      3234.85724 3219.36923  0.48%  28.7 13790s
 1887699 558462 infeasible   78      3234.85724 3219.37329  0.48%  28.7 13795s
 1888810 558670 3229.58419   83   72 3234.85724 3219.37820  0.48%  28.7 13800s

Cutting planes:
  Learned: 6
  Gomory: 21
  Lift-and-project: 1
  Cover: 2741
  Implied bound: 923
  Projected implied bound: 11
  Clique: 59
  MIR: 484
  Mixing: 11
  Knapsack: 1
  StrongCG: 136
  Flow cover: 683
  GUB cover: 204
  Inf proof: 51
  Zero half: 25
  RLT: 84
  Relax-and-lift: 132
  BQP: 5
  PSD: 1

Explored 1888872 nodes (54261466 simplex iterations) in 13800.03 seconds (23818.59 work units)
Thread count was 2 (of 46 available processors)

Solution count 10: 3234.86 3234.86 3234.86 ... 4140.38

Time limit reached
Best objective 3.234857242994e+03, best bound 3.219378198021e+03, gap 0.4785%
