Slurm job ID    : 1884
Array task ID   : 75
Host            : 23037696r-i7809a0b3cd
Start time      : 2026-08-11T13:27:38+08:00
Instance        : /home/23037696r/Documents/research/or_benchmark/wp/instances/inactive_0.2/j30/j300902_5.sm
Output JSON     : /home/23037696r/Documents/research/or_benchmark/wp/results/inactive_0.2/j30/j300902_5.json
Gurobi log      : /home/23037696r/Documents/research/or_benchmark/wp/results/inactive_0.2/j30/logs/gurobi/j300902_5.log
Allocated CPUs  : 4
Running with command-line arguments
-----------------------------------
Instance file: /home/23037696r/Documents/research/or_benchmark/wp/instances/inactive_0.2/j30/j300902_5.sm
Instance summary
----------------
Tasks:          32
Active tasks:   24
Inactive tasks: 8
Arcs:           34
Total duration: 184
Total work:     270
Active work:    205
Delta (singleton critical-path makespan): 165
Chosen deadline: 182
Feasible by singleton schedule: yes
Deadline rule: automatic: d = ceil(1.1 * Delta) = 182
Set parameter Username
Set parameter LicenseID to value 2851961
Academic license - for non-commercial use only - expires 2027-08-07
Set parameter MIPGap to value 1e-06
Set parameter TimeLimit to value 13800
Set parameter Threads to value 4
Set parameter LogFile to value "/home/23037696r/Documents/research/or_benchmark/wp/results/inactive_0.2/j30/logs/gurobi/j300902_5.log"
Set parameter NumericFocus to value 1
Gurobi Optimizer version 13.0.2 build v13.0.2rc1 (linux64 - "Ubuntu 22.04.3 LTS")

CPU model: Intel Xeon Processor (Cascadelake), instruction set [SSE2|AVX|AVX2|AVX512]
Thread count: 46 physical cores, 46 logical processors, using up to 4 threads

Non-default parameters:
TimeLimit  13800
MIPGap  1e-06
NumericFocus  1
Threads  4

Optimize a model with 31092 rows, 16936 columns and 110705 nonzeros (Min)
Model fingerprint: 0x01c1f930
Model has 10404 linear objective coefficients and an objective constant of 6.4483619798832331e+02
Variable types: 4392 continuous, 12544 integer (12392 binary)
Coefficient statistics:
  Matrix range     [1e+00, 2e+02]
  Objective range  [1e-02, 1e+03]
  Bounds range     [1e+00, 2e+02]
  RHS range        [1e+00, 2e+02]

Presolve removed 22565 rows and 8352 columns
Presolve time: 3.32s
Presolved: 8527 rows, 8584 columns, 61091 nonzeros
Variable types: 0 continuous, 8584 integer (5613 binary)
Found heuristic solution: objective 3194.5945311

Root relaxation: objective 1.897968e+03, 2428 iterations, 0.13 seconds (0.13 work units)

    Nodes    |    Current Node    |     Objective Bounds      |     Work
 Expl Unexpl |  Obj  Depth IntInf | Incumbent    BestBd   Gap | It/Node Time

     0     0 1897.96835    0   49 3194.59453 1897.96835  40.6%     -    3s
     0     0 1903.13248    0  125 3194.59453 1903.13248  40.4%     -    4s
H    0     0                    2186.2759197 1903.16291  12.9%     -    4s
     0     0 1903.16291    0  140 2186.27592 1903.16291  12.9%     -    4s
     0     0 1903.16291    0  140 2186.27592 1903.16291  12.9%     -    4s
     0     0 1903.21092    0  140 2186.27592 1903.21092  12.9%     -    4s
     0     0 1903.40474    0  156 2186.27592 1903.40474  12.9%     -    5s
     0     0 1903.41226    0  156 2186.27592 1903.41226  12.9%     -    5s
H    0     0                    2185.8718558 1903.41242  12.9%     -    5s
H    0     0                    2180.4257750 1903.41242  12.7%     -    5s
     0     0 1903.41242    0  156 2180.42578 1903.41242  12.7%     -    5s
H    0     0                    2179.5863444 1914.83421  12.1%     -    6s
     0     0 1914.83421    0  156 2179.58634 1914.83421  12.1%     -    6s
     0     0 1914.83421    0  156 2179.58634 1914.83421  12.1%     -    6s
     0     0 1914.83421    0  156 2179.58634 1914.83421  12.1%     -    6s
     0     0 1914.83421    0  156 2179.58634 1914.83421  12.1%     -    6s
     0     0 1914.83421    0  156 2179.58634 1914.83421  12.1%     -    6s
     0     0 1914.83421    0  156 2179.58634 1914.83421  12.1%     -    6s
     0     0 1914.83421    0  156 2179.58634 1914.83421  12.1%     -    6s
     0     0 1914.83421    0  156 2179.58634 1914.83421  12.1%     -    6s
     0     0 1914.83421    0  156 2179.58634 1914.83421  12.1%     -    6s
     0     0 1914.83421    0  156 2179.58634 1914.83421  12.1%     -    6s
     0     0 1914.83421    0  156 2179.58634 1914.83421  12.1%     -    6s
H    0     0                    2178.4356544 1914.83433  12.1%     -    7s
     0     0 1915.59175    0  146 2178.43565 1915.59175  12.1%     -    7s
     0     0 1915.59339    0  141 2178.43565 1915.59339  12.1%     -    7s
     0     0 1915.59487    0  141 2178.43565 1915.59487  12.1%     -    7s
     0     0 1917.38319    0  142 2178.43565 1917.38319  12.0%     -    7s
     0     0 1917.38319    0  147 2178.43565 1917.38319  12.0%     -    7s
     0     0 1919.77221    0  145 2178.43565 1919.77221  11.9%     -    7s
     0     0 1919.81171    0  144 2178.43565 1919.81171  11.9%     -    7s
     0     0 1919.83482    0  144 2178.43565 1919.83482  11.9%     -    8s
     0     0 1919.83563    0  147 2178.43565 1919.83563  11.9%     -    8s
     0     0 1920.21606    0  154 2178.43565 1920.21606  11.9%     -    8s
     0     0 1920.80179    0  154 2178.43565 1920.80179  11.8%     -    8s
     0     0 1920.88498    0  162 2178.43565 1920.88498  11.8%     -    8s
     0     0 1920.89590    0  157 2178.43565 1920.89590  11.8%     -    9s
     0     0 1920.89592    0  163 2178.43565 1920.89592  11.8%     -    9s
H    0     0                    2177.4792417 1920.89592  11.8%     -    9s
     0     0 1921.18520    0  157 2177.47924 1921.18520  11.8%     -    9s
     0     0 1921.19283    0  160 2177.47924 1921.19283  11.8%     -    9s
     0     0 1921.19283    0  161 2177.47924 1921.19283  11.8%     -    9s
     0     0 1921.47624    0  166 2177.47924 1921.47624  11.8%     -    9s
     0     0 1921.70824    0  169 2177.47924 1921.70824  11.7%     -   10s
     0     0 1921.70824    0  170 2177.47924 1921.70824  11.7%     -   10s
     0     0 1921.70824    0  173 2177.47924 1921.70824  11.7%     -   10s
     0     0 1925.48229    0  161 2177.47924 1925.48229  11.6%     -   10s
     0     0 1925.49904    0  161 2177.47924 1925.49904  11.6%     -   11s
     0     0 1925.50936    0  161 2177.47924 1925.50936  11.6%     -   11s
     0     0 1925.51453    0  166 2177.47924 1925.51453  11.6%     -   11s
     0     0 1933.41402    0  137 2177.47924 1933.41402  11.2%     -   11s
     0     0 1933.46068    0  137 2177.47924 1933.46068  11.2%     -   12s
     0     0 1933.46068    0  138 2177.47924 1933.46068  11.2%     -   12s
     0     0 1933.75183    0  127 2177.47924 1933.75183  11.2%     -   12s
     0     0 1933.97994    0  139 2177.47924 1933.97994  11.2%     -   13s
     0     0 1933.97994    0  141 2177.47924 1933.97994  11.2%     -   13s
     0     0 1935.20840    0  147 2177.47924 1935.20840  11.1%     -   13s
     0     0 1935.39541    0  152 2177.47924 1935.39541  11.1%     -   14s
     0     0 1935.39589    0  151 2177.47924 1935.39589  11.1%     -   14s
     0     0 1935.57733    0  150 2177.47924 1935.57733  11.1%     -   14s
     0     0 1935.57774    0  150 2177.47924 1935.57774  11.1%     -   14s
     0     0 1935.75938    0  149 2177.47924 1935.75938  11.1%     -   14s
     0     0 1935.86074    0  135 2177.47924 1935.86074  11.1%     -   15s
     0     0 1935.93620    0  135 2177.47924 1935.93620  11.1%     -   15s
     0     0 1935.96951    0  144 2177.47924 1935.96951  11.1%     -   15s
     0     0 1936.10483    0  164 2177.47924 1936.10483  11.1%     -   15s
     0     0 1936.17522    0  163 2177.47924 1936.17522  11.1%     -   16s
     0     0 1936.17522    0  163 2177.47924 1936.17522  11.1%     -   16s
     0     0 1936.37771    0  162 2177.47924 1936.37771  11.1%     -   16s
     0     0 1936.46854    0  167 2177.47924 1936.46854  11.1%     -   16s
     0     0 1936.46854    0  168 2177.47924 1936.46854  11.1%     -   16s
     0     0 1936.72758    0  163 2177.47924 1936.72758  11.1%     -   17s
     0     0 1936.72773    0  164 2177.47924 1936.72773  11.1%     -   17s
     0     0 1937.46009    0  160 2177.47924 1937.46009  11.0%     -   17s
     0     0 1937.46048    0  162 2177.47924 1937.46048  11.0%     -   17s
     0     0 1937.57333    0  168 2177.47924 1937.57333  11.0%     -   18s
     0     0 1937.62247    0  176 2177.47924 1937.62247  11.0%     -   18s
     0     0 1938.35197    0  176 2177.47924 1938.35197  11.0%     -   18s
     0     0 1938.35539    0  183 2177.47924 1938.35539  11.0%     -   18s
     0     0 1938.37504    0  188 2177.47924 1938.37504  11.0%     -   19s
     0     0 1938.59696    0  184 2177.47924 1938.59696  11.0%     -   19s
     0     0 1938.59696    0  179 2177.47924 1938.59696  11.0%     -   19s
     0     0 1938.59696    0  179 2177.47924 1938.59696  11.0%     -   19s
     0     0 1938.59696    0  179 2177.47924 1938.59696  11.0%     -   19s
     0     0 1938.59696    0  172 2177.47924 1938.59696  11.0%     -   19s
     0     0 1938.59696    0   69 2177.47924 1938.59696  11.0%     -   20s
     0     0 1945.17065    0  145 2177.47924 1945.17065  10.7%     -   20s
     0     0 1950.13686    0  112 2177.47924 1950.13686  10.4%     -   20s
     0     0 1955.98144    0  151 2177.47924 1955.98144  10.2%     -   20s
     0     0 1957.54162    0  151 2177.47924 1957.54162  10.1%     -   20s
     0     0 1957.86664    0  150 2177.47924 1957.86664  10.1%     -   20s
     0     0 1957.93761    0  155 2177.47924 1957.93761  10.1%     -   20s
     0     0 1957.93761    0  155 2177.47924 1957.93761  10.1%     -   20s
     0     0 1959.74240    0  165 2177.47924 1959.74240  10.0%     -   21s
     0     0 1960.01828    0  161 2177.47924 1960.01828  10.0%     -   21s
     0     0 1960.33387    0  172 2177.47924 1960.33387  10.0%     -   21s
     0     0 1960.34152    0  176 2177.47924 1960.34152  10.0%     -   21s
     0     0 1961.42740    0  148 2177.47924 1961.42740  9.92%     -   21s
     0     0 1962.12287    0  142 2177.47924 1962.12287  9.89%     -   21s
     0     0 1962.12812    0  147 2177.47924 1962.12812  9.89%     -   21s
     0     0 1963.21237    0  166 2177.47924 1963.21237  9.84%     -   22s
     0     0 1963.62999    0  175 2177.47924 1963.62999  9.82%     -   22s
     0     0 1963.64321    0  170 2177.47924 1963.64321  9.82%     -   22s
     0     0 1964.56100    0  186 2177.47924 1964.56100  9.78%     -   22s
     0     0 1965.46572    0  209 2177.47924 1965.46572  9.74%     -   22s
     0     0 1965.53558    0  196 2177.47924 1965.53558  9.73%     -   22s
     0     0 1965.64212    0  200 2177.47924 1965.64212  9.73%     -   22s
     0     0 1965.64694    0  206 2177.47924 1965.64694  9.73%     -   22s
     0     0 1966.89845    0  188 2177.47924 1966.89845  9.67%     -   22s
     0     0 1967.07125    0  204 2177.47924 1967.07125  9.66%     -   22s
     0     0 1967.10328    0  206 2177.47924 1967.10328  9.66%     -   23s
     0     0 1967.10555    0  208 2177.47924 1967.10555  9.66%     -   23s
     0     0 1967.69021    0  209 2177.47924 1967.69021  9.63%     -   23s
     0     0 1967.69547    0  215 2177.47924 1967.69547  9.63%     -   23s
     0     0 1967.73684    0  213 2177.47924 1967.73684  9.63%     -   23s
     0     0 1967.83641    0  220 2177.47924 1967.83641  9.63%     -   23s
     0     0 1968.28941    0  209 2177.47924 1968.28941  9.61%     -   23s
     0     0 1968.56800    0  211 2177.47924 1968.56800  9.59%     -   23s
     0     0 1968.56800    0  213 2177.47924 1968.56800  9.59%     -   23s
     0     0 1968.56800    0  221 2177.47924 1968.56800  9.59%     -   24s
     0     0 1968.56800    0  214 2177.47924 1968.56800  9.59%     -   24s
     0     0 1968.71322    0  222 2177.47924 1968.71322  9.59%     -   24s
     0     0 1968.78144    0  221 2177.47924 1968.78144  9.58%     -   24s
     0     0 1968.78482    0  225 2177.47924 1968.78482  9.58%     -   24s
     0     0 1968.85730    0  215 2177.47924 1968.85730  9.58%     -   24s
     0     0 1969.08474    0  207 2177.47924 1969.08474  9.57%     -   24s
     0     0 1969.09009    0  214 2177.47924 1969.09009  9.57%     -   24s
     0     0 1969.16869    0  219 2177.47924 1969.16869  9.57%     -   24s
     0     0 1969.17626    0  223 2177.47924 1969.17626  9.57%     -   24s
     0     0 1969.48438    0  220 2177.47924 1969.48438  9.55%     -   25s
     0     0 1969.54231    0  223 2177.47924 1969.54231  9.55%     -   25s
     0     0 1969.55927    0  227 2177.47924 1969.55927  9.55%     -   25s
     0     0 1969.66196    0  234 2177.47924 1969.66196  9.54%     -   25s
     0     0 1971.72634    0  230 2177.47924 1971.72634  9.45%     -   25s
     0     0 1971.98903    0  240 2177.47924 1971.98903  9.44%     -   25s
     0     0 1972.04134    0  242 2177.47924 1972.04134  9.43%     -   25s
     0     0 1972.07597    0  243 2177.47924 1972.07597  9.43%     -   25s
     0     0 1975.22798    0  222 2177.47924 1975.22798  9.29%     -   25s
     0     0 1975.28258    0  224 2177.47924 1975.28258  9.29%     -   25s
     0     0 1975.33716    0  223 2177.47924 1975.33716  9.28%     -   25s
     0     0 1975.39192    0  223 2177.47924 1975.39192  9.28%     -   25s
     0     0 1975.43112    0  220 2177.47924 1975.43112  9.28%     -   25s
     0     0 1975.47026    0  220 2177.47924 1975.47026  9.28%     -   25s
     0     0 1975.50926    0  220 2177.47924 1975.50926  9.28%     -   25s
     0     0 1975.54827    0  220 2177.47924 1975.54827  9.27%     -   25s
     0     0 1976.40754    0  251 2177.47924 1976.40754  9.23%     -   26s
     0     0 1976.52152    0  263 2177.47924 1976.52152  9.23%     -   26s
     0     0 1976.52567    0  266 2177.47924 1976.52567  9.23%     -   26s
     0     0 1977.02866    0  236 2177.47924 1977.02866  9.21%     -   26s
     0     0 1977.08666    0  247 2177.47924 1977.08666  9.20%     -   26s
     0     0 1977.12309    0  249 2177.47924 1977.12309  9.20%     -   26s
     0     0 1977.12419    0  250 2177.47924 1977.12419  9.20%     -   26s
     0     0 1977.15500    0  247 2177.47924 1977.15500  9.20%     -   26s
     0     0 1977.15831    0  247 2177.47924 1977.15831  9.20%     -   26s
     0     0 1977.15831    0  236 2177.47924 1977.15831  9.20%     -   26s
     0     2 1977.26715    0  231 2177.47924 1977.26715  9.19%     -   27s
   236   150 2108.93913   48   95 2177.47924 1984.32431  8.87%  70.8   30s
  1224   779 2161.55375   60   13 2177.47924 1998.38212  8.22%  41.5   35s
  1469   884 2018.07244   17  172 2177.47924 2014.97307  7.46%  40.7   48s
  1471   885 2164.55476   24   82 2177.47924 2014.97307  7.46%  40.6   50s
  1478   890 2087.67976   18  342 2177.47924 2014.97307  7.46%  40.4   55s
  1486   895 2081.38856   21  220 2177.47924 2014.97307  7.46%  40.2   60s
  1493   900 2134.70460   25  430 2177.47924 2014.97307  7.46%  40.0   65s
  1497   903 2018.07244   17  457 2177.47924 2014.97307  7.46%  39.9   70s
  1502   906 2111.10985   77  484 2177.47924 2014.97307  7.46%  39.8   75s
  1507   909 2123.74909  148  485 2177.47924 2014.97307  7.46%  39.6   80s
  1515   918 2042.56344   14  144 2177.47924 2014.97307  7.46%  51.3   85s
  1620   977 2052.25834   23   65 2177.47924 2014.97307  7.46%  53.7   90s
  1671   973 2067.80050   31   31 2177.47924 2014.97307  7.46%  53.0   96s
  1695   966     cutoff   38      2177.47924 2014.97307  7.46%  53.1  100s
  1763  1012 2068.63497   32   38 2177.47924 2014.97307  7.46%  54.5  105s
  1874  1009 2075.75895   21  112 2177.47924 2014.97307  7.46%  53.9  110s
  1985  1063 2036.59286   33  109 2177.47924 2014.97307  7.46%  53.9  115s
  2146  1088 2129.72411   19   91 2177.47924 2022.57887  7.11%  52.0  120s
  2412  1121 2047.12330   23   81 2177.47924 2023.30014  7.08%  48.1  126s
  2592  1131 2034.82453   21   84 2177.47924 2029.16018  6.81%  47.0  131s
  2793  1123 2041.54627   39   37 2177.47924 2030.47001  6.75%  45.3  136s
  2967  1122 infeasible   33      2177.47924 2033.28418  6.62%  44.7  141s
  3168  1128 2049.03731   24   32 2177.47924 2035.01384  6.54%  44.1  146s
  3282  1122 infeasible   30      2177.47924 2035.01390  6.54%  46.0  151s
  3412  1119 2113.18677   35   57 2177.47924 2035.37321  6.53%  47.4  157s
  3477  1116 infeasible   46      2177.47924 2035.37321  6.53%  47.6  161s
  3688  1061 2038.40114   30   74 2177.47924 2035.88805  6.50%  47.0  167s
  3746  1089 2129.82074   41   62 2177.47924 2038.09555  6.40%  47.1  170s
  3886  1097 2095.04680   21  110 2177.47924 2039.03816  6.36%  46.7  175s
  4049  1085 2125.85783   24   60 2177.47924 2039.25482  6.35%  46.5  180s
  4234  1090 2104.79748   45   39 2177.47924 2039.64795  6.33%  46.0  185s
  4605  1209 2130.37068   44   31 2177.47924 2042.88442  6.18%  44.0  194s
  4798  1277 2074.00446   28   67 2177.47924 2043.48133  6.15%  43.5  198s
  4920  1291 2076.53084   31   85 2177.47924 2043.48133  6.15%  43.1  200s
  5001  1337 2074.95507   33   90 2177.47924 2043.91172  6.13%  43.0  206s
  5081  1403 2069.64132   24   36 2177.47924 2044.22187  6.12%  42.9  210s
  5261  1461 2078.13261   25   82 2177.47924 2046.06624  6.04%  42.2  215s
  5428  1510 infeasible   26      2177.47924 2046.12346  6.03%  42.0  220s
  5766  1581 2076.32262   30   26 2177.47924 2046.71366  6.01%  41.2  227s
  5925  1593 infeasible   26      2177.47924 2048.01755  5.95%  41.5  231s
  6104  1654     cutoff   35      2177.47924 2050.07993  5.85%  41.9  236s
  6381  1710 2152.59203   35   11 2177.47924 2050.42827  5.83%  41.6  240s
  6549  1959 infeasible   33      2177.47924 2051.05726  5.81%  41.2  251s
  7233  1999 2132.48421   16  208 2177.47924 2054.14197  5.66%  39.8  256s
  7473  2092     cutoff   45      2177.47924 2054.49313  5.65%  39.4  266s
  7935  2182 infeasible   39      2177.47924 2055.46415  5.60%  39.1  273s
  8246  2317 2065.09802   34   35 2177.47924 2056.05222  5.58%  38.6  282s
  8770  2446 2148.25684   38   32 2177.47924 2056.85160  5.54%  37.8  288s
  9164  2536     cutoff   30      2177.47924 2057.58687  5.51%  37.4  295s
  9525  2606 infeasible   32      2177.47924 2058.32383  5.47%  37.4  304s
  9938  2673 infeasible   41      2177.47924 2059.00958  5.44%  37.0  311s
 10336  2852 2159.56639   32   32 2177.47924 2059.75401  5.41%  36.5  345s
 11141  2884 2105.88621   27   13 2177.47924 2061.48885  5.33%  35.6  350s
 11387  2984 2082.19701   40   78 2177.47924 2062.29055  5.29%  35.6  356s
 11758  3132 infeasible   29      2177.47924 2063.20420  5.25%  35.3  364s
 12417  3212 2125.10958   34   21 2177.47924 2064.42171  5.19%  34.5  372s
 12869  3239 2067.05657   23   63 2177.47924 2065.66924  5.13%  34.1  377s
 12918  3278 2109.11318   24   48 2177.47924 2065.72754  5.13%  34.0  383s
 13275  3338 infeasible   32      2177.47924 2066.09632  5.12%  33.7  390s
 13783  3397 2068.36038   33   19 2177.47924 2067.06795  5.07%  33.1  397s
 14097  3517 infeasible   37      2177.47924 2067.75161  5.04%  32.9  406s
 14630  3638 2133.47886   28   13 2177.47924 2068.05523  5.03%  32.4  415s
 15304  3663 infeasible   28      2177.47924 2069.49150  4.96%  31.6  421s
 15709  3672 2117.23307   38   29 2177.47924 2070.49172  4.91%  31.4  430s
 16182  3712 2076.93876   37  131 2177.47924 2072.59375  4.82%  31.2  438s
 16474  3747 infeasible   36      2177.47924 2073.50003  4.78%  31.4  447s
 16877  3814 2078.91884   29   22 2177.47924 2073.92888  4.76%  31.4  456s
 17218  3856 2077.53165   37   65 2177.47924 2074.26882  4.74%  31.4  465s
 17538  3850 infeasible   22      2177.47924 2075.16816  4.70%  31.4  474s
 17864  3892 2127.61646   25   88 2177.47924 2075.65826  4.68%  31.5  482s
 18182  3931 2085.92625   45   12 2177.47924 2076.15211  4.65%  31.5  493s
 18664  4005 2132.69825   24  188 2177.47924 2077.30996  4.60%  31.4  502s
 19070  4067 2163.08121   41  107 2177.47924 2077.88498  4.57%  31.3  509s
 19366  4121 2121.24344   28   37 2177.47924 2078.21845  4.56%  31.4  516s
 19788  4208 infeasible   31      2177.47924 2078.91914  4.53%  31.4  524s
 20084  4255 2083.12186   39   62 2177.47924 2079.09290  4.52%  31.3  537s
 20460  4323 2133.58486   36   36 2177.47924 2079.18667  4.51%  31.2  548s
 20827  4324 2121.14107   33  172 2177.47924 2079.88005  4.48%  31.2  683s
 20830  4326 2134.02862   39  455 2177.47924 2079.88005  4.48%  31.2  686s
 20837  4331 2147.21569   40  638 2177.47924 2079.88005  4.48%  31.2  690s
 20850  4339 2148.29060   31  636 2177.47924 2079.88005  4.48%  31.2  695s
 20863  4348 2122.96527   33  669 2177.47924 2079.88005  4.48%  31.2  704s
 20865  4349 2155.77783   40  668 2177.47924 2079.88005  4.48%  31.2  712s
 20870  4353 2128.48135   32  645 2177.47924 2079.88005  4.48%  31.2  722s
 20874  4355 2106.65977   35  701 2177.47924 2079.88005  4.48%  31.2  733s
 20876  4357 2127.58033   29  703 2177.47924 2079.88005  4.48%  31.2  745s
 20881  4360 2142.37370   38  671 2177.47924 2079.88005  4.48%  31.2  758s
 20886  4363 2107.62918   44  690 2177.47924 2079.88005  4.48%  31.2  771s
 20890  4366 2082.43944   36  696 2177.47924 2079.88005  4.48%  31.2  779s
 20891  4367 2088.04985   37  697 2177.47924 2079.88005  4.48%  31.1  780s
 20892  4367 2161.05534   30  697 2177.47924 2079.88005  4.48%  31.1  785s
 20894  4369 2086.93292   28  698 2177.47924 2079.88005  4.48%  31.1  794s
 20895  4369 2138.23981   33  694 2177.47924 2079.88005  4.48%  31.1  795s
 20897  4371 2089.63155   33  699 2177.47924 2079.88005  4.48%  31.1  801s
 20899  4372 2155.64935   31  703 2177.47924 2079.88005  4.48%  31.1  809s
 20900  4373 2105.08922   29  695 2177.47924 2079.88005  4.48%  31.1  815s
 20902  4377 2079.88005   25  215 2177.47924 2079.88005  4.48%  31.9  824s
 20904  4380 2079.88005   26  211 2177.47924 2079.88005  4.48%  31.9  825s
 20953  4386 2079.88005   34  205 2177.47924 2079.88005  4.48%  32.3  831s
 21032  4409 2145.31671   45   55 2177.47924 2079.88005  4.48%  32.3  835s
 21159  4434 2164.96493   57   17 2177.47924 2079.88005  4.48%  32.3  841s
 21249  4451 2079.88005   32  254 2177.47924 2079.88005  4.48%  32.6  845s
 21378  4464 2079.88005   47  134 2177.47924 2079.88005  4.48%  32.6  850s
 21593  4517 2127.89142   44  113 2177.47924 2079.88005  4.48%  32.5  855s
 21780  4550 2079.88005   48  114 2177.47924 2079.88005  4.48%  32.8  860s
 21941  4585 2079.88005   42  259 2177.47924 2079.88005  4.48%  33.1  867s
 22051  4623 2079.88005   43  165 2177.47924 2079.88005  4.48%  33.3  870s
 22242  4604 2104.22244   43  188 2177.47924 2079.88005  4.48%  33.4  875s
 22520  4671 infeasible   50      2177.47924 2079.88005  4.48%  33.5  880s
 22688  4732 2104.02261   52  159 2177.47924 2079.88005  4.48%  33.6  885s
 22857  4759 2145.52505   39  250 2177.47924 2079.88005  4.48%  34.0  890s
 23086  4876 2142.73428   48   47 2177.47924 2079.88005  4.48%  34.2  896s
 23545  4812 2093.50715   38  212 2177.47924 2079.88005  4.48%  34.4  900s
 23733  4785 2149.40502   48  309 2177.47924 2079.88005  4.48%  34.8  906s
 23989  4903 2079.88005   47  250 2177.47924 2079.88005  4.48%  35.4  912s
 24431  4872 2139.90795   56  158 2177.47924 2079.88005  4.48%  35.3  915s
 24896  5081 2109.99910   58  142 2177.47924 2079.88005  4.48%  35.3  920s
 25838  4976 infeasible   80      2177.47924 2079.88005  4.48%  35.6  927s
 25965  5348 2079.88005   46  141 2177.47924 2079.88005  4.48%  35.8  932s
 26691  5118 2161.03226   39   48 2177.47924 2079.88005  4.48%  35.7  935s
 26970  5199 2120.64337   43   77 2177.47924 2079.88005  4.48%  36.2  942s
 27068  5352 2107.92458   38  147 2177.47924 2079.88005  4.48%  36.4  945s
 27565  5384 2102.56140   38  245 2177.47924 2079.88005  4.48%  37.1  954s
 27953  5283 2079.88005   63  130 2177.47924 2079.88005  4.48%  37.5  956s
 28009  5423 2153.10735   50   43 2177.47924 2079.88005  4.48%  37.8  960s
 28424  5638 2103.76748   41  190 2177.47924 2079.88005  4.48%  38.4  968s
 28972  5545 2124.95332   43  121 2177.47924 2079.88005  4.48%  38.2  972s
 29156  5759 2148.83382   45  120 2177.47924 2079.88005  4.48%  38.2  977s
 29794  5620 2118.73123   50  179 2177.47924 2079.88005  4.48%  38.6  982s
 30028  5586 2103.21099   45  218 2177.47924 2079.88005  4.48%  39.1  985s
 30824  5617 infeasible   56      2177.47924 2079.88005  4.48%  39.6  991s
 31015  5753 2169.44708   54   92 2177.47924 2079.88005  4.48%  39.7  995s
 31717  5562 2154.73264   51   32 2177.47924 2079.88005  4.48%  40.2 1004s
 31903  5915 2154.73458   62   20 2177.47924 2079.88005  4.48%  40.2 1024s
 32889  5908 2156.92247   75  208 2177.47924 2079.88005  4.48%  40.6 1035s
 33909  5841 2133.47938   66   56 2177.47924 2079.88005  4.48%  41.2 1048s
 34651  5862 2154.80813   45  144 2177.47924 2079.88005  4.48%  41.7 1052s
 34797  5975 2079.88005   54  159 2177.47924 2079.88005  4.48%  41.9 1058s
 35269  6016 infeasible   59      2177.47924 2079.88005  4.48%  42.4 1061s
 35405  6288 2137.78220   60   72 2177.47924 2079.88005  4.48%  42.7 1070s
 36248  6520 2167.41825   54  105 2177.47924 2079.88005  4.48%  43.2 1079s
 36741  6572 infeasible   39      2177.47924 2079.88005  4.48%  43.5 1083s
 36868  6869 2110.64841   55   88 2177.47924 2079.88005  4.48%  43.8 1090s
 37663  6918 infeasible   69      2177.47924 2079.88005  4.48%  44.0 1095s
 37819  7139 2111.44870   72  176 2177.47924 2079.88005  4.48%  44.1 1101s
 38359  7180 infeasible   99      2177.47924 2079.88005  4.48%  44.4 1105s
 38521  7404 2143.31065   40  171 2177.47924 2079.88005  4.48%  44.6 1111s
 39031  7451 infeasible   68      2177.47924 2079.88005  4.48%  45.0 1116s
 39162  7561 2117.01843   54  119 2177.47924 2079.88005  4.48%  45.2 1121s
 39421  7622     cutoff   57      2177.47924 2079.88005  4.48%  45.4 1128s
 39583  7797 2111.28033   47  227 2177.47924 2079.88005  4.48%  45.7 1134s
 40127  7864 2151.14438   49  112 2177.47924 2079.88005  4.48%  46.3 1138s
 40251  7936 2149.50337   45  147 2177.47924 2079.88005  4.48%  46.6 1147s
 40712  7974 2079.88005   36  162 2177.47924 2079.88005  4.48%  46.8 1153s
 40811  8123 2113.72280   44   61 2177.47924 2079.88005  4.48%  46.8 1159s
 41135  8323 2127.22966   53  156 2177.47924 2079.88005  4.48%  46.9 1167s
 41598  8370 2167.92334   40   99 2177.47924 2079.88005  4.48%  47.0 1172s
 41760  8580 2079.88005   42  400 2177.47924 2079.88005  4.48%  47.2 1180s
 42369  8661 2133.90343   48  127 2177.47924 2079.88005  4.48%  47.6 1192s
 42637  9049 2109.11018   45  101 2177.47924 2079.88005  4.48%  47.7 1206s
 43720  9081 2151.87177   47  120 2177.47924 2079.88005  4.48%  48.2 1210s
 43872  9439 2170.51602   63  173 2177.47924 2079.88005  4.48%  48.4 1219s
 44629  9463 2153.70707   60   76 2177.47924 2079.88005  4.48%  48.7 1224s
 44762  9577 2173.39419   48   85 2177.47924 2079.88005  4.48%  48.7 1230s
 45125  9637 2162.10829   59   68 2177.47924 2079.88005  4.48%  48.8 1237s
 45251  9947 2172.06667   46   58 2177.47924 2079.88005  4.48%  48.9 1245s
 46114 10500 2115.87682   41   81 2177.47924 2079.88005  4.48%  49.2 1254s
 47037 10605 infeasible   47      2177.47924 2079.88005  4.48%  49.1 1257s
 47399 10781 2081.90110   63  191 2177.47924 2079.88005  4.48%  49.1 1263s
 47907 10828 2112.80677   50   70 2177.47924 2079.88005  4.48%  49.3 1267s
 48036 11084 2104.69300   46   66 2177.47924 2079.88005  4.48%  49.3 1276s
 48597 11144 infeasible   62      2177.47924 2079.88005  4.48%  49.5 1282s
 48819 11404 2112.08188   55  162 2177.47924 2079.88005  4.48%  49.6 1288s
 49428 11450 infeasible   56      2177.47924 2079.88005  4.48%  49.8 1292s
 49605 11791     cutoff   53      2177.47924 2079.88005  4.48%  49.9 1301s
 50364 11897 infeasible   77      2177.47924 2079.88005  4.48%  49.8 1305s
 50679 12094 2117.11383   50  110 2177.47924 2079.88005  4.48%  49.8 1310s
 51094 12162     cutoff   64      2177.47924 2079.88005  4.48%  49.9 1316s
 51312 12476 infeasible   51      2177.47924 2079.88005  4.48%  50.0 1323s
 52017 12484 infeasible   50      2177.47924 2079.88005  4.48%  50.0 1327s
 52123 12639 2115.35646   55  112 2177.47924 2079.88005  4.48%  50.1 1332s
 52517 12667 2079.88005   46  144 2177.47924 2079.88005  4.48%  50.3 1336s
 52595 12975 2122.92794   52   66 2177.47924 2079.88005  4.48%  50.4 1350s
 53451 12992     cutoff   79      2177.47924 2079.88005  4.48%  50.8 1357s
 53578 13224 2112.07294   48  160 2177.47924 2079.88005  4.48%  50.8 1365s
 54160 13235 infeasible   62      2177.47924 2079.88005  4.48%  50.9 1370s
 54261 13367 2150.36221   53   97 2177.47924 2079.88005  4.48%  50.9 1379s
 54844 13383 infeasible   80      2177.47924 2079.88005  4.48%  51.0 1383s
 54956 13530     cutoff   58      2177.47924 2079.88005  4.48%  51.0 1389s
 55429 13570 infeasible   69      2177.47924 2079.88005  4.48%  51.2 1393s
 55563 13796 2110.53526   72  114 2177.47924 2079.88005  4.48%  51.3 1401s
 56131 13831 2098.20773   55  121 2177.47924 2079.88005  4.48%  51.3 1405s
 56253 14091 2115.18179   74   91 2177.47924 2079.88005  4.48%  51.4 1411s
 56913 14100 infeasible   36      2177.47924 2079.88005  4.48%  51.3 1415s
 57011 14332 infeasible   40      2177.47924 2079.88005  4.48%  51.4 1424s
 57601 14360 2120.57204   53  143 2177.47924 2080.93906  4.43%  51.3 1428s
 57721 14522 2171.96879   39  207 2177.47924 2081.21935  4.42%  51.4 1436s
 58493 14588 infeasible   54      2177.47924 2082.30663  4.37%  51.5 1442s
 58620 14742 2164.74462   56   20 2177.47924 2082.77774  4.35%  51.5 1446s
 59126 14759 2114.94718   63  120 2177.47924 2083.20396  4.33%  51.5 1450s
 59237 14870 2139.16632   38  142 2177.47924 2083.95092  4.30%  51.7 1455s
 59847 14986 2086.90295   46  204 2177.47924 2084.64326  4.26%  51.7 1464s
 60250 15089 infeasible   59      2177.47924 2085.20687  4.24%  51.8 1470s
 61031 15281 2169.27537   42  306 2177.47924 2086.49238  4.18%  51.7 1478s
 61564 15319 2100.98085   43  220 2177.47924 2087.07816  4.15%  51.8 1480s
 62204 15558 2114.51493   40  200 2177.47924 2087.62011  4.13%  51.9 1487s
 62437 15589 2144.94939   58   85 2177.47924 2087.95958  4.11%  52.0 1491s
 62563 15804 2098.71868   54  256 2177.47924 2088.02399  4.11%  52.0 1498s
 63220 15911 infeasible   61      2177.47924 2088.63515  4.08%  51.9 1507s
 63572 16336 2112.82346   91  162 2177.47924 2088.96369  4.07%  51.9 1515s
 64699 16475 2164.59326   63  237 2177.47924 2089.54445  4.04%  52.0 1520s
 65206 16604 2147.03591   91  210 2177.47924 2089.76358  4.03%  52.1 1526s
 65852 16742 2154.23606   69   99 2177.47924 2090.00642  4.02%  52.3 1531s
 66291 17056 infeasible   64      2177.47924 2090.09527  4.01%  52.5 1539s
 67067 17079 infeasible   75      2177.47924 2090.42866  4.00%  52.5 1541s
 67197 17297 2091.89684   59  215 2177.47924 2090.54204  3.99%  52.5 1546s
 68051 17619 2147.47355   61  234 2177.47924 2091.08079  3.97%  52.5 1555s
 68788 17905 2153.99896   42   48 2177.47924 2091.80963  3.93%  52.5 1564s
 69471 17986 infeasible   63      2177.47924 2092.00612  3.93%  52.5 1568s
 69707 18209 2098.05568   55  307 2177.47924 2092.37324  3.91%  52.5 1572s
 70288 18250 2094.61650   61  201 2177.47924 2092.80985  3.89%  52.5 1577s
 70487 18426 2168.54341   87  155 2177.47924 2092.91203  3.88%  52.6 1581s
 71153 18640 infeasible   65      2177.47924 2093.25315  3.87%  52.7 1588s
 71815 18708 infeasible   68      2177.47924 2093.43405  3.86%  52.8 1590s
 72611 18856 2151.32317   60  243 2177.47924 2093.90810  3.84%  53.0 1596s
 72678 19079 2152.04087   63  191 2177.47924 2093.92552  3.84%  53.0 1602s
 73432 19311 2100.60623   72  136 2177.47924 2094.20469  3.82%  52.9 1610s
 74034 19594 2173.56317  101   56 2177.47924 2094.37425  3.82%  52.7 1617s
 74873 19600 infeasible   79      2177.47924 2094.63299  3.80%  52.6 1620s
 74952 19815 2172.07653   81  115 2177.47924 2094.71914  3.80%  52.6 1626s
 75564 19819 2130.32966   71  160 2177.47924 2095.07763  3.78%  52.6 1630s
 75730 20002 2108.23895   83  279 2177.47924 2095.15072  3.78%  52.6 1636s
 76278 20230 2148.33929   61  191 2177.47924 2095.68116  3.76%  52.6 1645s
 76863 20281 2167.32290   74   94 2177.47924 2096.13094  3.74%  52.6 1653s
 77017 20373 2153.43261   42  315 2177.47924 2096.18274  3.73%  52.6 1659s
 77332 20389 infeasible   40      2177.47924 2096.43194  3.72%  52.7 1663s
 77412 20657     cutoff   56      2177.47924 2096.58596  3.71%  52.8 1671s
 78139 20717 infeasible   67      2177.47924 2096.77436  3.71%  52.6 1676s
 78308 20853 2121.25736   53  151 2177.47924 2096.90031  3.70%  52.6 1683s
 78849 21012 2148.21855   50    3 2177.47924 2097.15479  3.69%  52.5 1690s
 79412 21042 infeasible   71      2177.47924 2097.37910  3.68%  52.5 1695s
 79468 21264 2169.30026   54  223 2177.47924 2097.37943  3.68%  52.5 1702s
 80071 21347 infeasible   89      2177.47924 2097.55200  3.67%  52.5 1707s
 80298 21568 infeasible   70      2177.47924 2097.62805  3.67%  52.4 1715s
 80918 21777     cutoff   50      2177.47924 2097.73945  3.66%  52.3 1723s
 81574 21860 infeasible   56      2177.47924 2098.07301  3.65%  52.2 1727s
 81801 22035     cutoff   48      2177.47924 2098.32977  3.63%  52.2 1731s
 82222 22037 2101.24253   73  197 2177.47924 2098.55311  3.62%  52.1 1735s
 82303 22292 2174.75491   79  175 2177.47924 2098.60843  3.62%  52.2 1743s
 82951 22413 2103.67910   56  231 2177.47924 2099.10479  3.60%  52.1 1752s
 83375 22429 infeasible   65      2177.47924 2099.38264  3.59%  52.0 1756s
 83443 22569 2160.23434   67   17 2177.47924 2099.42734  3.58%  52.0 1764s
 84019 22569 2099.91853   50  210 2177.47924 2099.63507  3.57%  52.0 1765s
 84043 22642 2162.92807   74  139 2177.47924 2099.63507  3.57%  52.0 1778s
 84397 23023 2157.17529   57  237 2177.47924 2099.97452  3.56%  52.0 1793s
 85631 23045 infeasible   61      2177.47924 2100.38127  3.54%  51.9 1796s
 85714 23331 2152.44758   58   66 2177.47924 2100.38127  3.54%  51.9 1801s
 86342 23546 2172.77004   82  198 2177.47924 2100.71271  3.53%  51.9 1810s
 87158 23751 infeasible   55      2177.47924 2101.16237  3.50%  51.8 1820s
 87729 23945 2157.27979   69   89 2177.47924 2101.41060  3.49%  51.8 1826s
 88423 24271 2173.89339   65   97 2177.47924 2101.55345  3.49%  51.7 1832s
 89175 24531 2111.31763   37  213 2177.47924 2101.78068  3.48%  51.6 1840s
 90061 24730 2171.85139   75  201 2177.47924 2102.31584  3.45%  51.5 1848s
 90353 24806 infeasible   63      2177.47924 2102.32842  3.45%  51.5 1852s
 90571 25030 2154.11813   52   79 2177.47924 2102.44332  3.45%  51.5 1859s
 91263 25063 2132.39638   50   46 2177.47924 2102.83042  3.43%  51.3 1862s
 91388 25355 2142.70494   44   87 2177.47924 2102.89457  3.43%  51.3 1868s
 92002 25449 infeasible   42      2177.47924 2103.12857  3.41%  51.2 1871s
 92272 25480 2158.31369   60   38 2177.47924 2103.17965  3.41%  51.2 1878s
 92387 25628 2163.21676   54   60 2177.47924 2103.23117  3.41%  51.2 1884s
 92770 25613 2104.28767   43  137 2177.47924 2103.23117  3.41%  51.2 1888s
 92859 25688 infeasible   44      2177.47924 2103.23117  3.41%  51.2 1892s
 93044 25810 2114.74390   43  167 2177.47924 2103.37921  3.40%  51.2 1899s
 93472 25867 2104.44122   43  116 2177.47924 2103.51828  3.40%  51.3 1903s
 93654 26050 infeasible   66      2177.47924 2103.66839  3.39%  51.3 1908s
 94367 26312 2104.92212   52  154 2177.47924 2103.90799  3.38%  51.2 1919s
 94725 26312 infeasible   64      2177.47924 2103.92347  3.38%  51.2 1920s
 95068 26345 infeasible   48      2177.47924 2104.14728  3.37%  51.2 1927s
 95130 26347 2166.33505   70  124 2177.47924 2104.14728  3.37%  51.2 1930s
 95206 26687 2107.68182   55  144 2177.47924 2104.17617  3.37%  51.2 1937s
 96027 26712 infeasible   55      2177.47924 2104.44454  3.35%  51.2 1940s
 96111 26951 2160.21399   67  161 2177.47924 2104.49006  3.35%  51.2 1948s
 96774 26951 infeasible   54      2177.47924 2104.62121  3.35%  51.1 1952s
 96868 27213 2115.25408   46   83 2177.47924 2104.68169  3.34%  51.2 1959s
 97497 27207 infeasible   79      2177.47924 2104.90117  3.33%  51.0 1962s
 97604 27429 2117.85919   54   96 2177.47924 2105.03887  3.33%  51.1 1970s
 98355 27586 2155.29650   74  138 2177.47924 2105.32847  3.31%  51.0 1980s
 98857 27587 2120.35464   52   82 2177.47924 2105.43063  3.31%  51.0 1986s
 98861 27591 2120.37854   53   82 2177.47924 2105.43063  3.31%  51.0 1990s
 98869 27599 2121.68095   55   82 2177.47924 2105.43063  3.31%  51.0 1996s
 98877 27607 2121.72910   57   82 2177.47924 2105.43063  3.31%  51.0 2003s
 98881 27617 2121.75316   58   83 2177.47924 2105.43063  3.31%  51.1 2008s
 98917 27649 2112.39384   53  222 2177.47924 2105.44908  3.31%  51.1 2012s
 98977 27650 2125.47292   73  144 2177.47924 2105.51330  3.31%  51.1 2018s
 99039 27675 2134.12745   72  285 2177.47924 2105.52101  3.30%  51.1 2023s
 99081 27679 2169.64970   85  156 2177.47924 2105.53869  3.30%  51.1 2028s
 99165 27681 infeasible   56      2177.47924 2105.60366  3.30%  51.2 2033s
 99249 27738 2154.86175   65  199 2177.47924 2105.64032  3.30%  51.2 2038s
 99369 27766 2130.50882   58  157 2177.47924 2105.64930  3.30%  51.2 2044s
 99465 27802 2113.42950   43   91 2177.47924 2105.69981  3.30%  51.2 2051s
 99587 27965 2145.97728   49  196 2177.47924 2105.75569  3.29%  51.2 2064s
 100076 27988 infeasible   50      2177.47924 2105.85886  3.29%  51.2 2069s
 100181 28112 2140.27083   37  130 2177.47924 2105.96190  3.28%  51.3 2081s
 100661 28119 2163.36426   50  111 2177.47924 2106.10853  3.28%  51.3 2087s
 100680 28127 2110.20361   50   89 2177.47924 2106.10853  3.28%  51.3 2091s
 100725 28138 2110.20361   51   88 2177.47924 2106.10853  3.28%  51.2 2097s
 100753 28145 2163.12235   52  111 2177.47924 2106.10853  3.28%  51.3 2102s
 100788 28158 2110.20361   51   89 2177.47924 2106.13002  3.28%  51.3 2109s
 100820 28167 2110.20361   52   88 2177.47924 2106.13002  3.28%  51.3 2116s
 100857 28172 2162.63835   53  111 2177.47924 2106.13002  3.28%  51.3 2125s
 100913 28197 2162.15411   52  111 2177.47924 2106.13002  3.28%  51.3 2133s
 100971 28271 2162.88038   52  111 2177.47924 2106.16951  3.27%  51.3 2138s
 101121 28298 2168.37256   73  143 2177.47924 2106.20143  3.27%  51.3 2143s
 101271 28355 2133.66327   69   61 2177.47924 2106.28556  3.27%  51.3 2151s
 101495 28640 2109.42803   58  175 2177.47924 2106.32374  3.27%  51.3 2163s
 102234 28807 2160.61254   60  213 2177.47924 2106.42598  3.26%  51.4 2174s
 102680 28898 2152.79593   59   91 2177.47924 2106.65835  3.25%  51.4 2184s
 102956 29252 infeasible   43      2177.47924 2106.76250  3.25%  51.4 2197s
 103699 29264 2175.43360   90  159 2177.47924 2106.91679  3.24%  51.5 2204s
 103861 29451 2113.00349   50  246 2177.47924 2107.03827  3.23%  51.6 2215s
 104404 29457 2108.80825   48  233 2177.47924 2107.10272  3.23%  51.7 2222s
 104521 29703 infeasible   64      2177.47924 2107.10272  3.23%  51.8 2234s
 105142 29703 2112.82693   51  324 2177.47924 2107.23093  3.23%  51.7 2235s
 105297 29739 infeasible   63      2177.47924 2107.35304  3.22%  51.8 2248s
 105486 30272 2159.08494   49   58 2177.47924 2107.45991  3.22%  51.8 2274s
 106887 30272 2109.31377   58   96 2177.47924 2107.57411  3.21%  51.9 2275s
 107354 30278 2131.18863   54  103 2177.47924 2107.88809  3.20%  52.0 2283s
 107407 30299 2112.49037   46   89 2177.47924 2107.90449  3.20%  52.0 2288s
 107522 30472 2108.46677   58  149 2177.47924 2107.99016  3.19%  52.0 2300s
 108246 30812 2164.47279   56  199 2177.47924 2108.11613  3.19%  52.1 2311s
 108923 30840 2161.22257   63   53 2177.47924 2108.22595  3.18%  52.1 2317s
 109017 30901 2162.53579   72  247 2177.47924 2108.26445  3.18%  52.1 2326s
 109467 30903     cutoff   65      2177.47924 2108.31391  3.18%  52.1 2332s
 109562 31094 2162.40981   55  163 2177.47924 2108.38926  3.17%  52.2 2341s
 110048 31097 infeasible   68      2177.47924 2108.46724  3.17%  52.3 2348s
 110138 31174     cutoff   72      2177.47924 2108.47170  3.17%  52.4 2354s
 110487 31190     cutoff   70      2177.47924 2108.61750  3.16%  52.4 2360s
 110655 31405 2109.88881   57  152 2177.47924 2108.67766  3.16%  52.5 2374s
 111284 31401 infeasible   44      2177.47924 2108.79911  3.15%  52.4 2381s
 111438 31563 2111.31724   53   83 2177.47924 2108.82903  3.15%  52.5 2389s
 111897 31578 infeasible   61      2177.47924 2108.92086  3.15%  52.5 2394s
 111968 31716 2166.26160   63  110 2177.47924 2108.95905  3.15%  52.6 2409s
 112479 31724 infeasible   80      2177.47924 2109.04088  3.14%  52.7 2416s
 112601 31953 2111.22958   62  295 2177.47924 2109.06888  3.14%  52.7 2428s
 113097 31963 2114.39374   53   74 2177.47924 2109.10457  3.14%  52.8 2434s
 113218 32196 2169.63774   60  141 2177.47924 2109.13289  3.14%  52.8 2441s
 113653 32210 2119.85974   59  127 2177.47924 2109.17044  3.14%  52.9 2447s
 113750 32359 2174.21808   79  145 2177.47924 2109.17044  3.14%  52.9 2458s
 114248 32399 infeasible   51      2177.47924 2109.27323  3.13%  53.0 2465s
 114379 32637 2173.11965   63  131 2177.47924 2109.27323  3.13%  53.1 2479s
 114959 32694 2174.64664   93   32 2177.47924 2109.41521  3.13%  53.2 2485s
 115107 32768 2125.17268   50  226 2177.47924 2109.42614  3.13%  53.2 2491s
 115428 32785 2140.81259   61  117 2177.47924 2109.47254  3.12%  53.3 2498s
 115545 33045 2162.43036   62  234 2177.47924 2109.47254  3.12%  53.3 2518s
 116296 33033 infeasible   68      2177.47924 2109.60457  3.12%  53.4 2524s
 116376 33061 2122.70072   75   77 2177.47924 2109.62639  3.12%  53.5 2530s
 116526 33182 infeasible   70      2177.47924 2109.70008  3.11%  53.5 2540s
 116904 33197 2132.68629   34   55 2177.47924 2109.75318  3.11%  53.7 2551s
 117054 33419 2112.90042   60   85 2177.47924 2109.75650  3.11%  53.7 2564s
 117732 33433 2111.88661   55  105 2177.47924 2109.89520  3.10%  53.8 2574s
 117871 33685 2125.03714   57  138 2177.47924 2109.91350  3.10%  53.8 2586s
 118537 33699 infeasible   52      2177.47924 2109.99441  3.10%  53.8 2595s
 118683 33921 2110.45363   80  157 2177.47924 2109.99953  3.10%  53.9 2609s
 119226 33939 2159.44925   77   25 2177.47924 2110.07774  3.10%  53.9 2620s
 119365 34132 2111.05219   65  155 2177.47924 2110.11378  3.09%  54.0 2630s
 119952 34099 infeasible   64      2177.47924 2110.17886  3.09%  54.0 2635s
 120078 34303 2159.66540   86   74 2177.47924 2110.19050  3.09%  54.1 2645s
 120708 34324 infeasible   65      2177.47924 2110.27815  3.09%  54.2 2653s
 120890 34398 2135.57178   60   54 2177.47924 2110.33356  3.08%  54.2 2666s
 121460 34397 infeasible   62      2177.47924 2110.47186  3.08%  54.2 2673s
 121603 34634 2136.99737   62  110 2177.47924 2110.50673  3.08%  54.3 2688s
 122266 34648 infeasible   65      2177.47924 2110.61166  3.07%  54.3 2694s
 122354 34696 2162.28717   66  132 2177.47924 2110.61496  3.07%  54.4 2706s
 122615 34702 2116.23509   62  129 2177.47924 2110.66793  3.07%  54.4 2717s
 122728 34801 2132.03745   60  127 2177.47924 2110.68673  3.07%  54.5 2732s
 123193 34810     cutoff   56      2177.47924 2110.78813  3.06%  54.6 2742s
 123320 34962 2166.48481   63  144 2177.47924 2110.81581  3.06%  54.7 2754s
 123834 34990 infeasible   86      2177.47924 2110.87808  3.06%  54.8 2766s
 123957 35149 2153.13147   60  111 2177.47924 2110.88790  3.06%  54.8 2780s
 124539 35144 2121.05141   66  121 2177.47924 2110.97056  3.05%  54.9 2786s
 124609 35328 2159.98083   69  121 2177.47924 2110.97855  3.05%  54.9 2800s
 125103 35313 2162.05174   63  161 2177.47924 2111.06551  3.05%  55.0 2807s
 125194 35485 2164.88629   62  110 2177.47924 2111.06982  3.05%  55.1 2816s
 125584 35526     cutoff   88      2177.47924 2111.13263  3.05%  55.2 2825s
 125811 35545 infeasible   53      2177.47924 2111.19783  3.04%  55.3 2840s
 125999 35672 2157.26417   58   91 2177.47924 2111.23115  3.04%  55.4 2859s
 126585 35876 infeasible   56      2177.47924 2111.32025  3.04%  55.6 2869s
 127293 35912 infeasible   79      2177.47924 2111.41353  3.03%  55.7 2877s
 127554 36148 2169.18721   61  183 2177.47924 2111.46745  3.03%  55.8 2896s
 128471 36147 infeasible   89      2177.47924 2111.56571  3.03%  55.9 2903s
 128521 36188 2176.76071  100   60 2177.47924 2111.57042  3.03%  56.0 2914s
 128685 36396 2165.27475   62  183 2177.47924 2111.63304  3.02%  56.0 2933s
 129366 36415 2135.87542   60  124 2177.47924 2111.67809  3.02%  56.1 2942s
 129518 36598 2168.01410   67  150 2177.47924 2111.69327  3.02%  56.1 2961s
 130281 36661 2112.96198   69  176 2177.47924 2111.74827  3.02%  56.2 2968s
 130453 36823 2166.04264  105  193 2177.47924 2111.74827  3.02%  56.3 2984s
 131128 36837 2117.77725   58  175 2177.47924 2111.85722  3.01%  56.3 2989s
 131261 37048     cutoff   74      2177.47924 2111.87230  3.01%  56.4 3004s
 131895 37064 2147.02925   55  159 2177.47924 2111.94566  3.01%  56.5 3011s
 132069 37159 2169.15425   83   78 2177.47924 2111.95949  3.01%  56.5 3026s
 132561 37175 2122.49630   65   66 2177.47924 2111.99958  3.01%  56.6 3034s
 132721 37175 infeasible   53      2177.47924 2112.02041  3.01%  56.6 3035s
 132781 37334 2149.03904   74   52 2177.47924 2112.03129  3.01%  56.7 3050s
 133420 37425 2164.25112   55  122 2177.47924 2112.08983  3.00%  56.7 3061s
 133736 37559 2121.72914   51  150 2177.47924 2112.11656  3.00%  56.8 3073s
 134366 37615 2152.54817   78  161 2177.47924 2112.16163  3.00%  56.9 3078s
 134513 37813 2126.18253   81  189 2177.47924 2112.16522  3.00%  56.9 3090s
 135121 37847 infeasible   63      2177.47924 2112.24176  3.00%  57.0 3098s
 135293 38104 2165.68442   64  130 2177.47924 2112.26132  3.00%  57.1 3114s
 136044 38112     cutoff   63      2177.47924 2112.33903  2.99%  57.1 3121s
 136211 38515 2167.36268   68   60 2177.47924 2112.37582  2.99%  57.2 3140s
 137748 38603 2148.64890   58  258 2177.47924 2112.50049  2.98%  57.3 3147s
 137977 38733 2115.17320   63  101 2177.47924 2112.51803  2.98%  57.3 3161s
 138551 38745 infeasible   62      2177.47924 2112.57545  2.98%  57.4 3170s
 138720 38784 infeasible   60      2177.47924 2112.60793  2.98%  57.4 3180s
 139190 38801 infeasible   78      2177.47924 2112.66753  2.98%  57.6 3186s
 139329 39009 2173.65445   64  173 2177.47924 2112.67564  2.98%  57.6 3198s
 139940 39020 infeasible   82      2177.47924 2112.72963  2.97%  57.7 3207s
 140109 39213 2148.84133   64  137 2177.47924 2112.75434  2.97%  57.7 3219s
 140716 39254 infeasible   77      2177.47924 2112.82451  2.97%  57.8 3224s
 140812 39408 2173.35566   91   84 2177.47924 2112.82685  2.97%  57.9 3238s
 141445 39389 2146.63089   75   68 2177.47924 2112.86334  2.97%  57.9 3246s
 141561 39528 infeasible   58      2177.47924 2112.89544  2.97%  58.0 3257s
 142184 39570 2118.76262   47  177 2177.47924 2112.94993  2.96%  58.1 3263s
 142324 39730     cutoff   64      2177.47924 2112.95156  2.96%  58.1 3278s
 142956 39765 infeasible   83      2177.47924 2113.01753  2.96%  58.2 3285s
 143151 39985 infeasible   56      2177.47924 2113.03837  2.96%  58.2 3297s
 143869 39983 infeasible   46      2177.47924 2113.09362  2.96%  58.2 3301s
 144004 39997 2134.36268   53  189 2177.47924 2113.09503  2.96%  58.2 3306s
 144139 40000 2173.11972   86  159 2177.47924 2113.16111  2.95%  58.2 3313s
 144258 40196 2127.58659   58  246 2177.47924 2113.16569  2.95%  58.2 3323s
 144871 40221 2117.04369   63  104 2177.47924 2113.21992  2.95%  58.2 3330s
 145013 40426 2168.82569   85  154 2177.47924 2113.21992  2.95%  58.3 3342s
 145637 40441     cutoff   75      2177.47924 2113.27915  2.95%  58.3 3348s
 145805 40525 2169.91634   57  133 2177.47924 2113.29179  2.95%  58.4 3362s
 146403 40568 2164.36409   56  110 2177.47924 2113.33824  2.95%  58.4 3375s
 146592 41089 infeasible   67      2177.47924 2113.35732  2.94%  58.5 3410s
 148192 41128 infeasible   72      2177.47924 2113.48712  2.94%  58.6 3416s
 148303 41168 infeasible   68      2177.47924 2113.50387  2.94%  58.7 3426s
 148446 41283 2133.89874   35   44 2177.47924 2113.50922  2.94%  58.7 3441s
 149017 41291     cutoff   52      2177.47924 2113.55573  2.94%  58.7 3447s
 149142 41438 2169.32966   80  127 2177.47924 2113.59797  2.93%  58.8 3454s
 149663 41427     cutoff   60      2177.47924 2113.64625  2.93%  58.8 3459s
 149774 41489 2169.67914   83   72 2177.47924 2113.66477  2.93%  58.9 3465s
 150099 41519 2171.75387   57   97 2177.47924 2113.71707  2.93%  58.9 3471s
 150244 41739 2124.56050   60  107 2177.47924 2113.73127  2.93%  58.9 3480s
 150982 41756     cutoff   75      2177.47924 2113.76997  2.93%  58.9 3485s
 151125 41828 2114.58126   93  145 2177.47924 2113.77486  2.93%  58.9 3499s
 151720 41895 2160.23299   62  175 2177.47924 2113.83699  2.92%  58.9 3507s
 152063 41941 2116.13433   62  138 2177.47924 2113.90026  2.92%  58.9 3515s
 152239 42090 2171.78147   59  113 2177.47924 2113.90145  2.92%  59.0 3525s
 152876 42113 infeasible   88      2177.47924 2113.98066  2.92%  59.0 3531s
 153041 42244 2175.52819   49  151 2177.47924 2113.99275  2.92%  59.1 3544s
 153464 42282     cutoff   58      2177.47924 2114.00472  2.92%  59.2 3551s
 153653 42403 2116.30980   54  160 2177.47924 2114.01700  2.91%  59.2 3559s
 154052 42414 infeasible   76      2177.47924 2114.04914  2.91%  59.3 3562s
 154119 42471     cutoff   63      2177.47924 2114.04960  2.91%  59.3 3573s
 154306 42497 2120.01037   57   81 2177.47924 2114.05624  2.91%  59.4 3580s
 154432 42596 2167.69922   75   81 2177.47924 2114.05624  2.91%  59.5 3592s
 154886 42602     cutoff  101      2177.47924 2114.09502  2.91%  59.5 3597s
 155007 42836 2169.96328   59   97 2177.47924 2114.12196  2.91%  59.6 3609s
 155734 42848 2117.75772   73  161 2177.47924 2114.17095  2.91%  59.5 3614s
 155896 43041 2163.65862   63  244 2177.47924 2114.20173  2.91%  59.6 3623s
 156540 43055 infeasible   65      2177.47924 2114.25954  2.90%  59.6 3629s
 156674 43322 2169.88543   66  164 2177.47924 2114.26743  2.90%  59.7 3646s
 157640 43519 2147.07308   52   58 2177.47924 2114.35396  2.90%  59.6 3656s
 158136 43549 2150.07836   50  142 2177.47924 2114.37659  2.90%  59.6 3660s
 158232 43710 2177.46497   69  182 2177.47924 2114.37659  2.90%  59.6 3670s
 158842 43859 2118.10788   73  161 2177.47924 2114.42895  2.90%  59.7 3680s
 159298 43870     cutoff   85      2177.47924 2114.45744  2.89%  59.7 3686s
 159400 44081 2162.69022   66  268 2177.47924 2114.46800  2.89%  59.7 3694s
 159881 44089 infeasible   81      2177.47924 2114.50098  2.89%  59.7 3700s
 160007 44273 2119.40830   61   85 2177.47924 2114.51089  2.89%  59.7 3709s
 160539 44304 infeasible   58      2177.47924 2114.54466  2.89%  59.7 3713s
 160642 44441 2158.50368   64   82 2177.47924 2114.54992  2.89%  59.8 3719s
 161137 44441 infeasible   57      2177.47924 2114.60636  2.89%  59.8 3722s
 161332 44631 2164.36363   67   70 2177.47924 2114.62955  2.89%  59.8 3728s
 161908 44643     cutoff   53      2177.47924 2114.66297  2.88%  59.8 3732s
 162037 44729 2162.77666   89   58 2177.47924 2114.69887  2.88%  59.8 3737s
 162532 44730     cutoff   55      2177.47924 2114.75001  2.88%  59.8 3740s
 163093 44845 infeasible   63      2177.47924 2114.82536  2.88%  59.9 3749s
 163282 44981 infeasible   47      2177.47924 2114.86968  2.88%  59.9 3759s
 163767 45001 2169.42040   71  146 2177.47924 2114.90280  2.87%  59.9 3765s
 163951 45134 2165.60968   61  155 2177.47924 2114.90280  2.87%  59.9 3770s
 164562 45275 2155.07529   53  170 2177.47924 2114.98329  2.87%  60.0 3780s
 165152 45428 2119.18182   65  102 2177.47924 2115.06961  2.87%  60.0 3792s
 165713 45436 infeasible   54      2177.47924 2115.11380  2.86%  60.0 3797s
 165862 45605 2176.96772  101   67 2177.47924 2115.13887  2.86%  60.1 3809s
 166304 45635 2118.78798   75  162 2177.47924 2115.16416  2.86%  60.1 3814s
 166425 45703 2170.99243   87  155 2177.47924 2115.16941  2.86%  60.1 3820s
 166791 45757     cutoff   77      2177.47924 2115.21831  2.86%  60.2 3827s
 167013 45855 2169.15613   63  196 2177.47924 2115.23846  2.86%  60.3 3842s
 167554 45858 2157.41285   55  146 2177.47924 2115.28623  2.86%  60.4 3847s
 167689 45962 2171.78847   71  115 2177.47924 2115.31143  2.86%  60.4 3857s
 168047 46005 2161.15346   76  181 2177.47924 2115.32384  2.85%  60.5 3868s
 168520 46081 2170.52747   69  124 2177.47924 2115.37852  2.85%  60.5 3877s
 168833 46201 2119.16335   65  122 2177.47924 2115.42642  2.85%  60.5 3887s
 169443 46226     cutoff   69      2177.47924 2115.49347  2.85%  60.6 3897s
 169633 46425 2159.68859   51  102 2177.47924 2115.53349  2.84%  60.6 3909s
 170400 46490 infeasible   80      2177.47924 2115.59661  2.84%  60.6 3916s
 170693 46754 2167.92956   86   99 2177.47924 2115.63581  2.84%  60.6 3928s
 171463 46829 infeasible   59      2177.47924 2115.70894  2.84%  60.6 3932s
 171655 47060 2175.35426   94   17 2177.47924 2115.71370  2.84%  60.6 3944s
 172387 47075 infeasible   96      2177.47924 2115.76877  2.83%  60.6 3950s
 172674 47143 2157.70114   61   74 2177.47924 2115.81752  2.83%  60.7 3958s
 173086 47171 infeasible   81      2177.47924 2115.85126  2.83%  60.7 3963s
 173240 47350 2124.00881   56  156 2177.47924 2115.86214  2.83%  60.7 3973s
 173918 47422 2144.37446   64  267 2177.47924 2115.92142  2.83%  60.7 3982s
 174281 47455 infeasible   66      2177.47924 2115.94728  2.83%  60.8 3988s
 174512 47538 2120.08594   44  158 2177.47924 2115.99933  2.82%  60.8 3994s
 174882 47567 infeasible   73      2177.47924 2116.02868  2.82%  60.9 4000s
 175029 47758 2141.88862   50  107 2177.47924 2116.04631  2.82%  60.9 4012s
 175612 47759 2153.72098   46  140 2177.47924 2116.08612  2.82%  60.9 4017s
 175660 47766     cutoff   71      2177.47924 2116.09452  2.82%  61.0 4022s
 175799 47943 2171.26611   60  107 2177.47924 2116.11779  2.82%  61.0 4030s
 176525 47986 infeasible   65      2177.47924 2116.18501  2.81%  61.0 4036s
 176690 48154 2173.57321   80   65 2177.47924 2116.19170  2.81%  61.0 4045s
 177359 48212 infeasible   42      2177.47924 2116.29036  2.81%  60.9 4059s
 177687 48433 2168.34665   56  101 2177.47924 2116.30772  2.81%  61.0 4076s
 178433 48441 2132.01062   76  248 2177.47924 2116.38541  2.81%  60.9 4081s
 178563 48706 2175.26207   80  157 2177.47924 2116.38832  2.81%  61.0 4090s
 179222 48713 infeasible   77      2177.47924 2116.42775  2.80%  61.0 4096s
 179324 49043     cutoff   57      2177.47924 2116.44971  2.80%  61.1 4113s
 180177 49022     cutoff   56      2177.47924 2116.51069  2.80%  61.0 4118s
 180352 49236 2149.77855   58   54 2177.47924 2116.54314  2.80%  61.0 4129s
 181110 49303 2174.48163   72  108 2177.47924 2116.64296  2.79%  61.0 4133s
 181285 49546 2158.71207   65   65 2177.47924 2116.66673  2.79%  61.0 4147s
 182055 49759 infeasible   68      2177.47924 2116.75913  2.79%  60.9 4156s
 182809 49979     cutoff   68      2177.47924 2116.82985  2.79%  60.8 4171s
 183495 49964 2166.40560   72   44 2177.47924 2116.90130  2.78%  60.8 4179s
 183609 50110 2150.30613   59  130 2177.47924 2116.93571  2.78%  60.8 4187s
 184129 50152 infeasible   63      2177.47924 2116.99215  2.78%  60.7 4190s
 184249 50237 2168.15167   77   71 2177.47924 2116.99527  2.78%  60.7 4196s
 184975 50381 2118.09985   61  169 2177.47924 2117.05631  2.77%  60.8 4201s
 185145 50560     cutoff   78      2177.47924 2117.06294  2.77%  60.8 4209s
 185781 50556 infeasible   53      2177.47924 2117.13508  2.77%  60.8 4214s
 185888 50586 infeasible   60      2177.47924 2117.14580  2.77%  60.8 4221s
 186213 50620 2168.01100   61   49 2177.47924 2117.20903  2.77%  60.9 4225s
 186957 50787 infeasible   95      2177.47924 2117.26616  2.77%  60.9 4230s
 187061 50989 2175.82579   83  182 2177.47924 2117.26796  2.77%  60.9 4239s
 187757 51054 infeasible   64      2177.47924 2117.36451  2.76%  60.8 4246s
 188088 51350 2177.28768   50   27 2177.47924 2117.41317  2.76%  60.9 4261s
 189155 51399 infeasible   56      2177.47924 2117.51918  2.75%  60.8 4266s
 189256 51596 2118.46078   80  262 2177.47924 2117.54484  2.75%  60.8 4277s
 189835 51613 infeasible   73      2177.47924 2117.56762  2.75%  60.8 4281s
 189975 51688 2171.99996   64  152 2177.47924 2117.57233  2.75%  60.8 4290s
 190332 51694 2154.24723   68  191 2177.47924 2117.61796  2.75%  60.9 4296s
 190459 51733 2167.19952   67   67 2177.47924 2117.61806  2.75%  60.9 4303s
 190735 51713 infeasible   70      2177.47924 2117.63880  2.75%  61.0 4308s
 190902 51825 2155.34762   75  113 2177.47924 2117.67757  2.75%  61.0 4317s
 191416 51837 infeasible   65      2177.47924 2117.73673  2.74%  61.1 4323s
 191503 51965 2169.95546   60  132 2177.47924 2117.74207  2.74%  61.1 4332s
 192031 51983 infeasible   95      2177.47924 2117.79105  2.74%  61.2 4340s
 192188 52145 2166.90515   69   90 2177.47924 2117.82239  2.74%  61.2 4357s
 192872 52142 infeasible   69      2177.47924 2117.87918  2.74%  61.2 4368s
 192958 52122 infeasible   60      2177.47924 2117.88795  2.74%  61.2 4380s
 193085 52176 2166.43234   72  103 2177.47924 2117.93351  2.73%  61.3 4397s
 193623 52165 2176.00688   71  172 2177.47924 2117.99561  2.73%  61.3 4409s
 193743 52180 infeasible   72      2177.47924 2118.02426  2.73%  61.4 4421s
 193910 52324 2150.19802   61   82 2177.47924 2118.04406  2.73%  61.4 4436s
 194457 52324 infeasible   74      2177.47924 2118.09933  2.73%  61.5 4443s
 194557 52404 infeasible   58      2177.47924 2118.10029  2.73%  61.5 4451s
 194796 52518 infeasible   57      2177.47924 2118.12412  2.73%  61.5 4462s
 195385 52527 infeasible   74      2177.47924 2118.18368  2.72%  61.6 4470s
 195516 52637 2171.75028   62  141 2177.47924 2118.20543  2.72%  61.6 4485s
 195976 52630     cutoff   56      2177.47924 2118.23815  2.72%  61.7 4495s
 196138 52799 2118.80341   58  325 2177.47924 2118.24897  2.72%  61.7 4510s
 196636 52805 infeasible   64      2177.47924 2118.31051  2.72%  61.8 4519s
 196681 52805 2174.34036   56  174 2177.47924 2118.31174  2.72%  61.8 4520s
 196808 52836     cutoff   69      2177.47924 2118.32984  2.72%  61.8 4532s
 197266 52869 2123.99266   64  176 2177.47924 2118.41444  2.71%  61.9 4537s
 197401 53052 2176.57899   77  147 2177.47924 2118.41679  2.71%  61.9 4551s
 198096 53111 infeasible   55      2177.47924 2118.49176  2.71%  61.9 4566s
 198374 53350 2139.64208   63  110 2177.47924 2118.51722  2.71%  61.9 4591s
 199281 53361 2175.24262   73   80 2177.47924 2118.61020  2.70%  62.0 4597s
 199418 53473     cutoff   66      2177.47924 2118.63683  2.70%  62.0 4612s
 199940 53512 2175.47207   64  149 2177.47924 2118.67739  2.70%  62.0 4620s
 200107 53626 2175.69897   69   92 2177.47924 2118.68686  2.70%  62.1 4639s
 200799 53667 infeasible   44      2177.47924 2118.74418  2.70%  62.1 4650s
 201064 53797 2172.59508   69   90 2177.47924 2118.78034  2.70%  62.1 4668s
 201663 53818 infeasible   74      2177.47924 2118.83404  2.69%  62.1 4680s
 201826 53816 2122.38324   73  103 2177.47924 2118.85802  2.69%  62.1 4697s
 201915 53837 2172.65500   83   87 2177.47924 2118.85802  2.69%  62.2 4708s
 202036 53870 2118.93154   60   36 2177.47924 2118.86931  2.69%  62.2 4721s
 202240 53908     cutoff   80      2177.47924 2118.89142  2.69%  62.2 4729s
 202492 53922 2160.77572   66  134 2177.47924 2118.93202  2.69%  62.2 4738s
 202556 53921 2171.27569   73  124 2177.47924 2118.95297  2.69%  62.3 4748s
 202761 53927 2121.50276   73   70 2177.47924 2119.00503  2.69%  62.3 4755s
 203074 53920 infeasible   66      2177.47924 2119.05887  2.68%  62.3 4765s
 203311 53988 2177.14059   65  289 2177.47924 2119.11662  2.68%  62.4 4780s
 203803 54078 infeasible   68      2177.47924 2119.20392  2.68%  62.4 4793s
 204173 54317 2162.81945   78   91 2177.47924 2119.29825  2.67%  62.4 4810s
 205016 54322 infeasible   55      2177.47924 2119.38417  2.67%  62.4 4821s
 205294 54600 2155.92318   92  116 2177.47924 2119.45806  2.66%  62.4 4839s
 206213 54629 infeasible   59      2177.47924 2119.52798  2.66%  62.4 4846s
 206479 54758 infeasible   82      2177.47924 2119.59262  2.66%  62.4 4863s
 207302 54809 2173.34870   87   56 2177.47924 2119.73943  2.65%  62.3 4869s
 207553 55001     cutoff   79      2177.47924 2119.77283  2.65%  62.3 4883s
 208283 55004 infeasible   67      2177.47924 2119.84603  2.65%  62.3 4890s
 208479 55401 2158.11135   65   73 2177.47924 2119.85583  2.65%  62.3 4914s
 209536 55426 2121.16562   70  210 2177.47924 2119.99069  2.64%  62.2 4917s
 209625 55589 2172.06603   71  164 2177.47924 2120.00540  2.64%  62.2 4927s
 210033 55578 infeasible   55      2177.47924 2120.06322  2.64%  62.2 4932s
 210089 55614 2168.27268   55  174 2177.47924 2120.06460  2.64%  62.3 4938s
 210311 55664 infeasible   60      2177.47924 2120.11082  2.63%  62.3 4944s
 210458 55763 2120.18206   66  144 2177.47924 2120.12412  2.63%  62.3 4950s
 210852 55762     cutoff   68      2177.47924 2120.15771  2.63%  62.3 4956s
 210957 55756 infeasible   66      2177.47924 2120.17342  2.63%  62.4 4962s
 211150 55777 infeasible   66      2177.47924 2120.21003  2.63%  62.4 4966s
 211293 55912 2152.79189   65   92 2177.47924 2120.21779  2.63%  62.5 4977s
 211840 55891 infeasible   49      2177.47924 2120.29860  2.63%  62.5 4985s
 212005 55988 2131.82972   58   69 2177.47924 2120.34803  2.62%  62.5 4993s
 212506 55983     cutoff   55      2177.47924 2120.41170  2.62%  62.5 5000s
 212657 56182 2126.06933   58  154 2177.47924 2120.41959  2.62%  62.5 5011s
 213203 56215 2131.84241   42  172 2177.47924 2120.50072  2.62%  62.6 5017s
 213311 56274     cutoff   58      2177.47924 2120.50959  2.62%  62.6 5030s
 213861 56328 infeasible   62      2177.47924 2120.58576  2.61%  62.6 5035s
 214054 56486 2170.29966   65  120 2177.47924 2120.60626  2.61%  62.6 5046s
 214672 56466 infeasible   72      2177.47924 2120.71566  2.61%  62.5 5051s
 214795 56484 2162.18242   67   55 2177.47924 2120.75414  2.61%  62.6 5061s
 214886 56526     cutoff   84      2177.47924 2120.75414  2.61%  62.6 5067s
 215064 56628 2172.62608   76  121 2177.47924 2120.75414  2.61%  62.6 5080s
 215671 56647 2160.15986   69  222 2177.47924 2120.89425  2.60%  62.5 5088s
 216000 56650 infeasible   77      2177.47924 2121.02984  2.59%  62.6 5095s
 216199 56788 2156.99239   83  146 2177.47924 2121.08074  2.59%  62.6 5105s
 216731 56789 infeasible   52      2177.47924 2121.12559  2.59%  62.6 5114s
 216871 56993 2132.53086   65  112 2177.47924 2121.12559  2.59%  62.6 5126s
 217536 57004 2123.38757   80   71 2177.47924 2121.21713  2.58%  62.6 5134s
 217718 57121 2172.76668   55  102 2177.47924 2121.27614  2.58%  62.6 5145s
 218212 57101 infeasible   70      2177.47924 2121.36516  2.58%  62.7 5153s
 218326 57130 2125.03245   64  250 2177.47924 2121.39268  2.58%  62.7 5162s
 218467 57168 2175.03628   68  147 2177.47924 2121.39904  2.58%  62.7 5170s
 218764 57266 2169.70339   60   56 2177.47924 2121.50033  2.57%  62.7 5191s
 219225 57289 2171.21981   62   58 2177.47924 2121.57968  2.57%  62.7 5201s
 219583 57280 2126.91683   59   86 2177.47924 2121.69973  2.56%  62.7 5211s
 219872 57486 infeasible   41      2177.47924 2121.76325  2.56%  62.7 5230s
 220686 57514 infeasible   70      2177.47924 2121.92172  2.55%  62.7 5238s
 220854 57652     cutoff   68      2177.47924 2121.93845  2.55%  62.7 5255s
 221536 57626 2126.03925   62  157 2177.47924 2122.04622  2.55%  62.7 5264s
 221750 57673 2169.21903   60  176 2177.47924 2122.11729  2.54%  62.7 5276s
 222343 57709 2159.52172   57   99 2177.47924 2122.25815  2.54%  62.7 5283s
 222487 57883 2161.75588   52  254 2177.47924 2122.29988  2.53%  62.7 5299s
 223225 57896 2173.51998   65   65 2177.47924 2122.40179  2.53%  62.7 5309s
 223441 58015 2159.42928   74   27 2177.47924 2122.47333  2.53%  62.7 5322s
 224026 58060 2123.84746   58   74 2177.47924 2122.58742  2.52%  62.7 5330s
 224256 58287 2165.03684   67  128 2177.47924 2122.61051  2.52%  62.7 5344s
 225003 58326 infeasible   70      2177.47924 2122.70289  2.52%  62.7 5351s
 225273 58491 2144.92691   45   97 2177.47924 2122.76663  2.51%  62.7 5362s
 225917 58553 infeasible   46      2177.47924 2122.89312  2.51%  62.7 5367s
 226106 58621     cutoff   58      2177.47924 2122.89967  2.51%  62.6 5380s
 226653 58781 infeasible   77      2177.47924 2123.06438  2.50%  62.7 5389s
 227298 58767 infeasible   42      2177.47924 2123.19430  2.49%  62.6 5395s
 227452 59028 2150.55221   75  271 2177.47924 2123.20983  2.49%  62.6 5407s
 228067 59041 2163.57756   59  226 2177.47924 2123.26116  2.49%  62.6 5413s
 228222 59253 2168.10471   64  146 2177.47924 2123.36742  2.49%  62.6 5421s
 228855 59241     cutoff   58      2177.47924 2123.45005  2.48%  62.5 5426s
 229028 59457 2155.08284   74  300 2177.47924 2123.49987  2.48%  62.6 5438s
 229829 59457 infeasible   69      2177.47924 2123.62518  2.47%  62.6 5442s
 229917 59476 infeasible   50      2177.47924 2123.64215  2.47%  62.6 5445s
 230097 59506 2150.82172   47  162 2177.47924 2123.69258  2.47%  62.6 5452s
 230550 59491 infeasible   68      2177.47924 2123.80343  2.47%  62.6 5459s
 230651 59527     cutoff   41      2177.47924 2123.83626  2.46%  62.6 5469s
 231006 59519 2144.65388   46   46 2177.47924 2123.89066  2.46%  62.7 5478s
 231056 59507 infeasible   50      2177.47924 2123.89673  2.46%  62.7 5482s
 231107 59501     cutoff   51      2177.47924 2123.89673  2.46%  62.7 5486s
 231146 59494 2165.50283   85   54 2177.47924 2123.89673  2.46%  62.7 5492s
 231171 59493 2165.50283   86   54 2177.47924 2123.89673  2.46%  62.7 5496s
 231190 59492 2170.12256   87   48 2177.47924 2123.89673  2.46%  62.7 5501s
 231246 59463 2170.12256   88   48 2177.47924 2123.89673  2.46%  62.7 5509s
 231308 59421 2170.80527   89   51 2177.47924 2123.95833  2.46%  62.7 5520s
 231376 59428 2169.60311   87   48 2177.47924 2123.98348  2.46%  62.7 5529s
 231485 59400 2169.60311   88   48 2177.47924 2123.98348  2.46%  62.7 5534s
 231652 59406 2125.81256   68   90 2177.47924 2124.17728  2.45%  62.8 5544s
 231903 59372 2147.23129   65  159 2177.47924 2124.30989  2.44%  62.8 5551s
 232160 59366 infeasible   72      2177.47924 2124.41598  2.44%  62.9 5559s
 232384 59372     cutoff   84      2177.47924 2124.49801  2.43%  62.9 5568s
 232654 59534 2169.24658   82  227 2177.47924 2124.56154  2.43%  63.0 5594s
 232928 59534 2134.61940   97   69 2177.47924 2124.56154  2.43%  63.0 5595s
 234075 59515     cutoff   78      2177.47924 2124.86508  2.42%  62.8 5605s
 234323 59567 2133.85257   72  184 2177.47924 2124.95162  2.41%  62.9 5625s
 235104 59580 infeasible   66      2177.47924 2125.18915  2.40%  62.9 5635s
 235348 59658 2129.84959   88  134 2177.47924 2125.26182  2.40%  62.9 5652s
 236196 59668 infeasible   59      2177.47924 2125.52015  2.39%  62.9 5660s
 236507 59775 2149.83630   54  135 2177.47924 2125.60455  2.38%  62.8 5675s
 237199 59826 2172.76121   90  122 2177.47924 2125.79305  2.37%  62.9 5683s
 237385 59854 infeasible   60      2177.47924 2125.83851  2.37%  62.9 5698s
 237959 59880     cutoff   61      2177.47924 2125.92987  2.37%  62.9 5709s
 238194 59941 infeasible   71      2177.47924 2126.07546  2.36%  62.9 5718s
 238903 59923 infeasible   52      2177.47924 2126.31567  2.35%  63.0 5722s
 239103 59946 2161.54617   49   90 2177.47924 2126.36164  2.35%  63.0 5732s
 239679 59961 2152.81431   61   81 2177.47924 2126.58333  2.34%  63.0 5744s
 239798 59916 2161.22333   87   36 2177.47924 2126.65082  2.33%  63.0 5773s
 240513 59918 2165.71777   50   47 2177.47924 2126.93540  2.32%  63.2 5799s
 241665 59923 2163.16975   68  184 2177.47924 2127.25643  2.31%  63.3 5808s
 241832 60039     cutoff   73      2177.47924 2127.32629  2.30%  63.3 5824s
 242686 60031 infeasible   65      2177.47924 2127.57626  2.29%  63.3 5833s
 242883 60191 2163.41704   75   40 2177.47924 2127.73772  2.28%  63.3 5854s
 243883 60156 infeasible   51      2177.47924 2128.06071  2.27%  63.3 5861s
 244041 60211 2129.83065   49  150 2177.47924 2128.20195  2.26%  63.3 5869s
 244456 60198 2168.42841   80  103 2177.47924 2128.33683  2.26%  63.3 5879s
 244727 60243 2168.50574   72  274 2177.47924 2128.62193  2.24%  63.3 5892s
 245272 60212 infeasible   73      2177.47924 2128.84600  2.23%  63.4 5900s
 245449 60280 2159.28065   63  155 2177.47924 2128.91708  2.23%  63.4 5913s
 246016 60260 2174.41040   65   58 2177.47924 2128.92452  2.23%  63.4 5920s
 246193 60322     cutoff   51      2177.47924 2129.27082  2.21%  63.4 5934s
 246884 60274 infeasible   59      2177.47924 2129.56167  2.20%  63.4 5942s
 247015 60344     cutoff   53      2177.47924 2129.68088  2.20%  63.5 5957s
 247521 60333 2130.11601   44   96 2177.47924 2129.79855  2.19%  63.5 5965s
 247658 60474 infeasible   44      2177.47924 2129.86539  2.19%  63.5 5984s
 248474 60481 infeasible   68      2177.47924 2130.08731  2.18%  63.5 5994s
 248630 60623 2154.50890   73  238 2177.47924 2130.14941  2.17%  63.5 6008s
 249328 60601 infeasible   57      2177.47924 2130.40179  2.16%  63.5 6018s
 249511 60779 2141.68309   72  191 2177.47924 2130.52019  2.16%  63.5 6030s
 250275 60721 2131.15657   64   42 2177.47924 2130.78406  2.14%  63.4 6041s
 250487 60816 2143.99274   40   64 2177.47924 2130.91966  2.14%  63.5 6083s
 252411 60815 2175.25805   70  132 2177.47924 2131.48779  2.11%  63.3 6090s
 252541 60806     cutoff   64      2177.47924 2131.49871  2.11%  63.3 6097s
 252686 60777 2158.65200   52  155 2177.47924 2131.53897  2.11%  63.3 6105s
 252864 60926     cutoff   59      2177.47924 2131.69425  2.10%  63.3 6118s
 253372 60910 2136.86805   69  145 2177.47924 2131.73143  2.10%  63.3 6124s
 253485 61088 2161.61529   44  206 2177.47924 2131.85179  2.10%  63.3 6137s
 254125 61045 infeasible   67      2177.47924 2131.97185  2.09%  63.2 6144s
 254308 61118     cutoff   62      2177.47924 2132.10982  2.08%  63.2 6158s
 254928 61106 2168.70076   91   48 2177.47924 2132.29215  2.08%  63.2 6165s
 255100 61220     cutoff   73      2177.47924 2132.37243  2.07%  63.2 6179s
 255671 61212 2134.95237   72   65 2177.47924 2132.54335  2.06%  63.1 6186s
 255834 61288 2161.24199   55  176 2177.47924 2132.66823  2.06%  63.1 6202s
 256522 61318 infeasible   55      2177.47924 2132.77898  2.05%  63.1 6211s
 256690 61436 infeasible   66      2177.47924 2132.85410  2.05%  63.1 6229s
 257379 61453 2169.55207   63  142 2177.47924 2133.03720  2.04%  63.0 6234s
 257476 61514 2173.98954   67  115 2177.47924 2133.05605  2.04%  63.0 6245s
 257903 61501     cutoff   45      2177.47924 2133.20207  2.03%  63.0 6254s
 258059 61676 2133.34349   44   59 2177.47924 2133.26868  2.03%  63.0 6270s
 258865 61700 infeasible   52      2177.47924 2133.41195  2.02%  62.9 6282s
 259141 61802 2142.69581   74   82 2177.47924 2133.47542  2.02%  62.8 6296s
 259833 61810 infeasible   47      2177.47924 2133.63638  2.01%  62.8 6303s
 260011 61924 2167.40656   62  217 2177.47924 2133.66331  2.01%  62.7 6314s
 260606 61950 infeasible   48      2177.47924 2133.80053  2.01%  62.7 6337s
 261080 61989 2135.16211   60   51 2177.47924 2133.97810  2.00%  62.7 6349s
 261438 61989     cutoff   38      2177.47924 2134.02391  2.00%  62.6 6350s
 261516 62086 2134.61072   53   87 2177.47924 2134.10040  1.99%  62.6 6361s
 262157 62132 2161.17626   84  124 2177.47924 2134.25519  1.99%  62.6 6367s
 262322 62279 2145.08534   65   43 2177.47924 2134.27120  1.98%  62.6 6382s
 263082 62266 infeasible   72      2177.47924 2134.42678  1.98%  62.6 6389s
 263236 62413     cutoff   89      2177.47924 2134.49060  1.97%  62.6 6407s
 263893 62433 infeasible   59      2177.47924 2134.60755  1.97%  62.5 6415s
 264024 62578 2165.47766   51  179 2177.47924 2134.64011  1.97%  62.5 6430s
 264671 62621 infeasible   52      2177.47924 2134.79026  1.96%  62.5 6438s
 264849 62736 2173.78078   74  105 2177.47924 2134.81273  1.96%  62.5 6454s
 265469 62773 2148.20407   69  241 2177.47924 2134.96123  1.95%  62.4 6462s
 265684 62899 2175.15181   93   81 2177.47924 2134.99088  1.95%  62.4 6474s
 266367 62931 2136.06293   63  132 2177.47924 2135.16111  1.94%  62.3 6484s
 266541 63080 infeasible   79      2177.47924 2135.20533  1.94%  62.3 6499s
 267195 63057 2174.79891   87  191 2177.47924 2135.29535  1.94%  62.3 6508s
 267505 63118     cutoff   75      2177.47924 2135.36619  1.93%  62.3 6515s
 267742 63209 2173.44309   85   57 2177.47924 2135.45734  1.93%  62.3 6524s
 267883 63209 2137.58185   74   56 2177.47924 2135.45734  1.93%  62.3 6525s
 268339 63206 2156.65195   68   96 2177.47924 2135.55688  1.93%  62.2 6532s
 268419 63206 2138.61636   46  108 2177.47924 2135.56215  1.93%  62.2 6538s
 268560 63286 2140.68562   87  100 2177.47924 2135.62211  1.92%  62.2 6550s
 269200 63291 2174.15761   48   72 2177.47924 2135.75427  1.92%  62.2 6560s
 269407 63469 infeasible   50      2177.47924 2135.78695  1.91%  62.2 6569s
 270110 63508 2144.03157   89   66 2177.47924 2135.87384  1.91%  62.1 6576s
 270310 63510 2154.52672   79   58 2177.47924 2135.87648  1.91%  62.1 6589s
 270441 63510 2170.88535   71   71 2177.47924 2135.88452  1.91%  62.1 6590s
 270797 63526 2162.80155   96   32 2177.47924 2136.01903  1.90%  62.1 6596s
 270930 63761 2141.54524   43  191 2177.47924 2136.03038  1.90%  62.1 6615s
 272054 63807 infeasible   61      2177.47924 2136.26041  1.89%  62.0 6625s
 272208 63894     cutoff   63      2177.47924 2136.27677  1.89%  62.0 6633s
 272610 63901 infeasible   44      2177.47924 2136.35134  1.89%  62.0 6638s
 272679 63984 2140.55501   46  178 2177.47924 2136.36694  1.89%  62.0 6648s
 273154 63973 infeasible   63      2177.47924 2136.46148  1.88%  62.0 6654s
 273241 64102     cutoff   52      2177.47924 2136.48768  1.88%  62.0 6664s
 273895 64111 infeasible   47      2177.47924 2136.54086  1.88%  61.9 6672s
 274023 64183 infeasible   66      2177.47924 2136.58442  1.88%  61.9 6680s
 274740 64258 2149.77873   53   57 2177.47924 2136.78433  1.87%  61.8 6691s
 275529 64368 2143.56701   50   83 2177.47924 2136.94726  1.86%  61.8 6704s
 276041 64349 infeasible   55      2177.47924 2137.00856  1.86%  61.8 6712s
 276230 64403 2174.24212   70  118 2177.47924 2137.07673  1.86%  61.7 6724s
 276684 64347 infeasible   81      2177.47924 2137.15784  1.85%  61.7 6730s
 276818 64387 infeasible   52      2177.47924 2137.20248  1.85%  61.7 6741s
 277101 64410 2175.17715   74  123 2177.47924 2137.26520  1.85%  61.7 6754s
 277557 64462 infeasible   54      2177.47924 2137.37668  1.84%  61.7 6760s
 277749 64472 2139.23714   66  269 2177.47924 2137.43209  1.84%  61.7 6768s
 277810 64519 2142.38900   75  210 2177.47924 2137.43507  1.84%  61.7 6777s
 278124 64538 2137.57955   47  124 2177.47924 2137.47109  1.84%  61.7 6782s
 278286 64641 2172.93794   76   77 2177.47924 2137.52924  1.83%  61.7 6800s
 278941 64636 2143.59767   48  156 2177.47924 2137.65368  1.83%  61.6 6807s
 279016 64750     cutoff   58      2177.47924 2137.65438  1.83%  61.6 6821s
 279665 64811 2137.91971   64   59 2177.47924 2137.77998  1.82%  61.6 6828s
 279885 64951 2177.43776   45  148 2177.47924 2137.80242  1.82%  61.6 6838s
 280542 64958 2170.92498   69  201 2177.47924 2137.89239  1.82%  61.5 6852s
 281008 64939 infeasible   53      2177.47924 2137.93949  1.82%  61.5 6859s
 281126 65059 2168.08954   77   52 2177.47924 2137.99210  1.81%  61.5 6869s
 281279 65059 2145.43169   53  170 2177.47924 2137.99210  1.81%  61.5 6870s
 281688 65115 infeasible   45      2177.47924 2138.05790  1.81%  61.5 6882s
 281967 65509 2138.34280   74  181 2177.47924 2138.08540  1.81%  61.5 6907s
 283347 65513 2170.96717   66   68 2177.47924 2138.20718  1.80%  61.4 6914s
 283477 65652 2162.09446   53  162 2177.47924 2138.23450  1.80%  61.4 6923s
 284022 65651 infeasible   53      2177.47924 2138.33367  1.80%  61.4 6927s
 284170 65687 2150.52473   49   31 2177.47924 2138.35039  1.80%  61.4 6934s
 284554 65719 2151.78046   87   83 2177.47924 2138.39406  1.79%  61.3 6941s
 284714 65984 2158.21071   45  176 2177.47924 2138.40684  1.79%  61.3 6951s
 285367 66000 2166.04165   87  123 2177.47924 2138.46406  1.79%  61.3 6960s
 285604 66077 2166.08856   52  110 2177.47924 2138.51148  1.79%  61.3 6975s
 286102 66115 2156.00279   76  222 2177.47924 2138.54880  1.79%  61.3 6982s
 286233 66356 2154.96097   71  238 2177.47924 2138.57883  1.79%  61.3 6996s
 286868 66389 infeasible   57      2177.47924 2138.61633  1.78%  61.2 7005s
 287123 66566 infeasible   81      2177.47924 2138.66276  1.78%  61.2 7013s
 287597 66557 infeasible   74      2177.47924 2138.67953  1.78%  61.2 7020s
 287697 66660 2140.66385   52  215 2177.47924 2138.69407  1.78%  61.2 7035s
 288275 66701 infeasible   45      2177.47924 2138.77852  1.78%  61.2 7041s
 288521 66933 2138.99699   50  136 2177.47924 2138.79496  1.78%  61.2 7053s
 289214 66932 infeasible   55      2177.47924 2138.86281  1.77%  61.1 7057s
 289355 67068 2165.99586   68  111 2177.47924 2138.89162  1.77%  61.1 7065s
 289920 67126 infeasible   67      2177.47924 2138.98516  1.77%  61.1 7072s
 290193 67235 infeasible   58      2177.47924 2139.02603  1.77%  61.1 7080s
 290805 67557 2143.94213   83  152 2177.47924 2139.07423  1.76%  61.0 7095s
 291485 67620 2163.37323  119   34 2177.47924 2139.14131  1.76%  61.0 7103s
 291866 67656 infeasible   77      2177.47924 2139.15260  1.76%  61.0 7112s
 291977 67715 2139.42719   59  133 2177.47924 2139.16128  1.76%  61.0 7125s
 292380 67718 infeasible   60      2177.47924 2139.17668  1.76%  61.0 7134s
 292540 67959 infeasible   59      2177.47924 2139.23990  1.76%  61.0 7156s
 293909 67984 infeasible   82      2177.47924 2139.48472  1.74%  60.9 7160s
 294066 67978 2155.22923   96   37 2177.47924 2139.53178  1.74%  60.8 7166s
 294243 68187 2161.92123   58  101 2177.47924 2139.58243  1.74%  60.8 7175s
 294994 68189 infeasible   89      2177.47924 2139.67418  1.74%  60.8 7181s
 295167 68302     cutoff   94      2177.47924 2139.71003  1.73%  60.8 7189s
 295738 68293 infeasible   75      2177.47924 2139.75596  1.73%  60.8 7195s
 295896 68403 2155.93436   71  203 2177.47924 2139.79247  1.73%  60.8 7203s
 296497 68406 infeasible   54      2177.47924 2139.87079  1.73%  60.7 7209s
 296638 68436 2155.63636   51  145 2177.47924 2139.91171  1.73%  60.7 7216s
 297131 68456 infeasible   55      2177.47924 2139.97836  1.72%  60.7 7222s
 297268 68556 2156.30214   53   69 2177.47924 2140.00528  1.72%  60.7 7232s
 297912 68527 2175.17038   45  138 2177.47924 2140.08125  1.72%  60.7 7240s
 298157 68633 2140.20748  100   64 2177.47924 2140.11799  1.72%  60.7 7247s
 298444 68857 infeasible   67      2177.47924 2140.12576  1.72%  60.6 7260s
 299169 68872 2141.98174   54  202 2177.47924 2140.22894  1.71%  60.6 7265s
 299268 68994 2156.05976   91   95 2177.47924 2140.24652  1.71%  60.6 7275s
 299879 69010 2154.99095   88   94 2177.47924 2140.33597  1.71%  60.6 7280s
 300072 69237 2146.21744   41  251 2177.47924 2140.38281  1.70%  60.5 7290s
 300794 69311 infeasible   71      2177.47924 2140.49576  1.70%  60.5 7301s
 301141 69331 2151.58400   63  126 2177.47924 2140.54286  1.70%  60.4 7309s
 301270 69613 2149.01646   55  190 2177.47924 2140.56011  1.70%  60.4 7324s
 302032 69619 infeasible   77      2177.47924 2140.59325  1.69%  60.4 7332s
 302175 69861 2142.23993   73  213 2177.47924 2140.60848  1.69%  60.4 7340s
 302799 69894 2150.72093   64   93 2177.47924 2140.66520  1.69%  60.3 7350s
 303091 70354 2154.81227   55  133 2177.47924 2140.69995  1.69%  60.3 7373s
 304417 70390 2171.52422   62   38 2177.47924 2140.82430  1.68%  60.2 7380s
 304527 70632 2148.37494   54  232 2177.47924 2140.83806  1.68%  60.2 7390s
 305261 70858 2152.96047   79  136 2177.47924 2140.90605  1.68%  60.2 7404s
 305762 70843 infeasible   66      2177.47924 2140.93538  1.68%  60.2 7412s
 305916 70932 2149.72805   56  191 2177.47924 2140.95357  1.68%  60.2 7423s
 306436 70966 2160.73962   56  153 2177.47924 2141.01581  1.67%  60.2 7431s
 306586 71046 infeasible   54      2177.47924 2141.04621  1.67%  60.1 7440s
 307169 71134 2163.98923   73   42 2177.47924 2141.13990  1.67%  60.1 7450s
 307550 71117 infeasible   77      2177.47924 2141.19622  1.67%  60.1 7457s
 307645 71278 2149.53187   37   35 2177.47924 2141.20714  1.67%  60.1 7471s
 308253 71273     cutoff   67      2177.47924 2141.27648  1.66%  60.1 7478s
 308312 71455 2164.42170   75  160 2177.47924 2141.29992  1.66%  60.1 7486s
 308977 71438 infeasible   81      2177.47924 2141.35524  1.66%  60.0 7492s
 309123 71587 2168.11609   46  144 2177.47924 2141.38805  1.66%  60.0 7504s
 309671 71588 infeasible   60      2177.47924 2141.43767  1.66%  60.0 7512s
 309869 71680 2166.81128   62  141 2177.47924 2141.47812  1.65%  60.0 7524s
 310386 71717 infeasible   70      2177.47924 2141.55502  1.65%  60.0 7530s
 310506 71860 infeasible   88      2177.47924 2141.57014  1.65%  60.0 7540s
 311077 71868 2171.61300   51  189 2177.47924 2141.62502  1.65%  59.9 7547s
 311351 71887 infeasible   75      2177.47924 2141.69427  1.64%  59.9 7554s
 311582 72038 2149.15023   49   70 2177.47924 2141.72199  1.64%  59.9 7568s
 312192 72039 infeasible   57      2177.47924 2141.78827  1.64%  59.9 7574s
 312302 72246 2145.81841   47   94 2177.47924 2141.79495  1.64%  59.9 7584s
 312931 72307 infeasible   73      2177.47924 2141.85063  1.64%  59.8 7593s
 313216 72347     cutoff   79      2177.47924 2141.86803  1.64%  59.8 7612s
 313582 72550 infeasible   71      2177.47924 2141.89810  1.63%  59.8 7629s
 314341 72621 infeasible   54      2177.47924 2141.97184  1.63%  59.7 7637s
 314625 72787 2164.67897   69   96 2177.47924 2141.98338  1.63%  59.7 7656s
 315448 72768 infeasible   74      2177.47924 2142.05623  1.63%  59.7 7663s
 315577 72769 2145.95084   86  105 2177.47924 2142.07466  1.63%  59.7 7668s
 315788 73088 2153.83337   50  322 2177.47924 2142.15034  1.62%  59.7 7681s
 316663 73115 2151.38896   68  169 2177.47924 2142.19542  1.62%  59.6 7690s
 316875 73118 2174.71334   66   49 2177.47924 2142.21407  1.62%  59.6 7696s
 316879 73144     cutoff   67      2177.47924 2142.21684  1.62%  59.6 7703s
 317007 73329 2170.17089   60   74 2177.47924 2142.22029  1.62%  59.6 7718s
 317792 73303 infeasible  112      2177.47924 2142.30093  1.62%  59.5 7726s
 317985 73552 2149.89980   59  168 2177.47924 2142.33470  1.61%  59.5 7743s
 318762 73570 infeasible   62      2177.47924 2142.40449  1.61%  59.4 7748s
 318905 73726 2177.18531   68  209 2177.47924 2142.42679  1.61%  59.4 7761s
 319537 73714 infeasible   61      2177.47924 2142.47310  1.61%  59.4 7770s
 319744 73830 infeasible   67      2177.47924 2142.50237  1.61%  59.4 7783s
 320272 73888 2165.13816   73   78 2177.47924 2142.54908  1.60%  59.4 7792s
 320495 74029     cutoff   64      2177.47924 2142.56841  1.60%  59.3 7803s
 321145 74073 infeasible   46      2177.47924 2142.63770  1.60%  59.3 7807s
 321239 74190 infeasible   71      2177.47924 2142.64212  1.60%  59.3 7822s
 321896 74197 infeasible   56      2177.47924 2142.70593  1.60%  59.2 7828s
 322017 74385 2150.28322   67   95 2177.47924 2142.72366  1.60%  59.2 7842s
 322682 74410 2165.01079   86   36 2177.47924 2142.76187  1.59%  59.2 7848s
 322817 74532 2142.95176   59  105 2177.47924 2142.78488  1.59%  59.1 7862s
 323451 74545 infeasible   68      2177.47924 2142.82599  1.59%  59.1 7876s
 323668 75231 2166.34341   71   76 2177.47924 2142.85601  1.59%  59.1 7911s
 326035 75238 2166.16521   76  168 2177.47924 2143.00712  1.58%  58.9 7916s
 326238 75316 2168.19620   76  106 2177.47924 2143.01087  1.58%  58.9 7929s
 326728 75346 2154.67736   78   65 2177.47924 2143.05067  1.58%  58.8 7935s
 326854 75526 2160.05663   59   42 2177.47924 2143.05771  1.58%  58.8 7946s
 327405 75532     cutoff   49      2177.47924 2143.08511  1.58%  58.8 7951s
 327539 75616 2164.40195   68  176 2177.47924 2143.09544  1.58%  58.8 7959s
 328002 75616     cutoff   46      2177.47924 2143.15120  1.58%  58.7 7966s
 328138 75662 2172.75671   62  263 2177.47924 2143.17597  1.58%  58.7 7975s
 328486 75697 2167.26693   65  133 2177.47924 2143.19672  1.57%  58.7 7982s
 328582 75797     cutoff   81      2177.47924 2143.21326  1.57%  58.7 7987s
 329501 75893 2164.08417   70  100 2177.47924 2143.27279  1.57%  58.7 7993s
 329611 75896     cutoff   79      2177.47924 2143.28368  1.57%  58.7 7995s
 329674 75900     cutoff   77      2177.47924 2143.28368  1.57%  58.7 8000s
 329747 75891 infeasible   59      2177.47924 2143.30282  1.57%  58.7 8008s
 329962 75929     cutoff   48      2177.47924 2143.30432  1.57%  58.6 8015s
 330101 75972 2174.52955   73  117 2177.47924 2143.32308  1.57%  58.6 8024s
 330533 75981 infeasible   51      2177.47924 2143.34357  1.57%  58.6 8030s
 330598 76053 2168.41225   44   91 2177.47924 2143.34357  1.57%  58.6 8042s
 331011 76054 infeasible   98      2177.47924 2143.34357  1.57%  58.6 8050s
 331134 76053 infeasible   69      2177.47924 2143.40782  1.56%  58.6 8057s
 331370 76086 infeasible   67      2177.47924 2143.46156  1.56%  58.6 8066s
 331575 76053 2162.48373   48  224 2177.47924 2143.46566  1.56%  58.6 8073s
 331706 76201     cutoff   60      2177.47924 2143.51609  1.56%  58.6 8087s
 332371 76187     cutoff   55      2177.47924 2143.59442  1.56%  58.5 8094s
 332503 76229     cutoff   58      2177.47924 2143.63198  1.55%  58.5 8102s
 332974 76252 2149.19446   57  160 2177.47924 2143.66759  1.55%  58.5 8106s
 333082 76501 2173.72585   62  153 2177.47924 2143.67064  1.55%  58.5 8119s
 333295 76501 2144.40501   54  155 2177.47924 2143.67119  1.55%  58.5 8120s
 333825 76534 infeasible   88      2177.47924 2143.73805  1.55%  58.4 8135s
 334271 76581 infeasible   76      2177.47924 2143.78336  1.55%  58.4 8151s
 334913 76615 2151.05511   83   75 2177.47924 2143.84336  1.54%  58.4 8158s
 335105 76698 2165.28446   55   97 2177.47924 2143.90145  1.54%  58.4 8175s
 335927 76814 2157.26356   70   41 2177.47924 2144.00516  1.54%  58.3 8188s
 336480 76834 2144.68222   76  193 2177.47924 2144.06699  1.53%  58.3 8192s
 336670 76976 2163.05924   68  102 2177.47924 2144.08078  1.53%  58.3 8205s
 337401 76959 infeasible   77      2177.47924 2144.14483  1.53%  58.2 8212s
 337505 77029 2152.90635   86   64 2177.47924 2144.15919  1.53%  58.2 8222s
 338045 77006 2160.46955   86   17 2177.47924 2144.23408  1.53%  58.2 8228s
 338162 77049 2148.16256   50   57 2177.47924 2144.23482  1.53%  58.2 8238s
 338680 77064 infeasible   79      2177.47924 2144.33380  1.52%  58.1 8245s
 338857 77163 infeasible   63      2177.47924 2144.34125  1.52%  58.1 8261s
 339518 77249 2145.09185   53  150 2177.47924 2144.42716  1.52%  58.1 8271s
 340006 77259 2149.02429   62  131 2177.47924 2144.46044  1.52%  58.1 8277s
 340136 77306 2147.76621   74  187 2177.47924 2144.48147  1.52%  58.0 8286s
 340651 77325 infeasible   89      2177.47924 2144.52867  1.51%  58.0 8295s
 340891 77487 infeasible   69      2177.47924 2144.56499  1.51%  58.0 8309s
 341595 77458 infeasible   74      2177.47924 2144.63361  1.51%  58.0 8315s
 341767 77481     cutoff   95      2177.47924 2144.65681  1.51%  58.0 8322s
 342277 77519     cutoff   79      2177.47924 2144.72943  1.50%  57.9 8326s
 342444 77594     cutoff   67      2177.47924 2144.73828  1.50%  57.9 8337s
 343036 77546 2171.63199   74  201 2177.47924 2144.80046  1.50%  57.9 8344s
 343185 77585 infeasible   53      2177.47924 2144.81964  1.50%  57.9 8357s
 343768 77589 2163.86467   83   76 2177.47924 2144.89026  1.50%  57.9 8363s
 343955 77753 2168.17262   80  109 2177.47924 2144.95447  1.49%  57.8 8372s
 344627 77838     cutoff   92      2177.47924 2145.00094  1.49%  57.8 8390s
 345057 78144 2145.97477   70  219 2177.47924 2145.02621  1.49%  57.8 8410s
 346093 78156 infeasible   59      2177.47924 2145.11686  1.49%  57.7 8415s
 346225 78255     cutoff   81      2177.47924 2145.12551  1.49%  57.7 8423s
 346677 78254 infeasible   82      2177.47924 2145.18774  1.48%  57.7 8429s
 346808 78359 2145.69973   58  197 2177.47924 2145.21102  1.48%  57.7 8442s
 347441 78439 infeasible   79      2177.47924 2145.27177  1.48%  57.6 8450s
 347726 78562 2171.93779   68  213 2177.47924 2145.28846  1.48%  57.6 8458s
 348343 78559 infeasible   93      2177.47924 2145.33122  1.48%  57.6 8465s
 348458 78653 infeasible   62      2177.47924 2145.33122  1.48%  57.6 8474s
 349013 78658 infeasible   60      2177.47924 2145.41383  1.47%  57.5 8478s
 349144 78685 infeasible   81      2177.47924 2145.42697  1.47%  57.5 8488s
 349645 78735 infeasible   94      2177.47924 2145.47558  1.47%  57.5 8494s
 350027 78819 infeasible   99      2177.47924 2145.51036  1.47%  57.5 8501s
 350366 78951 2150.18745  101  259 2177.47924 2145.52924  1.47%  57.5 8511s
 350904 78943 2166.20621   71  129 2177.47924 2145.57175  1.47%  57.4 8515s
 351011 79077     cutoff   89      2177.47924 2145.57385  1.47%  57.4 8525s
 351536 79140 infeasible   69      2177.47924 2145.61557  1.46%  57.4 8530s
 351787 79237 infeasible   67      2177.47924 2145.62176  1.46%  57.4 8538s
 352412 79250 2159.79249   63  157 2177.47924 2145.67328  1.46%  57.4 8542s
 352486 79290 2168.15059   44  141 2177.47924 2145.67669  1.46%  57.4 8551s
 352987 79369 infeasible   76      2177.47924 2145.73720  1.46%  57.3 8563s
 353544 79360 2169.88175  107  160 2177.47924 2145.77447  1.46%  57.3 8569s
 353694 79564 infeasible   67      2177.47924 2145.77932  1.46%  57.3 8582s
 354398 79663 2156.69286   57  165 2177.47924 2145.85365  1.45%  57.3 8593s
 354749 79813     cutoff   89      2177.47924 2145.86763  1.45%  57.2 8607s
 355326 79910     cutoff   72      2177.47924 2145.91582  1.45%  57.2 8634s
 355801 79937 infeasible   55      2177.47924 2145.95481  1.45%  57.1 8656s
 356340 79927 2146.05889   54   33 2177.47924 2146.01031  1.45%  57.1 8667s
 356559 80075 2146.30935   71  200 2177.47924 2146.04217  1.44%  57.1 8688s
 357350 80062 2172.15895   89  120 2177.47924 2146.09818  1.44%  57.1 8694s
 357495 80203 2166.89005   57  329 2177.47924 2146.11622  1.44%  57.1 8705s
 358240 80292 2152.84316   57  163 2177.47924 2146.18383  1.44%  57.0 8714s
 358485 80515 infeasible   44      2177.47924 2146.20119  1.44%  57.0 8731s
 359247 80567 infeasible   57      2177.47924 2146.24584  1.43%  57.0 8739s
 359491 80828 2163.48583   58  134 2177.47924 2146.26090  1.43%  57.0 8752s
 360322 80835 2174.05793   51  191 2177.47924 2146.29826  1.43%  56.9 8760s
 360479 80912 2175.25644   55  178 2177.47924 2146.29826  1.43%  56.9 8776s
 361091 80917 infeasible   80      2177.47924 2146.36955  1.43%  56.8 8788s
 361325 80912 infeasible   46      2177.47924 2146.39211  1.43%  56.8 8798s
 361826 80943 2146.48608   59   60 2177.47924 2146.43364  1.43%  56.8 8802s
 361949 81075 infeasible   99      2177.47924 2146.43542  1.43%  56.8 8812s
 362596 81098 2151.17304   79   96 2177.47924 2146.48819  1.42%  56.8 8822s
 362985 81108 infeasible   59      2177.47924 2146.52037  1.42%  56.8 8828s
 363149 81328 2162.60452   87   50 2177.47924 2146.54120  1.42%  56.8 8837s
 363827 81426 2175.57262   89   47 2177.47924 2146.57069  1.42%  56.7 8847s
 364307 81409 infeasible   68      2177.47924 2146.59747  1.42%  56.7 8853s
 364485 81713 infeasible   74      2177.47924 2146.62608  1.42%  56.7 8866s
 365251 81740 2160.04313   57   58 2177.47924 2146.66487  1.42%  56.6 8874s
 365466 81881 infeasible   69      2177.47924 2146.69481  1.41%  56.6 8883s
 366062 81923 2165.70332   94  108 2177.47924 2146.74213  1.41%  56.6 8899s
 366397 82168 infeasible   96      2177.47924 2146.76308  1.41%  56.5 8923s
 367836 82156 infeasible   89      2177.47924 2146.85008  1.41%  56.4 8930s
 367939 82167 2161.14864   56  153 2177.47924 2146.85767  1.41%  56.4 8935s
 368106 82366 infeasible   60      2177.47924 2146.86121  1.41%  56.4 8944s
 368757 82400     cutoff   45      2177.47924 2146.88872  1.40%  56.4 8948s
 368989 82442 2154.87813   87   36 2177.47924 2146.89910  1.40%  56.4 8955s
 369307 82481 infeasible   62      2177.47924 2146.93268  1.40%  56.3 8964s
 369559 82560 2157.49227   85  106 2177.47924 2146.94541  1.40%  56.3 8972s
 369939 82587 infeasible   53      2177.47924 2146.97477  1.40%  56.3 8976s
 370129 82683 2147.24713   61   77 2177.47924 2146.99383  1.40%  56.3 8984s
 370755 82695 2153.72057   67  139 2177.47924 2147.04033  1.40%  56.3 8990s
 370964 82832 2147.08686   81  108 2177.47924 2147.05437  1.40%  56.2 9005s
 371599 82867     cutoff  102      2177.47924 2147.07198  1.40%  56.2 9016s
 372097 82855 infeasible   95      2177.47924 2147.11069  1.39%  56.2 9021s
 372222 83014 infeasible   73      2177.47924 2147.12757  1.39%  56.2 9029s
 372815 83021 infeasible   52      2177.47924 2147.15544  1.39%  56.1 9034s
 372950 83152 2167.23924   71  136 2177.47924 2147.16374  1.39%  56.1 9045s
 373565 83129 2149.88468   81  103 2177.47924 2147.21200  1.39%  56.1 9053s
 373712 83199 2174.31258   90   86 2177.47924 2147.21836  1.39%  56.1 9065s
 374325 83235 infeasible   65      2177.47924 2147.26136  1.39%  56.0 9071s
 374456 83288 2149.29870   70  171 2177.47924 2147.26804  1.39%  56.0 9077s
 375009 83292     cutoff   49      2177.47924 2147.31522  1.39%  56.0 9083s
 375249 83418 2147.35332   65   77 2177.47924 2147.33965  1.38%  56.0 9097s
 375946 83400 infeasible   70      2177.47924 2147.37074  1.38%  55.9 9104s
 376039 83529 2163.65442   46  162 2177.47924 2147.39648  1.38%  55.9 9114s
 376678 83532 2176.95884   66  104 2177.47924 2147.44100  1.38%  55.9 9131s
 376839 83646 2147.59478   47   46 2177.47924 2147.45601  1.38%  55.9 9178s
 379283 83630 2160.81178   73   65 2177.47924 2147.55543  1.37%  55.7 9185s
 379440 83632 infeasible   87      2177.47924 2147.55931  1.37%  55.7 9190s
 379737 83754 infeasible   80      2177.47924 2147.58472  1.37%  55.7 9201s
 380143 83760 2152.20258   60  191 2177.47924 2147.61321  1.37%  55.6 9206s
 380256 83890 2173.54128   72  127 2177.47924 2147.61321  1.37%  55.6 9216s
 380797 83877 2152.04594   90   96 2177.47924 2147.64697  1.37%  55.6 9223s
 380974 83899 2152.43528   46  199 2177.47924 2147.66606  1.37%  55.6 9232s
 381450 83884 2156.66487   55   60 2177.47924 2147.71489  1.37%  55.6 9238s
 381621 83983 infeasible   57      2177.47924 2147.74156  1.37%  55.6 9250s
 382218 84000 2160.07221   93   74 2177.47924 2147.78515  1.36%  55.5 9255s
 382438 84089 2169.72684   86  344 2177.47924 2147.80786  1.36%  55.5 9266s
 383004 84089 infeasible   66      2177.47924 2147.83748  1.36%  55.5 9271s
 383183 84154 infeasible   81      2177.47924 2147.86713  1.36%  55.5 9281s
 383710 84135 2151.16699   57  194 2177.47924 2147.91877  1.36%  55.4 9288s
 383828 84108 2167.32250   63  155 2177.47924 2147.91877  1.36%  55.4 9298s
 384336 84090 infeasible   93      2177.47924 2147.97935  1.35%  55.4 9307s
 384492 84124 infeasible   74      2177.47924 2147.99697  1.35%  55.4 9317s
 384833 84189     cutoff   57      2177.47924 2148.02751  1.35%  55.4 9325s
 385132 84340 2151.56459   75   49 2177.47924 2148.05111  1.35%  55.4 9335s
 385749 84371 infeasible   81      2177.47924 2148.09739  1.35%  55.3 9343s
 385937 84522 infeasible   54      2177.47924 2148.10349  1.35%  55.3 9354s
 386594 84529 infeasible   49      2177.47924 2148.16460  1.35%  55.3 9359s
 386697 84560 2174.44764   66   46 2177.47924 2148.16460  1.35%  55.3 9362s
 386797 84614 2152.65648   84   86 2177.47924 2148.16871  1.35%  55.3 9368s
 387277 84629 infeasible   56      2177.47924 2148.19239  1.34%  55.2 9382s
 387563 84747 2167.27742   73  170 2177.47924 2148.23770  1.34%  55.2 9407s
 389070 84771 2164.02334   74  109 2177.47924 2148.32437  1.34%  55.1 9412s
 389244 84895 2162.26286   58  165 2177.47924 2148.33143  1.34%  55.1 9424s
 389924 84905 infeasible   80      2177.47924 2148.36062  1.34%  55.0 9430s
 390166 84902     cutoff   73      2177.47924 2148.37606  1.34%  55.0 9437s
 390393 84916 2173.64205   74   62 2177.47924 2148.40291  1.34%  55.0 9445s
 390810 84947 infeasible   86      2177.47924 2148.43335  1.33%  55.0 9450s
 390933 85010 2152.24620   91   52 2177.47924 2148.44754  1.33%  55.0 9458s
 391457 85086 infeasible   76      2177.47924 2148.49704  1.33%  55.0 9468s
 391917 85100 2151.67867   64   10 2177.47924 2148.53517  1.33%  54.9 9474s
 392148 85205 2150.11267   70  210 2177.47924 2148.54257  1.33%  54.9 9484s
 392781 85150 2162.13022   74   30 2177.47924 2148.59473  1.33%  54.9 9489s
 392961 85249 2152.49893   74  199 2177.47924 2148.63420  1.32%  54.9 9502s
 393604 85210 2157.47913   81   54 2177.47924 2148.70241  1.32%  54.8 9507s
 393724 85294 infeasible  103      2177.47924 2148.71311  1.32%  54.8 9517s
 394298 85306 2174.46416   76  160 2177.47924 2148.75331  1.32%  54.8 9524s
 394446 85348 2155.63356   55  126 2177.47924 2148.76732  1.32%  54.8 9535s
 395020 85367 2170.78208   55  242 2177.47924 2148.80854  1.32%  54.7 9543s
 395301 85395 2175.29046   63   81 2177.47924 2148.83073  1.32%  54.7 9550s
 395560 85463 2151.46051   47  179 2177.47924 2148.86338  1.31%  54.7 9559s
 396144 85496 infeasible   79      2177.47924 2148.89850  1.31%  54.7 9565s
 396293 85554 2166.11441   82  156 2177.47924 2148.89907  1.31%  54.7 9580s
 396832 85690 infeasible   48      2177.47924 2148.94086  1.31%  54.6 9590s
 397526 85837 2149.01129   52   69 2177.47924 2148.98352  1.31%  54.6 9615s
 398378 85837 infeasible   60      2177.47924 2149.03451  1.31%  54.5 9621s
 398477 85934 2151.80195   47  223 2177.47924 2149.03801  1.31%  54.5 9630s
 399256 86049 2163.82626   67  128 2177.47924 2149.09345  1.30%  54.5 9643s
 399887 86015     cutoff   67      2177.47924 2149.11263  1.30%  54.4 9651s
 400093 86092 2168.74130   55  117 2177.47924 2149.14152  1.30%  54.4 9659s
 400480 86122 infeasible   73      2177.47924 2149.16977  1.30%  54.4 9663s
 400593 86170     cutoff   83      2177.47924 2149.17962  1.30%  54.4 9671s
 401109 86164 infeasible   69      2177.47924 2149.20198  1.30%  54.4 9677s
 401364 86222 infeasible   79      2177.47924 2149.23690  1.30%  54.4 9685s
 401880 86222     cutoff   92      2177.47924 2149.26443  1.30%  54.3 9690s
 401989 86325 2151.13908   64  101 2177.47924 2149.27478  1.30%  54.3 9695s
 402577 86485 2156.18027   45  251 2177.47924 2149.30613  1.29%  54.3 9707s
 403323 86509 2160.23781   74   53 2177.47924 2149.35950  1.29%  54.2 9710s
 403419 86687 2155.75473  101  212 2177.47924 2149.37041  1.29%  54.2 9717s
 404087 86789 infeasible  109      2177.47924 2149.39781  1.29%  54.2 9723s
 404411 87031 2157.67292   69  192 2177.47924 2149.40686  1.29%  54.2 9733s
 405168 87048 2153.58682   63   95 2177.47924 2149.43551  1.29%  54.1 9736s
 405267 87130 2168.01264   67  139 2177.47924 2149.43599  1.29%  54.1 9740s
 405961 87132 infeasible   82      2177.47924 2149.49373  1.29%  54.1 9751s
 406657 87248 2160.67399   78   27 2177.47924 2149.54240  1.28%  54.0 9763s
 407300 87241     cutoff   54      2177.47924 2149.57551  1.28%  54.0 9767s
 407472 87461 2150.83579   46  211 2177.47924 2149.59451  1.28%  54.0 9777s
 408139 87562 infeasible   59      2177.47924 2149.59931  1.28%  53.9 9786s
 408723 87625 2162.57283   62   38 2177.47924 2149.64200  1.28%  53.9 9793s
 409438 87650 2161.52541   67  127 2177.47924 2149.68610  1.28%  53.8 9797s
 409567 87758 2176.80342   74   90 2177.47924 2149.68610  1.28%  53.8 9811s
 410285 87726 infeasible   67      2177.47924 2149.74418  1.27%  53.8 9818s
 410469 87818 2158.41145   72  106 2177.47924 2149.76495  1.27%  53.8 9828s
 410988 87808 2156.02007   85   22 2177.47924 2149.78465  1.27%  53.7 9833s
 411122 87922 2150.02264   73  175 2177.47924 2149.78985  1.27%  53.7 9844s
 411826 87935 2160.95516   59  365 2177.47924 2149.83525  1.27%  53.7 9851s
 412149 87974 2150.19787   68  196 2177.47924 2149.86330  1.27%  53.6 9856s
 412343 88113 infeasible   62      2177.47924 2149.87379  1.27%  53.6 9868s
 412964 88165 infeasible   74      2177.47924 2149.90042  1.27%  53.6 9873s
 413101 88273 infeasible   86      2177.47924 2149.90042  1.27%  53.6 9886s
 413666 88434 2165.74983   53  173 2177.47924 2149.92482  1.27%  53.6 9900s
 414382 88523 2149.98379   85   31 2177.47924 2149.96368  1.26%  53.5 9910s
 414884 88594 infeasible   50      2177.47924 2149.99699  1.26%  53.5 9918s
 415206 88650 2150.22318   63  213 2177.47924 2150.01647  1.26%  53.5 9926s
 415550 88665 2171.00810   63   59 2177.47924 2150.03784  1.26%  53.5 9934s
 415858 88687 infeasible   61      2177.47924 2150.05252  1.26%  53.4 9945s
 416303 88680     cutoff   71      2177.47924 2150.08575  1.26%  53.4 9952s
 416443 88808 2171.53435   57   66 2177.47924 2150.09664  1.26%  53.4 9963s
 417045 88827     cutoff   76      2177.47924 2150.12663  1.26%  53.4 9968s
 417328 88842     cutoff   86      2177.47924 2150.15042  1.26%  53.3 9976s
 417818 88804 2155.34323   63   79 2177.47924 2150.18051  1.25%  53.3 9985s
 417895 88823     cutoff   67      2177.47924 2150.18063  1.25%  53.3 9991s
 418132 88964 infeasible   57      2177.47924 2150.20269  1.25%  53.3 10003s
 418774 89018 infeasible   75      2177.47924 2150.23601  1.25%  53.3 10021s
 419096 89304     cutoff   57      2177.47924 2150.24176  1.25%  53.3 10042s
 420593 89309 2158.22757   61  130 2177.47924 2150.31779  1.25%  53.1 10045s
 420694 89406 2150.32712   61   84 2177.47924 2150.32655  1.25%  53.1 10054s
 421139 89381     cutoff   92      2177.47924 2150.34614  1.25%  53.1 10057s
 421276 89478 2150.44247   53   39 2177.47924 2150.34974  1.25%  53.1 10067s
 421788 89463 infeasible   50      2177.47924 2150.38766  1.24%  53.1 10073s
 421921 89595     cutoff   61      2177.47924 2150.39990  1.24%  53.1 10085s
 422538 89607 2156.32276   69  125 2177.47924 2150.43774  1.24%  53.0 10094s
 422725 89589 2175.69743   81  143 2177.47924 2150.44578  1.24%  53.0 10106s
 423173 89627 infeasible   63      2177.47924 2150.47521  1.24%  53.0 10111s
 423342 89713 2160.42155   67   82 2177.47924 2150.48416  1.24%  53.0 10121s
 423928 89743 2158.13920   94  168 2177.47924 2150.50533  1.24%  53.0 10127s
 424190 89921 infeasible   89      2177.47924 2150.52375  1.24%  52.9 10141s
 424894 89965 2167.94126   80   24 2177.47924 2150.54949  1.24%  52.9 10147s
 425062 90077 2150.67350   57  161 2177.47924 2150.56486  1.24%  52.9 10156s
 425648 90158 2174.30214   60   91 2177.47924 2150.58204  1.24%  52.8 10167s
 426237 90141 infeasible   66      2177.47924 2150.62717  1.23%  52.8 10173s
 426355 90286 2152.07651   68  247 2177.47924 2150.63475  1.23%  52.8 10183s
 426905 90310 infeasible   89      2177.47924 2150.65887  1.23%  52.8 10189s
 427131 90381     cutoff   84      2177.47924 2150.67241  1.23%  52.8 10199s
 427610 90433 infeasible   42      2177.47924 2150.70251  1.23%  52.7 10205s
 427731 90588 2158.19158   71   98 2177.47924 2150.70678  1.23%  52.7 10212s
 428273 90691 2159.05007   49  293 2177.47924 2150.72834  1.23%  52.7 10223s
 428845 90691 2151.19339   65   84 2177.47924 2150.74639  1.23%  52.7 10227s
 428977 90772     cutoff   64      2177.47924 2150.75109  1.23%  52.7 10246s
 429897 90788 infeasible   62      2177.47924 2150.79775  1.23%  52.6 10252s
 430017 90897 2151.74156   75  137 2177.47924 2150.82217  1.22%  52.6 10262s
 430620 90937 infeasible   56      2177.47924 2150.84837  1.22%  52.6 10267s
 430789 91152 2177.42586   83   27 2177.47924 2150.85386  1.22%  52.5 10280s
 431426 91194 infeasible   72      2177.47924 2150.87056  1.22%  52.5 10290s
 432051 91292 2174.29331   53   98 2177.47924 2150.89720  1.22%  52.5 10304s
 432598 91319 2169.67861   61    8 2177.47924 2150.93359  1.22%  52.4 10309s
 432782 91421 infeasible   60      2177.47924 2150.94720  1.22%  52.4 10317s
 433255 91452 infeasible   71      2177.47924 2150.96129  1.22%  52.4 10321s
 433494 91540 infeasible   83      2177.47924 2150.97693  1.22%  52.4 10329s
 433812 91538 2157.66486   81   35 2177.47924 2150.97693  1.22%  52.4 10333s
 433893 91636 2155.46092   53  203 2177.47924 2150.98783  1.22%  52.4 10345s
 434519 91752 2162.81077   87   71 2177.47924 2151.02551  1.21%  52.3 10358s
 435144 91853 infeasible   60      2177.47924 2151.04897  1.21%  52.3 10369s
 435578 91853 infeasible   73      2177.47924 2151.06217  1.21%  52.3 10370s
 435722 91857 infeasible   54      2177.47924 2151.07391  1.21%  52.2 10376s
 435838 91953 2171.42992   96  176 2177.47924 2151.08983  1.21%  52.2 10385s
 436387 91974     cutoff   76      2177.47924 2151.12026  1.21%  52.2 10391s
 436603 92081 infeasible   62      2177.47924 2151.13031  1.21%  52.2 10404s
 437103 92069 infeasible   67      2177.47924 2151.15257  1.21%  52.2 10409s
 437176 92146 2163.19636   78   86 2177.47924 2151.15778  1.21%  52.2 10418s
 437484 92165 2151.17904   56   31 2177.47924 2151.17026  1.21%  52.2 10427s
 437789 92211 infeasible   78      2177.47924 2151.18767  1.21%  52.2 10434s
 438030 92254 2177.03885   73  102 2177.47924 2151.20884  1.21%  52.2 10446s
 438399 92277 2152.07392   93  111 2177.47924 2151.23374  1.21%  52.1 10451s
 438509 92315 2151.45476   81   90 2177.47924 2151.23496  1.21%  52.1 10464s
 439038 92333 infeasible   83      2177.47924 2151.27286  1.20%  52.1 10472s
 439329 92391 2169.04676   72  212 2177.47924 2151.29828  1.20%  52.1 10495s
 440064 92407 infeasible   50      2177.47924 2151.35198  1.20%  52.1 10500s
 440208 92492     cutoff   81      2177.47924 2151.35917  1.20%  52.1 10511s
 440824 92545 infeasible   48      2177.47924 2151.39675  1.20%  52.0 10518s
 441190 92582 2172.23715   80   15 2177.47924 2151.41221  1.20%  52.0 10525s
 441509 92683 2153.28297   43   20 2177.47924 2151.43221  1.20%  52.0 10541s
 442142 92651 2158.20847   72   55 2177.47924 2151.47388  1.19%  52.0 10551s
 442278 92688 infeasible   84      2177.47924 2151.48004  1.19%  52.0 10563s
 442725 92719 infeasible   73      2177.47924 2151.51241  1.19%  51.9 10570s
 442913 92780 infeasible   77      2177.47924 2151.52064  1.19%  51.9 10580s
 443403 92792 2169.10437   80  170 2177.47924 2151.55646  1.19%  51.9 10587s
 443553 92873 2155.42891   68  107 2177.47924 2151.56411  1.19%  51.9 10596s
 444076 92923 infeasible   62      2177.47924 2151.58652  1.19%  51.9 10604s
 444412 93169     cutoff   71      2177.47924 2151.60310  1.19%  51.9 10619s
 445275 93232     cutoff   97      2177.47924 2151.63791  1.19%  51.8 10628s
 445493 93510 2175.96401   62   39 2177.47924 2151.65384  1.19%  51.8 10644s
 446299 93601 2170.80593   84   90 2177.47924 2151.68523  1.18%  51.7 10655s
 446931 93601 2171.88225   87  109 2177.47924 2151.71610  1.18%  51.7 10661s
 447094 93785 infeasible   50      2177.47924 2151.72179  1.18%  51.7 10671s
 447795 93784 2161.89932   67   76 2177.47924 2151.73456  1.18%  51.6 10676s
 447900 93963 infeasible   85      2177.47924 2151.74670  1.18%  51.6 10688s
 448526 93955 infeasible   83      2177.47924 2151.78272  1.18%  51.6 10695s
 448653 94039 2160.78282   99  138 2177.47924 2151.79919  1.18%  51.6 10706s
 449193 94137 2159.15399   61  245 2177.47924 2151.82004  1.18%  51.6 10718s
 449546 94162 2167.91804   75  183 2177.47924 2151.83052  1.18%  51.6 10730s
 449926 94154 infeasible   65      2177.47924 2151.85283  1.18%  51.5 10738s
 449940 94152 2156.24164   93   93 2177.47924 2151.85328  1.18%  51.5 10749s
 449996 94152 infeasible   57      2177.47924 2151.85328  1.18%  51.5 10750s
 449999 94160 2156.47475   94   93 2177.47924 2151.85328  1.18%  51.5 10768s
 450155 94162 2163.54830   94   64 2177.47924 2151.85473  1.18%  51.5 10786s
 450415 94175 2163.54830   95   66 2177.47924 2151.85740  1.18%  51.5 10816s
 451177 94185 2156.47475   95   92 2177.47924 2151.85740  1.18%  51.5 10833s
 451429 94754 infeasible   94      2177.47924 2151.94253  1.17%  51.5 10885s
 453400 94732 infeasible   64      2177.47924 2152.01645  1.17%  51.3 10896s
 453635 94829 2164.47695   69  107 2177.47924 2152.03122  1.17%  51.3 10911s
 454178 94921 infeasible   61      2177.47924 2152.05074  1.17%  51.3 10928s
 454811 94937     cutoff   62      2177.47924 2152.08429  1.17%  51.3 10938s
 454992 95114 2155.45432   47   12 2177.47924 2152.09188  1.17%  51.3 10958s
 455866 95182 infeasible   54      2177.47924 2152.13194  1.16%  51.2 10971s
 456231 95235 2153.12978   56  233 2177.47924 2152.13639  1.16%  51.2 10987s
 456571 95278 2173.88657   65  131 2177.47924 2152.16098  1.16%  51.2 11005s
 457090 95317     cutoff   62      2177.47924 2152.19259  1.16%  51.2 11022s
 457367 95501 infeasible  103      2177.47924 2152.20677  1.16%  51.2 11044s
 458247 95551 2171.45536   89   94 2177.47924 2152.24082  1.16%  51.1 11055s
 458435 95687 infeasible   83      2177.47924 2152.24943  1.16%  51.1 11077s
 459195 95696 infeasible   75      2177.47924 2152.28462  1.16%  51.1 11089s
 459454 95911 infeasible   79      2177.47924 2152.31189  1.16%  51.1 11111s
 460338 95899 infeasible   99      2177.47924 2152.34035  1.15%  51.0 11135s
 460562 96196 2167.32909   95   92 2177.47924 2152.35976  1.15%  51.0 11196s
 462371 96238 infeasible   84      2177.47924 2152.40305  1.15%  50.9 11203s
 462485 96419 2153.12300   71  163 2177.47924 2152.40425  1.15%  50.9 11219s
 462964 96411 infeasible   94      2177.47924 2152.40766  1.15%  50.9 11226s
 463056 96587     cutoff   83      2177.47924 2152.41930  1.15%  50.9 11245s
 463755 96627 infeasible   74      2177.47924 2152.43584  1.15%  50.8 11253s
 463915 96607 2159.11425   74   22 2177.47924 2152.43765  1.15%  50.8 11265s
 464295 96589 2162.21093   78   20 2177.47924 2152.46628  1.15%  50.8 11274s
 464373 96617 2153.02358   87   79 2177.47924 2152.47984  1.15%  50.8 11286s
 464675 96785 2167.90731  111  194 2177.47924 2152.49534  1.15%  50.8 11304s
 465269 96793 2170.58828   52  110 2177.47924 2152.51260  1.15%  50.8 11312s
 465292 96779 2170.60276   53  110 2177.47924 2152.51333  1.15%  50.8 11320s
 465358 96802 infeasible   79      2177.47924 2152.51457  1.15%  50.8 11326s
 465446 96949 2172.37563   89  139 2177.47924 2152.51746  1.15%  50.8 11340s
 466103 96998 infeasible   77      2177.47924 2152.55019  1.14%  50.7 11356s
 466549 97023     cutoff   45      2177.47924 2152.57502  1.14%  50.7 11363s
 466636 97167     cutoff   52      2177.47924 2152.57724  1.14%  50.7 11379s
 467065 97167 2176.61931   76  141 2177.47924 2152.59380  1.14%  50.7 11380s
 467248 97184 infeasible   43      2177.47924 2152.60054  1.14%  50.7 11393s
 467681 97189 infeasible   55      2177.47924 2152.62226  1.14%  50.7 11403s
 467784 97359 2157.16679   85   68 2177.47924 2152.62757  1.14%  50.7 11422s
 468484 97366 2169.98294   68   54 2177.47924 2152.64255  1.14%  50.6 11434s
 468745 97382 2176.74321   74   22 2177.47924 2152.66117  1.14%  50.6 11444s
 469009 97405 infeasible   54      2177.47924 2152.68320  1.14%  50.6 11454s
 469268 97464 2165.16853   60  102 2177.47924 2152.69829  1.14%  50.6 11468s
 469678 97481 2174.62208   82   96 2177.47924 2152.71157  1.14%  50.6 11477s
 469832 97576 2172.25132   81   77 2177.47924 2152.72004  1.14%  50.6 11495s
 470468 97565 infeasible   65      2177.47924 2152.75946  1.14%  50.5 11507s
 470797 97612 2155.46682   86   77 2177.47924 2152.77360  1.13%  50.5 11524s
 471234 97838 2171.34240   71   17 2177.47924 2152.79189  1.13%  50.5 11553s
 472307 97868 2153.55716   80  206 2177.47924 2152.82709  1.13%  50.4 11559s
 472392 98009 2175.47664   92  185 2177.47924 2152.82709  1.13%  50.4 11571s
 472980 98006 2160.79565   89   73 2177.47924 2152.85667  1.13%  50.4 11576s
 473121 98178 2172.28586   72  114 2177.47924 2152.85713  1.13%  50.4 11593s
 473753 98226 2177.46351   83   25 2177.47924 2152.88134  1.13%  50.4 11610s
 474253 98207 infeasible   74      2177.47924 2152.90784  1.13%  50.3 11619s
 474276 98207 2175.48612   73  116 2177.47924 2152.90784  1.13%  50.3 11620s
 474369 98354 2173.43193   78   67 2177.47924 2152.91585  1.13%  50.3 11636s
 474973 98423 2153.35689   74   94 2177.47924 2152.93056  1.13%  50.3 11645s
 475217 98534 infeasible   78      2177.47924 2152.94021  1.13%  50.3 11657s
 475738 98582 infeasible   78      2177.47924 2152.95435  1.13%  50.2 11663s
 475858 98711 2172.87938   81  139 2177.47924 2152.95616  1.13%  50.2 11674s
 476352 98807 2172.48289   72   85 2177.47924 2152.96885  1.13%  50.2 11688s
 476933 98857 2171.38271   97   81 2177.47924 2152.99368  1.12%  50.2 11694s
 477072 98877 2162.69671  103  186 2177.47924 2152.99571  1.12%  50.2 11708s
 477564 99018 2176.80953   84  125 2177.47924 2153.01507  1.12%  50.2 11724s
 478147 99012 infeasible   54      2177.47924 2153.04126  1.12%  50.1 11730s
 478270 99180 2153.25212   66   89 2177.47924 2153.04641  1.12%  50.1 11742s
 478880 99234 2153.07880   88   64 2177.47924 2153.06445  1.12%  50.1 11752s
 479223 99232 2164.15059   82   29 2177.47924 2153.06500  1.12%  50.1 11758s
 479362 99293     cutoff   70      2177.47924 2153.06500  1.12%  50.0 11772s
 479828 99322     cutoff   99      2177.47924 2153.10835  1.12%  50.0 11784s
 479924 99322 infeasible   59      2177.47924 2153.10952  1.12%  50.0 11785s
 480097 99413 2165.81470   75   11 2177.47924 2153.11456  1.12%  50.0 11803s
 480674 99406 2153.17140   66   54 2177.47924 2153.12888  1.12%  50.0 11812s
 480825 99580 infeasible   61      2177.47924 2153.14528  1.12%  50.0 11827s
 481423 99601 infeasible   56      2177.47924 2153.16683  1.12%  49.9 11849s
 481879 99663 2172.09317   92   73 2177.47924 2153.19301  1.12%  49.9 11862s
 482404 99685 infeasible   59      2177.47924 2153.20718  1.11%  49.9 11875s
 482800 99857     cutoff   96      2177.47924 2153.22439  1.11%  49.9 11890s
 483477 99910 2153.35718   72   92 2177.47924 2153.24272  1.11%  49.9 11896s
 483604 99970     cutoff   89      2177.47924 2153.24272  1.11%  49.8 11903s
 483963 100048 2176.05834   59  120 2177.47924 2153.24995  1.11%  49.8 11916s
 484537 100081 2155.08414   87   86 2177.47924 2153.27037  1.11%  49.8 11927s
 484768 100356 2155.42848   80  100 2177.47924 2153.29176  1.11%  49.8 11947s
 485636 100407 2163.24741   73  183 2177.47924 2153.32009  1.11%  49.7 11963s
 486237 100419 2161.04418   81   35 2177.47924 2153.34407  1.11%  49.7 11973s
 486419 100561 2175.28588   82  115 2177.47924 2153.35008  1.11%  49.7 12004s
 487111 100776 infeasible   43      2177.47924 2153.36837  1.11%  49.7 12035s
 487845 100781 2172.42725   81  134 2177.47924 2153.39180  1.11%  49.6 12052s
 488023 100970 2160.38192   86   22 2177.47924 2153.40491  1.11%  49.6 12082s
 488724 100979 infeasible   71      2177.47924 2153.43442  1.10%  49.6 12098s
 488858 101047 2175.19342   57  160 2177.47924 2153.43929  1.10%  49.6 12132s
 489511 101050 2170.37510   80   89 2177.47924 2153.46737  1.10%  49.6 12144s
 489621 101056     cutoff   50      2177.47924 2153.47242  1.10%  49.6 12160s
 489924 101089     cutoff   76      2177.47924 2153.48554  1.10%  49.5 12184s
 490308 101113 2156.27243   70  183 2177.47924 2153.50972  1.10%  49.5 12200s
 490522 101248 2154.63947   66   55 2177.47924 2153.51661  1.10%  49.5 12230s
 491143 101267 2157.34368   49  196 2177.47924 2153.53357  1.10%  49.5 12243s
 491369 101407 2160.66204   85   64 2177.47924 2153.55020  1.10%  49.5 12273s
 492024 101522 2154.77787   77  108 2177.47924 2153.58018  1.10%  49.5 12328s
 492755 101557 2155.44398   54  142 2177.47924 2153.60594  1.10%  49.4 12341s
 492923 101772 2155.98509   60   98 2177.47924 2153.61526  1.10%  49.4 12379s
 493487 101772 2161.12827   82   39 2177.47924 2153.62158  1.10%  49.4 12380s
 493707 101808 2175.85249   89   60 2177.47924 2153.63120  1.10%  49.4 12403s
 494262 101787 2156.40584   55  155 2177.47924 2153.64831  1.09%  49.4 12413s
 494422 101939 infeasible   65      2177.47924 2153.66129  1.09%  49.4 12444s
 495164 101971 2153.94143   67   99 2177.47924 2153.68048  1.09%  49.3 12454s
 495277 102173 2170.14565   85   48 2177.47924 2153.68708  1.09%  49.3 12471s
 496008 102279 2159.10204   91   62 2177.47924 2153.70966  1.09%  49.2 12493s
 496595 102299 2154.15162   95   65 2177.47924 2153.72445  1.09%  49.2 12507s
 496731 102452 infeasible   69      2177.47924 2153.73228  1.09%  49.2 12526s
 497246 102450 2176.31807   71   59 2177.47924 2153.74535  1.09%  49.2 12544s
 497522 102531 infeasible   71      2177.47924 2153.76112  1.09%  49.2 12569s
 498003 102522 infeasible   62      2177.47924 2153.78382  1.09%  49.1 12580s
 498136 102690 infeasible   86      2177.47924 2153.78885  1.09%  49.1 12608s
 498730 102715 infeasible   66      2177.47924 2153.81631  1.09%  49.1 12629s
 498997 102868 2157.60823   61  212 2177.47924 2153.82367  1.09%  49.1 12645s
 499412 102895 2173.07017   69   23 2177.47924 2153.83126  1.09%  49.1 12657s
 499578 103023     cutoff   68      2177.47924 2153.84385  1.09%  49.1 12681s
 500133 103072 infeasible   77      2177.47924 2153.85800  1.08%  49.0 12695s
 500391 103122 infeasible  101      2177.47924 2153.87071  1.08%  49.0 12715s
 500859 103137 2161.43110   54  128 2177.47924 2153.88407  1.08%  49.0 12725s
 500959 103182 2170.13795   57  140 2177.47924 2153.88597  1.08%  49.0 12747s
 501469 103204 2163.52822   64   50 2177.47924 2153.90741  1.08%  49.0 12763s
 501682 103225 2167.58839   79  109 2177.47924 2153.91751  1.08%  49.0 12777s
 501799 103195     cutoff   80      2177.47924 2153.91815  1.08%  49.0 12791s
 501915 103270 2166.78459   89  161 2177.47924 2153.92976  1.08%  49.0 12811s
 502354 103336     cutoff   91      2177.47924 2153.95362  1.08%  49.0 12859s
 502722 103619 2169.23901   84   91 2177.47924 2153.96562  1.08%  48.9 12904s
 503819 103601 2155.45435   49  109 2177.47924 2153.99445  1.08%  48.9 12920s
 503948 103815 2159.26935   52  150 2177.47924 2154.00237  1.08%  48.9 12947s
 504603 103858 infeasible   92      2177.47924 2154.01593  1.08%  48.9 12959s
 504779 104052 2166.10066   76   40 2177.47924 2154.02819  1.08%  48.9 12980s
 505460 104085 infeasible   64      2177.47924 2154.04064  1.08%  48.8 12996s
 505750 104280 infeasible   73      2177.47924 2154.05980  1.08%  48.8 13019s
 506380 104301 infeasible   98      2177.47924 2154.08119  1.07%  48.8 13028s
 506495 104463     cutoff   62      2177.47924 2154.08167  1.07%  48.8 13049s
 507044 104514 2156.45161   76  166 2177.47924 2154.09000  1.07%  48.7 13061s
 507224 104581 2169.69816   77  104 2177.47924 2154.09165  1.07%  48.7 13082s
 507629 104640 infeasible   43      2177.47924 2154.10102  1.07%  48.7 13092s
 507788 104804 2160.57266   84   47 2177.47924 2154.10246  1.07%  48.7 13115s
 508418 104806 2162.35964   99   69 2177.47924 2154.12718  1.07%  48.7 13125s
 508510 104925 2171.77905   92  151 2177.47924 2154.13487  1.07%  48.7 13146s
 509132 105008 infeasible   62      2177.47924 2154.16350  1.07%  48.6 13159s
 509411 105049 2173.52442  102   89 2177.47924 2154.17441  1.07%  48.6 13172s
 509658 105101 infeasible   62      2177.47924 2154.18003  1.07%  48.6 13193s
 510103 105089 infeasible   75      2177.47924 2154.19055  1.07%  48.6 13201s
 510215 105210 infeasible   80      2177.47924 2154.20480  1.07%  48.6 13226s
 510895 105196 infeasible   88      2177.47924 2154.23487  1.07%  48.6 13239s
 511042 105289 2159.31205   64   47 2177.47924 2154.24636  1.07%  48.6 13262s
 511621 105356 infeasible   84      2177.47924 2154.25582  1.07%  48.5 13278s
 511845 105482 infeasible   98      2177.47924 2154.26002  1.07%  48.5 13294s
 512410 105601 2166.86384   51   49 2177.47924 2154.28971  1.06%  48.5 13317s
 513013 105588 infeasible   94      2177.47924 2154.30892  1.06%  48.5 13353s
 513352 105873 2161.64553   89   22 2177.47924 2154.32004  1.06%  48.5 13403s
 514711 105894 infeasible   84      2177.47924 2154.35919  1.06%  48.4 13415s
 514861 106125 2164.14660   63   95 2177.47924 2154.36809  1.06%  48.4 13440s
 515549 106185 infeasible   55      2177.47924 2154.36822  1.06%  48.3 13452s
 515705 106283 2175.88159   89   30 2177.47924 2154.37056  1.06%  48.3 13475s
 516223 106397 infeasible   81      2177.47924 2154.40749  1.06%  48.3 13491s
 516709 106386 2175.27333  100  135 2177.47924 2154.42032  1.06%  48.3 13502s
 516827 106496 2166.33849   90  307 2177.47924 2154.43044  1.06%  48.3 13523s
 517329 106502     cutoff   78      2177.47924 2154.43833  1.06%  48.3 13534s
 517462 106703     cutoff   81      2177.47924 2154.44625  1.06%  48.3 13552s
 518040 106766 2165.63510   75  129 2177.47924 2154.46126  1.06%  48.2 13565s
 518358 106780     cutoff   43      2177.47924 2154.47339  1.06%  48.2 13574s
 518547 106867 infeasible   71      2177.47924 2154.48337  1.06%  48.2 13596s
 519116 106835 2162.36076   58  145 2177.47924 2154.49927  1.06%  48.2 13608s
 519235 106922 2159.68394   73   28 2177.47924 2154.51240  1.05%  48.2 13622s
 519767 106989 infeasible   64      2177.47924 2154.52690  1.05%  48.2 13631s
 519936 107107 2172.78467   68  102 2177.47924 2154.52886  1.05%  48.2 13675s
 520327 107107 infeasible   98      2177.47924 2154.53480  1.05%  48.2 13687s
 520384 107109 2155.11273   51  185 2177.47924 2154.54210  1.05%  48.2 13699s
 520426 107115 2155.30667   52  184 2177.47924 2154.54210  1.05%  48.2 13709s
 520462 107108 2155.50056   53  185 2177.47924 2154.54245  1.05%  48.2 13721s
 520493 107113 2155.69441   54  185 2177.47924 2154.54315  1.05%  48.2 13737s
 520522 107115 2155.88036   55  184 2177.47924 2154.54315  1.05%  48.2 13746s
 520562 107128 2156.04728   56  185 2177.47924 2154.54315  1.05%  48.2 13755s
 520595 107124 2156.23971   57  183 2177.47924 2154.54315  1.05%  48.2 13765s
 520620 107128 2156.32863   58  181 2177.47924 2154.54458  1.05%  48.2 13775s
 520637 107135 2156.41757   59  181 2177.47924 2154.54783  1.05%  48.2 13785s
 520698 107142 2176.69542   59  131 2177.47924 2154.55249  1.05%  48.2 13793s
 520729 107152 2156.93827   60  284 2177.47924 2154.55249  1.05%  48.2 13800s

Cutting planes:
  Learned: 38
  Gomory: 8
  Cover: 1820
  Implied bound: 341
  Projected implied bound: 13
  Clique: 16
  MIR: 192
  StrongCG: 39
  Flow cover: 288
  GUB cover: 91
  Inf proof: 20
  Zero half: 16
  Mod-K: 3
  RLT: 38
  Relax-and-lift: 176

Explored 520768 nodes (25089397 simplex iterations) in 13800.60 seconds (2511.82 work units)
Thread count was 4 (of 46 available processors)

Solution count 7: 2177.48 2178.44 2179.59 ... 3194.59

Time limit reached
Best objective 2.177479241707e+03, best bound 2.154552486513e+03, gap 1.0529%

Solve summary
-------------
Status code:       9
Objective:         2177.4792417072663
Objective bound:   2154.5524865129432
MIP gap:           0.010529035021407222
Has cycle:         False
Is acyclic:        True
Packages selected: 4 active packages

Packages
--------
   I1 | inactive_singleton | S=  0, C=  0, x=  0 | tasks=[1]
   I2 | inactive_singleton | S=  0, C=  3, x=  3 | tasks=[2]
   I3 | inactive_singleton | S=  3, C= 13, x= 20 | tasks=[3]
   A1 | active             | S= 13, C= 51, x= 75 | tasks=[4, 5, 6, 7, 8, 9, 20]
  I10 | inactive_singleton | S= 51, C= 61, x= 11 | tasks=[10]
  I11 | inactive_singleton | S= 61, C= 69, x= 15 | tasks=[11]
   A2 | active             | S= 69, C= 82, x= 17 | tasks=[12, 13, 14]
  I15 | inactive_singleton | S= 82, C= 90, x=  9 | tasks=[15]
   A3 | active             | S= 90, C=146, x= 93 | tasks=[16, 17, 18, 19, 21, 22, 23, 24, 25, 30, 31]
  I26 | inactive_singleton | S=146, C=150, x=  7 | tasks=[26]
   A4 | active             | S=150, C=165, x= 20 | tasks=[27, 28, 29]
  I32 | inactive_singleton | S=174, C=174, x=  0 | tasks=[32]

Solution JSON saved to: /home/23037696r/Documents/research/or_benchmark/wp/results/inactive_0.2/j30/j300902_5.json
Finish time     : 2026-08-11T17:17:54+08:00
