Instance,claim inactive tasks,Inactive tasks,Inactive indicator, The number of successors, Successors
j200101_1.sm,4,4,1 0 0 13 2 3 4 5 6 14 15 16 17 18 19 20 21,0 16 10 3 13 9 8,0 3 3 2 12 9,0 18 9 2 11 7,0 14 7 2 8 7,0 12 8 1 10,0 8 4 1 22,0 3 2 1 22,0 1 1 1 22,0 9 6 1 22,0 8 5 1 22,0 12 6 1 22,0 8 5 1 22,0 6 3 1 22,1 11 9 1 22,0 2 2 1 22,1 5 3 1 22,0 13 8 1 22,0 12 6 1 22,0 2 1 1 22,0 2 2 1 22,1 0 0 0
j200101_2.sm,4,4,1 0 0 6 2 3 4 5 6 7,0 8 7 11 20 18 17 16 15 14 13 12 11 9 8,0 9 8 11 21 20 17 16 15 14 13 12 10 9 8,0 9 5 11 20 19 18 15 14 13 12 11 10 9 8,0 14 8 11 21 19 18 17 15 14 13 11 10 9 8,1 3 2 10 18 16 15 14 13 12 11 10 9 8,0 2 1 8 19 17 16 12 11 10 9 8,0 4 2 1 22,0 11 6 1 22,0 9 7 1 22,0 14 8 1 22,0 11 9 1 22,0 9 8 1 22,0 4 3 1 22,0 4 2 1 22,0 1 1 1 22,0 12 7 1 22,0 11 9 1 22,1 18 10 1 22,0 10 5 1 22,0 11 7 1 22,1 0 0 0
j200101_3.sm,4,4,1 0 0 14 2 3 4 5 6 7 8 9 10 17 18 19 20 21,0 2 2 3 16 14 11,0 12 6 2 15 13,0 8 6 1 11,0 15 9 1 11,0 4 2 1 14,0 12 9 1 13,0 9 5 1 12,0 2 1 1 12,0 8 6 1 11,0 11 6 1 22,0 3 2 1 22,0 8 5 1 22,0 5 5 1 22,0 9 7 1 22,0 3 3 1 22,1 10 5 1 22,0 8 7 1 22,0 1 1 1 22,1 9 8 1 22,0 13 7 1 22,1 0 0 0
j200101_4.sm,4,4,1 0 0 8 2 3 4 5 18 19 20 21,0 17 9 9 17 16 15 11 10 9 8 7 6,0 8 4 6 14 13 11 8 7 6,0 10 10 3 10 8 7,0 4 4 3 12 9 6,0 6 3 1 22,0 5 3 1 22,0 12 8 1 22,0 6 3 1 22,0 12 7 1 22,0 7 5 1 22,0 13 10 1 22,0 4 3 1 22,0 18 9 1 22,1 14 7 1 22,0 7 5 1 22,1 15 8 1 22,0 1 1 1 22,0 9 6 1 22,0 5 5 1 22,0 15 10 1 22,1 0 0 0
j200101_5.sm,4,4,1 0 0 13 2 3 11 12 13 14 15 16 17 18 19 20 21,0 12 8 5 10 9 8 7 4,0 18 10 3 6 5 4,0 14 9 1 22,0 6 6 1 22,0 14 8 1 22,0 5 4 1 22,1 6 4 1 22,0 2 1 1 22,0 13 10 1 22,1 6 6 1 22,0 3 3 1 22,0 11 7 1 22,0 10 10 1 22,0 10 7 1 22,0 10 6 1 22,0 7 4 1 22,0 11 7 1 22,0 4 4 1 22,0 8 6 1 22,0 14 9 1 22,1 0 0 0
j200101_6.sm,4,4,1 0 0 14 2 3 4 5 6 13 14 15 16 17 18 19 20 21,0 10 8 3 12 11 9,0 15 8 2 9 8,1 12 9 2 8 7,0 3 3 1 10,0 8 6 1 7,1 3 2 1 22,0 7 7 1 22,0 13 7 1 22,0 13 7 1 22,0 6 5 1 22,0 5 4 1 22,0 12 9 1 22,0 12 9 1 22,0 10 8 1 22,0 12 8 1 22,0 8 5 1 22,0 15 8 1 22,0 7 7 1 22,0 12 9 1 22,0 9 9 1 22,1 0 0 0
j200101_7.sm,4,4,1 0 0 16 2 3 4 5 10 11 12 13 14 15 16 17 18 19 20 21,0 9 7 2 9 6,1 1 1 1 8,0 10 5 1 7,1 12 6 1 6,0 9 8 1 22,0 13 10 1 22,0 4 2 1 22,0 8 4 1 22,0 2 2 1 22,0 14 8 1 22,0 6 5 1 22,0 4 4 1 22,0 4 3 1 22,0 18 10 1 22,0 18 10 1 22,0 5 3 1 22,0 18 9 1 22,0 5 5 1 22,0 15 10 1 22,0 9 6 1 22,1 0 0 0
j200101_8.sm,4,4,1 0 0 10 2 3 4 5 6 7 8 9 10 21,0 5 5 7 20 19 17 14 13 12 11,0 6 3 6 18 16 15 14 12 11,0 10 9 5 16 15 14 12 11,0 8 6 4 14 13 12 11,0 4 3 3 17 13 12,0 8 4 3 16 13 11,1 8 6 2 15 12,0 13 10 1 13,0 3 3 1 11,0 11 10 1 22,0 8 7 1 22,0 6 6 1 22,0 13 9 1 22,0 6 6 1 22,0 7 6 1 22,1 3 2 1 22,0 7 6 1 22,0 14 8 1 22,0 18 9 1 22,0 10 5 1 22,1 0 0 0
j200101_9.sm,4,4,1 0 0 15 2 3 4 5 6 7 13 14 15 16 17 18 19 20 21,0 12 6 1 12,0 9 8 1 11,1 12 6 1 10,0 10 6 1 9,0 6 3 1 8,0 8 7 1 8,0 2 2 1 22,0 8 7 1 22,0 15 10 1 22,0 12 8 1 22,0 8 4 1 22,0 14 9 1 22,1 8 7 1 22,0 1 1 1 22,0 6 3 1 22,0 14 7 1 22,0 6 6 1 22,0 2 1 1 22,0 9 6 1 22,0 19 10 1 22,1 0 0 0
j200101_10.sm,4,4,1 0 0 11 2 3 4 5 6 7 8 18 19 20 21,0 2 1 5 17 16 12 11 10,0 6 5 4 15 12 11 9,0 14 9 3 12 11 10,0 10 5 3 14 10 9,0 8 5 1 13,0 2 1 1 9,0 1 1 1 9,1 2 2 1 22,0 5 3 1 22,0 11 10 1 22,1 4 3 1 22,0 8 8 1 22,0 8 4 1 22,0 14 10 1 22,0 18 10 1 22,0 10 8 1 22,0 6 5 1 22,0 7 4 1 22,0 5 3 1 22,0 11 7 1 22,1 0 0 0
j200201_1.sm,4,4,1 0 0 10 2 3 4 5 6 7 8 9 11 21,0 17 9 5 16 15 13 12 10,0 8 7 4 20 17 16 13,0 11 9 3 13 12 10,0 6 6 3 20 13 10,0 16 9 3 19 14 13,0 8 4 2 15 14,0 10 8 2 14 10,0 3 2 2 19 13,1 2 1 2 19 18,0 4 2 2 19 18,0 13 9 1 14,0 2 1 1 18,0 10 8 1 18,0 7 4 1 19,1 10 8 1 19,0 14 10 1 18,0 2 2 1 22,0 10 10 1 22,0 2 2 1 22,0 1 1 1 22,1 0 0 0
j200201_2.sm,4,4,1 0 0 10 2 6 7 8 9 17 18 19 20 21,1 6 5 4 16 15 5 3,0 3 3 2 10 4,0 4 3 1 11,0 6 3 1 10,0 9 5 1 14,0 1 1 1 13,0 13 9 1 12,0 11 6 1 12,0 5 3 1 22,0 3 2 1 22,0 9 7 1 22,0 6 6 1 22,0 1 1 1 22,0 9 7 1 22,0 15 8 1 22,0 7 6 1 22,0 12 8 1 22,1 3 2 1 22,0 12 9 1 22,0 15 9 1 22,1 0 0 0
j200201_3.sm,4,4,1 0 0 10 2 3 4 5 6 7 8 9 11 12,0 6 3 4 21 20 14 13,0 10 7 4 20 17 14 13,0 11 10 4 20 16 14 13,0 9 5 3 19 15 14,0 10 5 2 21 10,0 18 10 4 21 20 19 18,1 20 10 3 20 19 16,0 3 3 3 20 19 18,0 9 9 2 18 13,0 6 3 2 21 15,0 17 9 2 20 18,0 14 7 1 19,0 11 6 1 18,0 2 2 1 20,0 11 10 1 18,1 8 8 1 19,0 11 6 1 22,0 13 8 1 22,0 17 9 1 22,0 4 3 1 22,1 0 0 0
j200201_4.sm,4,4,1 0 0 6 2 3 6 7 11 21,0 7 5 6 18 17 14 9 5 4,0 4 4 4 18 17 14 5,0 5 3 5 19 15 13 10 8,0 6 4 3 16 13 8,0 15 8 3 20 14 8,0 14 10 2 9 8,0 15 9 1 12,0 10 7 1 12,1 12 9 1 12,0 5 5 1 15,0 4 3 1 22,0 8 4 1 22,0 12 9 1 22,0 9 8 1 22,0 1 1 1 22,0 8 7 1 22,1 8 4 1 22,0 2 2 1 22,0 16 10 1 22,0 6 6 1 22,1 0 0 0
j200201_5.sm,4,4,1 0 0 8 2 3 4 5 6 7 8 11,0 8 7 6 21 16 15 14 13 9,0 8 8 4 21 14 13 9,0 3 2 4 15 14 13 9,0 8 8 3 20 13 10,0 8 6 2 13 9,0 12 6 5 21 20 19 13 12,0 5 5 4 21 20 15 12,0 14 8 4 20 19 18 12,0 11 8 3 18 17 14,0 11 7 2 18 17,0 12 9 1 17,0 10 5 1 17,0 17 9 1 19,0 9 5 1 18,1 20 10 1 18,0 6 5 1 22,1 2 2 1 22,0 9 7 1 22,0 1 1 1 22,0 10 8 1 22,1 0 0 0
j200201_6.sm,4,4,1 0 0 12 2 4 5 7 8 9 10 11 12 19 20 21,0 6 4 2 18 3,0 9 7 3 16 15 6,1 15 9 3 17 15 13,0 19 10 2 15 13,0 6 4 1 13,1 6 3 1 14,0 6 4 1 14,0 10 5 1 14,0 2 1 1 14,0 7 4 1 13,0 1 1 1 13,0 15 9 1 22,0 13 7 1 22,0 20 10 1 22,0 1 1 1 22,0 6 4 1 22,0 4 2 1 22,0 8 4 1 22,0 13 7 1 22,0 9 7 1 22,1 0 0 0
j200201_7.sm,4,4,1 0 0 13 2 10 11 12 13 14 15 16 17 18 19 20 21,0 8 5 4 9 8 7 3,0 2 2 2 6 4,0 12 6 1 5,0 13 9 1 22,0 2 2 1 22,0 11 7 1 22,1 8 8 1 22,0 3 3 1 22,0 12 9 1 22,0 4 3 1 22,0 9 7 1 22,0 3 2 1 22,0 8 7 1 22,0 13 8 1 22,0 6 4 1 22,0 7 6 1 22,1 14 8 1 22,0 8 6 1 22,0 2 1 1 22,0 16 8 1 22,1 0 0 0
j200201_8.sm,4,4,1 0 0 8 2 3 4 8 9 10 13 14,0 12 8 3 21 11 7,0 2 1 3 20 11 5,1 18 10 2 19 6,1 8 6 3 18 15 12,0 11 8 3 18 16 15,0 10 9 3 18 16 15,0 7 7 3 19 16 15,0 12 6 2 16 15,0 3 2 2 16 15,0 2 1 1 17,0 12 10 1 17,0 5 3 1 17,0 8 5 1 16,0 1 1 1 22,0 8 5 1 22,0 9 7 1 22,0 8 8 1 22,0 2 1 1 22,0 3 2 1 22,0 4 3 1 22,1 0 0 0
j200201_9.sm,4,4,1 0 0 7 2 3 4 5 7 8 21,0 17 10 5 20 14 13 11 6,1 10 8 3 13 11 6,0 4 4 4 18 13 11 10,0 5 3 4 18 12 11 10,0 11 8 3 18 12 10,0 2 1 2 10 9,0 7 6 2 18 10,0 3 2 4 18 17 16 15,0 6 3 3 17 16 15,0 10 7 2 19 15,0 4 3 2 19 15,0 15 10 1 15,1 4 2 1 15,0 19 10 1 22,0 7 5 1 22,0 1 1 1 22,0 3 3 1 22,0 3 3 1 22,0 6 5 1 22,0 10 5 1 22,1 0 0 0
j200201_10.sm,4,4,1 0 0 8 2 3 4 5 6 8 9 10,0 9 9 5 15 14 13 11 7,0 8 6 5 19 16 14 13 7,0 18 10 6 19 17 16 15 14 13,0 4 3 5 18 17 16 13 12,0 16 8 4 17 13 12 11,0 14 7 3 18 17 12,0 5 5 3 19 17 16,0 15 9 3 17 16 12,0 6 6 3 20 17 16,0 18 10 2 20 16,0 18 10 2 21 20,0 6 4 2 21 20,0 4 2 2 21 20,0 14 9 2 21 20,0 20 10 1 21,1 2 1 1 21,0 5 3 1 20,0 4 3 1 20,0 7 6 1 22,1 1 1 1 22,1 0 0 0
j200301_1.sm,4,4,1 0 0 14 2 9 10 11 12 13 14 15 16 17 18 19 20 21,0 2 1 1 3,0 10 8 2 8 4,0 13 10 1 5,1 5 3 1 6,0 3 2 1 7,0 1 1 1 22,0 8 4 1 22,0 13 7 1 22,0 13 8 1 22,0 3 2 1 22,1 13 8 1 22,0 5 3 1 22,0 6 3 1 22,0 2 1 1 22,0 6 4 1 22,0 16 10 1 22,0 5 5 1 22,0 8 7 1 22,0 5 5 1 22,0 2 2 1 22,1 0 0 0
j200301_2.sm,4,4,1 0 0 7 2 4 5 7 8 17 18,0 2 1 2 16 3,0 14 8 4 15 11 10 6,0 11 8 3 16 15 6,0 14 8 3 15 10 6,0 15 10 4 21 14 13 9,0 3 2 3 16 13 9,0 10 5 1 9,1 1 1 1 12,0 17 10 1 12,0 12 8 1 12,0 8 5 1 19,0 2 2 1 20,0 4 4 1 20,0 7 5 1 19,0 10 5 1 19,0 7 5 1 20,0 9 5 1 19,0 8 5 1 22,1 8 8 1 22,0 2 1 1 22,1 0 0 0
j200301_3.sm,4,4,1 0 0 4 2 4 7 13,0 13 9 2 6 3,0 8 4 4 21 12 8 5,0 13 7 7 21 20 19 18 16 15 10,1 12 6 6 20 19 18 17 16 9,0 5 4 5 19 18 16 15 14,0 10 5 4 17 16 15 14,0 13 9 3 17 15 11,1 11 7 2 15 11,0 13 7 1 11,0 10 5 1 14,0 17 9 1 14,0 10 5 1 15,0 8 4 1 22,0 6 6 1 22,0 17 10 1 22,0 4 2 1 22,0 17 9 1 22,0 2 2 1 22,0 3 3 1 22,0 16 8 1 22,1 0 0 0
j200301_4.sm,4,4,1 0 0 6 2 5 6 7 9 10,0 6 3 2 4 3,0 9 6 8 21 20 19 18 17 14 13 12,0 18 9 3 21 13 8,0 1 1 6 20 19 18 17 16 12,0 10 8 3 17 13 11,1 10 5 4 17 16 13 12,0 3 2 2 18 11,0 7 4 2 19 11,0 8 6 1 11,0 2 2 2 16 12,0 16 10 1 15,1 7 6 1 15,0 3 2 1 16,0 10 5 1 22,0 16 10 1 22,0 8 7 1 22,0 4 2 1 22,0 12 6 1 22,0 1 1 1 22,0 10 6 1 22,1 0 0 0
j200301_5.sm,4,4,1 0 0 8 2 4 5 6 8 9 12 13,0 8 7 4 20 18 16 3,0 14 9 4 21 17 15 7,0 12 6 4 18 17 15 14,0 11 6 4 18 17 15 14,0 17 9 3 16 15 11,0 13 7 2 19 10,0 14 8 3 20 16 14,0 5 4 2 16 14,0 5 4 1 11,1 11 6 1 14,1 4 2 1 15,0 15 9 1 15,0 4 2 1 22,0 4 3 1 22,0 5 4 1 22,0 14 8 1 22,0 3 3 1 22,0 11 7 1 22,0 1 1 1 22,0 13 10 1 22,1 0 0 0
j200301_6.sm,4,4,1 0 0 10 2 5 8 9 16 17 18 19 20 21,0 2 2 1 3,0 4 2 3 15 11 4,0 2 2 4 14 13 12 6,0 16 8 2 12 6,0 3 3 1 7,0 7 7 1 10,0 6 5 1 11,0 20 10 1 11,0 8 6 1 22,1 4 2 1 22,0 14 8 1 22,0 11 8 1 22,0 6 5 1 22,1 12 9 1 22,0 7 6 1 22,0 5 3 1 22,0 2 2 1 22,0 15 8 1 22,0 17 9 1 22,0 10 5 1 22,1 0 0 0
j200301_7.sm,4,4,1 0 0 2 2 3,0 11 8 3 8 5 4,0 14 8 3 9 8 6,0 10 10 3 11 9 6,0 6 5 2 9 7,0 19 10 4 18 13 12 7,0 13 10 4 20 19 14 10,0 19 10 3 16 14 11,0 16 10 5 18 15 14 13 12,0 11 7 3 17 16 15,0 2 2 3 21 13 12,0 12 6 1 22,0 3 2 1 22,0 7 6 1 22,0 4 4 1 22,0 4 3 1 22,1 9 5 1 22,0 2 1 1 22,0 10 6 1 22,1 2 2 1 22,0 5 4 1 22,1 0 0 0
j200301_8.sm,4,4,1 0 0 8 2 4 6 7 8 11 12 13,0 19 10 5 21 20 16 15 3,0 15 10 2 17 5,0 2 2 3 16 15 10,0 6 3 2 18 9,0 10 7 3 20 16 14,0 14 9 3 19 17 15,0 12 8 3 19 15 14,0 5 4 1 10,1 13 9 1 14,0 15 10 1 16,0 9 5 1 15,0 2 1 1 15,0 12 9 1 22,0 2 1 1 22,0 4 2 1 22,0 3 3 1 22,0 11 9 1 22,0 10 5 1 22,0 8 8 1 22,1 8 4 1 22,1 0 0 0
j200301_9.sm,4,4,1 0 0 4 2 3 4 5,0 4 3 3 9 8 6,0 6 3 3 8 7 6,0 1 1 2 8 6,0 1 1 3 12 11 9,0 4 4 3 12 11 10,0 9 7 2 11 10,0 9 7 2 14 10,1 11 10 1 10,0 18 10 3 16 15 13,0 16 10 3 16 14 13,0 14 10 2 17 14,1 4 3 3 21 19 18,0 8 4 3 21 20 19,0 14 9 2 20 17,0 6 6 2 19 18,0 2 1 1 18,0 6 3 1 22,0 6 5 1 22,0 5 5 1 22,0 1 1 1 22,1 0 0 0
j200301_10.sm,4,4,1 0 0 11 2 3 6 8 10 16 17 18 19 20 21,0 1 1 3 15 13 4,0 12 6 2 14 7,0 4 2 1 5,0 2 2 1 7,0 16 9 1 7,0 13 10 2 12 9,0 16 9 2 12 11,0 7 7 1 11,0 11 9 1 13,0 12 10 1 22,0 9 9 1 22,0 15 8 1 22,0 4 4 1 22,1 14 9 1 22,1 11 8 1 22,0 6 5 1 22,0 2 1 1 22,0 5 3 1 22,0 2 2 1 22,0 17 10 1 22,1 0 0 0
j200401_1.sm,4,4,1 0 0 3 2 3 4,0 11 9 2 9 5,0 10 9 2 9 5,1 8 4 2 16 6,0 8 6 1 6,0 6 4 2 10 7,0 12 9 4 21 13 12 8,0 8 4 3 20 19 11,0 1 1 3 20 17 12,0 7 5 3 21 19 14,0 1 1 2 15 14,0 13 7 1 15,0 2 1 1 14,0 15 10 1 17,0 13 7 1 18,0 11 8 1 17,1 4 3 1 22,0 7 6 1 22,0 8 5 1 22,0 6 3 1 22,0 9 5 1 22,1 0 0 0
j200401_2.sm,4,4,1 0 0 4 2 3 6 8,0 5 4 3 21 13 4,0 10 6 3 21 15 5,0 16 10 2 15 5,0 5 5 3 12 10 7,0 9 7 2 12 7,1 4 3 2 20 9,0 4 3 2 15 10,0 12 6 2 19 11,1 5 5 1 11,0 4 2 2 18 14,0 3 3 2 19 14,0 10 5 3 18 17 16,0 3 3 2 17 16,0 8 5 2 17 16,0 12 9 1 22,0 14 7 1 22,0 13 9 1 22,0 6 5 1 22,0 10 10 1 22,0 4 2 1 22,1 0 0 0
j200401_3.sm,4,4,1 0 0 2 2 13,0 6 3 2 10 3,0 6 6 3 6 5 4,0 5 4 3 9 8 7,0 1 1 3 17 8 7,0 3 3 3 17 14 11,0 12 6 2 14 11,0 7 5 2 14 11,0 20 10 6 21 20 17 16 15 14,0 4 4 1 11,0 16 8 1 12,0 7 5 5 21 20 19 16 15,0 2 1 2 15 14,1 10 7 2 19 18,0 6 3 1 18,0 15 9 1 18,0 8 8 1 19,0 5 4 1 22,0 1 1 1 22,0 10 6 1 22,1 3 3 1 22,1 0 0 0
j200401_4.sm,4,4,1 0 0 7 2 9 17 18 19 20 21,0 12 6 3 16 15 3,0 5 4 3 13 12 4,0 4 4 1 5,1 4 2 1 6,0 3 2 2 11 7,0 8 6 1 8,0 3 3 1 10,0 5 4 1 14,0 12 10 1 22,0 5 5 1 22,0 3 3 1 22,0 2 1 1 22,0 6 6 1 22,0 9 5 1 22,0 13 7 1 22,0 5 3 1 22,0 8 4 1 22,1 11 10 1 22,0 15 9 1 22,0 7 4 1 22,1 0 0 0
j200401_5.sm,4,4,1 0 0 3 2 3 4,1 8 7 2 6 5,0 17 10 4 12 11 10 7,0 6 3 4 16 10 9 8,0 1 1 2 9 7,0 2 1 5 16 12 11 10 8,0 16 8 3 16 14 8,0 7 5 3 21 18 13,0 13 7 2 14 11,0 12 10 2 18 13,0 12 9 3 21 20 15,0 9 9 3 21 20 15,0 12 6 2 20 15,0 4 3 1 15,0 3 2 1 17,0 1 1 1 18,0 3 2 1 19,1 6 3 1 19,0 2 1 1 22,0 9 5 1 22,0 16 9 1 22,1 0 0 0
j200401_6.sm,4,4,1 0 0 3 2 5 17,0 4 3 4 16 13 6 3,0 11 9 2 21 4,0 3 3 3 19 15 8,0 12 8 3 20 10 7,1 3 2 3 20 12 9,0 12 6 2 19 11,0 11 6 1 10,0 16 9 2 21 14,0 8 4 1 11,0 11 7 1 14,0 8 7 1 14,0 9 9 1 14,0 6 4 1 18,0 16 10 1 18,0 10 9 1 19,0 1 1 1 20,0 9 7 1 22,1 6 5 1 22,0 13 10 1 22,0 4 2 1 22,1 0 0 0
j200401_7.sm,4,4,1 0 0 3 2 3 5,0 2 1 2 8 6,0 9 5 1 4,0 20 10 4 12 11 8 7,0 9 9 1 6,0 7 4 3 12 11 7,0 2 1 2 10 9,0 1 1 2 15 10,0 4 4 4 18 16 15 13,0 6 6 3 18 16 13,1 3 3 3 16 15 13,0 6 6 3 16 15 13,0 10 5 1 14,0 17 10 3 21 20 17,0 6 4 2 20 17,0 9 5 2 20 19,0 11 6 1 19,0 7 7 1 19,0 7 4 1 22,1 6 3 1 22,0 2 2 1 22,1 0 0 0
j200401_8.sm,4,4,1 0 0 5 2 6 11 20 21,0 5 5 2 19 3,0 1 1 3 18 17 4,0 8 8 2 16 5,0 2 1 3 15 10 7,0 20 10 3 16 15 7,0 4 3 3 14 12 8,0 6 6 1 9,1 9 8 1 13,0 4 2 1 12,1 10 6 1 12,0 10 5 1 22,0 12 6 1 22,0 10 10 1 22,0 4 2 1 22,0 9 6 1 22,0 1 1 1 22,0 1 1 1 22,0 6 3 1 22,0 11 6 1 22,0 7 6 1 22,1 0 0 0
j200401_9.sm,4,4,1 0 0 5 2 3 5 7 8,0 14 10 4 21 14 12 4,0 12 10 4 21 19 12 9,0 3 3 2 19 6,1 2 1 4 18 17 14 10,0 1 1 3 18 17 9,0 9 5 2 14 10,0 4 3 4 18 17 14 13,0 14 9 1 10,0 2 1 1 11,0 16 10 2 16 13,0 8 5 2 20 15,0 17 10 1 15,1 9 7 1 15,0 12 8 1 22,0 3 3 1 22,0 18 9 1 22,0 10 9 1 22,0 2 2 1 22,0 14 9 1 22,0 14 10 1 22,1 0 0 0
j200401_10.sm,4,4,1 0 0 4 2 3 4 5,0 9 5 3 11 9 6,0 1 1 3 11 9 6,0 1 1 3 11 7 6,0 14 10 3 11 10 8,0 16 9 2 10 8,0 2 2 2 10 8,0 9 5 2 14 12,0 12 8 2 14 12,0 9 7 3 16 14 13,0 3 3 3 16 14 13,0 8 4 2 16 13,0 12 7 3 21 18 17,0 2 1 1 15,1 12 7 2 18 17,0 2 1 2 21 18,0 12 6 1 19,0 3 3 1 20,0 5 3 1 20,1 6 4 1 22,0 12 8 1 22,1 0 0 0
j200501_1.sm,4,4,1 0 0 2 2 21,0 15 8 1 3,0 7 4 2 20 4,0 18 10 2 12 5,0 6 3 3 19 9 6,0 19 10 2 17 7,0 14 9 1 8,0 10 7 3 16 15 10,0 9 8 2 15 10,0 3 3 2 14 11,1 11 7 1 13,0 12 7 1 18,0 9 7 1 22,0 6 6 1 22,1 10 8 1 22,0 19 10 1 22,0 1 1 1 22,0 8 6 1 22,0 5 4 1 22,0 6 6 1 22,0 9 7 1 22,1 0 0 0
j200501_2.sm,4,4,1 0 0 1 2,0 2 1 1 3,0 8 5 2 5 4,0 12 8 2 8 6,0 9 5 1 6,0 1 1 2 9 7,0 10 6 3 12 11 10,0 20 10 2 10 9,1 16 9 3 15 14 13,0 4 4 2 14 13,0 4 3 2 15 14,0 17 10 1 13,0 12 7 2 18 16,0 15 10 2 18 16,0 9 5 3 21 20 18,0 5 4 2 21 17,1 9 6 2 20 19,0 3 2 1 19,0 2 2 1 22,0 7 6 1 22,0 9 6 1 22,1 0 0 0
j200501_3.sm,4,4,1 0 0 5 2 6 7 9 21,0 13 9 3 12 11 3,0 6 6 2 17 4,0 1 1 1 5,0 7 5 2 14 8,0 4 2 2 20 11,0 9 8 2 17 13,0 11 6 1 10,0 1 1 1 10,0 2 1 2 19 13,0 6 6 2 19 13,1 7 4 1 13,0 5 4 1 15,0 9 8 2 20 19,0 1 1 1 16,0 6 3 1 18,0 1 1 1 19,1 7 6 1 22,0 10 7 1 22,0 2 1 1 22,0 10 5 1 22,1 0 0 0
j200501_4.sm,4,4,1 0 0 3 2 5 8,0 2 2 2 10 3,0 10 8 2 21 4,0 4 2 2 11 6,0 3 2 4 17 16 12 10,0 10 10 2 20 7,0 20 10 2 16 9,0 8 7 2 10 9,0 3 2 3 19 14 12,0 7 5 2 19 14,0 19 10 1 12,0 20 10 1 13,1 4 3 1 15,0 11 10 1 15,0 6 4 1 18,0 12 9 1 19,0 12 7 1 20,0 7 4 1 22,0 2 1 1 22,1 8 4 1 22,0 20 10 1 22,1 0 0 0
j200501_5.sm,4,4,1 0 0 3 2 5 9,0 16 8 2 12 3,0 5 5 2 21 4,0 13 8 3 20 10 6,0 7 7 4 17 16 12 11,0 17 10 2 14 7,0 9 6 2 16 8,0 1 1 2 19 11,0 12 7 2 14 11,0 14 8 1 11,0 19 10 1 13,0 11 7 1 14,1 11 6 1 15,0 18 10 1 15,1 9 8 1 18,0 5 3 1 19,0 1 1 1 20,0 1 1 1 22,0 17 9 1 22,0 9 8 1 22,0 6 5 1 22,1 0 0 0
j200501_6.sm,4,4,1 0 0 3 2 4 6,0 4 3 1 3,0 20 10 2 7 5,0 9 9 2 11 7,0 10 8 2 11 8,0 2 1 2 11 8,0 11 7 1 8,0 15 8 1 9,0 4 2 2 15 10,0 7 7 2 13 12,0 8 8 3 17 14 13,0 2 1 3 17 16 14,0 14 8 2 18 16,0 4 3 2 20 18,1 7 4 2 21 18,0 12 6 2 21 20,0 20 10 2 20 19,0 5 4 1 19,1 14 8 1 22,0 10 7 1 22,0 2 1 1 22,1 0 0 0
j200501_7.sm,4,4,1 0 0 1 2,0 7 4 1 3,0 11 9 2 5 4,0 13 7 1 6,1 5 4 1 6,1 2 2 1 7,0 10 9 2 9 8,0 16 9 2 12 10,0 4 4 1 10,0 18 10 4 15 14 13 11,0 15 10 5 21 20 18 17 16,0 6 3 5 21 20 18 17 16,0 8 8 4 21 20 17 16,0 16 9 4 20 18 17 16,0 3 2 2 21 20,0 2 2 1 19,0 4 3 1 19,0 10 6 1 19,0 10 7 1 22,0 6 3 1 22,0 4 2 1 22,1 0 0 0
j200501_8.sm,4,4,1 0 0 2 2 3,0 12 6 2 6 5,0 10 10 2 8 4,0 15 8 1 5,0 17 9 3 15 11 7,0 11 7 2 9 8,0 10 10 2 13 9,0 16 10 2 15 11,0 8 6 1 10,0 4 2 2 14 12,0 14 7 2 14 12,1 10 6 3 18 17 16,0 1 1 3 21 17 16,0 5 4 2 21 19,0 18 10 1 16,0 11 7 1 19,0 10 7 1 19,1 11 8 1 19,0 7 4 1 20,0 3 3 1 22,0 10 5 1 22,1 0 0 0
j200501_9.sm,4,4,1 0 0 5 2 18 19 20 21,0 2 1 4 17 16 15 3,0 10 9 1 4,0 8 4 3 14 13 5,0 8 6 1 6,1 12 6 2 12 7,0 2 1 1 8,0 8 8 1 9,0 2 1 1 10,1 17 9 1 11,0 1 1 1 22,0 7 5 1 22,0 8 7 1 22,0 8 6 1 22,0 14 8 1 22,0 1 1 1 22,0 2 2 1 22,0 16 10 1 22,0 14 8 1 22,0 2 1 1 22,0 9 7 1 22,1 0 0 0
j200501_10.sm,4,4,1 0 0 2 2 3,0 8 7 4 10 9 8 4,0 2 1 4 10 9 7 6,1 7 4 1 5,0 3 2 2 12 7,0 6 3 2 12 8,0 4 3 2 15 11,0 3 3 2 15 11,0 11 6 2 15 11,0 16 9 2 12 11,0 6 6 2 14 13,0 16 8 1 13,0 8 4 1 16,0 2 1 1 16,0 8 6 1 16,1 1 1 2 19 17,0 11 9 2 20 18,0 14 10 1 21,0 13 7 1 20,0 2 1 1 22,0 2 1 1 22,1 0 0 0
j200601_1.sm,4,4,1 0 0 2 2 4,0 7 7 1 3,0 2 2 3 9 7 5,0 12 6 2 7 5,0 4 2 2 8 6,0 10 6 2 12 10,0 4 3 1 8,0 4 3 1 10,0 3 2 1 10,0 7 5 1 11,0 10 9 1 13,0 9 6 1 13,0 9 6 2 16 14,1 7 5 1 15,1 6 4 3 20 19 17,0 6 6 3 20 19 17,0 8 8 1 18,0 1 1 1 21,0 14 9 1 21,0 12 10 1 21,0 10 5 1 22,1 0 0 0
j200601_2.sm,4,4,1 0 0 4 2 16 20 21,0 2 1 2 15 3,0 5 5 2 19 4,0 13 9 1 5,0 10 9 1 6,1 6 3 1 7,0 17 10 1 8,0 2 1 3 14 13 9,0 4 4 2 18 10,0 9 7 1 11,0 3 3 1 12,0 3 2 1 17,0 7 6 1 18,0 4 2 1 17,1 16 9 1 17,0 2 2 1 17,0 3 2 1 22,0 9 5 1 22,0 2 1 1 22,0 2 2 1 22,0 11 6 1 22,1 0 0 0
j200601_3.sm,4,4,1 0 0 2 2 3,1 6 4 2 5 4,0 8 7 1 4,0 3 3 2 10 6,0 18 9 2 10 6,1 16 9 1 7,0 3 2 1 8,0 16 10 2 11 9,0 8 4 3 15 14 12,0 14 7 3 16 14 13,0 5 3 2 15 13,0 4 2 2 19 16,0 9 8 2 19 17,0 13 10 2 19 17,0 9 5 2 19 18,0 10 8 1 17,0 7 6 1 18,0 9 5 1 20,0 12 6 1 20,0 5 5 1 21,0 2 2 1 22,1 0 0 0
j200601_4.sm,4,4,1 0 0 4 2 4 5 13,0 7 6 2 12 3,1 8 4 2 21 6,0 2 1 2 21 6,0 2 2 2 12 7,0 15 10 1 7,0 10 5 1 8,0 7 7 2 11 9,0 14 7 1 10,1 12 8 2 18 14,0 11 7 2 20 14,0 8 4 2 18 14,0 8 4 2 18 16,0 14 10 1 15,0 7 6 1 16,0 12 8 1 17,0 14 9 1 19,0 15 8 1 19,0 10 10 1 22,0 2 1 1 22,0 6 4 1 22,1 0 0 0
j200601_5.sm,4,4,1 0 0 5 2 7 19 20 21,0 1 1 1 3,0 7 4 3 18 17 4,0 14 8 2 16 5,0 12 8 1 6,0 14 8 2 15 8,0 18 9 4 17 16 15 12,0 12 6 1 9,0 5 4 1 10,0 7 5 1 11,0 5 3 1 12,0 4 4 1 13,0 2 2 1 14,0 3 2 1 22,0 12 10 1 22,0 10 5 1 22,1 8 4 1 22,1 2 2 1 22,0 5 3 1 22,0 4 4 1 22,0 10 10 1 22,1 0 0 0
j200601_6.sm,4,4,1 0 0 4 2 4 5 12,0 14 9 1 3,0 8 6 3 14 9 6,0 8 4 3 14 9 6,0 18 10 2 14 6,0 2 2 1 7,0 7 4 1 8,0 9 5 2 11 10,0 6 3 2 18 13,0 15 10 3 20 18 15,0 13 7 1 13,0 14 7 1 13,0 8 6 2 20 15,0 4 3 2 18 15,0 7 4 1 16,0 7 4 1 17,1 10 7 1 19,0 5 4 1 19,0 5 3 1 21,0 8 4 1 21,1 10 10 1 22,1 0 0 0
j200601_7.sm,4,4,1 0 0 5 2 10 14 20 21,0 12 6 2 19 3,0 9 5 1 4,0 10 7 2 18 5,0 7 4 1 6,0 14 9 1 7,0 9 8 2 17 8,0 9 8 2 16 9,0 18 10 1 11,0 6 3 2 16 13,0 6 3 1 12,0 15 9 1 13,0 14 7 1 15,1 7 5 1 15,1 12 8 1 22,0 2 1 1 22,0 9 6 1 22,0 5 3 1 22,0 3 3 1 22,0 8 5 1 22,0 10 6 1 22,1 0 0 0
j200601_8.sm,4,4,1 0 0 2 2 7,1 7 5 1 3,0 8 4 2 5 4,1 6 6 3 10 9 8,0 2 1 2 8 6,0 5 4 2 12 10,0 11 8 1 8,0 7 5 2 12 11,0 6 4 2 12 11,0 12 10 1 11,0 8 4 2 15 13,0 1 1 2 15 13,0 14 8 1 14,0 3 3 2 19 16,0 2 2 2 19 16,0 11 6 1 17,0 3 3 2 20 18,0 4 2 1 21,0 4 2 1 20,0 7 6 1 22,0 14 9 1 22,1 0 0 0
j200601_9.sm,4,4,1 0 0 4 2 6 7 21,0 15 9 1 3,0 5 3 1 4,0 4 4 1 5,1 11 10 2 20 8,0 13 8 2 20 8,0 6 3 2 20 8,0 11 6 2 12 9,0 11 8 3 17 14 10,0 2 2 1 11,0 16 8 1 13,0 5 3 2 19 16,0 15 8 1 15,0 16 9 2 19 18,0 8 4 1 16,0 3 3 1 18,0 11 8 1 18,0 7 6 1 22,1 10 5 1 22,0 12 7 1 22,0 5 4 1 22,1 0 0 0
j200601_10.sm,4,4,1 0 0 2 2 3,0 15 9 2 17 4,0 14 10 2 17 6,1 9 9 1 5,0 1 1 1 7,0 12 9 1 7,0 14 10 1 8,0 8 4 2 11 9,0 2 1 3 15 14 10,0 12 6 2 20 13,0 10 6 2 16 12,0 5 4 2 20 18,0 1 1 1 16,0 10 10 1 16,0 5 5 2 20 19,0 10 6 1 18,0 8 8 1 18,0 8 8 1 19,0 7 6 1 21,0 7 7 1 21,1 12 10 1 22,1 0 0 0
j200701_1.sm,4,4,1 0 0 1 2,0 10 7 2 5 3,0 9 6 1 4,0 13 10 1 6,0 5 4 1 6,0 9 5 2 10 7,0 7 6 1 8,0 7 7 1 9,0 3 3 2 17 11,0 16 10 1 11,0 6 3 1 12,0 6 5 1 13,0 13 9 3 16 15 14,0 10 8 2 20 18,0 15 9 2 20 18,1 17 9 1 18,0 5 4 1 18,0 7 7 1 19,0 6 4 1 21,1 3 2 1 21,0 18 10 1 22,1 0 0 0
j200701_2.sm,4,4,1 0 0 2 2 6,0 13 7 1 3,0 14 7 2 12 4,0 4 3 1 5,0 9 5 1 7,0 10 7 1 7,0 4 3 1 8,0 14 9 1 9,0 4 2 2 16 10,1 10 5 2 19 11,0 16 8 1 13,0 2 1 1 13,0 11 9 3 21 18 14,0 6 4 1 15,0 12 10 1 17,0 14 7 1 17,0 4 2 1 20,0 8 7 1 20,1 2 1 1 20,0 2 2 1 22,0 4 4 1 22,1 0 0 0
j200701_3.sm,4,4,1 0 0 2 2 5,0 7 4 1 3,0 1 1 1 4,0 12 6 1 6,0 1 1 1 6,0 9 7 1 7,0 8 6 1 8,0 3 2 1 9,0 14 9 2 12 10,1 8 4 2 13 11,0 7 5 1 14,0 12 9 1 13,1 3 2 2 18 15,0 11 9 2 18 15,0 1 1 1 16,0 6 4 2 19 17,0 9 7 2 21 20,0 14 8 2 21 20,0 2 1 1 20,0 8 4 1 22,0 1 1 1 22,1 0 0 0
j200701_4.sm,4,4,1 0 0 3 2 20 21,0 4 4 1 3,0 3 2 1 4,0 10 5 1 5,0 16 9 2 19 6,0 4 2 2 18 7,0 14 10 1 8,0 12 7 1 9,0 14 7 2 17 10,0 16 10 2 16 11,0 16 9 1 12,0 15 8 1 13,0 7 5 1 14,0 11 10 1 15,0 10 5 1 22,0 19 10 1 22,0 2 2 1 22,1 1 1 1 22,0 3 3 1 22,1 13 8 1 22,0 7 5 1 22,1 0 0 0
j200701_5.sm,4,4,1 0 0 1 2,0 10 5 1 3,0 8 8 2 9 4,0 10 5 2 6 5,0 8 6 3 14 13 7,0 9 7 2 13 10,0 10 5 1 8,0 7 6 1 10,0 12 8 3 17 14 12,0 12 10 1 11,1 9 8 2 17 12,0 2 1 2 21 15,0 4 2 2 21 15,0 1 1 2 21 16,0 9 6 1 16,0 7 5 1 18,0 15 10 1 18,0 8 5 1 19,0 6 3 1 20,0 15 8 1 22,1 18 9 1 22,1 0 0 0
j200701_6.sm,4,4,1 0 0 2 2 5,0 13 8 2 8 3,0 18 10 1 4,0 1 1 1 6,0 14 9 1 6,0 1 1 1 7,0 10 6 2 13 9,0 5 3 1 9,0 8 5 1 10,0 2 1 1 11,0 15 10 2 16 12,0 17 9 1 14,0 9 6 1 14,1 4 3 1 15,0 2 1 2 19 17,0 11 6 2 19 18,1 1 1 2 20 18,0 2 2 1 21,0 11 6 1 20,0 2 1 1 22,0 10 9 1 22,1 0 0 0
j200701_7.sm,4,4,1 0 0 2 2 4,0 14 7 1 3,0 9 8 1 5,0 2 1 1 5,0 12 9 1 6,0 10 6 2 8 7,0 2 1 3 13 11 9,0 10 6 2 13 10,0 11 7 1 10,0 6 4 2 17 12,1 7 7 1 12,0 2 1 1 14,0 1 1 1 14,0 4 3 1 15,0 10 9 1 16,1 6 6 2 20 18,0 4 2 2 20 18,0 1 1 1 19,0 11 7 1 21,0 2 1 1 21,0 15 9 1 22,1 0 0 0
j200701_8.sm,4,4,1 0 0 2 2 4,1 1 1 1 3,0 12 6 2 10 5,0 14 7 2 10 6,0 2 1 1 6,0 7 4 1 7,0 5 5 2 9 8,1 14 7 2 19 11,0 10 10 2 19 12,0 1 1 2 19 12,0 7 4 1 12,0 8 7 1 13,0 4 2 1 14,0 17 9 3 21 17 15,0 8 7 1 16,0 10 10 1 18,0 2 2 1 18,0 6 6 1 20,0 8 4 1 21,0 2 1 1 22,0 9 8 1 22,1 0 0 0
j200701_9.sm,4,4,1 0 0 3 2 20 21,0 10 5 1 3,0 4 4 2 19 4,0 1 1 2 18 5,0 6 4 1 6,0 6 4 2 17 7,0 6 5 1 8,0 10 7 1 9,0 2 2 2 16 10,0 6 5 1 11,0 8 4 1 12,0 10 7 1 13,0 2 1 1 14,0 8 8 1 15,0 14 8 1 22,0 14 10 1 22,0 6 3 1 22,1 13 7 1 22,0 14 9 1 22,1 15 9 1 22,0 16 10 1 22,1 0 0 0
j200701_10.sm,4,4,1 0 0 2 2 13,0 2 1 1 3,1 6 6 1 4,0 5 4 1 5,1 19 10 2 21 6,0 7 7 2 20 7,0 5 5 2 18 8,0 8 8 2 19 9,0 4 3 1 10,0 3 2 2 17 11,0 10 5 1 12,0 4 2 1 14,0 19 10 2 18 16,0 5 3 1 15,0 10 7 1 16,0 6 3 1 22,0 4 2 1 22,0 6 5 1 22,0 17 9 1 22,0 17 9 1 22,0 17 10 1 22,1 0 0 0
j200801_1.sm,4,4,1 0 0 3 2 3 9,0 4 4 1 4,0 8 4 2 7 6,0 16 8 1 5,0 11 8 1 6,1 19 10 1 8,0 6 6 1 8,0 18 9 1 10,0 9 5 1 10,0 13 10 1 11,0 2 1 1 12,0 6 3 2 18 13,0 16 9 1 14,0 3 2 1 15,1 1 1 1 16,0 4 2 1 17,0 15 10 1 19,0 3 2 1 19,0 7 5 1 20,0 9 9 1 21,0 10 9 1 22,1 0 0 0
j200801_2.sm,4,4,1 0 0 1 2,0 12 8 2 13 3,0 6 5 1 4,0 17 10 1 5,0 5 3 2 12 6,0 6 6 1 7,0 14 7 1 8,1 18 9 2 21 9,0 1 1 1 10,0 17 10 1 11,0 5 5 2 19 14,0 12 7 2 19 14,0 8 4 2 19 16,0 7 7 1 15,0 9 5 1 16,0 1 1 1 17,0 12 9 1 18,1 9 6 1 20,0 10 5 1 20,0 4 4 1 22,0 13 9 1 22,1 0 0 0
j200801_3.sm,4,4,1 0 0 2 2 21,0 4 3 2 9 3,0 5 3 1 4,0 8 5 2 20 5,0 4 2 1 6,0 5 5 1 7,0 2 1 1 8,1 13 9 1 10,0 9 5 1 10,0 9 6 1 11,0 6 5 1 12,0 4 2 1 13,0 10 9 1 14,0 2 1 2 19 15,0 13 9 1 16,0 1 1 1 17,0 3 2 1 18,0 19 10 1 22,1 5 4 1 22,0 4 2 1 22,0 10 6 1 22,1 0 0 0
j200801_4.sm,4,4,1 0 0 4 2 19 20 21,0 10 5 1 3,0 10 9 1 4,0 8 8 1 5,0 12 9 1 6,0 10 9 2 18 7,0 7 4 1 8,0 13 7 1 9,0 4 4 1 10,0 2 2 1 11,1 5 4 1 12,0 14 9 1 13,0 1 1 1 14,0 5 4 1 15,0 3 2 1 16,0 8 6 1 17,1 20 10 1 22,0 13 7 1 22,0 1 1 1 22,0 15 9 1 22,0 3 3 1 22,1 0 0 0
j200801_5.sm,4,4,1 0 0 2 2 3,0 2 2 2 10 5,0 9 7 1 4,0 16 8 1 5,0 11 6 2 18 6,0 13 9 1 7,0 5 3 1 8,0 4 4 1 9,1 18 9 1 11,0 9 6 2 18 13,0 2 2 1 12,0 3 3 1 13,0 15 10 1 14,1 17 9 1 15,0 4 4 1 16,0 9 9 1 17,0 11 7 2 21 19,0 13 9 1 19,0 9 6 1 20,0 19 10 1 22,0 3 2 1 22,1 0 0 0
j200801_6.sm,4,4,1 0 0 3 2 20 21,1 11 8 1 3,0 14 8 2 14 4,0 11 7 1 5,0 8 8 1 6,0 2 1 1 7,0 6 5 2 19 8,0 2 1 1 9,0 11 6 1 10,0 5 4 1 11,0 11 9 1 12,0 1 1 1 13,0 17 9 1 15,0 10 6 2 19 17,0 17 9 1 16,0 9 7 1 17,0 6 4 1 18,0 7 4 1 22,0 9 9 1 22,1 13 10 1 22,0 8 6 1 22,1 0 0 0
j200801_7.sm,4,4,1 0 0 2 2 5,0 13 8 1 3,0 4 3 1 4,0 8 6 2 9 6,1 2 1 2 9 6,0 3 3 2 15 7,0 11 6 1 8,0 13 8 1 10,0 16 9 1 10,0 18 9 1 11,0 12 8 1 12,1 1 1 1 13,0 13 9 1 14,0 14 9 1 16,0 9 5 1 16,0 8 5 1 17,0 1 1 2 20 18,0 5 3 1 19,0 9 6 1 21,0 12 8 1 21,0 5 5 1 22,1 0 0 0
j200801_8.sm,4,4,1 0 0 2 2 10,0 11 9 1 3,0 7 6 2 14 4,0 2 1 2 21 5,0 13 7 1 6,0 15 8 1 7,0 6 4 1 8,0 8 4 1 9,0 5 3 2 20 11,0 1 1 2 20 11,0 9 8 1 12,1 4 2 1 13,0 7 4 1 15,0 3 3 1 15,0 1 1 1 16,0 6 3 1 17,1 5 3 1 18,0 6 3 1 19,0 6 5 1 22,0 13 9 1 22,0 9 7 1 22,1 0 0 0
j200801_9.sm,4,4,1 0 0 1 2,0 8 4 2 8 3,0 6 3 1 4,0 3 2 1 5,0 8 6 2 21 6,0 2 2 1 7,0 6 5 2 20 9,0 7 4 3 21 20 12,0 18 9 1 10,1 5 4 1 11,0 2 2 1 12,1 4 3 1 13,0 17 10 2 19 14,0 18 9 1 15,0 12 8 1 16,0 13 8 1 17,0 3 2 1 18,0 2 2 1 22,0 14 8 1 22,0 7 5 1 22,0 5 3 1 22,1 0 0 0
j200801_10.sm,4,4,1 0 0 2 2 21,0 11 7 1 3,0 10 8 1 4,0 3 3 1 5,0 2 2 1 6,0 14 8 2 12 7,0 16 9 2 20 8,0 12 9 1 9,0 10 8 1 10,1 1 1 1 11,0 10 8 1 13,0 15 8 3 20 19 15,0 5 3 2 19 14,0 2 1 1 15,0 6 5 1 16,0 14 9 1 17,0 8 4 1 18,0 3 2 1 22,0 8 6 1 22,0 17 9 1 22,1 10 9 1 22,1 0 0 0
j200901_1.sm,4,4,1 0 0 1 2,1 6 5 1 3,0 2 1 1 4,0 5 4 1 5,0 9 5 1 6,0 13 7 1 7,0 1 1 1 8,0 8 5 2 21 9,0 5 5 1 10,0 7 4 1 11,0 6 6 1 12,0 11 10 1 13,0 13 10 1 14,0 8 4 1 15,0 2 1 1 16,0 7 6 2 20 17,1 1 1 1 18,0 17 10 1 19,0 7 4 1 22,0 3 2 1 22,0 3 3 1 22,1 0 0 0
j200901_2.sm,4,4,1 0 0 1 2,0 15 8 2 13 3,0 14 8 1 4,0 17 10 1 5,0 8 5 1 6,1 2 1 1 7,0 13 8 1 8,1 12 6 1 9,0 20 10 1 10,0 16 8 1 11,0 13 8 1 12,0 15 10 2 21 14,0 12 6 2 21 14,0 1 1 1 15,0 9 6 1 16,0 5 3 1 17,0 12 8 1 18,0 8 4 1 19,0 13 9 1 20,0 2 1 1 22,0 6 5 1 22,1 0 0 0
j200901_3.sm,4,4,1 0 0 1 2,0 5 4 1 3,0 6 6 1 4,0 14 7 2 21 5,0 3 2 1 6,0 3 3 1 7,0 3 3 1 8,0 11 9 1 9,0 14 8 1 10,0 15 9 1 11,0 8 6 2 20 12,0 1 1 1 13,1 1 1 1 14,0 2 2 1 15,0 14 10 1 16,0 15 9 1 17,1 6 6 1 18,0 7 5 1 19,0 11 7 1 22,0 9 6 1 22,0 6 4 1 22,1 0 0 0
j200901_4.sm,4,4,1 0 0 1 2,0 4 3 1 3,0 10 10 1 4,0 13 7 1 5,0 13 7 1 6,0 6 6 1 7,0 18 9 1 8,0 9 9 2 19 9,1 3 3 1 10,1 13 10 1 11,0 1 1 1 12,0 6 3 1 13,0 5 5 1 14,0 6 4 1 15,0 9 6 1 16,0 9 5 1 17,0 8 7 2 21 18,0 5 3 1 20,0 11 6 1 20,0 16 9 1 22,0 10 8 1 22,1 0 0 0
j200901_5.sm,4,4,1 0 0 1 2,1 8 4 1 3,0 10 5 1 4,0 1 1 1 5,0 10 8 1 6,1 19 10 1 7,0 9 5 2 12 8,0 12 6 1 9,0 10 8 1 10,0 15 9 1 11,0 5 5 1 13,0 5 4 1 13,0 13 7 1 14,0 2 1 1 15,0 15 8 2 21 16,0 3 2 1 17,0 5 4 1 18,0 4 4 1 19,0 6 5 1 20,0 11 7 1 22,0 2 1 1 22,1 0 0 0
j200901_6.sm,4,4,1 0 0 1 2,1 11 8 1 3,0 9 9 2 15 4,0 12 6 1 5,0 4 4 1 6,0 7 5 1 7,0 4 3 1 8,0 4 4 1 9,0 4 2 1 10,0 4 2 1 11,0 11 10 1 12,0 7 5 1 13,0 4 4 1 14,0 2 2 2 21 16,0 6 3 1 16,0 6 4 1 17,0 11 6 1 18,0 3 3 1 19,0 4 3 1 20,0 7 6 1 22,1 16 8 1 22,1 0 0 0
j200901_7.sm,4,4,1 0 0 1 2,0 10 6 1 3,0 16 10 1 4,0 18 10 1 5,0 14 7 1 6,0 14 9 1 7,0 12 10 1 8,0 4 2 1 9,0 13 9 1 10,1 17 10 1 11,0 3 2 2 14 12,0 11 9 2 17 13,0 17 9 1 15,0 11 7 1 15,0 5 4 1 16,1 13 10 1 18,0 13 7 1 18,0 4 3 1 19,0 15 9 1 20,0 6 5 1 21,0 14 7 1 22,1 0 0 0
j200901_8.sm,4,4,1 0 0 1 2,0 14 8 1 3,0 3 2 1 4,0 9 5 1 5,0 15 8 1 6,1 11 9 1 7,0 2 2 1 8,0 9 7 1 9,0 11 8 1 10,0 10 10 1 11,1 12 8 2 16 12,0 10 6 2 18 13,0 12 9 1 14,0 2 2 1 15,0 1 1 1 17,0 3 2 1 17,0 7 4 1 19,0 8 4 1 19,0 10 5 1 20,0 6 5 1 21,0 7 5 1 22,1 0 0 0
j200901_9.sm,4,4,1 0 0 2 2 12,0 5 4 1 3,0 8 7 1 4,0 6 4 1 5,0 4 3 1 6,0 4 2 1 7,0 6 4 1 8,0 2 1 1 9,0 3 2 1 10,1 8 5 1 11,0 3 2 1 13,0 8 7 1 13,0 8 8 1 14,0 3 2 1 15,0 10 6 1 16,0 3 2 1 17,0 9 6 2 21 18,0 7 5 1 19,1 7 5 1 20,0 2 2 1 22,0 4 4 1 22,1 0 0 0
j200901_10.sm,4,4,1 0 0 1 2,0 1 1 1 3,0 18 9 1 4,0 9 8 1 5,0 8 6 1 6,0 5 3 2 9 7,0 5 5 1 8,1 1 1 2 12 10,0 7 5 1 10,0 6 4 1 11,1 3 2 1 13,0 10 10 1 13,0 12 6 1 14,0 16 8 1 15,0 15 8 1 16,0 6 5 1 17,0 12 7 1 18,0 13 9 1 19,0 16 8 1 20,0 11 7 1 21,0 7 6 1 22,1 0 0 0
j201001_1.sm,4,4,1 0 0 1 2,1 5 3 1 3,0 8 5 1 4,0 2 2 1 5,0 2 2 1 6,0 7 6 1 7,0 9 6 1 8,0 12 9 1 9,0 3 3 1 10,0 12 6 1 11,0 6 5 1 12,0 3 3 1 13,1 10 6 1 14,0 9 7 1 15,0 16 9 1 16,0 10 6 1 17,0 14 10 1 18,0 7 5 1 19,0 9 6 1 20,0 12 9 1 21,0 5 3 1 22,1 0 0 0
j201001_2.sm,4,4,1 9 9 1 2,0 2 2 1 3,0 1 1 1 4,1 1 1 1 5,0 4 2 1 6,0 4 2 1 7,0 5 3 1 8,0 5 4 1 9,0 12 8 1 10,0 6 6 1 11,0 3 3 1 12,0 8 5 1 13,0 12 6 1 14,0 20 10 1 15,1 3 3 1 16,0 3 3 1 17,0 2 1 1 18,0 9 6 1 19,0 1 1 1 20,0 17 9 1 21,0 7 6 1 22,1 14 7 0
j201001_3.sm,4,4,1 9 5 1 2,0 15 8 1 3,0 4 2 1 4,0 1 1 1 5,0 17 9 1 6,0 6 4 1 7,0 12 6 1 8,0 5 4 1 9,0 10 5 1 10,1 18 10 1 11,0 2 1 1 12,0 3 2 1 13,0 6 4 1 14,0 11 10 1 15,0 1 1 1 16,0 1 1 1 17,0 1 1 1 18,1 6 5 1 19,0 8 6 1 20,0 4 2 1 21,0 4 2 1 22,1 12 10 0
j201001_4.sm,4,4,1 13 10 1 2,1 5 4 1 3,0 3 2 1 4,1 8 4 1 5,0 6 4 1 6,0 4 4 1 7,0 16 10 1 8,0 11 7 1 9,0 5 3 1 10,0 16 9 1 11,0 13 9 1 12,0 3 2 1 13,0 11 7 1 14,0 5 3 1 15,0 18 10 1 16,0 1 1 1 17,0 4 3 1 18,0 19 10 1 19,0 16 9 1 20,0 6 4 1 21,0 2 1 1 22,1 3 3 0
j201001_5.sm,4,4,1 6 5 1 2,0 9 5 1 3,0 11 6 1 4,0 6 3 1 5,0 4 2 1 6,0 2 1 1 7,1 8 6 1 8,0 9 7 1 9,0 3 3 1 10,0 8 4 1 11,0 5 5 1 12,0 7 5 1 13,0 13 9 1 14,0 10 9 1 15,0 20 10 1 16,0 10 6 1 17,0 17 10 1 18,0 4 2 1 19,0 5 5 1 20,0 13 9 1 21,1 15 8 1 22,1 4 2 0
j201001_6.sm,4,4,1 7 4 1 2,0 5 3 1 3,1 4 3 1 4,0 13 9 1 5,0 3 2 1 6,0 17 10 1 7,0 6 3 1 8,0 10 6 1 9,0 6 4 1 10,0 16 9 1 11,1 15 9 1 12,0 10 7 1 13,0 10 9 1 14,0 10 7 1 15,0 11 8 1 16,0 2 1 1 17,0 2 2 1 18,0 12 10 1 19,0 2 1 1 20,0 10 7 1 21,0 11 7 1 22,1 10 5 0
j201001_7.sm,4,4,1 13 7 1 2,0 6 3 1 3,0 7 5 1 4,0 2 2 1 5,0 3 2 1 6,0 11 7 1 7,0 1 1 1 8,0 10 8 1 9,0 12 10 1 10,0 5 3 1 11,0 9 6 1 12,0 5 4 1 13,0 4 2 1 14,1 7 4 1 15,0 1 1 1 16,0 5 4 1 17,0 19 10 1 18,0 11 7 1 19,0 6 4 1 20,1 12 8 1 21,0 1 1 1 22,1 7 7 0
j201001_8.sm,4,4,1 7 6 1 2,0 3 3 1 3,0 11 10 1 4,0 4 3 1 5,0 16 9 1 6,0 14 10 1 7,0 1 1 1 8,1 7 5 1 9,0 12 8 1 10,0 4 2 1 11,0 9 6 1 12,0 15 9 1 13,0 12 6 1 14,0 2 1 1 15,0 8 4 1 16,0 1 1 1 17,0 13 8 1 18,0 13 7 1 19,0 6 6 1 20,1 9 6 1 21,0 13 10 1 22,1 11 7 0
j201001_9.sm,4,4,1 1 1 1 2,0 7 6 1 3,0 8 5 1 4,0 7 4 1 5,1 18 10 1 6,0 12 8 1 7,0 2 1 1 8,0 6 4 1 9,0 6 3 1 10,0 14 9 1 11,0 8 5 1 12,0 2 1 1 13,0 14 7 1 14,0 5 3 1 15,0 3 2 1 16,0 15 9 1 17,0 10 9 1 18,0 2 1 1 19,1 15 8 1 20,0 8 5 1 21,0 10 5 1 22,1 4 4 0
j201001_10.sm,4,4,1 10 9 1 2,0 4 4 1 3,1 14 8 1 4,0 2 1 1 5,0 14 10 1 6,0 16 9 1 7,0 18 10 1 8,0 9 8 1 9,0 2 2 1 10,0 10 5 1 11,0 7 7 1 12,1 19 10 1 13,0 3 2 1 14,0 4 4 1 15,0 17 9 1 16,0 8 5 1 17,0 20 10 1 18,0 4 3 1 19,0 7 5 1 20,0 5 5 1 21,0 17 10 1 22,1 8 7 0
j300101_1.sm,5,5,1 0 0 19 2 3 4 6 7 8 9 10 11 13 14 24 25 26 27 28 29 30 31,0 7 5 2 15 5,0 6 6 4 20 18 17 15,0 4 3 1 5,0 1 1 3 19 18 16,0 15 8 3 23 17 15,0 8 8 3 22 16 15,1 13 8 2 21 17,0 5 4 2 20 15,0 10 9 2 17 15,0 5 3 1 12,0 1 1 1 16,0 20 10 1 16,0 14 8 1 15,0 6 4 1 32,0 8 4 1 32,0 6 5 1 32,1 5 3 1 32,0 8 7 1 32,1 8 4 1 32,0 11 6 1 32,0 5 3 1 32,0 16 9 1 32,0 10 9 1 32,0 2 1 1 32,0 10 8 1 32,0 10 9 1 32,0 6 3 1 32,0 10 6 1 32,0 2 2 1 32,0 16 10 1 32,1 0 0 0
j300101_2.sm,5,5,1 0 0 13 2 3 4 5 6 7 8 9 10 14 17 18 31,0 1 1 9 30 28 26 25 24 19 15 13 11,1 12 10 9 30 28 27 26 25 24 19 15 13,0 7 5 8 28 26 25 24 23 22 19 13,0 11 6 6 29 27 26 20 16 12,0 9 6 8 29 26 25 24 23 22 21 19,0 1 1 4 25 22 21 19,0 2 1 4 25 22 20 19,0 10 5 4 24 22 20 19,0 4 2 4 23 22 20 19,0 3 3 3 27 23 22,0 2 1 3 24 21 19,0 8 7 2 21 20,0 1 1 2 21 19,0 7 5 1 20,1 4 2 1 23,0 5 5 1 23,0 17 10 1 20,0 6 3 1 32,0 6 3 1 32,1 6 5 1 32,0 3 3 1 32,0 6 5 1 32,0 1 1 1 32,0 1 1 1 32,0 8 6 1 32,0 19 10 1 32,0 1 1 1 32,0 5 3 1 32,0 20 10 1 32,0 8 4 1 32,1 0 0 0
j300101_3.sm,5,5,1 0 0 26 2 4 5 6 10 11 12 13 14 15 16 17 18 19 20 21 22 23 24 25 26 27 28 29 30 31,0 4 2 1 3,0 6 3 1 8,0 6 6 1 9,0 13 10 1 7,0 6 5 1 7,0 2 1 1 32,0 13 7 1 32,0 3 2 1 32,0 11 8 1 32,0 19 10 1 32,1 8 8 1 32,0 2 1 1 32,0 8 5 1 32,1 3 2 1 32,0 13 7 1 32,0 3 3 1 32,0 4 4 1 32,0 9 7 1 32,0 2 2 1 32,0 5 3 1 32,0 11 6 1 32,0 2 1 1 32,0 2 1 1 32,0 10 5 1 32,0 5 5 1 32,0 11 7 1 32,0 2 1 1 32,1 6 3 1 32,0 10 7 1 32,0 10 5 1 32,1 0 0 0
j300101_4.sm,5,5,1 0 0 14 2 3 4 5 9 10 11 14 15 16 17 29 30 31,0 9 7 5 28 27 8 7 6,0 14 10 5 26 25 24 7 6,0 2 1 5 24 22 21 12 6,0 10 6 4 24 21 13 12,0 5 3 3 23 20 18,0 7 5 3 22 19 18,0 5 5 3 25 21 18,0 1 1 3 23 22 18,0 2 1 2 24 20,0 4 2 2 21 18,0 13 10 1 18,0 11 8 1 19,0 2 1 1 26,0 13 8 1 20,0 10 8 1 19,0 6 4 1 19,0 14 9 1 32,0 16 9 1 32,1 13 8 1 32,1 7 5 1 32,0 3 2 1 32,0 4 4 1 32,0 5 4 1 32,0 20 10 1 32,0 1 1 1 32,0 12 9 1 32,0 10 6 1 32,0 8 8 1 32,0 14 7 1 32,1 16 8 1 32,1 0 0 0
j300101_5.sm,5,5,1 0 0 17 2 3 4 5 8 9 21 22 23 24 25 26 27 28 29 30 31,0 11 10 5 20 19 18 17 7,0 1 1 3 16 12 11,0 2 2 2 10 6,0 2 2 2 15 12,0 4 3 1 14,0 3 2 1 13,0 4 2 1 11,0 2 1 1 10,0 12 7 1 32,0 12 6 1 32,0 9 5 1 32,1 1 1 1 32,0 13 9 1 32,1 7 5 1 32,0 4 2 1 32,0 10 7 1 32,0 11 9 1 32,0 4 2 1 32,0 4 4 1 32,0 5 4 1 32,0 8 7 1 32,0 16 8 1 32,0 1 1 1 32,0 7 7 1 32,0 11 6 1 32,1 9 7 1 32,0 7 5 1 32,0 16 9 1 32,0 6 6 1 32,0 4 4 1 32,1 0 0 0
j300101_6.sm,5,5,1 0 0 19 2 3 4 6 7 8 9 10 11 13 14 24 25 26 27 28 29 30 31,0 16 8 5 21 20 18 17 15,0 11 7 2 15 5,0 2 2 1 5,0 8 7 3 19 18 16,0 10 8 3 23 16 15,0 2 2 3 21 17 15,0 8 6 2 22 17,0 4 2 2 20 15,1 3 2 2 17 15,0 14 7 1 12,0 11 9 1 16,0 6 4 1 16,0 1 1 1 15,0 19 10 1 32,1 4 2 1 32,0 13 7 1 32,0 12 7 1 32,0 17 10 1 32,0 3 3 1 32,0 11 8 1 32,0 15 10 1 32,0 1 1 1 32,0 11 10 1 32,0 2 2 1 32,0 9 9 1 32,1 3 2 1 32,0 1 1 1 32,0 4 4 1 32,0 1 1 1 32,0 6 3 1 32,1 0 0 0
j300101_7.sm,5,5,1 0 0 16 2 3 4 5 6 8 9 10 11 12 16 17 18 19 20 31,0 1 1 4 28 25 21 7,1 6 4 3 22 13 7,0 8 4 2 13 7,0 5 3 3 30 22 14,0 7 6 3 28 22 14,0 20 10 3 26 24 23,0 13 7 3 29 22 21,0 6 3 2 25 15,0 12 8 2 27 13,0 18 10 2 25 24,0 10 10 2 23 21,0 12 6 1 21,0 5 3 1 21,0 10 8 1 27,1 9 6 1 25,0 3 2 1 22,0 10 5 1 22,1 3 2 1 21,0 11 8 1 21,0 6 3 1 32,0 12 6 1 32,0 10 5 1 32,0 4 2 1 32,0 7 5 1 32,0 8 8 1 32,0 2 2 1 32,0 19 10 1 32,0 12 6 1 32,0 12 10 1 32,0 2 1 1 32,1 0 0 0
j300101_8.sm,5,5,1 0 0 16 2 3 4 5 6 8 11 12 13 14 17 18 19 29 30 31,0 5 5 6 28 24 16 10 9 7,0 10 7 6 24 23 22 15 10 9,0 13 10 5 25 23 22 15 9,0 6 6 6 27 25 24 23 21 20,0 2 2 4 26 24 15 10,1 9 6 5 25 23 22 21 20,0 14 8 3 25 24 15,0 7 6 2 26 20,0 9 6 2 21 20,0 7 7 2 28 23,0 6 4 2 22 20,1 7 7 2 21 20,0 5 4 2 21 20,0 5 3 1 21,0 2 2 1 20,0 14 8 1 27,0 3 2 1 22,0 4 4 1 20,0 10 7 1 32,0 12 10 1 32,1 7 6 1 32,0 14 9 1 32,0 3 3 1 32,0 15 9 1 32,0 5 4 1 32,0 8 5 1 32,0 10 9 1 32,0 7 7 1 32,0 20 10 1 32,0 8 5 1 32,1 0 0 0
j300101_9.sm,5,5,1 0 0 18 2 3 5 6 7 8 10 11 12 23 24 25 26 27 28 29 30 31,0 16 9 6 22 17 16 15 9 4,1 7 5 4 18 16 15 13,0 4 2 3 19 14 13,0 10 9 3 21 18 13,0 11 8 3 20 16 15,0 18 10 2 15 14,0 16 8 2 14 13,0 3 2 1 13,0 13 8 1 17,0 7 5 1 14,0 14 7 1 13,0 11 8 1 32,0 4 3 1 32,0 4 2 1 32,0 10 6 1 32,0 6 3 1 32,0 3 3 1 32,0 3 2 1 32,1 15 9 1 32,0 11 9 1 32,0 3 3 1 32,0 12 6 1 32,1 3 2 1 32,0 9 7 1 32,0 12 7 1 32,0 12 7 1 32,0 11 7 1 32,0 1 1 1 32,0 5 3 1 32,0 9 7 1 32,1 0 0 0
j300101_10.sm,5,5,1 0 0 12 2 3 4 5 7 11 12 27 28 29 30 31,0 5 3 6 26 25 24 21 17 10,0 5 5 5 23 21 18 14 6,0 9 8 4 20 17 15 9,0 5 3 3 20 19 8,0 11 7 2 16 15,0 1 1 2 22 16,0 9 8 1 13,0 2 1 1 13,0 6 4 1 14,0 13 7 1 19,0 2 1 1 18,1 1 1 1 32,0 6 3 1 32,0 12 9 1 32,0 17 9 1 32,0 2 2 1 32,0 8 6 1 32,0 9 5 1 32,1 12 9 1 32,0 6 5 1 32,0 6 3 1 32,0 5 5 1 32,0 15 9 1 32,0 19 10 1 32,0 2 1 1 32,0 4 3 1 32,0 4 2 1 32,0 9 8 1 32,1 8 4 1 32,0 16 8 1 32,1 0 0 0
j300201_1.sm,7,7,1 0 0 13 2 4 5 6 9 10 11 12 16 17 29 30 31,1 7 4 4 26 25 14 3,1 5 5 4 23 22 18 7,0 18 10 5 28 21 15 14 13,0 7 4 6 27 22 21 20 19 14,0 14 7 6 24 23 22 21 19 18,0 5 4 1 8,0 6 4 3 21 19 13,0 4 3 3 23 22 20,1 3 2 2 19 13,0 14 9 2 22 18,0 6 6 2 21 18,0 3 2 1 20,0 6 3 1 18,0 11 9 1 19,0 4 2 1 22,0 3 3 1 18,0 9 8 1 32,1 18 10 1 32,0 10 5 1 32,0 14 10 1 32,0 11 6 1 32,0 2 1 1 32,1 11 8 1 32,0 5 3 1 32,0 4 2 1 32,0 5 3 1 32,0 6 6 1 32,0 4 2 1 32,0 4 2 1 32,0 2 1 1 32,1 0 0 0
j300201_2.sm,7,7,1 0 0 7 2 3 5 6 8 9 19,1 2 2 5 22 15 13 12 4,0 1 1 7 31 29 22 21 18 15 7,0 8 5 6 29 21 18 16 11 10,0 7 4 7 29 28 22 21 18 16 10,0 9 7 10 31 30 29 27 22 21 18 17 16 14,0 8 6 6 30 28 27 17 16 14,0 14 7 5 21 18 17 15 14,0 10 6 5 29 28 20 18 17,0 1 1 4 31 27 17 14,0 2 1 6 30 28 27 25 20 17,0 6 5 4 29 28 18 17,0 7 7 2 30 16,0 6 3 3 25 24 20,0 16 8 3 27 24 20,0 11 8 2 25 20,0 4 3 2 26 23,0 14 10 2 25 24,0 6 6 1 20,0 4 4 1 23,0 12 7 1 24,0 8 4 1 24,1 15 9 1 32,0 12 8 1 32,1 7 4 1 32,0 3 3 1 32,1 8 8 1 32,0 4 2 1 32,0 16 10 1 32,1 13 10 1 32,0 1 1 1 32,1 0 0 0
j300201_3.sm,7,7,1 0 0 11 2 3 4 6 7 10 12 13 14 24 31,0 16 10 3 23 11 5,0 1 1 5 22 21 18 17 15,0 12 9 5 30 23 20 19 9,1 12 10 3 30 18 8,0 10 8 3 18 16 9,1 19 10 5 28 27 25 18 17,0 10 8 1 9,0 17 9 4 28 27 25 17,0 2 1 4 28 26 25 22,0 6 5 3 26 20 19,0 12 7 3 28 27 17,0 7 6 3 26 20 19,0 4 2 2 21 18,0 1 1 2 27 19,0 7 5 2 28 27,0 3 3 1 29,0 1 1 1 26,1 12 6 1 25,0 3 2 1 25,0 16 8 1 28,0 14 7 1 27,0 2 1 1 26,0 13 7 1 26,0 10 8 1 32,0 9 6 1 32,0 6 3 1 32,1 6 5 1 32,1 10 7 1 32,0 2 2 1 32,0 4 2 1 32,1 0 0 0
j300201_4.sm,7,7,1 0 0 12 2 4 6 7 8 9 11 12 15 20 21 22,1 12 7 6 31 30 28 19 14 3,0 11 6 5 29 27 17 13 5,0 12 8 5 27 26 17 16 13,1 8 4 4 26 25 18 10,0 5 4 4 31 25 19 17,0 3 3 5 28 26 25 24 23,0 10 5 2 29 10,0 9 5 3 28 27 23,0 11 10 2 24 16,1 12 8 2 30 19,0 15 10 2 25 18,0 18 9 2 25 23,0 16 9 2 24 23,0 16 10 2 26 23,0 7 6 1 23,0 17 10 1 23,0 8 6 1 24,0 7 5 1 24,0 12 6 1 26,0 3 3 1 25,0 10 6 1 25,1 12 9 1 32,0 5 3 1 32,0 2 1 1 32,0 8 5 1 32,0 4 2 1 32,0 13 10 1 32,1 13 8 1 32,0 7 4 1 32,0 9 7 1 32,1 0 0 0
j300201_5.sm,7,7,1 0 0 6 2 3 5 9 10 16,0 5 3 4 20 12 7 6,0 9 8 1 4,0 7 7 7 21 20 18 14 13 12 8,0 2 1 7 21 20 18 15 14 13 11,0 3 3 5 22 18 14 13 8,0 8 4 5 31 19 18 14 11,0 6 4 4 31 24 19 15,0 10 10 3 22 20 17,1 11 9 1 11,0 4 3 5 30 29 28 23 22,0 10 10 5 30 29 28 23 22,0 9 9 3 25 23 19,0 12 9 2 29 17,0 16 10 2 29 17,1 6 4 2 22 20,0 10 9 4 30 28 27 25,0 5 3 2 26 24,0 1 1 3 29 28 26,0 10 7 3 31 26 25,0 13 9 1 22,0 14 8 2 26 25,1 7 4 2 27 26,1 4 4 2 27 25,0 8 8 1 32,0 19 10 1 32,0 9 7 1 32,1 9 6 1 32,0 4 2 1 32,0 11 6 1 32,0 1 1 1 32,1 0 0 0
j300201_6.sm,7,7,1 0 0 14 2 5 6 10 11 23 24 25 26 27 28 29 30 31,0 14 9 3 22 18 3,0 6 3 4 16 15 9 4,1 11 9 4 17 14 12 7,0 10 8 4 18 16 15 12,0 7 5 2 21 12,0 5 4 1 8,0 2 1 1 13,0 10 6 1 14,1 2 1 1 20,1 10 9 1 19,0 10 6 1 32,0 18 10 1 32,0 2 2 1 32,0 5 4 1 32,0 11 6 1 32,0 9 6 1 32,0 4 4 1 32,0 18 10 1 32,0 8 5 1 32,0 3 2 1 32,0 16 10 1 32,0 10 10 1 32,0 6 4 1 32,0 10 10 1 32,0 3 2 1 32,1 12 6 1 32,1 11 9 1 32,0 10 8 1 32,0 7 7 1 32,0 13 8 1 32,1 0 0 0
j300201_7.sm,7,7,1 0 0 7 2 3 4 5 11 12 16,0 5 5 5 19 13 9 7 6,0 12 7 7 24 20 19 15 14 13 9,1 14 9 5 24 20 19 9 8,0 9 7 5 24 20 14 13 10,0 4 2 5 31 20 18 15 10,0 1 1 4 21 20 15 8,0 13 8 4 31 23 18 14,0 10 6 5 30 29 28 22 21,0 10 6 5 30 29 28 22 21,0 2 1 4 30 29 22 21,0 10 7 4 28 27 21 19,1 4 2 3 25 22 18,0 20 10 2 29 17,1 10 8 2 29 17,1 8 8 2 21 19,0 1 1 4 30 28 27 25,0 13 8 3 29 28 26,0 5 4 3 31 26 25,1 6 3 1 23,0 7 5 2 26 25,0 7 6 2 27 26,0 6 6 2 27 25,0 1 1 2 26 25,0 2 1 1 32,0 5 3 1 32,0 2 1 1 32,0 11 10 1 32,0 5 3 1 32,0 9 8 1 32,0 5 5 1 32,1 0 0 0
j300201_8.sm,7,7,1 0 0 7 2 3 4 8 14 15 18,0 6 6 5 23 17 9 6 5,0 8 4 9 31 30 23 21 19 17 16 12 10,0 15 10 8 31 30 23 21 20 17 16 10,0 15 10 4 19 16 12 11,0 14 10 3 19 12 7,0 5 3 4 30 20 16 10,0 6 4 3 29 19 9,0 5 3 3 26 24 16,0 3 3 2 28 13,0 3 3 3 24 22 21,0 18 10 1 13,1 13 9 4 29 27 26 24,0 12 10 3 30 24 23,0 9 9 3 30 24 23,0 4 4 3 28 27 25,1 7 7 2 24 22,0 10 7 2 24 22,0 14 7 1 20,0 6 5 2 26 24,0 12 7 2 26 25,0 3 2 1 25,1 4 2 1 25,0 8 6 1 32,0 6 4 1 32,0 5 4 1 32,1 3 2 1 32,0 12 8 1 32,0 10 5 1 32,0 19 10 1 32,1 8 8 1 32,1 0 0 0
j300201_9.sm,7,7,1 0 0 6 2 3 5 8 9 11,0 1 1 3 12 7 6,1 17 10 2 14 4,0 2 1 6 22 21 17 13 12 10,0 4 2 7 22 21 17 16 15 14 13,0 17 9 3 21 13 10,0 15 9 5 21 20 17 15 14,0 20 10 5 24 20 19 17 16,0 5 5 3 21 14 12,0 1 1 6 31 24 23 20 16 15,0 4 2 2 17 12,0 10 7 5 31 30 23 19 18,0 5 4 5 31 29 23 20 19,1 1 1 5 31 30 29 23 19,0 10 8 2 30 18,1 2 2 2 30 18,0 8 8 3 31 29 23,0 6 3 4 29 28 27 25,0 8 7 4 28 27 26 25,0 4 3 4 30 28 26 25,0 5 3 2 26 24,0 17 10 1 23,0 6 5 2 26 25,0 8 5 2 27 25,0 12 8 1 32,0 10 7 1 32,1 12 7 1 32,0 14 8 1 32,1 12 8 1 32,0 14 8 1 32,0 9 5 1 32,1 0 0 0
j300201_10.sm,7,7,1 0 0 6 2 3 5 8 9 10,0 5 4 3 13 7 6,0 11 6 2 12 4,1 3 2 7 22 21 19 16 14 13 11,0 8 4 7 22 21 19 16 15 14 12,0 10 10 4 19 16 14 11,0 7 5 5 21 20 19 16 12,0 4 3 3 19 17 12,0 13 10 4 23 21 20 15,0 18 9 2 21 13,0 4 3 4 31 24 20 15,0 9 8 5 31 30 29 23 18,1 13 8 4 29 23 18 17,0 2 1 3 23 20 18,0 7 5 2 29 17,0 2 1 2 29 17,0 4 2 4 30 28 27 25,0 4 2 4 28 27 26 25,0 8 5 2 26 24,0 6 6 3 29 28 26,0 11 6 3 31 26 25,0 11 6 1 23,1 5 4 2 26 25,0 4 2 2 27 25,0 6 5 1 32,0 17 9 1 32,1 11 8 1 32,0 12 9 1 32,1 6 3 1 32,0 14 8 1 32,0 11 9 1 32,1 0 0 0
j300301_1.sm,5,5,1 0 0 6 2 5 9 12 13 31,0 3 2 1 3,0 15 9 5 29 18 14 11 4,0 5 5 4 26 17 16 6,0 6 5 7 26 25 24 20 18 14 11,0 12 8 2 28 7,0 11 9 3 27 21 8,0 13 10 4 25 24 19 10,1 15 10 2 20 11,0 6 4 2 20 15,0 9 5 2 23 16,0 1 1 2 29 26,1 9 8 2 30 23,0 2 2 1 17,0 12 6 1 22,0 12 6 1 19,0 15 10 1 21,0 1 1 1 23,0 14 8 1 32,0 1 1 1 32,0 10 10 1 32,0 2 1 1 32,0 3 2 1 32,0 11 6 1 32,0 10 5 1 32,0 15 10 1 32,0 7 5 1 32,0 12 7 1 32,0 5 4 1 32,1 3 2 1 32,0 2 2 1 32,1 0 0 0
j300301_2.sm,5,5,1 0 0 5 2 4 6 8 11,0 6 4 2 15 3,0 11 10 2 10 5,0 2 2 3 15 10 7,0 17 9 3 31 12 9,0 9 9 3 15 13 10,0 8 4 4 31 30 14 12,0 20 10 2 13 10,0 18 10 3 18 16 13,0 11 6 4 23 18 17 14,0 1 1 2 18 13,0 9 5 5 28 23 19 17 16,0 14 9 3 30 23 14,1 14 10 6 29 28 26 21 20 19,0 2 2 3 30 28 16,0 16 8 3 26 24 21,0 16 8 2 29 20,1 11 7 3 30 26 24,0 2 1 2 24 22,1 5 3 2 27 24,0 13 8 1 25,0 16 10 1 25,0 11 7 1 26,0 7 5 1 32,0 2 1 1 32,0 10 8 1 32,0 1 1 1 32,0 5 3 1 32,0 3 2 1 32,0 13 8 1 32,0 1 1 1 32,1 0 0 0
j300301_3.sm,5,5,1 0 0 8 2 6 7 8 10 11 14 20,0 4 3 3 31 18 3,0 3 2 2 27 4,1 6 3 3 23 13 5,0 11 6 4 28 26 24 9,0 6 4 4 30 25 23 12,0 13 8 4 26 23 16 15,0 1 1 3 29 27 12,0 7 5 2 22 12,0 2 1 3 25 24 21,0 7 6 2 27 19,0 5 4 1 15,0 10 6 2 26 25,0 3 2 2 29 27,0 10 9 1 17,0 18 10 1 17,0 3 2 1 21,0 2 2 1 23,0 2 1 1 22,0 4 2 1 24,0 3 3 1 32,0 20 10 1 32,0 5 3 1 32,0 9 8 1 32,1 6 4 1 32,1 2 1 1 32,0 4 4 1 32,0 6 4 1 32,0 1 1 1 32,0 6 4 1 32,0 1 1 1 32,1 0 0 0
j300301_4.sm,5,5,1 0 0 5 2 3 4 8 9,0 9 6 2 14 5,0 8 5 4 14 13 11 10,0 8 7 3 12 11 7,0 18 10 2 11 6,0 6 3 3 19 13 10,0 7 6 3 15 14 13,0 9 9 3 18 12 11,0 12 8 2 12 11,0 6 6 2 18 12,0 12 6 4 22 17 16 15,0 14 8 3 22 16 15,0 10 5 3 22 18 17,0 17 10 4 31 29 19 18,0 7 6 5 31 29 28 21 20,0 1 1 6 30 29 28 25 24 23,0 2 1 4 31 29 26 21,0 13 7 2 28 20,0 10 6 3 25 24 23,1 8 7 3 27 24 23,0 8 8 2 30 27,0 4 2 2 28 26,1 15 8 1 26,1 17 10 1 26,0 4 3 1 27,0 7 6 1 32,0 3 3 1 32,0 10 7 1 32,0 1 1 1 32,0 13 7 1 32,0 5 5 1 32,1 0 0 0
j300301_5.sm,5,5,1 0 0 5 2 4 8 9 11,0 5 5 2 21 3,0 2 1 2 13 5,0 8 5 3 21 13 6,0 7 5 3 31 12 7,0 4 2 5 31 30 29 14 12,0 8 7 2 20 10,0 4 2 4 30 29 18 14,0 16 9 3 29 28 13,0 13 9 3 29 18 14,1 18 9 6 29 21 20 18 17 15,0 14 8 6 28 27 24 20 18 15,0 3 2 5 27 24 18 17 15,0 2 1 6 28 27 26 25 23 16,1 18 9 3 26 25 22,0 9 5 2 22 19,0 6 3 2 30 22,0 5 4 1 23,1 4 2 1 24,0 12 8 1 23,0 6 4 1 30,0 3 2 1 32,0 4 2 1 32,0 9 5 1 32,0 20 10 1 32,0 2 1 1 32,0 13 9 1 32,0 15 8 1 32,0 16 9 1 32,0 13 7 1 32,0 17 10 1 32,1 0 0 0
j300301_6.sm,5,5,1 0 0 5 2 3 5 11 12,1 8 6 4 20 18 7 4,0 8 5 3 17 9 6,0 12 9 3 17 10 9,0 8 4 4 20 17 14 13,0 12 9 2 16 8,0 14 7 2 16 8,1 6 4 4 24 22 14 13,0 7 5 3 16 14 13,0 13 10 3 22 16 14,0 1 1 4 31 24 22 19,0 6 3 3 31 24 19,0 15 8 1 15,0 8 4 5 31 30 29 23 21,0 2 1 2 31 19,0 4 4 2 24 19,0 11 7 2 24 19,0 1 1 1 19,1 12 8 3 30 29 21,0 7 5 3 31 22 21,0 13 7 3 28 26 25,0 4 2 3 28 27 26,0 14 7 2 26 25,0 5 4 2 29 26,0 1 1 1 27,0 6 4 1 32,0 5 3 1 32,0 12 9 1 32,0 1 1 1 32,0 1 1 1 32,0 14 7 1 32,1 0 0 0
j300301_7.sm,5,5,1 0 0 16 2 7 11 19 20 21 22 23 24 25 26 27 28 29 30 31,0 8 6 3 18 17 3,0 5 5 4 16 15 14 4,0 12 9 1 5,0 7 5 1 6,0 2 2 2 13 8,1 4 2 3 15 14 12,0 15 9 1 9,0 2 2 1 10,0 2 2 1 12,0 10 8 1 14,0 4 3 1 32,0 14 8 1 32,0 1 1 1 32,0 10 5 1 32,0 14 8 1 32,0 17 10 1 32,0 11 10 1 32,0 12 8 1 32,0 9 8 1 32,0 7 4 1 32,0 11 6 1 32,0 9 7 1 32,1 12 8 1 32,0 12 9 1 32,0 11 10 1 32,0 11 8 1 32,0 12 7 1 32,1 12 7 1 32,0 2 2 1 32,0 15 10 1 32,1 0 0 0
j300301_8.sm,5,5,1 0 0 12 2 4 5 10 14 16 17 18 28 29 30 31,1 15 9 1 3,0 7 4 3 24 12 6,0 8 5 2 8 7,0 8 4 4 26 25 24 9,0 9 8 2 26 8,0 7 6 3 27 25 9,0 16 10 2 25 9,0 10 6 3 23 22 11,0 16 9 1 11,0 19 10 2 21 13,0 10 6 1 13,0 9 5 2 20 15,1 10 7 2 24 19,0 4 3 1 19,0 15 8 1 24,0 2 1 1 24,0 8 5 1 24,1 10 5 1 32,0 11 8 1 32,0 11 7 1 32,0 7 6 1 32,0 12 9 1 32,0 2 1 1 32,0 10 6 1 32,0 7 7 1 32,0 8 6 1 32,0 16 10 1 32,0 6 5 1 32,0 3 3 1 32,0 9 5 1 32,1 0 0 0
j300301_9.sm,5,5,1 0 0 5 2 3 4 6 10,0 11 6 4 17 13 7 5,0 14 10 4 17 12 9 8,0 1 1 3 14 13 11,0 4 4 2 12 8,0 8 4 3 17 16 13,0 10 5 2 12 11,0 5 4 4 18 16 15 14,0 15 9 2 18 11,0 5 5 3 17 15 14,0 2 2 3 25 16 15,0 10 7 2 18 15,0 13 7 2 18 15,0 9 6 4 25 24 23 20,0 5 3 3 24 23 21,0 20 10 1 19,0 13 7 1 18,1 9 9 2 25 20,0 8 5 2 24 20,0 3 2 2 30 22,0 6 6 1 22,0 9 9 4 31 28 27 26,0 15 8 3 29 28 27,0 10 8 2 30 28,0 2 1 2 30 27,0 4 2 1 29,1 11 6 1 32,1 13 7 1 32,0 8 5 1 32,0 1 1 1 32,0 16 10 1 32,1 0 0 0
j300301_10.sm,5,5,1 0 0 10 2 3 5 8 9 10 12 13 16 18,0 3 3 2 14 4,0 16 8 4 22 19 14 7,0 7 7 2 22 6,0 11 7 4 23 22 19 11,0 6 4 3 23 19 11,0 2 1 3 24 23 11,0 7 6 3 24 23 11,0 11 8 3 26 24 15,1 5 3 1 11,0 16 10 2 26 15,0 1 1 2 26 15,0 4 3 3 26 21 17,0 12 10 1 15,0 9 6 2 21 17,1 2 1 3 26 24 20,0 7 4 3 31 28 20,0 17 9 2 28 22,0 11 8 1 20,0 10 6 3 30 29 25,0 2 1 3 29 28 25,1 10 9 1 24,0 10 6 2 31 27,0 9 9 1 25,0 4 2 1 27,0 8 7 1 28,0 16 9 1 32,0 6 6 1 32,0 3 2 1 32,0 10 10 1 32,0 16 8 1 32,1 0 0 0
j300401_1.sm,7,7,1 0 0 3 2 3 5,0 16 8 2 9 6,0 13 9 1 4,0 12 9 2 11 7,0 5 4 2 10 8,0 6 6 3 14 11 10,0 2 1 3 17 14 10,0 1 1 2 14 9,1 9 7 4 17 16 13 12,0 1 1 3 16 13 12,0 11 8 3 17 13 12,0 8 6 1 15,0 16 9 5 28 26 23 20 18,1 8 4 5 28 26 23 21 18,0 7 7 4 28 23 20 19,0 6 5 3 26 21 20,0 15 8 3 28 23 22,0 7 7 2 24 22,1 6 6 1 21,0 3 2 2 25 24,0 18 9 1 22,0 5 4 2 31 25,0 7 4 2 31 25,0 9 5 2 31 27,0 2 2 1 27,0 12 7 1 27,1 10 7 2 30 29,0 2 2 2 30 29,0 6 4 1 32,0 7 4 1 32,1 14 8 1 32,1 0 0 0
j300401_2.sm,7,7,1 0 0 4 2 4 5 8,0 2 1 1 3,0 12 9 3 14 11 6,1 5 4 5 21 19 15 12 10,0 6 3 3 19 12 9,1 4 2 1 7,0 20 10 4 23 19 15 12,0 9 8 4 23 15 14 12,0 8 5 4 31 23 15 13,0 12 9 4 31 23 14 13,0 10 7 3 23 21 13,1 2 1 2 31 13,0 9 9 4 27 26 20 16,0 7 4 2 20 17,1 1 1 4 30 26 24 22,0 7 6 1 17,0 1 1 1 18,0 4 2 2 30 22,1 14 7 2 26 22,0 7 6 1 22,0 6 6 1 22,0 8 4 2 28 25,0 7 7 2 30 28,0 1 1 1 25,0 12 6 1 29,0 15 9 1 28,0 6 3 1 28,0 12 7 1 32,0 2 1 1 32,0 12 10 1 32,0 2 1 1 32,1 0 0 0
j300401_3.sm,7,7,1 0 0 5 2 5 8 9 11,0 7 6 3 31 13 3,0 11 7 4 30 29 25 4,0 10 8 5 28 27 26 24 6,0 14 9 2 24 7,1 4 2 1 7,0 2 2 3 22 18 10,0 1 1 4 23 22 18 14,0 9 7 6 26 22 21 19 18 17,0 3 3 1 12,1 11 8 3 24 18 15,0 4 2 2 23 14,1 8 4 3 22 21 16,0 13 10 1 15,0 1 1 2 21 16,0 15 9 1 17,0 12 7 1 20,0 6 5 1 20,0 5 3 1 25,1 3 2 1 32,0 5 4 1 32,0 10 9 1 32,0 10 8 1 32,0 1 1 1 32,0 2 1 1 32,0 6 4 1 32,0 13 8 1 32,0 2 1 1 32,0 1 1 1 32,1 13 7 1 32,0 6 4 1 32,1 0 0 0
j300401_4.sm,7,7,1 0 0 11 2 13 23 24 25 26 27 28 29 30 31,0 7 5 3 22 21 3,1 2 2 2 19 4,0 5 3 3 18 17 5,0 10 6 2 16 6,0 15 8 2 15 7,0 10 6 1 8,0 5 5 1 9,0 5 3 1 10,0 3 2 1 11,0 4 2 1 12,1 4 2 1 14,0 2 1 1 20,0 6 5 1 32,0 2 1 1 32,0 3 3 1 32,0 2 1 1 32,0 7 7 1 32,1 4 3 1 32,0 12 6 1 32,0 16 8 1 32,0 3 3 1 32,0 7 5 1 32,1 2 1 1 32,0 6 3 1 32,0 7 6 1 32,0 12 6 1 32,0 8 8 1 32,0 10 5 1 32,1 10 8 1 32,0 17 9 1 32,1 0 0 0
j300401_5.sm,7,7,1 0 0 4 2 5 7 8,0 5 3 2 11 3,0 5 4 3 31 30 4,0 4 3 2 29 6,1 3 2 5 31 30 23 17 10,1 11 10 5 24 23 20 17 9,1 11 6 3 17 13 9,0 11 7 3 29 17 9,0 1 1 3 28 22 12,1 7 4 3 29 28 12,0 1 1 3 28 23 15,0 14 7 2 19 14,0 1 1 4 23 22 20 18,0 3 2 1 15,0 13 7 2 27 16,0 6 4 2 26 18,0 4 4 2 22 21,0 7 4 1 21,0 11 8 1 21,0 2 2 1 21,0 12 7 1 25,0 14 9 1 26,0 4 2 1 27,0 8 7 1 25,1 14 10 1 32,0 8 8 1 32,0 14 7 1 32,0 4 3 1 32,0 7 6 1 32,0 6 3 1 32,0 6 6 1 32,1 0 0 0
j300401_6.sm,7,7,1 0 0 3 2 7 13,0 2 2 3 30 6 3,1 13 9 4 20 11 8 4,0 6 6 1 5,1 3 2 3 27 10 9,0 6 5 3 29 15 8,1 13 7 4 31 29 25 12,0 7 6 2 27 10,0 14 10 3 29 25 12,0 7 6 5 28 26 25 24 14,1 3 2 4 28 27 25 14,0 11 7 3 26 23 15,0 7 5 2 27 14,0 10 9 2 23 16,0 8 8 2 24 16,0 7 4 1 17,0 10 8 1 18,0 13 10 2 22 19,0 11 8 1 21,0 11 7 1 27,0 9 5 1 32,0 12 8 1 32,0 5 3 1 32,0 3 2 1 32,0 1 1 1 32,0 19 10 1 32,0 3 3 1 32,1 13 8 1 32,0 4 3 1 32,0 8 5 1 32,0 10 6 1 32,1 0 0 0
j300401_7.sm,7,7,1 0 0 4 2 4 5 8,1 1 1 1 3,0 12 7 4 21 19 12 6,0 6 3 4 21 18 15 9,1 3 2 3 18 11 10,0 5 4 1 7,0 6 3 4 23 18 15 11,0 6 4 3 23 15 11,0 1 1 4 31 23 19 13,0 6 5 5 27 23 20 15 14,1 8 6 2 31 13,1 2 2 5 27 26 23 20 14,0 12 8 4 27 26 20 14,0 14 7 1 16,0 8 6 3 26 24 22,0 3 2 1 17,0 13 8 2 30 22,0 4 2 2 26 22,0 4 3 1 20,0 11 7 1 22,0 18 9 1 22,0 5 4 2 28 25,0 5 5 2 30 28,0 11 7 1 25,0 5 4 1 29,0 10 9 1 28,0 5 4 1 28,0 6 5 1 32,1 12 10 1 32,0 7 5 1 32,0 6 6 1 32,1 0 0 0
j300401_8.sm,7,7,1 0 0 4 2 4 5 8,0 3 2 1 3,1 6 5 4 21 19 12 6,1 17 10 4 21 18 15 9,0 4 3 3 18 11 10,0 3 2 1 7,0 6 6 4 23 18 15 11,0 6 4 2 15 11,1 12 7 4 31 23 19 13,0 8 5 4 27 23 15 14,0 2 2 2 31 13,0 10 7 5 27 26 23 20 14,0 2 1 4 27 26 20 14,0 11 6 1 16,0 15 8 3 26 24 22,1 15 10 1 17,0 8 5 2 30 22,0 2 1 2 26 22,0 16 8 1 20,1 12 10 1 22,0 7 6 1 22,0 12 7 2 28 25,0 1 1 2 30 28,0 7 7 1 25,0 12 10 1 29,0 1 1 1 28,0 13 9 1 28,0 13 9 1 32,0 8 7 1 32,0 13 10 1 32,0 18 10 1 32,1 0 0 0
j300401_9.sm,7,7,1 0 0 4 2 4 7 8,0 9 6 1 3,0 2 2 4 21 19 12 5,0 6 5 3 21 15 9,0 11 6 1 6,0 6 6 4 23 18 15 11,0 8 5 2 11 10,0 14 10 2 15 11,0 1 1 4 31 23 19 13,1 16 10 4 30 23 15 14,1 4 3 2 31 13,0 7 4 5 30 26 23 20 14,1 12 6 4 30 26 20 14,0 11 6 1 16,0 3 3 3 26 24 22,0 3 2 1 17,0 5 3 2 29 22,0 8 4 2 26 22,0 12 10 1 20,0 7 5 1 22,0 13 10 1 22,0 17 9 2 27 25,0 14 8 2 29 27,0 8 4 1 25,0 10 10 1 28,0 12 8 1 27,1 14 7 1 32,0 11 7 1 32,0 10 9 1 32,1 1 1 1 32,0 10 9 1 32,1 0 0 0
j300401_10.sm,7,7,1 0 0 3 2 4 6,0 8 4 2 7 3,0 8 4 4 15 10 9 5,0 14 8 3 15 12 8,0 12 7 2 16 8,0 11 6 2 15 8,1 6 6 2 11 10,0 4 3 2 13 11,0 4 2 2 13 11,0 2 1 3 19 14 13,1 7 7 4 21 19 18 14,0 11 8 1 13,1 4 3 5 27 23 21 18 17,0 1 1 3 31 27 17,0 16 10 2 19 17,1 13 7 2 31 17,0 10 8 3 30 25 20,0 6 3 3 31 30 20,0 13 10 2 27 24,0 7 6 1 22,0 1 1 1 22,0 10 5 1 24,0 5 3 1 24,0 9 8 2 28 26,0 10 9 2 28 26,0 6 3 1 29,0 3 2 1 28,0 4 3 1 32,1 16 8 1 32,0 12 9 1 32,0 8 4 1 32,1 0 0 0
j300501_1.sm,5,5,1 0 0 4 2 7 30 31,0 14 7 3 16 14 3,0 2 1 2 19 4,0 2 2 1 5,0 13 8 3 11 9 6,0 13 9 3 29 28 8,0 8 4 4 28 27 14 13,0 8 4 1 10,0 6 6 5 29 28 27 26 15,0 12 6 2 27 12,1 3 3 3 28 26 15,0 13 10 1 13,0 9 6 2 26 15,0 2 1 1 15,0 8 5 3 25 24 17,0 4 2 2 20 19,0 12 7 1 18,0 11 8 2 23 20,0 20 10 2 29 21,0 12 10 1 21,0 4 2 1 22,0 8 4 1 32,0 17 9 1 32,1 8 4 1 32,0 4 4 1 32,0 11 7 1 32,0 5 4 1 32,0 8 8 1 32,1 5 5 1 32,0 10 6 1 32,0 12 10 1 32,1 0 0 0
j300501_2.sm,5,5,1 0 0 2 2 3,0 3 2 5 8 7 6 5 4,0 3 2 5 8 7 6 5 4,0 7 7 2 10 9,0 7 4 2 10 9,0 4 2 2 10 9,1 1 1 2 10 9,0 6 5 1 9,0 14 9 2 13 11,0 5 4 2 13 11,0 6 3 1 12,0 14 8 2 15 14,0 6 4 2 15 14,0 9 9 2 17 16,0 8 6 1 16,0 4 4 1 18,0 17 9 1 18,0 10 10 1 19,0 16 9 2 21 20,0 13 10 2 23 22,0 16 9 2 23 22,0 9 6 2 25 24,1 9 5 2 26 25,0 1 1 2 27 26,0 7 5 2 30 27,0 4 4 3 30 29 28,1 17 9 2 29 28,0 7 6 1 31,0 9 6 1 31,0 14 7 1 31,0 11 6 1 32,1 0 0 0
j300501_3.sm,5,5,1 0 0 1 2,0 9 5 3 10 7 3,0 14 8 1 4,0 6 4 3 13 8 5,0 1 1 1 6,0 5 4 3 16 12 9,0 7 7 3 16 12 9,0 8 4 3 16 14 12,0 4 3 2 17 11,0 7 6 3 17 16 13,0 2 2 3 20 19 14,1 2 2 4 22 21 20 19,0 3 2 4 21 20 19 18,0 10 8 2 22 15,0 2 1 3 28 21 18,0 17 10 3 31 21 19,0 3 3 3 28 22 18,0 4 2 3 31 25 23,0 17 10 3 28 25 23,0 12 7 3 31 25 24,1 3 2 2 30 24,1 2 2 2 30 24,0 9 5 1 24,0 7 4 1 26,0 10 7 2 30 29,0 10 6 1 27,0 5 3 1 29,0 5 5 1 30,0 2 1 1 32,0 6 3 1 32,0 12 8 1 32,1 0 0 0
j300501_4.sm,5,5,1 0 0 4 2 19 30 31,0 9 5 3 28 18 3,0 6 5 1 4,0 2 1 2 17 5,0 5 3 2 16 6,1 16 10 3 26 25 7,0 11 6 1 8,0 4 2 1 9,0 3 2 2 24 10,0 10 8 1 11,0 8 6 3 23 22 12,0 14 8 1 13,0 10 10 2 21 14,1 2 1 1 15,0 8 4 1 20,0 8 4 1 25,1 10 7 1 27,0 1 1 1 29,0 14 7 1 28,0 5 5 1 32,0 4 4 1 32,0 19 10 1 32,0 3 2 1 32,0 7 7 1 32,0 2 2 1 32,0 2 1 1 32,0 4 3 1 32,0 16 9 1 32,0 16 8 1 32,0 8 4 1 32,0 16 10 1 32,1 0 0 0
j300501_5.sm,5,5,1 0 0 3 2 16 31,1 3 3 2 30 3,0 8 5 3 28 27 4,0 10 6 1 5,0 7 7 2 26 6,0 10 7 3 25 24 7,0 7 5 2 23 8,0 16 8 1 9,0 12 6 2 22 10,0 7 7 1 11,0 17 9 3 21 20 12,0 10 7 2 19 13,0 13 7 2 18 14,0 11 8 1 15,0 4 2 1 17,1 15 9 1 29,0 12 10 1 32,0 2 1 1 32,0 12 9 1 32,1 16 10 1 32,0 1 1 1 32,0 2 2 1 32,0 2 1 1 32,0 7 6 1 32,0 8 7 1 32,0 11 7 1 32,0 2 1 1 32,0 1 1 1 32,0 18 9 1 32,0 11 6 1 32,0 8 5 1 32,1 0 0 0
j300501_6.sm,5,5,1 0 0 5 2 28 29 30 31,0 8 8 2 27 3,0 8 4 3 26 25 4,0 4 3 2 24 5,0 8 7 2 23 6,0 11 8 1 7,0 9 9 2 22 8,0 13 8 1 9,0 6 6 3 21 20 10,1 3 3 1 11,0 15 8 2 19 12,0 3 2 3 18 17 13,0 2 1 1 14,0 10 8 1 15,0 16 10 1 16,0 15 9 1 32,0 5 5 1 32,0 18 10 1 32,0 4 3 1 32,0 13 10 1 32,0 10 10 1 32,1 1 1 1 32,1 8 4 1 32,0 2 1 1 32,0 1 1 1 32,0 12 8 1 32,0 9 6 1 32,0 9 5 1 32,0 8 7 1 32,0 9 9 1 32,0 1 1 1 32,1 0 0 0
j300501_7.sm,5,5,1 0 0 3 2 3 31,0 14 9 2 30 4,0 3 2 2 30 4,0 19 10 2 8 5,0 11 8 2 12 6,1 6 6 2 29 7,0 10 9 2 23 9,0 2 2 3 15 12 10,0 10 5 2 15 10,0 2 2 2 22 11,0 6 6 2 19 13,0 13 8 1 13,0 8 5 1 14,0 1 1 2 28 16,0 6 5 4 28 27 21 18,1 2 2 1 17,0 6 4 3 27 21 18,0 6 3 3 26 25 20,0 12 6 1 20,0 11 10 1 24,0 8 6 1 25,0 10 6 1 28,1 6 5 1 24,0 4 4 1 32,0 3 2 1 32,0 9 9 1 32,0 2 1 1 32,0 19 10 1 32,0 9 7 1 32,0 14 10 1 32,0 2 2 1 32,1 0 0 0
j300501_8.sm,5,5,1 0 0 2 2 8,0 8 4 1 3,0 5 3 3 6 5 4,0 4 4 4 26 12 10 9,0 13 7 3 26 10 7,0 4 2 3 26 12 7,0 16 9 2 11 9,0 5 4 3 26 14 13,0 9 9 2 17 14,0 2 2 1 11,0 8 4 1 13,0 4 2 1 13,0 6 3 2 17 16,1 9 5 1 15,0 8 8 2 31 16,0 13 10 2 22 18,1 3 2 2 31 18,0 4 2 1 19,0 10 9 2 23 20,0 6 5 2 30 21,0 9 7 3 29 28 24,0 7 4 2 28 24,0 1 1 2 28 25,0 1 1 1 25,0 2 2 1 27,0 4 3 1 31,0 1 1 1 32,0 7 5 1 32,1 5 4 1 32,0 16 8 1 32,0 9 6 1 32,1 0 0 0
j300501_9.sm,5,5,1 0 0 2 2 7,0 12 8 1 3,0 12 8 3 6 5 4,1 2 1 2 9 8,0 7 4 2 12 9,1 7 7 2 14 8,0 3 3 2 14 8,1 14 7 3 12 11 10,0 6 4 3 14 11 10,0 1 1 2 15 13,0 1 1 2 15 13,0 12 9 2 15 13,0 5 3 2 17 16,0 5 4 1 15,0 3 2 1 16,0 9 6 2 25 18,0 17 10 2 25 18,0 4 2 2 22 19,0 16 8 1 20,0 3 2 2 24 21,0 9 9 2 28 23,0 11 6 2 28 23,0 6 3 2 29 26,0 11 8 2 28 26,0 4 2 3 31 29 28,0 8 6 1 27,0 7 5 1 31,0 4 3 1 30,0 4 2 1 30,0 10 10 1 32,0 2 1 1 32,1 0 0 0
j300501_10.sm,5,5,1 0 0 3 2 16 31,0 10 9 3 30 29 3,0 3 2 2 27 4,0 12 6 2 26 5,1 4 2 1 6,1 10 8 3 25 24 7,0 2 1 2 23 8,0 14 8 1 9,0 15 9 2 22 10,0 4 4 2 21 11,0 8 8 2 20 12,0 12 8 2 19 13,1 2 1 2 18 14,0 8 7 1 15,0 4 4 1 17,0 11 9 1 28,0 6 6 1 32,0 16 8 1 32,0 2 1 1 32,0 2 1 1 32,0 15 9 1 32,0 12 9 1 32,0 4 2 1 32,0 3 3 1 32,0 5 3 1 32,0 7 7 1 32,0 3 3 1 32,0 7 6 1 32,0 13 7 1 32,0 2 1 1 32,0 11 8 1 32,1 0 0 0
j300601_1.sm,7,7,1 0 0 3 2 13 18,0 10 5 1 3,0 2 2 2 22 4,0 8 5 1 5,0 4 3 3 31 10 6,0 14 10 1 7,0 3 3 3 26 12 8,0 8 8 2 14 9,0 6 3 3 20 17 11,0 14 8 4 30 20 17 15,1 9 7 2 30 15,0 2 1 2 17 14,0 6 5 2 30 14,1 7 5 2 20 19,0 8 7 1 16,0 20 10 1 19,0 10 8 1 19,0 12 7 1 19,0 20 10 1 21,0 13 10 1 21,0 1 1 1 23,1 8 6 1 23,0 5 3 1 24,1 9 7 1 25,0 8 4 2 29 27,0 4 2 2 29 27,0 10 5 1 28,0 14 10 1 32,0 12 10 1 32,0 2 1 1 32,1 15 9 1 32,1 0 0 0
j300601_2.sm,7,7,1 0 0 7 2 26 27 28 29 30 31,0 3 3 3 25 24 3,0 7 4 2 23 4,0 5 3 1 5,0 11 9 1 6,0 8 5 2 22 7,0 10 9 1 8,0 15 8 2 21 9,0 9 7 2 20 10,1 17 9 1 11,0 13 8 1 12,0 18 10 1 13,0 12 6 1 14,0 10 5 1 15,0 8 8 1 16,0 1 1 1 17,0 10 7 1 18,1 5 3 1 19,0 13 9 1 32,0 4 2 1 32,0 7 5 1 32,1 14 10 1 32,1 6 6 1 32,0 9 8 1 32,0 8 8 1 32,1 12 7 1 32,0 10 9 1 32,0 8 5 1 32,0 10 6 1 32,0 8 8 1 32,0 16 10 1 32,1 0 0 0
j300601_3.sm,7,7,1 0 0 2 2 7,1 16 10 1 3,0 10 8 2 21 4,0 10 8 1 5,0 11 9 4 31 23 11 6,0 14 9 1 8,1 8 5 1 8,0 8 8 1 9,0 12 7 1 10,0 1 1 2 30 12,0 1 1 2 30 14,0 3 3 1 13,0 5 5 1 14,0 11 10 2 29 15,0 1 1 2 19 16,1 10 10 3 28 26 17,0 12 7 2 27 18,0 1 1 2 25 20,0 15 9 2 26 20,0 6 6 1 22,0 7 4 1 23,0 14 7 1 24,0 18 9 1 24,1 8 7 1 32,1 13 9 1 32,0 20 10 1 32,0 2 2 1 32,0 11 10 1 32,0 9 5 1 32,0 17 10 1 32,0 7 4 1 32,1 0 0 0
j300601_4.sm,7,7,1 0 0 6 2 27 28 29 30 31,0 4 3 2 26 3,0 1 1 1 4,1 4 4 1 5,0 14 9 3 25 24 6,0 5 3 3 23 22 7,1 5 3 1 8,0 10 5 1 9,0 11 10 1 10,0 15 10 2 21 11,0 4 2 1 12,1 4 4 2 20 13,0 6 6 1 14,0 15 8 1 15,0 11 7 1 16,0 3 2 1 17,0 15 10 1 18,0 15 9 1 19,0 20 10 1 32,1 1 1 1 32,0 12 8 1 32,0 2 2 1 32,0 4 3 1 32,0 14 8 1 32,0 8 4 1 32,0 19 10 1 32,0 4 3 1 32,1 6 6 1 32,0 6 5 1 32,0 10 7 1 32,0 1 1 1 32,1 0 0 0
j300601_5.sm,7,7,1 0 0 3 2 30 31,1 11 7 1 3,0 19 10 3 29 21 4,0 16 9 1 5,0 9 8 2 28 6,1 12 6 1 7,0 1 1 3 27 12 8,0 18 9 2 18 9,0 10 7 2 25 10,0 3 2 2 24 11,0 2 1 1 13,0 10 10 2 26 15,0 8 4 1 14,0 10 8 1 15,1 5 5 1 16,0 14 7 1 17,0 4 2 2 23 19,0 7 6 1 19,1 5 3 1 20,0 13 10 1 22,0 11 9 1 23,0 10 8 1 32,0 4 2 1 32,0 17 9 1 32,0 15 10 1 32,0 9 7 1 32,0 8 4 1 32,0 18 9 1 32,1 4 3 1 32,0 6 5 1 32,0 4 4 1 32,1 0 0 0
j300601_6.sm,7,7,1 0 0 2 2 5,0 9 6 1 3,0 14 9 1 4,1 8 7 1 6,0 2 2 1 6,0 16 10 3 11 8 7,0 10 6 2 21 10,0 2 1 1 9,1 11 6 1 10,1 11 6 1 12,0 1 1 1 12,0 11 6 2 15 13,0 11 9 2 19 14,0 9 6 1 16,0 11 10 1 16,0 6 4 1 17,1 10 6 1 18,0 12 10 3 24 22 20,0 4 3 2 23 22,0 14 9 3 27 25 23,0 9 8 3 27 24 23,0 3 3 4 30 27 26 25,0 6 5 3 31 30 26,0 8 5 2 30 28,0 14 8 2 31 29,0 5 3 1 28,0 2 2 1 28,0 16 10 1 29,0 16 10 1 32,0 8 5 1 32,1 4 2 1 32,1 0 0 0
j300601_7.sm,7,7,1 0 0 3 2 30 31,0 10 9 1 3,0 8 7 2 23 4,1 11 10 1 5,1 2 1 3 29 16 6,0 6 4 1 7,1 10 9 3 28 11 8,0 1 1 3 27 15 9,0 6 4 2 19 10,0 5 4 2 26 12,0 8 6 2 27 15,0 8 7 1 13,1 16 9 1 14,0 9 7 1 17,0 12 10 1 17,0 16 8 1 17,0 20 10 1 18,0 13 10 1 20,0 8 4 1 20,0 4 2 1 21,0 6 6 2 24 22,0 14 7 1 25,0 15 8 1 24,0 11 7 1 32,0 11 8 1 32,1 11 8 1 32,0 1 1 1 32,0 10 5 1 32,0 3 2 1 32,0 18 9 1 32,0 10 7 1 32,1 0 0 0
j300601_8.sm,7,7,1 0 0 3 2 30 31,1 9 8 1 3,0 15 9 2 24 4,0 8 5 1 5,0 12 6 3 29 13 6,0 1 1 1 7,1 11 9 3 28 11 8,0 3 3 2 16 9,0 7 4 3 22 17 10,0 1 1 2 27 12,0 11 6 2 22 16,0 8 4 1 14,0 13 10 1 14,0 8 4 1 15,0 5 4 1 18,1 5 3 1 18,0 3 3 1 18,0 9 6 1 19,0 18 9 1 20,0 1 1 1 21,1 19 10 2 26 23,0 17 9 1 23,1 1 1 1 25,0 13 8 1 26,0 12 6 1 32,0 2 1 1 32,0 10 9 1 32,0 12 9 1 32,0 7 7 1 32,0 3 2 1 32,0 8 4 1 32,1 0 0 0
j300601_9.sm,7,7,1 0 0 3 2 30 31,0 18 9 1 3,0 1 1 2 23 4,0 7 6 1 5,0 5 4 3 29 14 6,0 1 1 1 7,0 7 4 3 28 11 8,0 17 9 2 16 9,0 9 9 3 26 17 10,0 16 8 2 27 12,0 2 1 2 26 16,0 13 7 1 13,0 5 5 1 15,0 5 3 1 15,0 11 8 1 18,1 14 10 1 18,0 1 1 1 18,1 8 8 1 19,1 2 1 1 20,0 4 2 1 21,1 2 2 2 24 22,0 12 6 1 25,0 4 4 1 24,0 10 10 1 32,0 8 7 1 32,0 6 5 1 32,0 4 2 1 32,0 18 10 1 32,0 15 8 1 32,0 11 9 1 32,1 17 10 1 32,1 0 0 0
j300601_10.sm,7,7,1 0 0 2 2 11,0 7 4 3 16 13 3,0 9 5 1 4,0 13 9 2 15 5,0 6 3 1 6,0 10 7 2 31 7,1 2 1 1 8,0 8 8 2 24 9,0 17 10 1 10,0 7 7 1 12,0 6 3 1 12,0 12 9 2 30 14,0 12 6 4 29 24 20 18,0 1 1 2 29 17,0 15 9 1 17,0 3 3 1 17,0 10 5 2 20 18,0 5 4 1 19,0 20 10 3 28 27 21,0 8 7 3 27 26 23,1 7 7 1 22,1 10 7 2 26 23,0 7 5 1 25,1 7 5 1 25,1 14 9 1 32,0 11 7 1 32,0 6 4 1 32,0 7 5 1 32,0 12 10 1 32,0 10 5 1 32,0 6 3 1 32,1 0 0 0
j300701_1.sm,5,5,1 0 0 1 2,0 17 9 2 8 3,0 7 4 2 11 4,0 7 7 2 19 5,0 11 10 1 6,0 6 6 2 24 7,0 6 4 2 17 9,0 9 7 2 17 9,0 2 1 1 10,0 2 1 1 12,0 15 8 4 31 24 23 14,0 16 8 2 23 13,0 2 2 2 31 14,0 8 4 1 15,0 4 2 1 16,0 5 4 1 18,0 18 10 1 18,0 11 9 2 30 20,0 9 6 3 30 29 22,1 1 1 2 29 21,1 11 9 1 22,1 5 3 1 25,0 6 6 1 25,0 3 3 1 25,0 9 7 1 26,0 15 9 1 27,0 2 1 1 28,0 12 6 1 32,0 4 3 1 32,0 18 10 1 32,0 5 3 1 32,1 0 0 0
j300701_2.sm,5,5,1 0 0 1 2,0 15 10 1 3,0 10 10 1 4,1 1 1 1 5,0 8 7 1 6,0 10 9 2 11 7,1 5 4 1 8,1 10 5 3 18 12 9,0 13 9 2 14 10,0 6 3 2 22 13,0 3 2 3 26 18 15,0 8 5 2 16 14,0 8 4 3 26 20 15,0 10 5 3 26 22 20,0 10 8 1 16,0 12 8 1 17,0 9 5 1 19,0 9 6 1 20,0 2 1 1 21,0 13 10 1 21,0 4 3 2 25 23,0 13 10 2 25 23,0 12 10 1 24,0 4 2 1 27,0 14 8 1 27,0 10 8 1 27,0 10 5 1 28,0 1 1 2 31 29,0 11 8 1 30,0 3 3 1 32,0 6 4 1 32,1 0 0 0
j300701_3.sm,5,5,1 0 0 1 2,0 14 10 1 3,0 14 7 1 4,0 14 10 2 9 5,0 6 6 1 6,0 15 9 2 31 7,0 11 6 2 18 8,0 2 2 2 30 10,0 4 3 3 30 14 13,1 3 3 1 11,0 5 3 1 12,0 10 6 1 13,0 10 8 2 21 15,0 9 5 2 21 15,1 18 9 1 16,0 10 9 1 17,0 5 3 2 29 19,0 9 5 2 29 21,0 9 6 1 20,0 8 4 2 28 22,0 8 4 2 28 22,0 4 2 2 27 23,0 14 8 1 24,0 5 4 1 25,0 3 3 1 26,1 7 5 1 32,0 4 2 1 32,0 10 8 1 32,0 2 1 1 32,0 4 3 1 32,0 12 9 1 32,1 0 0 0
j300701_4.sm,5,5,1 0 0 2 2 11,0 4 4 1 3,0 6 4 3 31 16 4,0 7 5 1 5,0 7 7 1 6,0 3 2 2 30 7,0 17 9 2 22 8,0 1 1 1 9,1 9 7 1 10,0 9 8 3 29 28 12,1 11 9 3 29 28 14,0 12 7 1 13,0 2 2 1 14,0 6 4 1 15,0 2 1 2 27 17,0 4 2 3 30 26 18,0 4 3 2 26 18,0 5 3 1 19,0 5 4 1 20,0 5 5 1 21,0 8 5 1 23,0 6 4 1 23,0 6 6 1 24,0 3 2 1 25,0 5 3 1 32,0 5 4 1 32,0 13 8 1 32,0 18 10 1 32,1 3 2 1 32,0 5 5 1 32,0 10 5 1 32,1 0 0 0
j300701_5.sm,5,5,1 0 0 2 2 19,0 2 2 1 3,0 11 7 3 31 17 4,0 3 2 1 5,0 5 3 1 6,0 13 8 2 29 7,0 3 3 2 30 8,0 3 2 1 9,1 19 10 1 10,0 7 4 3 28 27 11,0 17 10 1 12,0 3 2 1 13,0 2 1 2 26 14,0 17 9 2 25 15,0 4 2 1 16,0 9 7 1 18,0 3 2 3 29 25 22,0 18 10 1 20,0 11 6 1 20,0 2 1 1 21,0 11 9 1 22,0 11 8 1 23,1 11 6 1 24,1 11 10 1 32,0 19 10 1 32,0 12 7 1 32,0 17 9 1 32,0 10 5 1 32,0 6 6 1 32,0 3 2 1 32,0 1 1 1 32,1 0 0 0
j300701_6.sm,5,5,1 0 0 1 2,0 2 1 2 31 3,0 13 9 1 4,0 2 1 2 30 5,0 3 2 2 29 6,0 2 1 1 7,0 2 2 2 28 8,0 2 2 3 27 26 9,0 8 6 1 10,1 7 4 2 25 11,0 6 3 2 24 12,0 4 3 1 13,0 11 10 1 14,0 2 2 1 15,1 10 7 1 16,1 9 5 1 17,0 9 6 2 23 18,0 10 9 1 19,0 5 4 1 20,0 5 5 1 21,0 11 6 1 22,0 20 10 1 32,0 1 1 1 32,0 3 3 1 32,0 8 5 1 32,0 6 4 1 32,0 2 1 1 32,0 16 9 1 32,0 3 3 1 32,0 5 3 1 32,0 1 1 1 32,1 0 0 0
j300701_7.sm,5,5,1 0 0 6 2 27 28 29 30 31,1 11 10 1 3,0 10 8 2 26 4,0 3 2 1 5,0 2 2 1 6,0 12 6 1 7,0 2 2 3 25 24 8,0 11 7 1 9,0 15 8 1 10,0 14 7 2 23 11,0 5 3 1 12,0 6 6 1 13,1 5 3 1 14,1 13 7 1 15,0 16 10 1 16,0 10 7 1 17,0 7 6 1 18,0 15 9 1 19,0 3 2 1 20,0 17 9 1 21,0 4 4 1 22,0 2 1 1 32,0 4 3 1 32,0 3 3 1 32,0 9 7 1 32,0 1 1 1 32,0 4 2 1 32,0 9 6 1 32,0 1 1 1 32,0 14 7 1 32,0 6 3 1 32,1 0 0 0
j300701_8.sm,5,5,1 0 0 1 2,0 4 4 2 5 3,0 8 8 1 4,0 6 5 1 6,0 1 1 1 6,0 8 7 1 7,0 12 10 3 11 10 8,0 5 5 1 9,0 10 7 2 13 12,0 12 6 2 14 13,0 9 9 2 14 13,0 16 10 2 17 14,1 7 6 2 17 15,1 11 6 1 15,0 15 8 1 16,0 7 5 2 20 18,0 7 5 2 20 19,0 10 10 1 19,0 6 3 1 21,0 6 3 1 21,0 12 8 2 24 22,0 3 3 1 23,0 3 2 2 27 25,0 5 3 2 27 25,0 2 2 1 26,0 8 7 1 28,0 13 7 1 29,0 18 9 1 30,0 2 1 1 30,0 6 5 1 31,1 6 3 1 32,1 0 0 0
j300701_9.sm,5,5,1 0 0 1 2,0 6 3 2 7 3,0 15 9 1 4,0 11 7 3 13 10 5,0 1 1 1 6,0 18 9 2 20 8,0 13 9 2 20 8,0 4 4 1 9,0 4 2 2 16 11,1 5 3 3 21 20 14,0 14 8 1 12,0 12 9 2 21 14,0 10 6 2 21 17,0 5 5 1 15,0 7 4 1 17,0 1 1 1 17,0 7 6 2 28 18,0 4 4 1 19,0 14 7 2 31 22,0 6 3 2 31 22,1 10 6 2 31 23,0 6 3 1 23,0 11 6 2 27 24,0 14 8 1 25,0 13 9 1 26,0 2 2 1 29,0 9 8 1 29,0 5 4 1 29,0 4 3 1 30,0 7 5 1 32,1 6 5 1 32,1 0 0 0
j300701_10.sm,5,5,1 0 0 1 2,0 10 5 2 15 3,0 2 1 2 20 4,0 6 6 2 31 5,0 13 8 1 6,0 11 6 3 30 29 7,0 8 5 1 8,0 7 4 1 9,0 3 2 1 10,0 1 1 2 28 11,0 4 3 1 12,0 7 7 1 13,0 6 4 1 14,0 1 1 2 27 16,0 5 4 2 20 18,0 11 9 1 17,0 10 5 1 18,0 4 2 2 25 19,0 1 1 2 26 21,1 12 10 2 25 22,1 8 5 1 22,0 9 7 1 23,0 10 5 1 24,0 10 5 1 32,0 5 3 1 32,0 11 6 1 32,1 3 2 1 32,0 10 9 1 32,0 5 3 1 32,0 14 7 1 32,0 6 3 1 32,1 0 0 0
j300801_1.sm,7,7,1 0 0 3 2 9 29,0 18 9 1 3,0 5 5 1 4,1 18 10 2 13 5,0 8 6 1 6,0 9 8 1 7,0 2 2 2 23 8,0 2 1 1 10,1 9 7 1 10,0 13 10 1 11,0 6 3 2 25 12,0 9 5 1 14,0 18 9 1 14,0 10 10 1 15,1 4 3 1 16,0 9 6 1 17,0 2 1 1 18,1 13 7 1 19,0 8 4 1 20,0 6 3 1 21,0 5 3 2 31 22,0 4 2 1 24,0 5 3 1 24,0 9 6 1 26,0 16 8 1 26,0 2 1 1 27,0 11 8 1 28,0 11 6 1 30,0 6 3 1 30,1 20 10 1 32,0 6 5 1 32,1 0 0 0
j300801_2.sm,7,7,1 0 0 2 2 31,1 2 1 2 30 3,0 11 9 2 29 4,0 10 9 1 5,0 10 5 1 6,0 13 7 1 7,0 2 1 1 8,0 8 7 2 28 9,0 12 6 2 27 10,1 6 3 1 11,0 7 5 1 12,0 16 9 1 13,0 11 9 2 26 14,0 7 6 1 15,0 5 5 1 16,0 13 9 1 17,0 10 5 1 18,0 4 2 1 19,0 13 8 1 20,0 8 6 1 21,0 8 4 1 22,0 7 4 1 23,0 1 1 1 24,0 11 10 1 25,1 9 8 1 32,0 6 4 1 32,1 15 9 1 32,0 9 8 1 32,0 8 5 1 32,1 3 2 1 32,0 9 5 1 32,1 0 0 0
j300801_3.sm,7,7,1 0 0 4 2 9 18 31,0 7 4 1 3,0 13 8 1 4,0 14 10 1 5,0 10 9 1 6,0 3 2 1 7,0 4 3 1 8,1 5 3 2 30 10,0 1 1 1 10,0 2 1 1 11,0 18 9 1 12,1 18 9 1 13,0 2 1 1 14,0 2 1 1 15,1 17 9 3 29 28 16,0 8 4 1 17,0 2 1 1 19,0 6 4 1 19,0 1 1 1 20,0 8 4 1 21,0 4 3 1 22,1 1 1 1 23,1 7 4 1 24,0 1 1 1 25,0 8 4 1 26,0 7 4 1 27,0 19 10 1 32,0 7 4 1 32,0 1 1 1 32,0 2 1 1 32,0 12 7 1 32,1 0 0 0
j300801_4.sm,7,7,1 0 0 4 2 29 30 31,0 3 2 1 3,1 1 1 1 4,1 6 6 1 5,0 12 6 2 28 6,0 8 5 1 7,0 14 7 2 27 8,0 3 2 2 26 9,0 5 5 1 10,0 9 9 1 11,0 10 7 1 12,0 4 4 1 13,0 5 4 1 14,0 7 5 1 15,0 7 7 1 16,0 14 8 1 17,0 4 3 1 18,0 16 8 1 19,0 8 6 1 20,0 3 3 1 21,0 8 8 1 22,0 6 4 1 23,1 5 5 1 24,1 2 2 1 25,1 11 9 1 32,0 11 8 1 32,0 8 6 1 32,0 2 1 1 32,0 14 7 1 32,0 20 10 1 32,0 20 10 1 32,1 0 0 0
j300801_5.sm,7,7,1 0 0 2 2 31,0 14 7 1 3,0 7 5 1 4,0 1 1 1 5,1 5 5 1 6,0 13 9 1 7,0 1 1 1 8,1 1 1 1 9,0 10 7 1 10,1 14 8 2 30 11,0 1 1 2 29 12,0 2 2 1 13,0 1 1 1 14,0 4 3 1 15,0 3 2 2 28 16,0 20 10 1 17,1 10 8 3 27 26 18,0 2 2 1 19,0 9 6 1 20,0 13 7 1 21,0 1 1 1 22,0 19 10 1 23,0 4 2 1 24,0 3 2 1 25,0 15 10 1 32,1 7 7 1 32,0 9 5 1 32,0 10 7 1 32,0 10 7 1 32,0 7 7 1 32,0 2 1 1 32,1 0 0 0
j300801_6.sm,7,7,1 0 0 2 2 9,0 10 6 2 14 3,0 7 7 1 4,0 9 6 1 5,0 8 4 1 6,0 17 9 2 13 7,0 17 9 1 8,0 12 7 2 16 10,0 11 8 2 14 12,0 14 9 1 11,0 3 3 1 12,0 8 8 1 15,1 3 2 1 16,0 1 1 1 15,1 14 10 1 17,0 2 1 1 17,0 4 2 1 18,0 2 1 1 19,1 3 2 2 28 20,0 6 5 2 30 21,0 7 6 1 22,0 12 6 1 23,0 6 4 1 24,1 18 9 1 25,0 5 4 1 26,0 8 5 1 27,0 8 4 1 29,0 6 5 1 29,0 10 8 1 31,1 7 4 1 31,0 14 7 1 32,1 0 0 0
j300801_7.sm,7,7,1 0 0 3 2 12 31,0 2 1 1 3,0 7 5 2 16 4,0 7 4 1 5,0 13 8 1 6,0 5 4 1 7,0 13 9 2 30 8,0 5 5 1 9,0 14 9 2 29 10,1 13 7 1 11,0 12 10 1 13,1 10 8 1 13,0 3 2 1 14,0 13 10 1 15,0 9 5 1 17,0 11 9 1 17,0 5 3 1 18,0 17 9 1 19,0 9 5 1 20,0 11 7 1 21,0 8 8 2 28 22,1 3 2 1 23,0 15 9 1 24,0 2 1 1 25,0 13 10 1 26,0 2 1 1 27,0 1 1 1 32,1 11 8 1 32,1 4 2 1 32,0 18 9 1 32,0 4 3 1 32,1 0 0 0
j300801_8.sm,7,7,1 0 0 2 2 19,0 2 2 1 3,0 7 6 2 31 4,0 8 5 1 5,1 14 10 1 6,0 17 9 1 7,0 18 9 1 8,0 13 9 1 9,0 6 6 1 10,0 8 4 1 11,0 15 9 1 12,0 15 9 2 30 13,0 2 1 1 14,0 13 7 1 15,1 4 3 1 16,1 12 8 1 17,0 6 3 3 29 24 18,1 11 6 2 28 20,0 14 7 2 31 20,0 7 6 1 21,1 6 3 1 22,0 13 9 1 23,0 16 8 1 25,0 4 3 1 25,0 18 10 1 26,0 12 6 1 27,0 5 5 1 32,0 5 3 1 32,0 14 8 1 32,0 2 1 1 32,0 19 10 1 32,1 0 0 0
j300801_9.sm,7,7,1 0 0 4 2 29 30 31,1 11 9 1 3,0 7 4 1 4,1 9 9 2 28 5,0 1 1 3 27 26 6,0 4 3 1 7,0 10 9 1 8,0 18 9 1 9,0 16 8 1 10,0 2 2 1 11,0 2 2 1 12,0 2 1 1 13,1 8 6 1 14,0 18 10 1 15,0 2 2 1 16,0 4 2 1 17,0 4 3 1 18,0 14 10 1 19,0 14 10 1 20,0 6 5 1 21,0 13 9 1 22,0 1 1 1 23,0 6 4 1 24,1 10 5 1 25,0 6 4 1 32,0 4 2 1 32,1 3 2 1 32,0 14 10 1 32,0 1 1 1 32,0 8 6 1 32,0 2 2 1 32,1 0 0 0
j300801_10.sm,7,7,1 0 0 5 2 28 29 30 31,0 7 5 1 3,0 2 1 2 27 4,1 11 8 1 5,0 2 2 1 6,0 1 1 1 7,0 5 4 1 8,0 17 9 1 9,0 2 2 2 26 10,0 7 7 1 11,1 18 9 1 12,0 5 4 1 13,0 18 10 1 14,0 9 9 1 15,0 10 6 1 16,0 18 9 1 17,0 4 4 1 18,1 19 10 1 19,0 3 3 1 20,0 8 6 1 21,0 6 5 1 22,1 2 2 1 23,0 1 1 1 24,1 1 1 1 25,0 9 6 1 32,0 11 10 1 32,0 14 9 1 32,0 7 5 1 32,0 7 4 1 32,0 10 10 1 32,0 6 6 1 32,1 0 0 0
j300901_1.sm,5,5,1 0 0 2 2 5,0 11 7 1 3,0 5 5 1 4,1 5 5 1 6,1 9 5 1 6,0 2 2 1 7,0 10 9 1 8,0 2 1 1 9,0 13 8 1 10,0 16 9 1 11,0 3 2 1 12,1 2 1 2 16 13,0 3 3 1 14,0 4 3 1 15,0 2 2 1 17,0 10 10 1 17,0 8 4 1 18,0 15 10 1 19,0 2 2 1 20,0 14 7 1 21,0 8 8 2 30 22,0 4 2 1 23,0 16 9 1 24,0 16 8 1 25,0 10 5 1 26,0 2 2 1 27,0 2 2 1 28,0 13 7 1 29,0 8 8 1 31,0 12 6 1 31,0 4 3 1 32,1 0 0 0
j300901_2.sm,5,5,1 0 0 2 2 8,0 4 2 1 3,0 4 4 1 4,1 3 2 1 5,1 3 2 1 6,0 2 1 1 7,0 3 3 1 9,0 2 2 1 9,0 3 3 1 10,0 2 1 1 11,0 11 6 2 23 12,0 15 9 1 13,0 8 5 1 14,1 16 8 1 15,0 5 5 1 16,0 3 3 1 17,0 17 10 1 18,0 5 3 2 31 19,0 12 8 1 20,0 7 5 1 21,0 12 10 1 22,0 1 1 1 24,0 9 7 1 24,0 15 9 1 25,0 18 9 1 26,0 8 5 1 27,0 16 8 1 28,0 4 2 1 29,0 13 7 1 30,0 7 5 1 32,0 16 8 1 32,1 0 0 0
j300901_3.sm,5,5,1 0 0 2 2 7,0 16 8 1 3,0 6 5 1 4,0 7 4 1 5,0 15 9 1 6,0 12 6 1 8,1 13 8 1 8,0 10 5 1 9,1 7 7 1 10,0 18 9 1 11,0 6 4 2 31 12,0 2 1 1 13,0 5 5 1 14,0 7 5 1 15,0 1 1 2 25 16,0 5 3 1 17,0 19 10 1 18,0 16 10 1 19,0 18 10 1 20,0 1 1 1 21,0 3 3 1 22,1 19 10 1 23,0 5 3 1 24,0 2 1 1 26,0 8 5 1 26,0 13 9 1 27,0 9 5 1 28,0 15 8 1 29,0 12 10 1 30,0 4 3 1 32,0 5 3 1 32,1 0 0 0
j300901_4.sm,5,5,1 0 0 1 2,0 3 2 1 3,0 16 8 1 4,0 15 8 2 28 5,0 3 2 1 6,0 10 10 1 7,0 2 1 1 8,0 4 2 1 9,0 1 1 1 10,0 8 7 1 11,0 13 9 1 12,0 13 7 1 13,0 11 6 1 14,0 4 2 2 31 15,0 7 6 1 16,0 9 5 1 17,0 10 8 1 18,0 19 10 1 19,0 20 10 1 20,1 7 6 1 21,1 10 5 1 22,0 10 6 1 23,0 3 2 2 30 24,0 5 4 1 25,0 6 4 1 26,0 5 5 1 27,0 2 2 1 29,0 7 6 1 30,0 6 3 1 32,0 13 8 1 32,1 10 6 1 32,1 0 0 0
j300901_5.sm,5,5,1 0 0 1 2,0 3 3 1 3,0 10 10 1 4,0 3 3 1 5,0 4 2 1 6,0 10 8 1 7,0 15 10 1 8,0 6 6 2 20 9,1 13 9 1 10,1 16 10 1 11,0 14 8 1 12,0 7 6 1 13,0 9 5 1 14,0 4 2 2 31 15,0 13 8 1 16,0 6 4 1 17,0 9 8 2 30 18,0 10 10 1 19,0 5 3 1 21,0 13 7 1 21,0 8 5 1 22,0 11 6 1 23,0 11 8 1 24,0 10 10 1 25,1 4 2 1 26,0 5 4 1 27,0 6 4 1 28,0 12 6 1 29,0 8 5 1 32,0 6 6 1 32,0 11 6 1 32,1 0 0 0
j300901_6.sm,5,5,1 0 0 1 2,0 15 10 1 3,0 4 2 3 31 30 4,1 4 4 1 5,0 10 7 1 6,0 4 3 1 7,1 14 9 1 8,0 7 5 1 9,0 8 7 1 10,0 11 8 1 11,0 18 9 1 12,0 7 4 1 13,0 9 9 2 29 14,0 18 10 1 15,0 13 9 1 16,0 12 8 1 17,0 4 2 1 18,1 13 8 1 19,0 5 3 1 20,0 6 6 1 21,0 15 10 1 22,0 4 3 1 23,0 9 6 1 24,0 7 4 1 25,0 8 4 1 26,0 6 4 1 27,0 8 5 1 28,0 15 8 1 32,0 5 3 1 32,0 3 2 1 32,0 4 3 1 32,1 0 0 0
j300901_7.sm,5,5,1 0 0 2 2 6,1 13 7 1 3,0 2 2 1 4,0 9 5 1 5,0 2 2 1 7,0 5 3 1 7,1 10 6 1 8,0 14 7 1 9,0 4 3 1 10,0 14 10 1 11,0 11 8 2 14 12,0 10 7 1 13,0 14 10 1 15,0 5 3 1 15,0 4 3 1 16,0 8 8 1 17,0 4 3 2 21 18,0 4 2 1 19,0 7 5 1 20,0 1 1 1 22,0 13 9 1 22,0 14 8 1 23,0 15 8 1 24,0 2 2 1 25,0 9 8 1 26,0 9 8 1 27,1 14 7 1 28,0 10 5 1 29,0 7 4 1 30,0 15 8 1 31,0 4 2 1 32,1 0 0 0
j300901_8.sm,5,5,1 0 0 2 2 7,0 1 1 1 3,0 8 4 1 4,0 2 2 1 5,1 7 4 1 6,0 12 9 1 8,0 17 9 1 8,0 10 10 1 9,0 9 8 1 10,0 7 6 1 11,0 12 6 2 31 12,0 10 9 1 13,0 6 5 1 14,0 8 5 1 15,1 4 2 1 16,0 2 2 2 23 17,0 16 9 1 18,0 6 5 1 19,0 12 8 1 20,0 6 3 1 21,0 16 9 1 22,0 4 2 1 24,0 1 1 1 24,0 2 1 1 25,0 11 10 1 26,0 5 3 1 27,0 8 7 1 28,0 2 1 1 29,0 11 6 1 30,1 3 3 1 32,0 6 4 1 32,1 0 0 0
j300901_9.sm,5,5,1 0 0 2 2 31,0 2 1 1 3,0 9 5 1 4,0 1 1 1 5,0 13 7 2 30 6,0 6 4 1 7,0 3 2 1 8,0 8 5 1 9,1 3 3 1 10,0 1 1 1 11,0 1 1 1 12,0 18 9 1 13,1 2 1 1 14,0 10 5 1 15,0 8 5 1 16,0 8 7 2 29 17,0 11 6 1 18,0 3 3 1 19,0 10 6 1 20,0 6 5 1 21,0 18 9 1 22,1 3 2 1 23,0 4 2 1 24,0 4 2 1 25,0 10 10 1 26,0 3 3 1 27,0 8 7 1 28,0 2 2 1 32,0 3 3 1 32,0 4 3 1 32,0 8 8 1 32,1 0 0 0
j300901_10.sm,5,5,1 0 0 1 2,0 2 2 1 3,0 3 2 1 4,0 4 2 3 31 30 5,0 3 3 1 6,0 8 6 1 7,0 8 4 1 8,0 4 2 1 9,0 14 10 1 10,0 12 6 1 11,1 6 6 1 12,0 10 8 1 13,1 2 2 2 29 14,0 4 4 1 15,0 6 3 1 16,0 2 2 1 17,0 6 5 1 18,1 14 10 1 19,0 4 2 1 20,0 8 7 1 21,0 8 7 1 22,0 7 7 1 23,0 15 9 1 24,0 4 2 1 25,0 3 3 1 26,0 3 3 1 27,0 3 2 1 28,0 5 5 1 32,0 8 6 1 32,0 6 4 1 32,0 9 5 1 32,1 0 0 0
j301001_1.sm,7,7,1 0 0 1 2,0 17 9 1 3,0 2 1 1 4,1 11 7 1 5,0 16 8 1 6,0 12 8 1 7,0 3 2 1 8,0 2 2 1 9,0 8 6 1 10,0 2 2 1 11,1 11 10 1 12,0 10 7 1 13,0 4 4 1 14,1 6 3 1 15,0 10 10 1 16,0 8 4 1 17,0 9 5 1 18,0 3 3 1 19,1 1 1 1 20,0 2 1 1 21,1 20 10 1 22,0 16 8 1 23,0 9 7 1 24,0 14 8 1 25,0 13 10 1 26,0 14 10 1 27,0 3 3 1 28,0 18 10 1 29,0 10 9 1 30,0 7 7 1 31,0 3 3 1 32,1 0 0 0
j301001_2.sm,7,7,1 9 6 1 2,0 8 5 1 3,0 15 10 1 4,0 8 4 1 5,0 7 6 1 6,1 6 4 1 7,1 2 1 1 8,0 3 3 1 9,0 3 2 1 10,0 4 3 1 11,0 10 5 1 12,0 14 7 1 13,0 3 2 1 14,0 9 6 1 15,0 1 1 1 16,0 9 8 1 17,0 6 3 1 18,1 19 10 1 19,0 10 5 1 20,1 15 8 1 21,0 8 6 1 22,0 4 3 1 23,0 8 4 1 24,0 3 3 1 25,0 4 4 1 26,1 14 7 1 27,0 9 8 1 28,0 8 6 1 29,0 11 9 1 30,0 9 6 1 31,0 4 2 1 32,1 6 4 0
j301001_3.sm,7,7,1 14 8 1 2,0 8 4 1 3,0 11 7 1 4,0 13 9 1 5,0 1 1 1 6,0 8 5 1 7,0 19 10 1 8,0 19 10 1 9,0 4 2 1 10,1 9 9 1 11,1 2 1 1 12,0 5 5 1 13,0 8 4 1 14,0 2 2 1 15,0 7 5 1 16,0 2 1 1 17,1 12 7 1 18,1 1 1 1 19,0 2 1 1 20,0 7 7 1 21,0 1 1 1 22,0 1 1 1 23,0 2 1 1 24,0 3 3 1 25,1 1 1 1 26,0 9 8 1 27,0 15 10 1 28,0 15 10 1 29,0 10 6 1 30,0 7 6 1 31,0 10 5 1 32,1 7 7 0
j301001_4.sm,7,7,1 2 2 1 2,0 3 2 1 3,0 10 10 1 4,0 12 8 1 5,1 16 10 1 6,0 4 3 1 7,1 14 7 1 8,0 13 9 1 9,0 16 10 1 10,1 8 5 1 11,0 6 6 1 12,0 13 7 1 13,0 4 2 1 14,0 9 9 1 15,0 11 10 1 16,0 4 2 1 17,1 3 3 1 18,0 14 7 1 19,0 17 10 1 20,0 12 8 1 21,0 10 5 1 22,0 9 5 1 23,0 6 4 1 24,0 11 7 1 25,0 5 4 1 26,0 4 4 1 27,0 8 8 1 28,0 4 4 1 29,0 8 5 1 30,1 2 1 1 31,0 8 4 1 32,1 7 7 0
j301001_5.sm,7,7,1 9 5 1 2,0 8 5 1 3,0 7 4 1 4,1 3 3 1 5,0 3 3 1 6,0 7 7 1 7,0 2 2 1 8,0 8 5 1 9,1 8 4 1 10,0 5 3 1 11,0 10 7 1 12,0 10 6 1 13,1 8 6 1 14,0 7 4 1 15,1 2 1 1 16,0 5 3 1 17,0 9 8 1 18,0 10 9 1 19,0 14 8 1 20,0 16 9 1 21,0 12 6 1 22,0 7 7 1 23,0 5 3 1 24,0 11 7 1 25,0 11 8 1 26,1 3 3 1 27,0 6 5 1 28,0 10 6 1 29,0 8 5 1 30,0 5 4 1 31,0 6 5 1 32,1 11 10 0
j301001_6.sm,7,7,1 2 1 1 2,0 14 9 1 3,1 4 3 1 4,0 10 8 1 5,0 12 6 1 6,0 9 8 1 7,0 10 9 1 8,0 12 6 1 9,0 8 6 1 10,0 10 5 1 11,0 6 5 1 12,0 4 3 1 13,0 14 9 1 14,0 10 8 1 15,0 2 2 1 16,0 12 10 1 17,0 5 3 1 18,0 9 6 1 19,0 12 7 1 20,0 8 6 1 21,1 6 3 1 22,0 6 6 1 23,0 2 2 1 24,1 9 8 1 25,0 5 3 1 26,0 9 8 1 27,1 6 5 1 28,0 2 1 1 29,1 5 3 1 30,0 7 7 1 31,0 16 10 1 32,1 2 1 0
j301001_7.sm,7,7,1 9 8 1 2,0 9 7 1 3,0 6 5 1 4,0 9 7 1 5,0 2 1 1 6,1 7 4 1 7,0 11 7 1 8,1 10 10 1 9,1 1 1 1 10,0 3 3 1 11,0 5 4 1 12,1 3 2 1 13,0 4 2 1 14,0 20 10 1 15,0 16 8 1 16,1 18 10 1 17,0 2 2 1 18,0 6 5 1 19,0 4 4 1 20,0 15 10 1 21,0 10 8 1 22,0 20 10 1 23,0 12 8 1 24,0 8 6 1 25,0 12 8 1 26,0 5 5 1 27,0 8 6 1 28,0 17 9 1 29,0 8 4 1 30,0 16 9 1 31,0 6 3 1 32,1 13 10 0
j301001_8.sm,7,7,1 6 5 1 2,1 7 5 1 3,1 6 6 1 4,0 2 2 1 5,0 6 4 1 6,1 7 5 1 7,0 10 9 1 8,0 20 10 1 9,0 16 9 1 10,1 13 7 1 11,0 11 6 1 12,0 2 1 1 13,0 3 2 1 14,0 19 10 1 15,0 8 6 1 16,0 6 3 1 17,0 16 10 1 18,0 9 5 1 19,0 12 9 1 20,1 14 8 1 21,0 6 3 1 22,0 1 1 1 23,0 5 3 1 24,0 12 8 1 25,0 16 10 1 26,0 16 9 1 27,0 20 10 1 28,0 10 7 1 29,0 9 8 1 30,0 10 9 1 31,0 12 7 1 32,1 4 2 0
j301001_9.sm,7,7,1 19 10 1 2,0 8 5 1 3,0 7 7 1 4,1 9 8 1 5,1 10 5 1 6,0 6 6 1 7,0 12 7 1 8,0 8 8 1 9,1 11 7 1 10,0 8 4 1 11,0 1 1 1 12,0 1 1 1 13,1 6 5 1 14,0 13 7 1 15,0 8 5 1 16,1 12 8 1 17,0 18 9 1 18,0 6 3 1 19,0 14 9 1 20,0 14 9 1 21,0 16 10 1 22,0 8 6 1 23,0 13 7 1 24,0 9 5 1 25,0 3 2 1 26,0 9 8 1 27,0 4 3 1 28,0 6 5 1 29,0 10 6 1 30,0 6 3 1 31,0 2 2 1 32,1 2 1 0
j301001_10.sm,7,7,1 2 1 1 2,0 4 4 1 3,0 2 2 1 4,0 14 7 1 5,0 6 4 1 6,0 9 9 1 7,0 9 8 1 8,1 5 4 1 9,0 14 9 1 10,1 2 2 1 11,0 2 1 1 12,0 20 10 1 13,0 1 1 1 14,0 5 3 1 15,1 5 4 1 16,0 6 4 1 17,0 6 5 1 18,0 3 2 1 19,0 13 8 1 20,1 11 6 1 21,0 17 10 1 22,0 10 8 1 23,0 2 2 1 24,0 8 5 1 25,0 14 9 1 26,0 3 3 1 27,0 13 7 1 28,1 12 8 1 29,0 7 4 1 30,0 6 3 1 31,0 3 2 1 32,1 9 5 0
j400101_1.sm,6,6,1 0 0 12 2 3 4 5 6 7 8 9 11 12 15 16,0 1 1 7 35 25 24 19 18 14 10,0 12 6 6 38 35 19 17 13 10,0 8 4 7 40 38 36 35 23 18 17,0 6 5 6 39 36 35 21 19 10,0 5 4 9 39 38 36 33 29 25 24 20 17,0 3 2 7 35 30 29 25 23 20 19,0 18 9 5 37 32 27 20 18,0 8 5 6 41 40 30 26 23 22,0 5 4 6 34 33 31 30 28 22,0 16 8 6 36 31 30 29 28 24,0 12 6 5 37 30 29 23 20,0 16 9 6 37 32 31 30 29 28,0 4 4 5 34 33 30 29 26,0 11 8 3 34 29 17,0 1 1 4 31 30 29 28,0 14 9 3 32 31 28,0 6 4 3 33 30 29,1 1 1 2 34 33,0 8 4 2 31 28,1 16 9 2 30 29,0 10 6 1 29,1 5 4 1 28,0 6 4 1 32,0 12 6 1 28,1 12 6 1 32,0 7 5 1 28,0 6 3 1 42,0 12 7 1 42,0 2 1 1 42,0 15 8 1 42,0 10 7 1 42,0 7 4 1 42,0 12 6 1 42,0 17 9 1 42,0 6 5 1 42,0 7 6 1 42,0 10 10 1 42,0 4 2 1 42,0 20 10 1 42,0 9 5 1 42,1 0 0 0
j400101_2.sm,6,6,1 0 0 13 2 3 4 5 7 8 10 11 12 14 22 23 41,0 7 5 8 38 35 30 21 17 15 13 6,1 2 1 6 40 38 35 30 13 6,0 9 9 8 37 32 28 27 26 20 16 9,0 13 9 9 37 36 32 28 27 26 25 20 17,0 3 3 8 31 29 28 26 25 24 19 18,0 4 2 7 39 35 31 30 27 26 25,0 13 10 6 32 30 28 27 26 24,1 17 10 4 33 29 17 15,0 11 9 5 30 29 28 26 25,0 1 1 4 39 33 25 24,0 2 1 3 33 24 18,0 5 5 3 29 26 25,0 3 3 3 36 32 26,0 1 1 2 25 24,1 11 7 2 25 24,0 6 3 1 24,0 6 4 1 27,0 9 6 1 34,0 6 5 1 24,0 10 6 1 31,0 16 9 1 30,0 1 1 1 24,0 8 4 1 42,0 15 8 1 42,0 9 6 1 42,0 9 9 1 42,0 10 7 1 42,0 13 9 1 42,0 7 6 1 42,0 6 4 1 42,0 11 9 1 42,0 9 9 1 42,0 9 5 1 42,0 3 2 1 42,0 6 3 1 42,0 14 9 1 42,1 14 10 1 42,0 1 1 1 42,0 13 9 1 42,0 10 8 1 42,1 0 0 0
j400101_3.sm,6,6,1 0 0 27 2 3 4 5 6 7 8 11 12 13 14 15 16 28 29 30 31 32 33 34 35 36 37 38 39 40 41,0 15 9 3 25 18 9,0 11 6 3 22 21 20,0 15 9 2 24 10,0 11 6 2 23 17,0 12 10 2 19 18,0 3 2 2 26 21,0 11 8 2 27 18,0 19 10 1 10,0 17 9 1 17,0 9 7 1 18,0 11 9 1 20,0 2 2 1 17,0 15 8 1 19,0 1 1 1 18,0 3 3 1 22,1 6 3 1 42,0 13 8 1 42,0 2 1 1 42,0 5 3 1 42,1 7 4 1 42,0 8 4 1 42,1 4 3 1 42,0 7 5 1 42,0 15 8 1 42,0 14 8 1 42,0 9 9 1 42,0 13 9 1 42,0 13 10 1 42,0 3 3 1 42,0 16 8 1 42,0 18 9 1 42,1 8 7 1 42,0 19 10 1 42,0 6 4 1 42,0 11 10 1 42,0 3 2 1 42,0 15 10 1 42,0 3 2 1 42,0 8 6 1 42,0 15 10 1 42,1 0 0 0
j400101_4.sm,6,6,1 0 0 13 2 3 4 5 6 7 8 9 10 12 21 28 41,0 8 7 10 36 35 34 26 25 22 18 17 14 13,0 15 9 11 40 39 37 36 35 27 24 23 22 19 15,1 11 6 10 40 39 38 35 34 25 24 22 18 13,0 5 4 8 38 37 36 22 20 18 16 13,0 10 10 5 40 39 37 20 11,1 9 6 9 37 36 35 34 31 25 22 16 15,0 9 5 5 33 24 22 13 11,0 14 7 8 39 38 36 35 29 26 18 16,0 10 5 7 36 35 31 30 23 22 19,0 13 8 5 38 34 31 23 15,0 6 4 5 36 34 32 22 18,0 6 5 2 31 15,0 13 9 3 37 31 23,0 9 5 3 32 30 29,1 2 2 3 33 32 30,0 3 3 1 19,0 3 3 2 31 30,1 1 1 2 33 29,0 14 8 2 35 32,0 6 3 2 34 29,0 11 8 1 29,0 7 7 1 29,0 6 5 1 29,0 3 2 1 29,0 7 7 1 30,0 1 1 1 31,0 11 7 1 34,0 5 5 1 42,0 3 2 1 42,0 4 4 1 42,0 14 8 1 42,0 11 7 1 42,0 11 8 1 42,0 4 2 1 42,0 14 8 1 42,0 3 3 1 42,0 2 2 1 42,0 8 7 1 42,0 2 2 1 42,0 10 6 1 42,1 0 0 0
j400101_5.sm,6,6,1 0 0 24 2 3 4 5 11 12 13 14 26 27 28 29 30 31 32 33 34 35 36 37 38 39 40 41,0 12 6 5 22 19 18 8 6,0 8 4 2 24 10,0 11 9 2 19 9,0 2 1 2 25 23,0 14 10 1 7,0 4 4 1 17,0 5 4 1 15,1 4 2 1 15,1 2 1 1 16,1 2 2 1 21,0 8 8 1 18,0 9 8 1 20,0 4 3 1 16,0 10 7 1 42,0 12 10 1 42,0 7 4 1 42,0 8 4 1 42,0 18 10 1 42,0 10 7 1 42,0 2 1 1 42,0 2 1 1 42,0 4 2 1 42,0 10 5 1 42,0 14 9 1 42,0 7 7 1 42,0 7 7 1 42,0 14 7 1 42,0 10 10 1 42,0 4 2 1 42,0 7 7 1 42,0 4 2 1 42,0 8 6 1 42,0 15 8 1 42,0 4 4 1 42,0 13 9 1 42,0 8 8 1 42,0 10 9 1 42,0 6 3 1 42,0 2 1 1 42,1 8 6 1 42,1 0 0 0
j400101_6.sm,6,6,1 0 0 12 2 3 4 5 6 7 8 9 10 12 13 16,0 2 1 7 35 27 26 19 18 15 11,0 12 8 6 39 35 19 17 14 11,0 7 4 7 40 36 35 32 21 19 11,0 2 1 7 39 38 36 35 25 18 17,1 14 7 9 40 39 36 33 31 27 26 20 17,0 5 3 7 35 27 25 24 22 20 19,0 14 8 6 38 37 32 29 20 18,0 12 8 6 41 38 28 25 24 22,0 10 6 5 37 33 25 22 20,0 7 6 5 34 33 24 23 22,0 4 3 4 36 26 23 22,0 8 8 3 34 22 17,0 7 6 4 37 32 23 22,0 2 1 4 34 33 28 22,0 10 6 2 23 22,0 4 3 2 32 23,0 5 4 2 33 22,0 8 7 2 34 33,0 6 6 1 23,0 10 6 1 22,0 6 4 1 31,0 10 6 1 30,0 8 6 1 31,0 8 7 1 30,0 4 2 1 32,0 3 3 1 30,0 14 9 1 32,0 5 5 1 30,0 9 8 1 42,0 6 3 1 42,1 8 7 1 42,0 1 1 1 42,1 8 4 1 42,0 11 6 1 42,0 13 8 1 42,0 11 7 1 42,0 9 7 1 42,1 6 6 1 42,0 5 5 1 42,0 8 6 1 42,1 0 0 0
j400101_7.sm,6,6,1 0 0 17 2 3 4 6 7 8 9 10 12 13 14 19 20 38 39 40 41,0 11 6 3 15 11 5,0 12 8 7 36 35 33 31 27 26 16,0 6 3 6 33 28 25 23 21 15,0 1 1 5 29 25 22 21 17,0 1 1 5 37 32 29 27 21,0 7 6 4 30 24 23 22,0 7 6 4 32 30 28 25,1 2 1 3 24 22 18,0 10 6 2 28 16,0 9 7 2 22 21,1 6 4 2 27 21,0 11 9 2 34 23,0 5 4 2 31 24,0 15 10 1 22,0 4 2 1 24,0 19 10 1 26,0 2 2 1 23,0 2 1 1 23,0 12 9 1 21,0 13 8 1 42,0 1 1 1 42,0 7 7 1 42,0 6 6 1 42,1 8 6 1 42,0 5 5 1 42,0 9 9 1 42,0 7 7 1 42,0 12 10 1 42,0 4 4 1 42,0 16 9 1 42,0 3 2 1 42,0 8 6 1 42,1 18 10 1 42,0 4 2 1 42,0 3 2 1 42,0 4 3 1 42,0 8 7 1 42,0 4 4 1 42,0 18 9 1 42,0 18 9 1 42,1 0 0 0
j400101_8.sm,6,6,1 0 0 16 2 3 4 5 7 8 9 10 11 14 15 16 24 39 40 41,0 9 8 8 37 36 35 32 28 21 20 17,0 7 5 6 35 30 28 19 18 13,0 13 10 4 20 19 12 6,0 16 9 7 37 34 32 30 27 26 25,0 9 9 5 30 29 27 25 22,0 7 6 4 27 25 23 17,0 6 5 4 34 33 19 18,0 3 2 4 36 30 18 17,0 13 7 5 33 28 27 26 25,0 9 8 5 38 31 28 27 25,0 13 9 3 30 27 25,0 8 5 3 27 26 25,0 14 10 2 29 21,0 3 2 2 32 27,0 6 4 2 28 26,0 11 10 1 26,0 8 7 1 29,0 2 1 1 25,0 9 6 1 31,1 14 7 1 26,1 8 4 1 31,0 8 7 1 28,0 3 2 1 25,0 12 8 1 42,0 7 7 1 42,1 6 4 1 42,0 10 6 1 42,0 7 7 1 42,0 14 8 1 42,0 1 1 1 42,0 4 2 1 42,0 5 3 1 42,0 10 6 1 42,1 6 4 1 42,0 3 3 1 42,0 5 3 1 42,0 16 9 1 42,0 9 7 1 42,0 2 2 1 42,0 20 10 1 42,1 0 0 0
j400101_9.sm,6,6,1 0 0 34 2 5 6 11 12 13 14 15 16 17 18 19 20 21 22 23 24 25 26 27 28 29 30 31 32 33 34 35 36 37 38 39 40 41,0 9 7 2 9 3,0 11 6 1 4,0 4 2 1 7,0 7 4 1 10,0 6 4 1 8,0 13 7 1 42,0 15 8 1 42,0 4 2 1 42,0 1 1 1 42,0 4 3 1 42,0 17 10 1 42,0 12 6 1 42,0 11 6 1 42,0 4 2 1 42,0 10 6 1 42,0 13 9 1 42,0 2 1 1 42,1 11 9 1 42,0 2 1 1 42,1 6 4 1 42,0 1 1 1 42,0 8 4 1 42,1 8 8 1 42,0 4 4 1 42,0 11 9 1 42,0 13 7 1 42,0 8 6 1 42,0 4 2 1 42,1 15 8 1 42,0 3 2 1 42,0 2 1 1 42,0 3 3 1 42,0 12 7 1 42,0 16 8 1 42,0 8 6 1 42,0 1 1 1 42,0 11 7 1 42,0 2 1 1 42,0 15 10 1 42,0 8 4 1 42,1 0 0 0
j400101_10.sm,6,6,1 0 0 13 2 3 4 5 6 7 8 9 10 12 21 28 41,0 16 8 9 36 35 34 26 25 18 17 14 13,0 5 3 11 40 39 37 36 34 27 24 23 22 19 15,0 2 1 10 40 39 38 35 34 25 24 23 18 13,0 15 8 5 40 39 37 20 11,0 8 6 5 33 24 23 13 11,0 7 7 8 37 36 34 31 25 23 16 15,0 6 6 8 39 38 36 34 29 26 18 16,0 13 8 6 38 37 36 34 16 13,0 8 4 7 36 34 31 30 23 22 19,0 18 9 5 38 35 31 22 15,0 17 9 5 36 35 32 23 18,0 2 1 2 31 15,0 18 9 3 37 31 22,0 3 2 3 32 30 29,1 4 2 3 33 32 30,0 4 2 1 19,0 6 5 2 31 30,0 8 5 2 33 29,0 14 10 2 34 32,0 6 4 2 35 29,0 12 10 1 29,0 4 2 1 29,0 9 7 1 29,0 7 6 1 29,0 4 3 1 30,1 6 4 1 31,0 14 9 1 35,0 4 3 1 42,1 2 2 1 42,0 11 10 1 42,1 11 9 1 42,0 5 3 1 42,0 7 4 1 42,0 4 4 1 42,0 16 8 1 42,0 13 7 1 42,0 13 10 1 42,0 11 6 1 42,0 3 2 1 42,0 10 5 1 42,1 0 0 0
j400201_1.sm,3,6,1 0 0 19 2 6 8 12 13 14 15 16 31 32 33 34 35 36 37 38 39 40 41,0 3 2 5 30 29 25 24 3,0 6 2 3 26 23 4,0 5 9 3 20 9 5,0 3 7 3 21 18 7,0 4 3 3 23 18 7,0 10 9 2 19 10,1 26 11 3 25 20 18,0 1 3 2 22 18,0 7 10 1 11,0 9 2 1 17,1 22 18 1 24,0 5 7 1 17,0 6 6 1 28,0 5 4 1 19,0 5 3 1 27,0 1 1 1 42,0 10 5 1 42,1 16 7 1 42,0 5 2 1 42,0 5 3 1 42,0 7 7 1 42,0 2 8 1 42,1 27 12 1 42,0 4 2 1 42,0 8 7 1 42,0 8 8 1 42,0 9 2 1 42,0 3 1 1 42,0 2 2 1 42,0 2 1 1 42,0 6 7 1 42,0 6 9 1 42,0 1 1 1 42,0 7 6 1 42,0 4 2 1 42,0 8 10 1 42,0 6 2 1 42,0 8 6 1 42,0 5 5 1 42,0 3 3 1 42,1 0 0 0
j400201_2.sm,6,6,1 0 0 9 2 3 4 5 6 7 8 9 14,0 5 7 7 32 26 24 19 18 15 11,0 9 7 6 24 23 21 19 18 12,0 4 3 4 32 21 13 12,0 2 4 4 32 26 16 13,0 3 5 3 31 25 10,0 4 8 3 32 21 15,0 5 3 2 32 15,0 7 8 5 41 31 24 22 19,0 7 8 3 22 21 20,0 2 6 2 17 16,0 3 9 1 15,0 1 1 3 27 24 18,1 32 12 3 31 28 20,1 19 3 2 27 16,0 2 1 5 41 40 31 30 22,0 1 4 5 41 31 30 27 22,0 6 6 4 40 31 30 22,0 3 4 7 40 39 37 35 30 29 27,0 8 9 7 41 40 39 35 32 30 27,0 4 9 6 41 37 35 30 29 27,0 8 3 5 39 38 36 35 28,1 26 15 4 39 35 32 28,0 1 2 3 40 35 28,0 5 3 6 38 37 36 35 34 33,0 10 10 3 35 30 29,0 7 6 4 38 36 34 33,0 8 5 3 37 33 29,0 4 4 1 34,0 10 5 1 33,0 7 5 1 33,1 5 2 1 36,0 1 2 1 42,0 10 9 1 42,0 5 10 1 42,0 3 3 1 42,0 4 3 1 42,0 6 2 1 42,0 6 10 1 42,0 6 9 1 42,0 7 6 1 42,1 0 0 0
j400201_3.sm,6,6,1 0 0 10 2 3 4 5 6 7 12 13 15 16,0 5 4 3 23 22 9,1 29 9 3 24 21 8,0 8 4 3 40 26 10,0 6 10 3 41 22 11,0 3 9 3 24 17 11,0 2 9 6 41 40 37 29 28 17,0 7 7 5 39 36 28 19 14,0 10 9 1 11,0 3 8 7 38 36 35 28 25 22 20,1 3 4 4 39 36 28 14,0 8 5 8 38 37 36 35 34 32 28 25,0 4 4 5 37 34 27 24 21,0 6 4 3 40 37 18,0 6 3 3 36 28 18,0 1 7 4 36 28 27 20,0 2 4 2 36 18,0 10 6 6 38 35 34 33 32 25,0 10 10 7 38 37 34 33 32 30 27,0 5 5 6 41 39 37 32 31 30,0 8 9 5 36 32 31 30 28,0 4 2 5 39 34 32 31 30,0 4 4 2 41 25,0 2 4 3 36 35 30,0 1 1 2 30 27,0 7 7 2 34 33,1 8 19 1 31,0 5 1 1 33,0 5 3 1 35,0 8 10 1 42,0 9 4 1 42,1 5 1 1 42,0 2 3 1 42,0 2 9 1 42,0 9 8 1 42,0 8 3 1 42,0 3 1 1 42,0 9 9 1 42,0 8 6 1 42,0 5 6 1 42,0 9 8 1 42,1 0 0 0
j400201_4.sm,3,6,1 0 0 14 2 3 6 7 9 10 11 13 16 17 25 26 27 28,0 7 7 3 40 38 4,0 5 9 7 39 36 23 22 21 14 8,0 10 10 4 23 22 21 5,0 6 7 3 36 14 8,0 1 1 8 35 34 33 30 21 19 18 15,0 3 1 9 41 40 39 38 35 30 24 22 20,0 2 3 5 37 34 32 31 12,0 6 6 7 36 34 33 32 31 30 18,1 32 3 6 40 34 33 31 21 19,0 5 1 6 38 36 31 30 21 20,0 4 5 4 35 33 30 18,0 6 6 4 39 37 31 30,0 4 9 3 34 30 29,0 8 8 3 38 32 31,0 5 7 2 31 20,0 2 1 2 31 20,0 3 6 1 20,0 10 8 1 20,0 7 9 1 29,0 1 5 1 32,0 5 3 1 33,1 25 18 1 30,0 10 9 1 29,0 1 3 1 36,1 39 3 1 33,1 39 8 1 32,0 3 5 1 32,0 9 2 1 42,0 1 3 1 42,0 4 4 1 42,0 6 8 1 42,0 5 4 1 42,0 1 2 1 42,0 6 8 1 42,0 6 7 1 42,0 9 7 1 42,0 8 9 1 42,0 7 8 1 42,0 2 6 1 42,0 1 1 1 42,1 0 0 0
j400201_5.sm,4,6,1 0 0 11 2 3 5 6 7 8 10 11 12 13 18,0 4 2 3 27 20 4,0 4 7 7 29 25 24 21 19 16 15,0 7 10 5 41 22 21 19 9,1 34 15 7 41 27 25 24 21 19 17,0 7 3 8 41 29 27 26 25 24 23 15,0 10 7 6 41 26 24 19 17 15,0 7 7 3 41 25 9,0 8 9 4 32 26 24 14,0 7 9 4 41 29 20 19,0 3 5 7 41 32 31 29 28 24 23,0 6 6 8 41 40 36 32 31 29 28 25,0 3 4 3 32 20 17,0 4 10 2 23 17,0 6 6 4 40 39 32 20,0 5 1 7 41 40 37 36 34 32 28,0 4 2 6 39 38 36 31 29 28,0 7 3 5 41 37 32 30 25,0 2 3 4 35 32 31 23,0 1 4 6 38 37 36 34 31 28,0 8 6 3 36 31 26,0 5 4 5 37 35 34 32 31,0 8 4 5 40 39 37 36 33,0 1 6 4 36 35 34 33,1 2 4 4 39 38 34 33,1 30 17 3 39 34 30,0 9 5 3 36 34 33,0 5 9 2 33 30,0 9 7 2 37 34,0 5 4 1 35,0 3 7 1 33,0 6 6 1 38,0 7 2 1 42,0 8 4 1 42,0 1 1 1 42,0 10 8 1 42,0 7 5 1 42,0 4 3 1 42,1 9 3 1 42,0 5 6 1 42,0 3 6 1 42,1 0 0 0
j400201_6.sm,5,6,1 0 0 7 2 3 4 5 6 7 9,0 4 3 6 15 14 13 12 11 10,0 4 3 4 14 11 10 8,1 24 15 3 13 12 8,1 11 9 5 22 21 15 12 10,0 6 10 5 17 16 15 12 11,0 10 6 3 14 11 10,0 9 9 7 24 22 21 18 17 16 15,0 5 6 3 22 15 10,0 5 5 5 24 23 19 17 16,0 2 9 7 31 26 25 24 22 21 18,0 2 4 6 31 26 25 24 19 18,0 7 3 4 31 25 21 19,0 7 8 5 31 29 26 21 20,1 32 13 4 31 26 25 19,0 1 3 4 29 26 25 20,0 6 2 4 31 29 25 20,0 5 2 3 29 28 23,0 2 2 2 29 20,0 10 10 4 33 30 28 27,0 3 4 2 33 23,0 5 1 3 33 28 27,0 5 5 2 30 27,0 10 7 2 30 27,0 2 4 2 33 27,0 4 5 1 27,0 4 3 4 41 35 34 32,0 1 4 4 41 35 34 32,1 15 10 4 41 35 34 33,0 9 7 5 41 39 38 36 34,0 6 5 3 39 34 33,0 1 1 3 40 38 37,0 2 1 3 40 38 37,0 8 5 1 37,0 2 1 1 39,0 7 9 1 37,0 6 8 1 42,0 10 9 1 42,0 1 4 1 42,0 4 3 1 42,0 7 6 1 42,1 0 0 0
j400201_7.sm,5,6,1 0 0 9 2 3 4 5 7 8 9 11 13,0 4 5 7 24 22 20 19 17 14 10,0 10 8 7 27 25 21 20 17 16 15,0 10 10 3 25 18 6,0 5 7 7 27 25 20 19 17 15 14,0 6 5 5 41 22 21 20 12,0 1 1 4 23 17 16 10,0 4 4 7 27 26 25 23 22 18 15,0 4 6 4 41 24 18 12,1 8 6 5 41 29 27 21 18,0 2 9 5 41 27 26 19 18,1 11 1 4 30 27 23 16,0 9 9 4 26 22 19 18,0 3 7 3 41 26 18,0 9 10 5 41 30 29 28 24,0 3 4 2 26 19,0 10 10 2 40 18,0 6 9 5 38 37 36 30 28,0 6 5 4 39 38 29 28,0 9 9 4 40 37 28 23,0 9 5 3 31 30 26,0 8 8 6 37 36 35 32 31 30,0 10 10 5 38 36 35 32 31,0 8 9 6 39 38 37 36 34 33,0 5 7 5 37 36 35 33 31,0 6 3 5 40 38 37 35 34,1 13 8 4 36 35 33 31,0 9 10 3 35 32 31,0 4 10 3 37 36 33,0 6 10 2 39 33,0 5 8 1 34,0 4 1 1 33,0 9 8 1 42,0 9 10 1 42,0 8 10 1 42,0 1 5 1 42,0 3 2 1 42,0 1 6 1 42,0 10 8 1 42,0 6 4 1 42,1 9 3 1 42,1 0 0 0
j400201_8.sm,3,6,1 0 0 11 2 3 4 5 7 8 10 11 13 14 19,0 5 8 6 41 29 22 20 16 6,0 6 8 7 41 28 24 21 18 17 16,0 3 1 10 41 40 32 31 29 28 24 23 21 15,0 7 6 3 41 24 9,0 7 5 2 21 9,0 7 3 4 28 17 16 15,0 10 7 8 41 40 39 31 29 28 27 17,0 9 4 5 32 31 28 25 12,0 5 1 4 41 27 20 16,0 8 9 7 41 40 32 31 30 27 23,0 3 4 3 40 23 15,0 6 1 9 41 40 39 37 36 35 32 31 30,0 7 10 2 20 15,0 1 5 5 39 38 35 27 26,0 1 8 5 40 34 32 31 23,0 10 10 3 38 32 20,0 7 4 5 40 36 35 31 26,0 2 9 4 36 31 30 24,0 7 10 4 37 36 35 26,0 2 1 3 35 30 25,1 11 1 3 34 32 31,0 4 9 4 39 36 35 33,0 3 6 4 39 38 37 33,0 9 3 3 39 37 34,0 9 9 2 33 30,0 3 1 2 37 36,0 7 2 2 35 33,0 7 6 2 35 33,1 38 11 1 34,0 3 5 1 38,0 3 3 1 33,1 4 1 1 42,0 10 10 1 42,1 18 9 1 42,0 5 9 1 42,0 5 7 1 42,0 4 4 1 42,0 3 2 1 42,0 1 5 1 42,0 9 6 1 42,1 0 0 0
j400201_9.sm,3,6,1 0 0 11 2 3 4 5 7 8 9 11 12 13 17,0 1 1 3 28 19 6,0 7 5 8 41 28 25 24 21 20 18 16,0 7 8 7 30 25 24 21 20 16 14,0 8 4 7 28 27 25 24 18 16 14,0 1 1 5 41 22 21 20 10,0 2 9 6 41 27 25 20 18 16,0 2 5 3 41 24 10,0 10 6 5 41 30 25 20 19,0 3 7 4 29 27 25 15,0 8 6 8 41 40 30 29 28 27 26 24,0 2 4 6 41 30 29 26 25 23,0 2 2 4 40 22 19 18,0 9 9 5 41 35 29 26 23,0 5 6 2 23 18,0 3 1 3 40 38 19,0 3 9 6 41 37 32 31 29 24,0 1 6 4 39 38 30 26,0 1 5 4 37 35 29 26,1 11 16 3 31 29 23,0 1 3 4 37 36 31 27,0 5 9 5 37 36 35 31 29,0 5 8 5 40 38 37 36 34,0 9 3 5 39 38 35 34 33,0 6 6 4 36 35 33 31,0 8 7 3 36 32 31,0 10 6 3 38 35 32,0 7 8 3 36 35 31,0 8 7 2 39 33,0 10 10 2 37 35,0 2 5 1 34,1 12 15 1 33,1 30 11 1 42,0 1 4 1 42,0 2 4 1 42,1 13 2 1 42,0 7 7 1 42,0 6 9 1 42,0 10 6 1 42,0 2 5 1 42,0 9 6 1 42,1 0 0 0
j400201_10.sm,5,6,1 0 0 11 2 3 4 5 6 12 13 14 15 19 28,0 2 7 3 25 23 8,0 2 3 2 21 7,0 10 8 5 41 40 33 20 10,0 10 9 4 27 23 16 9,0 8 9 4 35 27 24 11,0 3 2 3 38 27 9,0 7 10 3 38 18 11,0 8 8 2 35 11,0 4 3 7 39 36 35 31 27 24 22,0 8 5 5 40 37 36 33 17,0 7 7 8 39 36 35 34 33 31 30 22,0 2 9 5 34 33 31 27 22,0 9 8 5 33 31 29 25 23,1 3 4 4 32 29 27 20,1 4 8 7 36 35 34 33 31 30 26,0 8 7 4 34 31 30 22,0 1 2 5 37 32 31 30 29,0 7 9 4 33 31 29 27,0 4 3 4 39 38 37 31,0 7 5 3 39 32 26,0 6 7 2 32 26,0 7 3 2 35 32,0 7 10 2 38 34,0 8 10 1 27,0 2 2 1 29,1 30 8 1 30,0 10 10 1 33,0 9 10 1 42,0 2 8 1 42,0 2 6 1 42,0 8 10 1 42,0 5 9 1 42,0 2 4 1 42,0 4 6 1 42,0 1 1 1 42,0 8 2 1 42,0 3 1 1 42,0 9 5 1 42,1 31 20 1 42,0 8 7 1 42,1 0 0 0
j400301_1.sm,6,6,1 0 0 6 2 3 4 6 15 22,0 4 2 4 19 12 7 5,0 10 8 3 19 12 5,0 2 1 4 12 11 10 7,0 2 2 3 11 10 8,0 8 5 1 7,0 5 3 1 8,1 3 2 3 21 13 9,0 8 7 5 41 40 26 18 16,0 13 7 4 26 21 17 13,0 2 2 3 21 16 14,0 8 7 3 40 39 16,0 7 5 4 40 39 24 20,0 15 8 3 26 24 17,0 14 7 3 40 38 19,0 7 5 2 24 17,0 18 10 3 31 27 20,0 7 5 3 31 27 20,0 2 1 2 25 21,0 3 3 3 35 34 23,0 15 10 4 39 29 28 27,0 18 9 3 35 26 25,0 6 4 2 38 25,1 12 10 2 29 27,0 8 4 3 37 36 28,1 10 7 3 36 34 28,0 13 9 3 35 34 30,0 10 5 2 32 30,0 13 8 1 31,0 13 7 1 33,0 11 10 1 32,0 4 2 1 42,0 6 4 1 42,0 6 5 1 42,0 13 7 1 42,0 10 8 1 42,1 16 8 1 42,0 16 8 1 42,0 6 5 1 42,0 2 2 1 42,0 1 1 1 42,1 0 0 0
j400301_2.sm,6,6,1 0 0 6 2 3 4 6 7 8,0 1 1 3 14 9 5,0 2 1 2 9 5,0 8 8 2 14 5,0 2 1 3 12 11 10,0 2 2 3 14 13 9,0 11 9 2 14 9,0 5 3 3 17 13 11,1 16 8 2 17 11,0 17 9 2 15 13,1 2 1 2 16 15,0 5 4 4 28 20 18 17,0 11 6 3 25 19 16,0 12 8 2 18 15,0 6 3 4 28 25 20 19,0 12 6 4 28 21 20 18,0 4 2 3 25 23 19,0 8 7 3 31 24 22,0 13 7 2 24 21,0 10 5 3 30 23 22,0 15 8 2 30 22,0 11 7 2 27 26,0 2 2 2 27 26,0 12 8 3 38 30 26,0 13 7 2 31 27,0 20 10 5 41 35 34 33 32,1 8 8 3 38 35 29,0 12 7 3 41 38 32,0 3 2 3 41 37 34,1 4 3 2 41 32,0 20 10 3 38 37 36,0 6 3 2 37 36,0 10 5 2 37 36,0 14 7 2 39 36,0 5 4 1 36,0 17 10 1 40,0 8 5 1 39,0 6 3 1 39,0 7 5 1 42,0 5 3 1 42,0 15 9 1 42,1 0 0 0
j400301_3.sm,6,6,1 0 0 12 2 5 14 15 16 17 36 37 38 39 40 41,0 18 9 3 35 32 3,0 8 4 2 33 4,0 13 8 4 31 29 28 6,0 4 4 5 32 29 28 27 7,0 13 10 2 27 7,1 6 5 3 26 25 8,0 12 8 6 24 23 22 21 20 9,0 9 7 1 10,0 6 3 2 19 11,0 3 2 1 12,0 2 2 1 13,0 15 9 1 18,0 7 5 1 34,0 12 10 1 30,0 4 2 1 30,0 8 4 1 30,0 13 8 1 42,0 4 4 1 42,0 12 8 1 42,0 12 6 1 42,0 7 4 1 42,0 8 6 1 42,0 6 3 1 42,0 7 6 1 42,0 6 5 1 42,0 2 2 1 42,0 12 6 1 42,1 16 9 1 42,0 10 9 1 42,0 6 5 1 42,1 2 2 1 42,0 12 6 1 42,0 2 2 1 42,0 6 4 1 42,0 20 10 1 42,0 5 5 1 42,0 2 1 1 42,0 10 7 1 42,1 5 5 1 42,0 2 2 1 42,1 0 0 0
j400301_4.sm,6,6,1 0 0 5 2 6 8 9 17,0 8 6 3 16 13 3,1 6 3 7 41 39 26 18 15 11 4,0 9 8 4 29 22 20 5,0 5 3 2 38 7,0 7 4 8 40 37 34 29 28 25 21 12,0 2 1 4 28 25 21 10,0 10 10 7 33 32 29 22 19 18 14,0 4 2 6 37 25 23 22 21 15,0 4 4 3 37 34 12,0 10 8 3 28 25 12,0 2 2 6 36 35 33 32 31 19,0 2 1 4 40 39 29 21,0 7 7 3 28 25 23,0 14 10 3 32 30 20,0 2 1 3 36 31 23,0 6 6 3 38 29 25,1 10 8 2 34 23,0 16 9 1 23,0 12 10 3 35 34 33,0 10 6 2 32 27,0 5 4 2 31 27,1 1 1 1 24,1 9 6 1 27,0 4 2 1 27,0 10 8 1 29,0 17 10 1 30,0 1 1 1 31,0 4 4 1 31,0 12 6 1 42,0 9 6 1 42,0 3 2 1 42,0 8 7 1 42,0 9 7 1 42,0 11 9 1 42,0 12 6 1 42,0 12 9 1 42,0 3 3 1 42,0 13 10 1 42,0 8 8 1 42,0 13 9 1 42,1 0 0 0
j400301_5.sm,6,6,1 0 0 5 2 5 6 7 12,0 7 6 2 9 3,0 3 2 7 41 40 31 18 16 11 4,0 1 1 4 21 20 14 8,0 7 6 6 40 30 29 21 16 13,0 16 10 3 31 18 10,0 3 3 7 40 31 29 21 20 19 15,0 2 1 3 39 29 10,0 16 10 9 41 39 37 31 29 26 23 22 20,0 13 10 3 30 23 13,1 4 3 4 30 21 19 17,0 9 7 7 39 37 29 28 26 23 22,0 9 8 3 38 26 17,0 4 3 3 38 26 17,0 12 10 3 30 26 17,1 3 2 4 26 24 23 20,0 1 1 5 37 36 33 28 22,0 5 4 5 39 36 29 26 24,0 15 8 4 37 36 26 22,0 2 1 4 36 35 28 25,0 2 1 3 33 28 25,0 9 5 2 34 24,0 4 4 3 36 33 27,0 9 7 2 35 25,0 8 4 1 27,0 9 6 1 27,0 3 2 1 32,0 11 6 1 34,0 10 5 1 33,0 16 9 1 33,0 9 5 1 33,0 6 5 1 42,0 10 5 1 42,1 6 5 1 42,0 5 3 1 42,0 13 8 1 42,0 18 9 1 42,0 11 7 1 42,1 4 3 1 42,0 5 3 1 42,0 19 10 1 42,1 0 0 0
j400301_6.sm,6,6,1 0 0 6 2 3 4 6 16 24,0 14 7 4 20 12 7 5,0 3 2 4 20 12 8 5,0 19 10 4 12 11 10 7,0 6 3 3 11 10 9,0 14 7 1 7,0 9 9 1 8,0 2 2 3 21 13 9,0 3 2 5 41 40 26 18 15,0 11 7 4 26 21 17 13,0 3 3 2 15 14,0 2 2 4 40 39 23 17,0 11 10 4 40 39 23 19,0 3 3 3 26 23 17,0 9 7 2 23 17,0 3 2 4 40 36 28 20,0 3 3 3 31 27 19,0 11 9 2 27 19,0 13 7 2 34 22,0 4 2 1 21,0 9 6 4 39 30 29 27,0 9 8 3 38 36 25,0 2 2 2 29 27,0 14 7 2 35 26,0 8 4 2 37 28,0 10 6 2 34 28,0 1 1 3 35 34 33,1 9 6 2 32 30,0 6 6 1 31,0 12 9 1 33,0 8 4 1 32,0 10 10 1 42,0 8 4 1 42,1 5 4 1 42,1 4 3 1 42,1 13 7 1 42,0 6 3 1 42,0 7 4 1 42,0 12 6 1 42,0 16 8 1 42,0 12 7 1 42,1 0 0 0
j400301_7.sm,6,6,1 0 0 6 2 3 4 6 12 17,0 10 7 4 18 10 7 5,0 5 3 3 18 10 5,0 10 5 4 11 10 9 7,0 5 4 3 11 9 8,0 10 6 1 7,1 10 7 1 8,0 11 7 3 22 15 13,0 16 9 4 22 20 16 15,0 4 2 4 41 22 16 15,0 6 5 3 40 22 14,0 5 3 3 19 18 15,0 7 4 5 41 40 25 20 16,0 5 3 3 39 25 16,1 4 2 5 40 39 25 24 21,0 5 4 2 24 19,0 3 2 2 25 20,0 8 5 3 38 26 22,0 9 9 3 31 27 21,0 2 2 3 31 27 21,0 15 9 3 37 34 23,0 1 1 4 39 29 28 27,0 13 10 2 38 26,0 6 3 2 29 27,0 10 6 4 36 35 34 28,0 6 4 3 36 35 28,0 18 10 3 37 34 30,0 4 3 2 32 30,1 1 1 1 31,0 16 8 1 33,0 2 2 1 32,0 8 4 1 42,0 2 2 1 42,0 6 3 1 42,0 2 1 1 42,0 11 7 1 42,0 6 6 1 42,0 15 10 1 42,1 3 3 1 42,0 11 8 1 42,0 4 2 1 42,1 0 0 0
j400301_8.sm,6,6,1 0 0 5 2 5 6 7 15,0 13 7 2 9 3,0 9 8 8 41 40 31 18 17 14 11 4,0 4 4 3 22 20 8,0 13 7 6 40 30 29 22 17 13,1 13 8 3 31 18 10,0 4 3 8 40 31 29 22 20 19 16 12,0 6 6 3 39 29 10,0 2 1 9 41 39 37 31 29 26 23 21 20,1 14 7 4 30 26 23 13,0 5 3 4 30 22 19 16,0 1 1 6 37 36 30 28 26 21,0 6 6 2 38 16,0 6 3 7 38 37 36 33 28 26 24,0 9 7 6 39 36 29 28 26 24,0 9 5 5 37 36 33 28 21,0 2 1 3 26 23 20,1 14 7 5 39 36 29 26 24,0 7 6 4 37 36 26 21,0 17 9 4 36 35 28 25,0 9 5 2 34 24,0 1 1 3 34 33 25,0 6 4 3 36 33 27,0 9 5 2 35 25,0 4 2 1 27,0 5 4 1 27,0 7 6 1 32,0 1 1 1 34,0 4 3 1 33,0 3 2 1 33,0 10 10 1 33,0 4 3 1 42,0 12 6 1 42,0 4 3 1 42,0 8 5 1 42,0 15 8 1 42,0 11 9 1 42,0 9 6 1 42,1 8 5 1 42,0 14 8 1 42,0 6 4 1 42,1 0 0 0
j400301_9.sm,6,6,1 0 0 5 2 4 6 7 10,0 7 4 2 9 3,0 9 6 6 41 25 17 16 12 5,0 12 9 10 41 40 39 38 27 25 23 22 20 14,0 2 2 4 40 20 13 8,0 14 10 5 25 22 19 16 11,0 2 1 7 41 31 27 25 22 17 15,0 9 9 3 39 27 11,1 6 5 8 40 39 29 27 25 23 20 18,1 4 3 8 39 38 31 29 27 23 22 18,0 10 8 3 31 23 15,1 14 8 4 31 22 19 18,0 12 10 2 22 15,1 1 1 3 31 19 18,0 9 7 3 38 29 18,0 10 7 8 39 38 37 36 35 29 27 24,0 13 9 3 29 23 20,0 1 1 3 37 26 21,0 2 1 3 37 29 21,0 2 2 3 35 26 24,0 13 7 4 36 35 33 24,0 7 5 4 35 34 28 26,0 11 10 3 35 33 30,0 7 4 2 34 28,0 11 10 3 34 33 32,0 1 1 2 36 33,0 14 9 2 33 32,0 4 3 1 30,0 1 1 1 30,0 6 4 1 32,0 8 6 1 33,0 4 3 1 42,0 6 5 1 42,0 12 10 1 42,0 3 2 1 42,0 11 10 1 42,0 14 7 1 42,0 2 1 1 42,0 2 1 1 42,0 4 4 1 42,0 6 6 1 42,1 0 0 0
j400301_10.sm,6,6,1 0 0 5 2 5 6 10 17,0 8 4 2 11 3,0 17 9 8 41 40 39 23 16 14 9 4,0 6 4 4 29 22 20 7,0 5 3 7 39 38 28 26 23 19 12,0 10 7 7 39 36 29 22 20 18 15,0 4 2 2 38 8,0 7 5 4 28 26 19 12,0 12 7 5 28 26 20 18 13,1 9 5 4 37 24 20 16,0 4 4 6 40 39 29 26 22 19,0 8 7 2 37 13,0 5 4 7 36 35 34 33 32 31 21,0 10 10 7 36 34 33 32 31 26 24,1 8 4 5 34 32 28 26 21,0 9 6 3 26 22 19,0 11 10 3 38 29 26,0 6 3 2 32 21,0 10 6 3 34 31 27,0 13 9 2 31 25,1 17 10 1 24,0 5 5 3 35 33 32,0 16 10 2 33 29,0 9 8 1 25,0 14 7 1 27,0 15 9 1 27,0 5 3 1 30,0 13 7 1 31,0 10 9 1 31,1 2 1 1 42,0 12 6 1 42,0 9 7 1 42,0 5 3 1 42,0 16 8 1 42,0 9 6 1 42,0 7 7 1 42,0 10 6 1 42,0 1 1 1 42,0 3 3 1 42,0 1 1 1 42,0 3 3 1 42,1 0 0 0
j400401_1.sm,4,6,1 0 0 4 2 7 16 19,0 3 2 3 11 4 3,0 6 2 4 23 14 9 5,0 5 9 5 30 23 13 9 8,0 3 7 2 41 6,0 4 3 4 30 17 13 8,0 10 9 3 13 10 9,1 26 11 3 40 18 10,0 1 3 4 40 38 17 12,0 7 10 3 39 38 12,0 9 2 4 40 39 29 15,1 22 18 2 29 15,0 5 7 4 39 38 29 21,0 6 6 3 40 37 20,0 5 4 2 37 20,0 5 3 2 38 20,0 1 1 2 37 21,0 10 5 2 37 21,1 16 7 3 41 39 22,0 5 2 1 21,0 5 3 2 36 22,0 7 7 2 35 24,0 2 8 2 41 24,1 27 12 4 34 32 28 25,0 4 2 1 26,0 8 7 1 27,0 8 8 1 31,0 9 2 1 33,0 3 1 1 32,0 2 2 1 38,0 2 1 1 42,0 6 7 1 42,0 6 9 1 42,0 1 1 1 42,0 7 6 1 42,0 4 2 1 42,0 8 10 1 42,0 6 2 1 42,0 8 6 1 42,0 5 5 1 42,0 3 3 1 42,1 0 0 0
j400401_2.sm,4,6,1 0 0 3 2 5 23,0 5 7 1 3,0 9 7 2 28 4,0 4 3 4 40 39 10 6,0 2 4 8 41 38 37 34 33 29 10 8,0 3 5 2 38 7,0 4 8 3 37 18 8,0 5 3 4 36 35 32 9,0 7 8 4 31 16 14 11,0 7 8 4 32 31 19 15,0 2 6 1 12,0 3 9 1 13,0 1 1 2 19 15,1 32 12 2 19 15,1 19 3 2 25 17,0 2 1 4 27 26 20 19,0 1 4 4 30 27 26 20,0 6 6 4 34 33 32 31,0 3 4 2 25 21,0 8 9 1 21,0 4 9 1 22,0 8 3 1 24,1 26 15 1 29,0 1 2 1 42,0 5 3 1 42,0 10 10 1 42,0 7 6 1 42,0 8 5 1 42,0 4 4 1 42,0 10 5 1 42,0 7 5 1 42,1 5 2 1 42,0 1 2 1 42,0 10 9 1 42,0 5 10 1 42,0 3 3 1 42,0 4 3 1 42,0 6 2 1 42,0 6 10 1 42,0 6 9 1 42,0 7 6 1 42,1 0 0 0
j400401_3.sm,4,6,1 0 0 11 2 17 33 34 35 36 37 38 39 40 41,0 5 4 3 32 31 3,1 29 9 2 29 4,0 8 4 1 5,0 6 10 3 28 27 6,0 3 9 2 26 7,0 2 9 1 8,0 7 7 3 25 24 9,0 10 9 2 23 10,0 3 8 2 22 11,1 3 4 1 12,0 8 5 3 21 20 13,0 4 4 2 19 14,0 6 4 1 15,0 6 3 1 16,0 1 7 1 18,0 2 4 1 30,0 10 6 1 42,0 10 10 1 42,0 5 5 1 42,0 8 9 1 42,0 4 2 1 42,0 4 4 1 42,0 2 4 1 42,0 1 1 1 42,0 7 7 1 42,1 8 19 1 42,0 5 1 1 42,0 5 3 1 42,0 8 10 1 42,0 9 4 1 42,1 5 1 1 42,0 2 3 1 42,0 2 9 1 42,0 9 8 1 42,0 8 3 1 42,0 3 1 1 42,0 9 9 1 42,0 8 6 1 42,0 5 6 1 42,0 9 8 1 42,1 0 0 0
j400401_4.sm,3,6,1 0 0 3 2 4 12,0 7 7 1 3,0 5 9 2 15 5,0 10 10 2 41 6,0 6 7 2 13 7,0 1 1 2 15 7,0 3 1 2 10 8,0 2 3 3 24 17 9,0 6 6 3 29 14 11,1 32 3 4 40 25 17 14,0 5 1 7 40 39 32 25 22 20 19,0 4 5 6 41 40 32 25 24 19,0 6 6 6 40 29 28 22 19 18,0 4 9 3 39 19 16,0 8 8 3 32 25 17,0 5 7 3 28 22 18,0 2 1 2 39 18,0 3 6 1 21,0 10 8 1 21,0 7 9 1 21,0 1 5 1 23,0 5 3 1 23,1 25 18 2 27 26,0 10 9 2 29 26,0 1 3 2 38 28,1 39 3 3 38 34 30,1 39 8 3 35 34 31,0 3 5 2 34 30,0 9 2 1 30,0 1 3 1 31,0 4 4 2 36 33,0 6 8 1 35,0 5 4 1 37,0 1 2 1 36,0 6 8 1 36,0 6 7 1 42,0 9 7 1 42,0 8 9 1 42,0 7 8 1 42,0 2 6 1 42,0 1 1 1 42,1 0 0 0
j400401_5.sm,3,6,1 0 0 4 2 5 10 11,0 4 2 2 4 3,0 4 7 3 9 7 6,0 7 10 3 9 8 7,1 34 15 3 13 9 8,0 7 3 2 14 8,0 10 7 4 18 15 13 12,0 7 7 4 20 18 15 12,0 8 9 3 20 18 16,0 7 9 1 12,0 3 5 4 24 21 20 19,0 6 6 3 35 21 16,0 3 4 3 30 20 19,0 4 10 3 30 20 19,0 6 6 3 41 24 19,0 5 1 1 17,0 4 2 3 41 30 19,0 7 3 4 35 34 30 22,0 2 3 2 34 22,0 1 4 5 41 40 35 31 25,0 8 6 1 22,0 5 4 1 23,0 8 4 3 40 31 25,0 1 6 4 31 30 28 27,1 2 4 1 26,1 30 17 3 39 28 27,0 9 5 3 38 36 32,0 5 9 1 29,0 9 7 2 36 33,0 5 4 2 38 32,0 3 7 2 37 36,0 6 6 1 37,0 7 2 1 38,0 8 4 1 36,0 1 1 1 37,0 10 8 1 42,0 7 5 1 42,0 4 3 1 42,1 9 3 1 42,0 5 6 1 42,0 3 6 1 42,1 0 0 0
j400401_6.sm,4,6,1 0 0 4 2 7 13 15,0 4 3 3 11 4 3,0 4 3 4 22 16 9 5,1 24 15 3 22 9 6,1 11 9 2 41 6,0 6 10 4 30 19 14 8,0 10 6 3 14 10 9,0 9 9 3 40 18 10,0 5 6 4 40 38 19 12,0 5 5 3 39 38 12,0 2 9 4 40 39 29 17,0 2 4 2 29 17,0 7 3 2 38 17,0 7 8 4 39 38 29 21,1 32 13 4 41 39 37 21,0 1 3 3 40 37 20,0 6 2 2 37 20,0 5 2 2 37 20,0 2 2 2 37 21,0 10 10 1 21,0 3 4 2 36 23,0 5 1 3 41 37 24,0 5 5 2 35 24,0 10 7 3 34 28 25,0 2 4 2 32 26,0 4 5 1 27,0 4 3 1 31,0 1 4 1 33,1 15 10 1 32,0 9 7 1 38,0 6 5 1 42,0 1 1 1 42,0 2 1 1 42,0 8 5 1 42,0 2 1 1 42,0 7 9 1 42,0 6 8 1 42,0 10 9 1 42,0 1 4 1 42,0 4 3 1 42,0 7 6 1 42,1 0 0 0
j400401_7.sm,4,6,1 0 0 22 2 21 22 23 24 25 26 27 28 29 30 31 32 33 34 35 36 37 38 39 40 41,0 4 5 1 3,0 10 8 2 20 4,0 10 10 3 19 18 5,0 5 7 1 6,0 6 5 1 7,0 1 1 1 8,0 4 4 1 9,0 4 6 1 10,1 8 6 1 11,0 2 9 1 12,1 11 1 1 13,0 9 9 1 14,0 3 7 1 15,0 9 10 1 16,0 3 4 1 17,0 10 10 1 42,0 6 9 1 42,0 6 5 1 42,0 9 9 1 42,0 9 5 1 42,0 8 8 1 42,0 10 10 1 42,0 8 9 1 42,0 5 7 1 42,0 6 3 1 42,1 13 8 1 42,0 9 10 1 42,0 4 10 1 42,0 6 10 1 42,0 5 8 1 42,0 4 1 1 42,0 9 8 1 42,0 9 10 1 42,0 8 10 1 42,0 1 5 1 42,0 3 2 1 42,0 1 6 1 42,0 10 8 1 42,0 6 4 1 42,1 9 3 1 42,1 0 0 0
j400401_8.sm,3,6,1 0 0 5 2 11 18 33 41,0 5 8 3 23 6 3,0 6 8 2 25 4,0 3 1 4 36 34 17 5,0 7 6 3 35 21 7,0 7 5 5 39 36 22 17 9,0 7 3 2 39 8,0 10 7 3 40 38 10,0 9 4 1 10,0 5 1 1 12,0 8 9 1 12,0 3 4 2 37 13,0 6 1 1 14,0 7 10 2 31 15,0 1 5 2 32 16,0 1 8 5 30 29 28 27 19,0 10 10 4 38 28 27 19,0 7 4 3 35 31 20,0 2 9 1 20,0 7 10 1 24,0 2 1 1 24,1 11 1 1 24,0 4 9 1 24,0 3 6 1 26,0 9 3 1 36,0 9 9 1 42,0 3 1 1 42,0 7 2 1 42,0 7 6 1 42,1 38 11 1 42,0 3 5 1 42,0 3 3 1 42,1 4 1 1 42,0 10 10 1 42,1 18 9 1 42,0 5 9 1 42,0 5 7 1 42,0 4 4 1 42,0 3 2 1 42,0 1 5 1 42,0 9 6 1 42,1 0 0 0
j400401_9.sm,3,6,1 0 0 4 2 5 9 12,0 1 1 2 4 3,0 7 5 3 11 7 6,0 7 8 3 11 8 7,0 8 4 3 13 11 8,0 1 1 2 14 8,0 2 9 4 18 15 13 10,0 2 5 4 19 18 15 10,0 10 6 1 10,0 3 7 4 32 24 21 16,0 8 6 3 19 18 16,0 2 4 4 24 21 20 19,0 2 2 3 27 20 19,0 9 9 3 27 20 19,0 5 6 3 36 24 20,0 3 1 1 17,0 3 9 3 36 27 20,0 1 6 4 35 32 27 22,0 1 5 4 36 35 32 23,1 11 16 2 35 22,0 1 3 1 22,0 5 9 1 23,0 5 8 3 41 31 25,0 9 3 4 40 31 29 27,0 6 6 1 26,0 8 7 3 40 29 28,0 10 6 1 28,0 7 8 3 38 37 33,0 8 7 1 30,0 10 10 2 37 34,0 2 5 2 39 37,1 12 15 1 33,1 30 11 1 39,0 1 4 1 38,0 2 4 1 37,1 13 2 1 40,0 7 7 1 42,0 6 9 1 42,0 10 6 1 42,0 2 5 1 42,0 9 6 1 42,1 0 0 0
j400401_10.sm,5,6,1 0 0 4 2 7 13 15,0 2 7 3 11 4 3,0 2 3 4 22 16 9 5,0 10 8 3 22 9 6,0 10 9 2 41 6,0 8 9 4 30 20 14 8,0 3 2 3 14 10 9,0 7 10 3 40 18 10,0 8 8 4 40 38 20 12,0 4 3 3 39 38 12,0 8 5 4 40 39 29 17,0 7 7 2 29 17,0 2 9 2 38 17,0 9 8 4 39 38 29 21,1 3 4 4 41 39 37 21,1 4 8 2 40 19,0 8 7 1 19,0 1 2 1 19,0 7 9 2 37 21,0 4 3 2 37 21,0 7 5 2 36 23,0 6 7 3 41 37 24,0 7 3 2 35 24,0 7 10 3 34 28 25,0 8 10 2 32 26,0 2 2 1 27,1 30 8 1 31,0 10 10 1 33,0 9 10 1 32,0 2 8 1 38,0 2 6 1 42,0 8 10 1 42,0 5 9 1 42,0 2 4 1 42,0 4 6 1 42,0 1 1 1 42,0 8 2 1 42,0 3 1 1 42,0 9 5 1 42,1 31 20 1 42,0 8 7 1 42,1 0 0 0
j400501_1.sm,6,6,1 0 0 4 2 39 40 41,0 8 5 1 3,1 2 1 3 38 37 4,0 13 10 3 36 35 5,1 5 4 4 34 33 32 6,0 6 5 1 7,0 6 5 1 8,0 11 7 5 31 30 29 28 9,0 1 1 2 27 10,0 14 10 2 26 11,0 4 2 2 25 12,0 14 8 2 24 13,0 12 7 1 14,0 8 7 2 23 15,0 2 1 1 16,0 11 6 2 22 17,0 11 10 1 18,0 18 10 1 19,0 17 9 1 20,0 10 5 1 21,0 9 5 1 42,0 9 6 1 42,0 4 4 1 42,0 5 5 1 42,1 2 2 1 42,0 9 6 1 42,0 8 5 1 42,0 13 8 1 42,0 5 3 1 42,0 9 9 1 42,0 15 8 1 42,0 1 1 1 42,0 6 4 1 42,0 12 7 1 42,0 9 8 1 42,0 4 2 1 42,0 14 8 1 42,0 3 3 1 42,1 7 7 1 42,0 9 8 1 42,0 10 9 1 42,1 0 0 0
j400501_2.sm,6,6,1 0 0 2 2 10,0 4 2 2 41 3,0 2 2 2 7 4,0 6 6 4 26 15 11 5,0 6 3 1 6,0 14 10 2 12 8,1 16 10 3 26 13 12,0 3 2 2 33 9,0 12 6 3 34 28 13,0 3 3 1 11,0 9 7 2 19 12,0 17 9 3 35 34 14,0 5 4 3 35 19 14,0 6 5 2 36 16,0 5 3 2 28 16,0 12 6 2 40 17,0 2 2 3 39 38 18,1 17 9 2 37 20,0 14 9 3 36 32 21,0 6 4 2 32 21,0 17 9 2 31 22,0 1 1 1 23,0 6 3 1 24,1 9 6 2 29 25,0 3 3 1 27,0 15 10 1 28,0 11 8 1 30,0 2 1 1 29,0 8 4 1 42,0 5 3 1 42,0 8 8 1 42,0 10 5 1 42,0 6 4 1 42,0 11 9 1 42,0 10 6 1 42,0 7 6 1 42,0 15 8 1 42,1 8 8 1 42,0 11 10 1 42,0 7 5 1 42,0 7 7 1 42,1 0 0 0
j400501_3.sm,6,6,1 0 0 2 2 3,0 19 10 1 4,0 1 1 1 4,0 11 10 2 6 5,0 3 2 4 17 10 9 8,0 11 6 3 10 9 7,0 8 6 1 8,0 7 6 3 13 12 11,1 16 8 2 13 11,0 3 2 2 14 13,0 10 10 2 18 14,0 10 10 2 18 14,0 4 2 2 18 15,0 9 5 1 15,0 12 6 1 16,0 3 2 2 20 19,0 10 10 1 18,1 2 2 2 23 20,0 8 5 3 24 23 22,0 8 6 2 22 21,0 6 6 3 28 26 24,0 11 9 3 28 27 25,0 12 9 2 26 25,0 2 2 1 25,0 5 3 2 31 29,0 5 4 1 27,0 6 6 2 33 30,0 9 9 2 32 31,0 13 7 1 30,0 11 9 2 34 32,0 15 10 2 35 33,0 10 6 2 36 35,0 14 10 2 36 34,0 16 10 2 39 37,0 6 4 2 39 37,0 12 10 3 41 39 38,1 6 6 2 41 38,0 10 9 1 40,0 9 8 1 40,1 8 7 1 42,0 6 5 1 42,1 0 0 0
j400501_4.sm,6,6,1 0 0 2 2 7,1 6 4 2 41 3,0 13 9 1 4,0 8 8 2 16 5,0 8 7 3 13 12 6,0 8 5 3 40 15 8,0 8 6 3 40 26 9,0 7 7 2 26 9,1 11 7 4 23 18 17 10,0 6 4 1 11,0 8 6 2 19 14,0 14 9 3 27 22 17,0 15 10 2 20 19,0 5 4 2 27 20,0 2 1 2 27 19,0 6 6 2 23 19,0 16 9 1 19,0 11 9 1 19,0 7 5 1 21,0 4 2 1 22,0 3 3 1 24,0 4 3 1 24,0 15 9 1 24,0 3 3 1 25,0 4 4 3 39 32 28,0 16 9 1 28,0 7 5 2 32 30,0 8 4 1 29,0 12 6 2 34 30,0 2 1 1 31,0 7 6 3 38 37 33,0 10 9 2 35 34,0 13 10 1 35,0 1 1 1 36,0 6 3 1 42,1 1 1 1 42,0 2 1 1 42,0 2 1 1 42,1 19 10 1 42,0 6 6 1 42,0 6 3 1 42,1 0 0 0
j400501_5.sm,6,6,1 0 0 2 2 10,0 18 9 2 41 3,0 10 6 2 7 4,0 12 7 4 26 14 11 5,0 2 1 1 6,0 6 6 2 12 8,0 3 2 3 26 13 12,1 18 9 2 29 9,1 7 5 3 39 28 13,0 7 6 1 11,0 20 10 2 18 12,0 9 5 3 40 39 15,0 18 9 3 40 18 15,0 5 4 3 39 28 16,0 17 9 2 38 16,0 5 4 2 37 17,0 6 5 3 36 35 19,0 3 2 5 38 35 34 33 21,0 10 9 2 34 20,0 10 5 2 33 21,1 1 1 1 22,0 8 7 2 32 23,0 9 7 1 24,0 4 4 2 30 25,0 11 7 1 27,0 3 2 1 28,0 1 1 1 31,0 13 7 1 30,0 7 5 1 30,0 6 5 1 42,0 2 1 1 42,0 9 6 1 42,0 12 10 1 42,0 9 5 1 42,1 5 5 1 42,0 3 3 1 42,0 3 3 1 42,0 16 9 1 42,0 7 6 1 42,0 18 10 1 42,0 10 9 1 42,1 0 0 0
j400501_6.sm,6,6,1 0 0 2 2 6,1 9 9 1 3,0 9 8 2 5 4,0 3 2 4 23 12 10 8,0 3 3 3 12 10 7,0 2 1 2 10 8,0 10 5 1 8,0 7 5 3 15 14 9,0 3 2 2 24 11,0 8 7 2 24 14,1 4 3 1 13,0 8 4 1 13,0 7 4 3 26 22 16,0 8 5 3 26 22 16,0 9 8 4 26 22 19 17,0 6 5 2 19 17,0 6 3 2 27 18,0 6 4 3 41 29 20,0 6 4 2 29 20,1 12 10 2 32 21,0 7 5 3 34 33 25,0 14 10 3 41 33 25,0 12 8 2 40 26,0 9 8 1 26,0 7 6 2 40 28,0 17 10 2 31 29,0 12 9 2 33 30,0 10 7 1 30,1 8 6 3 39 34 33,0 13 10 2 38 31,0 15 8 2 39 35,0 2 2 3 39 38 37,0 3 2 2 38 36,0 8 6 2 38 36,0 17 10 1 36,0 9 6 1 37,0 10 8 1 42,0 12 8 1 42,0 2 1 1 42,0 12 6 1 42,0 3 2 1 42,1 0 0 0
j400501_7.sm,6,6,1 0 0 3 2 40 41,0 2 2 2 39 3,0 14 9 1 4,0 14 9 2 38 5,1 5 3 3 37 14 6,0 14 7 3 36 18 7,0 8 4 3 35 21 8,0 5 3 2 25 9,1 9 5 2 16 10,0 3 2 2 23 11,0 6 4 2 34 12,0 9 9 1 13,0 16 10 2 33 15,0 14 7 3 35 31 16,1 10 7 2 32 17,1 9 7 3 33 32 20,0 8 7 1 19,0 10 7 1 19,0 3 3 2 31 20,0 8 4 2 29 22,0 4 3 4 31 29 28 26,0 11 9 2 30 24,0 12 9 3 30 29 26,0 7 5 2 28 26,0 15 8 2 32 26,0 17 10 1 27,0 16 8 1 42,0 2 2 1 42,0 16 10 1 42,0 10 6 1 42,0 6 3 1 42,0 8 7 1 42,0 2 2 1 42,0 3 2 1 42,0 6 3 1 42,0 3 3 1 42,0 8 8 1 42,0 14 8 1 42,0 6 3 1 42,0 4 3 1 42,0 11 8 1 42,1 0 0 0
j400501_8.sm,6,6,1 0 0 15 2 28 29 30 31 32 33 34 35 36 37 38 39 40 41,0 17 10 1 3,0 17 9 1 4,1 12 9 2 27 5,1 2 2 2 26 6,0 12 8 3 25 24 7,0 4 2 2 23 8,0 10 5 1 9,0 4 4 1 10,0 5 4 2 22 11,0 10 6 1 12,0 2 2 1 13,0 5 3 1 14,0 2 2 1 15,0 11 6 1 16,0 10 5 1 17,0 5 5 1 18,0 16 10 1 19,0 4 4 1 20,1 9 9 1 21,0 11 7 1 42,0 10 7 1 42,0 15 8 1 42,0 8 7 1 42,0 7 6 1 42,0 13 10 1 42,0 5 4 1 42,0 3 2 1 42,0 7 4 1 42,0 13 7 1 42,0 11 7 1 42,0 3 2 1 42,1 13 7 1 42,0 12 9 1 42,0 6 4 1 42,0 11 10 1 42,0 9 5 1 42,0 9 6 1 42,0 5 4 1 42,0 11 10 1 42,0 6 3 1 42,1 0 0 0
j400501_9.sm,6,6,1 0 0 2 2 3,1 5 3 1 4,0 13 9 1 4,0 17 9 2 6 5,0 7 7 4 14 10 9 7,0 7 4 4 14 10 9 8,0 9 7 1 8,0 18 10 3 13 12 11,0 12 6 2 12 11,0 8 6 2 12 11,0 12 8 2 18 15,0 3 2 2 18 15,0 9 5 2 18 15,0 18 10 2 18 17,0 7 7 1 16,0 9 5 1 17,0 7 6 2 20 19,0 11 9 1 19,0 7 6 3 23 22 21,0 4 3 3 24 23 22,0 13 8 3 28 26 24,0 2 2 3 28 27 25,0 8 6 2 26 25,0 8 6 1 25,0 2 1 2 31 29,0 2 1 1 27,0 8 7 2 32 30,0 9 6 2 33 31,0 13 9 1 30,0 5 5 2 35 33,0 2 2 1 32,1 15 9 3 36 35 34,0 6 4 2 36 34,0 10 5 2 39 37,0 8 6 2 39 37,0 5 3 3 41 39 38,0 6 3 2 41 38,0 7 5 1 40,0 13 9 1 40,1 10 5 1 42,1 6 4 1 42,1 0 0 0
j400501_10.sm,6,6,1 0 0 2 2 5,0 9 6 1 3,0 11 9 2 6 4,0 8 5 4 18 14 11 7,0 16 8 3 18 11 8,1 2 2 4 27 18 13 9,0 6 3 1 8,0 6 5 2 13 9,0 1 1 2 23 10,0 5 3 1 12,0 13 10 1 13,0 13 9 3 26 22 15,0 8 5 3 26 22 15,0 7 4 5 32 26 22 19 16,0 3 3 3 32 19 16,0 14 8 1 17,0 16 10 4 41 36 29 20,0 8 5 5 40 36 32 26 24,1 8 4 2 29 20,0 7 7 2 40 21,0 3 2 2 34 24,0 8 5 2 41 25,0 2 2 2 33 26,0 8 4 1 25,0 6 6 1 28,0 5 5 3 39 34 31,0 3 3 3 39 34 31,0 7 7 2 38 30,0 9 5 2 34 31,0 8 5 2 39 33,0 16 9 2 38 35,0 18 9 1 33,0 3 2 1 35,0 8 7 1 35,1 17 10 1 37,0 12 7 1 38,1 11 8 1 42,0 1 1 1 42,0 12 7 1 42,0 10 7 1 42,0 8 8 1 42,1 0 0 0
j400601_1.sm,4,6,1 0 0 2 2 9,0 3 2 1 3,0 6 2 3 15 14 4,0 5 9 1 5,0 3 7 3 12 8 6,0 4 3 1 7,0 10 9 2 19 10,1 26 11 2 19 10,0 1 3 2 19 11,0 7 10 1 11,0 9 2 1 13,1 22 18 1 13,0 5 7 1 16,0 6 6 1 16,0 5 4 1 16,0 5 3 2 21 17,0 1 1 2 23 18,0 10 5 3 29 25 20,1 16 7 2 25 22,0 5 2 2 27 22,0 5 3 2 27 22,0 7 7 1 24,0 2 8 1 24,1 27 12 1 26,0 4 2 1 27,0 8 7 1 28,0 8 8 1 28,0 9 2 2 41 30,0 3 1 2 41 30,0 2 2 2 36 31,0 2 1 2 39 32,0 6 7 2 40 33,0 6 9 2 38 34,0 1 1 1 35,0 7 6 1 37,0 4 2 1 39,0 8 10 1 42,0 6 2 1 42,0 8 6 1 42,0 5 5 1 42,0 3 3 1 42,1 0 0 0
j400601_2.sm,3,6,1 0 0 9 2 34 35 36 37 38 39 40 41,0 5 7 1 3,0 9 7 1 4,0 4 3 2 33 5,0 2 4 2 32 6,0 3 5 1 7,0 4 8 1 8,0 5 3 2 31 9,0 7 8 2 30 10,0 7 8 2 29 11,0 2 6 2 28 12,0 3 9 1 13,0 1 1 1 14,1 32 12 2 27 15,1 19 3 2 26 16,0 2 1 1 17,0 1 4 1 18,0 6 6 1 19,0 3 4 1 20,0 8 9 1 21,0 4 9 1 22,0 8 3 1 23,1 26 15 1 24,0 1 2 1 25,0 5 3 1 42,0 10 10 1 42,0 7 6 1 42,0 8 5 1 42,0 4 4 1 42,0 10 5 1 42,0 7 5 1 42,1 5 2 1 42,0 1 2 1 42,0 10 9 1 42,0 5 10 1 42,0 3 3 1 42,0 4 3 1 42,0 6 2 1 42,0 6 10 1 42,0 6 9 1 42,0 7 6 1 42,1 0 0 0
j400601_3.sm,4,6,1 0 0 1 2,0 5 4 1 3,1 29 9 1 4,0 8 4 4 16 9 7 5,0 6 10 2 32 6,0 3 9 2 10 8,0 2 9 3 41 32 12,0 7 7 2 41 11,0 10 9 2 12 10,0 3 8 3 41 25 13,1 3 4 1 12,0 8 5 2 25 13,0 4 4 1 14,0 6 4 2 24 15,0 6 3 3 31 29 17,0 1 7 4 31 29 21 18,0 2 4 2 21 18,0 10 6 2 28 19,0 10 10 1 20,0 5 5 3 40 34 22,0 8 9 1 22,0 4 2 2 39 23,0 4 4 1 26,0 2 4 1 26,0 1 1 1 26,0 7 7 1 27,1 8 19 1 30,0 5 1 1 30,0 5 3 1 30,0 8 10 2 38 33,0 9 4 2 38 33,1 5 1 2 38 35,0 2 3 1 35,0 2 9 1 35,0 9 8 1 36,0 8 3 1 37,0 3 1 1 42,0 9 9 1 42,0 8 6 1 42,0 5 6 1 42,0 9 8 1 42,1 0 0 0
j400601_4.sm,4,6,1 0 0 1 2,0 7 7 1 3,0 5 9 1 4,0 10 10 4 21 15 12 5,0 6 7 2 41 6,0 1 1 3 40 11 7,0 3 1 1 8,0 2 3 1 9,0 6 6 2 26 10,1 32 3 2 28 13,0 5 1 2 28 13,0 4 5 2 28 13,0 6 6 1 14,0 4 9 3 39 32 16,0 8 8 2 39 16,0 5 7 2 20 17,0 2 1 2 34 18,0 3 6 1 19,0 10 8 3 38 31 22,0 7 9 1 22,0 1 5 1 22,0 5 3 2 37 23,1 25 18 1 24,0 10 9 1 25,0 1 3 1 27,1 39 3 1 27,1 39 8 2 36 29,0 3 5 1 29,0 9 2 1 30,0 1 3 1 33,0 4 4 1 33,0 6 8 1 33,0 5 4 1 35,0 1 2 1 36,0 6 8 1 42,0 6 7 1 42,0 9 7 1 42,0 8 9 1 42,0 7 8 1 42,0 2 6 1 42,0 1 1 1 42,1 0 0 0
j400601_5.sm,6,6,1 0 0 1 2,0 4 2 2 5 3,0 4 7 2 6 4,0 7 10 1 7,1 34 15 1 6,0 7 3 2 9 8,0 10 7 2 9 8,0 7 7 3 13 11 10,0 8 9 1 10,0 7 9 1 12,0 3 5 1 12,0 6 6 2 16 14,0 3 4 1 14,0 4 10 1 15,0 6 6 1 17,0 5 1 1 17,0 4 2 1 18,0 7 3 1 19,0 2 3 3 22 21 20,0 1 4 3 25 24 23,0 8 6 3 25 24 23,0 5 4 2 24 23,0 8 4 2 28 26,0 1 6 2 28 27,1 2 4 2 28 27,1 30 17 1 27,0 9 5 1 29,0 5 9 1 29,0 9 7 1 30,0 5 4 1 31,0 3 7 3 38 33 32,0 6 6 3 36 35 34,0 7 2 2 36 35,0 8 4 1 37,0 1 1 2 40 39,0 10 8 2 40 39,0 7 5 2 40 39,0 4 3 2 40 39,1 9 3 1 41,0 5 6 1 41,0 3 6 1 42,1 0 0 0
j400601_6.sm,4,6,1 0 0 1 2,0 4 3 1 3,0 4 3 1 4,1 24 15 4 17 8 7 5,1 11 9 2 41 6,0 6 10 2 11 9,0 10 6 3 41 40 12,0 9 9 2 40 12,0 5 6 1 10,0 5 5 1 12,0 2 9 3 40 25 14,0 2 4 2 25 13,0 7 3 1 14,0 7 8 2 24 15,1 32 13 3 39 33 16,0 1 3 2 21 18,0 6 2 2 39 18,0 5 2 2 29 19,0 2 2 1 20,0 10 10 3 38 31 22,0 3 4 1 22,0 5 1 2 37 23,0 5 5 1 26,0 10 7 1 26,0 2 4 1 26,0 4 5 1 27,0 4 3 1 28,0 1 4 2 36 30,1 15 10 2 36 32,0 9 7 1 32,0 6 5 1 32,0 1 1 1 34,0 2 1 1 34,0 8 5 1 35,0 2 1 1 42,0 7 9 1 42,0 6 8 1 42,0 10 9 1 42,0 1 4 1 42,0 4 3 1 42,0 7 6 1 42,1 0 0 0
j400601_7.sm,3,6,1 0 0 2 2 15,0 4 5 1 3,0 10 8 3 16 13 4,0 10 10 1 5,0 5 7 3 11 8 6,0 6 5 1 7,0 1 1 2 19 9,0 4 4 2 19 9,0 4 6 1 10,1 8 6 1 12,0 2 9 1 12,1 11 1 1 14,0 9 9 1 14,0 3 7 4 26 24 21 17,0 9 10 4 26 24 21 17,0 3 4 4 28 26 21 20,0 10 10 1 18,0 6 9 3 31 28 20,0 6 5 2 28 22,0 9 9 1 22,0 9 5 1 22,0 8 8 1 23,0 10 10 1 25,0 8 9 2 41 28,0 5 7 1 27,0 6 3 1 27,1 13 8 2 41 29,0 9 10 1 29,0 4 10 2 39 30,0 6 10 2 40 32,0 5 8 3 39 38 33,0 4 1 2 38 33,0 9 8 2 37 34,0 9 10 1 35,0 8 10 1 36,0 1 5 1 42,0 3 2 1 42,0 1 6 1 42,0 10 8 1 42,0 6 4 1 42,1 9 3 1 42,1 0 0 0
j400601_8.sm,4,6,1 0 0 2 2 7,0 5 8 1 3,0 6 8 3 12 6 4,0 3 1 1 5,0 7 6 3 14 10 8,0 7 5 1 8,0 7 3 1 8,0 10 7 1 9,0 9 4 1 11,0 5 1 1 11,0 8 9 2 18 13,0 3 4 2 18 13,0 6 1 1 15,0 7 10 1 15,0 1 5 1 16,0 1 8 1 17,0 10 10 2 20 19,0 7 4 1 19,0 2 9 3 26 22 21,0 7 10 3 26 25 23,0 2 1 2 25 23,1 11 1 1 23,0 4 9 1 24,0 3 6 1 27,0 9 3 1 28,0 9 9 1 28,0 3 1 1 29,0 7 2 1 29,0 7 6 2 41 30,1 38 11 1 31,0 3 5 2 34 32,0 3 3 3 40 39 33,1 4 1 1 35,0 10 10 3 39 38 37,1 18 9 2 38 36,0 5 9 1 37,0 5 7 1 42,0 4 4 1 42,0 3 2 1 42,0 1 5 1 42,0 9 6 1 42,1 0 0 0
j400601_9.sm,5,6,1 0 0 1 2,0 1 1 1 3,0 7 5 1 4,0 7 8 2 6 5,0 8 4 2 11 7,0 1 1 2 11 8,0 2 9 2 10 9,0 2 5 2 10 9,0 10 6 2 13 12,0 3 7 2 13 12,0 8 6 2 13 12,0 2 4 1 14,0 2 2 1 14,0 9 9 2 20 15,0 5 6 1 16,0 3 1 1 17,0 3 9 2 19 18,0 1 6 3 23 22 21,0 1 5 2 23 21,1 11 16 2 23 21,0 1 3 3 27 25 24,0 5 9 3 27 25 24,0 5 8 3 27 26 24,0 9 3 2 29 28,0 6 6 1 26,0 8 7 1 28,0 10 6 1 28,0 7 8 2 31 30,0 8 7 2 31 30,0 10 10 2 33 32,0 2 5 2 33 32,1 12 15 1 34,1 30 11 1 34,0 1 4 2 36 35,0 2 4 1 37,1 13 2 1 37,0 7 7 2 40 38,0 6 9 1 39,0 10 6 1 41,0 2 5 1 41,0 9 6 1 42,1 0 0 0
j400601_10.sm,3,6,1 0 0 1 2,0 2 7 1 3,0 2 3 2 41 4,0 10 8 3 17 12 5,0 10 9 2 40 6,0 8 9 3 39 11 7,0 3 2 1 8,0 7 10 2 31 9,0 8 8 1 10,0 4 3 2 38 13,0 8 5 1 13,0 7 7 1 13,0 2 9 2 37 14,0 9 8 2 28 15,1 3 4 2 21 16,1 4 8 2 30 18,0 8 7 2 30 18,0 1 2 1 19,0 7 9 3 36 35 20,0 4 3 2 34 22,0 7 5 2 34 22,0 6 7 1 23,0 7 3 1 24,0 7 10 1 25,0 8 10 2 33 26,0 2 2 1 27,1 30 8 1 29,0 10 10 1 29,0 9 10 1 32,0 2 8 1 33,0 2 6 1 32,0 8 10 1 42,0 5 9 1 42,0 2 4 1 42,0 4 6 1 42,0 1 1 1 42,0 8 2 1 42,0 3 1 1 42,0 9 5 1 42,1 31 20 1 42,0 8 7 1 42,1 0 0 0
j400701_1.sm,6,6,1 0 0 7 2 36 37 38 39 40 41,0 10 9 2 35 3,0 12 9 4 34 33 32 4,0 9 9 1 5,0 3 2 1 6,0 14 10 1 7,0 4 2 1 8,0 12 7 1 9,0 17 9 1 10,0 14 9 2 31 11,0 14 10 2 30 12,0 7 5 1 13,0 1 1 1 14,0 4 4 1 15,0 8 7 1 16,0 5 4 1 17,0 14 9 1 18,1 15 8 1 19,1 12 9 1 20,0 2 1 1 21,0 11 9 1 22,0 2 1 1 23,0 2 1 1 24,0 2 1 1 25,0 1 1 1 26,0 15 10 1 27,0 12 6 1 28,0 10 5 1 29,0 13 7 1 42,0 7 6 1 42,0 16 8 1 42,0 11 6 1 42,1 18 9 1 42,0 4 2 1 42,1 14 9 1 42,0 6 4 1 42,0 2 2 1 42,0 9 8 1 42,0 2 1 1 42,0 14 7 1 42,0 9 8 1 42,1 0 0 0
j400701_2.sm,6,6,1 0 0 2 2 7,0 1 1 1 3,0 6 3 1 4,0 11 7 1 5,0 3 3 2 15 6,0 3 2 1 8,0 1 1 1 8,0 2 1 1 9,0 10 8 1 10,0 1 1 2 17 11,0 12 6 1 12,0 4 3 2 33 13,0 6 3 2 41 14,0 8 6 1 16,1 13 10 3 41 40 19,0 10 5 1 18,0 10 5 3 41 33 20,0 4 2 2 40 19,1 2 1 1 20,0 9 5 2 39 21,0 8 5 1 22,0 4 2 2 38 23,0 2 2 4 37 36 29 24,0 19 10 1 25,1 10 8 1 26,0 5 3 1 27,1 9 6 1 28,0 6 6 2 35 30,0 8 4 2 35 32,0 5 3 1 31,0 8 6 1 32,0 9 9 1 34,0 3 3 1 36,0 6 3 1 42,0 2 1 1 42,0 8 5 1 42,0 8 7 1 42,0 8 4 1 42,0 4 2 1 42,0 2 1 1 42,0 3 2 1 42,1 0 0 0
j400701_3.sm,6,6,1 0 0 2 2 7,0 2 1 1 3,0 3 2 1 4,0 11 6 1 5,0 3 2 1 6,0 6 3 1 8,0 6 3 1 8,0 2 1 1 9,0 13 9 2 15 10,0 4 2 2 14 11,0 2 2 1 12,0 12 7 1 13,0 10 10 2 19 16,0 10 10 2 19 16,0 1 1 2 19 16,0 11 8 2 37 17,0 14 7 1 18,0 11 10 2 33 20,0 13 7 2 37 22,0 10 6 1 21,0 4 2 1 22,0 19 10 2 28 23,0 3 2 1 24,0 16 8 2 35 25,1 7 5 3 41 27 26,0 13 7 1 29,0 17 10 2 39 31,0 9 9 2 35 31,0 14 7 1 30,0 6 3 1 31,0 11 9 1 32,0 10 6 2 40 34,1 8 7 2 39 38,0 5 4 1 36,0 12 10 1 36,0 12 10 1 38,1 4 4 1 38,1 14 8 1 42,0 17 10 1 42,0 2 1 1 42,0 2 1 1 42,1 0 0 0
j400701_4.sm,6,6,1 0 0 3 2 40 41,0 4 3 1 3,0 12 8 2 9 4,0 12 10 1 5,0 3 2 2 38 6,0 13 9 1 7,0 10 10 1 8,0 1 1 2 37 10,0 10 10 2 39 11,0 3 3 1 11,0 10 10 1 12,0 14 8 1 13,0 13 8 1 14,0 13 8 1 15,0 10 8 2 36 16,0 5 3 1 17,0 1 1 1 18,1 4 2 1 19,0 12 7 2 35 20,0 10 7 2 34 21,0 10 7 2 33 22,0 8 6 2 32 23,0 7 5 1 24,0 4 2 1 25,0 13 7 2 31 26,0 7 7 1 27,1 2 2 1 28,1 8 7 1 29,0 3 2 1 30,0 15 8 1 42,0 8 4 1 42,1 2 2 1 42,0 12 10 1 42,0 6 3 1 42,0 5 5 1 42,0 11 10 1 42,0 9 7 1 42,0 1 1 1 42,0 13 9 1 42,0 12 8 1 42,0 14 7 1 42,1 0 0 0
j400701_5.sm,6,6,1 0 0 2 2 7,0 2 1 1 3,0 11 7 1 4,0 13 9 1 5,0 1 1 1 6,0 18 9 1 8,0 5 3 1 8,0 6 3 2 14 9,0 12 6 1 10,0 10 9 2 15 11,0 18 9 1 12,1 11 8 1 13,0 9 5 2 19 16,0 14 8 2 19 16,0 8 6 2 19 17,0 7 4 2 41 17,0 5 5 1 18,0 11 6 2 40 20,0 9 9 3 41 30 22,0 1 1 1 21,0 12 10 2 30 22,0 6 3 1 23,0 5 3 1 24,1 9 5 4 39 35 27 25,0 14 9 2 38 26,0 11 10 1 28,0 4 3 2 38 31,0 2 1 1 29,0 9 6 1 31,0 7 6 3 37 35 33,0 1 1 1 32,0 10 6 2 37 33,0 6 3 1 34,1 13 9 1 36,0 2 1 1 36,0 5 4 1 42,0 6 4 1 42,0 13 7 1 42,0 2 1 1 42,0 1 1 1 42,1 1 1 1 42,1 0 0 0
j400701_6.sm,6,6,1 0 0 1 2,1 11 8 1 3,0 16 10 3 10 6 4,0 3 3 2 22 5,0 17 9 2 11 7,0 10 7 2 22 8,0 6 5 1 8,0 17 9 2 25 9,1 1 1 1 12,0 11 6 1 12,0 7 5 2 25 14,0 6 3 1 13,1 12 6 1 14,0 14 7 2 20 15,0 5 4 1 16,0 14 9 1 17,0 6 3 1 18,0 5 4 1 19,0 7 4 1 21,0 5 3 1 21,0 1 1 2 27 23,0 9 6 2 27 23,0 12 9 1 24,0 8 7 1 26,0 5 5 1 26,0 4 4 1 28,0 7 6 1 28,0 4 2 2 41 29,0 2 1 2 35 30,0 2 2 1 31,0 5 5 2 37 32,0 12 8 2 40 33,1 8 5 1 34,0 9 5 2 38 36,0 2 1 2 40 38,0 2 1 1 39,0 6 3 1 40,0 11 6 1 42,0 14 8 1 42,0 17 9 1 42,0 6 5 1 42,1 0 0 0
j400701_7.sm,6,6,1 0 0 6 2 37 38 39 40 41,0 10 8 1 3,0 16 10 4 36 35 34 4,0 18 9 1 5,1 12 8 1 6,0 11 6 2 33 7,0 5 4 1 8,0 16 8 1 9,0 11 7 1 10,0 6 5 2 32 11,0 16 9 2 31 12,0 12 9 1 13,0 7 7 2 30 14,0 7 5 1 15,0 16 8 1 16,0 12 7 1 17,0 10 9 1 18,0 7 6 1 19,0 1 1 1 20,0 10 8 1 21,0 9 5 1 22,1 6 3 1 23,0 12 8 1 24,0 3 3 1 25,0 1 1 1 26,0 11 7 1 27,0 7 4 1 28,0 8 7 1 29,0 15 10 1 42,1 19 10 1 42,0 11 8 1 42,0 7 5 1 42,0 10 5 1 42,0 10 6 1 42,1 6 6 1 42,0 12 6 1 42,0 7 4 1 42,0 5 4 1 42,0 6 4 1 42,0 18 10 1 42,0 16 8 1 42,1 0 0 0
j400701_8.sm,6,6,1 0 0 5 2 16 39 40 41,0 6 4 1 3,0 11 6 2 38 4,0 15 10 2 37 5,0 4 2 1 6,0 1 1 1 7,1 15 9 1 8,0 2 2 1 9,0 8 5 1 10,0 5 4 1 11,1 1 1 2 36 12,0 10 9 1 13,0 16 9 1 14,0 4 3 2 35 15,0 5 3 1 17,0 10 10 1 17,0 9 8 1 18,0 5 5 3 34 33 19,0 7 5 1 20,0 6 3 2 32 21,0 19 10 1 22,0 9 7 1 23,0 7 5 2 31 24,0 3 2 1 25,0 13 10 1 26,0 2 1 1 27,0 8 8 1 28,0 2 1 1 29,0 16 9 1 30,0 6 4 1 42,0 3 2 1 42,0 6 4 1 42,0 10 10 1 42,0 1 1 1 42,0 7 6 1 42,0 19 10 1 42,1 16 9 1 42,0 8 7 1 42,0 3 2 1 42,0 1 1 1 42,1 8 7 1 42,1 0 0 0
j400701_9.sm,6,6,1 0 0 5 2 38 39 40 41,0 16 8 1 3,0 5 5 2 37 4,0 5 4 3 36 35 5,0 5 3 2 34 6,0 15 10 2 33 7,0 16 10 1 8,0 6 3 1 9,0 15 9 1 10,0 5 5 1 11,0 13 10 2 32 12,0 17 10 2 31 13,0 6 6 1 14,1 9 7 2 30 15,0 10 9 1 16,0 13 7 1 17,0 9 9 1 18,0 16 9 1 19,0 12 9 1 20,0 5 5 1 21,0 4 2 1 22,0 4 3 1 23,0 2 2 1 24,1 5 3 1 25,0 4 4 1 26,0 2 1 1 27,0 2 2 1 28,0 6 3 1 29,1 16 10 1 42,0 16 8 1 42,0 13 8 1 42,0 13 8 1 42,0 3 2 1 42,1 12 7 1 42,0 17 9 1 42,0 7 5 1 42,0 2 1 1 42,0 12 7 1 42,0 9 7 1 42,0 1 1 1 42,0 4 2 1 42,1 0 0 0
j400701_10.sm,6,6,1 0 0 2 2 11,0 8 4 1 3,0 12 10 1 4,0 11 6 1 5,0 9 8 2 41 6,0 6 6 1 7,0 8 6 1 8,0 5 3 1 9,0 10 7 3 40 39 10,0 3 2 2 38 12,0 8 7 1 12,0 20 10 1 13,0 10 8 2 37 14,0 5 4 1 15,0 15 9 1 16,0 14 7 1 17,0 2 1 2 36 18,0 6 3 5 35 34 33 32 19,0 13 7 1 20,1 9 6 1 21,0 2 1 1 22,0 9 6 1 23,1 11 7 2 31 24,0 13 9 1 25,0 10 7 1 26,0 16 9 1 27,0 8 7 1 28,0 6 4 1 29,0 19 10 1 30,0 4 3 1 42,0 14 8 1 42,0 9 5 1 42,0 3 3 1 42,1 5 5 1 42,0 9 6 1 42,1 8 6 1 42,0 5 4 1 42,0 8 8 1 42,0 15 8 1 42,0 19 10 1 42,0 12 6 1 42,1 0 0 0
j400801_1.sm,4,6,1 0 0 1 2,0 3 2 2 6 3,0 6 2 1 4,0 5 9 2 19 5,0 3 7 1 7,0 4 3 1 7,0 10 9 1 8,1 26 11 2 12 9,0 1 3 1 10,0 7 10 1 11,0 9 2 1 13,1 22 18 1 13,0 5 7 2 16 14,0 6 6 2 18 15,0 5 4 1 17,0 5 3 1 17,0 1 1 1 20,0 10 5 1 20,1 16 7 1 20,0 5 2 1 21,0 5 3 1 22,0 7 7 1 23,0 2 8 2 26 24,1 27 12 1 25,0 4 2 2 39 27,0 8 7 2 39 27,0 8 8 1 28,0 9 2 1 29,0 3 1 2 41 30,0 2 2 1 31,0 2 1 1 32,0 6 7 1 33,0 6 9 1 34,0 1 1 1 35,0 7 6 1 36,0 4 2 1 37,0 8 10 1 38,0 6 2 1 40,0 8 6 1 41,0 5 5 1 42,0 3 3 1 42,1 0 0 0
j400801_2.sm,4,6,1 0 0 2 2 3,0 5 7 1 4,0 9 7 2 19 6,0 4 3 1 5,0 2 4 2 35 6,0 3 5 1 7,0 4 8 1 8,0 5 3 1 9,0 7 8 2 21 10,0 7 8 1 11,0 2 6 1 12,0 3 9 2 41 13,0 1 1 1 14,1 32 12 1 15,1 19 3 1 16,0 2 1 1 17,0 1 4 1 18,0 6 6 1 20,0 3 4 3 40 35 23,0 8 9 1 22,0 4 9 1 22,0 8 3 2 40 23,1 26 15 1 24,0 1 2 1 25,0 5 3 2 39 26,0 10 10 1 27,0 7 6 1 28,0 8 5 1 29,0 4 4 1 30,0 10 5 2 37 31,0 7 5 1 32,1 5 2 1 33,0 1 2 1 34,0 10 9 1 36,0 5 10 1 36,0 3 3 1 38,0 4 3 1 38,0 6 2 1 42,0 6 10 1 42,0 6 9 1 42,0 7 6 1 42,1 0 0 0
j400801_3.sm,5,6,1 0 0 6 2 37 38 39 40 41,0 5 4 1 3,1 29 9 1 4,0 8 4 1 5,0 6 10 1 6,0 3 9 1 7,0 2 9 1 8,0 7 7 1 9,0 10 9 1 10,0 3 8 1 11,1 3 4 2 36 12,0 8 5 1 13,0 4 4 1 14,0 6 4 2 35 15,0 6 3 2 34 16,0 1 7 1 17,0 2 4 1 18,0 10 6 1 19,0 10 10 1 20,0 5 5 1 21,0 8 9 1 22,0 4 2 1 23,0 4 4 1 24,0 2 4 1 25,0 1 1 1 26,0 7 7 1 27,1 8 19 1 28,0 5 1 1 29,0 5 3 1 30,0 8 10 1 31,0 9 4 1 32,1 5 1 1 33,0 2 3 1 42,0 2 9 1 42,0 9 8 1 42,0 8 3 1 42,0 3 1 1 42,0 9 9 1 42,0 8 6 1 42,0 5 6 1 42,0 9 8 1 42,1 0 0 0
j400801_4.sm,4,6,1 0 0 1 2,0 7 7 2 10 3,0 5 9 1 4,0 10 10 2 41 5,0 6 7 1 6,0 1 1 1 7,0 3 1 2 14 8,0 2 3 2 40 9,0 6 6 1 11,1 32 3 2 40 13,0 5 1 1 12,0 4 5 1 13,0 6 6 2 18 15,0 4 9 2 40 16,0 8 8 1 16,0 5 7 1 17,0 2 1 1 19,0 3 6 1 19,0 10 8 1 20,0 7 9 2 39 21,0 1 5 1 22,0 5 3 1 23,1 25 18 2 38 24,0 10 9 1 25,0 1 3 2 37 26,1 39 3 1 27,1 39 8 1 28,0 3 5 1 29,0 9 2 1 30,0 1 3 1 31,0 4 4 1 32,0 6 8 1 33,0 5 4 1 34,0 1 2 1 35,0 6 8 1 36,0 6 7 1 42,0 9 7 1 42,0 8 9 1 42,0 7 8 1 42,0 2 6 1 42,0 1 1 1 42,1 0 0 0
j400801_5.sm,3,6,1 0 0 6 2 37 38 39 40 41,0 4 2 1 3,0 4 7 1 4,0 7 10 1 5,1 34 15 1 6,0 7 3 1 7,0 10 7 1 8,0 7 7 1 9,0 8 9 2 36 10,0 7 9 1 11,0 3 5 1 12,0 6 6 1 13,0 3 4 2 35 14,0 4 10 1 15,0 6 6 2 34 16,0 5 1 1 17,0 4 2 1 18,0 7 3 1 19,0 2 3 1 20,0 1 4 1 21,0 8 6 1 22,0 5 4 1 23,0 8 4 1 24,0 1 6 1 25,1 2 4 1 26,1 30 17 1 27,0 9 5 1 28,0 5 9 1 29,0 9 7 1 30,0 5 4 1 31,0 3 7 1 32,0 6 6 1 33,0 7 2 1 42,0 8 4 1 42,0 1 1 1 42,0 10 8 1 42,0 7 5 1 42,0 4 3 1 42,1 9 3 1 42,0 5 6 1 42,0 3 6 1 42,1 0 0 0
j400801_6.sm,3,6,1 0 0 2 2 8,0 4 3 2 41 3,0 4 3 1 4,1 24 15 1 5,1 11 9 1 6,0 6 10 1 7,0 10 6 1 9,0 9 9 1 9,0 5 6 2 40 10,0 5 5 1 11,0 2 9 1 12,0 2 4 2 29 13,0 7 3 1 14,0 7 8 1 15,1 32 13 1 16,0 1 3 3 39 38 17,0 6 2 1 18,0 5 2 1 19,0 2 2 2 37 20,0 10 10 1 21,0 3 4 1 22,0 5 1 1 23,0 5 5 1 24,0 10 7 1 25,0 2 4 1 26,0 4 5 1 27,0 4 3 1 28,0 1 4 1 30,1 15 10 1 30,0 9 7 2 36 31,0 6 5 1 32,0 1 1 1 33,0 2 1 1 34,0 8 5 1 35,0 2 1 1 42,0 7 9 1 42,0 6 8 1 42,0 10 9 1 42,0 1 4 1 42,0 4 3 1 42,0 7 6 1 42,1 0 0 0
j400801_7.sm,4,6,1 0 0 2 2 5,0 4 5 1 3,0 10 8 1 4,0 10 10 1 6,0 5 7 1 6,0 6 5 1 7,0 1 1 1 8,0 4 4 1 9,0 4 6 1 10,1 8 6 1 11,0 2 9 3 23 18 12,1 11 1 2 16 13,0 9 9 1 14,0 3 7 1 15,0 9 10 1 17,0 3 4 1 17,0 10 10 1 19,0 6 9 1 19,0 6 5 2 25 20,0 9 9 2 27 21,0 9 5 1 22,0 8 8 1 24,0 10 10 1 25,0 8 9 1 26,0 5 7 1 27,0 6 3 2 34 28,1 13 8 2 34 28,0 9 10 1 29,0 4 10 1 30,0 6 10 1 31,0 5 8 1 32,0 4 1 1 33,0 9 8 1 35,0 9 10 1 35,0 8 10 1 36,0 1 5 1 37,0 3 2 2 41 38,0 1 6 1 39,0 10 8 1 40,0 6 4 1 42,1 9 3 1 42,1 0 0 0
j400801_8.sm,5,6,1 0 0 2 2 5,0 5 8 1 3,0 6 8 1 4,0 3 1 1 6,0 7 6 1 6,0 7 5 1 7,0 7 3 2 16 8,0 10 7 1 9,0 9 4 1 10,0 5 1 1 11,0 8 9 2 13 12,0 3 4 2 20 15,0 6 1 1 14,0 7 10 1 15,0 1 5 1 17,0 1 8 1 17,0 10 10 2 22 18,0 7 4 1 19,0 2 9 1 21,0 7 10 1 21,0 2 1 1 23,1 11 1 1 23,0 4 9 2 27 24,0 3 6 1 25,0 9 3 1 26,0 9 9 1 28,0 3 1 1 28,0 7 2 1 29,0 7 6 1 30,1 38 11 1 31,0 3 5 1 32,0 3 3 1 33,1 4 1 2 39 34,0 10 10 1 35,1 18 9 1 36,0 5 9 1 37,0 5 7 2 40 38,0 4 4 1 41,0 3 2 1 40,0 1 5 1 42,0 9 6 1 42,1 0 0 0
j400801_9.sm,3,6,1 0 0 1 2,0 1 1 2 41 3,0 7 5 1 4,0 7 8 2 40 5,0 8 4 1 6,0 1 1 1 7,0 2 9 2 18 8,0 2 5 2 39 9,0 10 6 1 10,0 3 7 1 11,0 8 6 2 26 12,0 2 4 1 13,0 2 2 1 14,0 9 9 1 15,0 5 6 1 16,0 3 1 2 38 17,0 3 9 1 19,0 1 6 2 39 21,0 1 5 1 20,1 11 16 1 21,0 1 3 2 37 22,0 5 9 1 23,0 5 8 2 36 24,0 9 3 1 25,0 6 6 1 27,0 8 7 1 27,0 10 6 1 28,0 7 8 1 29,0 8 7 1 30,0 10 10 1 31,0 2 5 1 32,1 12 15 1 33,1 30 11 1 34,0 1 4 1 35,0 2 4 1 42,1 13 2 1 42,0 7 7 1 42,0 6 9 1 42,0 10 6 1 42,0 2 5 1 42,0 9 6 1 42,1 0 0 0
j400801_10.sm,3,6,1 0 0 2 2 6,0 2 7 1 3,0 2 3 1 4,0 10 8 1 5,0 10 9 1 7,0 8 9 1 7,0 3 2 1 8,0 7 10 1 9,0 8 8 1 10,0 4 3 2 31 11,0 8 5 2 21 12,0 7 7 2 17 13,0 2 9 1 14,0 9 8 1 15,1 3 4 1 16,1 4 8 1 18,0 8 7 1 18,0 1 2 2 28 19,0 7 9 2 25 20,0 4 3 1 22,0 7 5 2 25 24,0 6 7 1 23,0 7 3 2 35 24,0 7 10 1 26,0 8 10 2 35 29,0 2 2 1 27,1 30 8 1 29,0 10 10 1 29,0 9 10 1 30,0 2 8 1 32,0 2 6 1 32,0 8 10 1 33,0 5 9 1 34,0 2 4 1 36,0 4 6 1 36,0 1 1 1 37,0 8 2 2 41 38,0 3 1 1 39,0 9 5 1 40,1 31 20 1 42,0 8 7 1 42,1 0 0 0
j400901_1.sm,6,6,1 0 0 1 2,0 12 8 1 3,0 11 6 1 4,0 11 8 1 5,0 2 1 1 6,0 2 1 1 7,0 8 6 1 8,0 11 8 1 9,0 16 8 1 10,0 10 6 2 14 11,0 12 7 1 12,0 8 8 1 13,0 20 10 1 15,0 3 2 1 15,0 9 8 2 23 16,0 16 9 1 17,0 7 6 1 18,0 3 2 1 19,0 11 9 1 20,1 9 5 1 21,0 3 2 1 22,0 9 5 1 24,0 7 6 1 24,0 8 6 1 25,0 2 1 2 29 26,0 19 10 1 27,0 2 1 1 28,0 5 4 2 41 30,0 9 6 1 30,0 3 3 1 31,0 6 5 1 32,0 10 7 1 33,0 7 4 1 34,0 7 7 1 35,0 15 9 1 36,1 8 5 1 37,1 5 5 1 38,0 20 10 1 39,1 10 5 1 40,0 1 1 1 42,0 8 5 1 42,1 0 0 0
j400901_2.sm,6,6,1 0 0 3 2 40 41,0 9 6 1 3,0 13 10 1 4,0 18 10 1 5,0 6 6 1 6,0 6 3 1 7,0 4 3 1 8,0 15 9 1 9,0 1 1 2 39 10,0 6 3 1 11,0 11 9 1 12,0 7 4 1 13,1 1 1 1 14,0 12 7 1 15,0 7 5 1 16,0 10 9 2 38 17,0 13 7 1 18,0 18 10 1 19,0 9 5 1 20,1 12 6 1 21,0 4 4 1 22,0 10 10 1 23,0 2 1 1 24,0 13 7 1 25,0 4 2 1 26,0 6 6 1 27,0 11 6 1 28,0 18 9 1 29,0 9 7 1 30,1 10 5 1 31,0 7 4 1 32,0 11 7 1 33,0 2 1 1 34,0 1 1 1 35,0 5 5 1 36,1 13 10 1 37,0 1 1 1 42,0 17 9 1 42,0 12 10 1 42,0 14 8 1 42,0 13 7 1 42,1 0 0 0
j400901_3.sm,6,6,1 0 0 1 2,0 7 4 1 3,1 11 7 2 9 4,0 12 7 1 5,0 8 6 1 6,0 10 6 1 7,0 4 4 1 8,0 11 8 1 10,1 9 9 1 10,0 13 10 1 11,1 7 5 1 12,0 3 2 1 13,0 2 1 1 14,0 5 3 1 15,0 2 1 1 16,0 5 5 1 17,0 4 4 2 32 18,1 9 6 1 19,0 3 2 1 20,0 9 6 2 35 21,0 6 5 2 27 22,0 8 5 1 23,0 4 2 1 24,0 5 4 1 25,0 15 10 1 26,0 8 8 1 28,0 10 5 1 28,0 6 3 1 29,0 5 3 1 30,0 8 8 1 31,0 12 10 1 33,0 10 6 1 33,0 3 3 1 34,0 12 7 1 36,0 5 3 1 36,0 10 10 1 37,0 4 3 1 38,0 5 5 1 39,0 7 4 1 40,0 8 5 1 41,0 10 6 1 42,1 0 0 0
j400901_4.sm,6,6,1 0 0 2 2 41,0 12 8 3 40 39 3,0 2 1 1 4,0 7 4 1 5,0 12 6 2 38 6,0 11 10 1 7,0 9 5 1 8,0 13 10 1 9,1 9 9 1 10,0 14 9 1 11,0 20 10 1 12,0 15 10 1 13,0 8 8 1 14,0 2 2 1 15,0 6 5 1 16,0 1 1 1 17,0 4 2 1 18,0 11 9 1 19,0 6 3 1 20,0 1 1 1 21,0 4 4 1 22,0 9 5 1 23,1 7 4 1 24,0 8 4 1 25,0 18 9 1 26,0 19 10 1 27,1 11 7 1 28,1 8 8 1 29,0 9 5 1 30,0 17 10 1 31,0 8 4 1 32,0 8 8 1 33,0 8 7 1 34,0 5 5 1 35,0 3 2 1 36,0 1 1 1 37,0 2 2 1 42,0 5 4 1 42,0 18 9 1 42,0 7 5 1 42,0 9 7 1 42,1 0 0 0
j400901_5.sm,6,6,1 0 0 1 2,0 8 8 1 3,0 1 1 1 4,0 9 8 1 5,0 6 3 1 6,0 8 6 2 41 7,0 16 8 1 8,0 4 3 1 9,0 10 8 2 40 10,0 4 3 1 11,0 2 1 1 12,0 18 9 1 13,0 17 9 1 14,0 8 4 1 15,0 10 6 1 16,0 1 1 1 17,0 5 3 1 18,0 3 2 1 19,0 5 3 1 20,0 12 9 1 21,1 11 6 1 22,0 6 3 1 23,0 5 4 1 24,0 8 4 1 25,0 15 9 1 26,0 11 10 1 27,1 2 1 1 28,0 5 4 2 39 29,0 2 2 1 30,0 1 1 1 31,0 5 3 1 32,1 1 1 1 33,0 7 7 1 34,0 11 10 2 38 35,1 1 1 1 36,0 9 5 1 37,0 15 8 1 42,0 11 8 1 42,0 8 7 1 42,0 5 4 1 42,0 2 1 1 42,1 0 0 0
j400901_6.sm,6,6,1 0 0 1 2,0 13 8 1 3,0 2 2 2 11 4,0 4 3 1 5,0 7 4 1 6,0 7 4 1 7,0 16 8 1 8,0 15 9 1 9,0 4 3 1 10,0 8 6 1 12,0 18 10 1 12,0 4 2 1 13,0 4 2 1 14,0 9 9 1 15,0 1 1 2 41 16,1 5 3 1 17,0 8 6 1 18,0 10 6 1 19,0 10 9 1 20,0 10 5 2 40 21,0 9 5 2 34 22,0 3 3 1 23,0 20 10 1 24,0 7 4 1 25,1 14 8 1 26,0 10 5 1 27,1 11 8 1 28,0 11 10 1 29,0 9 6 1 30,0 6 5 1 31,0 16 10 1 32,1 12 9 1 33,0 8 8 1 35,0 2 1 1 35,0 12 9 1 36,0 2 2 1 37,0 6 3 1 38,0 13 8 1 39,0 2 1 1 42,0 3 2 1 42,0 14 9 1 42,1 0 0 0
j400901_7.sm,6,6,1 0 0 1 2,1 6 5 1 3,1 5 5 1 4,0 4 2 1 5,0 20 10 1 6,0 13 9 1 7,0 1 1 1 8,0 8 7 1 9,0 11 9 1 10,0 17 9 1 11,0 17 9 1 12,0 12 9 1 13,0 13 8 1 14,0 5 3 1 15,0 14 8 1 16,0 18 10 2 19 17,0 5 4 1 18,1 19 10 1 20,0 1 1 1 20,0 3 3 1 21,0 2 1 1 22,0 5 4 2 25 23,0 9 5 1 24,0 6 3 1 26,0 5 3 1 26,0 7 5 1 27,0 8 4 1 28,0 13 7 1 29,0 18 9 1 30,1 2 1 1 31,0 4 3 1 32,0 11 6 1 33,0 3 3 1 34,0 1 1 2 38 35,0 12 10 2 37 36,0 1 1 1 39,0 7 4 1 39,0 5 3 1 39,0 8 7 1 40,0 2 2 1 41,0 3 3 1 42,1 0 0 0
j400901_8.sm,6,6,1 0 0 2 2 41,0 7 7 1 3,0 10 7 1 4,0 11 9 1 5,0 15 8 1 6,0 10 5 1 7,0 4 4 1 8,1 15 9 1 9,0 18 10 1 10,0 18 9 1 11,1 10 5 1 12,0 5 5 1 13,0 4 3 1 14,0 3 3 1 15,0 20 10 2 40 16,0 12 8 1 17,0 14 9 2 31 18,0 12 10 1 19,1 2 2 1 20,0 5 3 1 21,0 12 8 1 22,0 1 1 1 23,0 4 4 1 24,0 4 3 1 25,0 1 1 1 26,0 1 1 1 27,0 3 3 1 28,0 4 2 1 29,0 12 7 1 30,0 11 10 1 32,0 8 4 1 32,0 4 3 2 39 33,0 9 8 1 34,0 14 9 1 35,0 9 9 1 36,1 14 8 1 37,0 7 7 1 38,0 6 4 1 42,0 20 10 1 42,0 3 3 1 42,0 11 7 1 42,1 0 0 0
j400901_9.sm,6,6,1 0 0 2 2 3,0 3 3 2 24 4,0 4 4 2 24 5,0 3 2 1 5,0 14 8 1 6,0 7 4 1 7,0 3 2 1 8,0 4 2 1 9,0 6 5 1 10,0 16 10 1 11,1 2 1 1 12,1 16 9 1 13,0 15 8 1 14,0 18 9 1 15,0 14 7 1 16,0 13 8 1 17,0 17 9 1 18,0 14 10 1 19,0 4 4 2 26 20,0 2 1 1 21,0 9 9 1 22,0 12 7 1 23,0 4 2 1 25,0 2 1 1 25,0 1 1 1 27,0 3 3 1 27,0 5 3 1 28,0 20 10 1 29,1 2 2 1 30,0 4 4 2 34 31,0 7 7 1 32,0 11 6 1 33,0 2 2 1 35,0 4 2 1 35,0 9 8 1 36,0 5 5 1 37,0 11 10 1 38,0 4 3 1 39,0 2 1 1 40,1 1 1 1 41,0 9 5 1 42,1 0 0 0
j400901_10.sm,6,6,1 0 0 1 2,0 16 9 1 3,0 14 10 1 4,0 5 4 1 5,0 16 10 2 41 6,0 3 2 1 7,0 6 6 1 8,0 5 4 2 40 9,1 3 3 1 10,0 11 10 1 11,0 4 3 2 39 12,0 6 6 1 13,0 2 2 1 14,0 11 8 1 15,0 11 6 2 38 16,0 2 2 1 17,0 2 1 1 18,0 10 10 1 19,0 17 9 1 20,0 13 7 1 21,0 13 9 1 22,0 12 10 1 23,0 15 10 1 24,0 6 3 1 25,0 2 1 1 26,0 5 3 1 27,1 8 5 1 28,0 5 4 1 29,0 16 10 1 30,0 5 4 1 31,0 3 3 1 32,1 1 1 1 33,0 11 10 1 34,0 9 6 1 35,0 1 1 1 36,0 4 2 1 37,0 8 6 1 42,0 5 3 1 42,1 14 8 1 42,0 8 8 1 42,0 5 5 1 42,1 0 0 0
j401001_1.sm,5,6,1 0 0 1 2,0 3 2 1 3,0 6 2 1 4,0 5 9 1 5,0 3 7 1 6,0 4 3 1 7,0 10 9 1 8,1 26 11 1 9,0 1 3 1 10,0 7 10 1 11,0 9 2 1 12,1 22 18 1 13,0 5 7 1 14,0 6 6 1 15,0 5 4 1 16,0 5 3 1 17,0 1 1 1 18,0 10 5 1 19,1 16 7 1 20,0 5 2 1 21,0 5 3 1 22,0 7 7 1 23,0 2 8 1 24,1 27 12 1 25,0 4 2 1 26,0 8 7 1 27,0 8 8 1 28,0 9 2 1 29,0 3 1 1 30,0 2 2 1 31,0 2 1 1 32,0 6 7 1 33,0 6 9 1 34,0 1 1 1 35,0 7 6 1 36,0 4 2 1 37,0 8 10 1 38,0 6 2 1 39,0 8 6 1 40,0 5 5 1 41,0 3 3 1 42,1 0 0 0
j401001_2.sm,4,6,1 0 0 1 2,0 5 7 1 3,0 9 7 1 4,0 4 3 1 5,0 2 4 1 6,0 3 5 1 7,0 4 8 1 8,0 5 3 1 9,0 7 8 1 10,0 7 8 1 11,0 2 6 1 12,0 3 9 1 13,0 1 1 1 14,1 32 12 1 15,1 19 3 1 16,0 2 1 1 17,0 1 4 1 18,0 6 6 1 19,0 3 4 1 20,0 8 9 1 21,0 4 9 1 22,0 8 3 1 23,1 26 15 1 24,0 1 2 1 25,0 5 3 1 26,0 10 10 1 27,0 7 6 1 28,0 8 5 1 29,0 4 4 1 30,0 10 5 1 31,0 7 5 1 32,1 5 2 1 33,0 1 2 1 34,0 10 9 1 35,0 5 10 1 36,0 3 3 1 37,0 4 3 1 38,0 6 2 1 39,0 6 10 1 40,0 6 9 1 41,0 7 6 1 42,1 0 0 0
j401001_3.sm,5,6,1 0 0 1 2,0 5 4 1 3,1 29 9 1 4,0 8 4 1 5,0 6 10 1 6,0 3 9 1 7,0 2 9 1 8,0 7 7 1 9,0 10 9 1 10,0 3 8 1 11,1 3 4 1 12,0 8 5 1 13,0 4 4 1 14,0 6 4 1 15,0 6 3 1 16,0 1 7 1 17,0 2 4 1 18,0 10 6 1 19,0 10 10 1 20,0 5 5 1 21,0 8 9 1 22,0 4 2 1 23,0 4 4 1 24,0 2 4 1 25,0 1 1 1 26,0 7 7 1 27,1 8 19 1 28,0 5 1 1 29,0 5 3 1 30,0 8 10 1 31,0 9 4 1 32,1 5 1 1 33,0 2 3 1 34,0 2 9 1 35,0 9 8 1 36,0 8 3 1 37,0 3 1 1 38,0 9 9 1 39,0 8 6 1 40,0 5 6 1 41,0 9 8 1 42,1 0 0 0
j401001_4.sm,4,6,1 0 0 1 2,0 7 7 1 3,0 5 9 1 4,0 10 10 1 5,0 6 7 1 6,0 1 1 1 7,0 3 1 1 8,0 2 3 1 9,0 6 6 1 10,1 32 3 1 11,0 5 1 1 12,0 4 5 1 13,0 6 6 1 14,0 4 9 1 15,0 8 8 1 16,0 5 7 1 17,0 2 1 1 18,0 3 6 1 19,0 10 8 1 20,0 7 9 1 21,0 1 5 1 22,0 5 3 1 23,1 25 18 1 24,0 10 9 1 25,0 1 3 1 26,1 39 3 1 27,1 39 8 1 28,0 3 5 1 29,0 9 2 1 30,0 1 3 1 31,0 4 4 1 32,0 6 8 1 33,0 5 4 1 34,0 1 2 1 35,0 6 8 1 36,0 6 7 1 37,0 9 7 1 38,0 8 9 1 39,0 7 8 1 40,0 2 6 1 41,0 1 1 1 42,1 0 0 0
j401001_5.sm,4,6,1 0 0 1 2,0 4 2 1 3,0 4 7 1 4,0 7 10 1 5,1 34 15 1 6,0 7 3 1 7,0 10 7 1 8,0 7 7 1 9,0 8 9 1 10,0 7 9 1 11,0 3 5 1 12,0 6 6 1 13,0 3 4 1 14,0 4 10 1 15,0 6 6 1 16,0 5 1 1 17,0 4 2 1 18,0 7 3 1 19,0 2 3 1 20,0 1 4 1 21,0 8 6 1 22,0 5 4 1 23,0 8 4 1 24,0 1 6 1 25,1 2 4 1 26,1 30 17 1 27,0 9 5 1 28,0 5 9 1 29,0 9 7 1 30,0 5 4 1 31,0 3 7 1 32,0 6 6 1 33,0 7 2 1 34,0 8 4 1 35,0 1 1 1 36,0 10 8 1 37,0 7 5 1 38,0 4 3 1 39,1 9 3 1 40,0 5 6 1 41,0 3 6 1 42,1 0 0 0
j401001_6.sm,4,6,1 0 0 1 2,0 4 3 1 3,0 4 3 1 4,1 24 15 1 5,1 11 9 1 6,0 6 10 1 7,0 10 6 1 8,0 9 9 1 9,0 5 6 1 10,0 5 5 1 11,0 2 9 1 12,0 2 4 1 13,0 7 3 1 14,0 7 8 1 15,1 32 13 1 16,0 1 3 1 17,0 6 2 1 18,0 5 2 1 19,0 2 2 1 20,0 10 10 1 21,0 3 4 1 22,0 5 1 1 23,0 5 5 1 24,0 10 7 1 25,0 2 4 1 26,0 4 5 1 27,0 4 3 1 28,0 1 4 1 29,1 15 10 1 30,0 9 7 1 31,0 6 5 1 32,0 1 1 1 33,0 2 1 1 34,0 8 5 1 35,0 2 1 1 36,0 7 9 1 37,0 6 8 1 38,0 10 9 1 39,0 1 4 1 40,0 4 3 1 41,0 7 6 1 42,1 0 0 0
j401001_7.sm,4,6,1 0 0 1 2,0 4 5 1 3,0 10 8 1 4,0 10 10 1 5,0 5 7 1 6,0 6 5 1 7,0 1 1 1 8,0 4 4 1 9,0 4 6 1 10,1 8 6 1 11,0 2 9 1 12,1 11 1 1 13,0 9 9 1 14,0 3 7 1 15,0 9 10 1 16,0 3 4 1 17,0 10 10 1 18,0 6 9 1 19,0 6 5 1 20,0 9 9 1 21,0 9 5 1 22,0 8 8 1 23,0 10 10 1 24,0 8 9 1 25,0 5 7 1 26,0 6 3 1 27,1 13 8 1 28,0 9 10 1 29,0 4 10 1 30,0 6 10 1 31,0 5 8 1 32,0 4 1 1 33,0 9 8 1 34,0 9 10 1 35,0 8 10 1 36,0 1 5 1 37,0 3 2 1 38,0 1 6 1 39,0 10 8 1 40,0 6 4 1 41,1 9 3 1 42,1 0 0 0
j401001_8.sm,6,6,1 0 0 1 2,0 5 8 1 3,0 6 8 1 4,0 3 1 1 5,0 7 6 1 6,0 7 5 1 7,0 7 3 1 8,0 10 7 1 9,0 9 4 1 10,0 5 1 1 11,0 8 9 1 12,0 3 4 1 13,0 6 1 1 14,0 7 10 1 15,0 1 5 1 16,0 1 8 1 17,0 10 10 1 18,0 7 4 1 19,0 2 9 1 20,0 7 10 1 21,0 2 1 1 22,1 11 1 1 23,0 4 9 1 24,0 3 6 1 25,0 9 3 1 26,0 9 9 1 27,0 3 1 1 28,0 7 2 1 29,0 7 6 1 30,1 38 11 1 31,0 3 5 1 32,0 3 3 1 33,1 4 1 1 34,0 10 10 1 35,1 18 9 1 36,0 5 9 1 37,0 5 7 1 38,0 4 4 1 39,0 3 2 1 40,0 1 5 1 41,0 9 6 1 42,1 0 0 0
j401001_9.sm,4,6,1 0 0 1 2,0 1 1 1 3,0 7 5 1 4,0 7 8 1 5,0 8 4 1 6,0 1 1 1 7,0 2 9 1 8,0 2 5 1 9,0 10 6 1 10,0 3 7 1 11,0 8 6 1 12,0 2 4 1 13,0 2 2 1 14,0 9 9 1 15,0 5 6 1 16,0 3 1 1 17,0 3 9 1 18,0 1 6 1 19,0 1 5 1 20,1 11 16 1 21,0 1 3 1 22,0 5 9 1 23,0 5 8 1 24,0 9 3 1 25,0 6 6 1 26,0 8 7 1 27,0 10 6 1 28,0 7 8 1 29,0 8 7 1 30,0 10 10 1 31,0 2 5 1 32,1 12 15 1 33,1 30 11 1 34,0 1 4 1 35,0 2 4 1 36,1 13 2 1 37,0 7 7 1 38,0 6 9 1 39,0 10 6 1 40,0 2 5 1 41,0 9 6 1 42,1 0 0 0
j401001_10.sm,4,6,1 0 0 1 2,0 2 7 1 3,0 2 3 1 4,0 10 8 1 5,0 10 9 1 6,0 8 9 1 7,0 3 2 1 8,0 7 10 1 9,0 8 8 1 10,0 4 3 1 11,0 8 5 1 12,0 7 7 1 13,0 2 9 1 14,0 9 8 1 15,1 3 4 1 16,1 4 8 1 17,0 8 7 1 18,0 1 2 1 19,0 7 9 1 20,0 4 3 1 21,0 7 5 1 22,0 6 7 1 23,0 7 3 1 24,0 7 10 1 25,0 8 10 1 26,0 2 2 1 27,1 30 8 1 28,0 10 10 1 29,0 9 10 1 30,0 2 8 1 31,0 2 6 1 32,0 8 10 1 33,0 5 9 1 34,0 2 4 1 35,0 4 6 1 36,0 1 1 1 37,0 8 2 1 38,0 3 1 1 39,0 9 5 1 40,1 31 20 1 41,0 8 7 1 42,1 0 0 0
j200102_1.sm,6,6,1 0 0 13 2 3 4 5 6 14 15 16 17 18 19 20 21,0 12 10 3 13 9 8,0 5 3 2 12 9,1 18 9 2 11 7,0 7 7 2 8 7,0 9 8 1 10,0 8 4 1 22,1 2 2 1 22,0 1 1 1 22,0 6 6 1 22,1 7 5 1 22,1 11 6 1 22,0 8 5 1 22,0 5 3 1 22,0 18 9 1 22,0 2 2 1 22,0 5 3 1 22,0 9 8 1 22,0 8 6 1 22,0 1 1 1 22,0 4 2 1 22,1 0 0 0
j200102_2.sm,6,6,1 0 0 6 2 3 4 5 6 7,0 14 7 11 20 18 17 16 15 14 13 12 11 9 8,0 15 8 11 21 20 17 16 15 14 13 12 10 9 8,0 10 5 11 20 19 18 15 14 13 12 11 10 9 8,0 8 8 11 21 19 18 17 15 14 13 11 10 9 8,0 3 2 10 18 16 15 14 13 12 11 10 9 8,0 2 1 8 19 17 16 12 11 10 9 8,0 2 2 1 22,0 12 6 1 22,0 12 7 1 22,1 16 8 1 22,0 17 9 1 22,1 13 8 1 22,1 4 3 1 22,0 4 2 1 22,0 1 1 1 22,0 7 7 1 22,1 16 9 1 22,0 12 10 1 22,0 8 5 1 22,0 7 7 1 22,1 0 0 0
j200102_3.sm,6,6,1 0 0 14 2 3 4 5 6 7 8 9 10 17 18 19 20 21,1 4 2 3 16 14 11,0 9 6 2 15 13,0 7 6 1 11,0 12 9 1 11,0 2 2 1 14,1 15 9 1 13,0 8 5 1 12,0 2 1 1 12,0 9 6 1 11,0 6 6 1 22,0 4 2 1 22,0 7 5 1 22,0 7 5 1 22,0 11 7 1 22,0 3 3 1 22,0 9 5 1 22,1 10 7 1 22,1 2 1 1 22,0 11 8 1 22,0 10 7 1 22,1 0 0 0
j200102_4.sm,6,6,1 0 0 8 2 3 4 5 18 19 20 21,0 11 9 9 17 16 15 11 10 9 8 7 6,0 5 4 6 14 13 11 8 7 6,0 18 10 3 10 8 7,0 8 4 3 12 9 6,0 4 3 1 22,0 3 3 1 22,0 11 8 1 22,0 5 3 1 22,0 11 7 1 22,0 7 5 1 22,1 14 10 1 22,1 6 3 1 22,0 11 9 1 22,1 9 7 1 22,0 8 5 1 22,0 8 8 1 22,1 1 1 1 22,0 11 6 1 22,0 8 5 1 22,0 13 10 1 22,1 0 0 0
j200102_5.sm,6,6,1 0 0 13 2 3 11 12 13 14 15 16 17 18 19 20 21,0 14 8 5 10 9 8 7 4,0 11 10 3 6 5 4,0 10 9 1 22,0 6 6 1 22,0 14 8 1 22,0 5 4 1 22,0 6 4 1 22,1 1 1 1 22,1 18 10 1 22,0 10 6 1 22,0 6 3 1 22,0 10 7 1 22,0 11 10 1 22,1 7 7 1 22,0 7 6 1 22,0 5 4 1 22,0 7 7 1 22,0 8 4 1 22,0 6 6 1 22,1 18 9 1 22,1 0 0 0
j200102_6.sm,6,6,1 0 0 14 2 3 4 5 6 13 14 15 16 17 18 19 20 21,0 13 8 3 12 11 9,0 11 8 2 9 8,0 17 9 2 8 7,0 4 3 1 10,0 12 6 1 7,0 3 2 1 22,0 10 7 1 22,1 8 7 1 22,0 14 7 1 22,0 5 5 1 22,0 8 4 1 22,0 10 9 1 22,0 9 9 1 22,1 13 8 1 22,1 9 8 1 22,0 6 5 1 22,0 13 8 1 22,0 10 7 1 22,1 17 9 1 22,0 13 9 1 22,1 0 0 0
j200102_7.sm,6,6,1 0 0 16 2 3 4 5 10 11 12 13 14 15 16 17 18 19 20 21,0 9 7 2 9 6,0 2 1 1 8,1 10 5 1 7,1 11 6 1 6,0 10 8 1 22,0 13 10 1 22,1 2 2 1 22,0 5 4 1 22,0 4 2 1 22,0 15 8 1 22,0 10 5 1 22,0 6 4 1 22,0 4 3 1 22,0 16 10 1 22,0 18 10 1 22,0 3 3 1 22,1 16 9 1 22,0 6 5 1 22,0 10 10 1 22,0 9 6 1 22,1 0 0 0
j200102_8.sm,6,6,1 0 0 10 2 3 4 5 6 7 8 9 10 21,0 10 5 7 20 19 17 14 13 12 11,0 4 3 6 18 16 15 14 12 11,0 9 9 5 16 15 14 12 11,0 6 6 4 14 13 12 11,0 5 3 3 17 13 12,1 8 4 3 16 13 11,1 8 6 2 15 12,0 19 10 1 13,0 3 3 1 11,1 15 10 1 22,0 14 7 1 22,0 6 6 1 22,0 16 9 1 22,1 9 6 1 22,0 6 6 1 22,0 2 2 1 22,0 9 6 1 22,0 8 8 1 22,0 18 9 1 22,0 5 5 1 22,1 0 0 0
j200102_9.sm,6,6,1 0 0 15 2 3 4 5 6 7 13 14 15 16 17 18 19 20 21,1 9 6 1 12,0 14 8 1 11,0 7 6 1 10,1 12 6 1 9,0 3 3 1 8,0 8 7 1 8,0 2 2 1 22,0 11 7 1 22,0 15 10 1 22,0 12 8 1 22,0 6 4 1 22,0 13 9 1 22,1 11 7 1 22,0 1 1 1 22,1 5 3 1 22,0 8 7 1 22,0 8 6 1 22,0 2 1 1 22,0 7 6 1 22,0 20 10 1 22,1 0 0 0
j200102_10.sm,6,6,1 0 0 11 2 3 4 5 6 7 8 18 19 20 21,0 2 1 5 17 16 12 11 10,1 9 5 4 15 12 11 9,0 15 9 3 12 11 10,0 9 5 3 14 10 9,0 6 5 1 13,0 2 1 1 9,0 1 1 1 9,0 2 2 1 22,0 4 3 1 22,0 14 10 1 22,0 6 3 1 22,0 10 8 1 22,0 8 4 1 22,1 15 10 1 22,0 11 10 1 22,0 8 8 1 22,0 10 5 1 22,1 6 4 1 22,0 3 3 1 22,1 7 7 1 22,1 0 0 0
j200202_1.sm,6,6,1 0 0 10 2 3 4 5 6 7 8 9 11 21,0 11 9 5 16 15 13 12 10,0 11 7 4 20 17 16 13,1 10 9 3 13 12 10,0 7 6 3 20 13 10,0 15 9 3 19 14 13,1 7 4 2 15 14,0 10 8 2 14 10,0 4 2 2 19 13,0 1 1 2 19 18,0 2 2 2 19 18,1 14 9 1 14,0 1 1 1 18,0 9 8 1 18,0 4 4 1 19,0 13 8 1 19,0 16 10 1 18,0 2 2 1 22,0 13 10 1 22,1 3 2 1 22,0 2 1 1 22,1 0 0 0
j200202_2.sm,6,6,1 0 0 7 2 3 4 5 6 7 8,0 9 5 3 12 11 9,0 7 5 3 13 10 9,1 3 2 4 21 14 13 10,0 9 6 3 21 11 10,0 10 10 4 21 20 14 11,0 10 6 3 14 13 10,0 10 6 2 13 9,0 10 6 6 21 20 19 18 16 14,1 9 7 4 20 17 15 12,0 16 8 4 19 18 17 13,0 10 9 3 19 18 16,0 5 4 2 16 15,0 16 8 2 17 15,0 1 1 1 22,0 12 6 1 22,1 15 10 1 22,0 10 5 1 22,0 1 1 1 22,0 2 2 1 22,1 3 3 1 22,1 0 0 0
j200202_3.sm,6,6,1 0 0 12 2 3 6 7 8 15 16 17 18 19 20 21,0 11 9 3 14 13 4,1 3 2 2 12 11,1 2 1 1 5,0 9 8 1 10,0 8 7 1 9,0 2 1 1 9,1 3 3 1 9,0 3 3 1 22,0 2 1 1 22,0 11 8 1 22,0 4 2 1 22,1 1 1 1 22,0 10 8 1 22,0 8 4 1 22,0 11 10 1 22,0 18 10 1 22,0 17 9 1 22,0 20 10 1 22,0 16 10 1 22,0 7 5 1 22,1 0 0 0
j200202_4.sm,6,6,1 0 0 9 2 4 5 6 7 8 9 10 11,0 15 9 4 15 14 12 3,1 8 4 5 21 20 17 16 13,0 4 2 5 21 20 19 17 14,0 3 3 5 21 19 17 16 12,0 18 9 4 21 20 14 13,0 12 8 4 21 19 14 12,0 12 10 4 21 19 14 12,0 10 7 3 20 19 14,0 7 6 3 19 17 14,0 14 7 2 17 14,0 4 2 2 20 18,0 12 7 2 19 18,0 16 8 1 16,0 3 2 1 16,1 6 4 1 18,1 5 4 1 18,0 6 6 1 22,0 6 3 1 22,0 9 8 1 22,1 1 1 1 22,1 0 0 0
j200202_5.sm,6,6,1 0 0 5 2 3 5 7 10,0 13 7 6 15 14 12 8 6 4,0 3 3 3 12 11 4,0 10 7 6 21 20 19 18 16 13,0 10 7 2 14 9,1 7 5 4 19 18 17 16,1 10 6 4 20 18 17 16,0 14 7 2 18 11,0 8 6 2 16 13,0 12 6 2 19 13,0 12 10 2 19 16,0 10 7 2 17 16,1 10 7 1 17,0 18 10 1 18,0 7 4 1 18,0 4 2 1 22,0 9 8 1 22,0 6 5 1 22,0 16 9 1 22,1 8 7 1 22,0 2 2 1 22,1 0 0 0
j200202_6.sm,6,6,1 0 0 7 2 3 4 5 6 7 11,0 12 8 5 20 18 16 14 10,0 2 1 5 19 18 16 14 12,0 2 1 4 20 16 14 9,1 1 1 3 21 18 8,1 8 8 5 17 16 15 14 13,1 2 1 4 19 16 14 13,0 11 9 2 17 12,0 4 3 2 17 15,0 8 5 2 15 13,0 6 5 2 15 14,0 4 2 1 13,1 9 8 1 22,0 1 1 1 22,0 2 1 1 22,0 1 1 1 22,0 1 1 1 22,0 1 1 1 22,0 11 7 1 22,0 2 1 1 22,0 2 2 1 22,1 0 0 0
j200202_7.sm,6,6,1 0 0 7 2 3 4 5 6 7 8,0 14 9 3 11 10 9,0 1 1 3 11 10 9,0 17 10 3 11 10 9,1 13 7 3 11 10 9,1 12 7 2 11 9,1 5 5 2 10 9,0 6 6 2 13 10,0 6 5 4 21 14 13 12,0 9 5 3 21 14 12,0 6 3 3 21 13 12,0 2 1 6 20 19 18 17 16 15,0 3 3 6 20 19 18 17 16 15,0 4 2 6 20 19 18 17 16 15,0 9 6 1 22,0 14 10 1 22,0 3 3 1 22,0 18 10 1 22,1 9 5 1 22,0 9 7 1 22,0 13 7 1 22,1 0 0 0
j200202_8.sm,6,6,1 0 0 3 2 3 4,1 14 9 8 21 20 19 12 10 9 8 5,0 2 1 5 20 19 17 7 6,0 10 6 4 19 18 13 7,0 8 4 6 18 17 16 15 13 11,0 1 1 4 18 16 14 12,0 9 9 3 12 11 10,1 11 6 3 17 16 11,1 6 6 3 17 16 15,0 12 7 2 15 14,0 8 5 1 14,0 8 6 1 15,0 19 10 1 14,0 3 3 1 22,0 13 9 1 22,0 11 10 1 22,0 4 3 1 22,0 17 10 1 22,0 12 8 1 22,1 5 4 1 22,0 5 3 1 22,1 0 0 0
j200202_9.sm,6,6,1 0 0 7 2 3 4 5 6 7 9,0 5 4 5 17 16 14 12 8,0 7 4 4 17 16 14 8,0 13 10 5 16 15 14 13 11,0 2 1 3 16 13 10,0 7 5 2 14 8,1 20 10 3 13 12 11,0 10 7 3 15 13 11,0 8 6 2 12 11,1 9 8 3 19 15 11,0 6 3 3 21 20 18,1 10 8 2 19 15,0 14 8 2 19 18,1 11 8 2 19 18,0 7 7 1 18,0 10 10 1 18,0 11 6 1 18,0 1 1 1 22,0 3 3 1 22,0 14 9 1 22,0 4 2 1 22,1 0 0 0
j200202_10.sm,6,6,1 0 0 10 2 3 4 6 9 17 18 19 20 21,0 7 4 5 16 15 13 10 5,1 4 2 3 14 11 7,0 9 6 3 13 11 10,0 1 1 2 11 8,0 8 5 1 7,1 19 10 1 10,0 10 7 1 12,0 1 1 1 10,0 4 4 1 22,0 2 1 1 22,0 10 8 1 22,0 12 6 1 22,0 4 4 1 22,1 10 7 1 22,0 10 7 1 22,1 6 4 1 22,0 15 8 1 22,0 9 8 1 22,0 4 2 1 22,0 10 9 1 22,1 0 0 0
j200302_1.sm,6,6,1 0 0 14 2 9 10 11 12 13 14 15 16 17 18 19 20 21,1 2 1 1 3,0 12 8 2 8 4,0 16 10 1 5,0 4 3 1 6,0 2 2 1 7,0 2 1 1 22,1 7 4 1 22,1 13 7 1 22,0 16 8 1 22,0 4 2 1 22,0 13 8 1 22,0 6 3 1 22,0 4 3 1 22,0 2 1 1 22,0 6 4 1 22,0 17 10 1 22,0 7 5 1 22,0 13 7 1 22,0 9 5 1 22,1 2 2 1 22,1 0 0 0
j200302_2.sm,6,6,1 0 0 7 2 4 5 7 8 17 18,0 2 1 2 16 3,0 16 8 4 15 11 10 6,0 12 8 3 16 15 6,0 11 8 3 15 10 6,0 17 10 4 21 14 13 9,1 2 2 3 16 13 9,0 8 5 1 9,0 1 1 1 12,0 19 10 1 12,1 14 8 1 12,0 8 5 1 19,1 2 2 1 20,0 4 4 1 20,0 10 5 1 19,0 7 5 1 19,1 9 5 1 20,0 10 5 1 19,0 7 5 1 22,0 15 8 1 22,0 2 1 1 22,1 0 0 0
j200302_3.sm,6,6,1 0 0 4 2 4 7 13,1 12 9 2 6 3,0 6 4 4 21 12 8 5,0 13 7 7 21 20 19 18 16 15 10,0 9 6 6 20 19 18 17 16 9,0 5 4 5 19 18 16 15 14,0 7 5 4 17 16 15 14,1 13 9 3 17 15 11,0 7 7 2 15 11,0 12 7 1 11,0 7 5 1 14,0 12 9 1 14,0 7 5 1 15,1 6 4 1 22,0 11 6 1 22,0 17 10 1 22,1 2 2 1 22,0 14 9 1 22,0 4 2 1 22,0 6 3 1 22,0 15 8 1 22,1 0 0 0
j200302_4.sm,6,6,1 0 0 6 2 5 6 7 9 10,0 4 3 2 4 3,0 8 6 8 21 20 19 18 17 14 13 12,0 9 9 3 21 13 8,0 2 1 6 20 19 18 17 16 12,0 12 8 3 17 13 11,0 5 5 4 17 16 13 12,0 2 2 2 18 11,0 5 4 2 19 11,0 11 6 1 11,0 4 2 2 16 12,1 10 10 1 15,0 8 6 1 15,1 4 2 1 16,0 10 5 1 22,1 17 10 1 22,0 7 7 1 22,0 2 2 1 22,0 9 6 1 22,0 1 1 1 22,1 8 6 1 22,1 0 0 0
j200302_5.sm,6,6,1 0 0 8 2 4 5 6 8 9 12 13,0 8 7 4 20 18 16 3,0 17 9 4 21 17 15 7,1 9 6 4 18 17 15 14,0 7 6 4 18 17 15 14,0 14 9 3 16 15 11,0 12 7 2 19 10,0 12 8 3 20 16 14,0 6 4 2 16 14,1 6 4 1 11,1 11 6 1 14,0 4 2 1 15,1 11 9 1 15,0 4 2 1 22,0 5 3 1 22,0 7 4 1 22,0 16 8 1 22,0 4 3 1 22,0 8 7 1 22,0 2 1 1 22,0 13 10 1 22,1 0 0 0
j200302_6.sm,6,6,1 0 0 10 2 5 8 9 16 17 18 19 20 21,1 4 2 1 3,0 3 2 3 15 11 4,0 2 2 4 14 13 12 6,0 16 8 2 12 6,0 3 3 1 7,0 8 7 1 10,0 7 5 1 11,0 13 10 1 11,0 9 6 1 22,0 3 2 1 22,0 8 8 1 22,1 15 8 1 22,0 5 5 1 22,0 16 9 1 22,1 9 6 1 22,0 6 3 1 22,0 2 2 1 22,0 8 8 1 22,1 14 9 1 22,0 6 5 1 22,1 0 0 0
j200302_7.sm,6,6,1 0 0 2 2 3,0 10 8 3 8 5 4,0 10 8 3 9 8 6,0 15 10 3 11 9 6,0 5 5 2 9 7,0 16 10 4 18 13 12 7,0 10 10 4 20 19 14 10,0 13 10 3 16 14 11,0 14 10 5 18 15 14 13 12,0 7 7 3 17 16 15,0 4 2 3 21 13 12,0 11 6 1 22,1 2 2 1 22,0 12 6 1 22,0 6 4 1 22,1 4 3 1 22,1 8 5 1 22,0 2 1 1 22,0 11 6 1 22,0 4 2 1 22,1 6 4 1 22,1 0 0 0
j200302_8.sm,6,6,1 0 0 8 2 4 6 7 8 11 12 13,1 19 10 5 21 20 16 15 3,0 19 10 2 17 5,0 2 2 3 16 15 10,0 4 3 2 18 9,1 14 7 3 20 16 14,0 15 9 3 19 17 15,0 13 8 3 19 15 14,0 7 4 1 10,0 11 9 1 14,0 11 10 1 16,0 8 5 1 15,1 1 1 1 15,0 18 9 1 22,0 2 1 1 22,0 4 2 1 22,1 5 3 1 22,0 11 9 1 22,0 7 5 1 22,0 10 8 1 22,0 6 4 1 22,1 0 0 0
j200302_9.sm,6,6,1 0 0 4 2 3 4 5,0 6 3 3 9 8 6,1 3 3 3 8 7 6,0 2 1 2 8 6,1 1 1 3 12 11 9,0 8 4 3 12 11 10,0 10 7 2 11 10,0 13 7 2 14 10,0 14 10 1 10,0 19 10 3 16 15 13,1 20 10 3 16 14 13,0 17 10 2 17 14,0 5 3 3 21 19 18,0 6 4 3 21 20 19,0 18 9 2 20 17,0 10 6 2 19 18,0 1 1 1 18,0 4 3 1 22,1 7 5 1 22,0 6 5 1 22,0 1 1 1 22,1 0 0 0
j200302_10.sm,6,6,1 0 0 11 2 3 6 8 10 16 17 18 19 20 21,0 2 1 3 15 13 4,0 12 6 2 14 7,0 3 2 1 5,0 3 2 1 7,0 18 9 1 7,1 13 10 2 12 9,0 15 9 2 12 11,0 13 7 1 11,0 16 9 1 13,1 15 10 1 22,1 9 9 1 22,0 10 8 1 22,0 4 4 1 22,0 18 9 1 22,0 12 8 1 22,0 7 5 1 22,1 2 1 1 22,0 3 3 1 22,0 3 2 1 22,0 13 10 1 22,1 0 0 0
j200402_1.sm,6,6,1 0 0 3 2 3 4,0 9 9 2 9 5,0 14 9 2 9 5,0 8 4 2 16 6,0 8 6 1 6,0 4 4 2 10 7,1 18 9 4 21 13 12 8,0 8 4 3 20 19 11,0 1 1 3 20 17 12,0 5 5 3 21 19 14,0 2 1 2 15 14,0 10 7 1 15,0 1 1 1 14,0 10 10 1 17,1 7 7 1 18,1 15 8 1 17,1 4 3 1 22,0 10 6 1 22,0 9 5 1 22,0 3 3 1 22,0 9 5 1 22,1 0 0 0
j200402_2.sm,6,6,1 0 0 3 2 4 5,1 9 7 1 3,1 3 2 4 17 10 8 6,0 14 9 3 16 9 7,1 5 3 2 10 6,0 3 3 2 16 9,0 2 1 3 21 11 10,0 11 9 4 16 15 13 12,0 12 8 3 21 15 11,0 14 7 3 20 15 14,0 3 3 2 18 12,0 6 6 2 20 14,0 2 1 2 19 18,0 18 9 1 19,0 1 1 1 18,0 6 3 1 18,0 9 9 1 18,0 6 3 1 22,1 6 3 1 22,0 19 10 1 22,0 4 2 1 22,1 0 0 0
j200402_3.sm,6,6,1 0 0 3 2 12 13,0 12 6 2 5 3,0 2 1 2 7 4,1 8 6 3 9 8 6,0 4 2 2 8 6,0 4 3 2 16 10,0 10 6 2 16 11,0 5 3 1 10,0 6 6 5 21 20 17 16 14,0 9 6 1 11,0 2 1 5 21 20 18 15 14,0 4 4 3 20 19 18,0 6 3 1 16,1 13 7 1 19,0 9 9 1 19,0 15 8 1 18,0 3 2 1 18,1 4 3 1 22,1 4 3 1 22,0 11 7 1 22,0 9 8 1 22,1 0 0 0
j200402_4.sm,6,6,1 0 0 5 2 3 6 12 14,0 2 2 2 11 5,0 11 8 2 8 4,0 9 7 3 11 9 7,0 11 9 2 8 7,1 8 7 3 11 10 9,0 5 3 2 15 10,0 15 8 1 9,0 10 8 2 15 13,1 17 10 1 13,0 7 6 1 13,0 13 8 1 13,0 6 4 3 18 17 16,0 9 5 2 18 17,0 16 8 1 16,1 19 10 2 21 19,1 12 7 2 21 19,0 3 3 2 21 20,0 1 1 1 20,0 10 6 1 22,0 17 9 1 22,1 0 0 0
j200402_5.sm,6,6,1 0 0 6 2 5 13 19 20 21,0 6 6 2 10 3,0 9 8 4 18 17 8 4,1 2 1 3 16 15 6,0 8 5 2 12 9,0 4 4 1 7,0 5 4 1 9,0 17 9 1 9,0 9 5 1 11,1 4 2 1 11,1 11 7 1 14,0 7 7 1 14,1 11 7 1 15,0 10 6 1 22,0 8 4 1 22,0 2 1 1 22,0 6 3 1 22,0 17 10 1 22,0 10 7 1 22,0 2 2 1 22,0 3 2 1 22,1 0 0 0
j200402_6.sm,6,6,1 0 0 3 2 3 5,0 2 1 2 9 4,0 4 2 4 21 13 11 7,0 4 3 1 6,0 5 5 1 6,0 9 6 3 13 11 7,0 9 5 3 19 14 8,1 10 9 4 20 18 17 10,0 7 6 3 18 13 12,1 9 7 2 16 12,0 2 2 2 19 17,0 15 9 1 15,0 14 7 1 15,1 15 8 1 16,0 5 4 1 22,0 10 9 1 22,0 7 4 1 22,0 7 6 1 22,1 9 8 1 22,0 6 5 1 22,0 10 6 1 22,1 0 0 0
j200402_7.sm,6,6,1 0 0 4 2 3 4 5,0 4 3 3 8 7 6,1 12 8 2 8 6,0 2 1 2 8 6,0 3 2 3 10 9 8,1 13 9 3 11 10 9,0 8 5 2 10 9,0 8 8 2 12 11,0 13 9 2 13 12,0 8 8 3 16 14 13,0 9 5 3 16 14 13,0 7 4 2 16 14,0 1 1 1 15,0 10 8 3 21 18 17,0 10 8 3 21 18 17,0 4 4 2 21 18,1 19 10 1 19,0 10 10 1 20,1 13 7 1 20,0 3 3 1 22,0 3 2 1 22,1 0 0 0
j200402_8.sm,6,6,1 0 0 6 2 6 12 19 20 21,0 18 10 3 18 11 3,1 2 1 4 16 14 8 4,0 1 1 2 15 5,0 9 8 1 7,0 2 2 2 17 10,0 5 4 1 9,1 13 7 1 9,0 2 2 1 10,0 19 10 1 13,0 6 3 1 13,1 4 2 1 14,1 9 7 1 22,0 4 2 1 22,0 8 5 1 22,0 12 9 1 22,0 6 5 1 22,0 5 3 1 22,0 9 5 1 22,0 9 8 1 22,0 11 8 1 22,1 0 0 0
j200402_9.sm,6,6,1 0 0 3 2 3 5,1 6 6 2 6 4,0 1 1 2 6 4,0 3 3 4 11 9 8 7,1 17 9 1 6,0 11 9 3 11 9 7,0 3 2 2 12 10,0 7 7 2 12 10,0 12 10 2 14 12,0 11 7 3 16 14 13,0 4 2 3 16 14 13,1 12 7 3 19 16 13,0 4 3 1 15,0 17 9 3 21 19 17,0 13 9 2 18 17,0 5 3 2 18 17,0 3 2 1 20,0 6 4 1 21,0 17 9 1 20,0 4 3 1 22,1 13 9 1 22,1 0 0 0
j200402_10.sm,6,6,1 0 0 5 2 5 6 8 9,0 6 3 4 20 14 13 3,0 7 4 2 21 4,0 15 8 3 18 17 7,0 8 5 3 20 19 7,0 8 5 4 18 17 13 11,0 2 2 1 10,0 12 10 3 18 17 13,0 8 7 3 16 13 12,1 5 3 1 11,0 8 7 2 16 12,0 2 1 1 15,0 4 4 1 15,0 12 7 1 19,1 10 9 1 22,1 8 8 1 22,0 2 1 1 22,0 4 3 1 22,0 8 8 1 22,1 10 7 1 22,0 13 7 1 22,1 0 0 0
j200502_1.sm,6,6,1 0 0 2 2 21,0 9 8 1 3,0 7 4 2 20 4,0 14 10 2 12 5,0 4 3 3 19 9 6,0 14 10 2 17 7,0 12 9 1 8,0 13 7 3 16 15 10,0 14 8 2 15 10,1 4 3 2 14 11,1 14 7 1 13,0 9 7 1 18,0 7 7 1 22,0 12 6 1 22,0 15 8 1 22,0 10 10 1 22,0 2 1 1 22,1 8 6 1 22,0 7 4 1 22,1 8 6 1 22,0 9 7 1 22,1 0 0 0
j200502_2.sm,6,6,1 0 0 1 2,0 1 1 1 3,0 7 5 2 5 4,1 14 8 2 8 6,0 6 5 1 6,1 2 1 2 9 7,0 6 6 3 12 11 10,0 16 10 2 10 9,0 17 9 3 15 14 13,0 4 4 2 14 13,0 6 3 2 15 14,0 17 10 1 13,0 9 7 2 18 16,0 15 10 2 18 16,0 7 5 3 21 20 18,0 5 4 2 21 17,1 9 6 2 20 19,1 2 2 1 19,0 2 2 1 22,0 10 6 1 22,0 6 6 1 22,1 0 0 0
j200502_3.sm,6,6,1 0 0 5 2 6 7 9 21,0 14 9 3 12 11 3,0 7 6 2 17 4,0 2 1 1 5,0 5 5 2 14 8,0 3 2 2 20 11,0 12 8 2 17 13,0 11 6 1 10,1 2 1 1 10,0 2 1 2 19 13,1 10 6 2 19 13,0 4 4 1 13,0 5 4 1 15,0 14 8 2 20 19,0 1 1 1 16,1 6 3 1 18,0 2 1 1 19,0 9 6 1 22,0 10 7 1 22,0 2 1 1 22,1 8 5 1 22,1 0 0 0
j200502_4.sm,6,6,1 0 0 3 2 5 8,0 4 2 2 10 3,0 12 8 2 21 4,0 2 2 2 11 6,0 4 2 4 17 16 12 10,1 15 10 2 20 7,0 11 10 2 16 9,0 14 7 2 10 9,1 3 2 3 19 14 12,0 9 5 2 19 14,0 19 10 1 12,0 17 10 1 13,0 5 3 1 15,0 12 10 1 15,0 8 4 1 18,1 14 9 1 19,0 9 7 1 20,0 7 4 1 22,0 2 1 1 22,0 6 4 1 22,1 19 10 1 22,1 0 0 0
j200502_5.sm,6,6,1 0 0 3 2 5 9,0 11 8 2 12 3,0 6 5 2 21 4,0 10 8 3 20 10 6,1 11 7 4 17 16 12 11,0 16 10 2 14 7,0 10 6 2 16 8,0 1 1 2 19 11,1 7 7 2 14 11,0 12 8 1 11,0 10 10 1 13,0 14 7 1 14,0 8 6 1 15,0 18 10 1 15,1 15 8 1 18,0 4 3 1 19,0 1 1 1 20,0 2 1 1 22,1 9 9 1 22,0 11 8 1 22,0 5 5 1 22,1 0 0 0
j200502_6.sm,6,6,1 0 0 3 2 4 6,0 4 3 1 3,1 16 10 2 7 5,1 11 9 2 11 7,0 9 8 2 11 8,0 2 1 2 11 8,0 9 7 1 8,0 14 8 1 9,0 4 2 2 15 10,0 7 7 2 13 12,0 9 8 3 17 14 13,0 2 1 3 17 16 14,1 12 8 2 18 16,0 4 3 2 20 18,0 7 4 2 21 18,1 11 6 2 21 20,0 11 10 2 20 19,0 7 4 1 19,0 16 8 1 22,0 7 7 1 22,0 2 1 1 22,1 0 0 0
j200502_7.sm,6,6,1 0 0 1 2,0 4 4 1 3,0 15 9 2 5 4,0 13 7 1 6,0 6 4 1 6,0 3 2 1 7,0 15 9 2 9 8,0 18 9 2 12 10,1 7 4 1 10,0 11 10 4 15 14 13 11,0 19 10 5 21 20 18 17 16,0 4 3 5 21 20 18 17 16,0 8 8 4 21 20 17 16,0 14 9 4 20 18 17 16,0 4 2 2 21 20,0 3 2 1 19,1 6 3 1 19,0 7 6 1 19,1 14 7 1 22,0 4 3 1 22,1 3 2 1 22,1 0 0 0
j200502_8.sm,6,6,1 0 0 2 2 3,0 7 6 2 6 5,0 18 10 2 8 4,0 13 8 1 5,0 17 9 3 15 11 7,0 7 7 2 9 8,1 14 10 2 13 9,0 16 10 2 15 11,1 7 6 1 10,0 3 2 2 14 12,0 14 7 2 14 12,0 10 6 3 18 17 16,0 2 1 3 21 17 16,0 6 4 2 21 19,1 11 10 1 16,1 12 7 1 19,0 9 7 1 19,0 15 8 1 19,0 6 4 1 20,0 3 3 1 22,0 9 5 1 22,1 0 0 0
j200502_9.sm,6,6,1 0 0 5 2 18 19 20 21,0 2 1 4 17 16 15 3,1 9 9 1 4,0 8 4 3 14 13 5,0 11 6 1 6,0 11 6 2 12 7,0 2 1 1 8,0 8 8 1 9,0 2 1 1 10,1 10 9 1 11,1 2 1 1 22,0 8 5 1 22,0 8 7 1 22,0 10 6 1 22,0 14 8 1 22,0 2 1 1 22,1 4 2 1 22,0 12 10 1 22,0 16 8 1 22,0 2 1 1 22,0 8 7 1 22,1 0 0 0
j200502_10.sm,6,6,1 0 0 2 2 3,0 11 7 4 10 9 8 4,1 2 1 4 10 9 7 6,0 8 4 1 5,0 2 2 2 12 7,0 6 3 2 12 8,0 5 3 2 15 11,0 5 3 2 15 11,1 12 6 2 15 11,0 14 9 2 12 11,1 10 6 2 14 13,0 15 8 1 13,0 5 4 1 16,0 2 1 1 16,0 7 6 1 16,1 1 1 2 19 17,0 17 9 2 20 18,0 18 10 1 21,0 13 7 1 20,0 2 1 1 22,0 2 1 1 22,1 0 0 0
j200602_1.sm,6,6,1 0 0 2 2 4,0 12 7 1 3,0 3 2 3 9 7 5,0 11 6 2 7 5,0 2 2 2 8 6,0 12 6 2 12 10,0 4 3 1 8,1 6 3 1 10,0 3 2 1 10,0 7 5 1 11,1 18 9 1 13,1 10 6 1 13,0 8 6 2 16 14,0 7 5 1 15,1 6 4 3 20 19 17,0 8 6 3 20 19 17,0 16 8 1 18,0 2 1 1 21,0 12 9 1 21,0 15 10 1 21,0 6 5 1 22,1 0 0 0
j200602_2.sm,6,6,1 0 0 2 2 4,0 7 5 2 11 3,1 14 7 3 10 8 5,0 9 6 1 5,0 1 1 1 6,0 1 1 2 13 7,0 12 7 2 17 9,0 18 9 2 17 9,0 4 2 1 12,0 2 1 1 12,0 13 9 1 12,0 3 3 1 14,0 1 1 1 14,0 15 9 1 15,1 8 8 3 21 20 16,0 7 6 1 18,1 5 5 1 18,0 3 2 1 19,0 8 4 1 22,0 11 8 1 22,1 3 3 1 22,1 0 0 0
j200602_3.sm,6,6,1 0 0 6 2 8 11 13 20 21,1 11 7 2 19 3,0 3 3 2 18 4,0 16 10 1 5,0 9 8 1 6,0 15 10 2 17 7,1 13 7 1 9,0 2 1 1 9,0 18 9 1 10,0 18 9 1 12,0 12 7 1 12,0 10 7 1 14,0 9 7 1 14,0 7 4 1 15,0 11 9 1 16,0 7 7 1 22,0 4 2 1 22,1 3 2 1 22,1 2 2 1 22,0 3 3 1 22,0 18 9 1 22,1 0 0 0
j200602_4.sm,6,6,1 0 0 2 2 4,0 12 10 2 11 3,0 4 2 3 15 7 5,0 1 1 1 5,1 12 7 1 6,0 7 5 3 18 13 8,1 7 5 2 18 9,0 20 10 1 9,0 14 8 1 10,0 3 2 1 12,0 2 1 1 12,1 11 8 2 21 14,1 11 8 2 21 14,0 4 4 2 20 16,0 8 7 1 16,0 11 6 1 17,0 2 2 1 19,0 8 4 1 19,0 5 5 1 22,0 5 3 1 22,0 16 9 1 22,1 0 0 0
j200602_5.sm,6,6,1 0 0 1 2,0 14 10 1 3,0 9 6 3 7 6 4,0 20 10 2 9 5,0 2 2 3 12 10 8,0 8 8 3 12 9 8,0 17 10 2 12 11,1 10 8 1 11,0 9 7 1 11,0 12 6 1 11,0 20 10 1 13,1 14 9 1 13,1 14 8 2 15 14,0 6 5 2 17 16,0 4 2 2 18 17,0 10 10 2 20 18,0 11 10 2 20 19,0 8 4 1 19,0 2 1 1 21,1 13 9 1 21,0 4 4 1 22,1 0 0 0
j200602_6.sm,6,6,1 0 0 2 2 5,0 5 4 2 18 3,0 8 5 3 13 10 4,0 7 5 2 15 6,0 7 4 2 15 8,0 2 2 1 7,0 2 1 1 8,1 7 4 1 9,1 6 5 3 17 14 11,0 7 5 2 17 12,0 14 7 1 12,0 2 2 2 21 16,0 10 7 2 21 17,0 9 6 2 21 19,1 5 5 2 21 19,0 6 4 1 19,0 1 1 1 19,1 10 6 1 19,0 1 1 1 20,0 6 3 1 22,0 10 9 1 22,1 0 0 0
j200602_7.sm,6,6,1 0 0 4 2 4 20 21,0 7 7 1 3,1 7 5 3 19 18 5,0 5 3 1 5,0 4 2 1 6,0 2 1 3 17 16 7,1 9 6 1 8,0 6 4 2 15 9,0 16 8 1 10,0 8 6 1 11,0 2 2 1 12,0 1 1 1 13,0 13 7 1 14,0 8 5 1 22,0 6 4 1 22,0 16 8 1 22,0 2 1 1 22,1 10 5 1 22,0 9 5 1 22,0 9 6 1 22,1 10 10 1 22,1 0 0 0
j200602_8.sm,6,6,1 0 0 1 2,0 12 9 2 5 3,0 10 10 2 9 4,0 7 4 2 7 6,0 5 3 2 8 6,0 12 10 2 15 10,0 5 5 1 8,0 18 9 1 10,0 16 8 1 10,0 10 8 1 11,0 7 6 3 18 14 12,0 9 9 2 16 13,0 11 8 1 17,1 16 8 1 16,1 9 7 1 16,0 16 10 1 19,1 11 9 1 19,1 16 8 1 19,0 13 8 2 21 20,0 9 9 1 22,0 5 5 1 22,1 0 0 0
j200602_9.sm,6,6,1 0 0 2 2 3,1 3 3 3 12 6 5,0 9 7 2 12 4,0 18 9 1 5,0 8 6 1 7,1 15 10 1 7,0 12 7 1 8,0 17 10 2 11 9,0 1 1 3 15 14 10,0 8 5 2 19 16,0 8 7 2 17 13,0 5 4 1 15,0 3 2 2 19 18,0 10 5 2 19 18,0 5 3 1 17,0 3 3 1 17,1 10 5 1 18,0 10 5 1 20,1 2 1 1 20,0 5 4 1 21,0 5 5 1 22,1 0 0 0
j200602_10.sm,6,6,1 0 0 3 2 9 21,0 15 8 2 17 3,0 7 4 2 10 4,0 12 10 2 20 5,0 8 4 1 6,0 11 6 1 7,0 8 4 1 8,1 8 8 3 16 13 11,0 5 3 2 20 11,1 5 5 3 19 16 14,0 10 6 2 19 12,0 6 4 1 14,1 10 6 2 19 18,1 2 2 1 15,0 13 8 1 18,0 6 6 1 18,0 3 3 1 18,0 8 6 1 22,0 3 3 1 22,0 16 9 1 22,0 1 1 1 22,1 0 0 0
j200702_1.sm,6,6,1 0 0 1 2,1 10 7 2 5 3,0 7 6 1 4,0 10 10 1 6,0 6 4 1 6,1 10 5 2 10 7,0 6 6 1 8,1 12 7 1 9,0 5 3 2 17 11,1 15 10 1 11,0 4 3 1 12,0 8 5 1 13,0 16 9 3 16 15 14,0 13 8 2 20 18,0 13 9 2 20 18,0 10 9 1 18,0 7 4 1 18,0 14 7 1 19,0 7 4 1 21,0 4 2 1 21,0 19 10 1 22,1 0 0 0
j200702_2.sm,6,6,1 0 0 2 2 6,0 10 7 1 3,0 13 7 2 12 4,0 5 3 1 5,0 5 5 1 7,0 12 7 1 7,0 6 3 1 8,0 15 9 1 9,0 4 2 2 16 10,0 5 5 2 19 11,0 9 8 1 13,1 2 1 1 13,1 17 9 3 21 18 14,0 7 4 1 15,0 14 10 1 17,0 12 7 1 17,1 3 2 1 20,0 11 7 1 20,0 2 1 1 20,0 3 2 1 22,1 7 4 1 22,1 0 0 0
j200702_3.sm,6,6,1 0 0 2 2 5,0 5 4 1 3,1 1 1 1 4,0 10 6 1 6,0 1 1 1 6,1 13 7 1 7,0 9 6 1 8,0 4 2 1 9,0 10 9 2 12 10,0 6 4 2 13 11,0 5 5 1 14,0 13 9 1 13,0 4 2 2 18 15,0 12 9 2 18 15,0 1 1 1 16,1 7 4 2 19 17,0 12 7 2 21 20,0 16 8 2 21 20,0 2 1 1 20,0 8 4 1 22,1 1 1 1 22,1 0 0 0
j200702_4.sm,6,6,1 0 0 3 2 20 21,0 4 4 1 3,0 3 2 1 4,0 9 5 1 5,0 10 9 2 19 6,0 4 2 2 18 7,1 12 10 1 8,0 7 7 1 9,0 7 7 2 17 10,0 13 10 2 16 11,1 15 9 1 12,0 15 8 1 13,0 7 5 1 14,0 18 10 1 15,0 5 5 1 22,0 19 10 1 22,0 2 2 1 22,0 2 1 1 22,0 4 3 1 22,1 13 8 1 22,1 9 5 1 22,1 0 0 0
j200702_5.sm,6,6,1 0 0 1 2,0 7 5 1 3,0 13 8 2 9 4,1 8 5 2 6 5,0 6 6 3 14 13 7,0 12 7 2 13 10,1 10 5 1 8,0 12 6 1 10,0 12 8 3 17 14 12,0 19 10 1 11,0 11 8 2 17 12,0 1 1 2 21 15,1 3 2 2 21 15,1 1 1 2 21 16,0 9 6 1 16,0 10 5 1 18,0 10 10 1 18,0 5 5 1 19,0 3 3 1 20,0 9 8 1 22,0 15 9 1 22,1 0 0 0
j200702_6.sm,6,6,1 0 0 2 2 5,0 16 8 2 8 3,0 18 10 1 4,0 2 1 1 6,0 18 9 1 6,0 2 1 1 7,0 11 6 2 13 9,0 5 3 1 9,1 10 5 1 10,1 2 1 1 11,0 13 10 2 16 12,0 15 9 1 14,0 11 6 1 14,1 6 3 1 15,0 2 1 2 19 17,0 6 6 2 19 18,0 1 1 2 20 18,1 4 2 1 21,0 7 6 1 20,0 1 1 1 22,0 18 9 1 22,1 0 0 0
j200702_7.sm,6,6,1 0 0 2 2 4,0 12 7 1 3,0 11 8 1 5,1 1 1 1 5,0 12 9 1 6,0 10 6 2 8 7,0 2 1 3 13 11 9,0 10 6 2 13 10,0 8 7 1 10,0 6 4 2 17 12,0 13 7 1 12,0 2 1 1 14,1 2 1 1 14,0 4 3 1 15,0 15 9 1 16,0 9 6 2 20 18,1 2 2 2 20 18,1 2 1 1 19,0 10 7 1 21,0 1 1 1 21,0 11 9 1 22,1 0 0 0
j200702_8.sm,6,6,1 0 0 2 2 4,0 2 1 1 3,0 7 6 2 10 5,1 7 7 2 10 6,0 2 1 1 6,0 5 4 1 7,0 7 5 2 9 8,0 8 7 2 19 11,0 13 10 2 19 12,1 1 1 2 19 12,0 7 4 1 12,0 12 7 1 13,0 4 2 1 14,1 9 9 3 21 17 15,0 7 7 1 16,0 15 10 1 18,0 4 2 1 18,0 12 6 1 20,1 6 4 1 21,0 2 1 1 22,0 9 8 1 22,1 0 0 0
j200702_9.sm,6,6,1 0 0 3 2 20 21,0 8 5 1 3,0 6 4 2 19 4,0 2 1 2 18 5,0 5 4 1 6,0 6 4 2 17 7,1 5 5 1 8,0 13 7 1 9,0 2 2 2 16 10,0 7 5 1 11,0 4 4 1 12,1 12 7 1 13,0 1 1 1 14,1 13 8 1 15,0 10 8 1 22,1 15 10 1 22,0 4 3 1 22,0 8 7 1 22,0 18 9 1 22,0 17 9 1 22,0 17 10 1 22,1 0 0 0
j200702_10.sm,6,6,1 0 0 2 2 13,0 2 1 1 3,0 10 6 1 4,1 6 4 1 5,0 12 10 2 21 6,0 7 7 2 20 7,0 6 5 2 18 8,0 8 8 2 19 9,0 5 3 1 10,0 4 2 2 17 11,0 5 5 1 12,1 3 2 1 14,0 19 10 2 18 16,0 3 3 1 15,0 14 7 1 16,0 3 3 1 22,0 4 2 1 22,0 10 5 1 22,1 14 9 1 22,0 9 9 1 22,1 17 10 1 22,1 0 0 0
j200802_1.sm,6,6,1 0 0 3 2 3 9,0 7 4 1 4,0 6 4 2 7 6,0 9 8 1 5,0 14 8 1 6,0 11 10 1 8,0 10 6 1 8,1 17 9 1 10,0 6 5 1 10,0 18 10 1 11,0 1 1 1 12,0 3 3 2 18 13,0 10 9 1 14,0 3 2 1 15,1 2 1 1 16,0 2 2 1 17,0 16 10 1 19,0 3 2 1 19,1 5 5 1 20,0 14 9 1 21,1 14 9 1 22,1 0 0 0
j200802_2.sm,6,6,1 0 0 1 2,0 7 5 2 13 3,0 11 6 1 4,0 4 3 1 5,0 8 4 1 6,0 4 3 2 12 7,0 5 5 1 8,0 7 4 2 20 9,0 10 9 1 10,0 7 4 1 11,1 2 1 2 18 14,0 5 4 2 18 14,1 5 4 2 18 14,0 4 2 1 15,0 4 2 1 16,0 2 2 1 17,0 2 1 1 19,0 1 1 1 19,1 10 6 1 21,0 12 9 1 21,1 10 7 1 22,1 0 0 0
j200802_3.sm,6,6,1 0 0 1 2,0 2 1 1 3,0 3 3 2 5 4,0 3 3 1 6,0 4 2 1 6,1 9 5 1 7,1 2 1 1 8,0 6 4 1 9,0 6 6 1 10,0 10 8 2 14 11,0 13 7 1 12,1 1 1 2 17 13,0 20 10 1 15,0 7 4 1 15,1 1 1 1 16,0 8 8 2 21 18,0 6 3 2 21 18,0 6 4 1 19,0 6 6 1 20,0 10 8 1 22,0 10 5 1 22,1 0 0 0
j200802_4.sm,6,6,1 0 0 2 2 21,0 3 3 1 3,0 4 2 1 4,0 12 6 1 5,0 15 9 1 6,1 8 4 2 10 7,0 12 8 2 17 8,0 12 8 1 9,0 8 5 1 11,0 6 4 2 17 13,1 7 7 1 12,0 11 7 1 13,0 10 9 1 14,1 10 8 2 20 15,0 3 2 1 16,0 7 6 1 18,0 7 6 1 18,0 8 4 1 19,1 11 6 1 22,0 2 2 1 22,0 13 8 1 22,1 0 0 0
j200802_5.sm,6,6,1 0 0 4 2 13 20 21,0 2 1 1 3,1 12 7 1 4,0 9 7 1 5,0 4 2 1 6,1 12 7 1 7,0 8 8 1 8,0 8 7 1 9,0 3 3 1 10,0 2 2 1 11,0 12 8 1 12,0 7 4 1 14,0 2 1 1 14,0 19 10 2 19 15,1 14 8 1 16,0 14 8 1 17,0 11 6 1 18,0 13 8 1 22,1 1 1 1 22,0 1 1 1 22,0 4 3 1 22,1 0 0 0
j200802_6.sm,6,6,1 0 0 1 2,0 16 8 2 10 3,0 11 7 1 4,1 10 7 1 5,0 12 7 1 6,1 17 10 1 7,0 11 10 2 13 8,1 8 4 1 9,0 7 6 2 17 11,0 8 5 1 11,0 8 6 1 12,1 14 10 2 19 14,0 5 3 2 19 14,0 13 9 1 15,0 14 10 1 16,0 11 9 1 18,0 8 8 1 18,0 11 6 1 20,0 1 1 1 20,0 12 6 1 21,0 5 3 1 22,1 0 0 0
j200802_7.sm,6,6,1 0 0 1 2,0 10 8 1 3,0 14 7 2 12 4,0 2 1 1 5,0 9 7 1 6,1 13 10 1 7,0 17 10 1 8,0 1 1 1 9,1 12 8 2 15 10,0 6 3 1 11,0 6 5 1 13,0 12 10 1 13,1 15 9 2 21 14,1 7 5 1 16,0 12 8 3 21 20 18,0 18 10 2 20 17,0 14 9 1 18,0 3 3 1 19,0 4 4 1 22,0 5 4 1 22,0 8 7 1 22,1 0 0 0
j200802_8.sm,6,6,1 0 0 3 2 9 21,0 3 3 1 3,0 6 5 1 4,0 4 3 1 5,0 8 4 1 6,0 7 4 1 7,0 16 9 1 8,1 10 6 1 10,1 14 7 1 10,0 10 5 1 11,0 2 2 1 12,1 9 8 2 20 13,0 13 7 1 14,0 8 6 2 19 15,0 13 7 1 16,1 14 7 1 17,0 15 10 1 18,0 4 2 1 22,0 1 1 1 22,0 19 10 1 22,0 2 1 1 22,1 0 0 0
j200802_9.sm,6,6,1 0 0 1 2,0 10 7 1 3,0 11 10 2 17 4,0 14 7 1 5,1 11 9 1 6,0 6 6 3 21 20 7,0 13 7 1 8,0 1 1 2 19 9,0 9 6 1 10,1 2 1 1 11,0 17 10 1 12,0 3 3 1 13,0 16 8 1 14,1 8 5 1 15,0 16 9 1 16,1 8 7 1 18,0 11 10 1 18,0 5 4 1 22,0 4 3 1 22,0 6 6 1 22,0 20 10 1 22,1 0 0 0
j200802_10.sm,6,6,1 0 0 1 2,0 8 4 1 3,0 15 9 1 4,0 11 10 1 5,1 12 8 1 6,0 10 7 2 9 7,0 11 10 1 8,0 18 9 1 10,0 14 8 1 10,1 9 9 1 11,0 8 4 1 12,0 11 6 2 16 13,0 8 4 2 18 14,0 8 7 1 15,1 5 3 2 20 17,0 15 10 2 20 19,0 13 9 1 19,0 2 1 1 19,1 17 9 1 21,0 9 5 1 21,0 8 6 1 22,1 0 0 0
j200902_1.sm,6,6,1 0 0 1 2,0 8 5 1 3,0 1 1 1 4,1 4 4 1 5,1 9 5 1 6,0 14 7 1 7,0 1 1 1 8,0 6 5 2 21 9,1 5 5 1 10,0 5 4 1 11,0 10 6 1 12,0 14 10 1 13,0 20 10 1 14,1 5 4 1 15,0 1 1 1 16,0 6 6 2 20 17,0 1 1 1 18,0 19 10 1 19,0 7 4 1 22,0 3 2 1 22,0 6 3 1 22,1 0 0 0
j200902_2.sm,6,6,1 0 0 1 2,0 16 8 2 13 3,0 12 8 1 4,0 16 10 1 5,0 5 5 1 6,0 1 1 1 7,1 8 8 1 8,1 7 6 1 9,0 14 10 1 10,0 10 8 1 11,0 9 8 1 12,1 15 10 2 21 14,0 11 6 2 21 14,0 1 1 1 15,0 8 6 1 16,0 5 3 1 17,0 10 8 1 18,1 7 4 1 19,0 10 9 1 20,0 2 1 1 22,0 10 5 1 22,1 0 0 0
j200902_3.sm,6,6,1 0 0 1 2,0 8 4 1 3,1 12 6 1 4,0 8 7 2 21 5,0 2 2 1 6,0 4 3 1 7,0 6 3 1 8,0 14 9 1 9,0 11 8 1 10,0 10 9 1 11,1 10 6 2 20 12,1 2 1 1 13,0 1 1 1 14,0 2 2 1 15,0 20 10 1 16,0 12 9 1 17,0 8 6 1 18,0 9 5 1 19,0 11 7 1 22,0 10 6 1 22,1 8 4 1 22,1 0 0 0
j200902_4.sm,6,6,1 0 0 1 2,0 6 3 1 3,0 13 10 1 4,0 9 7 1 5,1 14 7 1 6,0 9 6 1 7,0 16 9 1 8,0 13 9 2 19 9,0 6 3 1 10,0 10 10 1 11,1 2 1 1 12,0 4 3 1 13,0 8 5 1 14,0 7 4 1 15,0 6 6 1 16,0 6 5 1 17,0 10 7 2 21 18,1 3 3 1 20,0 6 6 1 20,1 9 9 1 22,0 9 8 1 22,1 0 0 0
j200902_5.sm,6,6,1 0 0 1 2,0 6 4 1 3,0 9 5 1 4,0 2 1 1 5,0 12 8 1 6,0 10 10 1 7,0 10 5 2 12 8,0 9 6 1 9,0 10 8 1 10,0 11 9 1 11,0 7 5 1 13,1 6 4 1 13,0 14 7 1 14,1 2 1 1 15,0 9 8 2 21 16,0 4 2 1 17,1 5 4 1 18,0 4 4 1 19,0 10 5 1 20,0 10 7 1 22,1 1 1 1 22,1 0 0 0
j200902_6.sm,6,6,1 0 0 1 2,0 13 8 1 3,0 14 9 2 15 4,0 7 6 1 5,1 4 4 1 6,0 9 5 1 7,0 5 3 1 8,1 7 4 1 9,0 2 2 1 10,0 4 2 1 11,0 17 10 1 12,0 8 5 1 13,0 7 4 1 14,0 4 2 2 21 16,1 3 3 1 16,0 7 4 1 17,0 9 6 1 18,0 6 3 1 19,0 4 3 1 20,0 11 6 1 22,1 9 8 1 22,1 0 0 0
j200902_7.sm,6,6,1 0 0 1 2,1 12 6 1 3,1 19 10 1 4,0 11 10 1 5,0 9 7 1 6,1 13 9 1 7,0 18 10 1 8,0 2 2 1 9,0 17 9 1 10,0 10 10 1 11,0 3 2 2 14 12,0 16 9 2 17 13,0 13 9 1 15,0 14 7 1 15,0 7 4 1 16,0 11 10 1 18,0 7 7 1 18,1 4 3 1 19,0 10 9 1 20,0 8 5 1 21,0 14 7 1 22,1 0 0 0
j200902_8.sm,6,6,1 0 0 1 2,0 11 8 1 3,1 4 2 1 4,0 10 5 1 5,0 9 8 1 6,0 11 9 1 7,0 4 2 1 8,0 7 7 1 9,0 12 8 1 10,0 11 10 1 11,0 10 8 2 16 12,0 11 6 2 18 13,0 15 9 1 14,0 2 2 1 15,0 2 1 1 17,0 4 2 1 17,1 6 4 1 19,1 7 4 1 19,0 6 5 1 20,0 6 5 1 21,1 10 5 1 22,1 0 0 0
j200902_9.sm,6,6,1 0 0 2 2 12,0 7 4 1 3,0 9 7 1 4,0 6 4 1 5,1 4 3 1 6,1 4 2 1 7,0 7 4 1 8,0 1 1 1 9,0 3 2 1 10,0 5 5 1 11,0 3 2 1 13,0 13 7 1 13,0 14 8 1 14,0 3 2 1 15,0 11 6 1 16,1 2 2 1 17,0 10 6 2 21 18,0 6 5 1 19,1 10 5 1 20,0 4 2 1 22,0 8 4 1 22,1 0 0 0
j200902_10.sm,6,6,1 0 0 1 2,1 1 1 1 3,0 11 9 1 4,0 11 8 1 5,0 8 6 1 6,0 4 3 2 9 7,1 7 5 1 8,0 1 1 2 12 10,0 7 5 1 10,0 6 4 1 11,0 2 2 1 13,0 16 10 1 13,0 6 6 1 14,0 15 8 1 15,0 8 8 1 16,1 10 5 1 17,0 11 7 1 18,1 14 9 1 19,0 13 8 1 20,0 9 7 1 21,0 9 6 1 22,1 0 0 0
j201002_1.sm,6,6,1 0 0 1 2,0 3 3 1 3,0 8 5 1 4,1 4 2 1 5,0 2 2 1 6,0 10 6 1 7,0 11 6 1 8,0 10 9 1 9,0 5 3 1 10,0 12 6 1 11,0 9 5 1 12,1 4 3 1 13,0 11 6 1 14,1 7 7 1 15,0 17 9 1 16,0 9 6 1 17,1 17 10 1 18,0 9 5 1 19,0 7 6 1 20,0 15 9 1 21,0 6 3 1 22,1 0 0 0
j201002_2.sm,6,6,1 0 0 1 2,0 6 3 1 3,0 9 5 1 4,1 3 2 1 5,1 2 2 1 6,0 7 6 1 7,0 6 6 1 8,0 11 9 1 9,0 4 3 1 10,0 11 6 1 11,0 7 5 1 12,0 5 3 1 13,1 6 6 1 14,0 11 7 1 15,0 12 9 1 16,0 12 6 1 17,0 12 10 1 18,0 8 5 1 19,0 12 6 1 20,0 16 9 1 21,1 3 3 1 22,1 0 0 0
j201002_3.sm,6,6,1 0 0 1 2,0 5 3 1 3,1 5 5 1 4,0 3 2 1 5,0 2 2 1 6,0 11 6 1 7,0 7 6 1 8,1 15 9 1 9,0 5 3 1 10,0 12 6 1 11,0 8 5 1 12,1 5 3 1 13,0 7 6 1 14,0 7 7 1 15,1 16 9 1 16,0 6 6 1 17,0 19 10 1 18,0 6 5 1 19,0 10 6 1 20,0 12 9 1 21,0 3 3 1 22,1 0 0 0
j201002_4.sm,6,6,1 0 0 1 2,0 3 3 1 3,0 6 5 1 4,1 2 2 1 5,0 2 2 1 6,0 7 6 1 7,0 10 6 1 8,0 12 9 1 9,0 3 3 1 10,0 9 6 1 11,0 8 5 1 12,0 4 3 1 13,1 11 6 1 14,1 12 7 1 15,0 13 9 1 16,1 8 6 1 17,0 20 10 1 18,0 5 5 1 19,0 11 6 1 20,0 11 9 1 21,0 4 3 1 22,1 0 0 0
j201002_5.sm,6,6,1 0 0 1 2,0 6 3 1 3,0 10 5 1 4,1 3 2 1 5,0 3 2 1 6,0 6 6 1 7,1 9 6 1 8,0 11 9 1 9,0 5 3 1 10,0 10 6 1 11,1 10 5 1 12,1 5 3 1 13,0 11 6 1 14,0 8 7 1 15,0 9 9 1 16,0 11 6 1 17,0 18 10 1 18,0 8 5 1 19,0 6 6 1 20,0 17 9 1 21,0 6 3 1 22,1 0 0 0
j201002_6.sm,6,6,1 0 0 1 2,0 6 3 1 3,0 7 5 1 4,0 3 2 1 5,0 2 2 1 6,0 8 6 1 7,0 6 6 1 8,0 13 9 1 9,0 6 3 1 10,0 7 6 1 11,0 5 5 1 12,0 4 3 1 13,0 9 6 1 14,1 12 7 1 15,1 10 9 1 16,0 12 6 1 17,1 19 10 1 18,1 8 5 1 19,0 10 6 1 20,0 17 9 1 21,0 4 3 1 22,1 0 0 0
j201002_7.sm,6,6,1 0 0 1 2,0 4 3 1 3,1 9 5 1 4,1 3 2 1 5,0 3 2 1 6,0 8 6 1 7,1 11 6 1 8,0 14 9 1 9,0 3 3 1 10,0 7 6 1 11,0 8 5 1 12,0 5 3 1 13,0 6 6 1 14,0 7 7 1 15,1 9 9 1 16,0 11 6 1 17,0 11 10 1 18,0 8 5 1 19,0 11 6 1 20,0 10 9 1 21,0 5 3 1 22,1 0 0 0
j201002_8.sm,6,6,1 0 0 1 2,0 4 3 1 3,1 6 5 1 4,1 3 2 1 5,0 3 2 1 6,0 8 6 1 7,0 8 6 1 8,0 12 9 1 9,0 5 3 1 10,0 12 6 1 11,1 9 5 1 12,0 4 3 1 13,0 8 6 1 14,0 13 7 1 15,0 17 9 1 16,0 10 6 1 17,0 10 10 1 18,0 10 5 1 19,1 7 6 1 20,0 18 9 1 21,0 6 3 1 22,1 0 0 0
j201002_9.sm,6,6,1 0 0 1 2,0 4 3 1 3,0 10 5 1 4,0 3 2 1 5,0 4 2 1 6,0 10 6 1 7,0 10 6 1 8,0 12 9 1 9,0 6 3 1 10,1 12 6 1 11,1 5 5 1 12,0 5 3 1 13,0 8 6 1 14,0 10 7 1 15,0 13 9 1 16,0 8 6 1 17,1 13 10 1 18,0 10 5 1 19,0 6 6 1 20,0 13 9 1 21,1 3 3 1 22,1 0 0 0
j201002_10.sm,6,6,1 0 0 1 2,0 4 3 1 3,1 5 5 1 4,0 3 2 1 5,0 2 2 1 6,0 11 6 1 7,0 7 6 1 8,0 10 9 1 9,1 5 3 1 10,0 7 6 1 11,1 6 5 1 12,0 4 3 1 13,0 10 6 1 14,0 9 7 1 15,0 15 9 1 16,0 8 6 1 17,0 14 10 1 18,0 8 5 1 19,0 6 6 1 20,0 17 9 1 21,1 6 3 1 22,1 0 0 0
j30302_1.sm,8,8,1 0 0 6 2 5 9 12 13 31,1 2 2 1 3,1 16 9 5 29 18 14 11 4,0 5 5 4 26 17 16 6,0 10 5 7 26 25 24 20 18 14 11,0 12 8 2 28 7,0 18 9 3 27 21 8,0 10 10 4 25 24 19 10,0 11 10 2 20 11,0 7 4 2 20 15,0 6 5 2 23 16,0 2 1 2 29 26,1 12 8 2 30 23,0 3 2 1 17,0 10 6 1 22,0 10 6 1 19,0 20 10 1 21,1 1 1 1 23,0 14 8 1 32,0 2 1 1 32,0 15 10 1 32,0 2 1 1 32,0 2 2 1 32,0 8 6 1 32,0 6 5 1 32,0 20 10 1 32,0 7 5 1 32,0 9 7 1 32,1 5 4 1 32,0 4 2 1 32,1 3 2 1 32,1 0 0 0
j30302_2.sm,8,8,1 0 0 5 2 4 6 8 11,1 5 4 2 15 3,0 16 10 2 10 5,0 3 2 3 15 10 7,0 15 9 3 31 12 9,1 18 9 3 15 13 10,0 8 4 4 31 30 14 12,0 10 10 2 13 10,0 15 10 3 18 16 13,0 12 6 4 23 18 17 14,1 2 1 2 18 13,0 8 5 5 28 23 19 17 16,1 13 9 3 30 23 14,0 14 10 6 29 28 26 21 20 19,0 3 2 3 30 28 16,0 12 8 3 26 24 21,0 11 8 2 29 20,0 9 7 3 30 26 24,0 2 1 2 24 22,0 5 3 2 27 24,0 12 8 1 25,0 10 10 1 25,0 8 7 1 26,0 7 5 1 32,0 1 1 1 32,0 11 8 1 32,0 2 1 1 32,0 4 3 1 32,0 2 2 1 32,1 15 8 1 32,1 2 1 1 32,1 0 0 0
j30302_3.sm,8,8,1 0 0 8 2 6 7 8 10 11 14 20,1 3 3 3 31 18 3,0 4 2 2 27 4,0 4 3 3 23 13 5,0 11 6 4 28 26 24 9,0 5 4 4 30 25 23 12,1 16 8 4 26 23 16 15,0 2 1 3 29 27 12,0 7 5 2 22 12,0 2 1 3 25 24 21,0 8 6 2 27 19,0 8 4 1 15,1 7 6 2 26 25,0 2 2 2 29 27,0 11 9 1 17,0 16 10 1 17,0 2 2 1 21,0 2 2 1 23,0 1 1 1 22,0 3 2 1 24,0 3 3 1 32,1 17 10 1 32,0 6 3 1 32,1 8 8 1 32,0 5 4 1 32,0 1 1 1 32,0 8 4 1 32,0 4 4 1 32,1 1 1 1 32,0 8 4 1 32,0 1 1 1 32,1 0 0 0
j30302_4.sm,8,8,1 0 0 5 2 3 4 8 9,0 7 6 2 14 5,0 5 5 4 14 13 11 10,0 8 7 3 12 11 7,1 14 10 2 11 6,0 6 3 3 19 13 10,0 11 6 3 15 14 13,0 11 9 3 18 12 11,0 16 8 2 12 11,0 12 6 2 18 12,1 9 6 4 22 17 16 15,0 15 8 3 22 16 15,0 9 5 3 22 18 17,0 20 10 4 31 29 19 18,0 7 6 5 31 29 28 21 20,0 1 1 6 30 29 28 25 24 23,0 1 1 4 31 29 26 21,0 9 7 2 28 20,0 12 6 3 25 24 23,0 12 7 3 27 24 23,0 13 8 2 30 27,1 4 2 2 28 26,1 16 8 1 26,1 12 10 1 26,0 3 3 1 27,0 11 6 1 32,0 4 3 1 32,0 7 7 1 32,1 1 1 1 32,0 7 7 1 32,0 5 5 1 32,1 0 0 0
j30302_5.sm,8,8,1 0 0 5 2 4 8 9 11,0 9 5 2 21 3,0 1 1 2 13 5,1 5 5 3 21 13 6,0 6 5 3 31 12 7,0 3 2 5 31 30 29 14 12,0 7 7 2 20 10,0 4 2 4 30 29 18 14,0 15 9 3 29 28 13,0 14 9 3 29 18 14,0 13 9 6 29 21 20 18 17 15,0 13 8 6 28 27 24 20 18 15,0 4 2 5 27 24 18 17 15,1 2 1 6 28 27 26 25 23 16,0 11 9 3 26 25 22,0 10 5 2 22 19,0 3 3 2 30 22,0 7 4 1 23,1 4 2 1 24,1 8 8 1 23,0 8 4 1 30,1 3 2 1 32,0 4 2 1 32,0 5 5 1 32,0 13 10 1 32,0 1 1 1 32,1 15 9 1 32,0 16 8 1 32,0 13 9 1 32,0 9 7 1 32,0 20 10 1 32,1 0 0 0
j30302_6.sm,8,8,1 0 0 5 2 3 5 11 12,0 8 6 4 20 18 7 4,0 10 5 3 17 9 6,0 11 9 3 17 10 9,1 5 4 4 20 17 14 13,0 9 9 2 16 8,0 14 7 2 16 8,1 7 4 4 24 22 14 13,1 10 5 3 16 14 13,0 13 10 3 22 16 14,1 1 1 4 31 24 22 19,1 3 3 3 31 24 19,0 8 8 1 15,0 6 4 5 31 30 29 23 21,0 1 1 2 31 19,0 7 4 2 24 19,0 13 7 2 24 19,0 2 1 1 19,0 8 8 3 30 29 21,0 8 5 3 31 22 21,1 13 7 3 28 26 25,0 2 2 3 28 27 26,0 13 7 2 26 25,0 6 4 2 29 26,0 2 1 1 27,0 4 4 1 32,0 4 3 1 32,0 17 9 1 32,0 1 1 1 32,0 2 1 1 32,0 13 7 1 32,1 0 0 0
j30302_7.sm,8,8,1 0 0 16 2 7 11 19 20 21 22 23 24 25 26 27 28 29 30 31,0 6 6 3 18 17 3,1 10 5 4 16 15 14 4,0 13 9 1 5,0 9 5 1 6,0 3 2 2 13 8,1 4 2 3 15 14 12,0 13 9 1 9,0 2 2 1 10,0 3 2 1 12,1 10 8 1 14,1 5 3 1 32,0 10 8 1 32,0 2 1 1 32,0 5 5 1 32,0 11 8 1 32,0 10 10 1 32,0 10 10 1 32,0 12 8 1 32,0 11 8 1 32,0 5 4 1 32,0 6 6 1 32,0 10 7 1 32,0 15 8 1 32,0 11 9 1 32,0 10 10 1 32,0 12 8 1 32,1 14 7 1 32,1 13 7 1 32,0 4 2 1 32,0 13 10 1 32,1 0 0 0
j30302_8.sm,8,8,1 0 0 12 2 4 5 10 14 16 17 18 28 29 30 31,0 13 9 1 3,0 5 4 3 24 12 6,0 10 5 2 8 7,1 5 4 4 26 25 24 9,1 14 8 2 26 8,0 8 6 3 27 25 9,0 14 10 2 25 9,0 7 6 3 23 22 11,0 13 9 1 11,0 16 10 2 21 13,0 11 6 1 13,0 7 5 2 20 15,0 8 7 2 24 19,0 6 3 1 19,0 14 8 1 24,0 1 1 1 24,0 6 5 1 24,1 5 5 1 32,1 12 8 1 32,0 9 7 1 32,0 8 6 1 32,0 14 9 1 32,1 2 1 1 32,0 11 6 1 32,0 10 7 1 32,1 11 6 1 32,0 18 10 1 32,0 10 5 1 32,0 6 3 1 32,0 8 5 1 32,1 0 0 0
j30302_9.sm,8,8,1 0 0 5 2 3 4 6 10,0 12 6 4 17 13 7 5,0 19 10 4 17 12 9 8,0 1 1 3 14 13 11,0 6 4 2 12 8,0 8 4 3 17 16 13,1 7 5 2 12 11,1 7 4 4 18 16 15 14,0 9 9 2 18 11,0 8 5 3 17 15 14,1 4 2 3 25 16 15,0 8 7 2 18 15,1 7 7 2 18 15,0 12 6 4 25 24 23 20,0 5 3 3 24 23 21,0 16 10 1 19,0 8 7 1 18,0 18 9 2 25 20,0 9 5 2 24 20,0 2 2 2 30 22,0 6 6 1 22,1 12 9 4 31 28 27 26,0 14 8 3 29 28 27,0 9 8 2 30 28,0 1 1 2 30 27,0 2 2 1 29,1 7 6 1 32,0 8 7 1 32,0 5 5 1 32,0 1 1 1 32,0 17 10 1 32,1 0 0 0
j30302_10.sm,8,8,1 0 0 10 2 3 5 8 9 10 12 13 16 18,0 6 3 2 14 4,0 15 8 4 22 19 14 7,1 11 7 2 22 6,1 14 7 4 23 22 19 11,0 4 4 3 23 19 11,0 2 1 3 24 23 11,0 6 6 3 24 23 11,0 15 8 3 26 24 15,0 4 3 1 11,0 11 10 2 26 15,0 1 1 2 26 15,0 5 3 3 26 21 17,0 17 10 1 15,0 6 6 2 21 17,0 1 1 3 26 24 20,0 7 4 3 31 28 20,0 11 9 2 28 22,1 12 8 1 20,0 8 6 3 30 29 25,1 2 1 3 29 28 25,1 16 9 1 24,0 11 6 2 31 27,1 9 9 1 25,0 2 2 1 27,0 14 7 1 28,0 9 9 1 32,0 10 6 1 32,0 4 2 1 32,0 13 10 1 32,0 13 8 1 32,1 0 0 0
j300102_1.sm,8,8,1 0 0 19 2 3 4 6 7 8 9 10 11 13 14 24 25 26 27 28 29 30 31,0 6 5 2 15 5,0 10 6 4 20 18 17 15,0 6 3 1 5,1 2 1 3 19 18 16,0 10 8 3 23 17 15,1 10 8 3 22 16 15,1 10 8 2 21 17,0 5 4 2 20 15,0 15 9 2 17 15,0 6 3 1 12,0 2 1 1 16,1 16 10 1 16,0 8 8 1 15,0 8 4 1 32,0 7 4 1 32,0 5 5 1 32,0 5 3 1 32,1 9 7 1 32,0 7 4 1 32,0 11 6 1 32,0 5 3 1 32,0 13 9 1 32,0 13 9 1 32,0 1 1 1 32,1 14 8 1 32,0 16 9 1 32,0 3 3 1 32,0 7 6 1 32,0 4 2 1 32,0 10 10 1 32,1 0 0 0
j300102_2.sm,8,8,1 0 0 13 2 3 4 5 6 7 8 9 10 14 17 18 31,0 1 1 9 30 28 26 25 24 19 15 13 11,0 14 10 9 30 28 27 26 25 24 19 15 13,0 6 5 8 28 26 25 24 23 22 19 13,0 7 6 6 29 27 26 20 16 12,0 8 6 8 29 26 25 24 23 22 21 19,0 1 1 4 25 22 21 19,0 1 1 4 25 22 20 19,0 6 5 4 24 22 20 19,1 3 2 4 23 22 20 19,0 3 3 3 27 23 22,1 2 1 3 24 21 19,0 11 7 2 21 20,0 1 1 2 21 19,0 9 5 1 20,0 4 2 1 23,0 5 5 1 23,1 20 10 1 20,0 4 3 1 32,0 6 3 1 32,0 5 5 1 32,1 4 3 1 32,1 7 5 1 32,0 1 1 1 32,0 2 1 1 32,0 6 6 1 32,0 12 10 1 32,0 1 1 1 32,0 3 3 1 32,1 18 10 1 32,0 8 4 1 32,1 0 0 0
j300102_3.sm,8,8,1 0 0 26 2 4 5 6 10 11 12 13 14 15 16 17 18 19 20 21 22 23 24 25 26 27 28 29 30 31,1 2 2 1 3,1 5 3 1 8,0 8 6 1 9,1 12 10 1 7,0 6 5 1 7,1 2 1 1 32,0 11 7 1 32,0 4 2 1 32,0 15 8 1 32,0 10 10 1 32,0 8 8 1 32,0 1 1 1 32,0 8 5 1 32,0 4 2 1 32,0 14 7 1 32,0 5 3 1 32,1 4 4 1 32,0 11 7 1 32,0 3 2 1 32,0 4 3 1 32,0 9 6 1 32,0 2 1 1 32,0 1 1 1 32,0 5 5 1 32,0 5 5 1 32,0 14 7 1 32,1 2 1 1 32,0 4 3 1 32,0 9 7 1 32,0 9 5 1 32,1 0 0 0
j300102_4.sm,8,8,1 0 0 14 2 3 4 5 9 10 11 14 15 16 17 29 30 31,0 12 7 5 28 27 8 7 6,0 10 10 5 26 25 24 7 6,0 1 1 5 24 22 21 12 6,0 7 6 4 24 21 13 12,0 5 3 3 23 20 18,0 10 5 3 22 19 18,0 7 5 3 25 21 18,0 1 1 3 23 22 18,0 1 1 2 24 20,1 4 2 2 21 18,1 12 10 1 18,1 9 8 1 19,0 2 1 1 26,1 12 8 1 20,1 13 8 1 19,0 7 4 1 19,0 10 9 1 32,0 9 9 1 32,0 15 8 1 32,0 7 5 1 32,1 3 2 1 32,0 6 4 1 32,0 7 4 1 32,0 15 10 1 32,0 2 1 1 32,0 17 9 1 32,0 9 6 1 32,0 15 8 1 32,0 9 7 1 32,0 13 8 1 32,1 0 0 0
j300102_5.sm,8,8,1 0 0 17 2 3 4 5 8 9 21 22 23 24 25 26 27 28 29 30 31,0 20 10 5 20 19 18 17 7,0 2 1 3 16 12 11,1 4 2 2 10 6,0 4 2 2 15 12,0 5 3 1 14,0 2 2 1 13,1 3 2 1 11,0 1 1 1 10,0 13 7 1 32,0 9 6 1 32,0 9 5 1 32,0 1 1 1 32,1 12 9 1 32,0 5 5 1 32,0 3 2 1 32,1 9 7 1 32,0 12 9 1 32,0 2 2 1 32,0 4 4 1 32,0 4 4 1 32,0 10 7 1 32,0 8 8 1 32,0 2 1 1 32,0 8 7 1 32,0 7 6 1 32,1 10 7 1 32,1 7 5 1 32,0 11 9 1 32,0 7 6 1 32,0 6 4 1 32,1 0 0 0
j300102_6.sm,8,8,1 0 0 19 2 3 4 6 7 8 9 10 11 13 14 24 25 26 27 28 29 30 31,0 11 8 5 21 20 18 17 15,1 12 7 2 15 5,0 3 2 1 5,1 11 7 3 19 18 16,0 13 8 3 23 16 15,0 4 2 3 21 17 15,0 6 6 2 22 17,0 4 2 2 20 15,1 3 2 2 17 15,0 12 7 1 12,0 11 9 1 16,0 6 4 1 16,0 1 1 1 15,0 16 10 1 32,0 2 2 1 32,1 13 7 1 32,0 8 7 1 32,0 14 10 1 32,0 6 3 1 32,1 13 8 1 32,1 15 10 1 32,0 1 1 1 32,0 17 10 1 32,0 4 2 1 32,0 13 9 1 32,0 4 2 1 32,0 2 1 1 32,0 8 4 1 32,0 1 1 1 32,0 3 3 1 32,1 0 0 0
j300102_7.sm,8,8,1 0 0 16 2 3 4 5 6 8 9 10 11 12 16 17 18 19 20 31,1 1 1 4 28 25 21 7,0 4 4 3 22 13 7,0 6 4 2 13 7,0 3 3 3 30 22 14,0 12 6 3 28 22 14,0 14 10 3 26 24 23,0 11 7 3 29 22 21,0 3 3 2 25 15,0 13 8 2 27 13,1 11 10 2 25 24,0 10 10 2 23 21,1 6 6 1 21,0 4 3 1 21,0 8 8 1 27,0 12 6 1 25,0 2 2 1 22,0 6 5 1 22,0 3 2 1 21,0 11 8 1 21,0 4 3 1 32,0 7 6 1 32,0 7 5 1 32,0 3 2 1 32,1 7 5 1 32,0 10 8 1 32,0 3 2 1 32,0 15 10 1 32,0 7 6 1 32,1 12 10 1 32,1 1 1 1 32,1 0 0 0
j300102_8.sm,8,8,1 0 0 16 2 3 4 5 6 8 11 12 13 14 17 18 19 29 30 31,1 9 5 6 28 24 16 10 9 7,0 14 7 6 24 23 22 15 10 9,0 19 10 5 25 23 22 15 9,0 9 6 6 27 25 24 23 21 20,1 2 2 4 26 24 15 10,0 10 6 5 25 23 22 21 20,0 8 8 3 25 24 15,0 11 6 2 26 20,0 6 6 2 21 20,0 7 7 2 28 23,0 8 4 2 22 20,0 13 7 2 21 20,0 7 4 2 21 20,0 6 3 1 21,0 4 2 1 20,1 13 8 1 27,0 4 2 1 22,0 5 4 1 20,0 9 7 1 32,0 20 10 1 32,0 11 6 1 32,0 14 9 1 32,0 6 3 1 32,0 9 9 1 32,0 5 4 1 32,1 5 5 1 32,1 14 9 1 32,0 9 7 1 32,1 17 10 1 32,0 8 5 1 32,1 0 0 0
j300102_9.sm,8,8,1 0 0 18 2 3 5 6 7 8 10 11 12 23 24 25 26 27 28 29 30 31,1 17 9 6 22 17 16 15 9 4,1 5 5 4 18 16 15 13,0 3 2 3 19 14 13,0 15 9 3 21 18 13,0 12 8 3 20 16 15,1 17 10 2 15 14,0 10 8 2 14 13,0 4 2 1 13,0 15 8 1 17,0 8 5 1 14,0 10 7 1 13,0 16 8 1 32,0 3 3 1 32,0 3 2 1 32,0 12 6 1 32,0 4 3 1 32,0 4 3 1 32,1 2 2 1 32,0 16 9 1 32,0 9 9 1 32,1 4 3 1 32,0 10 6 1 32,0 4 2 1 32,0 9 7 1 32,0 9 7 1 32,0 11 7 1 32,0 14 7 1 32,0 2 1 1 32,0 5 3 1 32,1 11 7 1 32,1 0 0 0
j300102_10.sm,8,8,1 0 0 12 2 3 4 5 7 11 12 27 28 29 30 31,0 5 3 6 26 25 24 21 17 10,0 9 5 5 23 21 18 14 6,1 12 8 4 20 17 15 9,0 5 3 3 20 19 8,0 9 7 2 16 15,0 1 1 2 22 16,0 11 8 1 13,0 2 1 1 13,0 6 4 1 14,1 12 7 1 19,0 2 1 1 18,0 1 1 1 32,0 4 3 1 32,0 16 9 1 32,1 11 9 1 32,0 2 2 1 32,1 9 6 1 32,0 8 5 1 32,0 14 9 1 32,0 10 5 1 32,1 5 3 1 32,1 7 5 1 32,0 10 9 1 32,0 17 10 1 32,0 2 1 1 32,0 3 3 1 32,0 2 2 1 32,0 8 8 1 32,0 4 4 1 32,0 10 8 1 32,1 0 0 0
j300202_1.sm,8,8,1 0 0 13 2 4 5 6 9 10 11 12 16 17 29 30 31,0 6 4 4 26 25 14 3,0 8 5 4 23 22 18 7,0 15 10 5 28 21 15 14 13,0 7 4 6 27 22 21 20 19 14,1 11 7 6 24 23 22 21 19 18,1 7 4 1 8,0 4 4 3 21 19 13,0 5 3 3 23 22 20,0 2 2 2 19 13,0 16 9 2 22 18,0 10 6 2 21 18,0 2 2 1 20,0 4 3 1 18,1 11 9 1 19,0 4 2 1 22,0 6 3 1 18,0 10 8 1 32,0 16 10 1 32,0 10 5 1 32,0 20 10 1 32,0 12 6 1 32,0 1 1 1 32,0 15 8 1 32,1 6 3 1 32,0 2 2 1 32,1 6 3 1 32,0 10 6 1 32,0 3 2 1 32,0 4 2 1 32,1 1 1 1 32,1 0 0 0
j300202_2.sm,8,8,1 0 0 7 2 3 4 5 9 12 16,0 12 10 5 19 13 10 7 6,1 2 1 7 21 20 19 15 14 13 10,0 10 5 6 21 20 19 15 10 8,0 4 3 5 21 20 14 13 11,0 1 1 5 31 20 18 15 11,0 9 5 4 22 20 15 8,1 11 6 4 31 24 18 14,0 10 8 3 22 19 17,1 3 2 5 30 29 28 23 22,1 10 9 5 30 29 28 23 22,1 2 1 5 30 29 28 23 22,0 2 2 3 25 23 18,0 11 7 2 29 17,0 1 1 2 29 17,0 7 5 2 22 19,0 8 6 4 30 28 27 25,0 5 3 3 29 28 26,0 7 6 3 31 26 25,0 4 4 1 24,0 7 7 1 22,1 10 5 2 26 25,0 8 5 2 27 26,0 11 7 2 27 25,0 2 1 1 32,0 16 9 1 32,0 5 5 1 32,0 8 6 1 32,0 11 7 1 32,0 20 10 1 32,0 10 6 1 32,1 0 0 0
j300202_3.sm,8,8,1 0 0 7 2 3 4 5 10 12 15,1 9 5 4 18 14 8 6,0 20 10 6 31 24 16 14 13 7,0 6 4 5 21 19 17 13 9,0 6 4 7 29 24 21 20 18 17 13,0 8 5 6 31 30 24 21 20 11,0 9 8 8 30 29 28 23 22 21 20 19,0 5 5 6 31 29 22 20 19 17,1 6 5 6 31 29 24 23 20 16,1 10 7 4 31 29 24 16,0 10 9 3 23 19 16,0 16 9 2 22 17,1 15 8 4 28 26 23 22,0 9 9 3 29 23 19,1 2 1 1 16,0 11 10 4 28 26 25 22,0 9 6 4 30 28 26 25,0 12 8 1 19,0 3 3 3 27 26 25,0 10 10 3 27 26 25,1 9 6 2 27 25,0 3 2 1 27,0 7 5 1 25,0 8 6 1 26,0 2 1 1 32,0 7 4 1 32,0 8 4 1 32,0 2 1 1 32,0 6 6 1 32,0 17 9 1 32,0 14 7 1 32,1 0 0 0
j300202_4.sm,8,8,1 0 0 7 2 3 4 5 9 10 16,0 13 8 5 20 13 12 7 6,0 14 9 7 21 20 18 14 13 12 8,1 17 9 7 21 20 18 14 13 12 8,0 2 1 7 31 21 18 15 14 13 11,0 7 4 5 31 19 18 14 11,0 13 9 4 22 18 14 8,0 7 7 4 31 24 19 15,1 14 9 3 22 20 17,1 6 3 1 11,0 14 8 5 30 29 28 23 22,0 7 5 5 30 29 28 23 22,0 5 5 3 25 23 19,0 2 2 2 29 17,0 9 9 2 29 17,0 8 8 2 22 20,0 8 6 4 30 28 27 25,0 6 3 2 26 24,0 4 2 3 29 28 26,0 7 4 3 31 26 25,0 10 9 1 22,0 10 10 2 26 25,1 4 3 2 27 26,1 8 4 2 27 25,0 7 4 1 32,0 16 8 1 32,0 18 9 1 32,0 10 9 1 32,0 9 6 1 32,0 7 5 1 32,1 3 3 1 32,1 0 0 0
j300202_5.sm,8,8,1 0 0 7 2 3 4 5 10 11 16,0 4 3 4 15 12 9 6,0 4 3 5 22 18 14 12 8,0 3 3 3 17 14 7,0 11 7 7 31 29 22 21 17 15 14,0 4 2 7 31 30 29 22 21 20 13,0 10 5 7 31 29 24 22 21 20 18,0 7 4 8 30 29 28 24 23 21 20 19,1 15 8 6 31 29 23 20 19 17,1 6 3 4 31 29 22 18,1 8 6 4 23 22 20 17,0 3 3 5 31 29 24 23 19,0 6 3 3 24 19 18,0 9 8 4 28 24 23 19,1 11 7 4 30 23 20 19,0 3 2 2 24 18,1 8 6 5 30 28 27 26 25,0 6 3 4 28 26 25 23,1 10 9 3 27 26 25,0 13 10 3 27 26 25,0 10 5 3 27 26 25,0 5 4 2 26 25,0 2 1 1 27,0 5 3 1 25,0 16 8 1 32,0 10 6 1 32,0 10 9 1 32,0 9 6 1 32,0 7 5 1 32,0 11 6 1 32,0 15 9 1 32,1 0 0 0
j300202_6.sm,8,8,1 0 0 3 2 4 7,0 2 2 7 31 30 29 28 11 5 3,0 4 3 4 18 17 8 6,1 3 3 8 28 25 17 14 13 12 11 9,0 5 5 6 18 17 13 12 10 9,1 9 8 3 14 12 9,1 3 3 7 25 24 23 19 17 16 15,0 5 4 5 27 26 23 20 13,0 9 8 4 20 19 16 15,0 9 6 4 25 21 20 19,1 14 7 3 23 19 18,0 16 10 2 24 23,0 2 1 2 22 19,0 9 7 2 21 19,0 18 10 1 22,0 6 6 1 21,0 10 6 1 20,0 14 10 1 20,1 4 4 1 32,0 17 10 1 32,0 20 10 1 32,0 6 3 1 32,0 2 1 1 32,1 10 10 1 32,0 19 10 1 32,0 13 8 1 32,0 9 9 1 32,0 3 3 1 32,0 16 9 1 32,0 4 3 1 32,0 1 1 1 32,1 0 0 0
j300202_7.sm,8,8,1 0 0 7 2 3 4 5 10 15 17,0 5 3 5 19 11 9 7 6,0 9 8 7 24 20 19 14 13 11 9,0 3 3 5 24 20 19 9 8,1 4 2 5 24 20 13 12 11,0 9 7 4 22 20 14 8,0 4 4 4 20 18 14 12,0 11 8 4 31 23 18 13,0 15 10 4 29 28 22 21,0 13 9 4 29 28 22 21,1 3 2 3 25 21 18,1 10 7 3 29 22 21,0 12 8 2 28 16,1 14 9 2 28 16,0 12 7 2 30 19,0 8 5 4 30 29 27 25,0 17 9 1 19,0 19 10 3 30 28 26,0 1 1 3 31 26 25,0 14 7 1 23,0 6 4 2 27 26,0 19 10 2 26 25,0 6 5 2 27 25,0 11 8 2 26 25,0 14 7 1 32,0 5 5 1 32,1 14 8 1 32,0 2 1 1 32,1 5 3 1 32,0 7 6 1 32,0 6 3 1 32,1 0 0 0
j300202_8.sm,8,8,1 0 0 7 2 3 4 5 10 12 13,0 13 8 4 17 15 9 6,0 4 2 6 31 24 16 15 14 8,0 7 6 4 19 18 14 7,0 9 6 7 30 24 21 20 18 17 14,0 8 4 6 31 29 24 21 20 11,0 5 5 7 31 30 24 23 21 20 16,0 7 4 8 30 29 28 23 22 21 20 19,0 10 7 6 31 30 22 20 19 18,1 12 8 4 31 30 24 16,0 10 8 3 23 19 16,0 8 5 2 22 18,0 1 1 2 23 16,0 5 3 4 28 26 23 22,0 11 6 3 30 23 19,1 4 3 4 28 26 25 22,0 9 5 2 29 19,0 2 1 4 29 28 26 25,1 9 7 3 27 26 25,0 19 10 3 27 26 25,0 12 9 2 27 25,0 3 3 1 27,0 6 5 1 25,0 13 7 1 26,1 5 4 1 32,1 4 4 1 32,0 4 2 1 32,0 6 5 1 32,0 10 7 1 32,1 2 1 1 32,0 16 10 1 32,1 0 0 0
j300202_9.sm,8,8,1 0 0 10 2 4 5 6 7 9 10 12 14 17,0 2 2 4 29 19 16 3,0 4 3 6 31 30 28 23 20 11,0 10 5 3 16 15 8,0 14 7 7 29 28 23 20 18 15 13,0 9 6 4 31 20 19 13,0 7 7 5 30 29 22 20 15,0 9 5 5 29 28 23 20 18,0 9 5 5 30 29 27 20 18,0 3 3 4 31 30 26 15,1 2 1 3 22 18 15,0 2 2 3 27 21 19,0 7 6 4 27 26 22 21,0 10 8 2 26 15,0 2 2 3 27 24 21,0 6 6 3 26 25 22,0 2 1 1 18,0 7 6 3 26 25 24,1 4 3 3 28 26 24,0 3 2 2 26 24,1 13 10 1 25,0 7 5 1 24,0 3 2 1 25,0 4 4 1 32,0 3 3 1 32,1 9 7 1 32,0 4 4 1 32,0 10 5 1 32,1 1 1 1 32,1 6 3 1 32,0 11 9 1 32,1 0 0 0
j300202_10.sm,8,8,1 0 0 13 2 4 6 7 8 10 11 13 17 18 19 20 21,0 2 1 6 31 30 29 27 16 3,1 8 4 4 28 26 12 5,1 13 7 5 27 26 25 14 12,0 1 1 4 25 24 15 9,0 8 5 4 25 24 23 22,0 7 6 3 27 24 16,0 1 1 3 30 26 22,0 7 6 2 23 14,1 13 8 2 29 16,1 10 7 2 28 14,0 6 6 2 24 22,0 18 9 1 15,0 11 6 1 22,0 6 5 1 23,0 10 6 1 23,0 4 2 1 25,0 3 2 1 25,0 12 6 1 24,1 4 2 1 24,0 10 9 1 22,0 9 7 1 32,0 3 2 1 32,0 13 9 1 32,0 1 1 1 32,0 6 5 1 32,0 3 2 1 32,0 12 7 1 32,0 11 9 1 32,1 8 5 1 32,0 8 7 1 32,1 0 0 0
j300402_1.sm,8,8,1 0 0 3 2 3 5,1 14 8 2 9 6,0 15 9 1 4,0 16 9 2 11 7,0 7 4 2 10 8,0 7 6 3 14 11 10,0 1 1 3 17 14 10,0 1 1 2 14 9,0 7 7 4 17 16 13 12,0 2 1 3 16 13 12,0 13 8 3 17 13 12,1 10 6 1 15,0 14 9 5 28 26 23 20 18,0 7 4 5 28 26 23 21 18,1 7 7 4 28 23 20 19,0 9 5 3 26 21 20,0 16 8 3 28 23 22,0 12 7 2 24 22,0 11 6 1 21,1 2 2 2 25 24,0 11 9 1 22,0 8 4 2 31 25,1 5 4 2 31 25,0 9 5 2 31 27,0 4 2 1 27,0 7 7 1 27,0 11 7 2 30 29,0 3 2 2 30 29,0 6 4 1 32,1 6 4 1 32,0 11 8 1 32,1 0 0 0
j300402_2.sm,8,8,1 0 0 3 2 4 5,1 10 7 2 10 3,0 3 2 3 9 7 6,0 10 8 3 9 7 6,0 5 3 2 9 6,0 8 5 2 31 8,0 14 8 3 31 13 11,1 9 5 2 13 11,0 17 10 4 31 17 16 12,0 7 6 1 11,0 4 2 3 17 16 12,0 13 7 2 20 14,0 8 8 3 21 19 18,1 12 6 1 15,0 7 5 3 29 28 19,0 9 5 2 21 18,0 6 3 4 29 28 23 22,0 10 9 6 30 29 28 27 26 24,0 10 6 3 30 23 22,0 15 9 2 28 22,0 10 10 4 28 27 26 25,0 18 9 3 27 26 24,0 10 7 2 26 25,1 7 4 1 25,0 13 8 1 32,0 14 10 1 32,0 14 7 1 32,1 12 9 1 32,0 3 2 1 32,1 10 10 1 32,0 3 2 1 32,1 0 0 0
j300402_3.sm,8,8,1 0 0 3 2 5 6,0 11 6 3 14 11 3,0 10 7 2 13 4,1 17 10 3 31 30 7,0 11 6 3 31 30 7,0 10 5 3 31 30 7,0 1 1 3 17 15 8,1 7 5 3 22 18 9,0 6 4 1 10,1 2 1 3 28 25 12,0 6 3 5 29 28 27 25 16,0 7 7 3 29 27 16,0 10 6 4 28 26 25 19,1 3 3 2 30 18,0 10 6 4 27 25 24 20,0 4 3 2 26 19,0 17 9 3 24 23 21,0 10 5 1 19,0 13 9 2 24 20,0 20 10 1 23,0 1 1 1 25,0 13 7 1 25,1 8 4 1 32,0 11 8 1 32,0 4 2 1 32,0 8 6 1 32,0 14 7 1 32,0 15 9 1 32,0 5 5 1 32,0 12 8 1 32,1 14 9 1 32,1 0 0 0
j300402_4.sm,8,8,1 0 0 4 2 5 6 15,0 1 1 2 19 3,0 4 3 3 31 14 4,0 5 4 3 30 29 7,1 19 10 3 29 28 7,0 2 1 3 29 28 7,0 17 9 2 18 8,0 9 7 3 25 17 9,1 14 8 3 27 26 10,0 2 2 1 11,0 2 1 3 23 22 12,1 7 7 1 13,0 15 9 2 20 16,0 4 3 2 28 24,0 6 4 2 30 25,0 12 10 1 21,1 6 6 1 24,0 6 5 1 20,1 3 3 1 20,0 4 3 1 32,0 12 7 1 32,1 12 8 1 32,0 10 5 1 32,0 2 1 1 32,0 9 5 1 32,0 19 10 1 32,0 12 6 1 32,0 10 6 1 32,0 10 7 1 32,0 7 4 1 32,0 19 10 1 32,1 0 0 0
j300402_5.sm,8,8,1 0 0 3 2 4 5,0 2 2 2 10 3,0 8 6 3 9 7 6,0 4 4 3 9 7 6,0 20 10 2 9 6,0 11 9 1 8,1 4 2 1 8,0 11 10 3 31 13 11,0 9 5 5 31 17 16 13 12,0 2 1 1 11,0 12 6 3 17 16 12,1 5 5 2 20 14,0 7 5 2 19 18,0 7 6 1 15,0 12 7 2 29 18,0 14 7 2 22 19,0 14 7 5 30 29 28 23 22,0 16 10 4 30 28 23 22,0 5 4 3 30 29 21,0 7 4 3 29 28 22,0 4 4 4 28 27 26 24,1 4 4 3 27 26 24,1 4 2 2 26 25,0 2 2 1 25,1 17 9 1 32,0 8 6 1 32,0 10 10 1 32,0 7 6 1 32,0 7 6 1 32,0 16 8 1 32,1 6 3 1 32,1 0 0 0
j300402_6.sm,8,8,1 0 0 12 2 10 14 15 24 25 26 27 28 29 30 31,0 14 7 2 23 3,1 6 6 2 22 4,0 12 9 3 20 19 5,0 10 10 2 18 6,1 20 10 1 7,0 4 2 1 8,0 6 6 1 9,0 9 5 2 17 11,0 5 3 2 17 11,1 6 5 1 12,1 16 9 1 13,0 2 1 1 16,0 13 9 1 21,1 6 4 1 21,0 5 3 1 32,0 14 7 1 32,0 3 2 1 32,0 8 4 1 32,0 8 6 1 32,0 13 9 1 32,0 4 3 1 32,0 8 7 1 32,0 8 7 1 32,0 8 4 1 32,1 10 6 1 32,0 16 8 1 32,0 16 8 1 32,0 11 9 1 32,0 11 9 1 32,0 7 7 1 32,1 0 0 0
j300402_7.sm,8,8,1 0 0 3 2 4 5,0 7 6 2 6 3,0 14 9 4 14 10 9 7,1 3 2 4 14 11 10 8,1 3 3 3 14 8 6,0 7 4 2 17 10,0 7 5 1 8,0 20 10 3 17 13 12,1 6 4 3 17 13 12,0 13 9 2 13 12,0 12 8 3 20 16 13,0 2 1 5 21 20 19 16 15,0 8 8 3 21 19 15,1 7 6 3 20 19 18,0 3 2 2 25 18,0 16 8 2 25 18,1 2 2 2 25 18,0 4 3 4 29 27 24 22,0 8 5 3 27 24 23,0 14 9 3 25 24 23,0 12 6 1 22,0 2 1 1 23,0 6 5 1 26,1 6 3 1 26,0 6 3 1 26,0 15 8 2 30 28,0 12 9 2 30 28,0 15 9 1 31,0 9 8 1 30,0 12 9 1 32,0 8 5 1 32,1 0 0 0
j300402_8.sm,8,8,1 0 0 3 2 4 6,0 12 6 2 9 3,1 7 6 3 11 8 5,0 10 9 2 8 5,1 2 1 2 31 7,0 6 4 2 31 7,0 16 9 3 18 15 10,1 3 2 5 31 20 17 15 13,0 9 8 4 20 18 17 13,0 13 7 3 20 17 12,0 8 4 4 20 19 18 14,0 4 2 1 13,0 9 5 3 30 27 14,0 4 4 2 29 16,1 8 6 3 28 22 21,0 1 1 3 28 24 21,0 16 10 2 29 19,0 12 8 4 30 27 26 23,0 7 5 3 27 26 23,0 15 10 1 21,0 3 2 2 26 23,0 13 8 2 27 25,1 1 1 1 25,0 4 2 1 26,1 10 7 1 32,0 8 5 1 32,0 1 1 1 32,0 9 9 1 32,0 11 7 1 32,0 16 9 1 32,0 5 5 1 32,1 0 0 0
j300402_9.sm,8,8,1 0 0 3 2 3 4,1 3 3 3 10 8 7,0 11 9 2 6 5,0 10 8 2 9 6,0 10 7 2 10 8,0 4 2 2 11 10,0 6 4 2 12 9,0 17 10 2 12 11,0 4 2 2 18 11,0 10 6 3 15 13 12,0 12 6 3 16 15 13,0 11 6 4 27 19 18 17,0 13 7 1 14,0 10 6 4 26 23 20 19,0 14 7 4 27 23 20 17,0 9 8 3 27 20 19,1 11 8 3 26 25 22,0 7 5 3 26 23 22,0 10 10 1 21,0 11 8 2 25 24,1 6 6 1 22,0 1 1 1 24,0 3 2 1 24,1 20 10 2 31 28,0 5 3 2 31 28,0 10 5 2 31 28,1 7 4 2 31 28,1 8 4 2 30 29,0 8 4 1 32,0 8 8 1 32,0 1 1 1 32,1 0 0 0
j300402_10.sm,8,8,1 0 0 4 2 5 7 8,0 6 4 2 11 3,0 13 8 3 31 30 4,0 10 5 2 29 6,0 3 3 5 31 30 23 17 10,1 11 10 5 24 23 20 17 9,0 2 1 3 17 13 9,1 2 1 3 29 17 9,0 11 10 3 28 22 12,1 5 3 3 29 28 12,0 13 10 3 28 23 15,0 4 4 2 19 14,0 1 1 4 23 22 20 18,0 9 9 1 15,0 3 3 2 27 16,0 4 2 2 26 18,0 4 2 2 22 21,0 10 5 1 21,1 4 3 1 21,0 9 8 1 21,0 3 3 1 25,0 4 2 1 26,1 2 1 1 27,0 14 7 1 25,0 3 3 1 32,0 6 6 1 32,1 8 6 1 32,0 1 1 1 32,0 1 1 1 32,0 7 5 1 32,0 10 6 1 32,1 0 0 0
j300502_1.sm,8,8,1 0 0 4 2 7 30 31,0 9 7 3 16 14 3,1 2 1 2 19 4,0 2 2 1 5,0 13 8 3 11 9 6,0 14 9 3 29 28 8,0 7 4 4 28 27 14 13,0 8 4 1 10,0 6 6 5 29 28 27 26 15,0 9 6 2 27 12,0 3 3 3 28 26 15,0 17 10 1 13,0 8 6 2 26 15,0 1 1 1 15,0 6 5 3 25 24 17,0 4 2 2 20 19,0 7 7 1 18,1 14 8 2 23 20,0 18 10 2 29 21,0 20 10 1 21,0 4 2 1 22,0 5 4 1 32,0 10 9 1 32,0 8 4 1 32,1 7 4 1 32,0 12 7 1 32,0 6 4 1 32,1 12 8 1 32,0 6 5 1 32,1 12 6 1 32,1 17 10 1 32,1 0 0 0
j300502_2.sm,8,8,1 0 0 2 2 3,1 2 2 5 8 7 6 5 4,0 3 2 5 8 7 6 5 4,0 11 7 2 10 9,0 8 4 2 10 9,0 2 2 2 10 9,0 1 1 2 10 9,1 7 5 1 9,0 15 9 2 13 11,1 5 4 2 13 11,0 5 3 1 12,0 12 8 2 15 14,1 4 4 2 15 14,0 17 9 2 17 16,0 10 6 1 16,0 5 4 1 18,0 16 9 1 18,0 13 10 1 19,0 12 9 2 21 20,0 12 10 2 23 22,0 9 9 2 23 22,1 11 6 2 25 24,0 8 5 2 26 25,0 2 1 2 27 26,0 9 5 2 30 27,0 5 4 3 30 29 28,1 18 9 2 29 28,0 11 6 1 31,0 8 6 1 31,0 10 7 1 31,0 8 6 1 32,1 0 0 0
j300502_3.sm,8,8,1 0 0 1 2,1 10 5 3 10 7 3,0 13 8 1 4,1 5 4 3 13 8 5,0 2 1 1 6,0 6 4 3 16 12 9,1 14 7 3 16 12 9,0 5 4 3 16 14 12,0 6 3 2 17 11,0 7 6 3 17 16 13,0 4 2 3 20 19 14,0 3 2 4 22 21 20 19,0 2 2 4 21 20 19 18,0 14 8 2 22 15,0 1 1 3 28 21 18,0 18 10 3 31 21 19,0 4 3 3 28 22 18,1 4 2 3 31 25 23,0 11 10 3 28 25 23,0 8 7 3 31 25 24,0 2 2 2 30 24,0 4 2 2 30 24,1 9 5 1 24,0 6 4 1 26,0 14 7 2 30 29,0 12 6 1 27,0 6 3 1 29,1 6 5 1 30,0 2 1 1 32,0 4 3 1 32,0 10 8 1 32,1 0 0 0
j300502_4.sm,8,8,1 0 0 4 2 19 30 31,1 8 5 3 28 18 3,0 9 5 1 4,0 1 1 2 17 5,0 6 3 2 16 6,0 18 10 3 26 25 7,0 8 6 1 8,0 4 2 1 9,0 3 2 2 24 10,0 11 8 1 11,0 7 6 3 23 22 12,0 11 8 1 13,0 12 10 2 21 14,0 1 1 1 15,0 7 4 1 20,0 5 4 1 25,0 8 7 1 27,0 1 1 1 29,0 12 7 1 28,0 5 5 1 32,0 4 4 1 32,1 19 10 1 32,0 4 2 1 32,1 8 7 1 32,1 3 2 1 32,0 2 1 1 32,0 4 3 1 32,0 13 9 1 32,0 10 8 1 32,1 8 4 1 32,1 13 10 1 32,1 0 0 0
j300502_5.sm,8,8,1 0 0 3 2 16 31,0 5 3 2 30 3,0 8 5 3 28 27 4,0 12 6 1 5,0 7 7 2 26 6,0 9 7 3 25 24 7,0 10 5 2 23 8,0 10 8 1 9,0 11 6 2 22 10,0 9 7 1 11,0 10 9 3 21 20 12,0 10 7 2 19 13,0 13 7 2 18 14,0 9 8 1 15,1 3 2 1 17,0 15 9 1 29,0 18 10 1 32,1 2 1 1 32,0 9 9 1 32,0 17 10 1 32,1 2 1 1 32,0 3 2 1 32,0 1 1 1 32,0 10 6 1 32,0 13 7 1 32,0 8 7 1 32,0 2 1 1 32,1 2 1 1 32,1 18 9 1 32,1 9 6 1 32,0 5 5 1 32,1 0 0 0
j300502_6.sm,8,8,1 0 0 5 2 28 29 30 31,0 11 8 2 27 3,0 5 4 3 26 25 4,0 4 3 2 24 5,1 12 7 2 23 6,0 11 8 1 7,0 9 9 2 22 8,0 9 8 1 9,0 9 6 3 21 20 10,0 6 3 1 11,0 16 8 2 19 12,0 2 2 3 18 17 13,0 1 1 1 14,0 9 8 1 15,1 20 10 1 16,1 11 9 1 32,0 5 5 1 32,0 18 10 1 32,0 4 3 1 32,1 14 10 1 32,0 13 10 1 32,0 2 1 1 32,0 4 4 1 32,0 2 1 1 32,0 1 1 1 32,1 12 8 1 32,0 7 6 1 32,1 10 5 1 32,0 10 7 1 32,0 11 9 1 32,0 1 1 1 32,1 0 0 0
j300502_7.sm,8,8,1 0 0 3 2 3 31,1 17 9 2 30 4,1 3 2 2 30 4,1 14 10 2 8 5,0 16 8 2 12 6,0 8 6 2 29 7,1 18 9 2 23 9,0 4 2 3 15 12 10,0 9 5 2 15 10,0 2 2 2 22 11,0 9 6 2 19 13,0 14 8 1 13,0 8 5 1 14,0 2 1 2 28 16,1 6 5 4 28 27 21 18,0 2 2 1 17,0 6 4 3 27 21 18,1 5 3 3 26 25 20,0 7 6 1 20,0 12 10 1 24,0 8 6 1 25,0 8 6 1 28,0 8 5 1 24,0 4 4 1 32,0 4 2 1 32,0 14 9 1 32,0 1 1 1 32,0 15 10 1 32,0 7 7 1 32,0 18 10 1 32,0 2 2 1 32,1 0 0 0
j300502_8.sm,8,8,1 0 0 2 2 8,0 6 4 1 3,0 6 3 3 6 5 4,1 8 4 4 26 12 10 9,0 13 7 3 26 10 7,0 4 2 3 26 12 7,0 13 9 2 11 9,0 8 4 3 26 14 13,0 16 9 2 17 14,0 4 2 1 11,0 8 4 1 13,0 2 2 1 13,0 4 3 2 17 16,0 9 5 1 15,1 16 8 2 31 16,1 17 10 2 22 18,0 4 2 2 31 18,1 2 2 1 19,0 11 9 2 23 20,0 6 5 2 30 21,0 14 7 3 29 28 24,0 4 4 2 28 24,1 1 1 2 28 25,0 2 1 1 25,0 2 2 1 27,0 4 3 1 31,0 2 1 1 32,0 9 5 1 32,0 5 4 1 32,1 14 8 1 32,0 12 6 1 32,1 0 0 0
j300502_9.sm,8,8,1 0 0 2 2 7,1 15 8 1 3,0 16 8 3 6 5 4,0 2 1 2 9 8,0 5 4 2 12 9,0 7 7 2 14 8,0 4 3 2 14 8,0 12 7 3 12 11 10,1 8 4 3 14 11 10,1 1 1 2 15 13,1 2 1 2 15 13,0 10 9 2 15 13,0 3 3 2 17 16,1 4 4 1 15,0 2 2 1 16,0 12 6 2 25 18,0 10 10 2 25 18,0 4 2 2 22 19,0 8 8 1 20,0 2 2 2 24 21,0 11 9 2 28 23,1 11 6 2 28 23,0 3 3 2 29 26,0 15 8 2 28 26,0 2 2 3 31 29 28,0 12 6 1 27,0 8 5 1 31,0 4 3 1 30,0 2 2 1 30,0 16 10 1 32,0 2 1 1 32,1 0 0 0
j300502_10.sm,8,8,1 0 0 3 2 16 31,0 10 9 3 30 29 3,0 2 2 2 27 4,0 11 6 2 26 5,0 4 2 1 6,0 11 8 3 25 24 7,1 1 1 2 23 8,0 13 8 1 9,1 12 9 2 22 10,0 4 4 2 21 11,1 14 8 2 20 12,0 12 8 2 19 13,0 2 1 2 18 14,0 13 7 1 15,0 7 4 1 17,0 14 9 1 28,1 7 6 1 32,0 15 8 1 32,0 1 1 1 32,0 2 1 1 32,0 10 9 1 32,0 14 9 1 32,0 2 2 1 32,1 3 3 1 32,0 5 3 1 32,0 11 7 1 32,1 5 3 1 32,0 12 6 1 32,0 14 7 1 32,0 1 1 1 32,0 13 8 1 32,1 0 0 0
j300602_1.sm,8,8,1 0 0 3 2 13 18,0 10 5 1 3,0 2 2 2 22 4,0 8 5 1 5,0 3 3 3 31 10 6,0 19 10 1 7,0 6 3 3 26 12 8,1 11 8 2 14 9,0 6 3 3 20 17 11,0 8 8 4 30 20 17 15,0 10 7 2 30 15,1 1 1 2 17 14,0 5 5 2 30 14,0 10 5 2 20 19,1 13 7 1 16,0 14 10 1 19,0 14 8 1 19,0 12 7 1 19,0 11 10 1 21,1 15 10 1 21,0 1 1 1 23,0 8 6 1 23,1 5 3 1 24,0 12 7 1 25,0 4 4 2 29 27,0 3 2 2 29 27,0 10 5 1 28,0 19 10 1 32,1 14 10 1 32,0 1 1 1 32,0 10 9 1 32,1 0 0 0
j300602_2.sm,8,8,1 0 0 3 2 17 31,0 10 5 2 30 3,1 2 1 2 29 4,1 11 6 1 5,1 9 9 2 28 6,0 5 4 1 7,0 8 5 2 27 8,0 8 4 1 9,0 8 4 1 10,0 8 8 1 11,1 13 10 2 26 12,0 2 1 3 25 24 13,0 1 1 1 14,0 6 5 2 23 15,1 13 9 2 22 16,0 3 2 2 21 18,0 13 10 2 21 18,0 5 4 1 19,0 9 6 1 20,0 14 7 1 32,0 10 9 1 32,0 1 1 1 32,0 10 9 1 32,0 16 10 1 32,1 14 8 1 32,0 10 5 1 32,0 1 1 1 32,0 4 3 1 32,0 8 5 1 32,0 9 6 1 32,0 2 1 1 32,1 0 0 0
j300602_3.sm,8,8,1 0 0 3 2 20 31,0 9 8 1 3,0 4 2 2 24 4,0 6 4 1 5,0 7 5 3 30 11 6,0 5 3 1 7,0 7 7 3 29 12 8,0 3 2 2 17 9,0 12 6 3 22 16 10,0 7 6 2 28 13,0 6 6 2 16 14,0 10 10 2 22 17,1 3 2 1 14,0 4 2 1 15,0 3 2 1 18,0 9 5 1 18,0 15 8 1 18,0 12 8 1 19,1 1 1 1 21,1 11 9 1 21,0 5 3 1 23,0 2 1 1 23,1 6 6 2 27 25,0 5 3 2 27 25,0 5 3 1 26,0 2 2 1 32,0 9 7 1 32,0 2 1 1 32,0 12 8 1 32,1 1 1 1 32,1 10 8 1 32,1 0 0 0
j300602_4.sm,8,8,1 0 0 2 2 9,1 6 3 1 3,1 4 3 2 10 4,0 5 4 2 11 5,0 10 7 2 14 6,0 5 3 2 31 7,0 4 4 1 8,0 17 9 2 20 12,0 7 5 2 20 12,0 11 6 3 31 20 15,0 11 9 2 20 13,0 11 9 1 13,0 2 2 1 15,0 16 10 1 15,1 8 7 2 30 16,0 14 8 2 29 17,1 11 7 2 22 18,0 10 7 1 19,0 8 7 2 28 21,0 11 6 5 29 28 27 26 24,0 7 4 1 23,0 4 2 1 23,0 7 6 3 27 26 24,1 4 2 1 25,0 13 9 1 32,0 9 9 1 32,0 4 2 1 32,0 12 6 1 32,0 5 5 1 32,0 18 9 1 32,1 9 6 1 32,1 0 0 0
j300602_5.sm,8,8,1 0 0 6 2 3 15 19 24 31,0 2 1 3 18 13 4,0 12 10 3 18 7 5,0 6 3 1 5,0 12 9 1 6,0 8 7 2 30 8,1 6 3 2 30 9,0 16 8 1 9,0 6 4 1 10,1 5 4 1 11,0 16 9 1 12,0 6 6 1 14,0 4 2 1 14,1 7 6 2 28 16,0 9 9 3 28 18 17,0 2 2 2 29 17,0 1 1 1 20,1 16 10 1 20,0 6 3 1 20,0 10 10 2 27 21,0 17 10 1 22,0 3 2 1 23,0 16 10 1 25,1 19 10 1 25,0 1 1 1 26,0 10 8 1 32,0 2 1 1 32,0 15 9 1 32,0 1 1 1 32,0 2 1 1 32,1 5 5 1 32,1 0 0 0
j300602_6.sm,8,8,1 0 0 2 2 6,0 11 7 1 3,0 12 6 2 13 4,1 14 7 1 5,0 14 10 4 25 19 12 7,1 13 8 2 19 8,0 5 3 1 8,0 5 4 1 9,0 13 10 1 10,1 16 9 1 11,0 1 1 2 31 14,0 8 4 2 31 14,0 14 7 3 25 19 16,0 3 3 1 15,0 14 8 2 30 16,0 18 9 2 21 17,1 9 7 2 27 18,1 6 3 2 24 20,0 14 8 3 30 27 22,1 4 3 2 29 22,0 12 6 2 27 22,0 5 3 1 23,0 6 3 1 26,0 2 2 1 28,0 8 5 1 26,0 8 5 1 32,0 11 7 1 32,0 8 4 1 32,0 7 4 1 32,0 16 9 1 32,0 2 2 1 32,1 0 0 0
j300602_7.sm,8,8,1 0 0 5 2 28 29 30 31,0 7 5 2 27 3,0 4 2 1 4,1 5 5 1 5,0 9 6 2 26 6,0 6 4 1 7,0 11 6 2 25 8,1 8 5 2 24 9,1 12 8 1 10,0 10 7 2 23 11,0 13 7 1 12,0 10 5 3 22 21 13,0 7 4 2 20 14,0 15 10 1 15,0 6 5 1 16,0 1 1 1 17,0 9 5 1 18,1 6 5 1 19,0 14 10 1 32,1 8 5 1 32,0 2 1 1 32,0 3 2 1 32,1 4 4 1 32,0 3 3 1 32,0 12 9 1 32,0 2 2 1 32,0 9 5 1 32,0 4 2 1 32,0 3 2 1 32,0 4 4 1 32,0 4 4 1 32,1 0 0 0
j300602_8.sm,8,8,1 0 0 5 2 3 10 13 17,0 12 9 3 9 6 5,0 6 6 2 7 4,0 10 7 2 15 9,0 10 8 1 7,0 2 1 2 15 11,1 2 1 1 8,1 2 1 1 11,1 5 3 1 11,0 7 4 1 11,0 5 4 1 12,0 11 10 2 23 14,0 14 8 2 23 15,0 10 9 1 16,0 6 3 1 16,1 14 8 1 18,0 12 10 1 18,0 3 2 1 19,0 16 8 1 20,0 6 4 3 31 30 21,0 15 8 1 22,0 4 3 1 24,0 18 10 1 24,0 2 1 2 29 25,1 9 7 1 26,0 18 9 1 27,0 14 10 1 28,0 10 9 1 32,1 10 7 1 32,0 5 3 1 32,0 9 6 1 32,1 0 0 0
j300602_9.sm,8,8,1 0 0 1 2,1 11 10 2 6 3,0 2 1 1 4,0 2 1 3 12 8 5,0 14 7 1 7,0 3 3 1 7,0 4 2 2 10 9,0 4 2 1 9,0 7 4 2 16 11,1 11 7 3 18 16 14,0 9 6 1 13,0 2 2 1 13,0 5 4 2 18 14,0 9 8 1 15,1 7 7 2 21 17,0 6 4 2 21 19,0 5 4 2 26 19,0 11 9 2 26 19,0 6 5 1 20,1 7 7 2 24 22,1 16 8 2 26 22,0 6 6 2 31 23,0 11 10 1 25,1 12 7 1 25,0 3 2 3 30 29 27,0 5 4 1 27,0 18 10 1 28,0 10 10 1 32,0 6 5 1 32,0 6 6 1 32,0 13 7 1 32,1 0 0 0
j300602_10.sm,8,8,1 0 0 4 2 29 30 31,0 3 2 2 28 3,0 2 1 1 4,0 14 9 2 27 5,1 1 1 2 26 6,0 8 6 1 7,0 3 2 1 8,0 9 7 2 25 9,0 12 10 1 10,0 8 6 3 24 23 11,0 16 10 1 12,0 7 5 2 22 13,0 10 8 2 21 14,0 13 7 2 20 15,0 5 3 1 16,0 7 5 1 17,0 13 10 1 18,0 2 2 1 19,0 10 5 1 32,1 8 6 1 32,0 2 2 1 32,0 6 4 1 32,1 15 8 1 32,0 1 1 1 32,0 14 10 1 32,0 7 5 1 32,1 3 3 1 32,1 5 3 1 32,1 4 4 1 32,0 6 4 1 32,0 1 1 1 32,1 0 0 0
j300702_1.sm,8,8,1 0 0 1 2,1 11 9 2 8 3,0 8 4 2 11 4,0 9 7 2 19 5,1 20 10 1 6,0 10 6 2 24 7,0 4 4 2 17 9,1 11 7 2 17 9,0 1 1 1 10,0 2 1 1 12,0 10 8 4 31 24 23 14,0 11 8 2 23 13,0 2 2 2 31 14,1 7 4 1 15,0 2 2 1 16,1 6 4 1 18,0 11 10 1 18,0 9 9 2 30 20,0 9 6 3 30 29 22,0 1 1 2 29 21,0 10 9 1 22,0 6 3 1 25,0 8 6 1 25,0 3 3 1 25,0 11 7 1 26,0 16 9 1 27,0 2 1 1 28,0 10 6 1 32,0 3 3 1 32,0 19 10 1 32,1 3 3 1 32,1 0 0 0
j300702_2.sm,8,8,1 0 0 1 2,1 17 10 1 3,1 17 10 1 4,0 1 1 1 5,0 13 7 1 6,0 10 9 2 11 7,0 7 4 1 8,0 8 5 3 18 12 9,0 17 9 2 14 10,0 3 3 2 22 13,0 2 2 3 26 18 15,1 10 5 2 16 14,0 4 4 3 26 20 15,0 8 5 3 26 22 20,1 8 8 1 16,0 14 8 1 17,0 9 5 1 19,0 9 6 1 20,0 2 1 1 21,1 13 10 1 21,1 5 3 2 25 23,0 10 10 2 25 23,0 18 10 1 24,0 2 2 1 27,0 9 8 1 27,0 11 8 1 27,0 7 5 1 28,0 1 1 2 31 29,0 10 8 1 30,0 6 3 1 32,0 4 4 1 32,1 0 0 0
j300702_3.sm,8,8,1 0 0 1 2,0 10 10 1 3,0 12 7 1 4,0 13 10 2 9 5,0 6 6 1 6,0 13 9 2 31 7,0 6 6 2 18 8,0 3 2 2 30 10,0 5 3 3 30 14 13,0 3 3 1 11,0 5 3 1 12,1 10 6 1 13,0 13 8 2 21 15,0 5 5 2 21 15,0 16 9 1 16,0 10 9 1 17,0 5 3 2 29 19,0 8 5 2 29 21,0 11 6 1 20,0 6 4 2 28 22,1 7 4 2 28 22,1 3 2 2 27 23,1 8 8 1 24,1 6 4 1 25,1 6 3 1 26,0 8 5 1 32,0 4 2 1 32,0 13 8 1 32,0 2 1 1 32,0 6 3 1 32,0 12 9 1 32,1 0 0 0
j300702_4.sm,8,8,1 0 0 2 2 11,0 4 4 1 3,1 8 4 3 31 16 4,0 6 5 1 5,0 11 7 1 6,0 3 2 2 30 7,0 14 9 2 22 8,0 1 1 1 9,1 11 7 1 10,1 10 8 3 29 28 12,1 14 9 3 29 28 14,0 8 7 1 13,0 2 2 1 14,0 6 4 1 15,0 2 1 2 27 17,0 3 2 3 30 26 18,0 5 3 2 26 18,0 3 3 1 19,0 6 4 1 20,0 9 5 1 21,0 5 5 1 23,0 8 4 1 23,0 7 6 1 24,0 3 2 1 25,0 6 3 1 32,0 6 4 1 32,1 15 8 1 32,0 17 10 1 32,0 2 2 1 32,1 9 5 1 32,0 6 5 1 32,1 0 0 0
j300702_5.sm,8,8,1 0 0 2 2 19,0 4 2 1 3,0 10 7 3 31 17 4,0 4 2 1 5,0 5 3 1 6,0 9 8 2 29 7,0 3 3 2 30 8,0 4 2 1 9,0 16 10 1 10,1 8 4 3 28 27 11,1 20 10 1 12,1 3 2 1 13,0 2 1 2 26 14,0 18 9 2 25 15,1 4 2 1 16,0 7 7 1 18,0 4 2 3 29 25 22,0 15 10 1 20,1 6 6 1 20,0 2 1 1 21,0 11 9 1 22,0 11 8 1 23,0 12 6 1 24,0 12 10 1 32,0 19 10 1 32,0 10 7 1 32,0 12 9 1 32,1 6 5 1 32,0 8 6 1 32,0 3 2 1 32,0 2 1 1 32,1 0 0 0
j300702_6.sm,8,8,1 0 0 1 2,0 1 1 2 31 3,0 11 9 1 4,0 2 1 2 30 5,0 3 2 2 29 6,0 2 1 1 7,0 3 2 2 28 8,0 3 2 3 27 26 9,0 7 6 1 10,1 6 4 2 25 11,1 5 3 2 24 12,0 4 3 1 13,0 19 10 1 14,0 4 2 1 15,1 10 7 1 16,1 5 5 1 17,0 12 6 2 23 18,0 12 9 1 19,0 8 4 1 20,0 5 5 1 21,0 10 6 1 22,1 19 10 1 32,0 2 1 1 32,0 6 3 1 32,0 9 5 1 32,0 5 4 1 32,0 1 1 1 32,1 10 9 1 32,0 3 3 1 32,0 3 3 1 32,0 1 1 1 32,1 0 0 0
j300702_7.sm,8,8,1 0 0 6 2 27 28 29 30 31,0 11 10 1 3,1 12 8 2 26 4,0 3 2 1 5,0 3 2 1 6,0 9 6 1 7,1 4 2 3 25 24 8,0 12 7 1 9,0 14 8 1 10,0 7 7 2 23 11,0 3 3 1 12,0 10 6 1 13,1 6 3 1 14,0 10 7 1 15,0 10 10 1 16,0 9 7 1 17,0 10 6 1 18,0 14 9 1 19,0 2 2 1 20,0 12 9 1 21,0 4 4 1 22,0 2 1 1 32,0 4 3 1 32,1 5 3 1 32,0 8 7 1 32,0 2 1 1 32,1 4 2 1 32,1 11 6 1 32,0 2 1 1 32,0 13 7 1 32,0 4 3 1 32,1 0 0 0
j300702_8.sm,8,8,1 0 0 1 2,0 6 4 2 5 3,0 11 8 1 4,0 6 5 1 6,0 1 1 1 6,0 9 7 1 7,1 18 10 3 11 10 8,0 8 5 1 9,1 12 7 2 13 12,0 10 6 2 14 13,1 18 9 2 14 13,0 20 10 2 17 14,0 7 6 2 17 15,0 12 6 1 15,0 10 8 1 16,0 5 5 2 20 18,0 7 5 2 20 19,0 17 10 1 19,0 3 3 1 21,1 5 3 1 21,0 12 8 2 24 22,0 3 3 1 23,0 4 2 2 27 25,0 3 3 2 27 25,0 2 2 1 26,0 7 7 1 28,0 10 7 1 29,0 16 9 1 30,1 2 1 1 30,0 6 5 1 31,1 4 3 1 32,1 0 0 0
j300702_9.sm,8,8,1 0 0 1 2,0 5 3 2 7 3,0 18 9 1 4,0 12 7 3 13 10 5,0 1 1 1 6,0 15 9 2 20 8,0 9 9 2 20 8,0 6 4 1 9,1 2 2 2 16 11,1 5 3 3 21 20 14,0 14 8 1 12,0 11 9 2 21 14,1 11 6 2 21 17,0 8 5 1 15,0 8 4 1 17,0 1 1 1 17,0 7 6 2 28 18,0 8 4 1 19,0 10 7 2 31 22,0 5 3 2 31 22,1 12 6 2 31 23,0 6 3 1 23,0 9 6 2 27 24,1 15 8 1 25,0 9 9 1 26,0 3 2 1 29,1 11 8 1 29,0 5 4 1 29,0 5 3 1 30,0 6 5 1 32,0 9 5 1 32,1 0 0 0
j300702_10.sm,8,8,1 0 0 1 2,0 7 5 2 15 3,0 1 1 2 20 4,1 7 6 2 31 5,0 15 8 1 6,0 8 6 3 30 29 7,0 7 5 1 8,0 6 4 1 9,0 4 2 1 10,0 2 1 2 28 11,0 4 3 1 12,1 13 7 1 13,0 5 4 1 14,1 2 1 2 27 16,0 5 4 2 20 18,0 16 9 1 17,0 7 5 1 18,1 3 2 2 25 19,0 1 1 2 26 21,0 13 10 2 25 22,0 6 5 1 22,0 10 7 1 23,0 9 5 1 24,0 9 5 1 32,0 3 3 1 32,0 7 6 1 32,0 2 2 1 32,1 13 9 1 32,1 4 3 1 32,0 10 7 1 32,0 4 3 1 32,1 0 0 0
j300802_1.sm,8,8,1 0 0 3 2 9 29,0 13 9 1 3,1 10 5 1 4,0 13 10 2 13 5,1 10 6 1 6,1 12 8 1 7,0 4 2 2 23 8,0 1 1 1 10,0 14 7 1 10,0 14 10 1 11,0 3 3 2 25 12,0 5 5 1 14,0 10 9 1 14,0 19 10 1 15,0 3 3 1 16,0 9 6 1 17,0 1 1 1 18,0 13 7 1 19,0 7 4 1 20,1 6 3 1 21,0 4 3 2 31 22,0 4 2 1 24,0 6 3 1 24,0 10 6 1 26,0 16 8 1 26,1 1 1 1 27,0 9 8 1 28,0 8 6 1 30,0 6 3 1 30,1 11 10 1 32,0 6 5 1 32,1 0 0 0
j300802_2.sm,8,8,1 0 0 2 2 20,0 2 1 1 3,0 1 1 1 4,1 9 7 1 5,0 17 10 1 6,1 1 1 1 7,0 6 5 1 8,1 5 5 1 9,0 9 9 1 10,0 15 8 1 11,0 18 9 1 12,0 2 1 1 13,0 2 2 2 31 14,0 8 4 1 15,0 4 4 2 30 16,0 8 5 1 17,0 8 4 2 29 18,0 5 3 2 28 19,0 10 5 2 27 21,0 17 9 2 27 21,0 2 1 1 22,1 13 8 1 23,0 10 7 1 24,0 9 6 1 25,1 7 6 1 26,0 8 6 1 32,0 4 2 1 32,0 10 7 1 32,0 16 10 1 32,0 8 7 1 32,1 7 4 1 32,1 0 0 0
j300802_3.sm,8,8,1 0 0 4 2 29 30 31,0 6 4 2 28 3,0 2 2 2 27 4,0 2 1 1 5,0 7 4 1 6,0 20 10 1 7,0 8 6 1 8,1 1 1 1 9,1 11 9 2 26 10,1 12 10 1 11,0 8 6 1 12,1 13 8 1 13,0 9 6 1 14,0 7 5 1 15,0 2 1 1 16,0 5 3 1 17,0 3 2 1 18,0 8 5 1 19,0 1 1 1 20,0 10 8 1 21,0 12 6 1 22,0 3 3 1 23,0 15 10 1 24,0 14 7 1 25,1 1 1 1 32,0 12 10 1 32,0 13 7 1 32,0 4 3 1 32,1 4 2 1 32,0 5 3 1 32,0 8 6 1 32,1 0 0 0
j300802_4.sm,8,8,1 0 0 3 2 30 31,1 10 9 2 23 3,0 8 5 1 4,1 9 5 2 29 5,0 12 9 1 6,0 4 2 1 7,0 8 6 1 8,0 2 1 1 9,0 7 6 1 10,0 4 2 1 11,0 3 3 2 28 12,0 2 2 1 13,0 15 8 1 14,0 2 2 2 27 15,0 1 1 1 16,0 10 7 1 17,0 12 6 1 18,0 8 6 1 19,1 11 9 1 20,1 11 9 1 21,0 7 6 1 22,0 4 3 1 24,0 4 2 1 24,1 12 8 1 25,0 7 5 1 26,0 8 4 1 32,0 11 7 1 32,0 8 4 1 32,0 2 1 1 32,0 2 1 1 32,1 3 2 1 32,1 0 0 0
j300802_5.sm,8,8,1 0 0 2 2 31,0 18 9 1 3,0 2 1 1 4,0 4 3 1 5,0 4 3 1 6,0 13 7 1 7,0 8 4 2 30 8,1 1 1 1 9,0 12 7 2 29 10,1 7 7 1 11,0 13 10 1 12,0 7 6 1 13,0 16 10 1 14,0 11 9 3 28 27 15,0 2 2 1 16,0 8 7 2 26 17,0 8 4 1 18,0 6 3 1 19,1 13 8 1 20,0 3 2 1 21,0 6 4 1 22,0 6 4 1 23,0 9 5 1 24,0 4 2 1 25,0 13 7 1 32,0 2 2 1 32,1 6 4 1 32,1 3 2 1 32,0 8 5 1 32,0 16 8 1 32,1 2 2 1 32,1 0 0 0
j300802_6.sm,8,8,1 0 0 2 2 7,0 1 1 1 3,0 10 7 2 12 4,0 3 2 1 5,0 9 8 1 6,0 7 5 2 10 8,0 6 6 2 12 10,0 16 8 1 9,0 18 10 2 16 11,0 9 9 2 16 13,0 6 6 1 13,1 10 5 1 13,0 9 9 1 14,1 10 9 1 15,1 4 2 1 17,0 20 10 1 17,0 4 2 1 18,0 11 9 1 19,0 1 1 2 26 20,0 15 10 2 29 21,0 2 1 1 22,0 5 4 1 23,0 8 7 1 24,0 8 8 1 25,1 12 7 1 27,1 7 5 1 27,0 3 3 1 28,0 8 7 1 30,1 3 3 1 30,0 3 2 1 31,0 1 1 1 32,1 0 0 0
j300802_7.sm,8,8,1 0 0 3 2 26 31,0 7 5 1 3,0 5 5 1 4,0 12 9 2 12 5,0 18 10 1 6,0 3 2 1 7,0 11 6 2 14 8,1 17 10 1 9,1 4 2 1 10,0 11 8 1 11,0 4 2 1 13,0 14 7 1 14,0 16 9 1 15,0 9 8 1 15,0 10 6 1 16,0 4 2 2 30 17,0 13 10 2 29 18,1 6 4 1 19,0 18 10 1 20,0 10 6 1 21,0 10 6 1 22,1 14 8 1 23,0 6 4 1 24,0 4 4 1 25,0 11 6 1 27,1 2 1 1 27,1 14 8 1 28,0 1 1 1 32,0 6 6 1 32,0 8 8 1 32,0 7 6 1 32,1 0 0 0
j300802_8.sm,8,8,1 0 0 3 2 4 10,0 13 7 2 13 3,0 7 6 1 5,0 10 7 1 5,0 11 9 1 6,0 5 3 1 7,1 15 8 1 8,0 6 3 1 9,0 10 6 1 11,0 8 8 1 11,0 3 2 1 12,1 5 3 1 14,0 5 5 1 14,0 1 1 2 28 15,1 8 5 1 16,0 11 7 1 17,0 9 7 2 31 18,0 1 1 1 19,1 8 6 2 30 20,0 3 3 1 21,1 13 8 1 22,0 6 3 1 23,0 11 9 1 24,0 3 2 1 25,0 11 6 1 26,1 11 6 1 27,0 10 6 1 29,0 13 9 1 29,0 6 3 1 32,0 7 5 1 32,0 4 3 1 32,1 0 0 0
j300802_9.sm,8,8,1 0 0 5 2 28 29 30 31,0 10 8 1 3,0 9 8 1 4,0 1 1 1 5,0 1 1 1 6,0 4 3 3 27 26 7,0 9 9 1 8,0 8 4 1 9,0 10 9 1 10,0 3 3 1 11,0 4 2 1 12,1 16 9 1 13,0 7 6 1 14,0 3 3 1 15,1 8 5 1 16,1 12 9 1 17,0 14 7 1 18,0 18 9 1 19,0 2 1 1 20,0 18 9 1 21,0 14 10 1 22,0 14 7 1 23,0 16 8 1 24,0 6 6 1 25,0 11 10 1 32,1 2 1 1 32,0 4 4 1 32,1 10 7 1 32,0 2 1 1 32,0 8 6 1 32,1 10 6 1 32,1 0 0 0
j300802_10.sm,8,8,1 0 0 2 2 4,0 11 10 1 3,1 11 10 1 5,0 7 6 1 5,0 13 7 1 6,0 12 7 1 7,0 17 10 1 8,0 15 9 2 12 9,0 18 9 1 10,1 3 3 1 11,0 4 3 1 13,0 8 7 1 13,1 16 8 1 14,0 2 1 1 15,0 14 9 2 24 16,0 4 2 1 17,0 2 1 1 18,0 4 3 1 19,0 10 10 1 20,0 1 1 2 22 21,0 12 8 2 26 23,0 13 8 2 26 25,1 2 2 1 25,0 8 7 1 25,0 1 1 2 29 27,0 12 10 2 29 28,0 8 5 1 28,1 6 6 1 30,0 2 2 1 30,0 2 1 1 31,1 12 10 1 32,1 0 0 0
j300902_1.sm,8,8,1 0 0 2 2 5,1 10 7 1 3,1 9 5 1 4,0 8 5 1 6,0 10 5 1 6,0 2 2 1 7,1 10 9 1 8,0 1 1 1 9,0 13 8 1 10,0 15 9 1 11,0 3 2 1 12,0 2 1 2 16 13,1 5 3 1 14,0 3 3 1 15,1 4 2 1 17,0 11 10 1 17,0 8 4 1 18,0 16 10 1 19,0 4 2 1 20,0 8 7 1 21,0 13 8 2 30 22,0 2 2 1 23,1 9 9 1 24,0 8 8 1 25,0 8 5 1 26,0 4 2 1 27,0 4 2 1 28,0 11 7 1 29,0 12 8 1 31,0 6 6 1 31,0 3 3 1 32,1 0 0 0
j300902_2.sm,8,8,1 0 0 2 2 8,0 4 2 1 3,1 8 4 1 4,0 4 2 1 5,1 3 2 1 6,0 2 1 1 7,0 4 3 1 9,0 4 2 1 9,0 4 3 1 10,0 1 1 1 11,0 11 6 2 23 12,0 16 9 1 13,0 6 5 1 14,0 8 8 1 15,0 8 5 1 16,0 6 3 1 17,0 20 10 1 18,1 6 3 2 31 19,0 15 8 1 20,1 5 5 1 21,0 20 10 1 22,0 2 1 1 24,1 12 7 1 24,0 18 9 1 25,0 13 9 1 26,0 10 5 1 27,0 9 8 1 28,0 3 2 1 29,0 14 7 1 30,1 8 5 1 32,0 14 8 1 32,1 0 0 0
j300902_3.sm,8,8,1 0 0 2 2 7,0 14 8 1 3,0 8 5 1 4,1 4 4 1 5,0 12 9 1 6,1 10 6 1 8,1 16 8 1 8,0 7 5 1 9,0 8 7 1 10,0 10 9 1 11,1 4 4 2 31 12,0 2 1 1 13,0 8 5 1 14,0 8 5 1 15,0 1 1 2 25 16,0 5 3 1 17,0 16 10 1 18,0 16 10 1 19,0 12 10 1 20,1 1 1 1 21,0 4 3 1 22,1 18 10 1 23,0 3 3 1 24,0 1 1 1 26,0 6 5 1 26,0 18 9 1 27,0 10 5 1 28,0 15 8 1 29,0 16 10 1 30,0 4 3 1 32,0 4 3 1 32,1 0 0 0
j300902_4.sm,8,8,1 0 0 1 2,0 4 2 1 3,0 11 8 1 4,0 16 8 2 28 5,0 2 2 1 6,0 13 10 1 7,0 2 1 1 8,0 4 2 1 9,0 2 1 1 10,0 7 7 1 11,0 18 9 1 12,0 9 7 1 13,1 9 6 1 14,0 3 2 2 31 15,1 12 6 1 16,0 6 5 1 17,0 9 8 1 18,0 13 10 1 19,0 20 10 1 20,0 11 6 1 21,0 10 5 1 22,0 12 6 1 23,1 2 2 2 30 24,0 4 4 1 25,0 8 4 1 26,1 10 5 1 27,1 3 2 1 29,0 8 6 1 30,1 4 3 1 32,0 15 8 1 32,0 10 6 1 32,1 0 0 0
j300902_5.sm,8,8,1 0 0 1 2,1 3 3 1 3,1 20 10 1 4,0 4 3 1 5,0 4 2 1 6,0 14 8 1 7,0 20 10 1 8,0 8 6 2 20 9,0 18 9 1 10,1 11 10 1 11,1 15 8 1 12,0 7 6 1 13,0 8 5 1 14,0 2 2 2 31 15,1 9 8 1 16,0 6 4 1 17,0 8 8 2 30 18,0 15 10 1 19,0 5 3 1 21,0 7 7 1 21,0 9 5 1 22,0 6 6 1 23,0 10 8 1 24,0 17 10 1 25,0 2 2 1 26,1 7 4 1 27,0 5 4 1 28,0 10 6 1 29,0 5 5 1 32,0 8 6 1 32,0 7 6 1 32,1 0 0 0
j300902_6.sm,8,8,1 0 0 1 2,0 18 10 1 3,1 4 2 3 31 30 4,0 5 4 1 5,0 13 7 1 6,0 4 3 1 7,0 10 9 1 8,0 9 5 1 9,0 11 7 1 10,0 13 8 1 11,0 17 9 1 12,0 5 4 1 13,0 14 9 2 29 14,0 17 10 1 15,0 16 9 1 16,0 9 8 1 17,0 3 2 1 18,1 13 8 1 19,1 4 3 1 20,0 12 6 1 21,0 16 10 1 22,1 4 3 1 23,0 12 6 1 24,1 5 4 1 25,0 5 4 1 26,0 5 4 1 27,0 7 5 1 28,1 11 8 1 32,0 5 3 1 32,0 3 2 1 32,0 5 3 1 32,1 0 0 0
j300902_7.sm,8,8,1 0 0 2 2 6,0 11 7 1 3,0 3 2 1 4,0 10 5 1 5,0 3 2 1 7,0 4 3 1 7,1 9 6 1 8,0 12 7 1 9,1 5 3 1 10,0 17 10 1 11,0 11 8 2 14 12,0 9 7 1 13,0 20 10 1 15,0 4 3 1 15,0 3 3 1 16,0 11 8 1 17,0 4 3 2 21 18,0 2 2 1 19,0 5 5 1 20,1 2 1 1 22,1 9 9 1 22,0 9 8 1 23,0 14 8 1 24,1 4 2 1 25,0 16 8 1 26,1 13 8 1 27,0 11 7 1 28,0 5 5 1 29,0 4 4 1 30,0 9 8 1 31,0 2 2 1 32,1 0 0 0
j300902_8.sm,8,8,1 0 0 2 2 7,0 2 1 1 3,0 4 4 1 4,0 2 2 1 5,0 4 4 1 6,0 9 9 1 8,0 15 9 1 8,0 16 10 1 9,0 12 8 1 10,0 11 6 1 11,0 12 6 2 31 12,0 13 9 1 13,0 10 5 1 14,1 8 5 1 15,1 3 2 1 16,0 3 2 2 23 17,0 16 9 1 18,0 10 5 1 19,0 14 8 1 20,0 3 3 1 21,0 16 9 1 22,0 2 2 1 24,0 2 1 1 24,0 2 1 1 25,0 16 10 1 26,1 5 3 1 27,1 9 7 1 28,1 2 1 1 29,0 12 6 1 30,0 6 3 1 32,1 7 4 1 32,1 0 0 0
j300902_9.sm,8,8,1 0 0 2 2 31,0 2 1 1 3,0 9 5 1 4,0 2 1 1 5,0 14 7 2 30 6,1 6 4 1 7,0 4 2 1 8,0 5 5 1 9,1 6 3 1 10,0 2 1 1 11,1 1 1 1 12,0 12 9 1 13,0 1 1 1 14,0 7 5 1 15,1 7 5 1 16,0 7 7 2 29 17,0 8 6 1 18,0 6 3 1 19,0 8 6 1 20,0 9 5 1 21,0 10 9 1 22,0 2 2 1 23,0 3 2 1 24,0 3 2 1 25,1 19 10 1 26,0 5 3 1 27,0 8 7 1 28,0 4 2 1 32,1 6 3 1 32,0 3 3 1 32,0 12 8 1 32,1 0 0 0
j300902_10.sm,8,8,1 0 0 1 2,0 2 2 1 3,0 3 2 1 4,0 2 2 3 31 30 5,0 6 3 1 6,0 11 6 1 7,0 7 4 1 8,0 3 2 1 9,0 11 10 1 10,0 10 6 1 11,0 7 6 1 12,0 16 8 1 13,0 2 2 2 29 14,1 5 4 1 15,0 5 3 1 16,0 4 2 1 17,0 5 5 1 18,0 14 10 1 19,0 4 2 1 20,1 9 7 1 21,0 11 7 1 22,1 12 7 1 23,1 17 9 1 24,0 3 2 1 25,0 5 3 1 26,1 3 3 1 27,1 4 2 1 28,0 8 5 1 32,0 12 6 1 32,0 4 4 1 32,0 10 5 1 32,1 0 0 0
j301002_1.sm,8,8,1 0 0 1 2,0 14 9 1 3,0 1 1 1 4,0 12 7 1 5,0 16 8 1 6,0 12 8 1 7,1 3 2 1 8,1 3 2 1 9,0 10 6 1 10,1 3 2 1 11,0 13 10 1 12,0 9 7 1 13,0 5 4 1 14,0 6 3 1 15,0 14 10 1 16,0 5 4 1 17,0 5 5 1 18,0 5 3 1 19,0 2 1 1 20,0 1 1 1 21,0 11 10 1 22,0 8 8 1 23,0 9 7 1 24,1 11 8 1 25,1 14 10 1 26,1 16 10 1 27,0 4 3 1 28,0 10 10 1 29,0 16 9 1 30,0 9 7 1 31,0 3 3 1 32,1 0 0 0
j301002_2.sm,8,8,1 0 0 1 2,0 10 9 1 3,0 2 1 1 4,0 10 7 1 5,0 8 8 1 6,1 13 8 1 7,0 2 2 1 8,0 4 2 1 9,0 6 6 1 10,0 4 2 1 11,1 19 10 1 12,1 10 7 1 13,0 6 4 1 14,0 6 3 1 15,0 18 10 1 16,0 5 4 1 17,0 6 5 1 18,0 5 3 1 19,0 2 1 1 20,1 1 1 1 21,0 16 10 1 22,0 10 8 1 23,0 10 7 1 24,0 10 8 1 25,0 14 10 1 26,0 16 10 1 27,0 6 3 1 28,1 14 10 1 29,0 14 9 1 30,0 7 7 1 31,1 4 3 1 32,1 0 0 0
j301002_3.sm,8,8,1 0 0 1 2,0 9 9 1 3,0 1 1 1 4,0 9 7 1 5,0 12 8 1 6,0 12 8 1 7,0 3 2 1 8,1 3 2 1 9,0 6 6 1 10,0 2 2 1 11,0 20 10 1 12,0 9 7 1 13,0 6 4 1 14,0 6 3 1 15,0 16 10 1 16,1 6 4 1 17,0 8 5 1 18,0 6 3 1 19,0 1 1 1 20,0 1 1 1 21,0 19 10 1 22,0 14 8 1 23,1 11 7 1 24,0 8 8 1 25,1 14 10 1 26,0 16 10 1 27,0 3 3 1 28,1 14 10 1 29,0 16 9 1 30,0 8 7 1 31,1 6 3 1 32,1 0 0 0
j301002_4.sm,8,8,1 0 0 1 2,0 17 9 1 3,0 2 1 1 4,0 11 7 1 5,0 13 8 1 6,0 8 8 1 7,0 3 2 1 8,0 4 2 1 9,0 12 6 1 10,0 4 2 1 11,0 20 10 1 12,0 7 7 1 13,1 5 4 1 14,0 6 3 1 15,1 15 10 1 16,1 6 4 1 17,0 10 5 1 18,0 4 3 1 19,0 2 1 1 20,0 1 1 1 21,1 10 10 1 22,0 9 8 1 23,0 13 7 1 24,1 9 8 1 25,1 17 10 1 26,0 15 10 1 27,0 4 3 1 28,0 17 10 1 29,0 18 9 1 30,0 11 7 1 31,0 6 3 1 32,1 0 0 0
j301002_5.sm,8,8,1 0 0 1 2,0 10 9 1 3,1 1 1 1 4,0 9 7 1 5,0 16 8 1 6,1 11 8 1 7,0 4 2 1 8,0 4 2 1 9,0 12 6 1 10,0 3 2 1 11,1 10 10 1 12,0 11 7 1 13,0 6 4 1 14,0 5 3 1 15,0 19 10 1 16,0 4 4 1 17,0 10 5 1 18,0 4 3 1 19,0 1 1 1 20,0 2 1 1 21,0 11 10 1 22,1 12 8 1 23,1 14 7 1 24,1 14 8 1 25,0 17 10 1 26,0 15 10 1 27,0 3 3 1 28,0 18 10 1 29,0 13 9 1 30,0 9 7 1 31,0 3 3 1 32,1 0 0 0
j301002_6.sm,8,8,1 0 0 1 2,1 9 9 1 3,0 1 1 1 4,0 9 7 1 5,0 13 8 1 6,1 9 8 1 7,0 4 2 1 8,1 3 2 1 9,0 12 6 1 10,0 3 2 1 11,0 19 10 1 12,1 13 7 1 13,0 6 4 1 14,0 5 3 1 15,0 16 10 1 16,0 6 4 1 17,1 5 5 1 18,0 6 3 1 19,0 1 1 1 20,0 2 1 1 21,0 10 10 1 22,0 14 8 1 23,0 8 7 1 24,0 13 8 1 25,0 17 10 1 26,0 15 10 1 27,0 5 3 1 28,0 13 10 1 29,0 18 9 1 30,0 8 7 1 31,1 4 3 1 32,1 0 0 0
j301002_7.sm,8,8,1 0 0 1 2,0 12 9 1 3,0 2 1 1 4,0 10 7 1 5,0 8 8 1 6,1 16 8 1 7,0 4 2 1 8,0 4 2 1 9,0 11 6 1 10,0 2 2 1 11,1 12 10 1 12,0 10 7 1 13,0 5 4 1 14,0 5 3 1 15,1 20 10 1 16,0 5 4 1 17,1 5 5 1 18,1 5 3 1 19,0 2 1 1 20,0 1 1 1 21,0 19 10 1 22,0 13 8 1 23,0 14 7 1 24,0 11 8 1 25,0 12 10 1 26,0 12 10 1 27,0 6 3 1 28,0 11 10 1 29,0 10 9 1 30,1 12 7 1 31,0 4 3 1 32,1 0 0 0
j301002_8.sm,8,8,1 0 0 1 2,0 11 9 1 3,0 1 1 1 4,0 13 7 1 5,0 8 8 1 6,0 8 8 1 7,0 3 2 1 8,0 3 2 1 9,0 8 6 1 10,0 2 2 1 11,0 18 10 1 12,0 12 7 1 13,1 5 4 1 14,0 6 3 1 15,0 16 10 1 16,0 5 4 1 17,1 6 5 1 18,1 5 3 1 19,1 1 1 1 20,1 1 1 1 21,0 14 10 1 22,1 12 8 1 23,0 14 7 1 24,0 10 8 1 25,0 12 10 1 26,0 18 10 1 27,0 5 3 1 28,0 13 10 1 29,0 11 9 1 30,0 13 7 1 31,0 4 3 1 32,1 0 0 0
j301002_9.sm,8,8,1 0 0 1 2,0 16 9 1 3,0 1 1 1 4,0 14 7 1 5,0 14 8 1 6,1 9 8 1 7,0 2 2 1 8,1 2 2 1 9,0 9 6 1 10,0 2 2 1 11,0 12 10 1 12,0 7 7 1 13,0 7 4 1 14,0 6 3 1 15,0 10 10 1 16,0 5 4 1 17,0 7 5 1 18,0 5 3 1 19,0 1 1 1 20,0 1 1 1 21,0 12 10 1 22,1 11 8 1 23,1 11 7 1 24,1 12 8 1 25,0 13 10 1 26,0 16 10 1 27,0 6 3 1 28,0 17 10 1 29,0 13 9 1 30,1 8 7 1 31,0 5 3 1 32,1 0 0 0
j301002_10.sm,8,8,1 0 0 1 2,0 13 9 1 3,0 1 1 1 4,0 8 7 1 5,0 15 8 1 6,0 10 8 1 7,0 3 2 1 8,0 2 2 1 9,0 8 6 1 10,0 3 2 1 11,1 15 10 1 12,0 12 7 1 13,0 7 4 1 14,1 4 3 1 15,0 10 10 1 16,0 5 4 1 17,0 7 5 1 18,1 5 3 1 19,0 1 1 1 20,1 2 1 1 21,0 13 10 1 22,0 13 8 1 23,0 14 7 1 24,0 10 8 1 25,0 14 10 1 26,1 13 10 1 27,0 3 3 1 28,0 17 10 1 29,1 18 9 1 30,0 12 7 1 31,0 4 3 1 32,1 0 0 0
j400102_1.sm,10,10,1 0 0 12 2 3 4 5 6 7 8 9 11 12 15 16,0 2 1 7 35 25 24 19 18 14 10,0 7 6 6 38 35 19 17 13 10,1 8 4 7 40 38 36 35 23 18 17,1 10 5 6 39 36 35 21 19 10,0 4 4 9 39 38 36 33 29 25 24 20 17,0 3 2 7 35 30 29 25 23 20 19,0 17 9 5 37 32 27 20 18,0 10 5 6 41 40 30 26 23 22,0 6 4 6 34 33 31 30 28 22,0 15 8 6 36 31 30 29 28 24,1 9 6 5 37 30 29 23 20,0 18 9 6 37 32 31 30 29 28,0 7 4 5 34 33 30 29 26,0 13 8 3 34 29 17,0 1 1 4 31 30 29 28,0 13 9 3 32 31 28,0 4 4 3 33 30 29,0 1 1 2 34 33,1 5 4 2 31 28,0 17 9 2 30 29,0 9 6 1 29,0 4 4 1 28,1 4 4 1 32,0 8 6 1 28,0 6 6 1 32,0 10 5 1 28,0 5 3 1 42,0 7 7 1 42,1 1 1 1 42,0 9 8 1 42,0 8 7 1 42,0 7 4 1 42,0 12 6 1 42,0 16 9 1 42,0 8 5 1 42,1 8 6 1 42,0 20 10 1 42,1 4 2 1 42,0 16 10 1 42,0 10 5 1 42,1 0 0 0
j400102_2.sm,10,10,1 0 0 13 2 3 4 5 7 8 10 11 12 14 22 23 41,1 7 5 8 38 35 30 21 17 15 13 6,0 2 1 6 40 38 35 30 13 6,0 9 9 8 37 32 28 27 26 20 16 9,0 11 9 9 37 36 32 28 27 26 25 20 17,0 6 3 8 31 29 28 26 25 24 19 18,1 3 2 7 39 35 31 30 27 26 25,0 14 10 6 32 30 28 27 26 24,0 12 10 4 33 29 17 15,0 16 9 5 30 29 28 26 25,0 2 1 4 39 33 25 24,1 2 1 3 33 24 18,0 5 5 3 29 26 25,0 5 3 3 36 32 26,1 2 1 2 25 24,1 9 7 2 25 24,0 5 3 1 24,0 8 4 1 27,0 7 6 1 34,0 7 5 1 24,0 10 6 1 31,0 9 9 1 30,0 2 1 1 24,1 6 4 1 42,0 11 8 1 42,0 12 6 1 42,0 12 9 1 42,0 9 7 1 42,0 13 9 1 42,0 7 6 1 42,1 6 4 1 42,1 10 9 1 42,0 11 9 1 42,0 7 5 1 42,0 4 2 1 42,0 4 3 1 42,0 14 9 1 42,0 12 10 1 42,0 2 1 1 42,0 13 9 1 42,0 9 8 1 42,1 0 0 0
j400102_3.sm,10,10,1 0 0 27 2 3 4 5 6 7 8 11 12 13 14 15 16 28 29 30 31 32 33 34 35 36 37 38 39 40 41,0 16 9 3 25 18 9,0 10 6 3 22 21 20,0 14 9 2 24 10,0 12 6 2 23 17,0 10 10 2 19 18,0 4 2 2 26 21,0 10 8 2 27 18,1 20 10 1 10,0 12 9 1 17,0 11 7 1 18,0 18 9 1 20,1 2 2 1 17,0 12 8 1 19,0 2 1 1 18,0 3 3 1 22,0 5 3 1 42,0 13 8 1 42,0 2 1 1 42,0 5 3 1 42,1 7 4 1 42,0 5 4 1 42,0 3 3 1 42,0 9 5 1 42,0 13 8 1 42,1 11 8 1 42,0 16 9 1 42,0 15 9 1 42,0 17 10 1 42,0 3 3 1 42,0 15 8 1 42,0 15 9 1 42,1 12 7 1 42,0 13 10 1 42,0 7 4 1 42,0 19 10 1 42,1 2 2 1 42,1 20 10 1 42,0 2 2 1 42,0 7 6 1 42,1 12 10 1 42,1 0 0 0
j400102_4.sm,10,10,1 0 0 13 2 3 4 5 6 7 8 9 10 12 21 28 41,0 11 7 10 36 35 34 26 25 22 18 17 14 13,0 11 9 11 40 39 37 36 35 27 24 23 22 19 15,0 6 6 10 40 39 38 35 34 25 24 22 18 13,0 4 4 8 38 37 36 22 20 18 16 13,0 12 10 5 40 39 37 20 11,0 10 6 9 37 36 35 34 31 25 22 16 15,0 10 5 5 33 24 22 13 11,0 9 7 8 39 38 36 35 29 26 18 16,0 6 5 7 36 35 31 30 23 22 19,0 16 8 5 38 34 31 23 15,0 6 4 5 36 34 32 22 18,1 5 5 2 31 15,1 11 9 3 37 31 23,1 7 5 3 32 30 29,0 2 2 3 33 32 30,0 6 3 1 19,0 5 3 2 31 30,1 1 1 2 33 29,0 14 8 2 35 32,0 5 3 2 34 29,0 10 8 1 29,0 13 7 1 29,0 7 5 1 29,0 3 2 1 29,0 8 7 1 30,0 1 1 1 31,0 14 7 1 34,0 9 5 1 42,0 4 2 1 42,0 7 4 1 42,0 12 8 1 42,1 10 7 1 42,1 16 8 1 42,0 4 2 1 42,0 12 8 1 42,0 4 3 1 42,1 2 2 1 42,0 12 7 1 42,0 2 2 1 42,1 11 6 1 42,1 0 0 0
j400102_5.sm,10,10,1 0 0 24 2 3 4 5 11 12 13 14 26 27 28 29 30 31 32 33 34 35 36 37 38 39 40 41,0 10 6 5 22 19 18 8 6,0 5 4 2 24 10,1 12 9 2 19 9,0 2 1 2 25 23,0 17 10 1 7,0 7 4 1 17,0 5 4 1 15,1 2 2 1 15,1 1 1 1 16,0 4 2 1 21,0 11 8 1 18,0 11 8 1 20,1 3 3 1 16,0 12 7 1 42,0 16 10 1 42,0 4 4 1 42,0 5 4 1 42,0 11 10 1 42,1 14 7 1 42,0 1 1 1 42,0 1 1 1 42,0 2 2 1 42,0 7 5 1 42,0 14 9 1 42,0 8 7 1 42,1 9 7 1 42,0 9 7 1 42,1 11 10 1 42,0 4 2 1 42,0 14 7 1 42,0 4 2 1 42,0 12 6 1 42,0 11 8 1 42,0 8 4 1 42,0 9 9 1 42,0 12 8 1 42,0 15 9 1 42,0 5 3 1 42,0 1 1 1 42,1 6 6 1 42,1 0 0 0
j400102_6.sm,10,10,1 0 0 12 2 3 4 5 6 7 8 9 10 12 13 16,0 2 1 7 35 27 26 19 18 15 11,0 8 8 6 39 35 19 17 14 11,0 5 4 7 40 36 35 32 21 19 11,0 1 1 7 39 38 36 35 25 18 17,0 10 7 9 40 39 36 33 31 27 26 20 17,0 4 3 7 35 27 25 24 22 20 19,0 8 8 6 38 37 32 29 20 18,0 9 8 6 41 38 28 25 24 22,1 7 6 5 37 33 25 22 20,0 7 6 5 34 33 24 23 22,0 6 3 4 36 26 23 22,0 8 8 3 34 22 17,0 11 6 4 37 32 23 22,0 2 1 4 34 33 28 22,0 6 6 2 23 22,0 3 3 2 32 23,1 7 4 2 33 22,0 9 7 2 34 33,0 9 6 1 23,0 8 6 1 22,1 7 4 1 31,0 9 6 1 30,1 12 6 1 31,1 7 7 1 30,0 2 2 1 32,0 6 3 1 30,0 11 9 1 32,0 9 5 1 30,1 8 8 1 42,0 6 3 1 42,0 12 7 1 42,0 1 1 1 42,0 7 4 1 42,1 7 6 1 42,0 10 8 1 42,0 10 7 1 42,1 14 7 1 42,0 11 6 1 42,0 9 5 1 42,0 9 6 1 42,1 0 0 0
j400102_7.sm,10,10,1 0 0 17 2 3 4 6 7 8 9 10 12 13 14 19 20 38 39 40 41,0 6 6 3 15 11 5,0 10 8 7 36 35 33 31 27 26 16,0 5 3 6 33 28 25 23 21 15,0 2 1 5 29 25 22 21 17,0 1 1 5 37 32 29 27 21,0 7 6 4 30 24 23 22,0 10 6 4 32 30 28 25,0 1 1 3 24 22 18,0 10 6 2 28 16,0 13 7 2 22 21,0 5 4 2 27 21,1 14 9 2 34 23,0 5 4 2 31 24,0 10 10 1 22,0 4 2 1 24,0 15 10 1 26,0 2 2 1 23,0 2 1 1 23,0 12 9 1 21,1 12 8 1 42,0 2 1 1 42,0 7 7 1 42,0 10 6 1 42,0 8 6 1 42,1 10 5 1 42,0 12 9 1 42,0 11 7 1 42,0 11 10 1 42,0 7 4 1 42,0 9 9 1 42,1 3 2 1 42,1 7 6 1 42,0 19 10 1 42,1 2 2 1 42,1 3 2 1 42,0 3 3 1 42,0 7 7 1 42,1 4 4 1 42,0 14 9 1 42,0 9 9 1 42,1 0 0 0
j400102_8.sm,10,10,1 0 0 16 2 3 4 5 7 8 9 10 11 14 15 16 24 39 40 41,0 15 8 8 37 36 35 32 28 21 20 17,1 6 5 6 35 30 28 19 18 13,0 11 10 4 20 19 12 6,0 13 9 7 37 34 32 30 27 26 25,0 15 9 5 30 29 27 25 22,1 12 6 4 27 25 23 17,0 9 5 4 34 33 19 18,1 4 2 4 36 30 18 17,0 9 7 5 33 28 27 26 25,0 9 8 5 38 31 28 27 25,0 13 9 3 30 27 25,0 5 5 3 27 26 25,0 19 10 2 29 21,0 3 2 2 32 27,1 7 4 2 28 26,0 11 10 1 26,0 11 7 1 29,0 1 1 1 25,1 7 6 1 31,0 12 7 1 26,0 7 4 1 31,1 12 7 1 28,0 2 2 1 25,0 14 8 1 42,0 9 7 1 42,0 5 4 1 42,1 9 6 1 42,0 14 7 1 42,0 10 8 1 42,0 2 1 1 42,1 4 2 1 42,0 5 3 1 42,0 9 6 1 42,0 7 4 1 42,0 3 3 1 42,0 6 3 1 42,0 18 9 1 42,0 13 7 1 42,0 4 2 1 42,0 18 10 1 42,1 0 0 0
j400102_9.sm,10,10,1 0 0 34 2 5 6 11 12 13 14 15 16 17 18 19 20 21 22 23 24 25 26 27 28 29 30 31 32 33 34 35 36 37 38 39 40 41,0 8 7 2 9 3,0 7 6 1 4,0 2 2 1 7,0 8 4 1 10,0 6 4 1 8,1 13 7 1 42,0 8 8 1 42,0 2 2 1 42,0 2 1 1 42,0 5 3 1 42,1 13 10 1 42,0 6 6 1 42,0 9 6 1 42,0 3 2 1 42,0 12 6 1 42,1 17 9 1 42,1 2 1 1 42,1 13 9 1 42,0 1 1 1 42,0 7 4 1 42,0 2 1 1 42,1 8 4 1 42,0 16 8 1 42,0 5 4 1 42,0 10 9 1 42,1 13 7 1 42,0 9 6 1 42,0 2 2 1 42,0 13 8 1 42,0 3 2 1 42,0 2 1 1 42,0 3 3 1 42,0 7 7 1 42,0 16 8 1 42,0 7 6 1 42,1 1 1 1 42,0 11 7 1 42,0 2 1 1 42,0 20 10 1 42,0 8 4 1 42,1 0 0 0
j400102_10.sm,10,10,1 0 0 13 2 3 4 5 6 7 8 9 10 12 21 28 41,1 15 8 9 36 35 34 26 25 18 17 14 13,1 5 3 11 40 39 37 36 34 27 24 23 22 19 15,0 1 1 10 40 39 38 35 34 25 24 23 18 13,0 9 8 5 40 39 37 20 11,1 12 6 5 33 24 23 13 11,0 8 7 8 37 36 34 31 25 23 16 15,0 7 6 8 39 38 36 34 29 26 18 16,1 12 8 6 38 37 36 34 16 13,0 8 4 7 36 34 31 30 23 22 19,0 13 9 5 38 35 31 22 15,0 16 9 5 36 35 32 23 18,0 1 1 2 31 15,1 11 9 3 37 31 22,0 2 2 3 32 30 29,0 4 2 3 33 32 30,0 4 2 1 19,0 5 5 2 31 30,0 10 5 2 33 29,0 17 10 2 34 32,1 6 4 2 35 29,0 19 10 1 29,0 2 2 1 29,0 11 7 1 29,0 6 6 1 29,0 3 3 1 30,1 7 4 1 31,0 15 9 1 35,0 5 3 1 42,0 3 2 1 42,0 12 10 1 42,1 11 9 1 42,0 4 3 1 42,0 5 4 1 42,0 5 4 1 42,0 12 8 1 42,0 11 7 1 42,0 12 10 1 42,0 6 6 1 42,0 3 2 1 42,0 9 5 1 42,1 0 0 0
j400202_1.sm,10,10,1 0 0 19 2 6 8 12 13 14 15 16 31 32 33 34 35 36 37 38 39 40 41,0 11 10 5 30 29 25 24 3,1 16 8 3 26 23 4,0 1 1 3 20 9 5,0 2 2 3 21 18 7,0 8 6 3 23 18 7,0 3 3 2 19 10,0 9 5 3 25 20 18,0 2 2 2 22 18,0 10 7 1 11,0 11 6 1 17,0 2 2 1 24,0 6 5 1 17,1 4 2 1 28,0 12 6 1 19,0 8 5 1 27,0 20 10 1 42,0 8 5 1 42,1 8 4 1 42,0 10 9 1 42,0 11 6 1 42,0 11 9 1 42,0 3 3 1 42,1 8 5 1 42,0 13 8 1 42,1 5 4 1 42,0 18 9 1 42,0 13 8 1 42,0 15 9 1 42,1 1 1 1 42,0 17 9 1 42,0 1 1 1 42,0 15 9 1 42,0 11 8 1 42,0 1 1 1 42,0 9 9 1 42,1 5 4 1 42,1 8 8 1 42,0 1 1 1 42,0 6 4 1 42,0 15 10 1 42,1 0 0 0
j400202_2.sm,10,10,1 0 0 9 2 3 4 5 6 7 8 9 14,0 4 2 7 32 26 24 19 18 15 11,0 20 10 6 24 23 21 19 18 12,0 3 2 4 32 21 13 12,0 8 4 4 32 26 16 13,0 10 7 3 31 25 10,0 2 2 3 32 21 15,1 9 6 2 32 15,0 17 9 5 41 31 24 22 19,0 5 3 3 22 21 20,0 8 6 2 17 16,0 11 7 1 15,0 10 6 3 27 24 18,0 4 2 3 31 28 20,0 16 10 2 27 16,0 6 5 5 41 40 31 30 22,1 9 5 5 41 31 30 27 22,0 1 1 4 40 31 30 22,1 15 9 7 40 39 37 35 30 29 27,0 2 1 7 41 40 39 35 32 30 27,1 1 1 6 41 37 35 30 29 27,0 7 5 5 39 38 36 35 28,1 6 6 4 39 35 32 28,0 7 7 3 40 35 28,0 11 10 6 38 37 36 35 34 33,0 8 4 3 35 30 29,0 11 6 4 38 36 34 33,0 5 3 3 37 33 29,0 5 4 1 34,0 13 7 1 33,1 9 9 1 33,0 7 6 1 36,1 1 1 1 42,0 3 3 1 42,0 3 3 1 42,0 4 2 1 42,0 14 9 1 42,1 13 8 1 42,0 11 6 1 42,0 9 8 1 42,0 16 9 1 42,1 0 0 0
j400202_3.sm,10,10,1 0 0 10 2 3 4 5 6 7 12 13 15 16,0 4 3 3 23 22 9,0 4 2 3 24 21 8,0 4 3 3 40 26 10,0 20 10 3 41 22 11,0 8 4 3 24 17 11,0 8 6 6 41 40 37 29 28 17,0 12 9 5 39 36 28 19 14,1 15 9 1 11,1 7 4 7 38 36 35 28 25 22 20,0 7 4 4 39 36 28 14,0 6 6 8 38 37 36 35 34 32 28 25,0 4 2 5 37 34 27 24 21,1 6 5 3 40 37 18,0 6 3 3 36 28 18,0 7 6 4 36 28 27 20,0 1 1 2 36 18,1 17 9 6 38 35 34 33 32 25,0 6 5 7 38 37 34 33 32 30 27,0 14 8 6 41 39 37 32 31 30,0 8 5 5 36 32 31 30 28,0 12 8 5 39 34 32 31 30,0 4 2 2 41 25,0 11 6 3 36 35 30,0 11 9 2 30 27,0 6 4 2 34 33,1 9 5 1 31,0 11 9 1 33,1 3 2 1 35,0 10 5 1 42,0 7 7 1 42,0 2 1 1 42,0 6 5 1 42,0 13 10 1 42,1 2 1 1 42,0 3 2 1 42,0 8 5 1 42,1 2 1 1 42,0 11 6 1 42,0 6 6 1 42,0 13 7 1 42,1 0 0 0
j400202_4.sm,10,10,1 0 0 14 2 3 6 7 9 10 11 13 16 17 25 26 27 28,0 1 1 3 40 38 4,0 9 7 7 39 36 23 22 21 14 8,1 2 1 4 23 22 21 5,0 15 8 3 36 14 8,0 9 6 8 35 34 33 30 21 19 18 15,0 4 4 9 41 40 39 38 35 30 24 22 20,0 9 6 5 37 34 32 31 12,1 9 6 7 36 34 33 32 31 30 18,1 12 10 6 40 34 33 31 21 19,0 5 4 6 38 36 31 30 21 20,1 4 3 4 35 33 30 18,1 13 10 4 39 37 31 30,0 3 3 3 34 30 29,0 11 7 3 38 32 31,0 9 5 2 31 20,0 2 2 2 31 20,0 4 3 1 20,1 15 8 1 20,0 7 6 1 29,0 10 10 1 32,0 9 7 1 33,0 2 1 1 30,0 13 7 1 29,0 2 1 1 36,0 4 3 1 33,0 4 3 1 32,1 17 9 1 32,0 7 5 1 42,1 14 10 1 42,0 5 5 1 42,0 14 10 1 42,0 12 9 1 42,0 4 4 1 42,0 12 6 1 42,0 9 9 1 42,0 9 7 1 42,0 11 6 1 42,0 11 7 1 42,0 12 6 1 42,0 17 10 1 42,1 0 0 0
j400202_5.sm,10,10,1 0 0 11 2 3 5 6 7 8 10 11 12 13 18,0 6 3 3 27 20 4,0 11 10 7 29 25 24 21 19 16 15,0 3 2 5 41 22 21 19 9,0 15 9 7 41 27 25 24 21 19 17,0 10 7 8 41 29 27 26 25 24 23 15,1 10 5 6 41 26 24 19 17 15,0 17 10 3 41 25 9,0 3 3 4 32 26 24 14,0 10 5 4 41 29 20 19,0 6 4 7 41 32 31 29 28 24 23,0 5 3 8 41 40 36 32 31 29 28 25,0 8 4 3 32 20 17,0 9 5 2 23 17,1 10 8 4 40 39 32 20,0 6 5 7 41 40 37 36 34 32 28,0 5 3 6 39 38 36 31 29 28,1 14 7 5 41 37 32 30 25,1 2 1 4 35 32 31 23,0 14 9 6 38 37 36 34 31 28,0 8 8 3 36 31 26,0 14 10 5 37 35 34 32 31,0 14 10 5 40 39 37 36 33,1 8 5 4 36 35 34 33,0 2 1 4 39 38 34 33,0 14 8 3 39 34 30,0 11 8 3 36 34 33,0 2 1 2 33 30,0 3 3 2 37 34,0 11 6 1 35,0 6 3 1 33,0 6 6 1 38,0 4 2 1 42,1 11 9 1 42,1 13 7 1 42,0 3 2 1 42,0 1 1 1 42,0 20 10 1 42,0 4 2 1 42,1 2 1 1 42,0 4 3 1 42,1 0 0 0
j400202_6.sm,10,10,1 0 0 7 2 3 4 5 6 7 9,1 4 3 6 15 14 13 12 11 10,0 12 8 4 14 11 10 8,0 4 2 3 13 12 8,1 7 4 5 22 21 15 12 10,0 5 4 5 17 16 15 12 11,0 10 6 3 14 11 10,0 5 3 7 24 22 21 18 17 16 15,0 5 3 3 22 15 10,1 11 10 5 24 23 19 17 16,0 16 9 7 31 26 25 24 22 21 18,0 3 3 6 31 26 25 24 19 18,1 13 7 4 31 25 21 19,0 8 6 5 31 29 26 21 20,0 6 3 4 31 26 25 19,0 3 2 4 29 26 25 20,0 7 6 4 31 29 25 20,0 1 1 3 29 28 23,0 3 3 2 29 20,1 2 2 4 33 30 28 27,0 9 5 2 33 23,0 4 4 3 33 28 27,0 1 1 2 30 27,0 14 10 2 30 27,0 9 5 2 33 27,0 12 6 1 27,0 2 1 4 41 35 34 32,0 11 9 4 41 35 34 32,0 14 10 4 41 35 34 33,1 10 5 5 41 39 38 36 34,0 2 1 3 39 34 33,1 6 6 3 40 38 37,0 9 7 3 40 38 37,0 11 6 1 37,1 12 7 1 39,0 4 2 1 37,0 9 9 1 42,0 1 1 1 42,0 20 10 1 42,0 19 10 1 42,0 11 7 1 42,1 0 0 0
j400202_7.sm,10,10,1 0 0 9 2 3 4 5 7 8 9 11 13,0 4 3 7 24 22 20 19 17 14 10,0 5 5 7 27 25 21 20 17 16 15,0 9 6 3 25 18 6,0 6 3 7 27 25 20 19 17 15 14,0 5 3 5 41 22 21 20 12,0 12 9 4 23 17 16 10,1 4 3 7 27 26 25 23 22 18 15,0 4 4 4 41 24 18 12,0 2 1 5 41 29 27 21 18,0 1 1 5 41 27 26 19 18,0 8 4 4 30 27 23 16,0 11 8 4 26 22 19 18,0 7 5 3 41 26 18,1 13 8 5 41 30 29 28 24,0 13 10 2 26 19,0 2 1 2 40 18,0 16 8 5 38 37 36 30 28,0 12 6 4 39 38 29 28,0 5 5 4 40 37 28 23,0 13 10 3 31 30 26,0 20 10 6 37 36 35 32 31 30,0 15 9 5 38 36 35 32 31,1 8 8 6 39 38 37 36 34 33,0 13 10 5 37 36 35 33 31,1 5 5 5 40 38 37 35 34,0 6 5 4 36 35 33 31,0 11 10 3 35 32 31,0 10 9 3 37 36 33,1 11 8 2 39 33,0 5 4 1 34,0 13 9 1 33,0 12 10 1 42,0 6 3 1 42,0 4 3 1 42,1 2 1 1 42,1 8 4 1 42,1 11 9 1 42,0 16 10 1 42,0 10 6 1 42,0 10 7 1 42,1 0 0 0
j400202_8.sm,10,10,1 0 0 11 2 3 4 5 7 8 10 11 13 14 19,1 3 3 6 41 29 22 20 16 6,0 1 1 7 41 28 24 21 18 17 16,0 7 7 10 41 40 32 31 29 28 24 23 21 15,0 12 9 3 41 24 9,0 13 7 2 21 9,0 4 2 4 28 17 16 15,0 10 5 8 41 40 39 31 29 28 27 17,0 10 9 5 32 31 28 25 12,1 6 4 4 41 27 20 16,0 6 4 7 41 40 32 31 30 27 23,0 11 9 3 40 23 15,0 15 10 9 41 40 39 37 36 35 32 31 30,0 1 1 2 20 15,0 18 9 5 39 38 35 27 26,0 11 6 5 40 34 32 31 23,0 10 5 3 38 32 20,0 12 9 5 40 36 35 31 26,1 4 2 4 36 31 30 24,1 9 9 4 37 36 35 26,0 12 8 3 35 30 25,1 10 5 3 34 32 31,0 15 8 4 39 36 35 33,1 9 7 4 39 38 37 33,0 13 9 3 39 37 34,0 3 3 2 33 30,0 6 5 2 37 36,0 10 7 2 35 33,0 7 4 2 35 33,0 9 8 1 34,0 1 1 1 38,0 2 2 1 33,0 11 10 1 42,0 7 6 1 42,1 5 3 1 42,0 5 4 1 42,0 4 3 1 42,0 17 10 1 42,0 11 10 1 42,0 8 7 1 42,1 8 7 1 42,1 0 0 0
j400202_9.sm,10,10,1 0 0 11 2 3 4 5 7 8 9 11 12 13 17,0 3 3 3 28 19 6,1 6 6 8 41 28 25 24 21 20 18 16,1 8 4 7 30 25 24 21 20 16 14,0 11 8 7 28 27 25 24 18 16 14,0 18 9 5 41 22 21 20 10,0 18 9 6 41 27 25 20 18 16,1 4 3 3 41 24 10,0 8 5 5 41 30 25 20 19,0 6 3 4 29 27 25 15,0 1 1 8 41 40 30 29 28 27 26 24,0 6 6 6 41 30 29 26 25 23,0 2 1 4 40 22 19 18,0 15 8 5 41 35 29 26 23,1 12 10 2 23 18,0 8 4 3 40 38 19,0 3 3 6 41 37 32 31 29 24,0 4 3 4 39 38 30 26,0 16 8 4 37 35 29 26,0 9 8 3 31 29 23,1 3 2 4 37 36 31 27,0 10 10 5 37 36 35 31 29,0 6 5 5 40 38 37 36 34,0 11 8 5 39 38 35 34 33,0 9 6 4 36 35 33 31,0 10 9 3 36 32 31,1 4 3 3 38 35 32,0 11 8 3 36 35 31,0 9 8 2 39 33,0 5 3 2 37 35,0 10 5 1 34,0 8 5 1 33,0 13 7 1 42,0 2 2 1 42,1 3 3 1 42,0 16 8 1 42,0 7 6 1 42,0 2 2 1 42,0 15 9 1 42,0 3 3 1 42,1 11 7 1 42,1 0 0 0
j400202_10.sm,10,10,1 0 0 11 2 3 4 5 6 12 13 14 15 19 28,0 8 7 3 25 23 8,0 8 4 2 21 7,0 9 8 5 41 40 33 20 10,0 3 3 4 27 23 16 9,1 12 7 4 35 27 24 11,0 5 3 3 38 27 9,1 12 6 3 38 18 11,1 2 1 2 35 11,0 3 2 7 39 36 35 31 27 24 22,1 8 5 5 40 37 36 33 17,0 2 1 8 39 36 35 34 33 31 30 22,0 2 2 5 34 33 31 27 22,0 13 9 5 33 31 29 25 23,0 7 4 4 32 29 27 20,0 5 3 7 36 35 34 33 31 30 26,0 6 3 4 34 31 30 22,0 9 7 5 37 32 31 30 29,0 1 1 4 33 31 29 27,0 4 3 4 39 38 37 31,0 11 8 3 39 32 26,0 12 6 2 32 26,0 6 3 2 35 32,0 10 7 2 38 34,0 1 1 1 27,1 4 3 1 29,1 7 5 1 30,0 11 7 1 33,0 1 1 1 42,1 9 5 1 42,0 17 10 1 42,0 1 1 1 42,0 4 2 1 42,0 9 9 1 42,1 2 1 1 42,0 7 4 1 42,0 17 9 1 42,0 9 5 1 42,0 4 4 1 42,0 3 3 1 42,0 7 6 1 42,1 0 0 0
j400302_1.sm,10,10,1 0 0 6 2 3 4 6 15 22,0 4 2 4 19 12 7 5,0 11 8 3 19 12 5,0 1 1 4 12 11 10 7,0 3 2 3 11 10 8,0 8 5 1 7,1 5 3 1 8,0 3 2 3 21 13 9,0 11 7 5 41 40 26 18 16,0 7 7 4 26 21 17 13,0 2 2 3 21 16 14,0 10 7 3 40 39 16,1 8 5 4 40 39 24 20,1 11 8 3 26 24 17,0 13 7 3 40 38 19,1 10 5 2 24 17,0 14 10 3 31 27 20,0 8 5 3 31 27 20,0 1 1 2 25 21,0 4 3 3 35 34 23,0 13 10 4 39 29 28 27,0 16 9 3 35 26 25,1 6 4 2 38 25,0 11 10 2 29 27,0 5 4 3 37 36 28,1 10 7 3 36 34 28,0 9 9 3 35 34 30,0 10 5 2 32 30,0 13 8 1 31,0 7 7 1 33,0 12 10 1 32,0 4 2 1 42,0 5 4 1 42,0 9 5 1 42,0 11 7 1 42,0 16 8 1 42,1 16 8 1 42,0 11 8 1 42,1 8 5 1 42,0 2 2 1 42,0 2 1 1 42,1 0 0 0
j400302_2.sm,10,10,1 0 0 6 2 3 4 6 7 8,0 2 1 3 14 9 5,0 1 1 2 9 5,0 15 8 2 14 5,0 2 1 3 12 11 10,0 4 2 3 14 13 9,0 10 9 2 14 9,0 6 3 3 17 13 11,0 9 8 2 17 11,0 16 9 2 15 13,1 2 1 2 16 15,0 8 4 4 28 20 18 17,0 11 6 3 25 19 16,1 8 8 2 18 15,1 6 3 4 28 25 20 19,0 11 6 4 28 21 20 18,0 2 2 3 25 23 19,0 12 7 3 31 24 22,0 10 7 2 24 21,0 8 5 3 30 23 22,0 12 8 2 30 22,0 7 7 2 27 26,1 3 2 2 27 26,0 8 8 3 38 30 26,0 14 7 2 31 27,0 10 10 5 41 35 34 33 32,0 13 8 3 38 35 29,0 9 7 3 41 38 32,1 2 2 3 41 37 34,0 3 3 2 41 32,0 16 10 3 38 37 36,0 3 3 2 37 36,1 5 5 2 37 36,0 10 7 2 39 36,0 6 4 1 36,0 17 10 1 40,0 6 5 1 39,0 3 3 1 39,1 8 5 1 42,0 3 3 1 42,1 9 9 1 42,1 0 0 0
j400302_3.sm,10,10,1 0 0 12 2 5 14 15 16 17 36 37 38 39 40 41,1 9 9 3 35 32 3,0 5 4 2 33 4,1 9 8 4 31 29 28 6,0 8 4 5 32 29 28 27 7,1 11 10 2 27 7,0 5 5 3 26 25 8,0 16 8 6 24 23 22 21 20 9,0 7 7 1 10,0 5 3 2 19 11,0 2 2 1 12,0 2 2 1 13,1 11 9 1 18,0 8 5 1 34,0 12 10 1 30,0 4 2 1 30,0 5 4 1 30,0 13 8 1 42,1 5 4 1 42,0 10 8 1 42,0 11 6 1 42,0 4 4 1 42,0 9 6 1 42,0 6 3 1 42,0 12 6 1 42,1 10 5 1 42,1 4 2 1 42,0 11 6 1 42,0 18 9 1 42,0 18 9 1 42,0 10 5 1 42,0 2 2 1 42,0 7 6 1 42,0 3 2 1 42,0 5 4 1 42,0 16 10 1 42,0 9 5 1 42,0 2 1 1 42,0 7 7 1 42,1 5 5 1 42,0 2 2 1 42,1 0 0 0
j400302_4.sm,10,10,1 0 0 5 2 6 8 9 17,0 11 6 3 16 13 3,0 3 3 7 41 39 26 18 15 11 4,0 11 8 4 29 22 20 5,0 3 3 2 38 7,0 7 4 8 40 37 34 29 28 25 21 12,0 1 1 4 28 25 21 10,0 20 10 7 33 32 29 22 19 18 14,0 4 2 6 37 25 23 22 21 15,0 5 4 3 37 34 12,0 13 8 3 28 25 12,1 2 2 6 36 35 33 32 31 19,0 1 1 4 40 39 29 21,0 7 7 3 28 25 23,0 11 10 3 32 30 20,0 1 1 3 36 31 23,0 6 6 3 38 29 25,1 15 8 2 34 23,0 10 9 1 23,0 18 10 3 35 34 33,0 12 6 2 32 27,0 4 4 2 31 27,1 2 1 1 24,0 9 6 1 27,1 3 2 1 27,0 8 8 1 29,1 13 10 1 30,0 1 1 1 31,0 6 4 1 31,0 8 6 1 42,0 12 6 1 42,0 2 2 1 42,1 14 7 1 42,0 14 7 1 42,0 13 9 1 42,0 11 6 1 42,1 15 9 1 42,1 6 3 1 42,0 16 10 1 42,0 10 8 1 42,0 11 9 1 42,1 0 0 0
j400302_5.sm,10,10,1 0 0 5 2 5 6 7 12,0 10 6 2 9 3,0 2 2 7 41 40 31 18 16 11 4,0 1 1 4 21 20 14 8,0 11 6 6 40 30 29 21 16 13,0 13 10 3 31 18 10,0 4 3 7 40 31 29 21 20 19 15,0 2 1 3 39 29 10,0 14 10 9 41 39 37 31 29 26 23 22 20,0 16 10 3 30 23 13,0 3 3 4 30 21 19 17,0 13 7 7 39 37 29 28 26 23 22,0 14 8 3 38 26 17,0 3 3 3 38 26 17,1 12 10 3 30 26 17,0 2 2 4 26 24 23 20,1 2 1 5 37 36 33 28 22,0 6 4 5 39 36 29 26 24,0 14 8 4 37 36 26 22,1 1 1 4 36 35 28 25,0 1 1 3 33 28 25,1 6 5 2 34 24,0 8 4 3 36 33 27,0 10 7 2 35 25,0 7 4 1 27,0 12 6 1 27,1 2 2 1 32,0 6 6 1 34,1 9 5 1 33,1 11 9 1 33,0 8 5 1 33,0 10 5 1 42,0 6 5 1 42,0 6 5 1 42,0 3 3 1 42,1 9 8 1 42,0 14 9 1 42,0 10 7 1 42,0 4 3 1 42,0 6 3 1 42,0 10 10 1 42,1 0 0 0
j400302_6.sm,10,10,1 0 0 6 2 3 4 6 16 24,0 11 7 4 20 12 7 5,0 2 2 4 20 12 8 5,0 10 10 4 12 11 10 7,0 4 3 3 11 10 9,0 11 7 1 7,0 11 9 1 8,0 4 2 3 21 13 9,0 3 2 5 41 40 26 18 15,0 11 7 4 26 21 17 13,0 6 3 2 15 14,0 3 2 4 40 39 23 17,1 11 10 4 40 39 23 19,0 5 3 3 26 23 17,0 14 7 2 23 17,0 4 2 4 40 36 28 20,0 5 3 3 31 27 19,0 18 9 2 27 19,1 9 7 2 34 22,0 2 2 1 21,0 12 6 4 39 30 29 27,0 14 8 3 38 36 25,0 4 2 2 29 27,1 12 7 2 35 26,0 7 4 2 37 28,0 6 6 2 34 28,0 2 1 3 35 34 33,0 7 6 2 32 30,0 8 6 1 31,0 17 9 1 33,0 7 4 1 32,1 10 10 1 42,0 8 4 1 42,0 4 4 1 42,0 6 3 1 42,0 7 7 1 42,1 6 3 1 42,1 4 4 1 42,1 12 6 1 42,1 15 8 1 42,0 8 7 1 42,1 0 0 0
j400302_7.sm,10,10,1 0 0 6 2 3 4 6 12 17,0 10 7 4 18 10 7 5,1 3 3 3 18 10 5,0 5 5 4 11 10 9 7,0 5 4 3 11 9 8,0 9 6 1 7,1 13 7 1 8,0 9 7 3 22 15 13,0 11 9 4 22 20 16 15,0 4 2 4 41 22 16 15,0 10 5 3 40 22 14,1 6 3 3 19 18 15,0 8 4 5 41 40 25 20 16,0 4 3 3 39 25 16,0 4 2 5 40 39 25 24 21,1 8 4 2 24 19,0 3 2 2 25 20,0 7 5 3 38 26 22,1 16 9 3 31 27 21,0 2 2 3 31 27 21,0 14 9 3 37 34 23,0 1 1 4 39 29 28 27,0 20 10 2 38 26,0 3 3 2 29 27,0 9 6 4 36 35 34 28,1 4 4 3 36 35 28,0 19 10 3 37 34 30,0 3 3 2 32 30,0 1 1 1 31,1 14 8 1 33,0 3 2 1 32,0 5 4 1 42,0 3 2 1 42,0 4 3 1 42,0 2 1 1 42,0 9 7 1 42,1 12 6 1 42,0 15 10 1 42,0 3 3 1 42,0 12 8 1 42,0 4 2 1 42,1 0 0 0
j400302_8.sm,10,10,1 0 0 5 2 5 6 7 15,0 12 7 2 9 3,0 15 8 8 41 40 31 18 17 14 11 4,1 7 4 3 22 20 8,0 14 7 6 40 30 29 22 17 13,0 8 8 3 31 18 10,0 4 3 8 40 31 29 22 20 19 16 12,0 7 6 3 39 29 10,0 2 1 9 41 39 37 31 29 26 23 21 20,0 9 7 4 30 26 23 13,0 5 3 4 30 22 19 16,0 2 1 6 37 36 30 28 26 21,0 9 6 2 38 16,1 5 3 7 38 37 36 33 28 26 24,0 14 7 6 39 36 29 28 26 24,1 8 5 5 37 36 33 28 21,0 2 1 3 26 23 20,0 7 7 5 39 36 29 26 24,0 7 6 4 37 36 26 21,1 11 9 4 36 35 28 25,0 5 5 2 34 24,0 2 1 3 34 33 25,0 4 4 3 36 33 27,0 10 5 2 35 25,0 4 2 1 27,0 8 4 1 27,0 6 6 1 32,0 1 1 1 34,1 5 3 1 33,0 4 2 1 33,0 14 10 1 33,1 6 3 1 42,0 10 6 1 42,0 5 3 1 42,1 8 5 1 42,0 10 8 1 42,0 18 9 1 42,0 6 6 1 42,1 6 5 1 42,0 13 8 1 42,0 6 4 1 42,1 0 0 0
j400302_9.sm,10,10,1 0 0 5 2 4 6 7 10,0 4 4 2 9 3,0 10 6 6 41 25 17 16 12 5,0 12 9 10 41 40 39 38 27 25 23 22 20 14,0 4 2 4 40 20 13 8,0 16 10 5 25 22 19 16 11,0 2 1 7 41 31 27 25 22 17 15,1 15 9 3 39 27 11,1 6 5 8 40 39 29 27 25 23 20 18,1 6 3 8 39 38 31 29 27 23 22 18,0 10 8 3 31 23 15,0 9 8 4 31 22 19 18,0 11 10 2 22 15,0 2 1 3 31 19 18,0 13 7 3 38 29 18,0 11 7 8 39 38 37 36 35 29 27 24,0 17 9 3 29 23 20,0 1 1 3 37 26 21,0 2 1 3 37 29 21,0 2 2 3 35 26 24,1 9 7 4 36 35 33 24,1 6 5 4 35 34 28 26,0 17 10 3 35 33 30,0 6 4 2 34 28,0 12 10 3 34 33 32,1 2 1 2 36 33,1 16 9 2 33 32,0 4 3 1 30,0 1 1 1 30,0 4 4 1 32,0 12 6 1 33,0 5 3 1 42,1 10 5 1 42,0 13 10 1 42,0 2 2 1 42,0 20 10 1 42,0 9 7 1 42,0 2 1 1 42,0 1 1 1 42,0 8 4 1 42,0 12 6 1 42,1 0 0 0
j400302_10.sm,10,10,1 0 0 5 2 5 6 10 17,0 7 4 2 11 3,1 15 9 8 41 40 39 23 16 14 9 4,0 8 4 4 29 22 20 7,0 5 3 7 39 38 28 26 23 19 12,0 10 7 7 39 36 29 22 20 18 15,0 4 2 2 38 8,0 7 5 4 28 26 19 12,1 14 7 5 28 26 20 18 13,0 8 5 4 37 24 20 16,0 5 4 6 40 39 29 26 22 19,0 14 7 2 37 13,0 4 4 7 36 35 34 33 32 31 21,1 14 10 7 36 34 33 32 31 26 24,0 8 4 5 34 32 28 26 21,0 10 6 3 26 22 19,0 12 10 3 38 29 26,0 5 3 2 32 21,1 11 6 3 34 31 27,1 9 9 2 31 25,0 14 10 1 24,1 5 5 3 35 33 32,0 14 10 2 33 29,0 8 8 1 25,0 13 7 1 27,1 11 9 1 27,0 6 3 1 30,0 13 7 1 31,0 18 9 1 31,0 1 1 1 42,0 11 6 1 42,0 14 7 1 42,0 4 3 1 42,0 16 8 1 42,0 12 6 1 42,0 8 7 1 42,0 11 6 1 42,0 2 1 1 42,1 5 3 1 42,0 1 1 1 42,0 5 3 1 42,1 0 0 0
j400402_1.sm,10,10,1 0 0 4 2 7 16 19,0 5 4 3 11 4 3,0 9 7 4 23 14 9 5,0 7 4 5 30 23 13 9 8,0 4 3 2 41 6,1 2 1 4 30 17 13 8,0 12 8 3 13 10 9,0 4 4 3 40 18 10,0 3 2 4 40 38 17 12,1 4 2 3 39 38 12,1 4 4 4 40 39 29 15,0 4 2 2 29 15,0 12 10 4 39 38 29 21,1 3 2 3 40 37 20,0 12 6 2 37 20,0 6 3 2 38 20,0 3 2 2 37 21,0 13 7 2 37 21,0 8 6 3 41 39 22,0 6 6 1 21,0 1 1 2 36 22,0 3 2 2 35 24,0 11 7 2 41 24,0 7 6 4 34 32 28 25,1 1 1 1 26,0 7 4 1 27,1 10 6 1 31,0 15 10 1 33,0 16 9 1 32,0 8 4 1 38,0 2 2 1 42,0 7 4 1 42,1 10 5 1 42,0 12 8 1 42,0 6 6 1 42,0 7 5 1 42,0 9 8 1 42,0 6 4 1 42,0 12 9 1 42,1 2 2 1 42,0 17 10 1 42,1 0 0 0
j400402_2.sm,10,10,1 0 0 3 2 5 23,0 4 4 1 3,1 5 4 2 28 4,0 10 9 4 40 39 10 6,0 5 5 8 41 38 37 34 33 29 10 8,0 7 6 2 38 7,1 10 7 3 37 18 8,0 6 3 4 36 35 32 9,0 8 7 4 31 16 14 11,0 5 4 4 32 31 19 15,0 10 6 1 12,0 4 3 1 13,0 20 10 2 19 15,1 11 8 2 19 15,0 15 10 2 25 17,0 3 3 4 27 26 20 19,0 9 6 4 30 27 26 20,1 9 6 4 34 33 32 31,0 4 2 2 25 21,0 15 10 1 21,0 14 10 1 22,0 3 3 1 24,0 2 1 1 29,0 12 9 1 42,0 2 2 1 42,1 2 2 1 42,0 6 6 1 42,1 2 1 1 42,0 9 5 1 42,0 4 3 1 42,0 3 3 1 42,0 6 5 1 42,0 1 1 1 42,1 17 9 1 42,0 16 10 1 42,0 7 4 1 42,0 15 9 1 42,0 6 4 1 42,1 2 1 1 42,0 14 7 1 42,0 1 1 1 42,1 0 0 0
j400402_3.sm,10,10,1 0 0 11 2 17 33 34 35 36 37 38 39 40 41,0 2 1 3 32 31 3,0 7 4 2 29 4,0 8 4 1 5,0 8 4 3 28 27 6,1 4 2 2 26 7,1 6 6 1 8,0 16 10 3 25 24 9,1 19 10 2 23 10,0 3 2 2 22 11,0 4 2 1 12,0 5 5 3 21 20 13,0 10 6 2 19 14,0 6 5 1 15,0 14 10 1 16,0 16 8 1 18,0 12 6 1 30,1 10 10 1 42,1 2 1 1 42,0 5 4 1 42,0 3 2 1 42,0 6 4 1 42,0 5 5 1 42,0 7 6 1 42,0 15 10 1 42,0 1 1 1 42,0 7 5 1 42,1 11 6 1 42,1 18 10 1 42,1 15 8 1 42,0 7 4 1 42,0 1 1 1 42,0 7 7 1 42,0 7 7 1 42,0 6 4 1 42,0 7 4 1 42,0 6 5 1 42,0 18 9 1 42,0 7 6 1 42,0 9 8 1 42,0 7 7 1 42,1 0 0 0
j400402_4.sm,10,10,1 0 0 3 2 4 12,1 6 3 1 3,1 14 7 2 15 5,0 2 1 2 41 6,0 11 9 2 13 7,0 7 4 2 15 7,0 7 7 2 10 8,0 6 3 3 24 17 9,0 12 6 3 29 14 11,0 9 9 4 40 25 17 14,0 11 10 7 40 39 32 25 22 20 19,0 10 7 6 41 40 32 25 24 19,1 10 7 6 40 29 28 22 19 18,0 1 1 3 39 19 16,0 10 9 3 32 25 17,0 3 2 3 28 22 18,0 2 2 2 39 18,0 3 2 1 21,1 13 7 1 21,0 14 7 1 21,0 12 9 1 23,0 5 3 1 23,0 1 1 2 27 26,0 7 5 2 29 26,0 3 3 2 38 28,0 12 10 3 38 34 30,1 7 4 3 35 34 31,0 11 8 2 34 30,1 8 5 1 30,0 13 10 1 31,1 6 6 2 36 33,0 12 8 1 35,0 4 3 1 37,0 8 4 1 36,0 12 9 1 36,0 6 6 1 42,1 3 2 1 42,0 2 1 1 42,0 6 4 1 42,0 9 8 1 42,0 18 10 1 42,1 0 0 0
j400402_5.sm,10,10,1 0 0 4 2 5 10 11,0 13 8 2 4 3,0 10 6 3 9 7 6,0 9 5 3 9 8 7,0 3 2 3 13 9 8,0 4 4 2 14 8,1 9 7 4 18 15 13 12,0 11 7 4 20 18 15 12,1 2 2 3 20 18 16,0 6 4 1 12,1 12 9 4 24 21 20 19,0 14 7 3 35 21 16,0 11 10 3 30 20 19,0 4 2 3 30 20 19,0 1 1 3 41 24 19,0 5 3 1 17,0 19 10 3 41 30 19,0 13 9 4 35 34 30 22,0 10 6 2 34 22,0 1 1 5 41 40 35 31 25,0 4 2 1 22,1 18 10 1 23,1 10 6 3 40 31 25,0 10 5 4 31 30 28 27,0 3 3 1 26,0 4 2 3 39 28 27,0 3 2 3 38 36 32,1 2 2 1 29,0 3 2 2 36 33,0 3 3 2 38 32,0 12 7 2 37 36,0 7 7 1 37,0 18 9 1 38,0 11 6 1 36,0 1 1 1 37,0 18 9 1 42,0 3 3 1 42,0 7 7 1 42,0 7 4 1 42,1 4 3 1 42,1 9 5 1 42,1 0 0 0
j400402_6.sm,10,10,1 0 0 4 2 7 13 15,0 5 3 3 11 4 3,0 13 9 4 22 16 9 5,0 7 6 3 22 9 6,0 2 1 2 41 6,1 11 7 4 30 19 14 8,0 10 7 3 14 10 9,0 7 5 3 40 18 10,1 8 7 4 40 38 19 12,1 9 7 3 39 38 12,1 14 9 4 40 39 29 17,0 6 6 2 29 17,0 10 10 2 38 17,0 8 7 4 39 38 29 21,0 2 2 4 41 39 37 21,0 2 1 3 40 37 20,0 1 1 2 37 20,0 7 4 2 37 20,0 12 8 2 37 21,0 17 10 1 21,0 3 3 2 36 23,0 14 10 3 41 37 24,0 17 9 2 35 24,0 11 7 3 34 28 25,0 9 9 2 32 26,1 12 9 1 27,1 12 7 1 31,0 20 10 1 33,1 14 7 1 32,0 2 1 1 38,0 2 2 1 42,0 1 1 1 42,0 18 10 1 42,0 11 8 1 42,0 10 7 1 42,0 15 8 1 42,0 20 10 1 42,1 11 7 1 42,0 6 4 1 42,0 13 9 1 42,0 10 7 1 42,1 0 0 0
j400402_7.sm,10,10,1 0 0 22 2 21 22 23 24 25 26 27 28 29 30 31 32 33 34 35 36 37 38 39 40 41,0 9 9 1 3,0 2 2 2 20 4,1 14 8 3 19 18 5,0 2 1 1 6,1 5 5 1 7,0 3 2 1 8,0 8 4 1 9,0 1 1 1 10,0 9 8 1 11,1 5 4 1 12,1 4 2 1 13,0 7 4 1 14,0 15 9 1 15,0 11 10 1 16,0 6 4 1 17,0 9 9 1 42,0 12 7 1 42,0 4 3 1 42,0 10 8 1 42,0 10 9 1 42,0 1 1 1 42,1 7 5 1 42,0 8 5 1 42,1 8 4 1 42,1 16 10 1 42,0 1 1 1 42,0 3 2 1 42,0 8 8 1 42,0 8 8 1 42,0 2 1 1 42,0 2 2 1 42,0 1 1 1 42,0 15 10 1 42,0 11 10 1 42,1 4 2 1 42,0 7 5 1 42,0 3 2 1 42,0 3 3 1 42,0 17 10 1 42,0 18 9 1 42,1 0 0 0
j400402_8.sm,10,10,1 0 0 5 2 11 18 33 41,0 5 5 3 23 6 3,0 7 5 2 25 4,0 1 1 4 36 34 17 5,0 1 1 3 35 21 7,1 7 5 5 39 36 22 17 9,0 10 8 2 39 8,0 10 9 3 40 38 10,1 17 10 1 10,1 4 3 1 12,1 7 5 1 12,0 7 4 2 37 13,0 11 7 1 14,0 2 1 2 31 15,0 6 4 2 32 16,0 6 6 5 30 29 28 27 19,1 2 2 4 38 28 27 19,0 6 3 3 35 31 20,0 20 10 1 20,0 5 3 1 24,0 8 5 1 24,0 2 1 1 24,0 7 4 1 24,0 9 6 1 26,0 15 8 1 36,0 8 6 1 42,0 10 10 1 42,1 10 9 1 42,0 10 5 1 42,1 12 6 1 42,0 15 8 1 42,0 13 9 1 42,1 5 3 1 42,0 7 4 1 42,0 11 8 1 42,0 10 5 1 42,0 11 7 1 42,0 6 5 1 42,0 1 1 1 42,0 10 7 1 42,0 1 1 1 42,1 0 0 0
j400402_9.sm,10,10,1 0 0 4 2 5 9 12,0 5 4 2 4 3,1 14 10 3 11 7 6,0 6 4 3 11 8 7,0 7 4 3 13 11 8,0 15 8 2 14 8,0 5 5 4 18 15 13 10,0 4 3 4 19 18 15 10,0 12 8 1 10,0 4 2 4 32 24 21 16,0 4 2 3 19 18 16,0 10 6 4 24 21 20 19,1 4 2 3 27 20 19,0 10 10 3 27 20 19,1 4 4 3 36 24 20,0 2 2 1 17,0 17 10 3 36 27 20,0 12 10 4 35 32 27 22,0 15 8 4 36 35 32 23,0 10 5 2 35 22,1 11 6 1 22,1 13 9 1 23,0 10 10 3 41 31 25,0 7 4 4 40 31 29 27,0 12 8 1 26,0 10 9 3 40 29 28,1 14 8 1 28,0 6 5 3 38 37 33,0 7 6 1 30,0 12 6 2 37 34,0 11 7 2 39 37,0 4 4 1 33,0 12 7 1 39,0 5 3 1 38,1 6 6 1 37,0 3 3 1 40,0 9 5 1 42,0 4 2 1 42,1 9 8 1 42,0 5 5 1 42,0 8 5 1 42,1 0 0 0
j400402_10.sm,10,10,1 0 0 4 2 7 13 15,0 10 5 3 11 4 3,0 6 6 4 22 16 9 5,0 7 5 3 22 9 6,0 1 1 2 41 6,1 16 9 4 30 20 14 8,1 13 7 3 14 10 9,0 10 8 3 40 18 10,0 4 4 4 40 38 20 12,0 7 4 3 39 38 12,0 1 1 4 40 39 29 17,0 6 4 2 29 17,0 7 4 2 38 17,0 6 4 4 39 38 29 21,0 9 7 4 41 39 37 21,0 2 1 2 40 19,0 7 4 1 19,0 10 10 1 19,0 11 6 2 37 21,1 8 4 2 37 21,0 1 1 2 36 23,0 10 5 3 41 37 24,0 8 7 2 35 24,0 10 5 3 34 28 25,0 9 9 2 32 26,0 15 8 1 27,1 5 5 1 31,0 9 6 1 33,1 4 4 1 32,1 10 10 1 38,0 11 8 1 42,0 10 8 1 42,0 7 7 1 42,0 8 4 1 42,0 8 6 1 42,1 1 1 1 42,0 12 10 1 42,1 1 1 1 42,0 8 4 1 42,0 14 9 1 42,0 10 9 1 42,1 0 0 0
j400502_1.sm,10,10,1 0 0 4 2 39 40 41,0 7 5 1 3,0 1 1 3 38 37 4,0 16 10 3 36 35 5,1 7 4 4 34 33 32 6,0 6 5 1 7,0 7 5 1 8,0 14 7 5 31 30 29 28 9,0 1 1 2 27 10,0 18 10 2 26 11,0 3 2 2 25 12,0 8 8 2 24 13,0 11 7 1 14,1 9 7 2 23 15,1 2 1 1 16,0 8 6 2 22 17,1 13 10 1 18,0 18 10 1 19,0 18 9 1 20,0 5 5 1 21,1 5 5 1 42,0 8 6 1 42,0 6 4 1 42,0 5 5 1 42,0 3 2 1 42,0 6 6 1 42,0 5 5 1 42,0 11 8 1 42,0 4 3 1 42,0 13 9 1 42,0 8 8 1 42,0 2 1 1 42,0 4 4 1 42,1 9 7 1 42,0 9 8 1 42,0 3 2 1 42,1 15 8 1 42,0 4 3 1 42,0 14 7 1 42,0 10 8 1 42,1 14 9 1 42,1 0 0 0
j400502_2.sm,10,10,1 0 0 2 2 10,1 4 2 2 41 3,0 3 2 2 7 4,0 6 6 4 26 15 11 5,0 6 3 1 6,0 12 10 2 12 8,0 11 10 3 26 13 12,1 2 2 2 33 9,0 6 6 3 34 28 13,0 3 3 1 11,0 13 7 2 19 12,0 11 9 3 35 34 14,0 5 4 3 35 19 14,0 10 5 2 36 16,0 3 3 2 28 16,0 6 6 2 40 17,0 2 2 3 39 38 18,0 18 9 2 37 20,0 16 9 3 36 32 21,0 5 4 2 32 21,1 13 9 2 31 22,0 2 1 1 23,0 6 3 1 24,1 10 6 2 29 25,1 5 3 1 27,1 19 10 1 28,0 16 8 1 30,0 1 1 1 29,0 4 4 1 42,0 6 3 1 42,1 9 8 1 42,0 10 5 1 42,0 6 4 1 42,0 11 9 1 42,0 9 6 1 42,0 6 6 1 42,0 11 8 1 42,0 10 8 1 42,0 15 10 1 42,0 9 5 1 42,1 7 7 1 42,1 0 0 0
j400502_3.sm,10,10,1 0 0 2 2 3,0 13 10 1 4,0 1 1 1 4,0 14 10 2 6 5,0 4 2 4 17 10 9 8,0 6 6 3 10 9 7,0 12 6 1 8,0 9 6 3 13 12 11,0 11 8 2 13 11,0 4 2 2 14 13,1 18 10 2 18 14,1 13 10 2 18 14,0 3 2 2 18 15,0 5 5 1 15,0 7 6 1 16,0 4 2 2 20 19,0 18 10 1 18,0 3 2 2 23 20,0 7 5 3 24 23 22,0 6 6 2 22 21,0 8 6 3 28 26 24,0 12 9 3 28 27 25,1 14 9 2 26 25,1 2 2 1 25,0 3 3 2 31 29,0 5 4 1 27,0 10 6 2 33 30,1 12 9 2 32 31,1 9 7 1 30,0 12 9 2 34 32,1 13 10 2 35 33,0 11 6 2 36 35,0 14 10 2 36 34,0 11 10 2 39 37,0 6 4 2 39 37,0 19 10 3 41 39 38,0 6 6 2 41 38,0 10 9 1 40,0 11 8 1 40,0 8 7 1 42,1 5 5 1 42,1 0 0 0
j400502_4.sm,10,10,1 0 0 2 2 7,0 5 4 2 41 3,0 13 9 1 4,0 13 8 2 16 5,0 13 7 3 13 12 6,0 9 5 3 40 15 8,1 10 6 3 40 26 9,0 9 7 2 26 9,0 7 7 4 23 18 17 10,0 7 4 1 11,0 10 6 2 19 14,0 18 9 3 27 22 17,0 15 10 2 20 19,0 5 4 2 27 20,0 1 1 2 27 19,1 11 6 2 23 19,1 11 9 1 19,1 10 9 1 19,1 9 5 1 21,0 4 2 1 22,0 5 3 1 24,0 4 3 1 24,0 9 9 1 24,1 5 3 1 25,0 6 4 3 39 32 28,0 18 9 1 28,0 10 5 2 32 30,0 5 4 1 29,0 9 6 2 34 30,0 2 1 1 31,1 9 6 3 38 37 33,0 17 9 2 35 34,0 13 10 1 35,0 2 1 1 36,1 4 3 1 42,0 1 1 1 42,0 1 1 1 42,0 1 1 1 42,0 11 10 1 42,0 10 6 1 42,0 3 3 1 42,1 0 0 0
j400502_5.sm,10,10,1 0 0 2 2 10,0 18 9 2 41 3,1 10 6 2 7 4,0 14 7 4 26 14 11 5,0 2 1 1 6,1 8 6 2 12 8,0 4 2 3 26 13 12,0 16 9 2 29 9,0 10 5 3 39 28 13,1 9 6 1 11,1 10 10 2 18 12,0 7 5 3 40 39 15,0 16 9 3 40 18 15,0 8 4 3 39 28 16,0 15 9 2 38 16,0 7 4 2 37 17,0 7 5 3 36 35 19,0 3 2 5 38 35 34 33 21,0 13 9 2 34 20,0 10 5 2 33 21,0 1 1 1 22,0 14 7 2 32 23,1 9 7 1 24,0 5 4 2 30 25,0 14 7 1 27,0 2 2 1 28,0 2 1 1 31,0 14 7 1 30,0 9 5 1 30,0 5 5 1 42,0 1 1 1 42,1 11 6 1 42,0 18 10 1 42,0 8 5 1 42,0 10 5 1 42,0 3 3 1 42,0 3 3 1 42,0 12 9 1 42,1 6 6 1 42,0 15 10 1 42,1 15 9 1 42,1 0 0 0
j400502_6.sm,10,10,1 0 0 2 2 6,0 16 9 1 3,0 14 8 2 5 4,0 4 2 4 23 12 10 8,0 5 3 3 12 10 7,0 1 1 2 10 8,0 10 5 1 8,0 8 5 3 15 14 9,1 2 2 2 24 11,1 9 7 2 24 14,0 6 3 1 13,0 8 4 1 13,1 7 4 3 26 22 16,0 7 5 3 26 22 16,1 15 8 4 26 22 19 17,0 6 5 2 19 17,1 4 3 2 27 18,0 8 4 3 41 29 20,0 8 4 2 29 20,0 10 10 2 32 21,0 10 5 3 34 33 25,0 18 10 3 41 33 25,0 10 8 2 40 26,1 16 8 1 26,0 11 6 2 40 28,0 10 10 2 31 29,0 13 9 2 33 30,0 13 7 1 30,0 11 6 3 39 34 33,0 19 10 2 38 31,0 8 8 2 39 35,1 4 2 3 39 38 37,0 3 2 2 38 36,0 12 6 2 38 36,0 17 10 1 36,0 12 6 1 37,1 15 8 1 42,0 12 8 1 42,0 2 1 1 42,0 9 6 1 42,0 3 2 1 42,1 0 0 0
j400502_7.sm,10,10,1 0 0 3 2 40 41,0 2 2 2 39 3,0 12 9 1 4,0 11 9 2 38 5,1 4 3 3 37 14 6,0 10 7 3 36 18 7,0 8 4 3 35 21 8,0 3 3 2 25 9,0 7 5 2 16 10,1 4 2 2 23 11,1 4 4 2 34 12,0 15 9 1 13,0 11 10 2 33 15,0 12 7 3 35 31 16,0 12 7 2 32 17,0 7 7 3 33 32 20,0 7 7 1 19,0 14 7 1 19,0 5 3 2 31 20,0 5 4 2 29 22,0 6 3 4 31 29 28 26,0 16 9 2 30 24,0 13 9 3 30 29 26,0 6 5 2 28 26,0 16 8 2 32 26,0 15 10 1 27,1 8 8 1 42,1 4 2 1 42,0 17 10 1 42,0 8 6 1 42,0 4 3 1 42,1 13 7 1 42,1 2 2 1 42,0 3 2 1 42,0 3 3 1 42,1 6 3 1 42,0 14 8 1 42,0 9 8 1 42,0 3 3 1 42,0 6 3 1 42,0 16 8 1 42,1 0 0 0
j400502_8.sm,10,10,1 0 0 15 2 28 29 30 31 32 33 34 35 36 37 38 39 40 41,0 19 10 1 3,0 9 9 1 4,0 16 9 2 27 5,0 4 2 2 26 6,0 9 8 3 25 24 7,0 2 2 2 23 8,1 6 5 1 9,0 5 4 1 10,0 6 4 2 22 11,0 9 6 1 12,1 3 2 1 13,0 5 3 1 14,0 3 2 1 15,1 7 6 1 16,0 8 5 1 17,1 6 5 1 18,0 13 10 1 19,0 6 4 1 20,0 16 9 1 21,1 13 7 1 42,0 14 7 1 42,0 13 8 1 42,1 7 7 1 42,0 12 6 1 42,1 18 10 1 42,0 6 4 1 42,0 4 2 1 42,0 8 4 1 42,0 12 7 1 42,0 14 7 1 42,0 2 2 1 42,0 13 7 1 42,0 18 9 1 42,0 6 4 1 42,0 12 10 1 42,0 6 5 1 42,0 12 6 1 42,1 8 4 1 42,0 16 10 1 42,0 5 3 1 42,1 0 0 0
j400502_9.sm,10,10,1 0 0 2 2 3,0 5 3 1 4,1 9 9 1 4,1 16 9 2 6 5,0 10 7 4 14 10 9 7,0 4 4 4 14 10 9 8,1 9 7 1 8,1 11 10 3 13 12 11,1 9 6 2 12 11,0 10 6 2 12 11,0 16 8 2 18 15,0 4 2 2 18 15,1 9 5 2 18 15,0 15 10 2 18 17,0 13 7 1 16,1 7 5 1 17,0 11 6 2 20 19,0 10 9 1 19,0 10 6 3 23 22 21,0 3 3 3 24 23 22,0 14 8 3 28 26 24,0 4 2 3 28 27 25,0 9 6 2 26 25,0 12 6 1 25,0 2 1 2 31 29,0 1 1 1 27,0 8 7 2 32 30,0 11 6 2 33 31,0 10 9 1 30,0 6 5 2 35 33,0 3 2 1 32,0 14 9 3 36 35 34,0 6 4 2 36 34,1 6 5 2 39 37,0 10 6 2 39 37,0 4 3 3 41 39 38,0 6 3 2 41 38,0 6 5 1 40,0 16 9 1 40,0 8 5 1 42,0 5 4 1 42,1 0 0 0
j400502_10.sm,10,10,1 0 0 2 2 5,0 12 6 1 3,0 15 9 2 6 4,0 6 5 4 18 14 11 7,0 15 8 3 18 11 8,0 2 2 4 27 18 13 9,0 6 3 1 8,0 8 5 2 13 9,1 1 1 2 23 10,0 5 3 1 12,0 11 10 1 13,0 18 9 3 26 22 15,0 7 5 3 26 22 15,0 8 4 5 32 26 22 19 16,1 6 3 3 32 19 16,0 15 8 1 17,0 14 10 4 41 36 29 20,0 7 5 5 40 36 32 26 24,1 4 4 2 29 20,1 9 7 2 40 21,0 2 2 2 34 24,0 5 5 2 41 25,0 3 2 2 33 26,1 5 4 1 25,0 11 6 1 28,0 9 5 3 39 34 31,0 5 3 3 39 34 31,0 13 7 2 38 30,0 7 5 2 34 31,0 8 5 2 39 33,0 15 9 2 38 35,1 12 9 1 33,0 2 2 1 35,0 10 7 1 35,0 16 10 1 37,0 11 7 1 38,0 12 8 1 42,0 1 1 1 42,1 12 7 1 42,1 10 7 1 42,0 14 8 1 42,1 0 0 0
j400602_1.sm,10,10,1 0 0 2 2 9,0 10 10 1 3,1 1 1 3 15 14 4,0 17 10 1 5,0 6 3 3 12 8 6,0 9 6 1 7,0 16 8 2 19 10,0 7 5 2 19 10,0 3 2 2 19 11,0 2 2 1 11,0 11 9 1 13,0 2 2 1 13,0 14 10 1 16,0 17 9 1 16,0 14 7 1 16,0 9 5 2 21 17,0 8 5 2 23 18,0 8 4 3 29 25 20,0 2 1 2 25 22,0 16 8 2 27 22,0 2 2 2 27 22,0 18 10 1 24,0 17 10 1 24,0 8 4 1 26,0 1 1 1 27,0 1 1 1 28,0 12 7 1 28,0 15 9 2 41 30,0 1 1 2 41 30,1 13 9 2 36 31,0 3 3 2 39 32,1 5 3 2 40 33,1 12 6 2 38 34,0 10 9 1 35,0 10 9 1 37,0 13 8 1 39,0 7 5 1 42,1 8 8 1 42,1 12 6 1 42,1 7 4 1 42,1 4 4 1 42,1 0 0 0
j400602_2.sm,10,10,1 0 0 9 2 34 35 36 37 38 39 40 41,0 1 1 1 3,0 6 3 1 4,0 2 1 2 33 5,1 4 2 2 32 6,0 12 9 1 7,0 6 3 1 8,1 7 7 2 31 9,0 5 5 2 30 10,0 2 2 2 29 11,0 6 4 2 28 12,0 18 10 1 13,0 11 6 1 14,0 13 8 2 27 15,0 8 4 2 26 16,1 5 5 1 17,1 6 6 1 18,0 8 7 1 19,0 3 3 1 20,0 9 5 1 21,0 13 9 1 22,0 8 5 1 23,0 11 8 1 24,0 16 10 1 25,0 5 3 1 42,1 9 9 1 42,0 8 7 1 42,0 6 5 1 42,0 17 9 1 42,0 2 1 1 42,1 9 6 1 42,0 10 5 1 42,0 4 3 1 42,0 6 6 1 42,1 9 7 1 42,0 8 4 1 42,0 9 9 1 42,0 5 3 1 42,0 7 4 1 42,1 4 4 1 42,0 2 1 1 42,1 0 0 0
j400602_3.sm,10,10,1 0 0 1 2,0 16 9 1 3,0 4 2 1 4,0 11 9 4 16 9 7 5,0 10 5 2 32 6,1 1 1 2 10 8,0 11 6 3 41 32 12,1 8 6 2 41 11,0 3 2 2 12 10,0 8 5 3 41 25 13,0 10 5 1 12,0 11 7 2 25 13,1 5 3 1 14,0 8 5 2 24 15,0 8 7 3 31 29 17,0 2 1 4 31 29 21 18,1 13 8 2 21 18,0 8 5 2 28 19,0 2 2 1 20,0 4 3 3 40 34 22,1 6 3 1 22,0 8 8 2 39 23,0 11 8 1 26,0 18 10 1 26,0 15 9 1 26,0 9 8 1 27,0 9 6 1 30,0 6 4 1 30,1 12 8 1 30,0 14 7 2 38 33,0 9 5 2 38 33,1 13 9 2 38 35,0 9 9 1 35,0 11 7 1 35,0 10 5 1 36,0 16 8 1 37,0 9 7 1 42,0 9 9 1 42,0 9 6 1 42,1 1 1 1 42,0 9 6 1 42,1 0 0 0
j400602_4.sm,10,10,1 0 0 1 2,0 10 10 1 3,0 18 9 1 4,0 7 6 4 21 15 12 5,0 10 8 2 41 6,0 6 4 3 40 11 7,0 8 4 1 8,0 1 1 1 9,0 12 10 2 26 10,0 8 6 2 28 13,0 4 3 2 28 13,0 7 7 2 28 13,0 10 10 1 14,1 10 7 3 39 32 16,1 6 6 2 39 16,0 5 4 2 20 17,0 7 7 2 34 18,0 5 4 1 19,0 6 6 3 38 31 22,0 15 10 1 22,0 4 2 1 22,1 2 1 2 37 23,1 9 9 1 24,0 4 2 1 25,1 9 5 1 27,0 4 4 1 27,0 2 1 2 36 29,0 13 9 1 29,0 12 9 1 30,1 4 3 1 33,1 6 3 1 33,0 20 10 1 33,0 11 8 1 35,0 7 5 1 36,0 5 5 1 42,0 4 3 1 42,1 19 10 1 42,0 7 7 1 42,0 7 5 1 42,0 2 2 1 42,0 14 8 1 42,1 0 0 0
j400602_5.sm,10,10,1 0 0 1 2,0 13 9 2 5 3,0 15 9 2 6 4,0 12 7 1 7,1 13 10 1 6,0 9 6 2 9 8,0 9 7 2 9 8,0 1 1 3 13 11 10,0 5 5 1 10,0 11 6 1 12,0 10 8 1 12,0 16 10 2 16 14,1 4 2 1 14,0 4 4 1 15,0 3 2 1 17,1 13 8 1 17,0 5 5 1 18,0 5 4 1 19,0 5 3 3 22 21 20,0 15 10 3 25 24 23,1 20 10 3 25 24 23,0 5 3 2 24 23,0 15 9 2 28 26,0 6 5 2 28 27,0 14 10 2 28 27,1 10 10 1 27,0 10 6 1 29,1 8 7 1 29,0 15 9 1 30,0 14 7 1 31,0 11 9 3 38 33 32,0 10 9 3 36 35 34,0 16 9 2 36 35,0 7 5 1 37,1 4 2 2 40 39,0 6 3 2 40 39,0 2 2 2 40 39,1 5 3 2 40 39,0 7 4 1 41,0 2 1 1 41,0 8 6 1 42,1 0 0 0
j400602_6.sm,10,10,1 0 0 1 2,0 11 6 1 3,0 9 8 1 4,1 10 6 4 17 8 7 5,0 11 7 2 41 6,0 10 6 2 11 9,1 3 2 3 41 40 12,0 10 5 2 40 12,0 16 9 1 10,0 11 6 1 12,1 17 10 3 40 25 14,0 4 3 2 25 13,0 18 10 1 14,0 3 3 2 24 15,0 19 10 3 39 33 16,0 2 1 2 21 18,0 8 6 2 39 18,0 4 4 2 29 19,0 11 10 1 20,0 7 6 3 38 31 22,1 11 8 1 22,0 9 6 2 37 23,0 9 6 1 26,0 4 3 1 26,0 7 7 1 26,0 2 2 1 27,1 7 7 1 28,0 11 10 2 36 30,0 15 8 2 36 32,0 4 4 1 32,0 16 9 1 32,0 11 7 1 34,0 1 1 1 34,1 4 3 1 35,0 9 7 1 42,1 6 6 1 42,0 1 1 1 42,1 10 6 1 42,0 14 7 1 42,0 14 9 1 42,0 10 5 1 42,1 0 0 0
j400602_7.sm,10,10,1 0 0 2 2 15,0 3 3 1 3,0 15 9 3 16 13 4,0 12 8 1 5,0 2 1 3 11 8 6,0 16 8 1 7,0 4 2 2 19 9,0 18 9 2 19 9,0 6 6 1 10,0 14 8 1 12,0 7 6 1 12,0 3 3 1 14,0 12 6 1 14,0 17 10 4 26 24 21 17,0 12 10 4 26 24 21 17,1 8 8 4 28 26 21 20,1 7 4 1 18,1 12 9 3 31 28 20,0 20 10 2 28 22,0 11 7 1 22,0 10 10 1 22,0 12 6 1 23,0 3 2 1 25,0 3 3 2 41 28,0 7 7 1 27,1 2 1 1 27,0 2 2 2 41 29,1 6 4 1 29,1 6 5 2 39 30,0 11 10 2 40 32,0 10 7 3 39 38 33,0 9 8 2 38 33,0 16 8 2 37 34,0 4 2 1 35,0 5 5 1 36,0 6 6 1 42,1 7 6 1 42,1 8 7 1 42,0 18 9 1 42,0 4 4 1 42,0 17 10 1 42,1 0 0 0
j400602_8.sm,10,10,1 0 0 2 2 7,0 10 6 1 3,1 4 2 3 12 6 4,0 1 1 1 5,1 18 9 3 14 10 8,0 5 5 1 8,0 2 1 1 8,0 14 7 1 9,1 10 6 1 11,0 11 8 1 11,0 11 6 2 18 13,0 1 1 2 18 13,0 10 5 1 15,0 5 3 1 15,0 17 9 1 16,0 15 9 1 17,1 6 3 2 20 19,0 2 1 1 19,0 9 7 3 26 22 21,1 3 2 3 26 25 23,0 3 2 2 25 23,0 17 9 1 23,1 4 4 1 24,0 6 6 1 27,1 6 4 1 28,0 2 2 1 28,0 10 5 1 29,0 10 6 1 29,0 15 8 2 41 30,0 1 1 1 31,0 17 10 2 34 32,0 8 7 3 40 39 33,1 8 4 1 35,0 11 7 3 39 38 37,0 19 10 2 38 36,0 11 7 1 37,0 13 7 1 42,0 18 10 1 42,0 10 6 1 42,0 12 10 1 42,0 4 4 1 42,1 0 0 0
j400602_9.sm,10,10,1 0 0 1 2,0 4 4 1 3,0 5 5 1 4,0 15 9 2 6 5,1 14 9 2 11 7,0 2 2 2 11 8,0 12 6 2 10 9,0 6 6 2 10 9,0 8 6 2 13 12,1 3 2 2 13 12,1 11 6 2 13 12,0 11 8 1 14,1 14 9 1 14,0 5 4 2 20 15,0 6 3 1 16,0 10 7 1 17,0 4 3 2 19 18,0 2 1 3 23 22 21,0 18 10 2 23 21,0 16 9 2 23 21,0 17 10 3 27 25 24,0 16 10 3 27 25 24,0 4 2 3 27 26 24,0 1 1 2 29 28,1 3 2 1 26,1 13 10 1 28,0 5 4 1 28,0 7 6 2 31 30,0 3 3 2 31 30,0 2 2 2 33 32,0 6 3 2 33 32,0 6 3 1 34,0 7 5 1 34,1 11 8 2 36 35,0 6 6 1 37,0 13 7 1 37,0 4 3 2 40 38,0 5 3 1 39,0 4 3 1 41,0 10 7 1 41,1 6 6 1 42,1 0 0 0
j400602_10.sm,10,10,1 0 0 1 2,0 4 2 1 3,0 5 4 2 41 4,0 11 7 3 17 12 5,0 11 9 2 40 6,0 14 10 3 39 11 7,0 6 4 1 8,0 8 7 2 31 9,1 12 8 1 10,0 2 1 2 38 13,0 12 8 1 13,1 4 3 1 13,0 20 10 2 37 14,0 7 6 2 28 15,0 4 4 2 21 16,0 12 8 2 30 18,0 9 6 2 30 18,0 10 9 1 19,0 9 9 3 36 35 20,0 6 5 2 34 22,0 15 9 2 34 22,1 12 9 1 23,1 10 7 1 24,0 5 5 1 25,0 4 3 2 33 26,0 19 10 1 27,1 10 7 1 29,0 1 1 1 29,0 4 2 1 32,1 10 8 1 33,1 19 10 1 32,0 11 6 1 42,0 3 3 1 42,0 11 9 1 42,0 5 5 1 42,0 5 3 1 42,0 4 2 1 42,0 15 10 1 42,0 5 4 1 42,1 18 9 1 42,0 10 9 1 42,1 0 0 0
j400702_1.sm,10,10,1 0 0 7 2 36 37 38 39 40 41,0 18 9 2 35 3,0 15 9 4 34 33 32 4,0 11 9 1 5,0 2 2 1 6,1 18 10 1 7,0 2 2 1 8,0 13 7 1 9,0 15 9 1 10,1 18 9 2 31 11,0 11 10 2 30 12,1 6 5 1 13,0 1 1 1 14,0 8 4 1 15,0 7 7 1 16,0 5 4 1 17,0 18 9 1 18,1 9 8 1 19,0 11 9 1 20,0 2 1 1 21,1 16 9 1 22,0 2 1 1 23,0 2 1 1 24,0 2 1 1 25,0 2 1 1 26,1 16 10 1 27,0 11 6 1 28,0 6 5 1 29,0 13 7 1 42,0 12 6 1 42,0 12 8 1 42,0 12 6 1 42,0 17 9 1 42,1 3 2 1 42,1 14 9 1 42,0 8 4 1 42,0 4 2 1 42,0 9 8 1 42,0 1 1 1 42,0 14 7 1 42,0 10 8 1 42,1 0 0 0
j400702_2.sm,10,10,1 0 0 2 2 7,0 1 1 1 3,0 6 3 1 4,1 13 7 1 5,0 3 3 2 15 6,0 4 2 1 8,0 1 1 1 8,0 1 1 1 9,0 10 8 1 10,0 2 1 2 17 11,0 8 6 1 12,0 5 3 2 33 13,0 4 3 2 41 14,0 6 6 1 16,0 15 10 3 41 40 19,1 7 5 1 18,0 8 5 3 41 33 20,1 2 2 2 40 19,0 1 1 1 20,0 7 5 2 39 21,0 9 5 1 22,1 3 2 2 38 23,0 2 2 4 37 36 29 24,0 16 10 1 25,1 11 8 1 26,0 6 3 1 27,0 8 6 1 28,0 9 6 2 35 30,0 7 4 2 35 32,0 6 3 1 31,1 8 6 1 32,0 14 9 1 34,0 3 3 1 36,0 4 3 1 42,0 1 1 1 42,0 5 5 1 42,0 8 7 1 42,1 5 4 1 42,0 2 2 1 42,1 2 1 1 42,0 2 2 1 42,1 0 0 0
j400702_3.sm,10,10,1 0 0 2 2 7,0 1 1 1 3,0 4 2 1 4,0 7 6 1 5,0 4 2 1 6,1 5 3 1 8,0 6 3 1 8,0 2 1 1 9,0 13 9 2 15 10,0 3 2 2 14 11,0 4 2 1 12,1 7 7 1 13,0 10 10 2 19 16,0 19 10 2 19 16,1 1 1 2 19 16,0 11 8 2 37 17,0 7 7 1 18,0 15 10 2 33 20,0 11 7 2 37 22,0 6 6 1 21,0 2 2 1 22,0 19 10 2 28 23,0 2 2 1 24,0 12 8 2 35 25,0 6 5 3 41 27 26,0 12 7 1 29,0 17 10 2 39 31,1 16 9 2 35 31,0 14 7 1 30,1 5 3 1 31,0 17 9 1 32,0 12 6 2 40 34,1 13 7 2 39 38,0 6 4 1 36,0 17 10 1 36,0 12 10 1 38,0 4 4 1 38,0 13 8 1 42,0 12 10 1 42,1 2 1 1 42,1 1 1 1 42,1 0 0 0
j400702_4.sm,10,10,1 0 0 3 2 40 41,0 3 3 1 3,1 10 8 2 9 4,1 11 10 1 5,1 4 2 2 38 6,0 12 9 1 7,0 12 10 1 8,0 1 1 2 37 10,0 18 10 2 39 11,0 3 3 1 11,0 20 10 1 12,0 8 8 1 13,0 12 8 1 14,0 15 8 1 15,0 14 8 2 36 16,0 4 3 1 17,0 2 1 1 18,0 4 2 1 19,0 11 7 2 35 20,0 7 7 2 34 21,0 8 7 2 33 22,0 8 6 2 32 23,0 10 5 1 24,0 2 2 1 25,0 14 7 2 31 26,1 11 7 1 27,1 3 2 1 28,0 8 7 1 29,0 2 2 1 30,1 16 8 1 42,1 7 4 1 42,0 3 2 1 42,0 20 10 1 42,0 4 3 1 42,0 5 5 1 42,0 14 10 1 42,1 10 7 1 42,0 1 1 1 42,0 16 9 1 42,0 15 8 1 42,0 9 7 1 42,1 0 0 0
j400702_5.sm,10,10,1 0 0 2 2 7,0 2 1 1 3,1 7 7 1 4,0 18 9 1 5,0 1 1 1 6,0 9 9 1 8,0 4 3 1 8,0 5 3 2 14 9,1 11 6 1 10,0 10 9 2 15 11,0 17 9 1 12,0 15 8 1 13,0 7 5 2 19 16,0 13 8 2 19 16,0 6 6 2 19 17,1 5 4 2 41 17,1 7 5 1 18,0 10 6 2 40 20,0 9 9 3 41 30 22,1 1 1 1 21,0 12 10 2 30 22,0 6 3 1 23,1 5 3 1 24,0 10 5 4 39 35 27 25,1 11 9 2 38 26,0 11 10 1 28,0 4 3 2 38 31,0 2 1 1 29,0 11 6 1 31,0 6 6 3 37 35 33,0 2 1 1 32,1 9 6 2 37 33,0 4 3 1 34,0 10 9 1 36,0 2 1 1 36,0 5 4 1 42,0 4 4 1 42,0 11 7 1 42,0 1 1 1 42,0 1 1 1 42,0 1 1 1 42,1 0 0 0
j400702_6.sm,10,10,1 0 0 1 2,1 14 8 1 3,0 15 10 3 10 6 4,1 5 3 2 22 5,0 17 9 2 11 7,0 9 7 2 22 8,0 10 5 1 8,0 12 9 2 25 9,0 1 1 1 12,0 11 6 1 12,0 5 5 2 25 14,0 3 3 1 13,0 12 6 1 14,0 7 7 2 20 15,0 8 4 1 16,0 14 9 1 17,0 6 3 1 18,0 4 4 1 19,0 4 4 1 21,0 3 3 1 21,0 1 1 2 27 23,0 6 6 2 27 23,0 14 9 1 24,0 11 7 1 26,0 10 5 1 26,0 5 4 1 28,0 11 6 1 28,0 2 2 2 41 29,0 2 1 2 35 30,0 4 2 1 31,0 6 5 2 37 32,1 13 8 2 40 33,0 7 5 1 34,0 5 5 2 38 36,1 2 1 2 40 38,0 1 1 1 39,1 3 3 1 40,1 9 6 1 42,1 13 8 1 42,1 18 9 1 42,0 10 5 1 42,1 0 0 0
j400702_7.sm,10,10,1 0 0 6 2 37 38 39 40 41,0 14 8 1 3,0 15 10 4 36 35 34 4,0 16 9 1 5,0 16 8 1 6,1 6 6 2 33 7,1 5 4 1 8,0 10 8 1 9,0 7 7 1 10,0 8 5 2 32 11,0 10 9 2 31 12,0 11 9 1 13,1 10 7 2 30 14,0 8 5 1 15,0 9 8 1 16,0 7 7 1 17,0 15 9 1 18,0 9 6 1 19,0 1 1 1 20,1 16 8 1 21,0 10 5 1 22,0 4 3 1 23,0 14 8 1 24,1 5 3 1 25,0 1 1 1 26,0 11 7 1 27,0 6 4 1 28,1 10 7 1 29,0 10 10 1 42,0 17 10 1 42,0 8 8 1 42,0 10 5 1 42,1 7 5 1 42,0 12 6 1 42,0 7 6 1 42,0 10 6 1 42,0 8 4 1 42,1 6 4 1 42,0 5 4 1 42,0 15 10 1 42,0 11 8 1 42,1 0 0 0
j400702_8.sm,10,10,1 0 0 5 2 16 39 40 41,0 8 4 1 3,1 7 6 2 38 4,0 12 10 2 37 5,1 2 2 1 6,0 1 1 1 7,0 13 9 1 8,0 3 2 1 9,1 9 5 1 10,0 5 4 1 11,0 1 1 2 36 12,1 10 9 1 13,0 9 9 1 14,0 3 3 2 35 15,0 3 3 1 17,0 12 10 1 17,1 10 8 1 18,1 6 5 3 34 33 19,0 5 5 1 20,0 5 3 2 32 21,0 15 10 1 22,0 12 7 1 23,0 5 5 2 31 24,0 3 2 1 25,0 16 10 1 26,0 2 1 1 27,0 9 8 1 28,0 2 1 1 29,0 10 9 1 30,0 7 4 1 42,1 3 2 1 42,0 7 4 1 42,0 15 10 1 42,0 1 1 1 42,0 12 6 1 42,0 14 10 1 42,0 16 9 1 42,0 7 7 1 42,0 3 2 1 42,0 1 1 1 42,1 12 7 1 42,1 0 0 0
j400702_9.sm,10,10,1 0 0 5 2 38 39 40 41,0 9 8 1 3,0 5 5 2 37 4,0 6 4 3 36 35 5,1 3 3 2 34 6,0 17 10 2 33 7,1 16 10 1 8,0 4 3 1 9,0 16 9 1 10,0 5 5 1 11,1 10 10 2 32 12,1 18 10 2 31 13,0 7 6 1 14,0 11 7 2 30 15,1 14 9 1 16,0 12 7 1 17,0 18 9 1 18,1 15 9 1 19,0 15 9 1 20,0 6 5 1 21,1 2 2 1 22,0 5 3 1 23,0 2 2 1 24,0 6 3 1 25,0 4 4 1 26,0 2 1 1 27,0 4 2 1 28,0 3 3 1 29,0 19 10 1 42,0 13 8 1 42,0 11 8 1 42,0 11 8 1 42,1 3 2 1 42,0 9 7 1 42,0 18 9 1 42,0 7 5 1 42,0 1 1 1 42,0 13 7 1 42,0 12 7 1 42,0 1 1 1 42,0 3 2 1 42,1 0 0 0
j400702_10.sm,10,10,1 0 0 2 2 11,1 5 4 1 3,0 12 10 1 4,0 12 6 1 5,0 13 8 2 41 6,1 6 6 1 7,0 7 6 1 8,0 3 3 1 9,0 7 7 3 40 39 10,0 2 2 2 38 12,0 14 7 1 12,0 10 10 1 13,1 14 8 2 37 14,0 5 4 1 15,0 13 9 1 16,0 11 7 1 17,1 1 1 2 36 18,0 6 3 5 35 34 33 32 19,1 14 7 1 20,1 7 6 1 21,0 2 1 1 22,0 7 6 1 23,0 14 7 2 31 24,0 13 9 1 25,1 12 7 1 26,0 17 9 1 27,0 12 7 1 28,0 6 4 1 29,0 12 10 1 30,0 4 3 1 42,0 11 8 1 42,0 9 5 1 42,0 5 3 1 42,0 6 5 1 42,0 12 6 1 42,0 7 6 1 42,1 8 4 1 42,0 14 8 1 42,0 15 8 1 42,0 17 10 1 42,0 9 6 1 42,1 0 0 0
j400802_1.sm,10,10,1 0 0 1 2,0 14 10 2 6 3,0 3 2 1 4,0 4 4 2 19 5,0 14 8 1 7,0 4 2 1 7,0 1 1 1 8,0 6 6 2 12 9,0 6 6 1 10,0 6 5 1 11,1 17 9 1 13,0 3 3 1 13,0 6 5 2 16 14,1 8 8 2 18 15,0 10 6 1 17,0 14 7 1 17,0 12 10 1 20,1 7 6 1 20,0 17 9 1 20,0 10 8 1 21,1 5 4 1 22,0 17 9 1 23,0 5 4 2 26 24,0 4 3 1 25,0 10 8 2 39 27,1 10 5 2 39 27,0 2 2 1 28,1 7 5 1 29,0 7 5 2 41 30,0 15 8 1 31,1 9 6 1 32,0 18 10 1 33,0 3 3 1 34,0 10 10 1 35,0 10 6 1 36,0 5 4 1 37,0 11 8 1 38,0 11 7 1 40,0 3 2 1 41,0 16 8 1 42,1 6 6 1 42,1 0 0 0
j400802_2.sm,10,10,1 0 0 2 2 3,0 12 9 1 4,0 4 2 2 19 6,0 14 10 1 5,0 8 7 2 35 6,0 4 2 1 7,0 9 9 1 8,1 15 9 1 9,0 14 7 2 21 10,1 19 10 1 11,0 11 10 1 12,0 4 2 2 41 13,1 9 5 1 14,0 5 3 1 15,0 14 7 1 16,0 4 3 1 17,1 10 9 1 18,0 1 1 1 20,0 6 6 3 40 35 23,0 1 1 1 22,1 4 2 1 22,0 13 8 2 40 23,0 16 10 1 24,0 12 7 1 25,1 18 9 2 39 26,0 9 6 1 27,0 9 5 1 28,0 7 5 1 29,0 9 9 1 30,1 3 2 2 37 31,1 4 3 1 32,0 5 3 1 33,0 14 8 1 34,0 6 4 1 36,0 11 7 1 36,0 3 2 1 38,0 2 1 1 38,0 16 9 1 42,0 4 2 1 42,0 7 7 1 42,0 13 9 1 42,1 0 0 0
j400802_3.sm,10,10,1 0 0 6 2 37 38 39 40 41,0 6 5 1 3,1 9 6 1 4,0 1 1 1 5,0 10 5 1 6,0 14 8 1 7,0 11 8 1 8,0 6 3 1 9,0 8 6 1 10,0 6 5 1 11,0 5 5 2 36 12,0 9 6 1 13,0 1 1 1 14,0 2 1 2 35 15,0 11 6 2 34 16,0 5 5 1 17,1 13 10 1 18,0 12 9 1 19,0 7 4 1 20,0 12 7 1 21,0 10 8 1 22,1 8 8 1 23,0 19 10 1 24,0 9 9 1 25,0 17 9 1 26,1 7 6 1 27,0 11 9 1 28,0 8 8 1 29,0 15 10 1 30,0 12 6 1 31,0 14 8 1 32,0 4 2 1 33,0 16 9 1 42,0 11 6 1 42,1 15 8 1 42,1 11 7 1 42,1 13 7 1 42,0 3 2 1 42,0 1 1 1 42,1 11 6 1 42,0 5 5 1 42,1 0 0 0
j400802_4.sm,10,10,1 0 0 1 2,0 15 10 2 10 3,0 14 7 1 4,0 11 9 2 41 5,0 10 5 1 6,0 13 7 1 7,0 2 2 2 14 8,0 11 9 2 40 9,0 2 1 1 11,0 10 6 2 40 13,0 4 4 1 12,0 10 5 1 13,0 7 4 2 18 15,0 2 1 2 40 16,0 1 1 1 16,0 7 5 1 17,0 20 10 1 19,0 10 8 1 19,1 4 2 1 20,1 4 4 2 39 21,1 4 4 1 22,0 3 2 1 23,0 16 8 2 38 24,0 2 1 1 25,0 16 10 2 37 26,1 9 5 1 27,0 11 9 1 28,0 15 9 1 29,0 4 4 1 30,1 3 3 1 31,0 4 2 1 32,0 4 4 1 33,0 6 3 1 34,0 12 8 1 35,1 12 8 1 36,0 6 4 1 42,0 3 3 1 42,0 13 10 1 42,1 13 7 1 42,0 6 3 1 42,1 20 10 1 42,1 0 0 0
j400802_5.sm,10,10,1 0 0 6 2 37 38 39 40 41,0 1 1 1 3,0 7 6 1 4,0 17 10 1 5,1 12 8 1 6,0 15 8 1 7,0 4 3 1 8,0 10 10 1 9,0 11 7 2 36 10,0 3 3 1 11,0 3 3 1 12,0 18 10 1 13,0 10 8 2 35 14,0 4 3 1 15,0 6 3 2 34 16,0 2 1 1 17,1 9 7 1 18,1 7 6 1 19,1 9 6 1 20,0 10 5 1 21,0 6 4 1 22,0 20 10 1 23,0 8 8 1 24,0 6 5 1 25,1 13 8 1 26,0 2 1 1 27,0 3 3 1 28,0 6 3 1 29,0 12 6 1 30,1 8 7 1 31,1 6 6 1 32,0 6 6 1 33,0 8 7 1 42,0 8 8 1 42,0 8 6 1 42,0 16 8 1 42,0 4 2 1 42,0 9 5 1 42,0 7 4 1 42,0 10 5 1 42,1 11 6 1 42,1 0 0 0
j400802_6.sm,10,10,1 0 0 2 2 8,0 4 2 2 41 3,0 5 3 1 4,0 10 10 1 5,0 8 6 1 6,0 14 7 1 7,1 19 10 1 9,0 11 9 1 9,0 6 5 2 40 10,0 7 4 1 11,0 11 8 1 12,1 4 4 2 29 13,0 11 7 1 14,0 1 1 1 15,0 6 5 1 16,0 10 9 3 39 38 17,1 3 3 1 18,0 2 1 1 19,0 10 7 2 37 20,1 16 10 1 21,0 11 7 1 22,0 16 10 1 23,0 12 6 1 24,0 3 2 1 25,0 3 3 1 26,1 8 6 1 27,0 2 1 1 28,0 2 1 1 30,0 6 5 1 30,1 6 6 2 36 31,0 2 2 1 32,1 4 2 1 33,0 9 6 1 34,0 3 2 1 35,0 9 8 1 42,0 2 2 1 42,0 4 2 1 42,0 9 9 1 42,0 6 4 1 42,1 1 1 1 42,0 4 2 1 42,1 0 0 0
j400802_7.sm,10,10,1 0 0 2 2 5,0 5 3 1 3,0 11 6 1 4,0 14 10 1 6,0 3 3 1 6,1 7 5 1 7,0 9 8 1 8,1 2 1 1 9,0 3 2 1 10,0 3 2 1 11,1 9 8 3 23 18 12,0 6 3 2 16 13,0 8 5 1 14,0 10 8 1 15,0 10 8 1 17,0 8 8 1 17,0 17 9 1 19,0 16 10 1 19,0 4 2 2 25 20,1 6 3 2 27 21,1 8 4 1 22,1 11 7 1 24,0 3 2 1 25,0 9 5 1 26,0 10 8 1 27,1 15 10 2 34 28,1 8 6 2 34 28,0 2 2 1 29,0 19 10 1 30,0 14 9 1 31,0 15 9 1 32,0 5 3 1 33,0 8 4 1 35,0 16 8 1 35,0 10 5 1 36,0 6 5 1 37,0 18 10 2 41 38,0 5 4 1 39,0 2 1 1 40,0 11 10 1 42,0 2 2 1 42,1 0 0 0
j400802_8.sm,10,10,1 0 0 2 2 5,0 1 1 1 3,0 16 8 1 4,0 7 4 1 6,0 1 1 1 6,0 11 7 1 7,0 3 3 2 16 8,0 12 8 1 9,1 6 6 1 10,0 11 6 1 11,0 2 2 2 13 12,1 8 5 2 20 15,0 12 9 1 14,0 12 7 1 15,1 9 7 1 17,0 1 1 1 17,0 17 10 2 22 18,0 10 6 1 19,0 11 9 1 21,1 12 8 1 21,0 11 10 1 23,0 3 2 1 23,0 18 9 2 27 24,0 2 2 1 25,0 15 9 1 26,0 11 7 1 28,1 11 8 1 28,1 7 6 1 29,0 4 3 1 30,0 18 10 1 31,0 2 1 1 32,0 19 10 1 33,0 8 7 2 39 34,0 4 4 1 35,0 5 3 1 36,0 12 8 1 37,0 7 4 2 40 38,1 5 3 1 41,0 2 2 1 40,1 9 6 1 42,0 1 1 1 42,1 0 0 0
j400802_9.sm,10,10,1 0 0 1 2,0 5 3 2 41 3,0 15 10 1 4,1 7 6 2 40 5,0 11 7 1 6,0 17 9 1 7,0 9 8 2 18 8,0 8 8 2 39 9,0 1 1 1 10,0 7 4 1 11,0 1 1 2 26 12,0 15 8 1 13,0 11 9 1 14,0 14 9 1 15,1 2 2 1 16,0 14 8 2 38 17,0 3 2 1 19,1 5 3 2 39 21,0 12 10 1 20,0 10 6 1 21,0 15 10 2 37 22,0 7 4 1 23,0 3 3 2 36 24,0 8 8 1 25,1 4 2 1 27,0 15 9 1 27,0 8 7 1 28,0 15 10 1 29,1 3 3 1 30,1 9 5 1 31,0 7 4 1 32,0 10 7 1 33,0 9 7 1 34,0 18 10 1 35,0 15 9 1 42,0 7 5 1 42,0 12 8 1 42,1 6 3 1 42,0 9 5 1 42,0 8 6 1 42,1 1 1 1 42,1 0 0 0
j400802_10.sm,10,10,1 0 0 2 2 6,0 5 3 1 3,1 8 8 1 4,0 13 8 1 5,0 18 9 1 7,0 7 4 1 7,0 3 2 1 8,0 11 8 1 9,0 8 5 1 10,0 7 4 2 31 11,0 3 3 2 21 12,0 7 5 2 17 13,1 10 5 1 14,0 6 6 1 15,0 14 8 1 16,0 2 2 1 18,0 11 8 1 18,1 12 10 2 28 19,0 13 8 2 25 20,0 7 4 1 22,0 14 7 2 25 24,1 11 10 1 23,0 8 4 2 35 24,0 12 7 1 26,1 5 3 2 35 29,0 2 2 1 27,0 5 5 1 29,1 14 8 1 29,0 2 2 1 30,0 2 1 1 32,0 9 8 1 32,0 6 4 1 33,1 16 9 1 34,0 9 6 1 36,0 14 9 1 36,0 6 4 1 37,0 9 5 2 41 38,0 13 8 1 39,0 5 4 1 40,1 8 6 1 42,0 10 6 1 42,1 0 0 0
j400902_1.sm,10,10,1 0 0 1 2,0 14 8 1 3,0 12 6 1 4,0 11 8 1 5,0 1 1 1 6,0 2 1 1 7,0 12 6 1 8,0 10 8 1 9,1 8 8 1 10,0 12 6 2 14 11,1 9 7 1 12,0 9 8 1 13,0 20 10 1 15,0 3 2 1 15,1 9 8 2 23 16,1 15 9 1 17,0 9 6 1 18,0 4 2 1 19,0 13 9 1 20,0 7 5 1 21,0 3 2 1 22,0 9 5 1 24,0 7 6 1 24,1 6 6 1 25,1 1 1 2 29 26,0 17 10 1 27,0 1 1 1 28,0 8 4 2 41 30,0 8 6 1 30,0 4 3 1 31,0 7 5 1 32,1 8 7 1 33,0 6 4 1 34,0 14 7 1 35,0 10 9 1 36,0 8 5 1 37,0 6 5 1 38,0 11 10 1 39,0 8 5 1 40,1 1 1 1 42,0 8 5 1 42,1 0 0 0
j400902_2.sm,10,10,1 0 0 3 2 40 41,1 8 6 1 3,0 10 10 1 4,1 13 10 1 5,0 11 6 1 6,0 5 3 1 7,0 3 3 1 8,0 13 9 1 9,1 1 1 2 39 10,1 4 3 1 11,0 9 9 1 12,0 5 4 1 13,0 2 1 1 14,1 12 7 1 15,0 8 5 1 16,0 15 9 2 38 17,0 12 7 1 18,0 18 10 1 19,0 5 5 1 20,0 8 6 1 21,0 5 4 1 22,0 14 10 1 23,0 2 1 1 24,0 14 7 1 25,0 2 2 1 26,0 8 6 1 27,0 8 6 1 28,0 13 9 1 29,0 7 7 1 30,0 8 5 1 31,0 8 4 1 32,1 10 7 1 33,0 1 1 1 34,0 1 1 1 35,0 7 5 1 36,0 13 10 1 37,0 1 1 1 42,1 17 9 1 42,1 10 10 1 42,0 16 8 1 42,0 9 7 1 42,1 0 0 0
j400902_3.sm,10,10,1 0 0 1 2,1 4 4 1 3,0 11 7 2 9 4,0 8 7 1 5,0 6 6 1 6,0 9 6 1 7,0 6 4 1 8,0 15 8 1 10,0 9 9 1 10,0 12 10 1 11,0 8 5 1 12,0 4 2 1 13,1 2 1 1 14,0 5 3 1 15,1 2 1 1 16,0 10 5 1 17,0 6 4 2 32 18,0 12 6 1 19,0 2 2 1 20,1 10 6 2 35 21,0 8 5 2 27 22,0 10 5 1 23,0 4 2 1 24,1 7 4 1 25,0 14 10 1 26,0 12 8 1 28,0 6 5 1 28,1 4 3 1 29,0 6 3 1 30,0 11 8 1 31,0 11 10 1 33,0 9 6 1 33,0 5 3 1 34,0 13 7 1 36,1 4 3 1 36,1 10 10 1 37,0 4 3 1 38,0 6 5 1 39,0 5 4 1 40,0 8 5 1 41,0 11 6 1 42,1 0 0 0
j400902_4.sm,10,10,1 0 0 2 2 41,0 10 8 3 40 39 3,0 2 1 1 4,0 7 4 1 5,0 6 6 2 38 6,1 16 10 1 7,0 9 5 1 8,0 20 10 1 9,0 17 9 1 10,0 13 9 1 11,0 19 10 1 12,0 20 10 1 13,0 15 8 1 14,0 4 2 1 15,1 8 5 1 16,1 2 1 1 17,0 4 2 1 18,0 10 9 1 19,0 3 3 1 20,1 1 1 1 21,0 4 4 1 22,1 5 5 1 23,0 8 4 1 24,0 6 4 1 25,0 13 9 1 26,0 13 10 1 27,0 11 7 1 28,0 10 8 1 29,0 9 5 1 30,0 14 10 1 31,0 6 4 1 32,0 14 8 1 33,0 14 7 1 34,1 5 5 1 35,0 2 2 1 36,1 2 1 1 37,0 4 2 1 42,0 4 4 1 42,1 12 9 1 42,0 6 5 1 42,0 8 7 1 42,1 0 0 0
j400902_5.sm,10,10,1 0 0 1 2,0 15 8 1 3,0 2 1 1 4,1 13 8 1 5,1 4 3 1 6,0 7 6 2 41 7,0 15 8 1 8,1 5 3 1 9,1 12 8 2 40 10,0 6 3 1 11,0 2 1 1 12,0 17 9 1 13,1 10 9 1 14,0 4 4 1 15,0 11 6 1 16,0 1 1 1 17,0 5 3 1 18,1 4 2 1 19,0 5 3 1 20,0 12 9 1 21,0 9 6 1 22,0 6 3 1 23,0 7 4 1 24,0 5 4 1 25,0 9 9 1 26,0 20 10 1 27,0 1 1 1 28,0 7 4 2 39 29,0 2 2 1 30,0 2 1 1 31,1 5 3 1 32,0 1 1 1 33,0 13 7 1 34,0 13 10 2 38 35,0 2 1 1 36,0 6 5 1 37,0 12 8 1 42,0 16 8 1 42,0 9 7 1 42,1 8 4 1 42,0 1 1 1 42,1 0 0 0
j400902_6.sm,10,10,1 0 0 1 2,0 15 8 1 3,0 4 2 2 11 4,0 4 3 1 5,0 7 4 1 6,0 4 4 1 7,0 12 8 1 8,0 14 9 1 9,0 3 3 1 10,0 6 6 1 12,0 19 10 1 12,0 2 2 1 13,0 2 2 1 14,0 15 9 1 15,0 2 1 2 41 16,0 6 3 1 17,0 8 6 1 18,1 6 6 1 19,0 16 9 1 20,0 6 5 2 40 21,1 5 5 2 34 22,0 5 3 1 23,0 16 10 1 24,0 5 4 1 25,1 10 8 1 26,0 8 5 1 27,0 11 8 1 28,1 17 10 1 29,1 11 6 1 30,1 5 5 1 31,0 19 10 1 32,0 16 9 1 33,0 9 8 1 35,0 2 1 1 35,0 15 9 1 36,1 2 2 1 37,0 5 3 1 38,1 11 8 1 39,0 2 1 1 42,0 2 2 1 42,0 18 9 1 42,1 0 0 0
j400902_7.sm,10,10,1 0 0 1 2,0 7 5 1 3,0 9 5 1 4,0 4 2 1 5,1 11 10 1 6,0 18 9 1 7,0 2 1 1 8,0 14 7 1 9,0 16 9 1 10,0 9 9 1 11,1 15 9 1 12,0 18 9 1 13,1 16 8 1 14,0 5 3 1 15,0 11 8 1 16,0 14 10 2 19 17,0 7 4 1 18,0 20 10 1 20,0 1 1 1 20,0 5 3 1 21,0 2 1 1 22,0 5 4 2 25 23,0 7 5 1 24,0 5 3 1 26,0 4 3 1 26,0 9 5 1 27,0 8 4 1 28,1 14 7 1 29,1 16 9 1 30,0 1 1 1 31,1 5 3 1 32,0 11 6 1 33,0 3 3 1 34,0 1 1 2 38 35,0 20 10 2 37 36,1 1 1 1 39,1 8 4 1 39,0 6 3 1 39,0 9 7 1 40,0 4 2 1 41,0 6 3 1 42,1 0 0 0
j400902_8.sm,10,10,1 0 0 2 2 41,0 10 7 1 3,0 14 7 1 4,0 18 9 1 5,1 12 8 1 6,1 10 5 1 7,1 6 4 1 8,0 10 9 1 9,0 13 10 1 10,0 9 9 1 11,0 5 5 1 12,0 5 5 1 13,0 3 3 1 14,0 6 3 1 15,0 20 10 2 40 16,0 15 8 1 17,0 12 9 2 31 18,0 20 10 1 19,0 2 2 1 20,0 5 3 1 21,0 16 8 1 22,0 1 1 1 23,0 7 4 1 24,0 4 3 1 25,1 2 1 1 26,1 2 1 1 27,0 3 3 1 28,0 2 2 1 29,0 8 7 1 30,1 14 10 1 32,0 6 4 1 32,0 4 3 2 39 33,0 16 8 1 34,0 17 9 1 35,0 9 9 1 36,0 14 8 1 37,1 11 7 1 38,0 6 4 1 42,0 14 10 1 42,0 5 3 1 42,1 13 7 1 42,1 0 0 0
j400902_9.sm,10,10,1 0 0 2 2 3,0 3 3 2 24 4,0 4 4 2 24 5,0 4 2 1 5,1 15 8 1 6,0 7 4 1 7,1 2 2 1 8,0 3 2 1 9,0 5 5 1 10,0 13 10 1 11,0 1 1 1 12,0 13 9 1 13,0 11 8 1 14,0 15 9 1 15,0 11 7 1 16,1 14 8 1 17,0 18 9 1 18,0 18 10 1 19,0 4 4 2 26 20,0 1 1 1 21,0 10 9 1 22,0 11 7 1 23,0 3 2 1 25,0 2 1 1 25,0 2 1 1 27,0 3 3 1 27,0 6 3 1 28,0 10 10 1 29,0 2 2 1 30,0 5 4 2 34 31,1 9 7 1 32,0 9 6 1 33,1 3 2 1 35,0 2 2 1 35,1 11 8 1 36,1 10 5 1 37,0 12 10 1 38,0 5 3 1 39,1 1 1 1 40,0 2 1 1 41,0 6 5 1 42,1 0 0 0
j400902_10.sm,10,10,1 0 0 1 2,0 14 9 1 3,1 10 10 1 4,0 7 4 1 5,1 17 10 2 41 6,0 2 2 1 7,0 8 6 1 8,0 6 4 2 40 9,0 5 3 1 10,0 15 10 1 11,0 4 3 2 39 12,0 11 6 1 13,0 3 2 1 14,0 12 8 1 15,0 12 6 2 38 16,0 3 2 1 17,1 2 1 1 18,0 11 10 1 19,0 14 9 1 20,0 9 7 1 21,0 11 9 1 22,0 18 10 1 23,1 14 10 1 24,0 6 3 1 25,0 2 1 1 26,0 4 3 1 27,0 8 5 1 28,1 5 4 1 29,0 11 10 1 30,0 5 4 1 31,0 6 3 1 32,0 2 1 1 33,0 13 10 1 34,0 10 6 1 35,1 2 1 1 36,0 4 2 1 37,0 6 6 1 42,1 6 3 1 42,0 16 8 1 42,1 13 8 1 42,0 6 5 1 42,1 0 0 0
j401002_1.sm,10,10,1 0 0 1 2,0 9 6 1 3,0 9 9 1 4,0 2 1 1 5,0 8 8 1 6,0 7 4 1 7,0 17 9 1 8,0 3 3 1 9,0 8 5 1 10,0 9 5 1 11,0 11 6 1 12,1 3 3 1 13,0 8 8 1 14,1 6 4 1 15,0 3 3 1 16,1 12 8 1 17,0 7 7 1 18,0 13 8 1 19,0 16 9 1 20,0 2 1 1 21,0 11 8 1 22,0 6 6 1 23,0 4 3 1 24,1 14 7 1 25,0 5 3 1 26,0 4 3 1 27,0 4 3 1 28,0 12 7 1 29,0 10 7 1 30,1 8 4 1 31,0 9 5 1 32,1 13 10 1 33,0 8 5 1 34,1 8 7 1 35,0 18 10 1 36,0 4 2 1 37,0 11 6 1 38,0 4 3 1 39,0 2 2 1 40,1 6 4 1 41,0 11 6 1 42,1 0 0 0
j401002_2.sm,10,10,1 0 0 1 2,0 11 6 1 3,0 11 9 1 4,0 2 1 1 5,0 8 8 1 6,0 8 4 1 7,0 15 9 1 8,1 5 3 1 9,0 5 5 1 10,0 9 5 1 11,1 7 6 1 12,1 6 3 1 13,1 15 8 1 14,0 8 4 1 15,0 5 3 1 16,1 16 8 1 17,0 14 7 1 18,0 13 8 1 19,0 16 9 1 20,0 2 1 1 21,0 11 8 1 22,0 12 6 1 23,0 6 3 1 24,0 9 7 1 25,0 5 3 1 26,0 6 3 1 27,0 6 3 1 28,1 10 7 1 29,0 9 7 1 30,0 5 4 1 31,0 8 5 1 32,0 15 10 1 33,0 8 5 1 34,0 7 7 1 35,0 12 10 1 36,1 2 2 1 37,0 7 6 1 38,0 6 3 1 39,0 4 2 1 40,0 6 4 1 41,1 10 6 1 42,1 0 0 0
j401002_3.sm,10,10,1 0 0 1 2,0 8 6 1 3,1 18 9 1 4,1 2 1 1 5,0 10 8 1 6,0 8 4 1 7,0 18 9 1 8,0 3 3 1 9,0 8 5 1 10,0 8 5 1 11,1 11 6 1 12,0 5 3 1 13,0 13 8 1 14,1 5 4 1 15,0 3 3 1 16,0 16 8 1 17,0 7 7 1 18,1 12 8 1 19,0 10 9 1 20,0 2 1 1 21,0 8 8 1 22,0 8 6 1 23,0 4 3 1 24,0 10 7 1 25,0 5 3 1 26,0 3 3 1 27,0 5 3 1 28,1 11 7 1 29,1 13 7 1 30,0 8 4 1 31,0 8 5 1 32,0 13 10 1 33,0 6 5 1 34,1 8 7 1 35,0 10 10 1 36,0 4 2 1 37,0 9 6 1 38,0 5 3 1 39,0 2 2 1 40,0 5 4 1 41,0 6 6 1 42,1 0 0 0
j401002_4.sm,10,10,1 0 0 1 2,0 10 6 1 3,1 16 9 1 4,0 1 1 1 5,0 14 8 1 6,0 5 4 1 7,0 16 9 1 8,1 3 3 1 9,0 6 5 1 10,0 5 5 1 11,0 8 6 1 12,0 6 3 1 13,0 11 8 1 14,0 4 4 1 15,0 6 3 1 16,0 15 8 1 17,1 8 7 1 18,0 8 8 1 19,0 16 9 1 20,0 2 1 1 21,0 8 8 1 22,0 11 6 1 23,0 6 3 1 24,0 8 7 1 25,0 5 3 1 26,0 5 3 1 27,0 3 3 1 28,0 10 7 1 29,0 12 7 1 30,0 5 4 1 31,1 8 5 1 32,1 16 10 1 33,0 8 5 1 34,0 13 7 1 35,1 13 10 1 36,1 2 2 1 37,0 6 6 1 38,0 4 3 1 39,0 3 2 1 40,1 4 4 1 41,0 11 6 1 42,1 0 0 0
j401002_5.sm,10,10,1 0 0 1 2,0 12 6 1 3,0 17 9 1 4,0 1 1 1 5,0 9 8 1 6,0 4 4 1 7,0 11 9 1 8,0 5 3 1 9,1 6 5 1 10,0 6 5 1 11,1 10 6 1 12,0 5 3 1 13,0 10 8 1 14,0 5 4 1 15,1 4 3 1 16,0 16 8 1 17,1 11 7 1 18,0 16 8 1 19,0 15 9 1 20,0 1 1 1 21,0 14 8 1 22,0 8 6 1 23,0 5 3 1 24,0 12 7 1 25,0 5 3 1 26,0 4 3 1 27,0 3 3 1 28,0 9 7 1 29,1 10 7 1 30,0 5 4 1 31,1 5 5 1 32,0 15 10 1 33,0 7 5 1 34,1 11 7 1 35,0 11 10 1 36,0 4 2 1 37,0 7 6 1 38,1 6 3 1 39,0 2 2 1 40,0 6 4 1 41,0 10 6 1 42,1 0 0 0
j401002_6.sm,10,10,1 0 0 1 2,0 10 6 1 3,0 16 9 1 4,0 2 1 1 5,1 11 8 1 6,0 6 4 1 7,1 16 9 1 8,0 4 3 1 9,0 7 5 1 10,0 5 5 1 11,1 8 6 1 12,0 4 3 1 13,0 8 8 1 14,1 5 4 1 15,0 3 3 1 16,0 9 8 1 17,0 7 7 1 18,0 14 8 1 19,1 9 9 1 20,0 2 1 1 21,0 13 8 1 22,0 12 6 1 23,0 4 3 1 24,0 7 7 1 25,1 4 3 1 26,0 5 3 1 27,0 4 3 1 28,0 8 7 1 29,1 13 7 1 30,0 6 4 1 31,0 10 5 1 32,0 19 10 1 33,0 9 5 1 34,0 14 7 1 35,0 11 10 1 36,0 2 2 1 37,1 9 6 1 38,0 5 3 1 39,0 3 2 1 40,0 7 4 1 41,0 9 6 1 42,1 0 0 0
j401002_7.sm,10,10,1 0 0 1 2,1 9 6 1 3,0 9 9 1 4,1 2 1 1 5,0 8 8 1 6,1 4 4 1 7,0 9 9 1 8,0 5 3 1 9,0 6 5 1 10,1 7 5 1 11,0 7 6 1 12,0 4 3 1 13,0 15 8 1 14,0 7 4 1 15,0 5 3 1 16,0 9 8 1 17,0 14 7 1 18,0 10 8 1 19,1 13 9 1 20,0 2 1 1 21,1 14 8 1 22,1 12 6 1 23,0 4 3 1 24,0 11 7 1 25,0 4 3 1 26,0 4 3 1 27,0 5 3 1 28,0 10 7 1 29,0 11 7 1 30,0 4 4 1 31,0 10 5 1 32,0 18 10 1 33,0 10 5 1 34,0 10 7 1 35,0 19 10 1 36,0 3 2 1 37,0 10 6 1 38,0 6 3 1 39,0 4 2 1 40,0 4 4 1 41,1 9 6 1 42,1 0 0 0
j401002_8.sm,10,10,1 0 0 1 2,1 6 6 1 3,1 14 9 1 4,0 2 1 1 5,0 8 8 1 6,0 8 4 1 7,0 14 9 1 8,1 3 3 1 9,1 8 5 1 10,1 10 5 1 11,1 11 6 1 12,0 6 3 1 13,0 13 8 1 14,0 8 4 1 15,0 6 3 1 16,0 15 8 1 17,0 10 7 1 18,0 14 8 1 19,0 18 9 1 20,0 2 1 1 21,0 16 8 1 22,0 8 6 1 23,1 5 3 1 24,0 7 7 1 25,1 4 3 1 26,0 3 3 1 27,0 5 3 1 28,0 8 7 1 29,0 9 7 1 30,0 4 4 1 31,0 10 5 1 32,0 20 10 1 33,0 7 5 1 34,0 9 7 1 35,0 13 10 1 36,0 3 2 1 37,0 8 6 1 38,0 5 3 1 39,0 3 2 1 40,0 6 4 1 41,0 10 6 1 42,1 0 0 0
j401002_9.sm,10,10,1 0 0 1 2,0 10 6 1 3,0 11 9 1 4,0 2 1 1 5,1 13 8 1 6,0 6 4 1 7,0 16 9 1 8,0 6 3 1 9,0 8 5 1 10,0 5 5 1 11,0 8 6 1 12,1 3 3 1 13,0 11 8 1 14,1 8 4 1 15,0 3 3 1 16,0 13 8 1 17,0 14 7 1 18,1 9 8 1 19,0 9 9 1 20,0 1 1 1 21,0 16 8 1 22,0 8 6 1 23,0 4 3 1 24,0 11 7 1 25,0 5 3 1 26,0 4 3 1 27,0 6 3 1 28,0 10 7 1 29,0 10 7 1 30,0 6 4 1 31,0 9 5 1 32,1 15 10 1 33,0 9 5 1 34,1 13 7 1 35,0 15 10 1 36,0 2 2 1 37,0 12 6 1 38,0 3 3 1 39,1 3 2 1 40,0 6 4 1 41,1 9 6 1 42,1 0 0 0
j401002_10.sm,10,10,1 0 0 1 2,0 7 6 1 3,1 9 9 1 4,0 1 1 1 5,0 14 8 1 6,0 4 4 1 7,0 13 9 1 8,0 3 3 1 9,0 5 5 1 10,1 9 5 1 11,0 7 6 1 12,0 3 3 1 13,0 13 8 1 14,0 8 4 1 15,0 3 3 1 16,1 11 8 1 17,0 7 7 1 18,1 14 8 1 19,0 11 9 1 20,0 1 1 1 21,0 13 8 1 22,0 10 6 1 23,1 5 3 1 24,1 9 7 1 25,0 3 3 1 26,0 4 3 1 27,0 4 3 1 28,1 12 7 1 29,0 14 7 1 30,0 7 4 1 31,1 6 5 1 32,0 12 10 1 33,0 8 5 1 34,0 14 7 1 35,0 15 10 1 36,0 3 2 1 37,0 11 6 1 38,0 6 3 1 39,0 4 2 1 40,0 6 4 1 41,0 8 6 1 42,1 0 0 0
j200103_1.sm,8,8,1 0 0 13 2 3 4 5 6 14 15 16 17 18 19 20 21,0 17 10 3 13 9 8,0 6 3 2 12 9,0 14 9 2 11 7,0 10 7 2 8 7,1 15 8 1 10,0 4 4 1 22,0 4 2 1 22,0 1 1 1 22,0 12 6 1 22,0 10 5 1 22,1 11 6 1 22,1 5 5 1 22,0 6 3 1 22,0 17 9 1 22,1 4 2 1 22,0 4 3 1 22,1 9 8 1 22,0 7 6 1 22,0 1 1 1 22,1 4 2 1 22,1 0 0 0
j200103_2.sm,8,8,1 0 0 6 2 3 4 5 6 7,0 8 7 11 20 18 17 16 15 14 13 12 11 9 8,1 11 8 11 21 20 17 16 15 14 13 12 10 9 8,0 7 5 11 20 19 18 15 14 13 12 11 10 9 8,1 11 8 11 21 19 18 17 15 14 13 11 10 9 8,0 4 2 10 18 16 15 14 13 12 11 10 9 8,0 1 1 8 19 17 16 12 11 10 9 8,0 4 2 1 22,0 9 6 1 22,1 14 7 1 22,1 16 8 1 22,1 13 9 1 22,0 15 8 1 22,0 4 3 1 22,0 2 2 1 22,0 2 1 1 22,0 13 7 1 22,0 13 9 1 22,0 16 10 1 22,1 10 5 1 22,0 12 7 1 22,1 0 0 0
j200103_3.sm,8,8,1 0 0 14 2 3 4 5 6 7 8 9 10 17 18 19 20 21,0 2 2 3 16 14 11,0 8 6 2 15 13,1 10 6 1 11,0 10 9 1 11,1 4 2 1 14,0 14 9 1 13,0 9 5 1 12,0 1 1 1 12,1 11 6 1 11,1 11 6 1 22,0 3 2 1 22,0 7 5 1 22,0 10 5 1 22,0 10 7 1 22,1 5 3 1 22,1 5 5 1 22,0 7 7 1 22,0 2 1 1 22,0 16 8 1 22,0 7 7 1 22,1 0 0 0
j200103_4.sm,8,8,1 0 0 8 2 3 4 5 18 19 20 21,0 10 9 9 17 16 15 11 10 9 8 7 6,0 4 4 6 14 13 11 8 7 6,1 18 10 3 10 8 7,0 5 4 3 12 9 6,1 5 3 1 22,1 4 3 1 22,0 14 8 1 22,0 6 3 1 22,1 11 7 1 22,0 8 5 1 22,0 12 10 1 22,0 4 3 1 22,0 9 9 1 22,0 10 7 1 22,0 9 5 1 22,1 15 8 1 22,1 2 1 1 22,0 10 6 1 22,0 5 5 1 22,0 18 10 1 22,1 0 0 0
j200103_5.sm,8,8,1 0 0 13 2 3 11 12 13 14 15 16 17 18 19 20 21,1 16 8 5 10 9 8 7 4,0 20 10 3 6 5 4,1 13 9 1 22,1 6 6 1 22,0 14 8 1 22,0 6 4 1 22,0 4 4 1 22,0 2 1 1 22,0 15 10 1 22,0 7 6 1 22,0 3 3 1 22,0 11 7 1 22,0 16 10 1 22,1 14 7 1 22,1 8 6 1 22,0 7 4 1 22,1 8 7 1 22,0 6 4 1 22,0 8 6 1 22,0 12 9 1 22,1 0 0 0
j200103_6.sm,8,8,1 0 0 14 2 3 4 5 6 13 14 15 16 17 18 19 20 21,0 16 8 3 12 11 9,1 9 8 2 9 8,1 12 9 2 8 7,0 3 3 1 10,0 12 6 1 7,0 3 2 1 22,0 9 7 1 22,0 11 7 1 22,0 11 7 1 22,1 8 5 1 22,0 5 4 1 22,0 11 9 1 22,1 11 9 1 22,1 13 8 1 22,0 16 8 1 22,0 8 5 1 22,0 8 8 1 22,0 12 7 1 22,0 16 9 1 22,1 14 9 1 22,1 0 0 0
j200103_7.sm,8,8,1 0 0 16 2 3 4 5 10 11 12 13 14 15 16 17 18 19 20 21,1 13 7 2 9 6,1 1 1 1 8,0 9 5 1 7,0 11 6 1 6,0 9 8 1 22,0 15 10 1 22,1 2 2 1 22,0 8 4 1 22,0 4 2 1 22,0 11 8 1 22,0 7 5 1 22,0 5 4 1 22,1 4 3 1 22,1 16 10 1 22,0 18 10 1 22,0 3 3 1 22,0 13 9 1 22,1 5 5 1 22,0 10 10 1 22,0 7 6 1 22,1 0 0 0
j200103_8.sm,8,8,1 0 0 10 2 3 4 5 6 7 8 9 10 21,0 9 5 7 20 19 17 14 13 12 11,0 4 3 6 18 16 15 14 12 11,0 13 9 5 16 15 14 12 11,0 6 6 4 14 13 12 11,0 6 3 3 17 13 12,1 7 4 3 16 13 11,1 8 6 2 15 12,0 16 10 1 13,0 5 3 1 11,1 14 10 1 22,0 8 7 1 22,1 12 6 1 22,0 12 9 1 22,0 9 6 1 22,0 12 6 1 22,0 2 2 1 22,0 6 6 1 22,1 13 8 1 22,1 9 9 1 22,0 10 5 1 22,1 0 0 0
j200103_9.sm,8,8,1 0 0 15 2 3 4 5 6 7 13 14 15 16 17 18 19 20 21,0 6 6 1 12,0 9 8 1 11,1 11 6 1 10,0 12 6 1 9,1 5 3 1 8,0 9 7 1 8,1 2 2 1 22,0 7 7 1 22,1 11 10 1 22,1 16 8 1 22,0 6 4 1 22,0 11 9 1 22,0 13 7 1 22,0 1 1 1 22,0 5 3 1 22,1 12 7 1 22,0 8 6 1 22,0 1 1 1 22,0 8 6 1 22,0 15 10 1 22,1 0 0 0
j200103_10.sm,8,8,1 0 0 11 2 3 4 5 6 7 8 18 19 20 21,1 1 1 5 17 16 12 11 10,0 9 5 4 15 12 11 9,0 18 9 3 12 11 10,1 5 5 3 14 10 9,0 9 5 1 13,1 1 1 1 9,0 1 1 1 9,0 3 2 1 22,0 4 3 1 22,0 16 10 1 22,1 3 3 1 22,0 9 8 1 22,1 4 4 1 22,0 11 10 1 22,0 10 10 1 22,0 15 8 1 22,0 10 5 1 22,0 6 4 1 22,1 3 3 1 22,0 14 7 1 22,1 0 0 0
j200203_1.sm,8,8,1 0 0 10 2 3 4 5 6 7 8 9 11 21,0 11 9 5 16 15 13 12 10,0 9 7 4 20 17 16 13,0 17 9 3 13 12 10,0 10 6 3 20 13 10,1 15 9 3 19 14 13,0 4 4 2 15 14,0 15 8 2 14 10,1 2 2 2 19 13,0 1 1 2 19 18,0 2 2 2 19 18,0 18 9 1 14,1 1 1 1 18,0 15 8 1 18,0 7 4 1 19,0 15 8 1 19,0 10 10 1 18,1 3 2 1 22,1 14 10 1 22,1 4 2 1 22,0 1 1 1 22,1 0 0 0
j200203_2.sm,8,8,1 0 0 7 2 3 4 5 6 7 8,0 7 5 3 12 11 9,1 10 5 3 13 10 9,0 3 2 4 21 14 13 10,1 9 6 3 21 11 10,0 14 10 4 21 20 14 11,0 8 6 3 14 13 10,0 7 6 2 13 9,1 12 6 6 21 20 19 18 16 14,1 10 7 4 20 17 15 12,0 11 8 4 19 18 17 13,0 9 9 3 19 18 16,0 7 4 2 16 15,1 16 8 2 17 15,0 1 1 1 22,0 12 6 1 22,0 18 10 1 22,0 7 5 1 22,1 1 1 1 22,0 3 2 1 22,0 5 3 1 22,1 0 0 0
j200203_3.sm,8,8,1 0 0 12 2 3 6 7 8 15 16 17 18 19 20 21,1 9 9 3 14 13 4,0 4 2 2 12 11,1 1 1 1 5,0 12 8 1 10,0 14 7 1 9,0 2 1 1 9,1 4 3 1 9,0 3 3 1 22,0 2 1 1 22,0 11 8 1 22,1 4 2 1 22,1 2 1 1 22,0 14 8 1 22,1 7 4 1 22,0 14 10 1 22,0 19 10 1 22,0 16 9 1 22,0 12 10 1 22,0 16 10 1 22,0 5 5 1 22,1 0 0 0
j200203_4.sm,8,8,1 0 0 9 2 4 5 6 7 8 9 10 11,0 13 9 4 15 14 12 3,0 7 4 5 21 20 17 16 13,1 3 2 5 21 20 19 17 14,0 5 3 5 21 19 17 16 12,1 12 9 4 21 20 14 13,1 9 8 4 21 19 14 12,1 15 10 4 21 19 14 12,0 10 7 3 20 19 14,0 8 6 3 19 17 14,0 10 7 2 17 14,0 4 2 2 20 18,0 8 7 2 19 18,0 14 8 1 16,0 3 2 1 16,0 4 4 1 18,1 8 4 1 18,1 9 6 1 22,0 4 3 1 22,0 13 8 1 22,0 2 1 1 22,1 0 0 0
j200203_5.sm,8,8,1 0 0 5 2 3 5 7 10,1 9 7 6 15 14 12 8 6 4,1 3 3 3 12 11 4,1 11 7 6 21 20 19 18 16 13,0 10 7 2 14 9,0 8 5 4 19 18 17 16,0 10 6 4 20 18 17 16,0 7 7 2 18 11,0 11 6 2 16 13,0 8 6 2 19 13,0 11 10 2 19 16,0 7 7 2 17 16,1 13 7 1 17,0 17 10 1 18,0 4 4 1 18,0 3 2 1 22,0 11 8 1 22,0 8 5 1 22,1 17 9 1 22,0 7 7 1 22,1 3 2 1 22,1 0 0 0
j200203_6.sm,8,8,1 0 0 7 2 3 4 5 6 7 11,0 15 8 5 20 18 16 14 10,0 2 1 5 19 18 16 14 12,0 2 1 4 20 16 14 9,1 1 1 3 21 18 8,0 15 8 5 17 16 15 14 13,0 2 1 4 19 16 14 13,0 9 9 2 17 12,0 5 3 2 17 15,1 6 5 2 15 13,0 6 5 2 15 14,0 3 2 1 13,0 14 8 1 22,1 2 1 1 22,1 1 1 1 22,1 1 1 1 22,0 2 1 1 22,1 1 1 1 22,0 8 7 1 22,0 1 1 1 22,0 3 2 1 22,1 0 0 0
j200203_7.sm,8,8,1 0 0 7 2 3 4 5 6 7 8,1 11 9 3 11 10 9,1 2 1 3 11 10 9,0 20 10 3 11 10 9,0 14 7 3 11 10 9,0 7 7 2 11 9,0 9 5 2 10 9,0 7 6 2 13 10,1 5 5 4 21 14 13 12,0 5 5 3 21 14 12,0 3 3 3 21 13 12,0 1 1 6 20 19 18 17 16 15,0 6 3 6 20 19 18 17 16 15,0 4 2 6 20 19 18 17 16 15,1 12 6 1 22,0 16 10 1 22,0 3 3 1 22,1 17 10 1 22,1 9 5 1 22,0 8 7 1 22,0 14 7 1 22,1 0 0 0
j200203_8.sm,8,8,1 0 0 3 2 3 4,0 16 9 8 21 20 19 12 10 9 8 5,1 1 1 5 20 19 17 7 6,0 9 6 4 19 18 13 7,0 6 4 6 18 17 16 15 13 11,0 2 1 4 18 16 14 12,1 17 9 3 12 11 10,0 10 6 3 17 16 11,0 10 6 3 17 16 15,0 13 7 2 15 14,0 10 5 1 14,0 7 6 1 15,0 16 10 1 14,0 4 3 1 22,0 13 9 1 22,0 11 10 1 22,1 6 3 1 22,0 12 10 1 22,1 9 8 1 22,1 6 4 1 22,1 6 3 1 22,1 0 0 0
j200203_9.sm,8,8,1 0 0 7 2 3 4 5 6 7 9,1 6 4 5 17 16 14 12 8,0 7 4 4 17 16 14 8,1 10 10 5 16 15 14 13 11,1 1 1 3 16 13 10,0 8 5 2 14 8,1 17 10 3 13 12 11,0 7 7 3 15 13 11,0 10 6 2 12 11,0 10 8 3 19 15 11,0 4 3 3 21 20 18,1 16 8 2 19 15,0 16 8 2 19 18,0 13 8 2 19 18,0 10 7 1 18,0 14 10 1 18,0 10 6 1 18,0 2 1 1 22,0 4 3 1 22,0 13 9 1 22,1 4 2 1 22,1 0 0 0
j200203_10.sm,8,8,1 0 0 10 2 3 4 6 9 17 18 19 20 21,0 6 4 5 16 15 13 10 5,1 4 2 3 14 11 7,0 6 6 3 13 11 10,0 2 1 2 11 8,0 8 5 1 7,0 15 10 1 10,0 7 7 1 12,0 2 1 1 10,0 8 4 1 22,1 2 1 1 22,1 9 8 1 22,0 9 6 1 22,0 8 4 1 22,0 11 7 1 22,0 13 7 1 22,1 5 4 1 22,0 12 8 1 22,1 8 8 1 22,1 3 2 1 22,0 14 9 1 22,1 0 0 0
j200303_1.sm,8,8,1 0 0 14 2 9 10 11 12 13 14 15 16 17 18 19 20 21,0 1 1 1 3,0 9 8 2 8 4,0 13 10 1 5,1 6 3 1 6,1 2 2 1 7,0 2 1 1 22,0 4 4 1 22,0 7 7 1 22,0 10 8 1 22,0 4 2 1 22,1 13 8 1 22,1 6 3 1 22,0 5 3 1 22,0 1 1 1 22,1 6 4 1 22,0 18 10 1 22,0 8 5 1 22,0 13 7 1 22,1 6 5 1 22,0 4 2 1 22,1 0 0 0
j200303_2.sm,8,8,1 0 0 7 2 4 5 7 8 17 18,1 2 1 2 16 3,0 16 8 4 15 11 10 6,0 11 8 3 16 15 6,0 8 8 3 15 10 6,1 19 10 4 21 14 13 9,0 4 2 3 16 13 9,0 9 5 1 9,1 1 1 1 12,0 19 10 1 12,1 8 8 1 12,0 6 5 1 19,0 3 2 1 20,0 5 4 1 20,1 5 5 1 19,0 9 5 1 19,0 8 5 1 20,0 8 5 1 19,0 10 5 1 22,1 16 8 1 22,0 1 1 1 22,1 0 0 0
j200303_3.sm,8,8,1 0 0 4 2 4 7 13,1 17 9 2 6 3,0 5 4 4 21 12 8 5,0 9 7 7 21 20 19 18 16 15 10,0 9 6 6 20 19 18 17 16 9,0 6 4 5 19 18 16 15 14,1 9 5 4 17 16 15 14,1 18 9 3 17 15 11,0 12 7 2 15 11,0 8 7 1 11,0 8 5 1 14,1 17 9 1 14,1 8 5 1 15,0 5 4 1 22,1 11 6 1 22,0 11 10 1 22,0 3 2 1 22,0 12 9 1 22,0 2 2 1 22,0 3 3 1 22,0 15 8 1 22,1 0 0 0
j200303_4.sm,8,8,1 0 0 6 2 5 6 7 9 10,0 5 3 2 4 3,0 9 6 8 21 20 19 18 17 14 13 12,0 14 9 3 21 13 8,0 1 1 6 20 19 18 17 16 12,1 10 8 3 17 13 11,0 10 5 4 17 16 13 12,1 4 2 2 18 11,1 7 4 2 19 11,0 11 6 1 11,1 2 2 2 16 12,0 18 10 1 15,0 7 6 1 15,0 2 2 1 16,0 5 5 1 22,0 17 10 1 22,0 8 7 1 22,0 4 2 1 22,0 11 6 1 22,1 2 1 1 22,1 12 6 1 22,1 0 0 0
j200303_5.sm,8,8,1 0 0 8 2 4 5 6 8 9 12 13,0 14 7 4 20 18 16 3,1 11 9 4 21 17 15 7,0 10 6 4 18 17 15 14,1 8 6 4 18 17 15 14,1 16 9 3 16 15 11,0 8 7 2 19 10,0 9 8 3 20 16 14,0 5 4 2 16 14,0 5 4 1 11,0 12 6 1 14,0 4 2 1 15,1 15 9 1 15,1 2 2 1 22,0 3 3 1 22,0 4 4 1 22,0 9 8 1 22,1 5 3 1 22,0 11 7 1 22,0 1 1 1 22,0 17 10 1 22,1 0 0 0
j200303_6.sm,8,8,1 0 0 10 2 5 8 9 16 17 18 19 20 21,1 2 2 1 3,0 4 2 3 15 11 4,0 2 2 4 14 13 12 6,1 14 8 2 12 6,0 3 3 1 7,0 8 7 1 10,1 10 5 1 11,1 13 10 1 11,0 10 6 1 22,0 3 2 1 22,0 14 8 1 22,0 13 8 1 22,0 8 5 1 22,0 12 9 1 22,1 9 6 1 22,0 3 3 1 22,1 4 2 1 22,0 10 8 1 22,0 10 9 1 22,0 8 5 1 22,1 0 0 0
j200303_7.sm,8,8,1 0 0 2 2 3,1 12 8 3 8 5 4,0 12 8 3 9 8 6,0 11 10 3 11 9 6,1 8 5 2 9 7,0 17 10 4 18 13 12 7,1 16 10 4 20 19 14 10,0 12 10 3 16 14 11,0 13 10 5 18 15 14 13 12,1 14 7 3 17 16 15,0 4 2 3 21 13 12,0 6 6 1 22,1 3 2 1 22,0 8 6 1 22,0 5 4 1 22,0 6 3 1 22,0 5 5 1 22,0 1 1 1 22,0 6 6 1 22,0 2 2 1 22,1 7 4 1 22,1 0 0 0
j200303_8.sm,8,8,1 0 0 8 2 4 6 7 8 11 12 13,0 19 10 5 21 20 16 15 3,0 15 10 2 17 5,0 4 2 3 16 15 10,0 5 3 2 18 9,0 7 7 3 20 16 14,0 15 9 3 19 17 15,0 10 8 3 19 15 14,0 8 4 1 10,0 12 9 1 14,0 17 10 1 16,0 7 5 1 15,0 1 1 1 15,1 18 9 1 22,1 1 1 1 22,1 2 2 1 22,1 3 3 1 22,0 9 9 1 22,1 10 5 1 22,0 12 8 1 22,1 5 4 1 22,1 0 0 0
j200303_9.sm,8,8,1 0 0 4 2 3 4 5,0 6 3 3 9 8 6,0 6 3 3 8 7 6,0 2 1 2 8 6,0 2 1 3 12 11 9,0 6 4 3 12 11 10,0 10 7 2 11 10,1 7 7 2 14 10,1 18 10 1 10,1 20 10 3 16 15 13,1 17 10 3 16 14 13,0 15 10 2 17 14,1 4 3 3 21 19 18,0 6 4 3 21 20 19,0 17 9 2 20 17,0 7 6 2 19 18,0 1 1 1 18,0 3 3 1 22,1 9 5 1 22,0 9 5 1 22,0 2 1 1 22,1 0 0 0
j200303_10.sm,8,8,1 0 0 11 2 3 6 8 10 16 17 18 19 20 21,0 1 1 3 15 13 4,0 9 6 2 14 7,1 2 2 1 5,1 3 2 1 7,0 10 9 1 7,1 19 10 2 12 9,0 10 9 2 12 11,0 7 7 1 11,0 13 9 1 13,0 15 10 1 22,0 14 9 1 22,1 13 8 1 22,0 7 4 1 22,1 11 9 1 22,0 9 8 1 22,0 9 5 1 22,1 2 1 1 22,0 6 3 1 22,0 4 2 1 22,0 11 10 1 22,1 0 0 0
j200403_1.sm,8,8,1 0 0 3 2 3 4,0 13 9 2 9 5,0 9 9 2 9 5,0 7 4 2 16 6,0 8 6 1 6,0 5 4 2 10 7,1 9 9 4 21 13 12 8,0 6 4 3 20 19 11,1 2 1 3 20 17 12,0 7 5 3 21 19 14,0 2 1 2 15 14,0 7 7 1 15,1 1 1 1 14,1 17 10 1 17,0 10 7 1 18,1 13 8 1 17,0 6 3 1 22,0 7 6 1 22,0 10 5 1 22,1 5 3 1 22,0 7 5 1 22,1 0 0 0
j200403_2.sm,8,8,1 0 0 3 2 4 5,0 8 7 1 3,0 2 2 4 17 10 8 6,0 12 9 3 16 9 7,1 5 3 2 10 6,0 4 3 2 16 9,0 1 1 3 21 11 10,0 15 9 4 16 15 13 12,1 13 8 3 21 15 11,1 12 7 3 20 15 14,0 4 3 2 18 12,1 12 6 2 20 14,1 1 1 2 19 18,0 9 9 1 19,0 1 1 1 18,0 4 3 1 18,1 9 9 1 18,0 6 3 1 22,0 5 3 1 22,0 20 10 1 22,0 3 2 1 22,1 0 0 0
j200403_3.sm,8,8,1 0 0 3 2 12 13,1 8 6 2 5 3,0 1 1 2 7 4,1 12 6 3 9 8 6,0 4 2 2 8 6,0 6 3 2 16 10,1 10 6 2 16 11,0 5 3 1 10,0 10 6 5 21 20 17 16 14,1 7 6 1 11,1 2 1 5 21 20 18 15 14,0 8 4 3 20 19 18,0 5 3 1 16,0 9 7 1 19,0 17 9 1 19,1 9 8 1 18,0 3 2 1 18,0 6 3 1 22,0 3 3 1 22,0 8 7 1 22,0 8 8 1 22,1 0 0 0
j200403_4.sm,8,8,1 0 0 5 2 3 6 12 14,0 4 2 2 11 5,0 12 8 2 8 4,0 10 7 3 11 9 7,0 12 9 2 8 7,0 14 7 3 11 10 9,0 6 3 2 15 10,1 10 8 1 9,0 13 8 2 15 13,1 13 10 1 13,0 8 6 1 13,0 11 8 1 13,1 6 4 3 18 17 16,1 6 5 2 18 17,0 11 8 1 16,0 18 10 2 21 19,0 7 7 2 21 19,1 3 3 2 21 20,1 2 1 1 20,0 9 6 1 22,0 10 9 1 22,1 0 0 0
j200403_5.sm,8,8,1 0 0 6 2 5 13 19 20 21,0 11 6 2 10 3,0 11 8 4 18 17 8 4,1 1 1 3 16 15 6,0 9 5 2 12 9,0 6 4 1 7,0 5 4 1 9,0 10 9 1 9,0 8 5 1 11,1 2 2 1 11,0 10 7 1 14,0 10 7 1 14,0 7 7 1 15,0 10 6 1 22,0 4 4 1 22,0 2 1 1 22,0 6 3 1 22,1 18 10 1 22,1 10 7 1 22,1 4 2 1 22,1 4 2 1 22,1 0 0 0
j200403_6.sm,8,8,1 0 0 3 2 3 5,0 2 1 2 9 4,0 2 2 4 21 13 11 7,0 4 3 1 6,0 8 5 1 6,0 8 6 3 13 11 7,0 5 5 3 19 14 8,0 18 9 4 20 18 17 10,1 11 6 3 18 13 12,1 8 7 2 16 12,0 3 2 2 19 17,0 12 9 1 15,0 10 7 1 15,0 14 8 1 16,0 7 4 1 22,1 9 9 1 22,1 4 4 1 22,0 6 6 1 22,0 14 8 1 22,1 8 5 1 22,1 12 6 1 22,1 0 0 0
j200403_7.sm,8,8,1 0 0 4 2 3 4 5,0 4 3 3 8 7 6,0 13 8 2 8 6,0 2 1 2 8 6,0 2 2 3 10 9 8,1 18 9 3 11 10 9,0 7 5 2 10 9,0 16 8 2 12 11,1 10 9 2 13 12,0 10 8 3 16 14 13,0 6 5 3 16 14 13,1 5 4 2 16 14,1 1 1 1 15,1 9 8 3 21 18 17,0 14 8 3 21 18 17,1 8 4 2 21 18,0 15 10 1 19,0 11 10 1 20,0 7 7 1 20,0 4 3 1 22,0 4 2 1 22,1 0 0 0
j200403_8.sm,8,8,1 0 0 6 2 6 12 19 20 21,1 12 10 3 18 11 3,0 1 1 4 16 14 8 4,0 1 1 2 15 5,0 15 8 1 7,0 4 2 2 17 10,0 7 4 1 9,1 13 7 1 9,0 3 2 1 10,0 15 10 1 13,0 5 3 1 13,1 4 2 1 14,0 14 7 1 22,0 2 2 1 22,0 9 5 1 22,0 10 9 1 22,0 10 5 1 22,1 3 3 1 22,0 10 5 1 22,1 12 8 1 22,1 12 8 1 22,1 0 0 0
j200403_9.sm,8,8,1 0 0 3 2 3 5,0 10 6 2 6 4,1 1 1 2 6 4,1 4 3 4 11 9 8 7,0 17 9 1 6,0 11 9 3 11 9 7,1 2 2 2 12 10,0 14 7 2 12 10,1 13 10 2 14 12,0 11 7 3 16 14 13,0 3 2 3 16 14 13,1 14 7 3 19 16 13,1 3 3 1 15,0 11 9 3 21 19 17,0 9 9 2 18 17,0 6 3 2 18 17,0 2 2 1 20,0 6 4 1 21,0 16 9 1 20,0 4 3 1 22,0 10 9 1 22,1 0 0 0
j200403_10.sm,8,8,1 0 0 5 2 5 6 8 9,1 6 3 4 20 14 13 3,1 5 4 2 21 4,0 12 8 3 18 17 7,0 5 5 3 20 19 7,0 8 5 4 18 17 13 11,0 2 2 1 10,0 16 10 3 18 17 13,0 11 7 3 16 13 12,1 3 3 1 11,0 7 7 2 16 12,0 2 1 1 15,1 8 4 1 15,0 8 7 1 19,0 18 9 1 22,1 9 8 1 22,0 2 1 1 22,1 5 3 1 22,0 16 8 1 22,0 9 7 1 22,0 8 7 1 22,1 0 0 0
j200503_1.sm,8,8,1 0 0 2 2 21,0 8 8 1 3,0 5 4 2 20 4,0 10 10 2 12 5,0 3 3 3 19 9 6,0 10 10 2 17 7,1 16 9 1 8,0 14 7 3 16 15 10,1 16 8 2 15 10,0 4 3 2 14 11,0 9 7 1 13,1 7 7 1 18,1 13 7 1 22,0 7 6 1 22,0 13 8 1 22,1 11 10 1 22,0 1 1 1 22,1 12 6 1 22,0 4 4 1 22,0 11 6 1 22,0 9 7 1 22,1 0 0 0
j200503_2.sm,8,8,1 0 0 1 2,0 2 1 1 3,1 7 5 2 5 4,0 14 8 2 8 6,0 6 5 1 6,0 1 1 2 9 7,0 11 6 3 12 11 10,0 11 10 2 10 9,0 9 9 3 15 14 13,0 5 4 2 14 13,1 4 3 2 15 14,0 13 10 1 13,0 10 7 2 18 16,0 15 10 2 18 16,1 10 5 3 21 20 18,1 4 4 2 21 17,0 9 6 2 20 19,0 3 2 1 19,1 2 2 1 22,0 11 6 1 22,1 8 6 1 22,1 0 0 0
j200503_3.sm,8,8,1 0 0 5 2 6 7 9 21,0 16 9 3 12 11 3,1 7 6 2 17 4,0 1 1 1 5,0 7 5 2 14 8,0 2 2 2 20 11,0 9 8 2 17 13,0 8 6 1 10,0 2 1 1 10,0 2 1 2 19 13,0 8 6 2 19 13,0 7 4 1 13,0 5 4 1 15,0 15 8 2 20 19,1 1 1 1 16,0 3 3 1 18,1 2 1 1 19,1 12 6 1 22,1 9 7 1 22,0 1 1 1 22,1 8 5 1 22,1 0 0 0
j200503_4.sm,8,8,1 0 0 3 2 5 8,0 4 2 2 10 3,0 14 8 2 21 4,0 2 2 2 11 6,0 2 2 4 17 16 12 10,1 13 10 2 20 7,0 12 10 2 16 9,1 7 7 2 10 9,0 2 2 3 19 14 12,1 7 5 2 19 14,0 14 10 1 12,0 19 10 1 13,0 6 3 1 15,0 17 10 1 15,1 4 4 1 18,1 14 9 1 19,0 11 7 1 20,0 8 4 1 22,0 1 1 1 22,0 6 4 1 22,1 19 10 1 22,1 0 0 0
j200503_5.sm,8,8,1 0 0 3 2 5 9,0 9 8 2 12 3,1 5 5 2 21 4,0 8 8 3 20 10 6,1 7 7 4 17 16 12 11,0 13 10 2 14 7,1 7 6 2 16 8,1 1 1 2 19 11,0 7 7 2 14 11,0 13 8 1 11,1 10 10 1 13,0 12 7 1 14,0 12 6 1 15,0 12 10 1 15,0 13 8 1 18,0 4 3 1 19,0 2 1 1 20,0 1 1 1 22,0 17 9 1 22,0 8 8 1 22,1 10 5 1 22,1 0 0 0
j200503_6.sm,8,8,1 0 0 3 2 4 6,0 3 3 1 3,1 20 10 2 7 5,1 13 9 2 11 7,1 12 8 2 11 8,0 2 1 2 11 8,0 9 7 1 8,0 11 8 1 9,0 3 2 2 15 10,0 9 7 2 13 12,0 10 8 3 17 14 13,0 2 1 3 17 16 14,0 12 8 2 18 16,1 5 3 2 20 18,0 5 4 2 21 18,0 10 6 2 21 20,0 18 10 2 20 19,0 7 4 1 19,1 10 8 1 22,0 8 7 1 22,1 1 1 1 22,1 0 0 0
j200503_7.sm,8,8,1 0 0 1 2,0 6 4 1 3,1 13 9 2 5 4,1 13 7 1 6,0 6 4 1 6,0 2 2 1 7,0 12 9 2 9 8,1 9 9 2 12 10,1 5 4 1 10,0 18 10 4 15 14 13 11,1 13 10 5 21 20 18 17 16,0 3 3 5 21 20 18 17 16,1 10 8 4 21 20 17 16,0 16 9 4 20 18 17 16,0 2 2 2 21 20,0 2 2 1 19,0 5 3 1 19,0 11 6 1 19,0 12 7 1 22,0 4 3 1 22,0 3 2 1 22,1 0 0 0
j200503_8.sm,8,8,1 0 0 2 2 3,1 7 6 2 6 5,0 15 10 2 8 4,1 8 8 1 5,1 14 9 3 15 11 7,0 14 7 2 9 8,0 16 10 2 13 9,1 14 10 2 15 11,0 12 6 1 10,0 2 2 2 14 12,0 13 7 2 14 12,0 9 6 3 18 17 16,0 2 1 3 21 17 16,0 8 4 2 21 19,0 17 10 1 16,0 11 7 1 19,0 7 7 1 19,0 11 8 1 19,1 8 4 1 20,1 3 3 1 22,0 6 5 1 22,1 0 0 0
j200503_9.sm,8,8,1 0 0 5 2 18 19 20 21,1 2 1 4 17 16 15 3,1 16 9 1 4,0 8 4 3 14 13 5,0 7 6 1 6,1 7 6 2 12 7,0 1 1 1 8,0 8 8 1 9,0 2 1 1 10,0 15 9 1 11,1 2 1 1 22,0 8 5 1 22,1 8 7 1 22,0 7 6 1 22,1 13 8 1 22,0 2 1 1 22,0 4 2 1 22,0 15 10 1 22,0 12 8 1 22,0 2 1 1 22,0 8 7 1 22,1 0 0 0
j200503_10.sm,8,8,1 0 0 2 2 3,0 8 7 4 10 9 8 4,1 1 1 4 10 9 7 6,0 8 4 1 5,0 3 2 2 12 7,0 5 3 2 12 8,0 6 3 2 15 11,0 6 3 2 15 11,0 7 6 2 15 11,0 13 9 2 12 11,1 8 6 2 14 13,0 8 8 1 13,0 6 4 1 16,0 1 1 1 16,1 9 6 1 16,0 1 1 2 19 17,1 13 9 2 20 18,1 18 10 1 21,0 12 7 1 20,1 2 1 1 22,0 1 1 1 22,1 0 0 0
j200603_1.sm,8,8,1 0 0 2 2 4,1 8 7 1 3,0 3 2 3 9 7 5,0 8 6 2 7 5,0 4 2 2 8 6,0 12 6 2 12 10,0 5 3 1 8,1 4 3 1 10,0 2 2 1 10,0 9 5 1 11,1 18 9 1 13,0 11 6 1 13,1 7 6 2 16 14,1 9 5 1 15,0 6 4 3 20 19 17,0 10 6 3 20 19 17,0 11 8 1 18,0 1 1 1 21,0 10 9 1 21,1 11 10 1 21,0 6 5 1 22,1 0 0 0
j200603_2.sm,8,8,1 0 0 2 2 4,0 6 5 2 11 3,0 14 7 3 10 8 5,1 12 6 1 5,0 1 1 1 6,0 1 1 2 13 7,0 14 7 2 17 9,0 14 9 2 17 9,0 4 2 1 12,0 1 1 1 12,1 12 9 1 12,1 6 3 1 14,1 2 1 1 14,0 9 9 1 15,1 12 8 3 21 20 16,0 8 6 1 18,0 5 5 1 18,0 3 2 1 19,1 8 4 1 22,0 13 8 1 22,0 4 3 1 22,1 0 0 0
j200603_3.sm,8,8,1 0 0 6 2 8 11 13 20 21,1 13 7 2 19 3,0 6 3 2 18 4,1 11 10 1 5,0 15 8 1 6,0 19 10 2 17 7,1 12 7 1 9,1 1 1 1 9,1 15 9 1 10,0 18 9 1 12,0 7 7 1 12,1 12 7 1 14,0 8 7 1 14,0 6 4 1 15,0 16 9 1 16,0 7 7 1 22,0 4 2 1 22,0 2 2 1 22,0 2 2 1 22,0 3 3 1 22,0 11 9 1 22,1 0 0 0
j200603_4.sm,8,8,1 0 0 2 2 4,0 17 10 2 11 3,0 2 2 3 15 7 5,0 1 1 1 5,0 13 7 1 6,0 6 5 3 18 13 8,0 5 5 2 18 9,0 20 10 1 9,0 14 8 1 10,0 4 2 1 12,1 2 1 1 12,1 12 8 2 21 14,0 15 8 2 21 14,1 4 4 2 20 16,0 12 7 1 16,1 6 6 1 17,1 2 2 1 19,0 6 4 1 19,1 9 5 1 22,0 6 3 1 22,0 9 9 1 22,1 0 0 0
j200603_5.sm,8,8,1 0 0 1 2,0 14 10 1 3,0 6 6 3 7 6 4,0 11 10 2 9 5,0 3 2 3 12 10 8,0 11 8 3 12 9 8,0 15 10 2 12 11,1 11 8 1 11,1 8 7 1 11,0 12 6 1 11,0 10 10 1 13,0 18 9 1 13,1 15 8 2 15 14,0 10 5 2 17 16,0 2 2 2 18 17,1 16 10 2 20 18,1 12 10 2 20 19,0 7 4 1 19,1 2 1 1 21,0 11 9 1 21,0 5 4 1 22,1 0 0 0
j200603_6.sm,8,8,1 0 0 2 2 5,1 7 4 2 18 3,0 9 5 3 13 10 4,0 9 5 2 15 6,1 5 4 2 15 8,0 3 2 1 7,0 2 1 1 8,0 8 4 1 9,0 8 5 3 17 14 11,0 7 5 2 17 12,0 12 7 1 12,0 4 2 2 21 16,0 14 7 2 21 17,0 10 6 2 21 19,0 8 5 2 21 19,0 8 4 1 19,1 1 1 1 19,0 9 6 1 19,1 1 1 1 20,1 4 3 1 22,1 9 9 1 22,1 0 0 0
j200603_7.sm,8,8,1 0 0 4 2 4 20 21,0 7 7 1 3,1 10 5 3 19 18 5,1 5 3 1 5,0 3 2 1 6,0 1 1 3 17 16 7,0 10 6 1 8,0 8 4 2 15 9,0 8 8 1 10,0 8 6 1 11,0 4 2 1 12,0 1 1 1 13,0 12 7 1 14,0 6 5 1 22,1 5 4 1 22,1 11 8 1 22,1 1 1 1 22,0 6 5 1 22,1 5 5 1 22,0 7 6 1 22,0 16 10 1 22,1 0 0 0
j200603_8.sm,8,8,1 0 0 1 2,0 16 9 2 5 3,0 14 10 2 9 4,1 4 4 2 7 6,0 6 3 2 8 6,1 18 10 2 15 10,0 8 5 1 8,0 10 9 1 10,0 11 8 1 10,1 15 8 1 11,1 9 6 3 18 14 12,0 17 9 2 16 13,0 15 8 1 17,1 16 8 1 16,0 7 7 1 16,1 16 10 1 19,0 13 9 1 19,0 16 8 1 19,0 12 8 2 21 20,0 15 9 1 22,0 7 5 1 22,1 0 0 0
j200603_9.sm,8,8,1 0 0 2 2 3,0 6 3 3 12 6 5,0 14 7 2 12 4,1 16 9 1 5,0 11 6 1 7,1 15 10 1 7,0 10 7 1 8,0 17 10 2 11 9,1 2 1 3 15 14 10,0 5 5 2 19 16,0 10 7 2 17 13,0 5 4 1 15,0 3 2 2 19 18,0 6 5 2 19 18,1 4 3 1 17,0 5 3 1 17,0 7 5 1 18,0 7 5 1 20,0 1 1 1 20,1 4 4 1 21,1 8 5 1 22,1 0 0 0
j200603_10.sm,8,8,1 0 0 3 2 9 21,0 10 8 2 17 3,0 6 4 2 10 4,0 14 10 2 20 5,0 4 4 1 6,0 7 6 1 7,0 7 4 1 8,0 11 8 3 16 13 11,0 3 3 2 20 11,1 6 5 3 19 16 14,1 7 6 2 19 12,1 8 4 1 14,0 7 6 2 19 18,0 3 2 1 15,0 14 8 1 18,1 9 6 1 18,0 3 3 1 18,1 9 6 1 22,0 5 3 1 22,0 14 9 1 22,1 1 1 1 22,1 0 0 0
j200703_1.sm,8,8,1 0 0 1 2,0 14 7 2 5 3,0 11 6 1 4,1 13 10 1 6,0 5 4 1 6,1 7 5 2 10 7,0 7 6 1 8,0 14 7 1 9,0 3 3 2 17 11,1 15 10 1 11,0 6 3 1 12,1 9 5 1 13,0 16 9 3 16 15 14,0 13 8 2 20 18,0 11 9 2 20 18,0 10 9 1 18,0 8 4 1 18,0 7 7 1 19,1 7 4 1 21,0 4 2 1 21,1 13 10 1 22,1 0 0 0
j200703_2.sm,8,8,1 0 0 2 2 6,0 13 7 1 3,1 10 7 2 12 4,0 4 3 1 5,0 7 5 1 7,0 8 7 1 7,0 6 3 1 8,0 9 9 1 9,0 4 2 2 16 10,0 7 5 2 19 11,1 9 8 1 13,0 2 1 1 13,1 16 9 3 21 18 14,1 7 4 1 15,0 19 10 1 17,1 8 7 1 17,0 2 2 1 20,1 7 7 1 20,0 1 1 1 20,0 3 2 1 22,0 7 4 1 22,1 0 0 0
j200703_3.sm,8,8,1 0 0 2 2 5,1 6 4 1 3,0 1 1 1 4,0 6 6 1 6,0 2 1 1 6,0 7 7 1 7,0 12 6 1 8,0 2 2 1 9,1 18 9 2 12 10,0 5 4 2 13 11,0 6 5 1 14,0 11 9 1 13,0 3 2 2 18 15,0 16 9 2 18 15,1 2 1 1 16,0 8 4 2 19 17,0 10 7 2 21 20,1 10 8 2 21 20,1 1 1 1 20,0 8 4 1 22,1 2 1 1 22,1 0 0 0
j200703_4.sm,8,8,1 0 0 3 2 20 21,0 4 4 1 3,0 3 2 1 4,0 5 5 1 5,0 15 9 2 19 6,1 2 2 2 18 7,0 14 10 1 8,0 10 7 1 9,0 7 7 2 17 10,0 10 10 2 16 11,1 11 9 1 12,0 15 8 1 13,1 8 5 1 14,1 10 10 1 15,1 7 5 1 22,1 11 10 1 22,0 2 2 1 22,0 2 1 1 22,0 3 3 1 22,0 14 8 1 22,0 9 5 1 22,1 0 0 0
j200703_5.sm,8,8,1 0 0 1 2,1 10 5 1 3,1 15 8 2 9 4,0 10 5 2 6 5,1 10 6 3 14 13 7,1 12 7 2 13 10,0 10 5 1 8,0 12 6 1 10,0 14 8 3 17 14 12,0 18 10 1 11,0 16 8 2 17 12,1 1 1 2 21 15,0 2 2 2 21 15,0 1 1 2 21 16,0 11 6 1 16,0 9 5 1 18,0 18 10 1 18,1 6 5 1 19,0 3 3 1 20,0 9 8 1 22,0 9 9 1 22,1 0 0 0
j200703_6.sm,8,8,1 0 0 2 2 5,1 10 8 2 8 3,0 17 10 1 4,0 2 1 1 6,0 18 9 1 6,1 2 1 1 7,0 10 6 2 13 9,0 4 3 1 9,0 5 5 1 10,1 2 1 1 11,1 15 10 2 16 12,1 9 9 1 14,0 12 6 1 14,0 6 3 1 15,0 1 1 2 19 17,0 12 6 2 19 18,0 2 1 2 20 18,0 2 2 1 21,1 6 6 1 20,0 1 1 1 22,0 17 9 1 22,1 0 0 0
j200703_7.sm,8,8,1 0 0 2 2 4,0 12 7 1 3,1 9 8 1 5,0 2 1 1 5,1 14 9 1 6,0 9 6 2 8 7,0 1 1 3 13 11 9,1 8 6 2 13 10,1 10 7 1 10,0 6 4 2 17 12,0 7 7 1 12,1 1 1 1 14,0 2 1 1 14,0 6 3 1 15,0 10 9 1 16,0 6 6 2 20 18,0 4 2 2 20 18,0 2 1 1 19,0 12 7 1 21,1 2 1 1 21,0 17 9 1 22,1 0 0 0
j200703_8.sm,8,8,1 0 0 2 2 4,0 1 1 1 3,1 11 6 2 10 5,1 14 7 2 10 6,1 2 1 1 6,0 5 4 1 7,0 9 5 2 9 8,1 14 7 2 19 11,0 16 10 2 19 12,1 1 1 2 19 12,0 4 4 1 12,0 10 7 1 13,0 2 2 1 14,0 18 9 3 21 17 15,0 13 7 1 16,0 19 10 1 18,0 3 2 1 18,1 9 6 1 20,0 4 4 1 21,0 2 1 1 22,0 11 8 1 22,1 0 0 0
j200703_9.sm,8,8,1 0 0 3 2 20 21,1 5 5 1 3,1 5 4 2 19 4,0 1 1 2 18 5,1 4 4 1 6,0 4 4 2 17 7,0 6 5 1 8,0 13 7 1 9,0 2 2 2 16 10,0 7 5 1 11,0 7 4 1 12,0 12 7 1 13,1 2 1 1 14,1 10 8 1 15,1 14 8 1 22,0 19 10 1 22,0 4 3 1 22,0 13 7 1 22,0 9 9 1 22,0 13 9 1 22,0 18 10 1 22,1 0 0 0
j200703_10.sm,8,8,1 0 0 2 2 13,0 2 1 1 3,1 12 6 1 4,0 5 4 1 5,0 17 10 2 21 6,0 11 7 2 20 7,0 10 5 2 18 8,0 16 8 2 19 9,0 5 3 1 10,1 4 2 2 17 11,0 6 5 1 12,1 2 2 1 14,0 17 10 2 18 16,1 3 3 1 15,0 14 7 1 16,1 5 3 1 22,0 3 2 1 22,0 6 5 1 22,1 13 9 1 22,0 9 9 1 22,0 17 10 1 22,1 0 0 0
j200803_1.sm,8,8,1 0 0 3 2 3 9,0 7 4 1 4,0 6 4 2 7 6,1 9 8 1 5,1 14 8 1 6,1 18 10 1 8,0 6 6 1 8,0 10 9 1 10,0 5 5 1 10,0 17 10 1 11,0 1 1 1 12,0 4 3 2 18 13,1 10 9 1 14,0 2 2 1 15,0 1 1 1 16,0 2 2 1 17,1 20 10 1 19,0 4 2 1 19,1 10 5 1 20,0 12 9 1 21,0 17 9 1 22,1 0 0 0
j200803_2.sm,8,8,1 0 0 1 2,0 5 5 2 13 3,0 11 6 1 4,0 4 3 1 5,0 8 4 1 6,0 6 3 2 12 7,1 7 5 1 8,0 8 4 2 20 9,1 9 9 1 10,1 8 4 1 11,1 1 1 2 18 14,0 4 4 2 18 14,0 8 4 2 18 14,1 4 2 1 15,0 4 2 1 16,0 2 2 1 17,0 1 1 1 19,0 2 1 1 19,0 7 6 1 21,0 10 9 1 21,1 10 7 1 22,1 0 0 0
j200803_3.sm,8,8,1 0 0 1 2,0 2 1 1 3,0 5 3 2 5 4,0 6 3 1 6,0 4 2 1 6,1 7 5 1 7,0 2 1 1 8,0 5 4 1 9,0 12 6 1 10,1 8 8 2 14 11,0 10 7 1 12,1 2 1 2 17 13,0 10 10 1 15,0 4 4 1 15,1 1 1 1 16,0 14 8 2 21 18,0 3 3 2 21 18,1 4 4 1 19,0 9 6 1 20,0 15 8 1 22,1 8 5 1 22,1 0 0 0
j200803_4.sm,8,8,1 0 0 2 2 21,1 5 3 1 3,0 2 2 1 4,0 9 6 1 5,0 16 9 1 6,0 8 4 2 10 7,0 16 8 2 17 8,0 13 8 1 9,1 7 5 1 11,1 4 4 2 17 13,0 9 7 1 12,0 10 7 1 13,0 16 9 1 14,0 12 8 2 20 15,1 2 2 1 16,0 6 6 1 18,0 8 6 1 18,0 6 4 1 19,1 10 6 1 22,0 3 2 1 22,1 15 8 1 22,1 0 0 0
j200803_5.sm,8,8,1 0 0 4 2 13 20 21,0 1 1 1 3,0 11 7 1 4,1 12 7 1 5,0 2 2 1 6,1 14 7 1 7,1 13 8 1 8,0 8 7 1 9,1 6 3 1 10,0 2 2 1 11,0 12 8 1 12,0 5 4 1 14,0 2 1 1 14,0 13 10 2 19 15,1 10 8 1 16,1 15 8 1 17,0 9 6 1 18,0 13 8 1 22,0 2 1 1 22,0 1 1 1 22,0 5 3 1 22,1 0 0 0
j200803_6.sm,8,8,1 0 0 1 2,1 8 8 2 10 3,0 14 7 1 4,0 13 7 1 5,1 11 7 1 6,0 10 10 1 7,1 17 10 2 13 8,1 8 4 1 9,0 9 6 2 17 11,0 5 5 1 11,0 11 6 1 12,0 16 10 2 19 14,1 6 3 2 19 14,0 12 9 1 15,0 13 10 1 16,1 14 9 1 18,0 9 8 1 18,0 9 6 1 20,0 1 1 1 20,0 7 6 1 21,0 3 3 1 22,1 0 0 0
j200803_7.sm,8,8,1 0 0 1 2,0 16 8 1 3,1 13 7 2 12 4,0 2 1 1 5,0 12 7 1 6,0 10 10 1 7,1 11 10 1 8,0 2 1 1 9,0 13 8 2 15 10,1 5 3 1 11,0 8 5 1 13,0 15 10 1 13,0 18 9 2 21 14,1 5 5 1 16,1 14 8 3 21 20 18,0 12 10 2 20 17,0 10 9 1 18,0 6 3 1 19,0 6 4 1 22,0 8 4 1 22,1 10 7 1 22,1 0 0 0
j200803_8.sm,8,8,1 0 0 3 2 9 21,0 5 3 1 3,0 10 5 1 4,0 6 3 1 5,0 4 4 1 6,1 8 4 1 7,0 17 9 1 8,1 6 6 1 10,0 12 7 1 10,1 9 5 1 11,1 3 2 1 12,0 13 8 2 20 13,0 9 7 1 14,0 11 6 2 19 15,0 9 7 1 16,0 8 7 1 17,0 15 10 1 18,0 2 2 1 22,1 2 1 1 22,0 20 10 1 22,1 2 1 1 22,1 0 0 0
j200803_9.sm,8,8,1 0 0 1 2,0 10 7 1 3,1 10 10 2 17 4,0 11 7 1 5,0 16 9 1 6,0 11 6 3 21 20 7,0 14 7 1 8,0 2 1 2 19 9,1 8 6 1 10,1 1 1 1 11,0 14 10 1 12,0 3 3 1 13,1 10 8 1 14,1 9 5 1 15,1 18 9 1 16,0 9 7 1 18,0 17 10 1 18,0 8 4 1 22,0 6 3 1 22,0 6 6 1 22,0 18 10 1 22,1 0 0 0
j200803_10.sm,8,8,1 0 0 1 2,0 5 4 1 3,0 18 9 1 4,0 13 10 1 5,1 10 8 1 6,1 12 7 2 9 7,0 13 10 1 8,1 9 9 1 10,0 14 8 1 10,0 16 9 1 11,0 7 4 1 12,0 12 6 2 16 13,0 8 4 2 18 14,0 12 7 1 15,0 3 3 2 20 17,0 17 10 2 20 19,0 13 9 1 19,1 1 1 1 19,0 14 9 1 21,1 10 5 1 21,1 10 6 1 22,1 0 0 0
j200903_1.sm,8,8,1 0 0 1 2,1 10 5 1 3,0 2 1 1 4,1 7 4 1 5,0 5 5 1 6,0 14 7 1 7,0 2 1 1 8,0 8 5 2 21 9,0 8 5 1 10,0 8 4 1 11,0 9 6 1 12,1 18 10 1 13,0 16 10 1 14,1 6 4 1 15,0 2 1 1 16,1 7 6 2 20 17,0 1 1 1 18,1 13 10 1 19,0 4 4 1 22,0 4 2 1 22,0 5 3 1 22,1 0 0 0
j200903_2.sm,8,8,1 0 0 1 2,0 12 8 2 13 3,0 10 8 1 4,1 17 10 1 5,1 5 5 1 6,1 2 1 1 7,0 13 8 1 8,0 12 6 1 9,1 12 10 1 10,0 13 8 1 11,0 10 8 1 12,0 12 10 2 21 14,0 10 6 2 21 14,0 1 1 1 15,0 6 6 1 16,0 4 3 1 17,0 13 8 1 18,1 4 4 1 19,0 16 9 1 20,1 2 1 1 22,0 7 5 1 22,1 0 0 0
j200903_3.sm,8,8,1 0 0 1 2,1 8 4 1 3,0 12 6 1 4,0 12 7 2 21 5,0 4 2 1 6,0 3 3 1 7,1 3 3 1 8,0 13 9 1 9,1 13 8 1 10,0 17 9 1 11,1 10 6 2 20 12,0 1 1 1 13,1 2 1 1 14,0 4 2 1 15,0 16 10 1 16,0 14 9 1 17,1 6 6 1 18,0 7 5 1 19,0 7 7 1 22,0 11 6 1 22,0 7 4 1 22,1 0 0 0
j200903_4.sm,8,8,1 0 0 1 2,0 4 3 1 3,0 19 10 1 4,0 11 7 1 5,1 13 7 1 6,0 6 6 1 7,0 11 9 1 8,0 12 9 2 19 9,0 4 3 1 10,1 19 10 1 11,0 1 1 1 12,1 6 3 1 13,0 9 5 1 14,1 4 4 1 15,0 11 6 1 16,1 7 5 1 17,0 9 7 2 21 18,0 5 3 1 20,0 6 6 1 20,1 15 9 1 22,0 9 8 1 22,1 0 0 0
j200903_5.sm,8,8,1 0 0 1 2,1 6 4 1 3,1 9 5 1 4,1 2 1 1 5,0 9 8 1 6,0 14 10 1 7,0 7 5 2 12 8,0 7 6 1 9,0 11 8 1 10,0 13 9 1 11,0 9 5 1 13,0 4 4 1 13,0 10 7 1 14,1 1 1 1 15,0 11 8 2 21 16,0 3 2 1 17,0 6 4 1 18,1 5 4 1 19,0 9 5 1 20,1 8 7 1 22,0 2 1 1 22,1 0 0 0
j200903_6.sm,8,8,1 0 0 1 2,1 15 8 1 3,0 13 9 2 15 4,0 11 6 1 5,0 5 4 1 6,0 5 5 1 7,1 6 3 1 8,0 7 4 1 9,1 3 2 1 10,0 4 2 1 11,0 11 10 1 12,1 9 5 1 13,1 8 4 1 14,0 2 2 2 21 16,0 5 3 1 16,1 7 4 1 17,0 7 6 1 18,0 6 3 1 19,0 4 3 1 20,0 8 6 1 22,0 15 8 1 22,1 0 0 0
j200903_7.sm,8,8,1 0 0 1 2,0 11 6 1 3,0 11 10 1 4,1 13 10 1 5,0 12 7 1 6,1 11 9 1 7,0 14 10 1 8,0 4 2 1 9,0 13 9 1 10,1 17 10 1 11,0 3 2 2 14 12,0 17 9 2 17 13,0 15 9 1 15,1 11 7 1 15,1 7 4 1 16,0 13 10 1 18,0 13 7 1 18,0 3 3 1 19,0 14 9 1 20,0 10 5 1 21,1 8 7 1 22,1 0 0 0
j200903_8.sm,8,8,1 0 0 1 2,0 15 8 1 3,0 3 2 1 4,0 8 5 1 5,0 10 8 1 6,1 13 9 1 7,0 3 2 1 8,1 11 7 1 9,1 8 8 1 10,1 15 10 1 11,0 14 8 2 16 12,0 7 6 2 18 13,0 12 9 1 14,0 3 2 1 15,1 1 1 1 17,0 3 2 1 17,0 7 4 1 19,0 7 4 1 19,0 9 5 1 20,0 9 5 1 21,1 7 5 1 22,1 0 0 0
j200903_9.sm,8,8,1 0 0 2 2 12,1 5 4 1 3,0 12 7 1 4,1 5 4 1 5,0 3 3 1 6,0 3 2 1 7,0 6 4 1 8,0 1 1 1 9,0 4 2 1 10,0 5 5 1 11,1 3 2 1 13,1 9 7 1 13,1 14 8 1 14,0 2 2 1 15,0 9 6 1 16,0 4 2 1 17,1 9 6 2 21 18,0 8 5 1 19,0 8 5 1 20,0 2 2 1 22,0 8 4 1 22,1 0 0 0
j200903_10.sm,8,8,1 0 0 1 2,0 2 1 1 3,0 13 9 1 4,1 11 8 1 5,0 12 6 1 6,0 5 3 2 9 7,0 9 5 1 8,0 2 1 2 12 10,1 5 5 1 10,0 5 4 1 11,0 2 2 1 13,0 20 10 1 13,1 8 6 1 14,0 16 8 1 15,1 15 8 1 16,0 5 5 1 17,1 8 7 1 18,0 12 9 1 19,0 8 8 1 20,1 9 7 1 21,0 7 6 1 22,1 0 0 0
j201003_1.sm,8,8,1 0 0 1 2,0 4 3 1 3,1 5 5 1 4,0 4 2 1 5,0 4 2 1 6,0 6 6 1 7,1 11 6 1 8,0 10 9 1 9,1 3 3 1 10,0 6 6 1 11,1 9 5 1 12,0 6 3 1 13,0 7 6 1 14,0 12 7 1 15,0 18 9 1 16,0 7 6 1 17,0 20 10 1 18,0 7 5 1 19,1 10 6 1 20,1 11 9 1 21,0 6 3 1 22,1 0 0 0
j201003_2.sm,8,8,1 0 0 1 2,0 3 3 1 3,0 10 5 1 4,1 3 2 1 5,0 3 2 1 6,0 11 6 1 7,0 11 6 1 8,0 17 9 1 9,0 5 3 1 10,0 7 6 1 11,1 6 5 1 12,0 3 3 1 13,1 7 6 1 14,0 13 7 1 15,0 18 9 1 16,0 11 6 1 17,1 15 10 1 18,1 9 5 1 19,0 9 6 1 20,0 17 9 1 21,1 6 3 1 22,1 0 0 0
j201003_3.sm,8,8,1 0 0 1 2,0 3 3 1 3,1 9 5 1 4,1 3 2 1 5,0 3 2 1 6,0 6 6 1 7,0 12 6 1 8,0 11 9 1 9,0 6 3 1 10,1 6 6 1 11,0 10 5 1 12,0 5 3 1 13,0 12 6 1 14,1 11 7 1 15,1 13 9 1 16,1 9 6 1 17,0 17 10 1 18,0 10 5 1 19,0 10 6 1 20,0 11 9 1 21,0 4 3 1 22,1 0 0 0
j201003_4.sm,8,8,1 0 0 1 2,0 4 3 1 3,0 7 5 1 4,0 2 2 1 5,1 2 2 1 6,0 9 6 1 7,0 10 6 1 8,0 9 9 1 9,0 3 3 1 10,0 11 6 1 11,0 10 5 1 12,1 4 3 1 13,0 10 6 1 14,1 13 7 1 15,1 9 9 1 16,1 12 6 1 17,0 17 10 1 18,0 6 5 1 19,0 6 6 1 20,1 13 9 1 21,0 3 3 1 22,1 0 0 0
j201003_5.sm,8,8,1 0 0 1 2,0 3 3 1 3,0 6 5 1 4,0 3 2 1 5,0 4 2 1 6,1 6 6 1 7,0 7 6 1 8,0 15 9 1 9,0 3 3 1 10,0 7 6 1 11,0 10 5 1 12,1 5 3 1 13,1 10 6 1 14,0 10 7 1 15,1 17 9 1 16,0 11 6 1 17,1 19 10 1 18,0 7 5 1 19,1 8 6 1 20,0 16 9 1 21,0 5 3 1 22,1 0 0 0
j201003_6.sm,8,8,1 0 0 1 2,0 6 3 1 3,1 6 5 1 4,1 4 2 1 5,0 2 2 1 6,0 6 6 1 7,1 10 6 1 8,0 15 9 1 9,1 4 3 1 10,0 8 6 1 11,0 8 5 1 12,0 6 3 1 13,0 11 6 1 14,0 11 7 1 15,1 12 9 1 16,1 12 6 1 17,0 12 10 1 18,0 6 5 1 19,0 11 6 1 20,0 14 9 1 21,0 3 3 1 22,1 0 0 0
j201003_7.sm,8,8,1 0 0 1 2,0 5 3 1 3,1 9 5 1 4,1 3 2 1 5,0 3 2 1 6,0 12 6 1 7,0 8 6 1 8,0 15 9 1 9,0 4 3 1 10,0 10 6 1 11,0 8 5 1 12,0 5 3 1 13,0 11 6 1 14,1 10 7 1 15,0 14 9 1 16,0 6 6 1 17,1 20 10 1 18,0 6 5 1 19,1 9 6 1 20,1 14 9 1 21,0 6 3 1 22,1 0 0 0
j201003_8.sm,8,8,1 0 0 1 2,1 4 3 1 3,0 6 5 1 4,1 4 2 1 5,1 2 2 1 6,0 9 6 1 7,1 6 6 1 8,0 15 9 1 9,0 4 3 1 10,0 11 6 1 11,0 9 5 1 12,0 4 3 1 13,0 6 6 1 14,0 12 7 1 15,1 9 9 1 16,1 9 6 1 17,0 16 10 1 18,0 9 5 1 19,0 8 6 1 20,0 18 9 1 21,0 3 3 1 22,1 0 0 0
j201003_9.sm,8,8,1 0 0 1 2,0 5 3 1 3,1 5 5 1 4,0 2 2 1 5,1 3 2 1 6,0 11 6 1 7,1 10 6 1 8,0 9 9 1 9,0 5 3 1 10,0 12 6 1 11,0 8 5 1 12,0 3 3 1 13,0 12 6 1 14,1 10 7 1 15,1 17 9 1 16,0 9 6 1 17,0 11 10 1 18,1 5 5 1 19,0 10 6 1 20,0 14 9 1 21,0 4 3 1 22,1 0 0 0
j201003_10.sm,8,8,1 0 0 1 2,1 5 3 1 3,1 6 5 1 4,1 2 2 1 5,0 3 2 1 6,0 10 6 1 7,0 12 6 1 8,0 17 9 1 9,1 4 3 1 10,0 12 6 1 11,0 7 5 1 12,1 3 3 1 13,0 10 6 1 14,0 11 7 1 15,0 12 9 1 16,0 6 6 1 17,1 15 10 1 18,0 7 5 1 19,0 12 6 1 20,0 10 9 1 21,0 6 3 1 22,1 0 0 0
j300103_1.sm,11,11,1 0 0 19 2 3 4 6 7 8 9 10 11 13 14 24 25 26 27 28 29 30 31,0 7 5 2 15 5,1 11 6 4 20 18 17 15,1 6 3 1 5,0 2 1 3 19 18 16,0 15 8 3 23 17 15,0 8 8 3 22 16 15,0 14 8 2 21 17,0 5 4 2 20 15,0 14 9 2 17 15,1 6 3 1 12,0 1 1 1 16,0 20 10 1 16,0 10 8 1 15,0 5 4 1 32,1 4 4 1 32,0 8 5 1 32,0 3 3 1 32,0 9 7 1 32,0 4 4 1 32,0 7 6 1 32,0 3 3 1 32,0 16 9 1 32,1 16 9 1 32,1 2 1 1 32,0 12 8 1 32,1 14 9 1 32,0 6 3 1 32,1 9 6 1 32,1 2 2 1 32,0 11 10 1 32,1 0 0 0
j300103_2.sm,11,11,1 0 0 13 2 3 4 5 6 7 8 9 10 14 17 18 31,0 1 1 9 30 28 26 25 24 19 15 13 11,0 16 10 9 30 28 27 26 25 24 19 15 13,0 6 5 8 28 26 25 24 23 22 19 13,0 8 6 6 29 27 26 20 16 12,1 11 6 8 29 26 25 24 23 22 21 19,0 2 1 4 25 22 21 19,1 1 1 4 25 22 20 19,1 6 5 4 24 22 20 19,0 4 2 4 23 22 20 19,1 3 3 3 27 23 22,0 2 1 3 24 21 19,1 8 7 2 21 20,0 2 1 2 21 19,0 8 5 1 20,0 4 2 1 23,1 9 5 1 23,1 10 10 1 20,0 4 3 1 32,0 3 3 1 32,0 10 5 1 32,0 4 3 1 32,0 9 5 1 32,1 2 1 1 32,0 2 1 1 32,1 12 6 1 32,0 12 10 1 32,0 1 1 1 32,0 6 3 1 32,0 10 10 1 32,0 7 4 1 32,1 0 0 0
j300103_3.sm,11,11,1 0 0 26 2 4 5 6 10 11 12 13 14 15 16 17 18 19 20 21 22 23 24 25 26 27 28 29 30 31,0 2 2 1 3,1 3 3 1 8,1 9 6 1 9,0 13 10 1 7,0 10 5 1 7,0 1 1 1 32,0 13 7 1 32,1 3 2 1 32,0 9 8 1 32,0 13 10 1 32,0 8 8 1 32,0 2 1 1 32,0 8 5 1 32,0 2 2 1 32,1 10 7 1 32,1 6 3 1 32,0 6 4 1 32,0 10 7 1 32,1 3 2 1 32,0 4 3 1 32,0 11 6 1 32,0 2 1 1 32,0 2 1 1 32,0 9 5 1 32,0 9 5 1 32,1 10 7 1 32,1 1 1 1 32,0 4 3 1 32,0 9 7 1 32,1 6 5 1 32,1 0 0 0
j300103_4.sm,11,11,1 0 0 14 2 3 4 5 9 10 11 14 15 16 17 29 30 31,0 8 7 5 28 27 8 7 6,0 13 10 5 26 25 24 7 6,0 1 1 5 24 22 21 12 6,0 6 6 4 24 21 13 12,1 5 3 3 23 20 18,0 9 5 3 22 19 18,0 8 5 3 25 21 18,0 2 1 3 23 22 18,0 2 1 2 24 20,0 2 2 2 21 18,0 16 10 1 18,0 10 8 1 19,1 2 1 1 26,0 9 8 1 20,1 10 8 1 19,1 6 4 1 19,1 16 9 1 32,0 16 9 1 32,0 12 8 1 32,1 6 5 1 32,0 2 2 1 32,0 7 4 1 32,0 8 4 1 32,1 17 10 1 32,1 1 1 1 32,0 12 9 1 32,1 9 6 1 32,0 16 8 1 32,0 7 7 1 32,0 16 8 1 32,1 0 0 0
j300103_5.sm,11,11,1 0 0 17 2 3 4 5 8 9 21 22 23 24 25 26 27 28 29 30 31,0 13 10 5 20 19 18 17 7,1 2 1 3 16 12 11,0 4 2 2 10 6,1 3 2 2 15 12,0 6 3 1 14,1 2 2 1 13,0 4 2 1 11,0 1 1 1 10,0 9 7 1 32,1 7 6 1 32,0 9 5 1 32,0 2 1 1 32,0 14 9 1 32,1 7 5 1 32,0 2 2 1 32,1 11 7 1 32,0 10 9 1 32,0 3 2 1 32,1 4 4 1 32,1 6 4 1 32,0 10 7 1 32,0 10 8 1 32,0 2 1 1 32,1 12 7 1 32,0 7 6 1 32,0 8 7 1 32,0 10 5 1 32,0 17 9 1 32,0 10 6 1 32,0 5 4 1 32,1 0 0 0
j300103_6.sm,11,11,1 0 0 19 2 3 4 6 7 8 9 10 11 13 14 24 25 26 27 28 29 30 31,0 9 8 5 21 20 18 17 15,1 12 7 2 15 5,0 3 2 1 5,1 9 7 3 19 18 16,0 10 8 3 23 16 15,0 4 2 3 21 17 15,1 10 6 2 22 17,0 3 2 2 20 15,0 4 2 2 17 15,0 14 7 1 12,1 16 9 1 16,0 8 4 1 16,0 2 1 1 15,0 17 10 1 32,1 4 2 1 32,1 14 7 1 32,0 7 7 1 32,0 20 10 1 32,0 4 3 1 32,0 15 8 1 32,1 17 10 1 32,0 1 1 1 32,0 20 10 1 32,0 2 2 1 32,0 9 9 1 32,1 2 2 1 32,0 2 1 1 32,0 4 4 1 32,1 2 1 1 32,0 3 3 1 32,1 0 0 0
j300103_7.sm,11,11,1 0 0 16 2 3 4 5 6 8 9 10 11 12 16 17 18 19 20 31,0 1 1 4 28 25 21 7,1 4 4 3 22 13 7,0 6 4 2 13 7,0 5 3 3 30 22 14,0 12 6 3 28 22 14,0 18 10 3 26 24 23,0 11 7 3 29 22 21,0 3 3 2 25 15,1 11 8 2 27 13,1 15 10 2 25 24,0 10 10 2 23 21,0 11 6 1 21,0 5 3 1 21,0 13 8 1 27,1 8 6 1 25,1 4 2 1 22,0 5 5 1 22,0 2 2 1 21,1 12 8 1 21,1 4 3 1 32,1 9 6 1 32,0 8 5 1 32,0 4 2 1 32,1 7 5 1 32,0 8 8 1 32,0 3 2 1 32,0 15 10 1 32,0 8 6 1 32,0 11 10 1 32,0 1 1 1 32,1 0 0 0
j300103_8.sm,11,11,1 0 0 16 2 3 4 5 6 8 11 12 13 14 17 18 19 29 30 31,0 8 5 6 28 24 16 10 9 7,0 9 7 6 24 23 22 15 10 9,0 19 10 5 25 23 22 15 9,0 8 6 6 27 25 24 23 21 20,0 4 2 4 26 24 15 10,0 9 6 5 25 23 22 21 20,1 10 8 3 25 24 15,0 8 6 2 26 20,0 12 6 2 21 20,0 7 7 2 28 23,0 6 4 2 22 20,1 7 7 2 21 20,1 6 4 2 21 20,0 5 3 1 21,1 4 2 1 20,0 11 8 1 27,1 3 2 1 22,1 6 4 1 20,0 8 7 1 32,1 15 10 1 32,0 12 6 1 32,0 15 9 1 32,0 6 3 1 32,1 13 9 1 32,0 4 4 1 32,0 6 5 1 32,0 15 9 1 32,1 14 7 1 32,0 10 10 1 32,0 10 5 1 32,1 0 0 0
j300103_9.sm,11,11,1 0 0 18 2 3 5 6 7 8 10 11 12 23 24 25 26 27 28 29 30 31,0 17 9 6 22 17 16 15 9 4,0 5 5 4 18 16 15 13,0 4 2 3 19 14 13,0 12 9 3 21 18 13,1 12 8 3 20 16 15,0 18 10 2 15 14,0 10 8 2 14 13,1 2 2 1 13,1 16 8 1 17,0 8 5 1 14,1 9 7 1 13,0 8 8 1 32,1 3 3 1 32,0 2 2 1 32,0 10 6 1 32,0 3 3 1 32,0 3 3 1 32,0 2 2 1 32,0 11 9 1 32,1 11 9 1 32,1 4 3 1 32,1 8 6 1 32,0 2 2 1 32,0 10 7 1 32,0 9 7 1 32,1 14 7 1 32,0 7 7 1 32,0 1 1 1 32,0 5 3 1 32,0 14 7 1 32,1 0 0 0
j300103_10.sm,11,11,1 0 0 12 2 3 4 5 7 11 12 27 28 29 30 31,0 6 3 6 26 25 24 21 17 10,1 7 5 5 23 21 18 14 6,0 13 8 4 20 17 15 9,0 3 3 3 20 19 8,0 14 7 2 16 15,1 1 1 2 22 16,1 9 8 1 13,0 2 1 1 13,0 6 4 1 14,0 9 7 1 19,0 2 1 1 18,0 1 1 1 32,0 6 3 1 32,0 9 9 1 32,0 14 9 1 32,0 4 2 1 32,0 12 6 1 32,0 8 5 1 32,0 12 9 1 32,0 10 5 1 32,0 4 3 1 32,1 5 5 1 32,0 9 9 1 32,1 17 10 1 32,1 1 1 1 32,1 3 3 1 32,1 2 2 1 32,0 13 8 1 32,0 7 4 1 32,1 8 8 1 32,1 0 0 0
j300203_1.sm,11,11,1 0 0 13 2 4 5 6 9 10 11 12 16 17 29 30 31,1 6 4 4 26 25 14 3,0 7 5 4 23 22 18 7,0 13 10 5 28 21 15 14 13,0 6 4 6 27 22 21 20 19 14,0 12 7 6 24 23 22 21 19 18,1 6 4 1 8,0 6 4 3 21 19 13,0 5 3 3 23 22 20,0 4 2 2 19 13,0 10 9 2 22 18,0 8 6 2 21 18,1 4 2 1 20,1 5 3 1 18,1 18 9 1 19,1 3 2 1 22,1 4 3 1 18,0 15 8 1 32,0 19 10 1 32,1 8 5 1 32,0 16 10 1 32,1 10 6 1 32,0 1 1 1 32,0 12 8 1 32,0 3 3 1 32,0 4 2 1 32,0 4 3 1 32,0 6 6 1 32,0 3 2 1 32,0 3 2 1 32,0 1 1 1 32,1 0 0 0
j300203_2.sm,11,11,1 0 0 7 2 3 4 5 9 12 16,1 14 10 5 19 13 10 7 6,0 1 1 7 21 20 19 15 14 13 10,0 10 5 6 21 20 19 15 10 8,1 6 3 5 21 20 14 13 11,1 2 1 5 31 20 18 15 11,0 9 5 4 22 20 15 8,0 6 6 4 31 24 18 14,0 11 8 3 22 19 17,0 3 2 5 30 29 28 23 22,0 13 9 5 30 29 28 23 22,1 1 1 5 30 29 28 23 22,1 4 2 3 25 23 18,1 10 7 2 29 17,0 1 1 2 29 17,0 9 5 2 22 19,0 9 6 4 30 28 27 25,0 4 3 3 29 28 26,0 7 6 3 31 26 25,0 7 4 1 24,1 7 7 1 22,1 9 5 2 26 25,1 7 5 2 27 26,0 7 7 2 27 25,0 1 1 1 32,0 13 9 1 32,0 5 5 1 32,0 10 6 1 32,0 11 7 1 32,0 12 10 1 32,0 8 6 1 32,1 0 0 0
j300203_3.sm,11,11,1 0 0 7 2 3 4 5 10 12 15,0 9 5 4 18 14 8 6,0 11 10 6 31 24 16 14 13 7,1 5 4 5 21 19 17 13 9,0 5 4 7 29 24 21 20 18 17 13,0 7 5 6 31 30 24 21 20 11,0 13 8 8 30 29 28 23 22 21 20 19,0 8 5 6 31 29 22 20 19 17,0 8 5 6 31 29 24 23 20 16,0 14 7 4 31 29 24 16,0 12 9 3 23 19 16,1 11 9 2 22 17,0 11 8 4 28 26 23 22,1 13 9 3 29 23 19,1 2 1 1 16,1 18 10 4 28 26 25 22,1 7 6 4 30 28 26 25,1 11 8 1 19,0 3 3 3 27 26 25,0 12 10 3 27 26 25,0 8 6 2 27 25,0 2 2 1 27,0 10 5 1 25,1 7 6 1 26,0 2 1 1 32,0 7 4 1 32,0 8 4 1 32,0 2 1 1 32,0 6 6 1 32,1 12 9 1 32,0 7 7 1 32,1 0 0 0
j300203_4.sm,11,11,1 0 0 7 2 3 4 5 9 10 16,0 15 8 5 20 13 12 7 6,0 10 9 7 21 20 18 14 13 12 8,0 17 9 7 21 20 18 14 13 12 8,1 2 1 7 31 21 18 15 14 13 11,0 8 4 5 31 19 18 14 11,0 18 9 4 22 18 14 8,0 11 7 4 31 24 19 15,1 10 9 3 22 20 17,0 3 3 1 11,1 9 8 5 30 29 28 23 22,1 10 5 5 30 29 28 23 22,0 6 5 3 25 23 19,0 2 2 2 29 17,0 9 9 2 29 17,1 16 8 2 22 20,0 8 6 4 30 28 27 25,0 6 3 2 26 24,0 3 2 3 29 28 26,1 8 4 3 31 26 25,0 15 9 1 22,0 14 10 2 26 25,0 4 3 2 27 26,0 8 4 2 27 25,1 8 4 1 32,1 15 8 1 32,0 13 9 1 32,1 15 9 1 32,0 7 6 1 32,0 6 5 1 32,0 4 3 1 32,1 0 0 0
j300203_5.sm,11,11,1 0 0 7 2 3 4 5 10 11 16,0 3 3 4 15 12 9 6,0 5 3 5 22 18 14 12 8,0 6 3 3 17 14 7,0 8 7 7 31 29 22 21 17 15 14,0 3 2 7 31 30 29 22 21 20 13,0 9 5 7 31 29 24 22 21 20 18,0 8 4 8 30 29 28 24 23 21 20 19,1 10 8 6 31 29 23 20 19 17,1 3 3 4 31 29 22 18,0 6 6 4 23 22 20 17,1 4 3 5 31 29 24 23 19,0 5 3 3 24 19 18,1 16 8 4 28 24 23 19,0 11 7 4 30 23 20 19,1 2 2 2 24 18,0 10 6 5 30 28 27 26 25,0 3 3 4 28 26 25 23,1 12 9 3 27 26 25,0 11 10 3 27 26 25,0 8 5 3 27 26 25,0 4 4 2 26 25,1 2 1 1 27,0 6 3 1 25,0 14 8 1 32,0 11 6 1 32,1 17 9 1 32,1 10 6 1 32,0 10 5 1 32,0 8 6 1 32,0 18 9 1 32,1 0 0 0
j300203_6.sm,11,11,1 0 0 3 2 4 7,1 2 2 7 31 30 29 28 11 5 3,0 4 3 4 18 17 8 6,1 5 3 8 28 25 17 14 13 12 11 9,0 7 5 6 18 17 13 12 10 9,0 12 8 3 14 12 9,0 4 3 7 25 24 23 19 17 16 15,0 5 4 5 27 26 23 20 13,0 12 8 4 20 19 16 15,1 6 6 4 25 21 20 19,1 13 7 3 23 19 18,1 17 10 2 24 23,0 1 1 2 22 19,0 14 7 2 21 19,0 19 10 1 22,1 10 6 1 21,0 12 6 1 20,1 17 10 1 20,0 4 4 1 32,0 17 10 1 32,0 15 10 1 32,0 4 3 1 32,0 2 1 1 32,0 16 10 1 32,1 17 10 1 32,0 12 8 1 32,0 14 9 1 32,0 5 3 1 32,1 9 9 1 32,0 6 3 1 32,0 2 1 1 32,1 0 0 0
j300203_7.sm,11,11,1 0 0 7 2 3 4 5 10 15 17,1 6 3 5 19 11 9 7 6,0 14 8 7 24 20 19 14 13 11 9,0 4 3 5 24 20 19 9 8,1 4 2 5 24 20 13 12 11,1 13 7 4 22 20 14 8,0 8 4 4 20 18 14 12,0 15 8 4 31 23 18 13,0 17 10 4 29 28 22 21,0 16 9 4 29 28 22 21,0 2 2 3 25 21 18,1 7 7 3 29 22 21,0 8 8 2 28 16,0 13 9 2 28 16,0 8 7 2 30 19,0 9 5 4 30 29 27 25,0 18 9 1 19,1 16 10 3 30 28 26,0 2 1 3 31 26 25,0 13 7 1 23,0 7 4 2 27 26,0 17 10 2 26 25,0 10 5 2 27 25,0 16 8 2 26 25,1 9 7 1 32,1 9 5 1 32,1 10 8 1 32,0 2 1 1 32,1 4 3 1 32,0 8 6 1 32,0 6 3 1 32,1 0 0 0
j300203_8.sm,11,11,1 0 0 7 2 3 4 5 10 12 13,0 16 8 4 17 15 9 6,1 2 2 6 31 24 16 15 14 8,1 12 6 4 19 18 14 7,0 12 6 7 30 24 21 20 18 17 14,0 4 4 6 31 29 24 21 20 11,0 6 5 7 31 30 24 23 21 20 16,1 6 4 8 30 29 28 23 22 21 20 19,0 7 7 6 31 30 22 20 19 18,1 9 8 4 31 30 24 16,0 12 8 3 23 19 16,1 9 5 2 22 18,0 2 1 2 23 16,0 5 3 4 28 26 23 22,1 7 6 3 30 23 19,1 5 3 4 28 26 25 22,0 7 5 2 29 19,0 2 1 4 29 28 26 25,0 8 7 3 27 26 25,0 10 10 3 27 26 25,0 13 9 2 27 25,0 4 3 1 27,0 5 5 1 25,0 13 7 1 26,1 6 4 1 32,0 6 4 1 32,0 4 2 1 32,0 5 5 1 32,1 9 7 1 32,0 1 1 1 32,0 11 10 1 32,1 0 0 0
j300203_9.sm,11,11,1 0 0 10 2 4 5 6 7 9 10 12 14 17,0 3 2 4 29 19 16 3,0 4 3 6 31 30 28 23 20 11,0 6 5 3 16 15 8,0 7 7 7 29 28 23 20 18 15 13,0 12 6 4 31 20 19 13,0 7 7 5 30 29 22 20 15,0 5 5 5 29 28 23 20 18,1 5 5 5 30 29 27 20 18,0 6 3 4 31 30 26 15,1 1 1 3 22 18 15,1 3 2 3 27 21 19,1 12 6 4 27 26 22 21,0 8 8 2 26 15,0 4 2 3 27 24 21,1 7 6 3 26 25 22,0 2 1 1 18,0 10 6 3 26 25 24,0 4 3 3 28 26 24,0 4 2 2 26 24,0 14 10 1 25,0 5 5 1 24,0 3 2 1 25,0 8 4 1 32,1 5 3 1 32,1 7 7 1 32,0 5 4 1 32,1 10 5 1 32,0 2 1 1 32,1 4 3 1 32,0 15 9 1 32,1 0 0 0
j300203_10.sm,11,11,1 0 0 13 2 4 6 7 8 10 11 13 17 18 19 20 21,0 1 1 6 31 30 29 27 16 3,0 6 4 4 28 26 12 5,0 11 7 5 27 26 25 14 12,0 2 1 4 25 24 15 9,0 7 5 4 25 24 23 22,1 10 6 3 27 24 16,0 2 1 3 30 26 22,0 7 6 2 23 14,0 11 8 2 29 16,1 10 7 2 28 14,0 8 6 2 24 22,1 11 9 1 15,1 11 6 1 22,1 7 5 1 23,0 7 6 1 23,0 2 2 1 25,0 4 2 1 25,0 8 6 1 24,0 4 2 1 24,0 10 9 1 22,0 12 7 1 32,0 4 2 1 32,1 10 9 1 32,0 1 1 1 32,0 9 5 1 32,0 2 2 1 32,1 9 7 1 32,1 11 9 1 32,0 10 5 1 32,1 10 7 1 32,1 0 0 0
j300303_1.sm,11,11,1 0 0 6 2 5 9 12 13 31,1 2 2 1 3,0 17 9 5 29 18 14 11 4,0 8 5 4 26 17 16 6,0 5 5 7 26 25 24 20 18 14 11,0 8 8 2 28 7,0 15 9 3 27 21 8,1 17 10 4 25 24 19 10,0 13 10 2 20 11,0 6 4 2 20 15,0 6 5 2 23 16,1 1 1 2 29 26,0 15 8 2 30 23,1 2 2 1 17,1 7 6 1 22,0 9 6 1 19,0 20 10 1 21,1 1 1 1 23,0 9 8 1 32,0 2 1 1 32,0 11 10 1 32,0 1 1 1 32,0 2 2 1 32,0 9 6 1 32,1 10 5 1 32,0 15 10 1 32,0 6 5 1 32,0 9 7 1 32,0 7 4 1 32,1 3 2 1 32,1 3 2 1 32,1 0 0 0
j300303_2.sm,11,11,1 0 0 5 2 4 6 8 11,0 6 4 2 15 3,0 14 10 2 10 5,0 2 2 3 15 10 7,1 15 9 3 31 12 9,0 11 9 3 15 13 10,0 6 4 4 31 30 14 12,1 17 10 2 13 10,0 20 10 3 18 16 13,1 9 6 4 23 18 17 14,0 1 1 2 18 13,0 5 5 5 28 23 19 17 16,1 18 9 3 30 23 14,1 10 10 6 29 28 26 21 20 19,0 3 2 3 30 28 16,0 12 8 3 26 24 21,0 9 8 2 29 20,1 7 7 3 30 26 24,0 1 1 2 24 22,1 5 3 2 27 24,0 10 8 1 25,1 11 10 1 25,1 11 7 1 26,0 6 5 1 32,0 2 1 1 32,0 9 8 1 32,0 1 1 1 32,0 6 3 1 32,0 4 2 1 32,0 16 8 1 32,0 2 1 1 32,1 0 0 0
j300303_3.sm,11,11,1 0 0 8 2 6 7 8 10 11 14 20,1 3 3 3 31 18 3,1 3 2 2 27 4,0 3 3 3 23 13 5,0 11 6 4 28 26 24 9,1 6 4 4 30 25 23 12,0 8 8 4 26 23 16 15,0 1 1 3 29 27 12,0 8 5 2 22 12,0 1 1 3 25 24 21,0 7 6 2 27 19,1 5 4 1 15,0 11 6 2 26 25,0 3 2 2 29 27,0 17 9 1 17,1 14 10 1 17,0 2 2 1 21,0 2 2 1 23,1 2 1 1 22,0 3 2 1 24,1 5 3 1 32,0 18 10 1 32,0 5 3 1 32,0 15 8 1 32,0 8 4 1 32,0 1 1 1 32,0 5 4 1 32,0 6 4 1 32,0 2 1 1 32,1 5 4 1 32,1 2 1 1 32,1 0 0 0
j300303_4.sm,11,11,1 0 0 5 2 3 4 8 9,0 8 6 2 14 5,0 9 5 4 14 13 11 10,0 9 7 3 12 11 7,0 15 10 2 11 6,0 5 3 3 19 13 10,0 8 6 3 15 14 13,1 11 9 3 18 12 11,1 10 8 2 12 11,1 7 6 2 18 12,1 6 6 4 22 17 16 15,0 10 8 3 22 16 15,0 10 5 3 22 18 17,0 16 10 4 31 29 19 18,1 10 6 5 31 29 28 21 20,0 2 1 6 30 29 28 25 24 23,0 2 1 4 31 29 26 21,0 7 7 2 28 20,1 10 6 3 25 24 23,1 13 7 3 27 24 23,1 11 8 2 30 27,0 2 2 2 28 26,0 11 8 1 26,0 11 10 1 26,0 5 3 1 27,1 9 6 1 32,0 5 3 1 32,0 12 7 1 32,0 1 1 1 32,0 9 7 1 32,0 9 5 1 32,1 0 0 0
j300303_5.sm,11,11,1 0 0 5 2 4 8 9 11,0 9 5 2 21 3,0 2 1 2 13 5,0 8 5 3 21 13 6,0 5 5 3 31 12 7,0 2 2 5 31 30 29 14 12,0 11 7 2 20 10,1 2 2 4 30 29 18 14,1 12 9 3 29 28 13,0 14 9 3 29 18 14,0 18 9 6 29 21 20 18 17 15,0 9 8 6 28 27 24 20 18 15,0 2 2 5 27 24 18 17 15,1 2 1 6 28 27 26 25 23 16,0 18 9 3 26 25 22,0 8 5 2 22 19,1 6 3 2 30 22,0 8 4 1 23,0 4 2 1 24,0 8 8 1 23,1 4 4 1 30,1 3 2 1 32,0 4 2 1 32,0 9 5 1 32,1 14 10 1 32,0 1 1 1 32,0 11 9 1 32,0 11 8 1 32,1 15 9 1 32,0 12 7 1 32,1 15 10 1 32,1 0 0 0
j300303_6.sm,11,11,1 0 0 5 2 3 5 11 12,0 6 6 4 20 18 7 4,1 5 5 3 17 9 6,0 16 9 3 17 10 9,0 5 4 4 20 17 14 13,0 17 9 2 16 8,0 11 7 2 16 8,0 6 4 4 24 22 14 13,0 5 5 3 16 14 13,1 11 10 3 22 16 14,0 1 1 4 31 24 22 19,1 3 3 3 31 24 19,0 12 8 1 15,0 8 4 5 31 30 29 23 21,0 2 1 2 31 19,0 4 4 2 24 19,1 11 7 2 24 19,0 2 1 1 19,0 10 8 3 30 29 21,0 10 5 3 31 22 21,0 7 7 3 28 26 25,1 3 2 3 28 27 26,0 12 7 2 26 25,0 5 4 2 29 26,1 2 1 1 27,0 4 4 1 32,1 3 3 1 32,1 12 9 1 32,1 2 1 1 32,0 1 1 1 32,0 12 7 1 32,1 0 0 0
j300303_7.sm,11,11,1 0 0 16 2 7 11 19 20 21 22 23 24 25 26 27 28 29 30 31,0 10 6 3 18 17 3,0 7 5 4 16 15 14 4,0 9 9 1 5,0 9 5 1 6,0 4 2 2 13 8,0 4 2 3 15 14 12,0 9 9 1 9,0 4 2 1 10,0 3 2 1 12,0 14 8 1 14,0 4 3 1 32,1 16 8 1 32,0 1 1 1 32,1 10 5 1 32,0 16 8 1 32,0 19 10 1 32,1 12 10 1 32,1 13 8 1 32,0 13 8 1 32,1 6 4 1 32,0 9 6 1 32,0 9 7 1 32,0 8 8 1 32,1 16 9 1 32,0 18 10 1 32,1 16 8 1 32,1 10 7 1 32,0 9 7 1 32,1 2 2 1 32,0 16 10 1 32,1 0 0 0
j300303_8.sm,11,11,1 0 0 12 2 4 5 10 14 16 17 18 28 29 30 31,1 13 9 1 3,1 8 4 3 24 12 6,1 8 5 2 8 7,0 8 4 4 26 25 24 9,0 12 8 2 26 8,0 7 6 3 27 25 9,0 20 10 2 25 9,0 9 6 3 23 22 11,1 16 9 1 11,0 17 10 2 21 13,0 10 6 1 13,1 6 5 2 20 15,0 10 7 2 24 19,1 4 3 1 19,0 15 8 1 24,0 1 1 1 24,1 5 5 1 24,0 10 5 1 32,0 11 8 1 32,1 14 7 1 32,0 10 6 1 32,0 11 9 1 32,0 2 1 1 32,0 6 6 1 32,0 7 7 1 32,1 11 6 1 32,0 18 10 1 32,0 8 5 1 32,0 6 3 1 32,0 10 5 1 32,1 0 0 0
j300303_9.sm,11,11,1 0 0 5 2 3 4 6 10,0 9 6 4 17 13 7 5,0 14 10 4 17 12 9 8,0 1 1 3 14 13 11,0 7 4 2 12 8,0 5 4 3 17 16 13,1 7 5 2 12 11,0 8 4 4 18 16 15 14,0 17 9 2 18 11,0 7 5 3 17 15 14,0 4 2 3 25 16 15,0 10 7 2 18 15,0 7 7 2 18 15,0 8 6 4 25 24 23 20,1 3 3 3 24 23 21,0 12 10 1 19,0 11 7 1 18,0 14 9 2 25 20,0 8 5 2 24 20,0 2 2 2 30 22,1 7 6 1 22,1 12 9 4 31 28 27 26,1 13 8 3 29 28 27,0 12 8 2 30 28,0 1 1 2 30 27,0 2 2 1 29,1 10 6 1 32,0 11 7 1 32,1 7 5 1 32,1 1 1 1 32,1 15 10 1 32,1 0 0 0
j300303_10.sm,11,11,1 0 0 10 2 3 5 8 9 10 12 13 16 18,1 5 3 2 14 4,0 15 8 4 22 19 14 7,0 7 7 2 22 6,0 7 7 4 23 22 19 11,0 7 4 3 23 19 11,0 2 1 3 24 23 11,0 12 6 3 24 23 11,0 14 8 3 26 24 15,0 4 3 1 11,1 12 10 2 26 15,0 1 1 2 26 15,0 6 3 3 26 21 17,0 16 10 1 15,1 11 6 2 21 17,0 1 1 3 26 24 20,1 8 4 3 31 28 20,0 10 9 2 28 22,0 8 8 1 20,0 8 6 3 30 29 25,1 2 1 3 29 28 25,0 14 9 1 24,0 8 6 2 31 27,0 18 9 1 25,1 2 2 1 27,0 11 7 1 28,1 18 9 1 32,1 12 6 1 32,0 4 2 1 32,0 11 10 1 32,1 15 8 1 32,1 0 0 0
j300403_1.sm,11,11,1 0 0 3 2 3 5,0 12 8 2 9 6,1 15 9 1 4,1 11 9 2 11 7,0 4 4 2 10 8,0 8 6 3 14 11 10,1 1 1 3 17 14 10,0 2 1 2 14 9,0 8 7 4 17 16 13 12,0 1 1 3 16 13 12,0 9 8 3 17 13 12,1 8 6 1 15,0 10 9 5 28 26 23 20 18,0 6 4 5 28 26 23 21 18,0 8 7 4 28 23 20 19,0 10 5 3 26 21 20,0 10 8 3 28 23 22,0 8 7 2 24 22,0 9 6 1 21,0 3 2 2 25 24,1 11 9 1 22,1 5 4 2 31 25,0 6 4 2 31 25,0 6 5 2 31 27,1 2 2 1 27,1 12 7 1 27,0 8 7 2 30 29,1 2 2 2 30 29,0 7 4 1 32,0 4 4 1 32,0 12 8 1 32,1 0 0 0
j300403_2.sm,11,11,1 0 0 3 2 4 5,0 11 7 2 10 3,0 4 2 3 9 7 6,1 13 8 3 9 7 6,0 3 3 2 9 6,0 7 5 2 31 8,0 11 8 3 31 13 11,1 8 5 2 13 11,0 17 10 4 31 17 16 12,1 12 6 1 11,0 2 2 3 17 16 12,1 8 7 2 20 14,0 8 8 3 21 19 18,0 6 6 1 15,0 7 5 3 29 28 19,0 6 5 2 21 18,1 6 3 4 29 28 23 22,0 12 9 6 30 29 28 27 26 24,1 10 6 3 30 23 22,1 17 9 2 28 22,0 20 10 4 28 27 26 25,1 14 9 3 27 26 24,0 11 7 2 26 25,0 7 4 1 25,0 13 8 1 32,0 18 10 1 32,0 13 7 1 32,0 11 9 1 32,1 4 2 1 32,0 18 10 1 32,0 3 2 1 32,1 0 0 0
j300403_3.sm,11,11,1 0 0 3 2 5 6,0 11 6 3 14 11 3,0 14 7 2 13 4,1 14 10 3 31 30 7,1 12 6 3 31 30 7,1 7 5 3 31 30 7,0 2 1 3 17 15 8,0 9 5 3 22 18 9,0 4 4 1 10,0 1 1 3 28 25 12,0 3 3 5 29 28 27 25 16,1 13 7 3 29 27 16,0 9 6 4 28 26 25 19,0 5 3 2 30 18,1 8 6 4 27 25 24 20,0 6 3 2 26 19,0 13 9 3 24 23 21,0 6 5 1 19,0 9 9 2 24 20,0 15 10 1 23,1 2 1 1 25,1 14 7 1 25,0 5 4 1 32,0 12 8 1 32,0 3 2 1 32,1 6 6 1 32,0 12 7 1 32,0 14 9 1 32,0 6 5 1 32,0 15 8 1 32,1 12 9 1 32,1 0 0 0
j300403_4.sm,11,11,1 0 0 4 2 5 6 15,0 1 1 2 19 3,0 3 3 3 31 14 4,0 5 4 3 30 29 7,0 13 10 3 29 28 7,1 1 1 3 29 28 7,0 14 9 2 18 8,0 9 7 3 25 17 9,0 16 8 3 27 26 10,0 4 2 1 11,0 2 1 3 23 22 12,0 12 7 1 13,0 17 9 2 20 16,0 5 3 2 28 24,0 7 4 2 30 25,0 11 10 1 21,0 8 6 1 24,0 9 5 1 20,0 3 3 1 20,1 6 3 1 32,1 8 7 1 32,0 8 8 1 32,1 7 5 1 32,1 2 1 1 32,1 10 5 1 32,1 16 10 1 32,0 7 6 1 32,0 9 6 1 32,1 9 7 1 32,1 6 4 1 32,0 10 10 1 32,1 0 0 0
j300403_5.sm,11,11,1 0 0 3 2 4 5,1 3 2 2 10 3,0 8 6 3 9 7 6,1 4 4 3 9 7 6,0 16 10 2 9 6,0 14 9 1 8,0 4 2 1 8,1 16 10 3 31 13 11,1 9 5 5 31 17 16 13 12,0 2 1 1 11,0 6 6 3 17 16 12,0 6 5 2 20 14,0 9 5 2 19 18,0 10 6 1 15,0 14 7 2 29 18,1 14 7 2 22 19,0 7 7 5 30 29 28 23 22,0 20 10 4 30 28 23 22,0 7 4 3 30 29 21,0 5 4 3 29 28 22,1 5 4 4 28 27 26 24,1 4 4 3 27 26 24,0 4 2 2 26 25,0 2 2 1 25,0 13 9 1 32,1 9 6 1 32,0 18 10 1 32,1 10 6 1 32,0 7 6 1 32,0 11 8 1 32,0 3 3 1 32,1 0 0 0
j300403_6.sm,11,11,1 0 0 12 2 10 14 15 24 25 26 27 28 29 30 31,0 13 7 2 23 3,0 7 6 2 22 4,1 17 9 3 20 19 5,0 20 10 2 18 6,1 19 10 1 7,1 3 2 1 8,0 9 6 1 9,0 6 5 2 17 11,0 3 3 2 17 11,0 8 5 1 12,0 18 9 1 13,0 2 1 1 16,0 11 9 1 21,0 8 4 1 21,0 5 3 1 32,0 8 7 1 32,0 3 2 1 32,1 5 4 1 32,0 8 6 1 32,0 15 9 1 32,1 6 3 1 32,1 12 7 1 32,0 8 7 1 32,0 4 4 1 32,1 11 6 1 32,1 12 8 1 32,1 13 8 1 32,0 11 9 1 32,0 10 9 1 32,0 14 7 1 32,1 0 0 0
j300403_7.sm,11,11,1 0 0 3 2 4 5,0 11 6 2 6 3,0 15 9 4 14 10 9 7,1 2 2 4 14 11 10 8,1 5 3 3 14 8 6,0 5 4 2 17 10,0 6 5 1 8,1 18 10 3 17 13 12,0 8 4 3 17 13 12,0 11 9 2 13 12,0 10 8 3 20 16 13,0 1 1 5 21 20 19 16 15,0 10 8 3 21 19 15,0 11 6 3 20 19 18,1 3 2 2 25 18,1 11 8 2 25 18,0 3 2 2 25 18,0 5 3 4 29 27 24 22,0 8 5 3 27 24 23,1 9 9 3 25 24 23,0 7 6 1 22,0 1 1 1 23,0 7 5 1 26,0 6 3 1 26,0 5 3 1 26,1 14 8 2 30 28,1 16 9 2 30 28,0 17 9 1 31,1 12 8 1 30,0 14 9 1 32,0 10 5 1 32,1 0 0 0
j300403_8.sm,11,11,1 0 0 3 2 4 6,0 10 6 2 9 3,1 7 6 3 11 8 5,0 12 9 2 8 5,0 1 1 2 31 7,0 4 4 2 31 7,0 9 9 3 18 15 10,0 2 2 5 31 20 17 15 13,0 11 8 4 20 18 17 13,0 13 7 3 20 17 12,1 4 4 4 20 19 18 14,0 3 2 1 13,0 6 5 3 30 27 14,1 8 4 2 29 16,1 6 6 3 28 22 21,1 1 1 3 28 24 21,0 12 10 2 29 19,0 9 8 4 30 27 26 23,0 5 5 3 27 26 23,1 19 10 1 21,0 3 2 2 26 23,0 12 8 2 27 25,0 1 1 1 25,0 2 2 1 26,1 14 7 1 32,0 8 5 1 32,1 1 1 1 32,0 18 9 1 32,1 13 7 1 32,0 17 9 1 32,0 9 5 1 32,1 0 0 0
j300403_9.sm,11,11,1 0 0 3 2 3 4,0 6 3 3 10 8 7,0 18 9 2 6 5,0 16 8 2 9 6,0 14 7 2 10 8,0 3 2 2 11 10,0 8 4 2 12 9,1 13 10 2 12 11,1 4 2 2 18 11,0 7 6 3 15 13 12,1 8 6 3 16 15 13,0 6 6 4 27 19 18 17,0 11 7 1 14,1 10 6 4 26 23 20 19,1 10 7 4 27 23 20 17,1 15 8 3 27 20 19,0 12 8 3 26 25 22,0 5 5 3 26 23 22,0 19 10 1 21,0 15 8 2 25 24,0 6 6 1 22,1 2 1 1 24,1 4 2 1 24,0 14 10 2 31 28,0 4 3 2 31 28,0 7 5 2 31 28,0 7 4 2 31 28,1 4 4 2 30 29,0 8 4 1 32,0 14 8 1 32,0 2 1 1 32,1 0 0 0
j300403_10.sm,11,11,1 0 0 4 2 5 7 8,0 6 4 2 11 3,1 9 8 3 31 30 4,0 6 5 2 29 6,1 5 3 5 31 30 23 17 10,0 17 10 5 24 23 20 17 9,0 1 1 3 17 13 9,0 2 1 3 29 17 9,0 17 10 3 28 22 12,0 5 3 3 29 28 12,0 15 10 3 28 23 15,1 5 4 2 19 14,0 1 1 4 23 22 20 18,0 18 9 1 15,0 5 3 2 27 16,0 4 2 2 26 18,1 4 2 2 22 21,0 5 5 1 21,0 3 3 1 21,0 16 8 1 21,0 6 3 1 25,1 2 2 1 26,1 1 1 1 27,0 14 7 1 25,1 6 3 1 32,1 10 6 1 32,1 12 6 1 32,0 1 1 1 32,0 2 1 1 32,0 7 5 1 32,0 6 6 1 32,1 0 0 0
j300503_1.sm,11,11,1 0 0 4 2 7 30 31,0 11 7 3 16 14 3,0 2 1 2 19 4,1 2 2 1 5,0 9 8 3 11 9 6,0 10 9 3 29 28 8,0 5 4 4 28 27 14 13,0 8 4 1 10,0 10 6 5 29 28 27 26 15,0 9 6 2 27 12,1 6 3 3 28 26 15,1 10 10 1 13,0 6 6 2 26 15,0 2 1 1 15,0 8 5 3 25 24 17,0 2 2 2 20 19,0 14 7 1 18,1 15 8 2 23 20,0 11 10 2 29 21,1 17 10 1 21,0 4 2 1 22,0 6 4 1 32,1 15 9 1 32,1 8 4 1 32,0 7 4 1 32,1 11 7 1 32,0 8 4 1 32,0 10 8 1 32,1 7 5 1 32,0 12 6 1 32,0 20 10 1 32,1 0 0 0
j300503_2.sm,11,11,1 0 0 2 2 3,0 3 2 5 8 7 6 5 4,0 3 2 5 8 7 6 5 4,1 10 7 2 10 9,1 6 4 2 10 9,0 3 2 2 10 9,0 2 1 2 10 9,0 9 5 1 9,1 10 9 2 13 11,0 5 4 2 13 11,0 4 3 1 12,1 12 8 2 15 14,0 6 4 2 15 14,1 14 9 2 17 16,1 7 6 1 16,0 7 4 1 18,1 10 9 1 18,0 12 10 1 19,0 18 9 2 21 20,0 17 10 2 23 22,1 17 9 2 23 22,0 7 6 2 25 24,0 6 5 2 26 25,0 1 1 2 27 26,0 5 5 2 30 27,0 6 4 3 30 29 28,0 13 9 2 29 28,0 7 6 1 31,0 6 6 1 31,1 13 7 1 31,0 8 6 1 32,1 0 0 0
j300503_3.sm,11,11,1 0 0 1 2,0 9 5 3 10 7 3,1 13 8 1 4,0 7 4 3 13 8 5,0 2 1 1 6,0 7 4 3 16 12 9,0 12 7 3 16 12 9,1 6 4 3 16 14 12,0 5 3 2 17 11,0 9 6 3 17 16 13,1 4 2 3 20 19 14,0 3 2 4 22 21 20 19,1 2 2 4 21 20 19 18,0 9 8 2 22 15,0 1 1 3 28 21 18,0 20 10 3 31 21 19,0 6 3 3 28 22 18,1 2 2 3 31 25 23,1 14 10 3 28 25 23,1 10 7 3 31 25 24,0 3 2 2 30 24,0 2 2 2 30 24,0 5 5 1 24,0 4 4 1 26,0 14 7 2 30 29,0 8 6 1 27,1 6 3 1 29,1 8 5 1 30,0 2 1 1 32,0 6 3 1 32,0 12 8 1 32,1 0 0 0
j300503_4.sm,11,11,1 0 0 4 2 19 30 31,1 7 5 3 28 18 3,0 7 5 1 4,0 2 1 2 17 5,0 3 3 2 16 6,0 17 10 3 26 25 7,0 11 6 1 8,1 4 2 1 9,0 2 2 2 24 10,0 10 8 1 11,0 10 6 3 23 22 12,0 10 8 1 13,0 11 10 2 21 14,0 1 1 1 15,0 5 4 1 20,0 7 4 1 25,0 9 7 1 27,1 2 1 1 29,0 11 7 1 28,0 10 5 1 32,1 7 4 1 32,1 18 10 1 32,0 2 2 1 32,1 9 7 1 32,0 2 2 1 32,0 1 1 1 32,1 3 3 1 32,0 18 9 1 32,1 9 8 1 32,0 5 4 1 32,1 19 10 1 32,1 0 0 0
j300503_5.sm,11,11,1 0 0 3 2 16 31,0 6 3 2 30 3,0 6 5 3 28 27 4,0 6 6 1 5,1 8 7 2 26 6,0 11 7 3 25 24 7,0 8 5 2 23 8,1 8 8 1 9,0 12 6 2 22 10,0 14 7 1 11,0 10 9 3 21 20 12,0 14 7 2 19 13,0 10 7 2 18 14,1 10 8 1 15,1 2 2 1 17,1 17 9 1 29,0 19 10 1 32,1 2 1 1 32,1 18 9 1 32,0 16 10 1 32,1 1 1 1 32,0 4 2 1 32,0 1 1 1 32,0 11 6 1 32,1 8 7 1 32,0 13 7 1 32,0 2 1 1 32,0 2 1 1 32,0 9 9 1 32,0 9 6 1 32,0 10 5 1 32,1 0 0 0
j300503_6.sm,11,11,1 0 0 5 2 28 29 30 31,0 13 8 2 27 3,1 5 4 3 26 25 4,0 3 3 2 24 5,0 12 7 2 23 6,1 8 8 1 7,0 18 9 2 22 8,0 11 8 1 9,1 11 6 3 21 20 10,0 5 3 1 11,1 9 8 2 19 12,1 4 2 3 18 17 13,0 1 1 1 14,0 11 8 1 15,0 16 10 1 16,0 15 9 1 32,0 7 5 1 32,1 20 10 1 32,1 4 3 1 32,0 12 10 1 32,1 12 10 1 32,1 1 1 1 32,0 8 4 1 32,0 1 1 1 32,0 2 1 1 32,0 11 8 1 32,0 7 6 1 32,0 10 5 1 32,0 7 7 1 32,0 11 9 1 32,0 1 1 1 32,1 0 0 0
j300503_7.sm,11,11,1 0 0 3 2 3 31,1 12 9 2 30 4,1 4 2 2 30 4,1 13 10 2 8 5,0 15 8 2 12 6,0 10 6 2 29 7,0 10 9 2 23 9,0 3 2 3 15 12 10,1 5 5 2 15 10,0 3 2 2 22 11,0 9 6 2 19 13,0 15 8 1 13,0 7 5 1 14,0 1 1 2 28 16,0 5 5 4 28 27 21 18,1 4 2 1 17,0 4 4 3 27 21 18,0 3 3 3 26 25 20,0 6 6 1 20,0 19 10 1 24,0 9 6 1 25,0 7 6 1 28,0 8 5 1 24,0 4 4 1 32,1 3 2 1 32,0 15 9 1 32,1 1 1 1 32,0 13 10 1 32,1 7 7 1 32,0 14 10 1 32,1 3 2 1 32,1 0 0 0
j300503_8.sm,11,11,1 0 0 2 2 8,0 4 4 1 3,0 6 3 3 6 5 4,0 8 4 4 26 12 10 9,1 13 7 3 26 10 7,0 3 2 3 26 12 7,1 17 9 2 11 9,0 4 4 3 26 14 13,0 13 9 2 17 14,1 4 2 1 11,0 4 4 1 13,0 4 2 1 13,0 6 3 2 17 16,1 10 5 1 15,0 12 8 2 31 16,0 19 10 2 22 18,1 4 2 2 31 18,0 3 2 1 19,0 15 9 2 23 20,0 10 5 2 30 21,0 7 7 3 29 28 24,1 8 4 2 28 24,0 2 1 2 28 25,0 2 1 1 25,0 3 2 1 27,0 4 3 1 31,0 1 1 1 32,1 5 5 1 32,1 8 4 1 32,1 10 8 1 32,0 6 6 1 32,1 0 0 0
j300503_9.sm,11,11,1 0 0 2 2 7,0 12 8 1 3,1 9 8 3 6 5 4,0 1 1 2 9 8,1 8 4 2 12 9,1 11 7 2 14 8,0 4 3 2 14 8,0 9 7 3 12 11 10,0 8 4 3 14 11 10,0 1 1 2 15 13,1 2 1 2 15 13,0 17 9 2 15 13,1 3 3 2 17 16,0 8 4 1 15,0 2 2 1 16,0 8 6 2 25 18,1 14 10 2 25 18,0 3 2 2 22 19,0 9 8 1 20,0 3 2 2 24 21,0 16 9 2 28 23,0 10 6 2 28 23,1 3 3 2 29 26,1 14 8 2 28 26,0 2 2 3 31 29 28,0 6 6 1 27,1 7 5 1 31,0 5 3 1 30,0 2 2 1 30,0 14 10 1 32,0 1 1 1 32,1 0 0 0
j300503_10.sm,11,11,1 0 0 3 2 16 31,0 15 9 3 30 29 3,0 4 2 2 27 4,0 10 6 2 26 5,1 3 2 1 6,0 14 8 3 25 24 7,0 2 1 2 23 8,0 12 8 1 9,0 14 9 2 22 10,0 4 4 2 21 11,1 10 8 2 20 12,0 8 8 2 19 13,0 2 1 2 18 14,0 10 7 1 15,0 4 4 1 17,1 18 9 1 28,0 8 6 1 32,0 14 8 1 32,1 1 1 1 32,0 1 1 1 32,1 14 9 1 32,1 11 9 1 32,0 3 2 1 32,1 4 3 1 32,0 4 3 1 32,0 7 7 1 32,1 3 3 1 32,1 9 6 1 32,0 9 7 1 32,0 1 1 1 32,0 11 8 1 32,1 0 0 0
j300603_1.sm,11,11,1 0 0 3 2 13 18,0 6 5 1 3,1 3 2 2 22 4,0 7 5 1 5,0 6 3 3 31 10 6,0 18 10 1 7,1 3 3 3 26 12 8,1 8 8 2 14 9,0 3 3 3 20 17 11,0 16 8 4 30 20 17 15,0 13 7 2 30 15,0 1 1 2 17 14,0 10 5 2 30 14,0 10 5 2 20 19,1 9 7 1 16,0 20 10 1 19,1 9 8 1 19,0 11 7 1 19,0 16 10 1 21,1 14 10 1 21,0 2 1 1 23,1 9 6 1 23,0 6 3 1 24,0 8 7 1 25,1 4 4 2 29 27,0 2 2 2 29 27,1 6 5 1 28,0 10 10 1 32,0 13 10 1 32,0 2 1 1 32,0 10 9 1 32,1 0 0 0
j300603_2.sm,11,11,1 0 0 3 2 17 31,0 8 5 2 30 3,0 1 1 2 29 4,1 8 6 1 5,1 18 9 2 28 6,0 6 4 1 7,0 8 5 2 27 8,0 6 4 1 9,0 5 4 1 10,0 10 8 1 11,1 20 10 2 26 12,0 2 1 3 25 24 13,1 2 1 1 14,1 8 5 2 23 15,0 12 9 2 22 16,0 2 2 2 21 18,1 11 10 2 21 18,0 7 4 1 19,0 6 6 1 20,1 7 7 1 32,0 15 9 1 32,0 1 1 1 32,0 18 9 1 32,1 10 10 1 32,0 9 8 1 32,0 6 5 1 32,1 2 1 1 32,0 5 3 1 32,0 5 5 1 32,0 7 6 1 32,0 1 1 1 32,1 0 0 0
j300603_3.sm,11,11,1 0 0 3 2 20 31,1 15 8 1 3,0 4 2 2 24 4,0 5 4 1 5,0 6 5 3 30 11 6,1 5 3 1 7,0 7 7 3 29 12 8,1 4 2 2 17 9,0 6 6 3 22 16 10,1 7 6 2 28 13,0 10 6 2 16 14,0 14 10 2 22 17,0 2 2 1 14,0 3 2 1 15,0 2 2 1 18,1 8 5 1 18,0 11 8 1 18,0 10 8 1 19,1 2 1 1 21,0 18 9 1 21,0 6 3 1 23,0 1 1 1 23,1 9 6 2 27 25,0 5 3 2 27 25,1 5 3 1 26,0 4 2 1 32,0 8 7 1 32,0 1 1 1 32,0 14 8 1 32,1 1 1 1 32,0 9 8 1 32,1 0 0 0
j300603_4.sm,11,11,1 0 0 2 2 9,0 3 3 1 3,0 6 3 2 10 4,0 5 4 2 11 5,0 12 7 2 14 6,0 5 3 2 31 7,1 8 4 1 8,1 18 9 2 20 12,0 8 5 2 20 12,0 10 6 3 31 20 15,0 15 9 2 20 13,0 15 9 1 13,0 4 2 1 15,0 16 10 1 15,1 9 7 2 30 16,0 14 8 2 29 17,0 13 7 2 22 18,0 13 7 1 19,0 13 7 2 28 21,0 12 6 5 29 28 27 26 24,1 5 4 1 23,1 2 2 1 23,0 7 6 3 27 26 24,1 2 2 1 25,1 10 9 1 32,0 11 9 1 32,0 3 2 1 32,1 11 6 1 32,0 7 5 1 32,1 9 9 1 32,0 9 6 1 32,1 0 0 0
j300603_5.sm,11,11,1 0 0 6 2 3 15 19 24 31,0 1 1 3 18 13 4,0 12 10 3 18 7 5,1 3 3 1 5,1 15 9 1 6,1 9 7 2 30 8,1 4 3 2 30 9,0 10 8 1 9,0 4 4 1 10,1 7 4 1 11,0 18 9 1 12,0 8 6 1 14,0 4 2 1 14,0 9 6 2 28 16,0 9 9 3 28 18 17,0 2 2 2 29 17,0 1 1 1 20,0 14 10 1 20,1 3 3 1 20,1 15 10 2 27 21,0 10 10 1 22,0 4 2 1 23,0 17 10 1 25,0 20 10 1 25,0 2 1 1 26,1 9 8 1 32,0 1 1 1 32,0 16 9 1 32,0 2 1 1 32,1 1 1 1 32,0 7 5 1 32,1 0 0 0
j300603_6.sm,11,11,1 0 0 2 2 6,1 11 7 1 3,0 8 6 2 13 4,0 8 7 1 5,0 18 10 4 25 19 12 7,0 8 8 2 19 8,0 6 3 1 8,1 7 4 1 9,0 16 10 1 10,0 17 9 1 11,0 2 1 2 31 14,1 8 4 2 31 14,0 14 7 3 25 19 16,0 4 3 1 15,1 13 8 2 30 16,0 17 9 2 21 17,0 8 7 2 27 18,0 4 3 2 24 20,0 16 8 3 30 27 22,0 6 3 2 29 22,1 7 6 2 27 22,0 3 3 1 23,1 4 3 1 26,0 4 2 1 28,0 8 5 1 26,1 5 5 1 32,0 7 7 1 32,0 6 4 1 32,0 7 4 1 32,1 18 9 1 32,1 4 2 1 32,1 0 0 0
j300603_7.sm,11,11,1 0 0 5 2 28 29 30 31,0 8 5 2 27 3,0 2 2 1 4,0 10 5 1 5,1 6 6 2 26 6,1 7 4 1 7,0 10 6 2 25 8,0 5 5 2 24 9,0 9 8 1 10,0 13 7 2 23 11,0 8 7 1 12,0 9 5 3 22 21 13,0 4 4 2 20 14,0 18 10 1 15,1 6 5 1 16,1 1 1 1 17,0 9 5 1 18,0 6 5 1 19,0 16 10 1 32,0 9 5 1 32,0 2 1 1 32,1 3 2 1 32,0 4 4 1 32,1 6 3 1 32,0 11 9 1 32,0 2 2 1 32,1 6 5 1 32,1 3 2 1 32,0 2 2 1 32,1 8 4 1 32,0 4 4 1 32,1 0 0 0
j300603_8.sm,11,11,1 0 0 5 2 3 10 13 17,1 11 9 3 9 6 5,0 11 6 2 7 4,0 9 7 2 15 9,1 14 8 1 7,0 2 1 2 15 11,1 2 1 1 8,1 2 1 1 11,0 3 3 1 11,0 8 4 1 11,0 6 4 1 12,0 11 10 2 23 14,1 8 8 2 23 15,0 16 9 1 16,0 3 3 1 16,0 16 8 1 18,0 19 10 1 18,0 3 2 1 19,1 9 8 1 20,0 6 4 3 31 30 21,0 11 8 1 22,1 3 3 1 24,1 20 10 1 24,0 2 1 2 29 25,0 13 7 1 26,0 15 9 1 27,1 18 10 1 28,0 16 9 1 32,0 11 7 1 32,0 3 3 1 32,0 7 6 1 32,1 0 0 0
j300603_9.sm,11,11,1 0 0 1 2,0 19 10 2 6 3,0 1 1 1 4,1 1 1 3 12 8 5,0 7 7 1 7,1 6 3 1 7,1 4 2 2 10 9,1 3 2 1 9,0 8 4 2 16 11,1 13 7 3 18 16 14,0 11 6 1 13,0 2 2 1 13,1 5 4 2 18 14,0 9 8 1 15,0 8 7 2 21 17,0 6 4 2 21 19,0 8 4 2 26 19,0 9 9 2 26 19,0 9 5 1 20,0 14 7 2 24 22,1 13 8 2 26 22,0 11 6 2 31 23,0 15 10 1 25,0 7 7 1 25,1 3 2 3 30 29 27,0 4 4 1 27,0 14 10 1 28,1 16 10 1 32,0 8 5 1 32,0 6 6 1 32,0 7 7 1 32,1 0 0 0
j300603_10.sm,11,11,1 0 0 4 2 29 30 31,0 2 2 2 28 3,0 2 1 1 4,0 13 9 2 27 5,0 2 1 2 26 6,0 9 6 1 7,0 2 2 1 8,0 9 7 2 25 9,1 17 10 1 10,0 10 6 3 24 23 11,1 16 10 1 12,0 7 5 2 22 13,0 16 8 2 21 14,1 9 7 2 20 15,1 3 3 1 16,0 5 5 1 17,1 10 10 1 18,1 3 2 1 19,0 7 5 1 32,1 11 6 1 32,1 4 2 1 32,0 4 4 1 32,0 14 8 1 32,0 1 1 1 32,0 20 10 1 32,0 8 5 1 32,1 4 3 1 32,0 6 3 1 32,0 8 4 1 32,0 7 4 1 32,0 1 1 1 32,1 0 0 0
j300703_1.sm,11,11,1 0 0 1 2,1 9 9 2 8 3,0 5 4 2 11 4,1 12 7 2 19 5,0 13 10 1 6,0 6 6 2 24 7,0 8 4 2 17 9,0 11 7 2 17 9,0 1 1 1 10,0 2 1 1 12,0 14 8 4 31 24 23 14,1 10 8 2 23 13,0 4 2 2 31 14,0 5 4 1 15,1 2 2 1 16,0 7 4 1 18,0 15 10 1 18,1 9 9 2 30 20,1 7 6 3 30 29 22,0 1 1 2 29 21,0 16 9 1 22,0 5 3 1 25,1 8 6 1 25,0 3 3 1 25,0 8 7 1 26,1 16 9 1 27,0 1 1 1 28,0 12 6 1 32,1 3 3 1 32,0 10 10 1 32,0 6 3 1 32,1 0 0 0
j300703_2.sm,11,11,1 0 0 1 2,1 18 10 1 3,0 16 10 1 4,0 2 1 1 5,0 9 7 1 6,0 11 9 2 11 7,0 7 4 1 8,1 10 5 3 18 12 9,1 14 9 2 14 10,0 3 3 2 22 13,0 4 2 3 26 18 15,0 6 5 2 16 14,0 7 4 3 26 20 15,0 8 5 3 26 22 20,0 8 8 1 16,0 13 8 1 17,1 5 5 1 19,0 9 6 1 20,0 2 1 1 21,0 14 10 1 21,0 6 3 2 25 23,0 13 10 2 25 23,1 14 10 1 24,0 3 2 1 27,1 10 8 1 27,0 9 8 1 27,0 6 5 1 28,1 2 1 2 31 29,1 14 8 1 30,0 6 3 1 32,1 7 4 1 32,1 0 0 0
j300703_3.sm,11,11,1 0 0 1 2,0 13 10 1 3,0 10 7 1 4,1 17 10 2 9 5,0 7 6 1 6,0 10 9 2 31 7,1 12 6 2 18 8,1 2 2 2 30 10,0 3 3 3 30 14 13,0 4 3 1 11,1 5 3 1 12,0 8 6 1 13,0 13 8 2 21 15,1 8 5 2 21 15,0 10 9 1 16,0 14 9 1 17,1 4 3 2 29 19,0 7 5 2 29 21,0 8 6 1 20,0 5 4 2 28 22,0 8 4 2 28 22,0 4 2 2 27 23,0 10 8 1 24,1 4 4 1 25,1 3 3 1 26,1 5 5 1 32,0 3 2 1 32,0 13 8 1 32,0 1 1 1 32,0 6 3 1 32,0 13 9 1 32,1 0 0 0
j300703_4.sm,11,11,1 0 0 2 2 11,0 4 4 1 3,0 4 4 3 31 16 4,1 5 5 1 5,0 7 7 1 6,0 4 2 2 30 7,0 15 9 2 22 8,1 1 1 1 9,1 11 7 1 10,0 11 8 3 29 28 12,1 13 9 3 29 28 14,1 14 7 1 13,0 4 2 1 14,1 6 4 1 15,1 2 1 2 27 17,0 4 2 3 30 26 18,0 6 3 2 26 18,0 5 3 1 19,0 4 4 1 20,0 8 5 1 21,0 8 5 1 23,1 4 4 1 23,0 12 6 1 24,0 2 2 1 25,0 5 3 1 32,0 6 4 1 32,0 11 8 1 32,0 13 10 1 32,0 4 2 1 32,0 9 5 1 32,1 10 5 1 32,1 0 0 0
j300703_5.sm,11,11,1 0 0 2 2 19,0 4 2 1 3,1 11 7 3 31 17 4,0 2 2 1 5,0 4 3 1 6,0 16 8 2 29 7,0 6 3 2 30 8,1 3 2 1 9,0 17 10 1 10,0 5 4 3 28 27 11,0 12 10 1 12,0 3 2 1 13,1 2 1 2 26 14,0 13 9 2 25 15,0 2 2 1 16,1 11 7 1 18,1 4 2 3 29 25 22,1 18 10 1 20,0 6 6 1 20,0 1 1 1 21,0 17 9 1 22,1 15 8 1 23,0 10 6 1 24,0 15 10 1 32,0 18 10 1 32,0 7 7 1 32,1 13 9 1 32,0 7 5 1 32,1 10 6 1 32,0 2 2 1 32,0 1 1 1 32,1 0 0 0
j300703_6.sm,11,11,1 0 0 1 2,0 2 1 2 31 3,0 9 9 1 4,0 2 1 2 30 5,0 4 2 2 29 6,1 2 1 1 7,0 3 2 2 28 8,1 2 2 3 27 26 9,0 9 6 1 10,1 6 4 2 25 11,0 3 3 2 24 12,1 4 3 1 13,0 12 10 1 14,0 4 2 1 15,1 11 7 1 16,0 7 5 1 17,0 6 6 2 23 18,0 12 9 1 19,0 5 4 1 20,0 9 5 1 21,1 6 6 1 22,1 10 10 1 32,0 1 1 1 32,0 4 3 1 32,0 5 5 1 32,1 6 4 1 32,1 1 1 1 32,0 13 9 1 32,0 4 3 1 32,0 3 3 1 32,0 1 1 1 32,1 0 0 0
j300703_7.sm,11,11,1 0 0 6 2 27 28 29 30 31,0 20 10 1 3,1 11 8 2 26 4,0 4 2 1 5,0 3 2 1 6,0 8 6 1 7,1 2 2 3 25 24 8,0 8 7 1 9,0 13 8 1 10,0 12 7 2 23 11,0 6 3 1 12,1 8 6 1 13,0 5 3 1 14,0 7 7 1 15,0 17 10 1 16,1 8 7 1 17,0 7 6 1 18,1 12 9 1 19,1 3 2 1 20,1 12 9 1 21,1 6 4 1 22,0 1 1 1 32,0 3 3 1 32,0 6 3 1 32,0 14 7 1 32,0 1 1 1 32,0 4 2 1 32,0 9 6 1 32,0 1 1 1 32,1 8 7 1 32,0 5 3 1 32,1 0 0 0
j300703_8.sm,11,11,1 0 0 1 2,0 4 4 2 5 3,1 11 8 1 4,0 5 5 1 6,0 1 1 1 6,1 10 7 1 7,0 19 10 3 11 10 8,0 7 5 1 9,0 10 7 2 13 12,1 9 6 2 14 13,0 9 9 2 14 13,0 17 10 2 17 14,0 7 6 2 17 15,0 8 6 1 15,0 8 8 1 16,0 5 5 2 20 18,0 10 5 2 20 19,1 13 10 1 19,0 4 3 1 21,0 6 3 1 21,0 9 8 2 24 22,1 4 3 1 23,1 2 2 2 27 25,1 4 3 2 27 25,1 3 2 1 26,1 12 7 1 28,0 14 7 1 29,0 18 9 1 30,0 2 1 1 30,0 6 5 1 31,0 5 3 1 32,1 0 0 0
j300703_9.sm,11,11,1 0 0 1 2,0 4 3 2 7 3,0 16 9 1 4,0 11 7 3 13 10 5,0 2 1 1 6,0 18 9 2 20 8,0 11 9 2 20 8,0 5 4 1 9,0 4 2 2 16 11,1 6 3 3 21 20 14,0 12 8 1 12,0 12 9 2 21 14,0 6 6 2 21 17,1 10 5 1 15,1 8 4 1 17,0 1 1 1 17,1 10 6 2 28 18,0 4 4 1 19,1 9 7 2 31 22,1 4 3 2 31 22,0 12 6 2 31 23,0 6 3 1 23,1 12 6 2 27 24,0 11 8 1 25,0 9 9 1 26,0 2 2 1 29,1 8 8 1 29,1 8 4 1 29,0 4 3 1 30,0 6 5 1 32,0 9 5 1 32,1 0 0 0
j300703_10.sm,11,11,1 0 0 1 2,1 5 5 2 15 3,0 2 1 2 20 4,0 7 6 2 31 5,1 16 8 1 6,1 9 6 3 30 29 7,0 5 5 1 8,0 6 4 1 9,0 3 2 1 10,0 2 1 2 28 11,0 4 3 1 12,0 10 7 1 13,0 8 4 1 14,0 1 1 2 27 16,0 8 4 2 20 18,0 14 9 1 17,0 9 5 1 18,0 2 2 2 25 19,1 1 1 2 26 21,0 15 10 2 25 22,0 8 5 1 22,0 14 7 1 23,0 8 5 1 24,0 10 5 1 32,0 5 3 1 32,1 12 6 1 32,1 2 2 1 32,1 11 9 1 32,1 5 3 1 32,1 7 7 1 32,0 5 3 1 32,1 0 0 0
j300803_1.sm,11,11,1 0 0 3 2 9 29,0 10 9 1 3,0 9 5 1 4,0 17 10 2 13 5,0 12 6 1 6,1 13 8 1 7,0 3 2 2 23 8,0 1 1 1 10,0 11 7 1 10,1 13 10 1 11,0 4 3 2 25 12,1 8 5 1 14,0 9 9 1 14,0 16 10 1 15,1 4 3 1 16,1 7 6 1 17,0 1 1 1 18,0 11 7 1 19,0 8 4 1 20,0 5 3 1 21,1 6 3 2 31 22,0 4 2 1 24,0 3 3 1 24,1 6 6 1 26,1 8 8 1 26,0 2 1 1 27,1 16 8 1 28,0 12 6 1 30,0 5 3 1 30,0 15 10 1 32,0 8 5 1 32,1 0 0 0
j300803_2.sm,11,11,1 0 0 2 2 20,1 1 1 1 3,0 1 1 1 4,0 13 7 1 5,0 11 10 1 6,0 1 1 1 7,0 6 5 1 8,1 7 5 1 9,1 16 9 1 10,1 12 8 1 11,0 13 9 1 12,1 1 1 1 13,0 4 2 2 31 14,0 6 4 1 15,0 6 4 2 30 16,0 8 5 1 17,1 8 4 2 29 18,1 3 3 2 28 19,0 7 5 2 27 21,0 9 9 2 27 21,0 2 1 1 22,0 10 8 1 23,0 12 7 1 24,0 8 6 1 25,1 9 6 1 26,0 11 6 1 32,0 3 2 1 32,0 10 7 1 32,0 13 10 1 32,0 13 7 1 32,1 5 4 1 32,1 0 0 0
j300803_3.sm,11,11,1 0 0 4 2 29 30 31,1 4 4 2 28 3,0 2 2 2 27 4,0 2 1 1 5,0 6 4 1 6,0 17 10 1 7,0 12 6 1 8,0 1 1 1 9,0 16 9 2 26 10,1 13 10 1 11,0 10 6 1 12,1 9 8 1 13,0 7 6 1 14,0 9 5 1 15,0 2 1 1 16,0 4 3 1 17,0 2 2 1 18,1 9 5 1 19,0 1 1 1 20,0 10 8 1 21,0 7 6 1 22,0 3 3 1 23,1 14 10 1 24,0 13 7 1 25,1 1 1 1 32,0 19 10 1 32,0 11 7 1 32,1 3 3 1 32,1 4 2 1 32,1 5 3 1 32,0 12 6 1 32,1 0 0 0
j300803_4.sm,11,11,1 0 0 3 2 30 31,0 10 9 2 23 3,0 10 5 1 4,0 7 5 2 29 5,0 11 9 1 6,1 4 2 1 7,0 6 6 1 8,0 1 1 1 9,1 9 6 1 10,0 4 2 1 11,0 5 3 2 28 12,1 4 2 1 13,0 9 8 1 14,1 2 2 2 27 15,0 2 1 1 16,1 14 7 1 17,0 11 6 1 18,0 11 6 1 19,1 10 9 1 20,0 11 9 1 21,0 10 6 1 22,0 6 3 1 24,0 4 2 1 24,0 16 8 1 25,0 8 5 1 26,0 5 4 1 32,1 7 7 1 32,1 6 4 1 32,1 2 1 1 32,0 1 1 1 32,0 3 2 1 32,1 0 0 0
j300803_5.sm,11,11,1 0 0 2 2 31,1 17 9 1 3,0 1 1 1 4,0 5 3 1 5,0 6 3 1 6,0 8 7 1 7,1 8 4 2 30 8,0 2 1 1 9,0 9 7 2 29 10,0 14 7 1 11,0 16 10 1 12,1 12 6 1 13,0 16 10 1 14,1 9 9 3 28 27 15,1 4 2 1 16,0 7 7 2 26 17,1 8 4 1 18,0 3 3 1 19,0 16 8 1 20,0 4 2 1 21,0 8 4 1 22,0 4 4 1 23,1 9 5 1 24,0 2 2 1 25,0 8 7 1 32,1 2 2 1 32,0 5 4 1 32,1 3 2 1 32,0 7 5 1 32,0 13 8 1 32,0 2 2 1 32,1 0 0 0
j300803_6.sm,11,11,1 0 0 2 2 7,0 1 1 1 3,0 13 7 2 12 4,0 4 2 1 5,0 12 8 1 6,0 7 5 2 10 8,0 6 6 2 12 10,1 13 8 1 9,0 19 10 2 16 11,0 13 9 2 16 13,1 10 6 1 13,0 10 5 1 13,1 10 9 1 14,0 17 9 1 15,1 3 2 1 17,0 18 10 1 17,1 4 2 1 18,0 17 9 1 19,1 1 1 2 26 20,0 19 10 2 29 21,0 2 1 1 22,0 7 4 1 23,0 11 7 1 24,0 16 8 1 25,0 10 7 1 27,0 9 5 1 27,1 6 3 1 28,0 13 7 1 30,1 4 3 1 30,1 2 2 1 31,0 1 1 1 32,1 0 0 0
j300803_7.sm,11,11,1 0 0 3 2 26 31,0 10 5 1 3,0 9 5 1 4,0 13 9 2 12 5,1 10 10 1 6,0 2 2 1 7,1 11 6 2 14 8,0 14 10 1 9,1 2 2 1 10,0 16 8 1 11,0 4 2 1 13,0 8 7 1 14,1 10 9 1 15,0 14 8 1 15,1 8 6 1 16,0 2 2 2 30 17,1 15 10 2 29 18,0 5 4 1 19,1 14 10 1 20,1 6 6 1 21,0 12 6 1 22,0 8 8 1 23,0 6 4 1 24,0 5 4 1 25,0 8 6 1 27,0 2 1 1 27,0 16 8 1 28,0 2 1 1 32,0 11 6 1 32,0 15 8 1 32,1 7 6 1 32,1 0 0 0
j300803_8.sm,11,11,1 0 0 3 2 4 10,1 9 7 2 13 3,0 9 6 1 5,1 8 7 1 5,0 11 9 1 6,0 4 3 1 7,0 9 8 1 8,0 5 3 1 9,0 10 6 1 11,0 16 8 1 11,1 2 2 1 12,0 5 3 1 14,1 7 5 1 14,1 1 1 2 28 15,1 10 5 1 16,0 8 7 1 17,0 14 7 2 31 18,1 1 1 1 19,0 8 6 2 30 20,0 5 3 1 21,1 16 8 1 22,0 4 3 1 23,0 18 9 1 24,1 2 2 1 25,0 7 6 1 26,0 8 6 1 27,0 6 6 1 29,0 11 9 1 29,0 4 3 1 32,0 5 5 1 32,0 3 3 1 32,1 0 0 0
j300803_9.sm,11,11,1 0 0 5 2 28 29 30 31,0 15 8 1 3,0 13 8 1 4,0 1 1 1 5,0 2 1 1 6,0 3 3 3 27 26 7,0 12 9 1 8,0 8 4 1 9,0 16 9 1 10,0 4 3 1 11,1 3 2 1 12,1 16 9 1 13,0 9 6 1 14,0 3 3 1 15,0 8 5 1 16,1 15 9 1 17,1 14 7 1 18,1 18 9 1 19,0 2 1 1 20,0 15 9 1 21,0 11 10 1 22,0 10 7 1 23,1 10 8 1 24,0 12 6 1 25,1 13 10 1 32,0 1 1 1 32,1 7 4 1 32,0 9 7 1 32,0 2 1 1 32,1 10 6 1 32,0 10 6 1 32,1 0 0 0
j300803_10.sm,11,11,1 0 0 2 2 4,0 13 10 1 3,0 16 10 1 5,0 10 6 1 5,0 14 7 1 6,1 8 7 1 7,0 13 10 1 8,0 12 9 2 12 9,1 11 9 1 10,1 4 3 1 11,0 6 3 1 13,0 11 7 1 13,1 10 8 1 14,1 1 1 1 15,0 17 9 2 24 16,1 4 2 1 17,0 1 1 1 18,1 4 3 1 19,0 15 10 1 20,0 2 1 2 22 21,0 16 8 2 26 23,0 10 8 2 26 25,1 4 2 1 25,0 12 7 1 25,0 2 1 2 29 27,1 19 10 2 29 28,0 9 5 1 28,0 6 6 1 30,0 4 2 1 30,0 1 1 1 31,0 11 10 1 32,1 0 0 0
j300903_1.sm,11,11,1 0 0 2 2 5,0 7 7 1 3,0 9 5 1 4,0 9 5 1 6,0 10 5 1 6,1 3 2 1 7,0 13 9 1 8,0 1 1 1 9,1 10 8 1 10,0 11 9 1 11,0 3 2 1 12,1 1 1 2 16 13,0 5 3 1 14,1 3 3 1 15,1 2 2 1 17,0 12 10 1 17,0 5 4 1 18,0 18 10 1 19,0 4 2 1 20,0 8 7 1 21,0 14 8 2 30 22,1 4 2 1 23,1 18 9 1 24,0 12 8 1 25,1 9 5 1 26,0 3 2 1 27,1 3 2 1 28,0 10 7 1 29,0 8 8 1 31,0 10 6 1 31,0 3 3 1 32,1 0 0 0
j300903_2.sm,11,11,1 0 0 2 2 8,0 3 2 1 3,0 5 4 1 4,0 2 2 1 5,0 3 2 1 6,1 1 1 1 7,1 5 3 1 9,0 3 2 1 9,1 5 3 1 10,0 2 1 1 11,0 11 6 2 23 12,0 15 9 1 13,0 7 5 1 14,1 15 8 1 15,0 5 5 1 16,0 6 3 1 17,0 16 10 1 18,1 4 3 2 31 19,0 14 8 1 20,0 7 5 1 21,0 16 10 1 22,1 2 1 1 24,1 13 7 1 24,0 14 9 1 25,0 14 9 1 26,1 7 5 1 27,0 10 8 1 28,0 2 2 1 29,0 14 7 1 30,1 9 5 1 32,0 9 8 1 32,1 0 0 0
j300903_3.sm,11,11,1 0 0 2 2 7,0 16 8 1 3,1 9 5 1 4,0 8 4 1 5,0 17 9 1 6,0 8 6 1 8,0 9 8 1 8,0 10 5 1 9,0 13 7 1 10,0 18 9 1 11,1 6 4 2 31 12,1 1 1 1 13,1 10 5 1 14,0 5 5 1 15,0 2 1 2 25 16,1 3 3 1 17,0 14 10 1 18,1 16 10 1 19,0 13 10 1 20,1 2 1 1 21,0 3 3 1 22,0 17 10 1 23,0 6 3 1 24,0 2 1 1 26,0 8 5 1 26,0 18 9 1 27,0 7 5 1 28,0 10 8 1 29,1 12 10 1 30,1 4 3 1 32,0 6 3 1 32,1 0 0 0
j300903_4.sm,11,11,1 0 0 1 2,1 4 2 1 3,1 8 8 1 4,1 15 8 2 28 5,0 2 2 1 6,0 19 10 1 7,0 2 1 1 8,0 3 2 1 9,0 1 1 1 10,0 10 7 1 11,0 12 9 1 12,0 8 7 1 13,1 11 6 1 14,1 3 2 2 31 15,0 8 6 1 16,0 5 5 1 17,1 10 8 1 18,0 17 10 1 19,0 18 10 1 20,0 10 6 1 21,0 7 5 1 22,1 6 6 1 23,0 3 2 2 30 24,0 7 4 1 25,1 7 4 1 26,0 7 5 1 27,1 3 2 1 29,0 11 6 1 30,0 4 3 1 32,0 16 8 1 32,0 6 6 1 32,1 0 0 0
j300903_5.sm,11,11,1 0 0 1 2,1 3 3 1 3,0 15 10 1 4,0 4 3 1 5,0 4 2 1 6,0 12 8 1 7,0 15 10 1 8,0 7 6 2 20 9,0 11 9 1 10,1 19 10 1 11,1 16 8 1 12,0 12 6 1 13,1 10 5 1 14,0 4 2 2 31 15,1 15 8 1 16,0 4 4 1 17,0 14 8 2 30 18,1 11 10 1 19,1 3 3 1 21,0 14 7 1 21,0 10 5 1 22,0 11 6 1 23,0 10 8 1 24,0 12 10 1 25,1 4 2 1 26,0 7 4 1 27,0 8 4 1 28,0 8 6 1 29,0 7 5 1 32,0 8 6 1 32,1 9 6 1 32,1 0 0 0
j300903_6.sm,11,11,1 0 0 1 2,0 19 10 1 3,0 4 2 3 31 30 4,0 7 4 1 5,0 8 7 1 6,1 6 3 1 7,0 10 9 1 8,0 9 5 1 9,0 9 7 1 10,1 9 8 1 11,1 15 9 1 12,0 4 4 1 13,0 16 9 2 29 14,0 18 10 1 15,0 11 9 1 16,0 13 8 1 17,0 3 2 1 18,0 12 8 1 19,0 3 3 1 20,1 9 6 1 21,1 13 10 1 22,0 3 3 1 23,1 10 6 1 24,0 8 4 1 25,1 7 4 1 26,1 8 4 1 27,0 7 5 1 28,0 12 8 1 32,0 6 3 1 32,0 4 2 1 32,1 6 3 1 32,1 0 0 0
j300903_7.sm,11,11,1 0 0 2 2 6,1 13 7 1 3,0 3 2 1 4,1 6 5 1 5,0 3 2 1 7,0 4 3 1 7,1 10 6 1 8,0 12 7 1 9,0 4 3 1 10,0 19 10 1 11,0 13 8 2 14 12,1 13 7 1 13,0 11 10 1 15,0 5 3 1 15,1 6 3 1 16,0 10 8 1 17,0 5 3 2 21 18,0 4 2 1 19,0 5 5 1 20,0 1 1 1 22,0 13 9 1 22,1 12 8 1 23,0 14 8 1 24,0 3 2 1 25,0 8 8 1 26,1 13 8 1 27,1 14 7 1 28,0 5 5 1 29,0 7 4 1 30,0 13 8 1 31,1 4 2 1 32,1 0 0 0
j300903_8.sm,11,11,1 0 0 2 2 7,0 1 1 1 3,1 7 4 1 4,0 4 2 1 5,0 8 4 1 6,1 12 9 1 8,0 12 9 1 8,0 15 10 1 9,1 16 8 1 10,0 12 6 1 11,0 10 6 2 31 12,1 16 9 1 13,0 5 5 1 14,0 10 5 1 15,1 2 2 1 16,0 3 2 2 23 17,0 10 9 1 18,0 5 5 1 19,0 10 8 1 20,1 6 3 1 21,0 18 9 1 22,0 3 2 1 24,0 1 1 1 24,0 2 1 1 25,0 20 10 1 26,1 4 3 1 27,0 10 7 1 28,0 2 1 1 29,0 9 6 1 30,1 4 3 1 32,1 4 4 1 32,1 0 0 0
j300903_9.sm,11,11,1 0 0 2 2 31,0 2 1 1 3,0 6 5 1 4,0 2 1 1 5,0 14 7 2 30 6,0 6 4 1 7,1 3 2 1 8,0 8 5 1 9,0 4 3 1 10,0 2 1 1 11,0 2 1 1 12,1 11 9 1 13,0 2 1 1 14,1 9 5 1 15,1 6 5 1 16,1 12 7 2 29 17,0 6 6 1 18,0 6 3 1 19,0 8 6 1 20,0 8 5 1 21,0 17 9 1 22,1 3 2 1 23,0 4 2 1 24,0 3 2 1 25,1 20 10 1 26,0 3 3 1 27,1 10 7 1 28,0 2 2 1 32,1 6 3 1 32,0 3 3 1 32,0 9 8 1 32,1 0 0 0
j300903_10.sm,11,11,1 0 0 1 2,0 2 2 1 3,0 3 2 1 4,0 3 2 3 31 30 5,0 6 3 1 6,0 12 6 1 7,1 7 4 1 8,1 4 2 1 9,1 17 10 1 10,0 12 6 1 11,1 10 6 1 12,0 14 8 1 13,0 2 2 2 29 14,0 5 4 1 15,1 3 3 1 16,1 4 2 1 17,0 9 5 1 18,1 12 10 1 19,0 2 2 1 20,0 11 7 1 21,0 7 7 1 22,0 14 7 1 23,0 15 9 1 24,1 4 2 1 25,0 4 3 1 26,1 3 3 1 27,0 2 2 1 28,0 6 5 1 32,0 7 6 1 32,0 7 4 1 32,0 10 5 1 32,1 0 0 0
j301003_1.sm,11,11,1 0 0 1 2,1 11 9 1 3,0 1 1 1 4,0 12 7 1 5,0 13 8 1 6,0 14 8 1 7,0 2 2 1 8,0 2 2 1 9,0 6 6 1 10,0 2 2 1 11,0 17 10 1 12,0 9 7 1 13,0 5 4 1 14,0 3 3 1 15,1 15 10 1 16,0 6 4 1 17,1 5 5 1 18,1 5 3 1 19,0 1 1 1 20,0 1 1 1 21,0 20 10 1 22,0 15 8 1 23,0 14 7 1 24,1 13 8 1 25,1 11 10 1 26,0 10 10 1 27,1 3 3 1 28,0 16 10 1 29,0 10 9 1 30,1 13 7 1 31,1 4 3 1 32,1 0 0 0
j301003_2.sm,11,11,1 0 0 1 2,0 12 9 1 3,0 1 1 1 4,0 10 7 1 5,0 15 8 1 6,0 10 8 1 7,1 4 2 1 8,0 4 2 1 9,1 9 6 1 10,1 2 2 1 11,1 10 10 1 12,1 8 7 1 13,0 4 4 1 14,0 5 3 1 15,0 15 10 1 16,0 4 4 1 17,0 8 5 1 18,0 6 3 1 19,1 1 1 1 20,0 1 1 1 21,1 16 10 1 22,0 11 8 1 23,0 10 7 1 24,1 8 8 1 25,0 13 10 1 26,0 16 10 1 27,0 3 3 1 28,0 19 10 1 29,0 18 9 1 30,1 11 7 1 31,0 3 3 1 32,1 0 0 0
j301003_3.sm,11,11,1 0 0 1 2,0 16 9 1 3,0 1 1 1 4,0 13 7 1 5,1 13 8 1 6,0 14 8 1 7,0 2 2 1 8,0 4 2 1 9,0 6 6 1 10,0 3 2 1 11,0 13 10 1 12,0 9 7 1 13,1 8 4 1 14,0 4 3 1 15,0 19 10 1 16,0 4 4 1 17,1 10 5 1 18,0 6 3 1 19,0 1 1 1 20,0 1 1 1 21,1 11 10 1 22,1 15 8 1 23,1 10 7 1 24,0 12 8 1 25,0 18 10 1 26,1 20 10 1 27,1 4 3 1 28,0 18 10 1 29,0 10 9 1 30,0 7 7 1 31,1 5 3 1 32,1 0 0 0
j301003_4.sm,11,11,1 0 0 1 2,1 16 9 1 3,0 2 1 1 4,0 14 7 1 5,1 8 8 1 6,0 9 8 1 7,0 4 2 1 8,0 4 2 1 9,1 11 6 1 10,1 2 2 1 11,0 17 10 1 12,0 7 7 1 13,0 7 4 1 14,1 6 3 1 15,0 20 10 1 16,0 8 4 1 17,0 5 5 1 18,0 5 3 1 19,1 1 1 1 20,0 1 1 1 21,1 20 10 1 22,0 13 8 1 23,0 9 7 1 24,0 8 8 1 25,0 11 10 1 26,1 13 10 1 27,0 5 3 1 28,0 16 10 1 29,1 11 9 1 30,0 13 7 1 31,0 3 3 1 32,1 0 0 0
j301003_5.sm,11,11,1 0 0 1 2,0 14 9 1 3,0 1 1 1 4,1 13 7 1 5,0 13 8 1 6,0 15 8 1 7,0 3 2 1 8,0 2 2 1 9,0 8 6 1 10,0 2 2 1 11,0 10 10 1 12,1 7 7 1 13,0 4 4 1 14,1 3 3 1 15,0 15 10 1 16,0 8 4 1 17,0 7 5 1 18,1 4 3 1 19,1 1 1 1 20,0 2 1 1 21,0 16 10 1 22,0 12 8 1 23,0 12 7 1 24,0 15 8 1 25,1 12 10 1 26,1 10 10 1 27,1 5 3 1 28,0 14 10 1 29,0 15 9 1 30,1 7 7 1 31,0 6 3 1 32,1 0 0 0
j301003_6.sm,11,11,1 0 0 1 2,1 18 9 1 3,0 1 1 1 4,1 10 7 1 5,0 9 8 1 6,1 13 8 1 7,1 3 2 1 8,0 4 2 1 9,0 6 6 1 10,0 2 2 1 11,1 18 10 1 12,1 12 7 1 13,0 4 4 1 14,0 6 3 1 15,0 20 10 1 16,1 5 4 1 17,0 9 5 1 18,0 6 3 1 19,0 2 1 1 20,0 1 1 1 21,0 12 10 1 22,1 13 8 1 23,0 14 7 1 24,0 9 8 1 25,0 15 10 1 26,0 11 10 1 27,0 5 3 1 28,0 20 10 1 29,0 15 9 1 30,1 8 7 1 31,0 3 3 1 32,1 0 0 0
j301003_7.sm,11,11,1 0 0 1 2,0 18 9 1 3,0 1 1 1 4,0 7 7 1 5,0 12 8 1 6,0 16 8 1 7,0 3 2 1 8,0 2 2 1 9,0 10 6 1 10,0 3 2 1 11,0 10 10 1 12,0 13 7 1 13,0 4 4 1 14,0 4 3 1 15,1 14 10 1 16,0 4 4 1 17,1 6 5 1 18,0 5 3 1 19,1 2 1 1 20,1 2 1 1 21,1 13 10 1 22,1 15 8 1 23,0 10 7 1 24,1 10 8 1 25,0 19 10 1 26,0 15 10 1 27,1 4 3 1 28,0 14 10 1 29,0 15 9 1 30,1 8 7 1 31,0 4 3 1 32,1 0 0 0
j301003_8.sm,11,11,1 0 0 1 2,0 12 9 1 3,0 1 1 1 4,0 8 7 1 5,1 9 8 1 6,1 14 8 1 7,0 3 2 1 8,1 2 2 1 9,0 7 6 1 10,0 2 2 1 11,1 11 10 1 12,1 10 7 1 13,0 4 4 1 14,0 6 3 1 15,0 14 10 1 16,0 6 4 1 17,1 7 5 1 18,0 5 3 1 19,0 1 1 1 20,0 1 1 1 21,0 11 10 1 22,1 13 8 1 23,0 9 7 1 24,0 10 8 1 25,1 15 10 1 26,0 18 10 1 27,0 6 3 1 28,0 14 10 1 29,1 12 9 1 30,0 9 7 1 31,0 4 3 1 32,1 0 0 0
j301003_9.sm,11,11,1 0 0 1 2,0 13 9 1 3,0 1 1 1 4,0 13 7 1 5,0 16 8 1 6,0 11 8 1 7,1 3 2 1 8,0 2 2 1 9,0 6 6 1 10,0 4 2 1 11,0 18 10 1 12,1 14 7 1 13,0 8 4 1 14,1 6 3 1 15,0 10 10 1 16,0 8 4 1 17,0 10 5 1 18,1 5 3 1 19,0 2 1 1 20,1 1 1 1 21,0 16 10 1 22,0 11 8 1 23,1 13 7 1 24,0 11 8 1 25,1 10 10 1 26,0 14 10 1 27,1 6 3 1 28,0 15 10 1 29,0 11 9 1 30,1 8 7 1 31,0 5 3 1 32,1 0 0 0
j301003_10.sm,11,11,1 0 0 1 2,0 10 9 1 3,1 1 1 1 4,0 14 7 1 5,1 10 8 1 6,1 8 8 1 7,1 2 2 1 8,0 3 2 1 9,1 8 6 1 10,0 3 2 1 11,0 18 10 1 12,1 12 7 1 13,0 7 4 1 14,0 6 3 1 15,1 18 10 1 16,0 5 4 1 17,0 10 5 1 18,0 6 3 1 19,1 1 1 1 20,0 1 1 1 21,0 17 10 1 22,0 14 8 1 23,0 8 7 1 24,0 15 8 1 25,0 18 10 1 26,0 16 10 1 27,0 5 3 1 28,0 10 10 1 29,0 10 9 1 30,1 7 7 1 31,0 6 3 1 32,1 0 0 0
j400103_1.sm,14,14,1 0 0 12 2 3 4 5 6 7 8 9 11 12 15 16,0 1 1 7 35 25 24 19 18 14 10,1 10 6 6 38 35 19 17 13 10,0 4 4 7 40 38 36 35 23 18 17,1 6 5 6 39 36 35 21 19 10,0 4 4 9 39 38 36 33 29 25 24 20 17,0 2 2 7 35 30 29 25 23 20 19,0 13 9 5 37 32 27 20 18,0 5 5 6 41 40 30 26 23 22,0 5 4 6 34 33 31 30 28 22,0 12 8 6 36 31 30 29 28 24,0 7 6 5 37 30 29 23 20,1 16 9 6 37 32 31 30 29 28,0 6 4 5 34 33 30 29 26,0 13 8 3 34 29 17,1 1 1 4 31 30 29 28,1 13 9 3 32 31 28,1 4 4 3 33 30 29,0 2 1 2 34 33,0 7 4 2 31 28,0 10 9 2 30 29,0 6 6 1 29,0 5 4 1 28,1 7 4 1 32,0 12 6 1 28,1 6 6 1 32,0 8 5 1 28,0 3 3 1 42,0 13 7 1 42,0 1 1 1 42,0 15 8 1 42,1 7 7 1 42,1 8 4 1 42,1 10 6 1 42,0 9 9 1 42,0 5 5 1 42,1 7 6 1 42,0 17 10 1 42,0 2 2 1 42,0 11 10 1 42,0 6 5 1 42,1 0 0 0
j400103_2.sm,14,14,1 0 0 13 2 3 4 5 7 8 10 11 12 14 22 23 41,0 6 5 8 38 35 30 21 17 15 13 6,1 2 1 6 40 38 35 30 13 6,0 17 9 8 37 32 28 27 26 20 16 9,1 10 9 9 37 36 32 28 27 26 25 20 17,0 4 3 8 31 29 28 26 25 24 19 18,0 2 2 7 39 35 31 30 27 26 25,0 10 10 6 32 30 28 27 26 24,0 15 10 4 33 29 17 15,1 18 9 5 30 29 28 26 25,0 2 1 4 39 33 25 24,0 2 1 3 33 24 18,1 10 5 3 29 26 25,0 6 3 3 36 32 26,0 2 1 2 25 24,0 11 7 2 25 24,1 6 3 1 24,0 8 4 1 27,1 8 6 1 34,0 8 5 1 24,1 9 6 1 31,0 12 9 1 30,1 1 1 1 24,0 5 4 1 42,0 12 8 1 42,0 7 6 1 42,0 11 9 1 42,1 12 7 1 42,0 14 9 1 42,0 9 6 1 42,0 6 4 1 42,0 12 9 1 42,1 10 9 1 42,0 9 5 1 42,0 2 2 1 42,0 3 3 1 42,0 14 9 1 42,0 20 10 1 42,1 1 1 1 42,0 18 9 1 42,1 14 8 1 42,1 0 0 0
j400103_3.sm,14,14,1 0 0 27 2 3 4 5 6 7 8 11 12 13 14 15 16 28 29 30 31 32 33 34 35 36 37 38 39 40 41,1 11 9 3 25 18 9,0 10 6 3 22 21 20,1 11 9 2 24 10,1 12 6 2 23 17,0 17 10 2 19 18,0 3 2 2 26 21,0 12 8 2 27 18,1 20 10 1 10,0 10 9 1 17,0 12 7 1 18,0 10 9 1 20,0 4 2 1 17,1 8 8 1 19,0 1 1 1 18,1 4 3 1 22,1 6 3 1 42,1 14 8 1 42,0 1 1 1 42,0 4 3 1 42,1 8 4 1 42,0 4 4 1 42,0 3 3 1 42,0 8 5 1 42,0 9 8 1 42,0 13 8 1 42,0 9 9 1 42,0 9 9 1 42,0 15 10 1 42,0 5 3 1 42,1 9 8 1 42,0 16 9 1 42,0 14 7 1 42,1 14 10 1 42,0 4 4 1 42,0 11 10 1 42,0 3 2 1 42,0 19 10 1 42,0 3 2 1 42,1 11 6 1 42,0 14 10 1 42,1 0 0 0
j400103_4.sm,14,14,1 0 0 13 2 3 4 5 6 7 8 9 10 12 21 28 41,1 12 7 10 36 35 34 26 25 22 18 17 14 13,0 10 9 11 40 39 37 36 35 27 24 23 22 19 15,1 9 6 10 40 39 38 35 34 25 24 22 18 13,0 6 4 8 38 37 36 22 20 18 16 13,1 20 10 5 40 39 37 20 11,0 11 6 9 37 36 35 34 31 25 22 16 15,0 8 5 5 33 24 22 13 11,0 12 7 8 39 38 36 35 29 26 18 16,0 7 5 7 36 35 31 30 23 22 19,1 9 8 5 38 34 31 23 15,0 4 4 5 36 34 32 22 18,0 5 5 2 31 15,0 16 9 3 37 31 23,0 9 5 3 32 30 29,0 4 2 3 33 32 30,0 5 3 1 19,1 6 3 2 31 30,1 2 1 2 33 29,0 12 8 2 35 32,0 5 3 2 34 29,0 11 8 1 29,1 10 7 1 29,0 5 5 1 29,0 2 2 1 29,0 14 7 1 30,1 2 1 1 31,1 9 7 1 34,0 7 5 1 42,0 4 2 1 42,1 5 4 1 42,0 13 8 1 42,0 11 7 1 42,0 8 8 1 42,0 3 2 1 42,1 15 8 1 42,1 3 3 1 42,0 2 2 1 42,0 8 7 1 42,0 3 2 1 42,0 7 6 1 42,1 0 0 0
j400103_5.sm,14,14,1 0 0 24 2 3 4 5 11 12 13 14 26 27 28 29 30 31 32 33 34 35 36 37 38 39 40 41,0 9 6 5 22 19 18 8 6,0 5 4 2 24 10,0 14 9 2 19 9,0 1 1 2 25 23,1 16 10 1 7,1 5 4 1 17,0 4 4 1 15,0 4 2 1 15,0 1 1 1 16,0 3 2 1 21,0 10 8 1 18,0 8 8 1 20,1 3 3 1 16,0 9 7 1 42,0 14 10 1 42,0 8 4 1 42,1 8 4 1 42,0 11 10 1 42,0 8 7 1 42,0 1 1 1 42,1 1 1 1 42,0 4 2 1 42,1 7 5 1 42,0 14 9 1 42,1 7 7 1 42,1 7 7 1 42,1 8 7 1 42,0 19 10 1 42,0 3 2 1 42,0 10 7 1 42,0 2 2 1 42,1 10 6 1 42,0 16 8 1 42,0 8 4 1 42,0 12 9 1 42,1 15 8 1 42,0 9 9 1 42,0 4 3 1 42,1 1 1 1 42,0 11 6 1 42,1 0 0 0
j400103_6.sm,14,14,1 0 0 12 2 3 4 5 6 7 8 9 10 12 13 16,0 1 1 7 35 27 26 19 18 15 11,0 12 8 6 39 35 19 17 14 11,0 4 4 7 40 36 35 32 21 19 11,0 2 1 7 39 38 36 35 25 18 17,0 13 7 9 40 39 36 33 31 27 26 20 17,0 3 3 7 35 27 25 24 22 20 19,1 11 8 6 38 37 32 29 20 18,1 9 8 6 41 38 28 25 24 22,0 12 6 5 37 33 25 22 20,0 6 6 5 34 33 24 23 22,0 6 3 4 36 26 23 22,0 14 8 3 34 22 17,0 9 6 4 37 32 23 22,0 1 1 4 34 33 28 22,0 12 6 2 23 22,0 4 3 2 32 23,1 6 4 2 33 22,0 13 7 2 34 33,1 11 6 1 23,0 9 6 1 22,1 8 4 1 31,0 8 6 1 30,1 12 6 1 31,1 9 7 1 30,1 3 2 1 32,0 6 3 1 30,0 9 9 1 32,1 8 5 1 30,0 14 8 1 42,0 6 3 1 42,0 12 7 1 42,1 1 1 1 42,1 8 4 1 42,0 7 6 1 42,0 9 8 1 42,1 13 7 1 42,0 10 7 1 42,0 6 6 1 42,0 10 5 1 42,0 8 6 1 42,1 0 0 0
j400103_7.sm,14,14,1 0 0 17 2 3 4 6 7 8 9 10 12 13 14 19 20 38 39 40 41,0 7 6 3 15 11 5,0 16 8 7 36 35 33 31 27 26 16,0 3 3 6 33 28 25 23 21 15,0 1 1 5 29 25 22 21 17,0 2 1 5 37 32 29 27 21,0 10 6 4 30 24 23 22,1 7 6 4 32 30 28 25,0 2 1 3 24 22 18,0 11 6 2 28 16,1 14 7 2 22 21,1 7 4 2 27 21,0 18 9 2 34 23,1 8 4 2 31 24,0 19 10 1 22,0 4 2 1 24,0 20 10 1 26,1 2 2 1 23,1 1 1 1 23,0 15 9 1 21,1 13 8 1 42,0 1 1 1 42,0 12 7 1 42,0 11 6 1 42,0 11 6 1 42,0 10 5 1 42,0 15 9 1 42,0 8 7 1 42,1 15 10 1 42,0 5 4 1 42,0 10 9 1 42,0 3 2 1 42,1 8 6 1 42,0 19 10 1 42,0 3 2 1 42,1 4 2 1 42,0 4 3 1 42,1 7 7 1 42,0 7 4 1 42,1 14 9 1 42,0 17 9 1 42,1 0 0 0
j400103_8.sm,14,14,1 0 0 16 2 3 4 5 7 8 9 10 11 14 15 16 24 39 40 41,0 8 8 8 37 36 35 32 28 21 20 17,1 8 5 6 35 30 28 19 18 13,0 18 10 4 20 19 12 6,1 9 9 7 37 34 32 30 27 26 25,1 13 9 5 30 29 27 25 22,0 11 6 4 27 25 23 17,0 10 5 4 34 33 19 18,0 3 2 4 36 30 18 17,0 12 7 5 33 28 27 26 25,0 16 8 5 38 31 28 27 25,0 18 9 3 30 27 25,1 8 5 3 27 26 25,0 18 10 2 29 21,1 2 2 2 32 27,0 5 4 2 28 26,0 17 10 1 26,1 10 7 1 29,1 2 1 1 25,0 8 6 1 31,1 14 7 1 26,0 8 4 1 31,0 13 7 1 28,1 2 2 1 25,0 12 8 1 42,0 7 7 1 42,0 4 4 1 42,0 9 6 1 42,0 13 7 1 42,0 16 8 1 42,1 1 1 1 42,0 2 2 1 42,0 3 3 1 42,1 12 6 1 42,0 6 4 1 42,0 4 3 1 42,1 3 3 1 42,0 16 9 1 42,0 12 7 1 42,0 2 2 1 42,0 12 10 1 42,1 0 0 0
j400103_9.sm,14,14,1 0 0 34 2 5 6 11 12 13 14 15 16 17 18 19 20 21 22 23 24 25 26 27 28 29 30 31 32 33 34 35 36 37 38 39 40 41,1 14 7 2 9 3,0 8 6 1 4,0 3 2 1 7,0 4 4 1 10,0 5 4 1 8,0 14 7 1 42,0 10 8 1 42,0 2 2 1 42,0 1 1 1 42,0 6 3 1 42,0 10 10 1 42,1 8 6 1 42,0 10 6 1 42,1 2 2 1 42,0 9 6 1 42,0 17 9 1 42,1 2 1 1 42,1 9 9 1 42,1 1 1 1 42,0 5 4 1 42,1 1 1 1 42,0 5 4 1 42,0 14 8 1 42,0 4 4 1 42,0 18 9 1 42,0 13 7 1 42,0 8 6 1 42,0 2 2 1 42,0 9 8 1 42,0 2 2 1 42,0 1 1 1 42,1 6 3 1 42,0 13 7 1 42,0 11 8 1 42,0 8 6 1 42,1 1 1 1 42,1 13 7 1 42,0 2 1 1 42,1 17 10 1 42,1 6 4 1 42,1 0 0 0
j400103_10.sm,14,14,1 0 0 13 2 3 4 5 6 7 8 9 10 12 21 28 41,0 15 8 9 36 35 34 26 25 18 17 14 13,1 5 3 11 40 39 37 36 34 27 24 23 22 19 15,0 2 1 10 40 39 38 35 34 25 24 23 18 13,0 8 8 5 40 39 37 20 11,1 10 6 5 33 24 23 13 11,0 8 7 8 37 36 34 31 25 23 16 15,1 6 6 8 39 38 36 34 29 26 18 16,0 9 8 6 38 37 36 34 16 13,0 5 4 7 36 34 31 30 23 22 19,1 17 9 5 38 35 31 22 15,0 11 9 5 36 35 32 23 18,1 2 1 2 31 15,0 17 9 3 37 31 22,0 2 2 3 32 30 29,0 2 2 3 33 32 30,0 3 2 1 19,1 7 5 2 31 30,1 10 5 2 33 29,0 17 10 2 34 32,1 7 4 2 35 29,0 18 10 1 29,0 4 2 1 29,0 10 7 1 29,0 12 6 1 29,0 4 3 1 30,0 8 4 1 31,1 11 9 1 35,0 5 3 1 42,0 4 2 1 42,0 13 10 1 42,0 18 9 1 42,0 4 3 1 42,0 6 4 1 42,1 4 4 1 42,0 12 8 1 42,0 9 7 1 42,1 19 10 1 42,1 10 6 1 42,0 2 2 1 42,0 7 5 1 42,1 0 0 0
j400203_1.sm,14,14,1 0 0 19 2 6 8 12 13 14 15 16 31 32 33 34 35 36 37 38 39 40 41,0 13 10 5 30 29 25 24 3,0 13 8 3 26 23 4,0 2 1 3 20 9 5,0 4 2 3 21 18 7,0 9 6 3 23 18 7,0 4 3 2 19 10,0 10 5 3 25 20 18,0 3 2 2 22 18,0 7 7 1 11,1 11 6 1 17,0 2 2 1 24,1 10 5 1 17,0 3 2 1 28,1 7 6 1 19,0 8 5 1 27,1 17 10 1 42,0 5 5 1 42,1 6 4 1 42,1 15 9 1 42,0 10 6 1 42,0 16 9 1 42,1 4 3 1 42,1 6 5 1 42,0 10 8 1 42,0 4 4 1 42,0 15 9 1 42,0 15 8 1 42,1 15 9 1 42,0 2 1 1 42,0 13 9 1 42,0 1 1 1 42,0 9 9 1 42,1 11 8 1 42,1 1 1 1 42,0 16 9 1 42,0 6 4 1 42,0 11 8 1 42,1 1 1 1 42,0 5 4 1 42,0 13 10 1 42,1 0 0 0
j400203_2.sm,14,14,1 0 0 9 2 3 4 5 6 7 8 9 14,1 4 2 7 32 26 24 19 18 15 11,1 17 10 6 24 23 21 19 18 12,0 4 2 4 32 21 13 12,0 5 4 4 32 26 16 13,0 10 7 3 31 25 10,0 3 2 3 32 21 15,0 12 6 2 32 15,0 14 9 5 41 31 24 22 19,0 6 3 3 22 21 20,1 9 6 2 17 16,0 9 7 1 15,0 7 6 3 27 24 18,0 4 2 3 31 28 20,0 13 10 2 27 16,0 7 5 5 41 40 31 30 22,0 10 5 5 41 31 30 27 22,0 1 1 4 40 31 30 22,0 10 9 7 40 39 37 35 30 29 27,0 1 1 7 41 40 39 35 32 30 27,0 1 1 6 41 37 35 30 29 27,0 5 5 5 39 38 36 35 28,1 9 6 4 39 35 32 28,0 10 7 3 40 35 28,0 11 10 6 38 37 36 35 34 33,1 5 4 3 35 30 29,1 7 6 4 38 36 34 33,0 5 3 3 37 33 29,1 7 4 1 34,0 7 7 1 33,1 15 9 1 33,0 11 6 1 36,1 2 1 1 42,1 3 3 1 42,1 5 3 1 42,1 4 2 1 42,0 10 9 1 42,0 12 8 1 42,0 12 6 1 42,0 15 8 1 42,0 11 9 1 42,1 0 0 0
j400203_3.sm,14,14,1 0 0 10 2 3 4 5 6 7 12 13 15 16,0 4 3 3 23 22 9,0 3 2 3 24 21 8,0 5 3 3 40 26 10,0 13 10 3 41 22 11,1 7 4 3 24 17 11,1 9 6 6 41 40 37 29 28 17,0 11 9 5 39 36 28 19 14,1 18 9 1 11,1 7 4 7 38 36 35 28 25 22 20,0 7 4 4 39 36 28 14,0 6 6 8 38 37 36 35 34 32 28 25,0 3 2 5 37 34 27 24 21,0 7 5 3 40 37 18,1 3 3 3 36 28 18,0 8 6 4 36 28 27 20,0 2 1 2 36 18,1 15 9 6 38 35 34 33 32 25,0 8 5 7 38 37 34 33 32 30 27,0 15 8 6 41 39 37 32 31 30,0 7 5 5 36 32 31 30 28,0 9 8 5 39 34 32 31 30,0 3 2 2 41 25,0 12 6 3 36 35 30,1 16 9 2 30 27,0 8 4 2 34 33,0 7 5 1 31,0 15 9 1 33,1 4 2 1 35,1 7 5 1 42,0 8 7 1 42,1 1 1 1 42,0 6 5 1 42,0 10 10 1 42,0 2 1 1 42,0 2 2 1 42,0 10 5 1 42,1 2 1 1 42,1 9 6 1 42,0 7 6 1 42,0 13 7 1 42,1 0 0 0
j400203_4.sm,14,14,1 0 0 14 2 3 6 7 9 10 11 13 16 17 25 26 27 28,0 1 1 3 40 38 4,0 14 7 7 39 36 23 22 21 14 8,0 2 1 4 23 22 21 5,0 15 8 3 36 14 8,0 11 6 8 35 34 33 30 21 19 18 15,0 8 4 9 41 40 39 38 35 30 24 22 20,0 7 6 5 37 34 32 31 12,0 7 6 7 36 34 33 32 31 30 18,1 19 10 6 40 34 33 31 21 19,1 6 4 6 38 36 31 30 21 20,1 6 3 4 35 33 30 18,0 19 10 4 39 37 31 30,1 4 3 3 34 30 29,0 7 7 3 38 32 31,0 6 5 2 31 20,0 2 2 2 31 20,0 5 3 1 20,0 9 8 1 20,1 12 6 1 29,1 10 10 1 32,0 9 7 1 33,1 2 1 1 30,0 14 7 1 29,1 1 1 1 36,0 3 3 1 33,0 6 3 1 32,1 12 9 1 32,1 9 5 1 42,1 19 10 1 42,0 10 5 1 42,0 18 10 1 42,0 15 9 1 42,0 7 4 1 42,0 9 6 1 42,0 13 9 1 42,1 14 7 1 42,0 12 6 1 42,0 12 7 1 42,0 12 6 1 42,0 20 10 1 42,1 0 0 0
j400203_5.sm,14,14,1 0 0 11 2 3 5 6 7 8 10 11 12 13 18,1 4 3 3 27 20 4,0 11 10 7 29 25 24 21 19 16 15,0 4 2 5 41 22 21 19 9,0 15 9 7 41 27 25 24 21 19 17,0 13 7 8 41 29 27 26 25 24 23 15,0 8 5 6 41 26 24 19 17 15,0 17 10 3 41 25 9,1 6 3 4 32 26 24 14,1 10 5 4 41 29 20 19,1 8 4 7 41 32 31 29 28 24 23,0 3 3 8 41 40 36 32 31 29 28 25,0 5 4 3 32 20 17,1 10 5 2 23 17,0 9 8 4 40 39 32 20,1 9 5 7 41 40 37 36 34 32 28,1 6 3 6 39 38 36 31 29 28,0 8 7 5 41 37 32 30 25,0 1 1 4 35 32 31 23,0 13 9 6 38 37 36 34 31 28,0 12 8 3 36 31 26,0 18 10 5 37 35 34 32 31,1 10 10 5 40 39 37 36 33,0 7 5 4 36 35 34 33,1 2 1 4 39 38 34 33,0 11 8 3 39 34 30,0 14 8 3 36 34 33,0 1 1 2 33 30,0 5 3 2 37 34,0 11 6 1 35,0 6 3 1 33,1 8 6 1 38,0 3 2 1 42,0 10 9 1 42,0 8 7 1 42,0 3 2 1 42,1 1 1 1 42,0 10 10 1 42,1 3 2 1 42,0 2 1 1 42,0 4 3 1 42,1 0 0 0
j400203_6.sm,14,14,1 0 0 7 2 3 4 5 6 7 9,0 6 3 6 15 14 13 12 11 10,1 10 8 4 14 11 10 8,1 2 2 3 13 12 8,0 4 4 5 22 21 15 12 10,0 4 4 5 17 16 15 12 11,1 7 6 3 14 11 10,0 3 3 7 24 22 21 18 17 16 15,1 4 3 3 22 15 10,0 12 10 5 24 23 19 17 16,0 13 9 7 31 26 25 24 22 21 18,0 3 3 6 31 26 25 24 19 18,0 10 7 4 31 25 21 19,0 7 6 5 31 29 26 21 20,1 4 3 4 31 26 25 19,1 4 2 4 29 26 25 20,1 9 6 4 31 29 25 20,0 2 1 3 29 28 23,0 5 3 2 29 20,1 4 2 4 33 30 28 27,0 8 5 2 33 23,1 7 4 3 33 28 27,0 1 1 2 30 27,0 18 10 2 30 27,0 9 5 2 33 27,0 11 6 1 27,0 1 1 4 41 35 34 32,0 15 9 4 41 35 34 32,0 15 10 4 41 35 34 33,0 6 5 5 41 39 38 36 34,0 2 1 3 39 34 33,0 6 6 3 40 38 37,0 10 7 3 40 38 37,1 9 6 1 37,1 7 7 1 39,0 2 2 1 37,0 13 9 1 42,0 2 1 1 42,0 14 10 1 42,0 16 10 1 42,1 7 7 1 42,1 0 0 0
j400203_7.sm,14,14,1 0 0 9 2 3 4 5 7 8 9 11 13,1 4 3 7 24 22 20 19 17 14 10,1 7 5 7 27 25 21 20 17 16 15,0 6 6 3 25 18 6,0 4 3 7 27 25 20 19 17 15 14,1 4 3 5 41 22 21 20 12,0 16 9 4 23 17 16 10,0 3 3 7 27 26 25 23 22 18 15,1 4 4 4 41 24 18 12,0 1 1 5 41 29 27 21 18,0 2 1 5 41 27 26 19 18,0 7 4 4 30 27 23 16,0 12 8 4 26 22 19 18,0 10 5 3 41 26 18,0 8 8 5 41 30 29 28 24,0 19 10 2 26 19,0 2 1 2 40 18,0 13 8 5 38 37 36 30 28,0 9 6 4 39 38 29 28,1 6 5 4 40 37 28 23,0 15 10 3 31 30 26,0 13 10 6 37 36 35 32 31 30,0 10 9 5 38 36 35 32 31,1 11 8 6 39 38 37 36 34 33,0 16 10 5 37 36 35 33 31,1 7 5 5 40 38 37 35 34,0 9 5 4 36 35 33 31,0 19 10 3 35 32 31,1 14 9 3 37 36 33,0 12 8 2 39 33,0 8 4 1 34,1 10 9 1 33,1 20 10 1 42,0 5 3 1 42,1 4 3 1 42,0 2 1 1 42,0 6 4 1 42,1 16 9 1 42,0 13 10 1 42,0 12 6 1 42,0 8 7 1 42,1 0 0 0
j400203_8.sm,14,14,1 0 0 11 2 3 4 5 7 8 10 11 13 14 19,1 5 3 6 41 29 22 20 16 6,0 1 1 7 41 28 24 21 18 17 16,0 13 7 10 41 40 32 31 29 28 24 23 21 15,0 9 9 3 41 24 9,0 10 7 2 21 9,1 4 2 4 28 17 16 15,0 8 5 8 41 40 39 31 29 28 27 17,0 9 9 5 32 31 28 25 12,1 6 4 4 41 27 20 16,0 8 4 7 41 40 32 31 30 27 23,0 9 9 3 40 23 15,1 19 10 9 41 40 39 37 36 35 32 31 30,1 1 1 2 20 15,0 13 9 5 39 38 35 27 26,0 9 6 5 40 34 32 31 23,0 6 5 3 38 32 20,0 18 9 5 40 36 35 31 26,1 3 2 4 36 31 30 24,0 18 9 4 37 36 35 26,1 15 8 3 35 30 25,1 5 5 3 34 32 31,1 10 8 4 39 36 35 33,0 8 7 4 39 38 37 33,1 18 9 3 39 37 34,1 3 3 2 33 30,0 9 5 2 37 36,1 9 7 2 35 33,0 6 4 2 35 33,0 10 8 1 34,0 1 1 1 38,0 3 2 1 33,0 14 10 1 42,0 11 6 1 42,0 6 3 1 42,0 5 4 1 42,0 4 3 1 42,0 18 10 1 42,0 17 10 1 42,0 13 7 1 42,0 10 7 1 42,1 0 0 0
j400203_9.sm,14,14,1 0 0 11 2 3 4 5 7 8 9 11 12 13 17,0 4 3 3 28 19 6,0 10 6 8 41 28 25 24 21 20 18 16,0 4 4 7 30 25 24 21 20 16 14,0 8 8 7 28 27 25 24 18 16 14,0 18 9 5 41 22 21 20 10,0 16 9 6 41 27 25 20 18 16,0 6 3 3 41 24 10,0 7 5 5 41 30 25 20 19,0 4 3 4 29 27 25 15,0 1 1 8 41 40 30 29 28 27 26 24,1 6 6 6 41 30 29 26 25 23,0 1 1 4 40 22 19 18,0 13 8 5 41 35 29 26 23,1 11 10 2 23 18,0 6 4 3 40 38 19,0 5 3 6 41 37 32 31 29 24,1 4 3 4 39 38 30 26,0 16 8 4 37 35 29 26,0 11 8 3 31 29 23,0 2 2 4 37 36 31 27,0 15 10 5 37 36 35 31 29,0 6 5 5 40 38 37 36 34,0 14 8 5 39 38 35 34 33,0 8 6 4 36 35 33 31,1 14 9 3 36 32 31,1 4 3 3 38 35 32,1 16 8 3 36 35 31,1 8 8 2 39 33,0 6 3 2 37 35,1 9 5 1 34,1 10 5 1 33,0 14 7 1 42,0 4 2 1 42,1 6 3 1 42,0 14 8 1 42,1 8 6 1 42,0 3 2 1 42,1 12 9 1 42,0 6 3 1 42,0 14 7 1 42,1 0 0 0
j400203_10.sm,14,14,1 0 0 11 2 3 4 5 6 12 13 14 15 19 28,0 13 7 3 25 23 8,0 4 4 2 21 7,0 14 8 5 41 40 33 20 10,0 4 3 4 27 23 16 9,0 7 7 4 35 27 24 11,1 5 3 3 38 27 9,0 9 6 3 38 18 11,0 1 1 2 35 11,0 3 2 7 39 36 35 31 27 24 22,1 5 5 5 40 37 36 33 17,0 2 1 8 39 36 35 34 33 31 30 22,0 4 2 5 34 33 31 27 22,0 17 9 5 33 31 29 25 23,0 7 4 4 32 29 27 20,0 4 3 7 36 35 34 33 31 30 26,0 3 3 4 34 31 30 22,1 7 7 5 37 32 31 30 29,1 2 1 4 33 31 29 27,0 6 3 4 39 38 37 31,1 10 8 3 39 32 26,1 8 6 2 32 26,0 3 3 2 35 32,0 11 7 2 38 34,0 1 1 1 27,1 6 3 1 29,0 5 5 1 30,0 13 7 1 33,1 1 1 1 42,0 6 5 1 42,0 18 10 1 42,1 2 1 1 42,1 2 2 1 42,0 11 9 1 42,1 2 1 1 42,0 4 4 1 42,1 18 9 1 42,0 8 5 1 42,0 5 4 1 42,0 3 3 1 42,0 8 6 1 42,1 0 0 0
j400303_1.sm,14,14,1 0 0 6 2 3 4 6 15 22,0 2 2 4 19 12 7 5,0 15 8 3 19 12 5,0 1 1 4 12 11 10 7,0 3 2 3 11 10 8,0 7 5 1 7,0 4 3 1 8,1 3 2 3 21 13 9,1 11 7 5 41 40 26 18 16,1 14 7 4 26 21 17 13,0 2 2 3 21 16 14,1 12 7 3 40 39 16,0 9 5 4 40 39 24 20,0 13 8 3 26 24 17,0 13 7 3 40 38 19,0 5 5 2 24 17,1 11 10 3 31 27 20,0 8 5 3 31 27 20,1 1 1 2 25 21,0 5 3 3 35 34 23,0 15 10 4 39 29 28 27,0 10 9 3 35 26 25,0 5 4 2 38 25,0 14 10 2 29 27,1 8 4 3 37 36 28,1 8 7 3 36 34 28,0 9 9 3 35 34 30,0 7 5 2 32 30,1 12 8 1 31,0 14 7 1 33,1 15 10 1 32,0 4 2 1 42,1 5 4 1 42,0 9 5 1 42,1 10 7 1 42,0 15 8 1 42,0 12 8 1 42,0 11 8 1 42,0 5 5 1 42,0 3 2 1 42,0 1 1 1 42,1 0 0 0
j400303_2.sm,14,14,1 0 0 6 2 3 4 6 7 8,1 1 1 3 14 9 5,0 2 1 2 9 5,0 15 8 2 14 5,0 1 1 3 12 11 10,1 4 2 3 14 13 9,1 12 9 2 14 9,0 4 3 3 17 13 11,1 9 8 2 17 11,0 17 9 2 15 13,0 1 1 2 16 15,0 6 4 4 28 20 18 17,0 11 6 3 25 19 16,0 8 8 2 18 15,1 6 3 4 28 25 20 19,0 11 6 4 28 21 20 18,0 2 2 3 25 23 19,0 10 7 3 31 24 22,0 10 7 2 24 21,1 10 5 3 30 23 22,0 9 8 2 30 22,0 7 7 2 27 26,0 2 2 2 27 26,0 13 8 3 38 30 26,0 14 7 2 31 27,1 14 10 5 41 35 34 33 32,0 9 8 3 38 35 29,1 9 7 3 41 38 32,0 4 2 3 41 37 34,0 5 3 2 41 32,0 18 10 3 38 37 36,0 5 3 2 37 36,0 10 5 2 37 36,1 13 7 2 39 36,1 8 4 1 36,0 18 10 1 40,1 9 5 1 39,1 5 3 1 39,0 6 5 1 42,0 6 3 1 42,0 16 9 1 42,1 0 0 0
j400303_3.sm,14,14,1 0 0 12 2 5 14 15 16 17 36 37 38 39 40 41,0 16 9 3 35 32 3,0 7 4 2 33 4,0 15 8 4 31 29 28 6,0 4 4 5 32 29 28 27 7,0 20 10 2 27 7,0 7 5 3 26 25 8,0 9 8 6 24 23 22 21 20 9,1 12 7 1 10,1 6 3 2 19 11,0 4 2 1 12,0 3 2 1 13,1 9 9 1 18,0 8 5 1 34,0 17 10 1 30,1 2 2 1 30,0 4 4 1 30,1 13 8 1 42,0 5 4 1 42,0 13 8 1 42,0 7 6 1 42,1 8 4 1 42,0 7 6 1 42,1 4 3 1 42,1 10 6 1 42,0 8 5 1 42,0 2 2 1 42,1 6 6 1 42,0 18 9 1 42,0 9 9 1 42,0 10 5 1 42,0 3 2 1 42,1 8 6 1 42,0 3 2 1 42,0 7 4 1 42,0 19 10 1 42,1 6 5 1 42,0 1 1 1 42,1 7 7 1 42,0 9 5 1 42,0 4 2 1 42,1 0 0 0
j400303_4.sm,14,14,1 0 0 5 2 6 8 9 17,0 12 6 3 16 13 3,0 5 3 7 41 39 26 18 15 11 4,1 9 8 4 29 22 20 5,0 4 3 2 38 7,1 7 4 8 40 37 34 29 28 25 21 12,0 2 1 4 28 25 21 10,0 12 10 7 33 32 29 22 19 18 14,0 3 2 6 37 25 23 22 21 15,0 8 4 3 37 34 12,0 11 8 3 28 25 12,0 4 2 6 36 35 33 32 31 19,1 1 1 4 40 39 29 21,0 9 7 3 28 25 23,0 18 10 3 32 30 20,0 1 1 3 36 31 23,1 12 6 3 38 29 25,1 12 8 2 34 23,0 15 9 1 23,0 10 10 3 35 34 33,1 11 6 2 32 27,0 6 4 2 31 27,1 1 1 1 24,1 8 6 1 27,0 4 2 1 27,1 13 8 1 29,0 17 10 1 30,0 2 1 1 31,0 8 4 1 31,0 6 6 1 42,0 8 6 1 42,1 3 2 1 42,0 13 7 1 42,1 12 7 1 42,0 10 9 1 42,0 6 6 1 42,0 14 9 1 42,0 3 3 1 42,0 13 10 1 42,0 9 8 1 42,1 11 9 1 42,1 0 0 0
j400303_5.sm,14,14,1 0 0 5 2 5 6 7 12,1 9 6 2 9 3,0 4 2 7 41 40 31 18 16 11 4,0 2 1 4 21 20 14 8,0 9 6 6 40 30 29 21 16 13,0 17 10 3 31 18 10,0 5 3 7 40 31 29 21 20 19 15,1 1 1 3 39 29 10,0 10 10 9 41 39 37 31 29 26 23 22 20,0 10 10 3 30 23 13,0 6 3 4 30 21 19 17,0 9 7 7 39 37 29 28 26 23 22,0 11 8 3 38 26 17,0 4 3 3 38 26 17,0 14 10 3 30 26 17,1 3 2 4 26 24 23 20,1 2 1 5 37 36 33 28 22,0 4 4 5 39 36 29 26 24,0 9 8 4 37 36 26 22,1 2 1 4 36 35 28 25,0 1 1 3 33 28 25,1 8 5 2 34 24,1 4 4 3 36 33 27,1 13 7 2 35 25,0 5 4 1 27,1 6 6 1 27,0 3 2 1 32,0 11 6 1 34,0 9 5 1 33,1 15 9 1 33,0 5 5 1 33,0 7 5 1 42,1 5 5 1 42,0 6 5 1 42,1 3 3 1 42,0 11 8 1 42,0 14 9 1 42,0 10 7 1 42,0 5 3 1 42,0 3 3 1 42,0 10 10 1 42,1 0 0 0
j400303_6.sm,14,14,1 0 0 6 2 3 4 6 16 24,0 7 7 4 20 12 7 5,0 3 2 4 20 12 8 5,1 10 10 4 12 11 10 7,0 5 3 3 11 10 9,0 9 7 1 7,0 14 9 1 8,0 2 2 3 21 13 9,0 2 2 5 41 40 26 18 15,0 13 7 4 26 21 17 13,0 4 3 2 15 14,0 2 2 4 40 39 23 17,0 10 10 4 40 39 23 19,0 6 3 3 26 23 17,0 12 7 2 23 17,0 2 2 4 40 36 28 20,1 5 3 3 31 27 19,0 11 9 2 27 19,1 10 7 2 34 22,0 2 2 1 21,1 6 6 4 39 30 29 27,0 16 8 3 38 36 25,0 3 2 2 29 27,1 14 7 2 35 26,0 5 4 2 37 28,1 10 6 2 34 28,0 1 1 3 35 34 33,1 8 6 2 32 30,0 8 6 1 31,0 9 9 1 33,0 7 4 1 32,0 19 10 1 42,1 8 4 1 42,0 6 4 1 42,0 4 3 1 42,1 11 7 1 42,1 6 3 1 42,1 6 4 1 42,1 11 6 1 42,0 12 8 1 42,0 10 7 1 42,1 0 0 0
j400303_7.sm,14,14,1 0 0 6 2 3 4 6 12 17,0 10 7 4 18 10 7 5,0 6 3 3 18 10 5,0 9 5 4 11 10 9 7,1 4 4 3 11 9 8,0 10 6 1 7,0 13 7 1 8,0 7 7 3 22 15 13,1 17 9 4 22 20 16 15,0 2 2 4 41 22 16 15,1 6 5 3 40 22 14,0 4 3 3 19 18 15,0 4 4 5 41 40 25 20 16,0 5 3 3 39 25 16,1 4 2 5 40 39 25 24 21,0 8 4 2 24 19,1 3 2 2 25 20,0 9 5 3 38 26 22,0 11 9 3 31 27 21,0 2 2 3 31 27 21,0 12 9 3 37 34 23,0 2 1 4 39 29 28 27,0 20 10 2 38 26,1 3 3 2 29 27,0 7 6 4 36 35 34 28,1 4 4 3 36 35 28,0 16 10 3 37 34 30,0 5 3 2 32 30,1 2 1 1 31,0 15 8 1 33,0 4 2 1 32,1 4 4 1 42,1 3 2 1 42,0 5 3 1 42,0 2 1 1 42,0 7 7 1 42,1 8 6 1 42,1 13 10 1 42,0 6 3 1 42,0 14 8 1 42,0 2 2 1 42,1 0 0 0
j400303_8.sm,14,14,1 0 0 5 2 5 6 7 15,1 12 7 2 9 3,0 15 8 8 41 40 31 18 17 14 11 4,0 8 4 3 22 20 8,1 14 7 6 40 30 29 22 17 13,1 16 8 3 31 18 10,1 4 3 8 40 31 29 22 20 19 16 12,0 12 6 3 39 29 10,0 2 1 9 41 39 37 31 29 26 23 21 20,1 13 7 4 30 26 23 13,0 6 3 4 30 22 19 16,0 2 1 6 37 36 30 28 26 21,1 7 6 2 38 16,0 5 3 7 38 37 36 33 28 26 24,0 14 7 6 39 36 29 28 26 24,1 10 5 5 37 36 33 28 21,1 2 1 3 26 23 20,0 7 7 5 39 36 29 26 24,1 6 6 4 37 36 26 21,0 11 9 4 36 35 28 25,1 8 5 2 34 24,0 1 1 3 34 33 25,0 6 4 3 36 33 27,0 6 5 2 35 25,0 4 2 1 27,0 6 4 1 27,0 8 6 1 32,0 2 1 1 34,0 6 3 1 33,1 3 2 1 33,0 14 10 1 33,0 6 3 1 42,0 10 6 1 42,0 6 3 1 42,0 7 5 1 42,1 15 8 1 42,0 18 9 1 42,0 7 6 1 42,0 9 5 1 42,0 16 8 1 42,0 7 4 1 42,1 0 0 0
j400303_9.sm,14,14,1 0 0 5 2 4 6 7 10,0 5 4 2 9 3,1 10 6 6 41 25 17 16 12 5,0 9 9 10 41 40 39 38 27 25 23 22 20 14,0 2 2 4 40 20 13 8,0 19 10 5 25 22 19 16 11,1 1 1 7 41 31 27 25 22 17 15,0 18 9 3 39 27 11,1 5 5 8 40 39 29 27 25 23 20 18,0 3 3 8 39 38 31 29 27 23 22 18,0 8 8 3 31 23 15,1 8 8 4 31 22 19 18,0 13 10 2 22 15,0 1 1 3 31 19 18,0 8 7 3 38 29 18,0 10 7 8 39 38 37 36 35 29 27 24,1 15 9 3 29 23 20,0 1 1 3 37 26 21,0 1 1 3 37 29 21,0 3 2 3 35 26 24,1 12 7 4 36 35 33 24,0 9 5 4 35 34 28 26,0 19 10 3 35 33 30,1 7 4 2 34 28,1 14 10 3 34 33 32,0 1 1 2 36 33,0 13 9 2 33 32,0 4 3 1 30,1 2 1 1 30,0 6 4 1 32,0 11 6 1 33,1 4 3 1 42,1 5 5 1 42,0 12 10 1 42,0 3 2 1 42,0 20 10 1 42,0 9 7 1 42,0 1 1 1 42,1 2 1 1 42,0 7 4 1 42,0 9 6 1 42,1 0 0 0
j400303_10.sm,14,14,1 0 0 5 2 5 6 10 17,0 7 4 2 11 3,0 15 9 8 41 40 39 23 16 14 9 4,0 8 4 4 29 22 20 7,1 6 3 7 39 38 28 26 23 19 12,0 14 7 7 39 36 29 22 20 18 15,1 2 2 2 38 8,0 7 5 4 28 26 19 12,0 14 7 5 28 26 20 18 13,0 10 5 4 37 24 20 16,1 8 4 6 40 39 29 26 22 19,0 8 7 2 37 13,0 6 4 7 36 35 34 33 32 31 21,0 20 10 7 36 34 33 32 31 26 24,0 8 4 5 34 32 28 26 21,0 9 6 3 26 22 19,0 20 10 3 38 29 26,0 5 3 2 32 21,1 9 6 3 34 31 27,1 18 9 2 31 25,1 18 10 1 24,1 10 5 3 35 33 32,0 14 10 2 33 29,0 13 8 1 25,0 9 7 1 27,1 10 9 1 27,0 4 3 1 30,1 8 7 1 31,0 11 9 1 31,0 2 1 1 42,0 9 6 1 42,0 13 7 1 42,1 4 3 1 42,0 8 8 1 42,0 12 6 1 42,1 11 7 1 42,0 8 6 1 42,0 1 1 1 42,0 6 3 1 42,1 1 1 1 42,0 3 3 1 42,1 0 0 0
j400403_1.sm,14,14,1 0 0 4 2 7 16 19,0 6 4 3 11 4 3,0 12 7 4 23 14 9 5,0 6 4 5 30 23 13 9 8,0 4 3 2 41 6,1 2 1 4 30 17 13 8,0 13 8 3 13 10 9,0 6 4 3 40 18 10,0 4 2 4 40 38 17 12,1 3 2 3 39 38 12,0 5 4 4 40 39 29 15,1 4 2 2 29 15,0 12 10 4 39 38 29 21,0 2 2 3 40 37 20,0 6 6 2 37 20,1 3 3 2 38 20,0 2 2 2 37 21,0 7 7 2 37 21,0 9 6 3 41 39 22,0 8 6 1 21,0 1 1 2 36 22,1 4 2 2 35 24,0 7 7 2 41 24,0 8 6 4 34 32 28 25,0 2 1 1 26,0 5 4 1 27,0 12 6 1 31,1 13 10 1 33,1 18 9 1 32,1 4 4 1 38,0 3 2 1 42,1 6 4 1 42,1 9 5 1 42,0 11 8 1 42,0 11 6 1 42,1 7 5 1 42,1 15 8 1 42,0 7 4 1 42,0 14 9 1 42,0 2 2 1 42,0 14 10 1 42,1 0 0 0
j400403_2.sm,14,14,1 0 0 3 2 5 23,0 8 4 1 3,0 8 4 2 28 4,0 17 9 4 40 39 10 6,0 5 5 8 41 38 37 34 33 29 10 8,0 8 6 2 38 7,1 12 7 3 37 18 8,1 4 3 4 36 35 32 9,1 14 7 4 31 16 14 11,0 6 4 4 32 31 19 15,0 11 6 1 12,0 6 3 1 13,1 11 10 2 19 15,1 11 8 2 19 15,0 12 10 2 25 17,1 3 3 4 27 26 20 19,0 7 6 4 30 27 26 20,0 8 6 4 34 33 32 31,1 2 2 2 25 21,0 12 10 1 21,0 14 10 1 22,0 5 3 1 24,1 2 1 1 29,0 9 9 1 42,0 3 2 1 42,0 3 2 1 42,0 12 6 1 42,0 2 1 1 42,1 7 5 1 42,1 6 3 1 42,0 5 3 1 42,1 5 5 1 42,0 1 1 1 42,0 14 9 1 42,0 20 10 1 42,0 4 4 1 42,0 15 9 1 42,1 8 4 1 42,0 2 1 1 42,0 8 7 1 42,0 1 1 1 42,1 0 0 0
j400403_3.sm,14,14,1 0 0 11 2 17 33 34 35 36 37 38 39 40 41,0 1 1 3 32 31 3,0 5 4 2 29 4,0 7 4 1 5,1 5 4 3 28 27 6,1 4 2 2 26 7,0 6 6 1 8,0 10 10 3 25 24 9,0 18 10 2 23 10,1 4 2 2 22 11,0 3 2 1 12,0 6 5 3 21 20 13,0 7 6 2 19 14,0 9 5 1 15,1 16 10 1 16,0 15 8 1 18,0 9 6 1 30,1 13 10 1 42,0 2 1 1 42,0 7 4 1 42,0 4 2 1 42,0 4 4 1 42,1 10 5 1 42,1 8 6 1 42,0 18 10 1 42,1 1 1 1 42,0 9 5 1 42,0 11 6 1 42,0 10 10 1 42,1 8 8 1 42,0 8 4 1 42,0 2 1 1 42,1 8 7 1 42,0 10 7 1 42,0 8 4 1 42,1 6 4 1 42,1 10 5 1 42,0 15 9 1 42,0 7 6 1 42,0 15 8 1 42,0 10 7 1 42,1 0 0 0
j400403_4.sm,14,14,1 0 0 3 2 4 12,0 5 3 1 3,1 8 7 2 15 5,0 2 1 2 41 6,0 13 9 2 13 7,0 5 4 2 15 7,0 10 7 2 10 8,1 4 3 3 24 17 9,0 10 6 3 29 14 11,1 17 9 4 40 25 17 14,1 12 10 7 40 39 32 25 22 20 19,0 13 7 6 41 40 32 25 24 19,0 12 7 6 40 29 28 22 19 18,0 2 1 3 39 19 16,0 18 9 3 32 25 17,0 4 2 3 28 22 18,0 3 2 2 39 18,0 2 2 1 21,1 11 7 1 21,0 9 7 1 21,0 18 9 1 23,1 5 3 1 23,0 2 1 2 27 26,0 10 5 2 29 26,1 5 3 2 38 28,0 12 10 3 38 34 30,0 8 4 3 35 34 31,0 10 8 2 34 30,1 7 5 1 30,1 12 10 1 31,0 10 6 2 36 33,1 10 8 1 35,1 6 3 1 37,0 7 4 1 36,0 18 9 1 36,0 10 6 1 42,0 3 2 1 42,0 1 1 1 42,1 6 4 1 42,0 9 8 1 42,0 19 10 1 42,1 0 0 0
j400403_5.sm,14,14,1 0 0 4 2 5 10 11,0 11 8 2 4 3,0 10 6 3 9 7 6,0 6 5 3 9 8 7,0 2 2 3 13 9 8,1 4 4 2 14 8,0 9 7 4 18 15 13 12,0 7 7 4 20 18 15 12,0 2 2 3 20 18 16,0 7 4 1 12,1 10 9 4 24 21 20 19,1 14 7 3 35 21 16,0 18 10 3 30 20 19,0 2 2 3 30 20 19,1 2 1 3 41 24 19,0 5 3 1 17,0 15 10 3 41 30 19,1 9 9 4 35 34 30 22,0 11 6 2 34 22,0 2 1 5 41 40 35 31 25,0 2 2 1 22,0 18 10 1 23,0 7 6 3 40 31 25,0 6 5 4 31 30 28 27,0 5 3 1 26,0 2 2 3 39 28 27,0 2 2 3 38 36 32,0 4 2 1 29,1 3 2 2 36 33,0 4 3 2 38 32,0 8 7 2 37 36,0 10 7 1 37,1 16 9 1 38,0 12 6 1 36,1 2 1 1 37,1 17 9 1 42,0 3 3 1 42,1 13 7 1 42,1 8 4 1 42,1 4 3 1 42,0 7 5 1 42,1 0 0 0
j400403_6.sm,14,14,1 0 0 4 2 7 13 15,1 5 3 3 11 4 3,0 16 9 4 22 16 9 5,0 6 6 3 22 9 6,0 1 1 2 41 6,0 13 7 4 30 19 14 8,1 9 7 3 14 10 9,0 8 5 3 40 18 10,1 10 7 4 40 38 19 12,0 7 7 3 39 38 12,1 15 9 4 40 39 29 17,0 6 6 2 29 17,1 20 10 2 38 17,0 13 7 4 39 38 29 21,0 4 2 4 41 39 37 21,1 1 1 3 40 37 20,1 2 1 2 37 20,0 7 4 2 37 20,1 12 8 2 37 21,1 20 10 1 21,0 3 3 2 36 23,0 18 10 3 41 37 24,0 17 9 2 35 24,0 11 7 3 34 28 25,0 15 9 2 32 26,0 18 9 1 27,0 12 7 1 31,0 20 10 1 33,0 8 7 1 32,0 2 1 1 38,0 3 2 1 42,1 1 1 1 42,0 11 10 1 42,1 12 8 1 42,0 11 7 1 42,0 10 8 1 42,0 18 10 1 42,1 10 7 1 42,0 7 4 1 42,0 18 9 1 42,0 10 7 1 42,1 0 0 0
j400403_7.sm,14,14,1 0 0 22 2 21 22 23 24 25 26 27 28 29 30 31 32 33 34 35 36 37 38 39 40 41,0 12 9 1 3,1 2 2 2 20 4,0 11 8 3 19 18 5,0 2 1 1 6,0 10 5 1 7,0 2 2 1 8,0 6 4 1 9,1 1 1 1 10,0 13 8 1 11,0 6 4 1 12,1 4 2 1 13,0 5 4 1 14,1 12 9 1 15,0 13 10 1 16,1 4 4 1 17,0 15 9 1 42,1 10 7 1 42,0 6 3 1 42,0 15 8 1 42,0 18 9 1 42,0 1 1 1 42,0 7 5 1 42,1 8 5 1 42,1 8 4 1 42,0 19 10 1 42,0 2 1 1 42,0 3 2 1 42,0 10 8 1 42,0 11 8 1 42,0 2 1 1 42,0 4 2 1 42,0 2 1 1 42,1 16 10 1 42,0 11 10 1 42,0 4 2 1 42,1 5 5 1 42,0 3 2 1 42,1 5 3 1 42,0 19 10 1 42,1 18 9 1 42,1 0 0 0
j400403_8.sm,14,14,1 0 0 5 2 11 18 33 41,0 7 5 3 23 6 3,0 6 5 2 25 4,0 2 1 4 36 34 17 5,0 2 1 3 35 21 7,0 9 5 5 39 36 22 17 9,0 15 8 2 39 8,0 18 9 3 40 38 10,0 19 10 1 10,1 4 3 1 12,1 5 5 1 12,1 4 4 2 37 13,0 9 7 1 14,0 1 1 2 31 15,0 6 4 2 32 16,1 7 6 5 30 29 28 27 19,0 3 2 4 38 28 27 19,0 6 3 3 35 31 20,0 13 10 1 20,0 6 3 1 24,1 9 5 1 24,1 1 1 1 24,0 5 4 1 24,0 12 6 1 26,0 15 8 1 36,0 12 6 1 42,1 10 10 1 42,1 17 9 1 42,0 8 5 1 42,0 11 6 1 42,0 11 8 1 42,0 18 9 1 42,0 3 3 1 42,0 6 4 1 42,0 14 8 1 42,0 7 5 1 42,0 8 7 1 42,1 9 5 1 42,1 1 1 1 42,1 8 7 1 42,1 1 1 1 42,1 0 0 0
j400403_9.sm,14,14,1 0 0 4 2 5 9 12,0 4 4 2 4 3,0 20 10 3 11 7 6,1 4 4 3 11 8 7,0 6 4 3 13 11 8,0 15 8 2 14 8,1 10 5 4 18 15 13 10,1 3 3 4 19 18 15 10,0 12 8 1 10,0 3 2 4 32 24 21 16,0 2 2 3 19 18 16,0 8 6 4 24 21 20 19,0 3 2 3 27 20 19,1 20 10 3 27 20 19,0 8 4 3 36 24 20,0 2 2 1 17,0 10 10 3 36 27 20,0 19 10 4 35 32 27 22,1 13 8 4 36 35 32 23,0 10 5 2 35 22,0 11 6 1 22,0 10 9 1 23,1 12 10 3 41 31 25,0 7 4 4 40 31 29 27,0 8 8 1 26,0 17 9 3 40 29 28,0 9 8 1 28,1 6 5 3 38 37 33,0 10 6 1 30,0 11 6 2 37 34,1 12 7 2 39 37,0 6 4 1 33,1 11 7 1 39,1 3 3 1 38,0 9 6 1 37,1 3 3 1 40,0 10 5 1 42,0 3 2 1 42,0 9 8 1 42,1 10 5 1 42,0 5 5 1 42,1 0 0 0
j400403_10.sm,14,14,1 0 0 4 2 7 13 15,0 6 5 3 11 4 3,1 6 6 4 22 16 9 5,0 10 5 3 22 9 6,0 2 1 2 41 6,0 14 9 4 30 20 14 8,0 12 7 3 14 10 9,1 12 8 3 40 18 10,0 4 4 4 40 38 20 12,0 6 4 3 39 38 12,0 2 1 4 40 39 29 17,0 4 4 2 29 17,1 5 4 2 38 17,1 5 4 4 39 38 29 21,0 10 7 4 41 39 37 21,0 1 1 2 40 19,0 7 4 1 19,0 10 10 1 19,0 9 6 2 37 21,0 8 4 2 37 21,0 1 1 2 36 23,0 6 5 3 41 37 24,1 11 7 2 35 24,1 5 5 3 34 28 25,0 10 9 2 32 26,1 8 8 1 27,1 5 5 1 31,0 7 6 1 33,0 6 4 1 32,0 20 10 1 38,0 9 8 1 42,1 10 8 1 42,0 12 7 1 42,0 8 4 1 42,0 7 6 1 42,1 2 1 1 42,1 20 10 1 42,1 1 1 1 42,0 5 4 1 42,0 16 9 1 42,0 11 9 1 42,1 0 0 0
j400503_1.sm,14,14,1 0 0 4 2 39 40 41,0 5 5 1 3,1 1 1 3 38 37 4,0 17 10 3 36 35 5,0 7 4 4 34 33 32 6,1 8 5 1 7,0 9 5 1 8,0 14 7 5 31 30 29 28 9,1 1 1 2 27 10,1 18 10 2 26 11,1 4 2 2 25 12,0 14 8 2 24 13,0 13 7 1 14,0 14 7 2 23 15,0 1 1 1 16,0 6 6 2 22 17,0 15 10 1 18,1 18 10 1 19,0 11 9 1 20,1 9 5 1 21,0 6 5 1 42,0 8 6 1 42,0 8 4 1 42,0 6 5 1 42,0 3 2 1 42,0 11 6 1 42,0 9 5 1 42,1 15 8 1 42,0 5 3 1 42,1 9 9 1 42,0 10 8 1 42,0 1 1 1 42,0 4 4 1 42,0 11 7 1 42,1 15 8 1 42,1 3 2 1 42,0 10 8 1 42,0 5 3 1 42,1 8 7 1 42,0 14 8 1 42,0 9 9 1 42,1 0 0 0
j400503_2.sm,14,14,1 0 0 2 2 10,0 3 2 2 41 3,0 4 2 2 7 4,0 7 6 4 26 15 11 5,1 5 3 1 6,0 12 10 2 12 8,1 12 10 3 26 13 12,1 4 2 2 33 9,0 9 6 3 34 28 13,0 6 3 1 11,0 10 7 2 19 12,1 16 9 3 35 34 14,0 4 4 3 35 19 14,0 9 5 2 36 16,0 6 3 2 28 16,0 11 6 2 40 17,0 2 2 3 39 38 18,0 18 9 2 37 20,1 17 9 3 36 32 21,1 6 4 2 32 21,0 11 9 2 31 22,1 2 1 1 23,0 3 3 1 24,0 7 6 2 29 25,0 4 3 1 27,0 11 10 1 28,0 10 8 1 30,0 2 1 1 29,0 8 4 1 42,0 3 3 1 42,0 16 8 1 42,1 5 5 1 42,1 8 4 1 42,1 13 9 1 42,0 12 6 1 42,0 10 6 1 42,1 12 8 1 42,1 14 8 1 42,0 19 10 1 42,0 8 5 1 42,0 8 7 1 42,1 0 0 0
j400503_3.sm,14,14,1 0 0 2 2 3,0 12 10 1 4,1 2 1 1 4,0 12 10 2 6 5,1 3 2 4 17 10 9 8,0 12 6 3 10 9 7,1 6 6 1 8,0 12 6 3 13 12 11,1 12 8 2 13 11,0 3 2 2 14 13,0 18 10 2 18 14,0 10 10 2 18 14,0 2 2 2 18 15,0 9 5 1 15,0 6 6 1 16,0 2 2 2 20 19,1 16 10 1 18,1 4 2 2 23 20,1 10 5 3 24 23 22,0 11 6 2 22 21,0 6 6 3 28 26 24,0 11 9 3 28 27 25,0 11 9 2 26 25,1 4 2 1 25,1 4 3 2 31 29,0 6 4 1 27,0 9 6 2 33 30,1 11 9 2 32 31,0 13 7 1 30,0 15 9 2 34 32,1 15 10 2 35 33,0 11 6 2 36 35,0 11 10 2 36 34,0 17 10 2 39 37,0 8 4 2 39 37,0 12 10 3 41 39 38,1 9 6 2 41 38,0 17 9 1 40,0 15 8 1 40,0 9 7 1 42,0 10 5 1 42,1 0 0 0
j400503_4.sm,14,14,1 0 0 2 2 7,0 4 4 2 41 3,0 16 9 1 4,0 11 8 2 16 5,0 9 7 3 13 12 6,0 10 5 3 40 15 8,0 10 6 3 40 26 9,0 14 7 2 26 9,0 11 7 4 23 18 17 10,0 7 4 1 11,0 8 6 2 19 14,1 9 9 3 27 22 17,0 13 10 2 20 19,0 7 4 2 27 20,1 1 1 2 27 19,1 8 6 2 23 19,1 18 9 1 19,1 17 9 1 19,0 9 5 1 21,0 2 2 1 22,1 5 3 1 24,1 3 3 1 24,0 15 9 1 24,0 4 3 1 25,0 4 4 3 39 32 28,1 10 9 1 28,0 6 5 2 32 30,1 4 4 1 29,0 6 6 2 34 30,0 1 1 1 31,0 10 6 3 38 37 33,0 11 9 2 35 34,0 19 10 1 35,1 2 1 1 36,0 5 3 1 42,0 2 1 1 42,0 1 1 1 42,1 1 1 1 42,0 14 10 1 42,0 10 6 1 42,1 4 3 1 42,1 0 0 0
j400503_5.sm,14,14,1 0 0 2 2 10,0 18 9 2 41 3,0 6 6 2 7 4,1 12 7 4 26 14 11 5,0 2 1 1 6,0 12 6 2 12 8,0 3 2 3 26 13 12,0 16 9 2 29 9,0 9 5 3 39 28 13,0 10 6 1 11,0 10 10 2 18 12,0 10 5 3 40 39 15,0 17 9 3 40 18 15,1 8 4 3 39 28 16,1 11 9 2 38 16,0 4 4 2 37 17,0 7 5 3 36 35 19,0 2 2 5 38 35 34 33 21,1 9 9 2 34 20,0 6 5 2 33 21,1 1 1 1 22,1 14 7 2 32 23,1 9 7 1 24,0 6 4 2 30 25,0 7 7 1 27,0 2 2 1 28,1 2 1 1 31,0 7 7 1 30,1 8 5 1 30,0 10 5 1 42,0 2 1 1 42,1 9 6 1 42,1 16 10 1 42,0 9 5 1 42,0 8 5 1 42,0 6 3 1 42,0 5 3 1 42,0 15 9 1 42,0 10 6 1 42,0 18 10 1 42,1 12 9 1 42,1 0 0 0
j400503_6.sm,14,14,1 0 0 2 2 6,0 10 9 1 3,0 16 8 2 5 4,1 3 2 4 23 12 10 8,0 4 3 3 12 10 7,0 1 1 2 10 8,0 10 5 1 8,0 6 5 3 15 14 9,0 3 2 2 24 11,0 12 7 2 24 14,1 5 3 1 13,0 4 4 1 13,1 6 4 3 26 22 16,1 5 5 3 26 22 16,1 15 8 4 26 22 19 17,1 8 5 2 19 17,0 4 3 2 27 18,0 7 4 3 41 29 20,0 5 4 2 29 20,1 18 10 2 32 21,1 10 5 3 34 33 25,0 16 10 3 41 33 25,0 13 8 2 40 26,0 14 8 1 26,0 9 6 2 40 28,0 10 10 2 31 29,0 15 9 2 33 30,0 11 7 1 30,1 10 6 3 39 34 33,0 14 10 2 38 31,0 11 8 2 39 35,0 3 2 3 39 38 37,0 3 2 2 38 36,0 7 6 2 38 36,1 17 10 1 36,0 10 6 1 37,1 15 8 1 42,0 15 8 1 42,0 1 1 1 42,1 10 6 1 42,0 2 2 1 42,1 0 0 0
j400503_7.sm,14,14,1 0 0 3 2 40 41,0 3 2 2 39 3,0 16 9 1 4,0 15 9 2 38 5,1 4 3 3 37 14 6,0 8 7 3 36 18 7,1 6 4 3 35 21 8,1 5 3 2 25 9,0 7 5 2 16 10,0 2 2 2 23 11,0 7 4 2 34 12,0 15 9 1 13,0 14 10 2 33 15,0 10 7 3 35 31 16,0 14 7 2 32 17,1 8 7 3 33 32 20,0 11 7 1 19,1 12 7 1 19,0 4 3 2 31 20,0 4 4 2 29 22,0 5 3 4 31 29 28 26,0 17 9 2 30 24,1 11 9 3 30 29 26,1 6 5 2 28 26,1 13 8 2 32 26,0 11 10 1 27,0 9 8 1 42,1 2 2 1 42,0 16 10 1 42,0 6 6 1 42,0 3 3 1 42,0 8 7 1 42,0 3 2 1 42,0 2 2 1 42,0 3 3 1 42,1 6 3 1 42,1 11 8 1 42,1 15 8 1 42,0 5 3 1 42,0 6 3 1 42,0 14 8 1 42,1 0 0 0
j400503_8.sm,14,14,1 0 0 15 2 28 29 30 31 32 33 34 35 36 37 38 39 40 41,0 19 10 1 3,0 10 9 1 4,0 18 9 2 27 5,0 2 2 2 26 6,0 9 8 3 25 24 7,0 4 2 2 23 8,1 6 5 1 9,0 7 4 1 10,0 7 4 2 22 11,1 11 6 1 12,0 4 2 1 13,1 3 3 1 14,0 4 2 1 15,1 11 6 1 16,0 10 5 1 17,1 8 5 1 18,0 16 10 1 19,0 7 4 1 20,1 10 9 1 21,0 13 7 1 42,0 9 7 1 42,0 13 8 1 42,0 13 7 1 42,0 8 6 1 42,0 10 10 1 42,1 8 4 1 42,0 4 2 1 42,0 5 4 1 42,0 10 7 1 42,1 7 7 1 42,1 4 2 1 42,0 13 7 1 42,1 12 9 1 42,0 4 4 1 42,1 14 10 1 42,0 6 5 1 42,1 9 6 1 42,0 4 4 1 42,0 20 10 1 42,0 6 3 1 42,1 0 0 0
j400503_9.sm,14,14,1 0 0 2 2 3,0 4 3 1 4,1 13 9 1 4,0 13 9 2 6 5,0 8 7 4 14 10 9 7,0 7 4 4 14 10 9 8,1 7 7 1 8,0 19 10 3 13 12 11,0 6 6 2 12 11,0 11 6 2 12 11,0 8 8 2 18 15,0 2 2 2 18 15,1 9 5 2 18 15,0 15 10 2 18 17,1 10 7 1 16,0 7 5 1 17,0 6 6 2 20 19,0 9 9 1 19,1 10 6 3 23 22 21,0 4 3 3 24 23 22,0 15 8 3 28 26 24,0 4 2 3 28 27 25,0 11 6 2 26 25,1 7 6 1 25,0 1 1 2 31 29,1 2 1 1 27,0 8 7 2 32 30,1 8 6 2 33 31,1 16 9 1 30,0 7 5 2 35 33,0 4 2 1 32,1 10 9 3 36 35 34,1 8 4 2 36 34,0 10 5 2 39 37,1 9 6 2 39 37,0 5 3 3 41 39 38,0 5 3 2 41 38,0 10 5 1 40,0 12 9 1 40,0 8 5 1 42,0 5 4 1 42,1 0 0 0
j400503_10.sm,14,14,1 0 0 2 2 5,0 6 6 1 3,1 10 9 2 6 4,0 5 5 4 18 14 11 7,0 10 8 3 18 11 8,1 4 2 4 27 18 13 9,0 6 3 1 8,0 10 5 2 13 9,0 2 1 2 23 10,0 6 3 1 12,0 18 10 1 13,0 14 9 3 26 22 15,0 9 5 3 26 22 15,1 7 4 5 32 26 22 19 16,1 5 3 3 32 19 16,0 12 8 1 17,0 16 10 4 41 36 29 20,1 9 5 5 40 36 32 26 24,0 7 4 2 29 20,0 7 7 2 40 21,1 3 2 2 34 24,0 5 5 2 41 25,1 3 2 2 33 26,0 5 4 1 25,0 9 6 1 28,0 8 5 3 39 34 31,0 5 3 3 39 34 31,0 13 7 2 38 30,0 7 5 2 34 31,0 7 5 2 39 33,0 13 9 2 38 35,1 18 9 1 33,0 3 2 1 35,0 9 7 1 35,0 18 10 1 37,1 10 7 1 38,1 12 8 1 42,1 2 1 1 42,0 11 7 1 42,0 14 7 1 42,1 9 8 1 42,1 0 0 0
j400603_1.sm,14,14,1 0 0 2 2 9,1 11 10 1 3,1 1 1 3 15 14 4,0 18 10 1 5,0 6 3 3 12 8 6,0 7 6 1 7,0 15 8 2 19 10,0 5 5 2 19 10,1 3 2 2 19 11,0 4 2 1 11,1 14 9 1 13,0 2 2 1 13,0 12 10 1 16,1 17 9 1 16,1 9 7 1 16,1 10 5 2 21 17,0 9 5 2 23 18,0 4 4 3 29 25 20,0 1 1 2 25 22,0 16 8 2 27 22,0 4 2 2 27 22,0 10 10 1 24,0 12 10 1 24,0 6 4 1 26,0 1 1 1 27,1 1 1 1 28,0 9 7 1 28,0 18 9 2 41 30,0 2 1 2 41 30,0 18 9 2 36 31,0 5 3 2 39 32,0 5 3 2 40 33,0 10 6 2 38 34,1 16 9 1 35,1 12 9 1 37,0 8 8 1 39,0 7 5 1 42,0 14 8 1 42,1 6 6 1 42,0 8 4 1 42,1 5 4 1 42,1 0 0 0
j400603_2.sm,14,14,1 0 0 9 2 34 35 36 37 38 39 40 41,1 2 1 1 3,1 5 3 1 4,0 2 1 2 33 5,1 3 2 2 32 6,0 12 9 1 7,0 6 3 1 8,0 13 7 2 31 9,0 5 5 2 30 10,1 2 2 2 29 11,0 8 4 2 28 12,1 15 10 1 13,0 12 6 1 14,0 12 8 2 27 15,0 7 4 2 26 16,0 5 5 1 17,0 9 6 1 18,0 9 7 1 19,0 6 3 1 20,0 6 5 1 21,0 9 9 1 22,0 8 5 1 23,0 14 8 1 24,0 16 10 1 25,1 4 3 1 42,1 14 9 1 42,0 9 7 1 42,1 10 5 1 42,1 18 9 1 42,0 2 1 1 42,0 10 6 1 42,1 7 5 1 42,1 5 3 1 42,0 12 6 1 42,0 12 7 1 42,0 8 4 1 42,0 9 9 1 42,1 4 3 1 42,0 4 4 1 42,0 8 4 1 42,0 2 1 1 42,1 0 0 0
j400603_3.sm,14,14,1 0 0 1 2,0 11 9 1 3,0 2 2 1 4,1 11 9 4 16 9 7 5,0 8 5 2 32 6,1 2 1 2 10 8,1 11 6 3 41 32 12,0 9 6 2 41 11,1 3 2 2 12 10,0 6 5 3 41 25 13,0 10 5 1 12,1 11 7 2 25 13,0 4 3 1 14,0 7 5 2 24 15,0 8 7 3 31 29 17,0 2 1 4 31 29 21 18,0 8 8 2 21 18,0 6 5 2 28 19,0 3 2 1 20,0 4 3 3 40 34 22,1 3 3 1 22,0 11 8 2 39 23,0 9 8 1 26,0 20 10 1 26,1 12 9 1 26,0 11 8 1 27,1 11 6 1 30,0 7 4 1 30,0 10 8 1 30,0 12 7 2 38 33,1 7 5 2 38 33,0 17 9 2 38 35,1 11 9 1 35,0 11 7 1 35,0 10 5 1 36,1 16 8 1 37,0 12 7 1 42,0 12 9 1 42,0 6 6 1 42,1 1 1 1 42,0 7 6 1 42,1 0 0 0
j400603_4.sm,14,14,1 0 0 1 2,0 17 10 1 3,0 15 9 1 4,0 6 6 4 21 15 12 5,0 10 8 2 41 6,1 5 4 3 40 11 7,1 5 4 1 8,0 1 1 1 9,1 13 10 2 26 10,0 12 6 2 28 13,0 6 3 2 28 13,1 12 7 2 28 13,0 15 10 1 14,0 9 7 3 39 32 16,0 10 6 2 39 16,0 8 4 2 20 17,0 14 7 2 34 18,0 7 4 1 19,0 12 6 3 38 31 22,0 10 10 1 22,0 2 2 1 22,0 2 1 2 37 23,0 15 9 1 24,1 3 2 1 25,0 9 5 1 27,0 4 4 1 27,0 1 1 2 36 29,1 15 9 1 29,1 17 9 1 30,0 3 3 1 33,1 3 3 1 33,1 17 10 1 33,0 16 8 1 35,0 10 5 1 36,0 6 5 1 42,1 4 3 1 42,1 15 10 1 42,0 9 7 1 42,0 10 5 1 42,1 4 2 1 42,0 12 8 1 42,1 0 0 0
j400603_5.sm,14,14,1 0 0 1 2,0 18 9 2 5 3,0 10 9 2 6 4,0 10 7 1 7,1 18 10 1 6,0 6 6 2 9 8,0 13 7 2 9 8,0 1 1 3 13 11 10,0 6 5 1 10,0 7 6 1 12,1 10 8 1 12,0 11 10 2 16 14,1 2 2 1 14,0 8 4 1 15,0 3 2 1 17,0 8 8 1 17,0 7 5 1 18,0 8 4 1 19,0 6 3 3 22 21 20,1 13 10 3 25 24 23,0 14 10 3 25 24 23,1 4 3 2 24 23,1 17 9 2 28 26,0 7 5 2 28 27,0 19 10 2 28 27,0 12 10 1 27,0 12 6 1 29,0 13 7 1 29,1 16 9 1 30,1 8 7 1 31,0 10 9 3 38 33 32,0 13 9 3 36 35 34,0 16 9 2 36 35,1 9 5 1 37,1 2 2 2 40 39,0 6 3 2 40 39,0 3 2 2 40 39,1 4 3 2 40 39,0 4 4 1 41,0 1 1 1 41,1 7 6 1 42,1 0 0 0
j400603_6.sm,14,14,1 0 0 1 2,0 8 6 1 3,0 14 8 1 4,0 12 6 4 17 8 7 5,1 8 7 2 41 6,0 6 6 2 11 9,0 2 2 3 41 40 12,0 7 5 2 40 12,0 14 9 1 10,0 6 6 1 12,0 10 10 3 40 25 14,1 5 3 2 25 13,0 20 10 1 14,1 3 3 2 24 15,0 12 10 3 39 33 16,0 2 1 2 21 18,1 12 6 2 39 18,1 5 4 2 29 19,0 17 10 1 20,1 7 6 3 38 31 22,0 14 8 1 22,0 12 6 2 37 23,1 7 6 1 26,0 6 3 1 26,1 11 7 1 26,0 4 2 1 27,0 11 7 1 28,0 14 10 2 36 30,0 14 8 2 36 32,1 5 4 1 32,0 9 9 1 32,0 10 7 1 34,1 2 1 1 34,1 3 3 1 35,0 9 7 1 42,0 7 6 1 42,0 1 1 1 42,0 12 6 1 42,0 14 7 1 42,0 15 9 1 42,1 8 5 1 42,1 0 0 0
j400603_7.sm,14,14,1 0 0 2 2 15,1 3 3 1 3,0 9 9 3 16 13 4,0 10 8 1 5,1 1 1 3 11 8 6,0 15 8 1 7,0 4 2 2 19 9,0 14 9 2 19 9,0 6 6 1 10,0 11 8 1 12,0 10 6 1 12,0 4 3 1 14,1 9 6 1 14,0 15 10 4 26 24 21 17,1 12 10 4 26 24 21 17,0 10 8 4 28 26 21 20,0 5 4 1 18,1 15 9 3 31 28 20,0 10 10 2 28 22,0 11 7 1 22,1 19 10 1 22,0 8 6 1 23,0 3 2 1 25,0 5 3 2 41 28,0 7 7 1 27,0 1 1 1 27,0 3 2 2 41 29,1 5 4 1 29,1 10 5 2 39 30,1 10 10 2 40 32,0 10 7 3 39 38 33,0 11 8 2 38 33,0 15 8 2 37 34,0 2 2 1 35,0 6 5 1 36,0 11 6 1 42,0 12 6 1 42,1 14 7 1 42,0 14 9 1 42,1 4 4 1 42,1 17 10 1 42,1 0 0 0
j400603_8.sm,14,14,1 0 0 2 2 7,0 6 6 1 3,1 3 2 3 12 6 4,0 1 1 1 5,0 16 9 3 14 10 8,0 10 5 1 8,0 1 1 1 8,1 11 7 1 9,0 8 6 1 11,0 10 8 1 11,0 7 6 2 18 13,0 1 1 2 18 13,1 5 5 1 15,0 4 3 1 15,0 17 9 1 16,1 9 9 1 17,0 6 3 2 20 19,0 2 1 1 19,0 13 7 3 26 22 21,0 4 2 3 26 25 23,0 3 2 2 25 23,0 18 9 1 23,0 7 4 1 24,1 8 6 1 27,0 4 4 1 28,0 4 2 1 28,0 5 5 1 29,0 7 6 1 29,0 10 8 2 41 30,0 1 1 1 31,1 11 10 2 34 32,1 9 7 3 40 39 33,1 5 4 1 35,1 7 7 3 39 38 37,1 20 10 2 38 36,1 14 7 1 37,1 9 7 1 42,0 13 10 1 42,0 10 6 1 42,0 15 10 1 42,0 5 4 1 42,1 0 0 0
j400603_9.sm,14,14,1 0 0 1 2,0 8 4 1 3,1 8 5 1 4,0 11 9 2 6 5,0 17 9 2 11 7,0 2 2 2 11 8,0 12 6 2 10 9,0 12 6 2 10 9,1 11 6 2 13 12,0 2 2 2 13 12,1 10 6 2 13 12,1 8 8 1 14,0 13 9 1 14,0 4 4 2 20 15,1 3 3 1 16,0 9 7 1 17,1 6 3 2 19 18,0 1 1 3 23 22 21,1 12 10 2 23 21,0 17 9 2 23 21,0 12 10 3 27 25 24,1 13 10 3 27 25 24,1 3 2 3 27 26 24,0 2 1 2 29 28,1 3 2 1 26,0 12 10 1 28,0 8 4 1 28,0 11 6 2 31 30,1 5 3 2 31 30,0 2 2 2 33 32,0 5 3 2 33 32,0 4 3 1 34,0 8 5 1 34,0 15 8 2 36 35,0 6 6 1 37,1 12 7 1 37,0 3 3 2 40 38,0 3 3 1 39,0 3 3 1 41,0 13 7 1 41,0 7 6 1 42,1 0 0 0
j400603_10.sm,14,14,1 0 0 1 2,1 4 2 1 3,0 4 4 2 41 4,0 14 7 3 17 12 5,1 16 9 2 40 6,0 16 10 3 39 11 7,1 5 4 1 8,0 7 7 2 31 9,0 15 8 1 10,1 2 1 2 38 13,0 14 8 1 13,0 5 3 1 13,0 12 10 2 37 14,1 9 6 2 28 15,0 4 4 2 21 16,1 15 8 2 30 18,0 6 6 2 30 18,1 11 9 1 19,0 18 9 3 36 35 20,1 10 5 2 34 22,0 18 9 2 34 22,0 9 9 1 23,0 8 7 1 24,0 8 5 1 25,0 5 3 2 33 26,0 19 10 1 27,0 12 7 1 29,1 2 1 1 29,0 4 2 1 32,1 16 8 1 33,0 11 10 1 32,0 11 6 1 42,1 6 3 1 42,0 18 9 1 42,0 5 5 1 42,0 6 3 1 42,0 2 2 1 42,0 12 10 1 42,0 8 4 1 42,1 13 9 1 42,0 18 9 1 42,1 0 0 0
j400703_1.sm,14,14,1 0 0 7 2 36 37 38 39 40 41,0 9 9 2 35 3,0 16 9 4 34 33 32 4,0 9 9 1 5,0 2 2 1 6,1 13 10 1 7,0 3 2 1 8,0 14 7 1 9,1 17 9 1 10,1 14 9 2 31 11,0 17 10 2 30 12,0 10 5 1 13,0 2 1 1 14,1 7 4 1 15,0 7 7 1 16,0 4 4 1 17,0 15 9 1 18,0 12 8 1 19,0 10 9 1 20,0 1 1 1 21,0 11 9 1 22,0 1 1 1 23,1 1 1 1 24,0 1 1 1 25,0 2 1 1 26,1 20 10 1 27,1 6 6 1 28,0 9 5 1 29,1 12 7 1 42,0 9 6 1 42,1 13 8 1 42,1 10 6 1 42,0 16 9 1 42,1 4 2 1 42,0 9 9 1 42,0 5 4 1 42,0 4 2 1 42,0 14 8 1 42,0 1 1 1 42,1 9 7 1 42,0 13 8 1 42,1 0 0 0
j400703_2.sm,14,14,1 0 0 2 2 7,0 2 1 1 3,0 6 3 1 4,0 11 7 1 5,1 3 3 2 15 6,1 3 2 1 8,0 1 1 1 8,0 1 1 1 9,1 16 8 1 10,0 1 1 2 17 11,0 9 6 1 12,1 4 3 2 33 13,1 5 3 2 41 14,0 12 6 1 16,0 13 10 3 41 40 19,1 7 5 1 18,1 9 5 3 41 33 20,0 4 2 2 40 19,1 1 1 1 20,0 7 5 2 39 21,0 9 5 1 22,0 4 2 2 38 23,0 4 2 4 37 36 29 24,0 16 10 1 25,0 14 8 1 26,0 3 3 1 27,0 6 6 1 28,0 9 6 2 35 30,0 4 4 2 35 32,0 3 3 1 31,0 10 6 1 32,0 14 9 1 34,1 4 3 1 36,1 4 3 1 42,0 1 1 1 42,0 8 5 1 42,0 12 7 1 42,1 5 4 1 42,1 2 2 1 42,0 1 1 1 42,0 3 2 1 42,1 0 0 0
j400703_3.sm,14,14,1 0 0 2 2 7,1 2 1 1 3,1 4 2 1 4,0 9 6 1 5,0 3 2 1 6,1 3 3 1 8,0 5 3 1 8,1 2 1 1 9,0 12 9 2 15 10,0 2 2 2 14 11,0 2 2 1 12,0 10 7 1 13,1 17 10 2 19 16,1 13 10 2 19 16,0 2 1 2 19 16,0 8 8 2 37 17,0 11 7 1 18,0 14 10 2 33 20,1 10 7 2 37 22,0 6 6 1 21,0 3 2 1 22,1 19 10 2 28 23,0 3 2 1 24,1 8 8 2 35 25,0 6 5 3 41 27 26,0 14 7 1 29,0 10 10 2 39 31,0 15 9 2 35 31,0 11 7 1 30,1 3 3 1 31,0 17 9 1 32,0 8 6 2 40 34,0 8 7 2 39 38,0 4 4 1 36,1 16 10 1 36,0 18 10 1 38,0 7 4 1 38,0 13 8 1 42,0 10 10 1 42,0 1 1 1 42,1 1 1 1 42,1 0 0 0
j400703_4.sm,14,14,1 0 0 3 2 40 41,1 5 3 1 3,1 10 8 2 9 4,1 12 10 1 5,0 4 2 2 38 6,0 12 9 1 7,1 15 10 1 8,0 1 1 2 37 10,0 18 10 2 39 11,0 6 3 1 11,0 18 10 1 12,0 8 8 1 13,0 10 8 1 14,1 13 8 1 15,0 15 8 2 36 16,0 3 3 1 17,1 2 1 1 18,1 4 2 1 19,0 13 7 2 35 20,0 9 7 2 34 21,0 7 7 2 33 22,0 10 6 2 32 23,0 10 5 1 24,0 4 2 1 25,0 10 7 2 31 26,0 14 7 1 27,0 2 2 1 28,0 10 7 1 29,0 3 2 1 30,1 11 8 1 42,0 8 4 1 42,0 4 2 1 42,1 15 10 1 42,0 4 3 1 42,1 5 5 1 42,0 16 10 1 42,1 11 7 1 42,1 1 1 1 42,0 17 9 1 42,0 12 8 1 42,0 7 7 1 42,1 0 0 0
j400703_5.sm,14,14,1 0 0 2 2 7,0 1 1 1 3,1 12 7 1 4,0 12 9 1 5,0 2 1 1 6,0 14 9 1 8,0 3 3 1 8,1 5 3 2 14 9,1 9 6 1 10,1 10 9 2 15 11,1 15 9 1 12,0 14 8 1 13,0 7 5 2 19 16,0 11 8 2 19 16,1 12 6 2 19 17,0 6 4 2 41 17,0 10 5 1 18,0 7 6 2 40 20,0 15 9 3 41 30 22,0 1 1 1 21,0 19 10 2 30 22,0 5 3 1 23,1 6 3 1 24,0 8 5 4 39 35 27 25,0 10 9 2 38 26,0 14 10 1 28,0 6 3 2 38 31,0 2 1 1 29,0 6 6 1 31,0 7 6 3 37 35 33,1 2 1 1 32,1 10 6 2 37 33,0 4 3 1 34,1 12 9 1 36,0 1 1 1 36,1 8 4 1 42,1 5 4 1 42,0 13 7 1 42,0 2 1 1 42,0 2 1 1 42,0 1 1 1 42,1 0 0 0
j400703_6.sm,14,14,1 0 0 1 2,0 10 8 1 3,0 13 10 3 10 6 4,0 3 3 2 22 5,1 18 9 2 11 7,1 10 7 2 22 8,0 6 5 1 8,0 17 9 2 25 9,1 2 1 1 12,0 7 6 1 12,0 5 5 2 25 14,0 3 3 1 13,0 8 6 1 14,0 11 7 2 20 15,0 7 4 1 16,0 11 9 1 17,1 6 3 1 18,0 4 4 1 19,1 5 4 1 21,0 5 3 1 21,0 1 1 2 27 23,0 9 6 2 27 23,0 11 9 1 24,0 10 7 1 26,0 6 5 1 26,1 6 4 1 28,0 11 6 1 28,1 3 2 2 41 29,0 1 1 2 35 30,0 2 2 1 31,1 5 5 2 37 32,1 10 8 2 40 33,0 7 5 1 34,1 6 5 2 38 36,0 2 1 2 40 38,0 2 1 1 39,1 6 3 1 40,0 10 6 1 42,1 9 8 1 42,0 16 9 1 42,0 6 5 1 42,1 0 0 0
j400703_7.sm,14,14,1 0 0 6 2 37 38 39 40 41,1 8 8 1 3,1 16 10 4 36 35 34 4,0 12 9 1 5,1 8 8 1 6,0 9 6 2 33 7,1 5 4 1 8,0 14 8 1 9,0 14 7 1 10,1 8 5 2 32 11,0 17 9 2 31 12,0 9 9 1 13,0 13 7 2 30 14,0 6 5 1 15,0 12 8 1 16,1 13 7 1 17,0 12 9 1 18,1 11 6 1 19,0 2 1 1 20,0 13 8 1 21,0 9 5 1 22,0 6 3 1 23,0 15 8 1 24,0 5 3 1 25,0 2 1 1 26,0 8 7 1 27,0 5 4 1 28,1 14 7 1 29,0 15 10 1 42,0 12 10 1 42,0 10 8 1 42,0 6 5 1 42,0 10 5 1 42,0 8 6 1 42,1 6 6 1 42,0 12 6 1 42,0 4 4 1 42,1 8 4 1 42,0 5 4 1 42,1 20 10 1 42,1 9 8 1 42,1 0 0 0
j400703_8.sm,14,14,1 0 0 5 2 16 39 40 41,0 6 4 1 3,0 11 6 2 38 4,0 11 10 2 37 5,1 2 2 1 6,0 1 1 1 7,1 16 9 1 8,0 3 2 1 9,0 7 5 1 10,1 6 4 1 11,0 2 1 2 36 12,0 11 9 1 13,1 10 9 1 14,0 5 3 2 35 15,0 4 3 1 17,0 14 10 1 17,1 11 8 1 18,1 8 5 3 34 33 19,0 10 5 1 20,0 6 3 2 32 21,0 19 10 1 22,1 8 7 1 23,1 9 5 2 31 24,0 4 2 1 25,0 20 10 1 26,0 2 1 1 27,0 12 8 1 28,0 1 1 1 29,0 15 9 1 30,1 8 4 1 42,0 4 2 1 42,1 8 4 1 42,0 13 10 1 42,0 2 1 1 42,0 7 6 1 42,0 10 10 1 42,0 15 9 1 42,0 13 7 1 42,1 2 2 1 42,0 1 1 1 42,1 7 7 1 42,1 0 0 0
j400703_9.sm,14,14,1 0 0 5 2 38 39 40 41,0 11 8 1 3,1 9 5 2 37 4,0 7 4 3 36 35 5,0 6 3 2 34 6,0 19 10 2 33 7,1 13 10 1 8,0 4 3 1 9,0 17 9 1 10,1 10 5 1 11,0 15 10 2 32 12,0 18 10 2 31 13,0 7 6 1 14,0 12 7 2 30 15,1 11 9 1 16,1 10 7 1 17,0 10 9 1 18,0 16 9 1 19,1 10 9 1 20,0 5 5 1 21,0 3 2 1 22,0 4 3 1 23,1 2 2 1 24,1 3 3 1 25,0 6 4 1 26,0 1 1 1 27,1 4 2 1 28,1 3 3 1 29,0 20 10 1 42,1 12 8 1 42,0 10 8 1 42,0 14 8 1 42,0 3 2 1 42,0 10 7 1 42,1 16 9 1 42,0 6 5 1 42,0 2 1 1 42,0 9 7 1 42,0 13 7 1 42,0 1 1 1 42,0 3 2 1 42,1 0 0 0
j400703_10.sm,14,14,1 0 0 2 2 11,0 7 4 1 3,1 18 10 1 4,0 7 6 1 5,0 9 8 2 41 6,0 11 6 1 7,0 7 6 1 8,0 4 3 1 9,1 12 7 3 40 39 10,0 2 2 2 38 12,0 8 7 1 12,0 18 10 1 13,0 10 8 2 37 14,0 6 4 1 15,1 14 9 1 16,0 9 7 1 17,0 2 1 2 36 18,1 4 3 5 35 34 33 32 19,0 12 7 1 20,1 6 6 1 21,0 1 1 1 22,0 9 6 1 23,0 13 7 2 31 24,0 11 9 1 25,1 10 7 1 26,0 14 9 1 27,0 10 7 1 28,0 5 4 1 29,1 13 10 1 30,0 3 3 1 42,1 11 8 1 42,0 6 5 1 42,0 5 3 1 42,0 10 5 1 42,0 12 6 1 42,1 9 6 1 42,1 4 4 1 42,1 10 8 1 42,1 11 8 1 42,0 14 10 1 42,0 10 6 1 42,1 0 0 0
j400803_1.sm,14,14,1 0 0 1 2,0 13 10 2 6 3,0 3 2 1 4,0 8 4 2 19 5,0 12 8 1 7,0 4 2 1 7,1 1 1 1 8,0 6 6 2 12 9,0 12 6 1 10,0 9 5 1 11,0 14 9 1 13,0 6 3 1 13,0 9 5 2 16 14,1 14 8 2 18 15,0 6 6 1 17,0 12 7 1 17,1 11 10 1 20,1 8 6 1 20,0 18 9 1 20,0 11 8 1 21,0 4 4 1 22,1 16 9 1 23,0 7 4 2 26 24,0 6 3 1 25,0 10 8 2 39 27,0 7 5 2 39 27,1 4 2 1 28,1 5 5 1 29,0 9 5 2 41 30,1 14 8 1 31,1 12 6 1 32,0 20 10 1 33,0 5 3 1 34,0 11 10 1 35,0 7 6 1 36,1 5 4 1 37,0 12 8 1 38,1 8 7 1 40,0 3 2 1 41,1 8 8 1 42,0 10 6 1 42,1 0 0 0
j400803_2.sm,14,14,1 0 0 2 2 3,0 13 9 1 4,0 2 2 2 19 6,0 12 10 1 5,0 11 7 2 35 6,0 2 2 1 7,1 15 9 1 8,1 10 9 1 9,1 14 7 2 21 10,1 12 10 1 11,1 13 10 1 12,0 3 2 2 41 13,1 10 5 1 14,0 6 3 1 15,1 7 7 1 16,1 3 3 1 17,0 15 9 1 18,0 2 1 1 20,1 6 6 3 40 35 23,0 1 1 1 22,1 3 2 1 22,0 15 8 2 40 23,0 11 10 1 24,0 7 7 1 25,0 11 9 2 39 26,0 9 6 1 27,0 9 5 1 28,0 8 5 1 29,0 10 9 1 30,0 4 2 2 37 31,0 6 3 1 32,0 3 3 1 33,1 11 8 1 34,1 6 4 1 36,0 9 7 1 36,0 4 2 1 38,0 2 1 1 38,0 18 9 1 42,0 4 2 1 42,0 9 7 1 42,0 10 9 1 42,1 0 0 0
j400803_3.sm,14,14,1 0 0 6 2 37 38 39 40 41,0 7 5 1 3,0 10 6 1 4,1 2 1 1 5,0 7 5 1 6,0 12 8 1 7,0 10 8 1 8,0 5 3 1 9,1 11 6 1 10,0 6 5 1 11,1 10 5 2 36 12,1 10 6 1 13,1 1 1 1 14,0 2 1 2 35 15,0 8 6 2 34 16,0 9 5 1 17,0 15 10 1 18,0 13 9 1 19,1 5 4 1 20,0 12 7 1 21,0 11 8 1 22,0 15 8 1 23,0 10 10 1 24,1 10 9 1 25,0 13 9 1 26,0 6 6 1 27,0 10 9 1 28,0 13 8 1 29,1 15 10 1 30,0 8 6 1 31,0 14 8 1 32,0 4 2 1 33,0 13 9 1 42,1 6 6 1 42,1 12 8 1 42,1 10 7 1 42,0 14 7 1 42,0 4 2 1 42,0 2 1 1 42,1 7 6 1 42,0 7 5 1 42,1 0 0 0
j400803_4.sm,14,14,1 0 0 1 2,0 15 10 2 10 3,0 11 7 1 4,0 13 9 2 41 5,0 10 5 1 6,1 12 7 1 7,0 4 2 2 14 8,0 11 9 2 40 9,0 1 1 1 11,0 11 6 2 40 13,0 8 4 1 12,1 5 5 1 13,1 5 4 2 18 15,0 2 1 2 40 16,0 1 1 1 16,1 7 5 1 17,0 11 10 1 19,0 11 8 1 19,0 4 2 1 20,0 4 4 2 39 21,0 6 4 1 22,0 2 2 1 23,0 14 8 2 38 24,0 2 1 1 25,1 17 10 2 37 26,0 5 5 1 27,1 18 9 1 28,1 14 9 1 29,1 7 4 1 30,1 4 3 1 31,1 3 2 1 32,0 8 4 1 33,0 5 3 1 34,0 9 8 1 35,1 12 8 1 36,0 6 4 1 42,0 4 3 1 42,0 16 10 1 42,1 7 7 1 42,0 3 3 1 42,0 14 10 1 42,1 0 0 0
j400803_5.sm,14,14,1 0 0 6 2 37 38 39 40 41,0 2 1 1 3,0 12 6 1 4,1 20 10 1 5,1 9 8 1 6,1 13 8 1 7,1 6 3 1 8,0 12 10 1 9,1 13 7 2 36 10,0 3 3 1 11,0 3 3 1 12,1 20 10 1 13,0 15 8 2 35 14,0 3 3 1 15,0 5 3 2 34 16,0 1 1 1 17,0 7 7 1 18,0 8 6 1 19,0 11 6 1 20,0 10 5 1 21,0 8 4 1 22,1 11 10 1 23,1 9 8 1 24,0 5 5 1 25,0 9 8 1 26,1 2 1 1 27,0 3 3 1 28,1 6 3 1 29,0 8 6 1 30,0 10 7 1 31,0 6 6 1 32,0 6 6 1 33,0 9 7 1 42,1 9 8 1 42,0 10 6 1 42,0 14 8 1 42,0 2 2 1 42,0 6 5 1 42,1 7 4 1 42,0 8 5 1 42,0 7 6 1 42,1 0 0 0
j400803_6.sm,14,14,1 0 0 2 2 8,0 4 2 2 41 3,0 6 3 1 4,0 14 10 1 5,0 12 6 1 6,1 10 7 1 7,0 17 10 1 9,0 12 9 1 9,0 10 5 2 40 10,1 7 4 1 11,0 14 8 1 12,1 4 4 2 29 13,0 9 7 1 14,1 2 1 1 15,0 9 5 1 16,0 16 9 3 39 38 17,0 5 3 1 18,0 2 1 1 19,1 14 7 2 37 20,0 20 10 1 21,0 11 7 1 22,1 11 10 1 23,0 12 6 1 24,0 3 2 1 25,0 3 3 1 26,0 10 6 1 27,1 1 1 1 28,0 2 1 1 30,1 5 5 1 30,0 8 6 2 36 31,1 2 2 1 32,0 2 2 1 33,0 9 6 1 34,1 4 2 1 35,0 16 8 1 42,1 2 2 1 42,0 2 2 1 42,0 14 9 1 42,0 7 4 1 42,0 2 1 1 42,1 4 2 1 42,1 0 0 0
j400803_7.sm,14,14,1 0 0 2 2 5,0 4 3 1 3,1 12 6 1 4,0 18 10 1 6,0 6 3 1 6,1 8 5 1 7,0 10 8 1 8,1 1 1 1 9,0 3 2 1 10,0 3 2 1 11,0 11 8 3 23 18 12,1 6 3 2 16 13,1 5 5 1 14,0 14 8 1 15,0 12 8 1 17,1 11 8 1 17,1 15 9 1 19,0 19 10 1 19,0 4 2 2 25 20,0 6 3 2 27 21,0 8 4 1 22,0 8 7 1 24,1 2 2 1 25,0 5 5 1 26,1 12 8 1 27,0 17 10 2 34 28,0 10 6 2 34 28,0 2 2 1 29,0 14 10 1 30,0 12 9 1 31,0 18 9 1 32,0 3 3 1 33,1 7 4 1 35,0 14 8 1 35,0 5 5 1 36,0 7 5 1 37,0 20 10 2 41 38,0 7 4 1 39,0 2 1 1 40,1 10 10 1 42,1 2 2 1 42,1 0 0 0
j400803_8.sm,14,14,1 0 0 2 2 5,0 1 1 1 3,0 10 8 1 4,0 8 4 1 6,1 2 1 1 6,0 14 7 1 7,0 3 3 2 16 8,1 8 8 1 9,1 7 6 1 10,0 11 6 1 11,0 2 2 2 13 12,0 5 5 2 20 15,0 14 9 1 14,1 13 7 1 15,0 14 7 1 17,0 2 1 1 17,1 19 10 2 22 18,1 9 6 1 19,0 15 9 1 21,0 8 8 1 21,0 15 10 1 23,1 3 2 1 23,0 13 9 2 27 24,0 2 2 1 25,0 18 9 1 26,1 12 7 1 28,0 15 8 1 28,1 10 6 1 29,0 4 3 1 30,1 16 10 1 31,0 1 1 1 32,0 10 10 1 33,1 9 7 2 39 34,0 7 4 1 35,0 4 3 1 36,0 11 8 1 37,0 7 4 2 40 38,0 6 3 1 41,0 2 2 1 40,0 7 6 1 42,1 1 1 1 42,1 0 0 0
j400803_9.sm,14,14,1 0 0 1 2,0 3 3 2 41 3,0 14 10 1 4,0 6 6 2 40 5,0 12 7 1 6,0 14 9 1 7,1 10 8 2 18 8,0 12 8 2 39 9,0 2 1 1 10,0 4 4 1 11,1 2 1 2 26 12,0 14 8 1 13,1 13 9 1 14,1 15 9 1 15,1 3 2 1 16,0 15 8 2 38 17,1 4 2 1 19,0 4 3 2 39 21,0 16 10 1 20,1 9 6 1 21,1 18 10 2 37 22,0 8 4 1 23,0 4 3 2 36 24,0 10 8 1 25,1 3 2 1 27,0 18 9 1 27,0 13 7 1 28,1 12 10 1 29,1 5 3 1 30,0 9 5 1 31,0 5 4 1 32,0 14 7 1 33,0 12 7 1 34,0 15 10 1 35,0 11 9 1 42,0 8 5 1 42,1 10 8 1 42,0 4 3 1 42,0 9 5 1 42,0 7 6 1 42,0 2 1 1 42,1 0 0 0
j400803_10.sm,14,14,1 0 0 2 2 6,0 5 3 1 3,0 16 8 1 4,1 15 8 1 5,1 10 9 1 7,1 5 4 1 7,0 4 2 1 8,0 15 8 1 9,0 7 5 1 10,1 7 4 2 31 11,0 4 3 2 21 12,1 9 5 2 17 13,0 6 5 1 14,0 8 6 1 15,0 11 8 1 16,0 4 2 1 18,0 13 8 1 18,1 14 10 2 28 19,1 16 8 2 25 20,0 6 4 1 22,0 14 7 2 25 24,1 11 10 1 23,0 7 4 2 35 24,0 12 7 1 26,0 6 3 2 35 29,0 2 2 1 27,0 6 5 1 29,0 8 8 1 29,1 3 2 1 30,0 1 1 1 32,0 11 8 1 32,0 6 4 1 33,0 15 9 1 34,1 6 6 1 36,0 18 9 1 36,0 8 4 1 37,0 6 5 2 41 38,1 13 8 1 39,1 6 4 1 40,0 11 6 1 42,0 10 6 1 42,1 0 0 0
j400903_1.sm,14,14,1 0 0 1 2,1 12 8 1 3,0 9 6 1 4,0 12 8 1 5,1 2 1 1 6,0 1 1 1 7,1 8 6 1 8,0 8 8 1 9,1 16 8 1 10,1 9 6 2 14 11,0 10 7 1 12,0 14 8 1 13,0 10 10 1 15,0 2 2 1 15,1 15 8 2 23 16,0 14 9 1 17,0 11 6 1 18,0 3 2 1 19,1 16 9 1 20,0 7 5 1 21,0 3 2 1 22,0 6 5 1 24,1 8 6 1 24,0 12 6 1 25,1 1 1 2 29 26,0 17 10 1 27,0 2 1 1 28,0 8 4 2 41 30,0 11 6 1 30,0 4 3 1 31,0 9 5 1 32,0 8 7 1 33,1 5 4 1 34,0 14 7 1 35,0 14 9 1 36,0 10 5 1 37,1 9 5 1 38,0 18 10 1 39,0 10 5 1 40,0 2 1 1 42,1 5 5 1 42,1 0 0 0
j400903_2.sm,14,14,1 0 0 3 2 40 41,0 10 6 1 3,1 14 10 1 4,1 17 10 1 5,0 12 6 1 6,0 3 3 1 7,0 5 3 1 8,0 12 9 1 9,0 2 1 2 39 10,0 6 3 1 11,0 16 9 1 12,1 5 4 1 13,0 2 1 1 14,1 14 7 1 15,0 8 5 1 16,0 11 9 2 38 17,0 8 7 1 18,1 13 10 1 19,0 8 5 1 20,0 8 6 1 21,0 4 4 1 22,0 14 10 1 23,0 1 1 1 24,1 10 7 1 25,1 3 2 1 26,1 8 6 1 27,1 11 6 1 28,0 13 9 1 29,0 11 7 1 30,1 9 5 1 31,1 7 4 1 32,0 7 7 1 33,0 2 1 1 34,1 1 1 1 35,0 8 5 1 36,0 17 10 1 37,0 2 1 1 42,0 15 9 1 42,0 19 10 1 42,0 15 8 1 42,0 8 7 1 42,1 0 0 0
j400903_3.sm,14,14,1 0 0 1 2,0 4 4 1 3,0 13 7 2 9 4,0 12 7 1 5,0 7 6 1 6,0 8 6 1 7,1 8 4 1 8,0 16 8 1 10,0 10 9 1 10,1 13 10 1 11,0 5 5 1 12,0 3 2 1 13,0 2 1 1 14,0 5 3 1 15,1 1 1 1 16,0 9 5 1 17,1 7 4 2 32 18,0 9 6 1 19,1 3 2 1 20,0 6 6 2 35 21,0 6 5 2 27 22,0 5 5 1 23,0 3 2 1 24,1 5 4 1 25,0 10 10 1 26,0 16 8 1 28,1 9 5 1 28,0 5 3 1 29,1 4 3 1 30,0 8 8 1 31,0 13 10 1 33,1 6 6 1 33,1 5 3 1 34,1 10 7 1 36,0 4 3 1 36,0 14 10 1 37,0 5 3 1 38,0 7 5 1 39,1 6 4 1 40,0 7 5 1 41,0 9 6 1 42,1 0 0 0
j400903_4.sm,14,14,1 0 0 2 2 41,0 9 8 3 40 39 3,0 2 1 1 4,0 5 4 1 5,1 10 6 2 38 6,0 19 10 1 7,0 9 5 1 8,0 11 10 1 9,0 17 9 1 10,1 16 9 1 11,1 14 10 1 12,0 13 10 1 13,1 15 8 1 14,0 3 2 1 15,1 7 5 1 16,1 1 1 1 17,0 2 2 1 18,1 9 9 1 19,0 5 3 1 20,0 1 1 1 21,1 8 4 1 22,1 8 5 1 23,0 7 4 1 24,0 6 4 1 25,0 13 9 1 26,0 18 10 1 27,0 13 7 1 28,1 11 8 1 29,0 10 5 1 30,0 19 10 1 31,0 7 4 1 32,0 16 8 1 33,1 13 7 1 34,1 6 5 1 35,0 2 2 1 36,0 2 1 1 37,0 4 2 1 42,0 6 4 1 42,0 10 9 1 42,0 10 5 1 42,0 7 7 1 42,1 0 0 0
j400903_5.sm,14,14,1 0 0 1 2,1 10 8 1 3,0 1 1 1 4,0 9 8 1 5,0 3 3 1 6,1 9 6 2 41 7,0 15 8 1 8,0 3 3 1 9,0 16 8 2 40 10,0 3 3 1 11,0 1 1 1 12,0 10 9 1 13,1 10 9 1 14,1 5 4 1 15,0 10 6 1 16,0 1 1 1 17,1 4 3 1 18,0 2 2 1 19,0 5 3 1 20,1 15 9 1 21,0 10 6 1 22,0 6 3 1 23,1 8 4 1 24,1 8 4 1 25,1 13 9 1 26,0 10 10 1 27,1 1 1 1 28,0 7 4 2 39 29,0 2 2 1 30,0 1 1 1 31,1 5 3 1 32,1 2 1 1 33,0 11 7 1 34,0 16 10 2 38 35,0 1 1 1 36,0 8 5 1 37,0 14 8 1 42,0 12 8 1 42,0 10 7 1 42,0 7 4 1 42,0 2 1 1 42,1 0 0 0
j400903_6.sm,14,14,1 0 0 1 2,1 13 8 1 3,0 2 2 2 11 4,0 3 3 1 5,1 7 4 1 6,0 7 4 1 7,0 12 8 1 8,0 16 9 1 9,1 5 3 1 10,0 8 6 1 12,0 18 10 1 12,0 4 2 1 13,0 4 2 1 14,0 11 9 1 15,0 1 1 2 41 16,0 3 3 1 17,1 6 6 1 18,0 7 6 1 19,0 10 9 1 20,1 8 5 2 40 21,1 9 5 2 34 22,0 4 3 1 23,0 20 10 1 24,0 4 4 1 25,1 15 8 1 26,0 5 5 1 27,0 8 8 1 28,1 11 10 1 29,0 6 6 1 30,1 5 5 1 31,0 19 10 1 32,0 9 9 1 33,0 14 8 1 35,1 2 1 1 35,0 11 9 1 36,0 2 2 1 37,1 3 3 1 38,0 10 8 1 39,1 2 1 1 42,0 2 2 1 42,0 18 9 1 42,1 0 0 0
j400903_7.sm,14,14,1 0 0 1 2,0 7 5 1 3,1 8 5 1 4,1 3 2 1 5,0 15 10 1 6,0 15 9 1 7,0 2 1 1 8,0 9 7 1 9,0 11 9 1 10,0 12 9 1 11,0 18 9 1 12,0 11 9 1 13,0 12 8 1 14,1 6 3 1 15,0 12 8 1 16,1 14 10 2 19 17,0 8 4 1 18,0 12 10 1 20,0 2 1 1 20,0 3 3 1 21,0 1 1 1 22,1 7 4 2 25 23,1 8 5 1 24,0 6 3 1 26,1 3 3 1 26,0 10 5 1 27,1 6 4 1 28,0 7 7 1 29,1 18 9 1 30,0 1 1 1 31,1 5 3 1 32,0 9 6 1 33,1 5 3 1 34,1 2 1 2 38 35,0 16 10 2 37 36,0 1 1 1 39,0 4 4 1 39,0 3 3 1 39,0 7 7 1 40,0 2 2 1 41,0 5 3 1 42,1 0 0 0
j400903_8.sm,14,14,1 0 0 2 2 41,1 7 7 1 3,0 12 7 1 4,0 17 9 1 5,1 16 8 1 6,1 9 5 1 7,1 6 4 1 8,1 15 9 1 9,1 19 10 1 10,0 14 9 1 11,0 8 5 1 12,0 8 5 1 13,0 5 3 1 14,0 5 3 1 15,0 20 10 2 40 16,0 11 8 1 17,0 10 9 2 31 18,0 20 10 1 19,0 3 2 1 20,1 3 3 1 21,0 16 8 1 22,0 1 1 1 23,1 8 4 1 24,0 3 3 1 25,1 2 1 1 26,0 1 1 1 27,0 6 3 1 28,0 4 2 1 29,0 8 7 1 30,0 12 10 1 32,0 6 4 1 32,1 4 3 2 39 33,0 16 8 1 34,0 9 9 1 35,0 11 9 1 36,1 13 8 1 37,0 14 7 1 38,0 6 4 1 42,0 11 10 1 42,1 3 3 1 42,0 8 7 1 42,1 0 0 0
j400903_9.sm,14,14,1 0 0 2 2 3,0 4 3 2 24 4,1 5 4 2 24 5,0 4 2 1 5,0 14 8 1 6,1 8 4 1 7,1 4 2 1 8,0 3 2 1 9,0 6 5 1 10,0 20 10 1 11,0 2 1 1 12,1 13 9 1 13,0 15 8 1 14,0 12 9 1 15,0 8 7 1 16,0 15 8 1 17,0 13 9 1 18,0 14 10 1 19,0 7 4 2 26 20,0 2 1 1 21,0 12 9 1 22,1 8 7 1 23,1 4 2 1 25,0 1 1 1 25,0 2 1 1 27,1 6 3 1 27,0 3 3 1 28,0 14 10 1 29,1 2 2 1 30,1 5 4 2 34 31,0 14 7 1 32,1 6 6 1 33,0 3 2 1 35,0 2 2 1 35,0 12 8 1 36,1 5 5 1 37,0 10 10 1 38,1 6 3 1 39,0 1 1 1 40,0 2 1 1 41,0 10 5 1 42,1 0 0 0
j400903_10.sm,14,14,1 0 0 1 2,0 10 9 1 3,0 10 10 1 4,1 4 4 1 5,1 16 10 2 41 6,0 4 2 1 7,0 10 6 1 8,1 4 4 2 40 9,0 6 3 1 10,1 16 10 1 11,0 5 3 2 39 12,0 8 6 1 13,0 3 2 1 14,1 8 8 1 15,1 7 6 2 38 16,0 3 2 1 17,1 2 1 1 18,0 16 10 1 19,1 16 9 1 20,0 12 7 1 21,0 17 9 1 22,0 19 10 1 23,0 15 10 1 24,0 6 3 1 25,0 2 1 1 26,0 4 3 1 27,0 8 5 1 28,0 4 4 1 29,1 12 10 1 30,0 8 4 1 31,0 3 3 1 32,0 2 1 1 33,1 14 10 1 34,0 12 6 1 35,0 2 1 1 36,0 4 2 1 37,0 9 6 1 42,0 6 3 1 42,1 11 8 1 42,0 15 8 1 42,1 7 5 1 42,1 0 0 0
j401003_1.sm,14,14,1 0 0 1 2,1 11 6 1 3,0 14 9 1 4,0 2 1 1 5,1 11 8 1 6,0 5 4 1 7,0 14 9 1 8,1 6 3 1 9,1 9 5 1 10,0 10 5 1 11,0 12 6 1 12,0 3 3 1 13,0 14 8 1 14,1 4 4 1 15,0 4 3 1 16,0 12 8 1 17,0 11 7 1 18,0 11 8 1 19,0 15 9 1 20,0 1 1 1 21,0 12 8 1 22,1 9 6 1 23,1 6 3 1 24,1 14 7 1 25,0 3 3 1 26,1 4 3 1 27,0 6 3 1 28,1 8 7 1 29,0 11 7 1 30,0 6 4 1 31,1 10 5 1 32,0 17 10 1 33,0 5 5 1 34,0 14 7 1 35,0 15 10 1 36,0 2 2 1 37,0 10 6 1 38,0 6 3 1 39,0 3 2 1 40,0 4 4 1 41,1 10 6 1 42,1 0 0 0
j401003_2.sm,14,14,1 0 0 1 2,1 9 6 1 3,0 18 9 1 4,0 1 1 1 5,1 8 8 1 6,1 8 4 1 7,1 10 9 1 8,0 6 3 1 9,1 6 5 1 10,1 8 5 1 11,0 12 6 1 12,1 3 3 1 13,0 10 8 1 14,0 6 4 1 15,0 5 3 1 16,0 10 8 1 17,0 10 7 1 18,0 8 8 1 19,0 18 9 1 20,0 1 1 1 21,0 9 8 1 22,0 8 6 1 23,0 3 3 1 24,0 11 7 1 25,0 5 3 1 26,0 5 3 1 27,1 6 3 1 28,1 13 7 1 29,0 9 7 1 30,0 5 4 1 31,0 10 5 1 32,1 13 10 1 33,1 9 5 1 34,0 9 7 1 35,0 13 10 1 36,1 2 2 1 37,0 6 6 1 38,0 4 3 1 39,0 4 2 1 40,0 7 4 1 41,0 10 6 1 42,1 0 0 0
j401003_3.sm,14,14,1 0 0 1 2,0 8 6 1 3,0 12 9 1 4,1 1 1 1 5,0 11 8 1 6,0 4 4 1 7,0 17 9 1 8,0 4 3 1 9,0 6 5 1 10,0 10 5 1 11,0 12 6 1 12,1 4 3 1 13,0 8 8 1 14,0 5 4 1 15,0 5 3 1 16,1 11 8 1 17,1 7 7 1 18,0 10 8 1 19,0 11 9 1 20,0 1 1 1 21,0 12 8 1 22,0 10 6 1 23,0 5 3 1 24,0 8 7 1 25,0 5 3 1 26,1 3 3 1 27,1 5 3 1 28,0 9 7 1 29,0 8 7 1 30,0 8 4 1 31,1 5 5 1 32,1 17 10 1 33,0 8 5 1 34,0 10 7 1 35,1 20 10 1 36,1 2 2 1 37,0 11 6 1 38,0 4 3 1 39,0 2 2 1 40,1 7 4 1 41,1 10 6 1 42,1 0 0 0
j401003_4.sm,14,14,1 0 0 1 2,1 12 6 1 3,1 11 9 1 4,0 2 1 1 5,0 13 8 1 6,1 6 4 1 7,0 11 9 1 8,1 4 3 1 9,1 9 5 1 10,0 8 5 1 11,0 11 6 1 12,0 6 3 1 13,0 13 8 1 14,0 8 4 1 15,0 3 3 1 16,0 15 8 1 17,1 10 7 1 18,0 10 8 1 19,1 9 9 1 20,0 2 1 1 21,0 8 8 1 22,0 12 6 1 23,0 6 3 1 24,1 14 7 1 25,1 5 3 1 26,0 6 3 1 27,0 4 3 1 28,0 9 7 1 29,0 9 7 1 30,0 6 4 1 31,0 5 5 1 32,0 19 10 1 33,1 6 5 1 34,0 8 7 1 35,1 13 10 1 36,0 2 2 1 37,1 10 6 1 38,0 6 3 1 39,0 4 2 1 40,0 4 4 1 41,0 12 6 1 42,1 0 0 0
j401003_5.sm,14,14,1 0 0 1 2,1 6 6 1 3,0 14 9 1 4,0 1 1 1 5,0 12 8 1 6,0 8 4 1 7,0 11 9 1 8,0 3 3 1 9,1 9 5 1 10,1 9 5 1 11,0 9 6 1 12,0 4 3 1 13,1 10 8 1 14,0 7 4 1 15,1 5 3 1 16,0 12 8 1 17,0 8 7 1 18,0 11 8 1 19,1 11 9 1 20,0 1 1 1 21,1 10 8 1 22,0 11 6 1 23,0 6 3 1 24,0 14 7 1 25,0 3 3 1 26,0 4 3 1 27,0 3 3 1 28,0 12 7 1 29,1 9 7 1 30,0 5 4 1 31,0 7 5 1 32,1 13 10 1 33,0 5 5 1 34,1 7 7 1 35,0 20 10 1 36,0 3 2 1 37,0 8 6 1 38,0 3 3 1 39,1 4 2 1 40,0 4 4 1 41,1 10 6 1 42,1 0 0 0
j401003_6.sm,14,14,1 0 0 1 2,1 10 6 1 3,0 10 9 1 4,0 1 1 1 5,0 8 8 1 6,0 6 4 1 7,0 13 9 1 8,0 6 3 1 9,0 8 5 1 10,1 10 5 1 11,0 7 6 1 12,1 3 3 1 13,0 16 8 1 14,0 5 4 1 15,0 4 3 1 16,0 12 8 1 17,0 13 7 1 18,0 10 8 1 19,0 11 9 1 20,1 1 1 1 21,1 13 8 1 22,0 9 6 1 23,1 3 3 1 24,0 14 7 1 25,0 3 3 1 26,0 3 3 1 27,1 4 3 1 28,1 11 7 1 29,0 10 7 1 30,0 6 4 1 31,1 6 5 1 32,0 15 10 1 33,0 6 5 1 34,0 11 7 1 35,1 13 10 1 36,1 3 2 1 37,0 9 6 1 38,0 5 3 1 39,0 4 2 1 40,1 6 4 1 41,0 12 6 1 42,1 0 0 0
j401003_7.sm,14,14,1 0 0 1 2,0 7 6 1 3,1 12 9 1 4,1 1 1 1 5,0 9 8 1 6,0 6 4 1 7,0 15 9 1 8,0 4 3 1 9,1 6 5 1 10,1 9 5 1 11,1 8 6 1 12,0 6 3 1 13,0 15 8 1 14,1 7 4 1 15,1 4 3 1 16,1 11 8 1 17,0 10 7 1 18,1 13 8 1 19,0 16 9 1 20,0 1 1 1 21,0 12 8 1 22,1 6 6 1 23,0 5 3 1 24,0 9 7 1 25,0 5 3 1 26,0 6 3 1 27,0 5 3 1 28,0 11 7 1 29,0 10 7 1 30,0 4 4 1 31,0 10 5 1 32,1 12 10 1 33,0 6 5 1 34,0 8 7 1 35,0 20 10 1 36,0 4 2 1 37,0 9 6 1 38,0 6 3 1 39,1 2 2 1 40,0 4 4 1 41,0 7 6 1 42,1 0 0 0
j401003_8.sm,14,14,1 0 0 1 2,0 6 6 1 3,0 11 9 1 4,0 1 1 1 5,0 15 8 1 6,0 7 4 1 7,0 16 9 1 8,1 6 3 1 9,0 8 5 1 10,0 6 5 1 11,1 12 6 1 12,0 5 3 1 13,0 10 8 1 14,1 6 4 1 15,1 6 3 1 16,0 9 8 1 17,0 14 7 1 18,0 8 8 1 19,0 15 9 1 20,0 1 1 1 21,1 9 8 1 22,1 6 6 1 23,0 3 3 1 24,1 14 7 1 25,0 3 3 1 26,0 3 3 1 27,0 6 3 1 28,1 9 7 1 29,1 9 7 1 30,0 7 4 1 31,1 5 5 1 32,1 13 10 1 33,1 9 5 1 34,0 8 7 1 35,0 10 10 1 36,0 2 2 1 37,0 10 6 1 38,0 4 3 1 39,0 3 2 1 40,0 5 4 1 41,0 11 6 1 42,1 0 0 0
j401003_9.sm,14,14,1 0 0 1 2,0 9 6 1 3,0 9 9 1 4,0 1 1 1 5,0 8 8 1 6,0 7 4 1 7,0 15 9 1 8,0 4 3 1 9,0 9 5 1 10,0 7 5 1 11,0 11 6 1 12,1 3 3 1 13,0 12 8 1 14,1 7 4 1 15,0 5 3 1 16,0 10 8 1 17,1 13 7 1 18,0 12 8 1 19,1 16 9 1 20,0 2 1 1 21,0 14 8 1 22,0 10 6 1 23,0 6 3 1 24,0 11 7 1 25,0 4 3 1 26,1 3 3 1 27,1 4 3 1 28,0 13 7 1 29,1 14 7 1 30,1 4 4 1 31,1 8 5 1 32,1 11 10 1 33,1 7 5 1 34,1 8 7 1 35,0 19 10 1 36,0 2 2 1 37,0 6 6 1 38,0 3 3 1 39,0 4 2 1 40,0 7 4 1 41,0 12 6 1 42,1 0 0 0
j401003_10.sm,14,14,1 0 0 1 2,0 12 6 1 3,0 16 9 1 4,0 2 1 1 5,1 12 8 1 6,0 5 4 1 7,1 12 9 1 8,1 5 3 1 9,0 9 5 1 10,1 10 5 1 11,0 9 6 1 12,0 5 3 1 13,0 13 8 1 14,0 5 4 1 15,0 3 3 1 16,1 13 8 1 17,1 14 7 1 18,0 13 8 1 19,0 16 9 1 20,0 2 1 1 21,0 16 8 1 22,0 7 6 1 23,0 5 3 1 24,0 10 7 1 25,0 3 3 1 26,1 5 3 1 27,0 3 3 1 28,0 7 7 1 29,1 9 7 1 30,1 8 4 1 31,0 10 5 1 32,0 13 10 1 33,0 8 5 1 34,1 10 7 1 35,0 20 10 1 36,1 4 2 1 37,0 8 6 1 38,1 3 3 1 39,0 2 2 1 40,0 7 4 1 41,0 11 6 1 42,1 0 0 0
j200104_1.sm,10,10,1 0 0 13 2 3 4 5 6 14 15 16 17 18 19 20 21,0 10 10 3 13 9 8,1 5 3 2 12 9,0 18 9 2 11 7,0 14 7 2 8 7,0 12 8 1 10,0 7 4 1 22,1 4 2 1 22,0 2 1 1 22,0 11 6 1 22,0 10 5 1 22,0 7 6 1 22,0 9 5 1 22,0 3 3 1 22,1 12 9 1 22,1 4 2 1 22,1 4 3 1 22,1 15 8 1 22,1 6 6 1 22,0 1 1 1 22,1 2 2 1 22,1 0 0 0
j200104_2.sm,10,10,1 0 0 6 2 3 4 5 6 7,1 13 7 11 20 18 17 16 15 14 13 12 11 9 8,1 10 8 11 21 20 17 16 15 14 13 12 10 9 8,1 8 5 11 20 19 18 15 14 13 12 11 10 9 8,0 11 8 11 21 19 18 17 15 14 13 11 10 9 8,0 3 2 10 18 16 15 14 13 12 11 10 9 8,0 1 1 8 19 17 16 12 11 10 9 8,1 4 2 1 22,0 12 6 1 22,1 11 7 1 22,0 14 8 1 22,1 13 9 1 22,0 10 8 1 22,0 3 3 1 22,1 4 2 1 22,0 1 1 1 22,1 8 7 1 22,0 13 9 1 22,0 13 10 1 22,0 7 5 1 22,0 12 7 1 22,1 0 0 0
j200104_3.sm,10,10,1 0 0 14 2 3 4 5 6 7 8 9 10 17 18 19 20 21,0 4 2 3 16 14 11,1 6 6 2 15 13,0 11 6 1 11,0 18 9 1 11,0 4 2 1 14,1 14 9 1 13,1 10 5 1 12,1 1 1 1 12,0 6 6 1 11,0 12 6 1 22,0 3 2 1 22,1 6 5 1 22,1 10 5 1 22,0 11 7 1 22,0 3 3 1 22,1 6 5 1 22,0 8 7 1 22,1 1 1 1 22,0 15 8 1 22,0 14 7 1 22,1 0 0 0
j200104_4.sm,10,10,1 0 0 8 2 3 4 5 18 19 20 21,0 12 9 9 17 16 15 11 10 9 8 7 6,1 8 4 6 14 13 11 8 7 6,1 11 10 3 10 8 7,0 6 4 3 12 9 6,0 6 3 1 22,0 4 3 1 22,0 11 8 1 22,0 6 3 1 22,1 7 7 1 22,0 10 5 1 22,1 15 10 1 22,0 3 3 1 22,0 18 9 1 22,0 14 7 1 22,0 5 5 1 22,0 9 8 1 22,1 1 1 1 22,1 11 6 1 22,1 10 5 1 22,1 18 10 1 22,1 0 0 0
j200104_5.sm,10,10,1 0 0 13 2 3 11 12 13 14 15 16 17 18 19 20 21,1 16 8 5 10 9 8 7 4,0 19 10 3 6 5 4,1 11 9 1 22,1 7 6 1 22,0 13 8 1 22,0 5 4 1 22,0 4 4 1 22,1 1 1 1 22,0 15 10 1 22,1 8 6 1 22,0 4 3 1 22,0 12 7 1 22,1 17 10 1 22,1 9 7 1 22,1 6 6 1 22,0 5 4 1 22,0 14 7 1 22,0 8 4 1 22,0 11 6 1 22,0 10 9 1 22,1 0 0 0
j200104_6.sm,10,10,1 0 0 14 2 3 4 5 6 13 14 15 16 17 18 19 20 21,0 12 8 3 12 11 9,1 9 8 2 9 8,0 17 9 2 8 7,1 6 3 1 10,0 7 6 1 7,0 3 2 1 22,0 9 7 1 22,0 12 7 1 22,0 9 7 1 22,0 5 5 1 22,1 6 4 1 22,0 13 9 1 22,1 10 9 1 22,1 13 8 1 22,1 9 8 1 22,1 6 5 1 22,0 15 8 1 22,0 9 7 1 22,0 18 9 1 22,1 16 9 1 22,1 0 0 0
j200104_7.sm,10,10,1 0 0 16 2 3 4 5 10 11 12 13 14 15 16 17 18 19 20 21,1 14 7 2 9 6,0 2 1 1 8,0 5 5 1 7,0 11 6 1 6,0 8 8 1 22,1 18 10 1 22,1 4 2 1 22,0 7 4 1 22,1 2 2 1 22,0 12 8 1 22,0 7 5 1 22,0 8 4 1 22,1 6 3 1 22,1 16 10 1 22,0 15 10 1 22,0 4 3 1 22,1 13 9 1 22,0 5 5 1 22,1 20 10 1 22,0 11 6 1 22,1 0 0 0
j200104_8.sm,10,10,1 0 0 10 2 3 4 5 6 7 8 9 10 21,0 9 5 7 20 19 17 14 13 12 11,1 6 3 6 18 16 15 14 12 11,0 17 9 5 16 15 14 12 11,1 9 6 4 14 13 12 11,0 6 3 3 17 13 12,0 6 4 3 16 13 11,0 7 6 2 15 12,0 11 10 1 13,1 5 3 1 11,1 18 10 1 22,0 7 7 1 22,1 6 6 1 22,1 16 9 1 22,1 10 6 1 22,1 9 6 1 22,0 2 2 1 22,0 6 6 1 22,0 11 8 1 22,0 15 9 1 22,0 8 5 1 22,1 0 0 0
j200104_9.sm,10,10,1 0 0 15 2 3 4 5 6 7 13 14 15 16 17 18 19 20 21,0 10 6 1 12,1 9 8 1 11,0 8 6 1 10,0 10 6 1 9,0 5 3 1 8,0 10 7 1 8,1 2 2 1 22,1 12 7 1 22,1 14 10 1 22,0 15 8 1 22,0 8 4 1 22,0 18 9 1 22,1 8 7 1 22,0 2 1 1 22,1 5 3 1 22,1 12 7 1 22,0 12 6 1 22,0 1 1 1 22,0 7 6 1 22,1 12 10 1 22,1 0 0 0
j200104_10.sm,10,10,1 0 0 11 2 3 4 5 6 7 8 18 19 20 21,1 1 1 5 17 16 12 11 10,0 10 5 4 15 12 11 9,1 13 9 3 12 11 10,0 9 5 3 14 10 9,0 6 5 1 13,0 2 1 1 9,1 1 1 1 9,0 3 2 1 22,1 3 3 1 22,0 17 10 1 22,1 5 3 1 22,1 8 8 1 22,0 5 4 1 22,0 11 10 1 22,1 11 10 1 22,0 10 8 1 22,1 5 5 1 22,0 6 4 1 22,0 6 3 1 22,0 9 7 1 22,1 0 0 0
j200204_1.sm,10,10,1 0 0 10 2 3 4 5 6 7 8 9 11 21,1 17 9 5 16 15 13 12 10,0 7 7 4 20 17 16 13,1 9 9 3 13 12 10,0 10 6 3 20 13 10,1 17 9 3 19 14 13,0 4 4 2 15 14,0 10 8 2 14 10,0 4 2 2 19 13,0 1 1 2 19 18,1 3 2 2 19 18,1 11 9 1 14,1 2 1 1 18,0 16 8 1 18,0 6 4 1 19,0 11 8 1 19,1 10 10 1 18,0 4 2 1 22,0 16 10 1 22,0 4 2 1 22,1 1 1 1 22,1 0 0 0
j200204_2.sm,10,10,1 0 0 7 2 3 4 5 6 7 8,1 6 5 3 12 11 9,0 10 5 3 13 10 9,0 2 2 4 21 14 13 10,1 10 6 3 21 11 10,0 12 10 4 21 20 14 11,1 12 6 3 14 13 10,0 8 6 2 13 9,0 12 6 6 21 20 19 18 16 14,1 10 7 4 20 17 15 12,0 13 8 4 19 18 17 13,0 14 9 3 19 18 16,1 7 4 2 16 15,0 13 8 2 17 15,1 2 1 1 22,1 7 6 1 22,1 10 10 1 22,0 8 5 1 22,0 1 1 1 22,0 2 2 1 22,0 5 3 1 22,1 0 0 0
j200204_3.sm,10,10,1 0 0 12 2 3 6 7 8 15 16 17 18 19 20 21,0 17 9 3 14 13 4,0 2 2 2 12 11,1 1 1 1 5,0 12 8 1 10,0 14 7 1 9,1 2 1 1 9,0 4 3 1 9,1 4 3 1 22,0 2 1 1 22,0 15 8 1 22,0 3 2 1 22,0 2 1 1 22,0 13 8 1 22,1 6 4 1 22,1 13 10 1 22,1 15 10 1 22,1 17 9 1 22,1 14 10 1 22,0 10 10 1 22,0 9 5 1 22,1 0 0 0
j200204_4.sm,10,10,1 0 0 9 2 4 5 6 7 8 9 10 11,0 9 9 4 15 14 12 3,0 7 4 5 21 20 17 16 13,0 4 2 5 21 20 19 17 14,1 3 3 5 21 19 17 16 12,0 11 9 4 21 20 14 13,1 15 8 4 21 19 14 12,0 10 10 4 21 19 14 12,0 12 7 3 20 19 14,0 7 6 3 19 17 14,1 10 7 2 17 14,0 3 2 2 20 18,1 12 7 2 19 18,1 16 8 1 16,0 2 2 1 16,0 8 4 1 18,1 4 4 1 18,1 7 6 1 22,1 6 3 1 22,0 14 8 1 22,0 1 1 1 22,1 0 0 0
j200204_5.sm,10,10,1 0 0 5 2 3 5 7 10,0 9 7 6 15 14 12 8 6 4,0 5 3 3 12 11 4,1 14 7 6 21 20 19 18 16 13,0 12 7 2 14 9,0 9 5 4 19 18 17 16,1 11 6 4 20 18 17 16,0 11 7 2 18 11,1 7 6 2 16 13,1 11 6 2 19 13,0 18 10 2 19 16,0 10 7 2 17 16,0 11 7 1 17,0 15 10 1 18,1 7 4 1 18,0 2 2 1 22,0 12 8 1 22,1 5 5 1 22,1 17 9 1 22,0 11 7 1 22,1 2 2 1 22,1 0 0 0
j200204_6.sm,10,10,1 0 0 7 2 3 4 5 6 7 11,0 12 8 5 20 18 16 14 10,0 1 1 5 19 18 16 14 12,0 1 1 4 20 16 14 9,1 2 1 3 21 18 8,0 8 8 5 17 16 15 14 13,0 1 1 4 19 16 14 13,1 11 9 2 17 12,1 4 3 2 17 15,0 9 5 2 15 13,0 9 5 2 15 14,0 3 2 1 13,1 16 8 1 22,0 2 1 1 22,0 1 1 1 22,0 2 1 1 22,1 1 1 1 22,1 2 1 1 22,0 12 7 1 22,1 1 1 1 22,1 3 2 1 22,1 0 0 0
j200204_7.sm,10,10,1 0 0 7 2 3 4 5 6 7 8,0 13 9 3 11 10 9,0 1 1 3 11 10 9,1 15 10 3 11 10 9,1 11 7 3 11 10 9,0 12 7 2 11 9,1 7 5 2 10 9,0 8 6 2 13 10,1 7 5 4 21 14 13 12,0 9 5 3 21 14 12,0 3 3 3 21 13 12,0 1 1 6 20 19 18 17 16 15,0 3 3 6 20 19 18 17 16 15,1 4 2 6 20 19 18 17 16 15,1 12 6 1 22,0 13 10 1 22,1 5 3 1 22,0 17 10 1 22,1 5 5 1 22,0 13 7 1 22,0 8 7 1 22,1 0 0 0
j200204_8.sm,10,10,1 0 0 3 2 3 4,0 13 9 8 21 20 19 12 10 9 8 5,1 2 1 5 20 19 17 7 6,0 6 6 4 19 18 13 7,0 6 4 6 18 17 16 15 13 11,1 1 1 4 18 16 14 12,0 15 9 3 12 11 10,1 12 6 3 17 16 11,0 6 6 3 17 16 15,1 9 7 2 15 14,0 8 5 1 14,0 8 6 1 15,0 11 10 1 14,1 6 3 1 22,0 17 9 1 22,1 10 10 1 22,0 5 3 1 22,1 10 10 1 22,0 14 8 1 22,1 7 4 1 22,0 4 3 1 22,1 0 0 0
j200204_9.sm,10,10,1 0 0 7 2 3 4 5 6 7 9,0 5 4 5 17 16 14 12 8,0 7 4 4 17 16 14 8,1 18 10 5 16 15 14 13 11,0 2 1 3 16 13 10,0 7 5 2 14 8,1 15 10 3 13 12 11,1 8 7 3 15 13 11,0 6 6 2 12 11,0 14 8 3 19 15 11,1 3 3 3 21 20 18,0 13 8 2 19 15,1 12 8 2 19 18,1 15 8 2 19 18,1 7 7 1 18,0 19 10 1 18,0 7 6 1 18,1 2 1 1 22,0 4 3 1 22,0 13 9 1 22,0 4 2 1 22,1 0 0 0
j200204_10.sm,10,10,1 0 0 10 2 3 4 6 9 17 18 19 20 21,1 6 4 5 16 15 13 10 5,0 2 2 3 14 11 7,0 10 6 3 13 11 10,0 1 1 2 11 8,0 10 5 1 7,1 10 10 1 10,0 14 7 1 12,1 1 1 1 10,1 8 4 1 22,1 2 1 1 22,0 8 8 1 22,1 6 6 1 22,0 4 4 1 22,0 7 7 1 22,0 8 7 1 22,0 7 4 1 22,1 9 8 1 22,0 11 8 1 22,0 2 2 1 22,1 9 9 1 22,1 0 0 0
j200304_1.sm,10,10,1 0 0 14 2 9 10 11 12 13 14 15 16 17 18 19 20 21,1 1 1 1 3,1 11 8 2 8 4,1 11 10 1 5,1 6 3 1 6,0 3 2 1 7,0 2 1 1 22,1 5 4 1 22,0 13 7 1 22,0 15 8 1 22,0 2 2 1 22,0 12 8 1 22,0 4 3 1 22,0 6 3 1 22,1 2 1 1 22,0 7 4 1 22,0 17 10 1 22,0 6 5 1 22,0 7 7 1 22,1 7 5 1 22,1 3 2 1 22,1 0 0 0
j200304_2.sm,10,10,1 0 0 7 2 4 5 7 8 17 18,0 1 1 2 16 3,1 15 8 4 15 11 10 6,1 13 8 3 16 15 6,1 11 8 3 15 10 6,1 10 10 4 21 14 13 9,0 4 2 3 16 13 9,1 9 5 1 9,0 1 1 1 12,0 15 10 1 12,0 9 8 1 12,0 5 5 1 19,0 2 2 1 20,0 4 4 1 20,0 10 5 1 19,0 7 5 1 19,1 6 5 1 20,0 9 5 1 19,1 7 5 1 22,1 14 8 1 22,0 1 1 1 22,1 0 0 0
j200304_3.sm,10,10,1 0 0 4 2 4 7 13,0 18 9 2 6 3,0 5 4 4 21 12 8 5,1 13 7 7 21 20 19 18 16 15 10,0 7 6 6 20 19 18 17 16 9,0 7 4 5 19 18 16 15 14,1 9 5 4 17 16 15 14,1 9 9 3 17 15 11,1 11 7 2 15 11,0 12 7 1 11,0 9 5 1 14,1 16 9 1 14,1 8 5 1 15,1 8 4 1 22,0 12 6 1 22,0 12 10 1 22,1 2 2 1 22,0 11 9 1 22,0 4 2 1 22,0 6 3 1 22,0 9 8 1 22,1 0 0 0
j200304_4.sm,10,10,1 0 0 6 2 5 6 7 9 10,1 5 3 2 4 3,0 7 6 8 21 20 19 18 17 14 13 12,0 13 9 3 21 13 8,1 2 1 6 20 19 18 17 16 12,0 11 8 3 17 13 11,1 6 5 4 17 16 13 12,0 4 2 2 18 11,0 5 4 2 19 11,1 11 6 1 11,0 4 2 2 16 12,0 13 10 1 15,0 11 6 1 15,0 2 2 1 16,0 7 5 1 22,1 15 10 1 22,1 7 7 1 22,1 3 2 1 22,0 8 6 1 22,0 2 1 1 22,1 11 6 1 22,1 0 0 0
j200304_5.sm,10,10,1 0 0 8 2 4 5 6 8 9 12 13,1 10 7 4 20 18 16 3,0 15 9 4 21 17 15 7,1 7 6 4 18 17 15 14,1 12 6 4 18 17 15 14,0 16 9 3 16 15 11,1 12 7 2 19 10,0 12 8 3 20 16 14,1 4 4 2 16 14,0 6 4 1 11,0 8 6 1 14,1 4 2 1 15,0 18 9 1 15,1 3 2 1 22,0 6 3 1 22,0 7 4 1 22,0 15 8 1 22,0 4 3 1 22,1 8 7 1 22,0 2 1 1 22,0 19 10 1 22,1 0 0 0
j200304_6.sm,10,10,1 0 0 10 2 5 8 9 16 17 18 19 20 21,0 4 2 1 3,1 3 2 3 15 11 4,0 3 2 4 14 13 12 6,1 10 8 2 12 6,0 5 3 1 7,0 8 7 1 10,1 9 5 1 11,0 10 10 1 11,1 12 6 1 22,0 4 2 1 22,1 16 8 1 22,1 8 8 1 22,1 5 5 1 22,0 18 9 1 22,0 12 6 1 22,0 5 3 1 22,0 2 2 1 22,1 9 8 1 22,0 11 9 1 22,0 7 5 1 22,1 0 0 0
j200304_7.sm,10,10,1 0 0 2 2 3,0 8 8 3 8 5 4,0 15 8 3 9 8 6,1 10 10 3 11 9 6,1 7 5 2 9 7,1 14 10 4 18 13 12 7,1 11 10 4 20 19 14 10,1 15 10 3 16 14 11,0 20 10 5 18 15 14 13 12,0 10 7 3 17 16 15,0 4 2 3 21 13 12,1 8 6 1 22,1 3 2 1 22,0 6 6 1 22,0 8 4 1 22,0 3 3 1 22,0 7 5 1 22,0 1 1 1 22,0 8 6 1 22,0 2 2 1 22,1 4 4 1 22,1 0 0 0
j200304_8.sm,10,10,1 0 0 8 2 4 6 7 8 11 12 13,1 13 10 5 21 20 16 15 3,0 20 10 2 17 5,1 4 2 3 16 15 10,0 4 3 2 18 9,0 13 7 3 20 16 14,1 12 9 3 19 17 15,1 16 8 3 19 15 14,1 6 4 1 10,0 12 9 1 14,0 20 10 1 16,0 5 5 1 15,0 1 1 1 15,0 11 9 1 22,0 1 1 1 22,0 3 2 1 22,1 6 3 1 22,0 16 9 1 22,1 9 5 1 22,0 14 8 1 22,1 5 4 1 22,1 0 0 0
j200304_9.sm,10,10,1 0 0 4 2 3 4 5,1 4 3 3 9 8 6,0 4 3 3 8 7 6,0 2 1 2 8 6,0 1 1 3 12 11 9,0 4 4 3 12 11 10,1 12 7 2 11 10,0 10 7 2 14 10,0 18 10 1 10,0 14 10 3 16 15 13,1 10 10 3 16 14 13,0 11 10 2 17 14,0 5 3 3 21 19 18,1 6 4 3 21 20 19,0 9 9 2 20 17,1 9 6 2 19 18,1 1 1 1 18,0 3 3 1 22,0 10 5 1 22,1 5 5 1 22,1 1 1 1 22,1 0 0 0
j200304_10.sm,10,10,1 0 0 11 2 3 6 8 10 16 17 18 19 20 21,1 2 1 3 15 13 4,0 12 6 2 14 7,1 3 2 1 5,0 2 2 1 7,1 12 9 1 7,0 18 10 2 12 9,0 12 9 2 12 11,1 13 7 1 11,0 9 9 1 13,0 20 10 1 22,0 10 9 1 22,1 13 8 1 22,0 8 4 1 22,1 13 9 1 22,0 16 8 1 22,0 9 5 1 22,1 1 1 1 22,0 4 3 1 22,0 3 2 1 22,1 15 10 1 22,1 0 0 0
j200404_1.sm,10,10,1 0 0 3 2 3 4,1 13 9 2 9 5,1 11 9 2 9 5,1 4 4 2 16 6,0 7 6 1 6,1 5 4 2 10 7,0 14 9 4 21 13 12 8,0 4 4 3 20 19 11,0 1 1 3 20 17 12,1 10 5 3 21 19 14,0 2 1 2 15 14,0 14 7 1 15,0 1 1 1 14,0 14 10 1 17,1 14 7 1 18,1 11 8 1 17,1 3 3 1 22,0 7 6 1 22,0 5 5 1 22,0 3 3 1 22,0 5 5 1 22,1 0 0 0
j200404_2.sm,10,10,1 0 0 3 2 4 5,1 9 7 1 3,1 3 2 4 17 10 8 6,0 13 9 3 16 9 7,0 6 3 2 10 6,0 5 3 2 16 9,0 1 1 3 21 11 10,0 18 9 4 16 15 13 12,1 13 8 3 21 15 11,0 13 7 3 20 15 14,0 4 3 2 18 12,0 6 6 2 20 14,1 2 1 2 19 18,1 16 9 1 19,0 1 1 1 18,1 6 3 1 18,0 12 9 1 18,0 6 3 1 22,0 6 3 1 22,1 17 10 1 22,1 2 2 1 22,1 0 0 0
j200404_3.sm,10,10,1 0 0 3 2 12 13,1 9 6 2 5 3,0 2 1 2 7 4,0 6 6 3 9 8 6,1 4 2 2 8 6,1 5 3 2 16 10,1 7 6 2 16 11,1 4 3 1 10,0 12 6 5 21 20 17 16 14,0 6 6 1 11,0 2 1 5 21 20 18 15 14,0 5 4 3 20 19 18,1 3 3 1 16,0 13 7 1 19,0 10 9 1 19,1 15 8 1 18,0 4 2 1 18,1 4 3 1 22,0 5 3 1 22,0 14 7 1 22,0 15 8 1 22,1 0 0 0
j200404_4.sm,10,10,1 0 0 5 2 3 6 12 14,0 2 2 2 11 5,1 14 8 2 8 4,1 13 7 3 11 9 7,0 14 9 2 8 7,0 11 7 3 11 10 9,0 6 3 2 15 10,0 14 8 1 9,0 9 8 2 15 13,1 15 10 1 13,0 11 6 1 13,1 8 8 1 13,0 8 4 3 18 17 16,0 7 5 2 18 17,1 12 8 1 16,1 11 10 2 21 19,0 13 7 2 21 19,1 5 3 2 21 20,0 2 1 1 20,0 10 6 1 22,1 12 9 1 22,1 0 0 0
j200404_5.sm,10,10,1 0 0 6 2 5 13 19 20 21,0 7 6 2 10 3,1 10 8 4 18 17 8 4,0 1 1 3 16 15 6,0 6 5 2 12 9,0 4 4 1 7,0 8 4 1 9,1 13 9 1 9,1 8 5 1 11,0 2 2 1 11,1 8 7 1 14,0 13 7 1 14,1 10 7 1 15,1 9 6 1 22,0 6 4 1 22,0 1 1 1 22,1 6 3 1 22,1 14 10 1 22,0 10 7 1 22,0 3 2 1 22,0 4 2 1 22,1 0 0 0
j200404_6.sm,10,10,1 0 0 3 2 3 5,1 2 1 2 9 4,1 3 2 4 21 13 11 7,1 4 3 1 6,0 9 5 1 6,1 12 6 3 13 11 7,1 6 5 3 19 14 8,1 18 9 4 20 18 17 10,0 6 6 3 18 13 12,0 12 7 2 16 12,0 3 2 2 19 17,0 12 9 1 15,0 8 7 1 15,0 9 8 1 16,0 4 4 1 22,1 12 9 1 22,0 4 4 1 22,1 11 6 1 22,0 11 8 1 22,0 8 5 1 22,0 7 6 1 22,1 0 0 0
j200404_7.sm,10,10,1 0 0 4 2 3 4 5,1 4 3 3 8 7 6,0 8 8 2 8 6,1 2 1 2 8 6,1 2 2 3 10 9 8,1 15 9 3 11 10 9,1 6 5 2 10 9,0 15 8 2 12 11,0 16 9 2 13 12,0 15 8 3 16 14 13,1 6 5 3 16 14 13,0 7 4 2 16 14,0 1 1 1 15,0 15 8 3 21 18 17,1 14 8 3 21 18 17,1 6 4 2 21 18,0 12 10 1 19,0 13 10 1 20,0 14 7 1 20,0 5 3 1 22,0 3 2 1 22,1 0 0 0
j200404_8.sm,10,10,1 0 0 6 2 6 12 19 20 21,1 18 10 3 18 11 3,0 2 1 4 16 14 8 4,0 2 1 2 15 5,0 9 8 1 7,0 2 2 2 17 10,1 6 4 1 9,1 11 7 1 9,0 4 2 1 10,0 16 10 1 13,0 4 3 1 13,0 3 2 1 14,0 13 7 1 22,1 4 2 1 22,0 6 5 1 22,0 17 9 1 22,1 8 5 1 22,1 6 3 1 22,1 6 5 1 22,1 11 8 1 22,0 16 8 1 22,1 0 0 0
j200404_9.sm,10,10,1 0 0 3 2 3 5,1 10 6 2 6 4,0 2 1 2 6 4,0 6 3 4 11 9 8 7,1 17 9 1 6,0 10 9 3 11 9 7,1 2 2 2 12 10,1 10 7 2 12 10,0 12 10 2 14 12,0 10 7 3 16 14 13,0 3 2 3 16 14 13,1 14 7 3 19 16 13,0 5 3 1 15,0 13 9 3 21 19 17,1 15 9 2 18 17,1 4 3 2 18 17,1 4 2 1 20,0 7 4 1 21,0 14 9 1 20,0 3 3 1 22,0 16 9 1 22,1 0 0 0
j200404_10.sm,10,10,1 0 0 5 2 5 6 8 9,0 4 3 4 20 14 13 3,0 6 4 2 21 4,0 12 8 3 18 17 7,1 8 5 3 20 19 7,0 8 5 4 18 17 13 11,1 3 2 1 10,1 13 10 3 18 17 13,0 10 7 3 16 13 12,0 4 3 1 11,1 13 7 2 16 12,1 2 1 1 15,0 7 4 1 15,1 10 7 1 19,0 16 9 1 22,0 16 8 1 22,1 2 1 1 22,0 4 3 1 22,0 13 8 1 22,0 8 7 1 22,1 8 7 1 22,1 0 0 0
j200504_1.sm,10,10,1 0 0 2 2 21,0 8 8 1 3,1 4 4 2 20 4,0 14 10 2 12 5,0 6 3 3 19 9 6,0 13 10 2 17 7,1 12 9 1 8,1 14 7 3 16 15 10,0 13 8 2 15 10,0 6 3 2 14 11,0 10 7 1 13,1 8 7 1 18,0 12 7 1 22,1 10 6 1 22,0 10 8 1 22,1 17 10 1 22,0 2 1 1 22,1 9 6 1 22,0 6 4 1 22,0 10 6 1 22,1 8 7 1 22,1 0 0 0
j200504_2.sm,10,10,1 0 0 1 2,0 1 1 1 3,1 7 5 2 5 4,0 16 8 2 8 6,0 5 5 1 6,0 2 1 2 9 7,0 8 6 3 12 11 10,0 15 10 2 10 9,0 11 9 3 15 14 13,1 5 4 2 14 13,1 6 3 2 15 14,1 14 10 1 13,0 7 7 2 18 16,1 10 10 2 18 16,1 6 5 3 21 20 18,0 5 4 2 21 17,1 9 6 2 20 19,1 2 2 1 19,0 4 2 1 22,0 6 6 1 22,0 12 6 1 22,1 0 0 0
j200504_3.sm,10,10,1 0 0 5 2 6 7 9 21,0 16 9 3 12 11 3,0 10 6 2 17 4,1 1 1 1 5,1 9 5 2 14 8,1 4 2 2 20 11,1 9 8 2 17 13,0 8 6 1 10,0 2 1 1 10,1 1 1 2 19 13,0 9 6 2 19 13,1 4 4 1 13,1 6 4 1 15,0 10 8 2 20 19,0 1 1 1 16,0 4 3 1 18,0 2 1 1 19,0 9 6 1 22,0 10 7 1 22,0 2 1 1 22,1 7 5 1 22,1 0 0 0
j200504_4.sm,10,10,1 0 0 3 2 5 8,0 3 2 2 10 3,0 15 8 2 21 4,1 2 2 2 11 6,1 2 2 4 17 16 12 10,0 12 10 2 20 7,0 11 10 2 16 9,1 13 7 2 10 9,0 3 2 3 19 14 12,1 9 5 2 19 14,1 19 10 1 12,0 18 10 1 13,0 5 3 1 15,0 14 10 1 15,1 7 4 1 18,0 9 9 1 19,0 10 7 1 20,0 6 4 1 22,0 1 1 1 22,1 6 4 1 22,1 20 10 1 22,1 0 0 0
j200504_5.sm,10,10,1 0 0 3 2 5 9,0 8 8 2 12 3,1 8 5 2 21 4,1 13 8 3 20 10 6,0 12 7 4 17 16 12 11,1 16 10 2 14 7,0 9 6 2 16 8,1 2 1 2 19 11,0 11 7 2 14 11,1 10 8 1 11,0 20 10 1 13,1 9 7 1 14,0 6 6 1 15,0 14 10 1 15,1 13 8 1 18,0 4 3 1 19,0 1 1 1 20,0 1 1 1 22,0 14 9 1 22,0 15 8 1 22,1 5 5 1 22,1 0 0 0
j200504_6.sm,10,10,1 0 0 3 2 4 6,1 5 3 1 3,0 15 10 2 7 5,0 15 9 2 11 7,0 9 8 2 11 8,1 1 1 2 11 8,0 11 7 1 8,0 14 8 1 9,0 4 2 2 15 10,1 8 7 2 13 12,1 11 8 3 17 14 13,0 1 1 3 17 16 14,0 13 8 2 18 16,0 5 3 2 20 18,1 6 4 2 21 18,0 7 6 2 21 20,1 14 10 2 20 19,0 7 4 1 19,1 15 8 1 22,0 10 7 1 22,1 1 1 1 22,1 0 0 0
j200504_7.sm,10,10,1 0 0 1 2,0 6 4 1 3,1 14 9 2 5 4,0 14 7 1 6,1 6 4 1 6,0 2 2 1 7,0 17 9 2 9 8,0 14 9 2 12 10,0 4 4 1 10,0 14 10 4 15 14 13 11,0 13 10 5 21 20 18 17 16,1 6 3 5 21 20 18 17 16,1 11 8 4 21 20 17 16,0 14 9 4 20 18 17 16,1 4 2 2 21 20,0 3 2 1 19,1 3 3 1 19,0 8 6 1 19,1 12 7 1 22,1 5 3 1 22,0 2 2 1 22,1 0 0 0
j200504_8.sm,10,10,1 0 0 2 2 3,0 6 6 2 6 5,1 14 10 2 8 4,0 15 8 1 5,1 13 9 3 15 11 7,0 12 7 2 9 8,0 15 10 2 13 9,1 19 10 2 15 11,0 6 6 1 10,1 4 2 2 14 12,0 7 7 2 14 12,1 12 6 3 18 17 16,0 2 1 3 21 17 16,0 6 4 2 21 19,0 16 10 1 16,1 8 7 1 19,0 8 7 1 19,1 15 8 1 19,1 5 4 1 20,0 3 3 1 22,0 5 5 1 22,1 0 0 0
j200504_9.sm,10,10,1 0 0 5 2 18 19 20 21,1 1 1 4 17 16 15 3,1 9 9 1 4,0 4 4 3 14 13 5,0 9 6 1 6,1 11 6 2 12 7,0 2 1 1 8,1 11 8 1 9,0 1 1 1 10,0 11 9 1 11,0 1 1 1 22,0 7 5 1 22,1 12 7 1 22,0 12 6 1 22,0 13 8 1 22,1 1 1 1 22,0 3 2 1 22,1 17 10 1 22,1 11 8 1 22,0 1 1 1 22,0 7 7 1 22,1 0 0 0
j200504_10.sm,10,10,1 0 0 2 2 3,0 13 7 4 10 9 8 4,0 1 1 4 10 9 7 6,0 4 4 1 5,0 2 2 2 12 7,0 5 3 2 12 8,0 3 3 2 15 11,1 4 3 2 15 11,1 6 6 2 15 11,0 11 9 2 12 11,1 8 6 2 14 13,1 9 8 1 13,0 6 4 1 16,0 1 1 1 16,1 7 6 1 16,1 1 1 2 19 17,0 9 9 2 20 18,1 18 10 1 21,0 13 7 1 20,1 1 1 1 22,0 2 1 1 22,1 0 0 0
j200604_1.sm,10,10,1 0 0 2 2 4,0 10 7 1 3,0 2 2 3 9 7 5,1 9 6 2 7 5,1 2 2 2 8 6,0 6 6 2 12 10,0 3 3 1 8,1 5 3 1 10,0 3 2 1 10,1 9 5 1 11,1 15 9 1 13,0 9 6 1 13,0 9 6 2 16 14,0 10 5 1 15,0 4 4 3 20 19 17,0 7 6 3 20 19 17,1 16 8 1 18,1 2 1 1 21,0 9 9 1 21,1 19 10 1 21,0 5 5 1 22,1 0 0 0
j200604_2.sm,10,10,1 0 0 2 2 4,1 10 5 2 11 3,0 11 7 3 10 8 5,0 6 6 1 5,0 1 1 1 6,1 2 1 2 13 7,1 8 7 2 17 9,1 14 9 2 17 9,0 4 2 1 12,0 2 1 1 12,0 18 9 1 12,0 3 3 1 14,0 1 1 1 14,1 16 9 1 15,0 15 8 3 21 20 16,0 12 6 1 18,1 5 5 1 18,0 2 2 1 19,1 5 4 1 22,1 8 8 1 22,0 6 3 1 22,1 0 0 0
j200604_3.sm,10,10,1 0 0 6 2 8 11 13 20 21,0 11 7 2 19 3,0 4 3 2 18 4,0 17 10 1 5,1 13 8 1 6,0 11 10 2 17 7,1 14 7 1 9,1 2 1 1 9,1 13 9 1 10,0 9 9 1 12,0 8 7 1 12,0 7 7 1 14,1 7 7 1 14,1 8 4 1 15,1 9 9 1 16,0 10 7 1 22,1 4 2 1 22,0 4 2 1 22,0 4 2 1 22,0 3 3 1 22,0 17 9 1 22,1 0 0 0
j200604_4.sm,10,10,1 0 0 2 2 4,0 20 10 2 11 3,1 3 2 3 15 7 5,0 1 1 1 5,1 11 7 1 6,0 5 5 3 18 13 8,0 10 5 2 18 9,0 19 10 1 9,1 13 8 1 10,1 4 2 1 12,0 2 1 1 12,0 10 8 2 21 14,1 9 8 2 21 14,1 6 4 2 20 16,1 12 7 1 16,0 8 6 1 17,1 3 2 1 19,0 4 4 1 19,0 7 5 1 22,0 3 3 1 22,0 9 9 1 22,1 0 0 0
j200604_5.sm,10,10,1 0 0 1 2,0 12 10 1 3,0 10 6 3 7 6 4,1 20 10 2 9 5,1 2 2 3 12 10 8,0 9 8 3 12 9 8,0 17 10 2 12 11,0 11 8 1 11,1 7 7 1 11,0 6 6 1 11,0 16 10 1 13,0 12 9 1 13,1 14 8 2 15 14,0 6 5 2 17 16,1 3 2 2 18 17,1 12 10 2 20 18,0 19 10 2 20 19,1 5 4 1 19,1 1 1 1 21,0 16 9 1 21,0 7 4 1 22,1 0 0 0
j200604_6.sm,10,10,1 0 0 2 2 5,0 6 4 2 18 3,1 9 5 3 13 10 4,0 8 5 2 15 6,1 6 4 2 15 8,1 2 2 1 7,1 1 1 1 8,0 6 4 1 9,0 9 5 3 17 14 11,0 6 5 2 17 12,1 10 7 1 12,0 3 2 2 21 16,1 13 7 2 21 17,0 9 6 2 21 19,0 8 5 2 21 19,0 8 4 1 19,0 2 1 1 19,0 6 6 1 19,0 2 1 1 20,1 3 3 1 22,1 9 9 1 22,1 0 0 0
j200604_7.sm,10,10,1 0 0 4 2 4 20 21,0 9 7 1 3,0 5 5 3 19 18 5,0 3 3 1 5,0 2 2 1 6,0 1 1 3 17 16 7,1 6 6 1 8,1 7 4 2 15 9,0 14 8 1 10,0 6 6 1 11,1 4 2 1 12,1 2 1 1 13,1 9 7 1 14,0 10 5 1 22,1 4 4 1 22,1 15 8 1 22,0 1 1 1 22,0 9 5 1 22,0 6 5 1 22,1 6 6 1 22,0 13 10 1 22,1 0 0 0
j200604_8.sm,10,10,1 0 0 1 2,0 13 9 2 5 3,0 13 10 2 9 4,1 5 4 2 7 6,1 6 3 2 8 6,0 10 10 2 15 10,0 6 5 1 8,1 10 9 1 10,0 11 8 1 10,0 13 8 1 11,0 9 6 3 18 14 12,0 10 9 2 16 13,1 16 8 1 17,1 12 8 1 16,0 8 7 1 16,0 16 10 1 19,0 14 9 1 19,1 14 8 1 19,0 15 8 2 21 20,1 13 9 1 22,1 5 5 1 22,1 0 0 0
j200604_9.sm,10,10,1 0 0 2 2 3,0 5 3 3 12 6 5,1 10 7 2 12 4,0 17 9 1 5,0 8 6 1 7,0 12 10 1 7,1 12 7 1 8,0 14 10 2 11 9,0 2 1 3 15 14 10,0 10 5 2 19 16,1 11 7 2 17 13,0 6 4 1 15,1 4 2 2 19 18,0 9 5 2 19 18,0 5 3 1 17,0 4 3 1 17,0 7 5 1 18,1 9 5 1 20,1 2 1 1 20,1 4 4 1 21,1 10 5 1 22,1 0 0 0
j200604_10.sm,10,10,1 0 0 3 2 9 21,1 8 8 2 17 3,1 5 4 2 10 4,0 14 10 2 20 5,1 8 4 1 6,1 6 6 1 7,1 6 4 1 8,0 8 8 3 16 13 11,1 4 3 2 20 11,0 8 5 3 19 16 14,0 10 6 2 19 12,1 8 4 1 14,0 10 6 2 19 18,0 3 2 1 15,0 10 8 1 18,0 8 6 1 18,0 4 3 1 18,0 7 6 1 22,1 6 3 1 22,0 9 9 1 22,0 1 1 1 22,1 0 0 0
j200704_1.sm,10,10,1 0 0 1 2,1 12 7 2 5 3,0 7 6 1 4,0 10 10 1 6,0 7 4 1 6,0 7 5 2 10 7,0 7 6 1 8,1 12 7 1 9,0 4 3 2 17 11,1 16 10 1 11,1 6 3 1 12,0 5 5 1 13,0 10 9 3 16 15 14,1 10 8 2 20 18,1 15 9 2 20 18,0 13 9 1 18,0 6 4 1 18,1 13 7 1 19,1 8 4 1 21,0 4 2 1 21,0 11 10 1 22,1 0 0 0
j200704_2.sm,10,10,1 0 0 2 2 6,1 13 7 1 3,0 14 7 2 12 4,0 3 3 1 5,1 8 5 1 7,1 13 7 1 7,1 5 3 1 8,0 16 9 1 9,0 3 2 2 16 10,0 10 5 2 19 11,0 16 8 1 13,0 2 1 1 13,1 17 9 3 21 18 14,0 7 4 1 15,1 19 10 1 17,0 11 7 1 17,1 4 2 1 20,0 14 7 1 20,1 1 1 1 20,0 2 2 1 22,0 8 4 1 22,1 0 0 0
j200704_3.sm,10,10,1 0 0 2 2 5,0 7 4 1 3,0 2 1 1 4,0 6 6 1 6,0 2 1 1 6,0 10 7 1 7,1 12 6 1 8,0 4 2 1 9,0 10 9 2 12 10,0 8 4 2 13 11,1 6 5 1 14,1 15 9 1 13,1 4 2 2 18 15,1 12 9 2 18 15,0 2 1 1 16,1 8 4 2 19 17,1 13 7 2 21 20,0 13 8 2 21 20,0 1 1 1 20,0 8 4 1 22,1 1 1 1 22,1 0 0 0
j200704_4.sm,10,10,1 0 0 3 2 20 21,0 5 4 1 3,0 4 2 1 4,1 9 5 1 5,1 15 9 2 19 6,1 2 2 2 18 7,1 14 10 1 8,0 8 7 1 9,0 8 7 2 17 10,1 18 10 2 16 11,0 12 9 1 12,0 14 8 1 13,0 9 5 1 14,0 10 10 1 15,1 9 5 1 22,1 13 10 1 22,0 2 2 1 22,0 2 1 1 22,0 6 3 1 22,1 8 8 1 22,0 5 5 1 22,1 0 0 0
j200704_5.sm,10,10,1 0 0 1 2,0 6 5 1 3,0 10 8 2 9 4,0 5 5 2 6 5,0 11 6 3 14 13 7,1 13 7 2 13 10,1 6 5 1 8,0 11 6 1 10,0 8 8 3 17 14 12,1 15 10 1 11,0 8 8 2 17 12,0 2 1 2 21 15,0 3 2 2 21 15,1 1 1 2 21 16,0 7 6 1 16,1 10 5 1 18,0 15 10 1 18,0 6 5 1 19,1 6 3 1 20,1 16 8 1 22,1 13 9 1 22,1 0 0 0
j200704_6.sm,10,10,1 0 0 2 2 5,0 9 8 2 8 3,1 11 10 1 4,1 2 1 1 6,1 10 9 1 6,1 2 1 1 7,0 8 6 2 13 9,1 3 3 1 9,1 8 5 1 10,0 1 1 1 11,0 20 10 2 16 12,0 12 9 1 14,0 9 6 1 14,0 5 3 1 15,1 2 1 2 19 17,0 6 6 2 19 18,0 2 1 2 20 18,0 2 2 1 21,1 12 6 1 20,0 2 1 1 22,0 15 9 1 22,1 0 0 0
j200704_7.sm,10,10,1 0 0 2 2 4,0 7 7 1 3,0 12 8 1 5,1 2 1 1 5,0 17 9 1 6,1 10 6 2 8 7,0 2 1 3 13 11 9,0 11 6 2 13 10,1 11 7 1 10,1 6 4 2 17 12,1 14 7 1 12,0 2 1 1 14,0 2 1 1 14,1 4 3 1 15,1 13 9 1 16,0 8 6 2 20 18,0 3 2 2 20 18,1 1 1 1 19,0 14 7 1 21,0 2 1 1 21,0 13 9 1 22,1 0 0 0
j200704_8.sm,10,10,1 0 0 2 2 4,1 1 1 1 3,1 9 6 2 10 5,0 10 7 2 10 6,1 1 1 1 6,0 6 4 1 7,0 5 5 2 9 8,1 13 7 2 19 11,0 12 10 2 19 12,0 2 1 2 19 12,1 8 4 1 12,1 14 7 1 13,1 3 2 1 14,0 9 9 3 21 17 15,0 13 7 1 16,0 18 10 1 18,0 4 2 1 18,0 9 6 1 20,1 6 4 1 21,0 2 1 1 22,0 10 8 1 22,1 0 0 0
j200704_9.sm,10,10,1 0 0 3 2 20 21,0 8 5 1 3,0 8 4 2 19 4,1 1 1 2 18 5,1 8 4 1 6,0 8 4 2 17 7,0 9 5 1 8,1 7 7 1 9,1 3 2 2 16 10,0 5 5 1 11,0 7 4 1 12,1 10 7 1 13,1 1 1 1 14,1 8 8 1 15,0 9 8 1 22,0 18 10 1 22,0 3 3 1 22,1 9 7 1 22,0 14 9 1 22,0 11 9 1 22,0 12 10 1 22,1 0 0 0
j200704_10.sm,10,10,1 0 0 2 2 13,0 2 1 1 3,0 9 6 1 4,0 6 4 1 5,1 15 10 2 21 6,1 7 7 2 20 7,0 5 5 2 18 8,1 10 8 2 19 9,1 5 3 1 10,1 2 2 2 17 11,0 5 5 1 12,0 2 2 1 14,0 17 10 2 18 16,1 4 3 1 15,1 9 7 1 16,1 4 3 1 22,0 3 2 1 22,0 9 5 1 22,0 15 9 1 22,0 12 9 1 22,0 13 10 1 22,1 0 0 0
j200804_1.sm,10,10,1 0 0 3 2 3 9,0 6 4 1 4,0 8 4 2 7 6,0 8 8 1 5,1 16 8 1 6,1 14 10 1 8,0 8 6 1 8,0 12 9 1 10,1 8 5 1 10,0 10 10 1 11,0 1 1 1 12,1 3 3 2 18 13,1 15 9 1 14,0 2 2 1 15,0 1 1 1 16,0 2 2 1 17,1 10 10 1 19,0 2 2 1 19,1 7 5 1 20,0 15 9 1 21,1 9 9 1 22,1 0 0 0
j200804_2.sm,10,10,1 0 0 1 2,1 10 5 2 13 3,0 8 6 1 4,1 5 3 1 5,1 5 4 1 6,1 6 3 2 12 7,0 7 5 1 8,0 7 4 2 20 9,0 18 9 1 10,0 5 4 1 11,1 2 1 2 18 14,0 7 4 2 18 14,1 6 4 2 18 14,0 3 2 1 15,0 4 2 1 16,0 3 2 1 17,0 1 1 1 19,0 2 1 1 19,0 6 6 1 21,1 9 9 1 21,1 9 7 1 22,1 0 0 0
j200804_3.sm,10,10,1 0 0 1 2,1 1 1 1 3,1 6 3 2 5 4,0 6 3 1 6,1 2 2 1 6,0 6 5 1 7,1 1 1 1 8,1 5 4 1 9,0 10 6 1 10,1 10 8 2 14 11,0 12 7 1 12,0 1 1 2 17 13,0 16 10 1 15,0 7 4 1 15,1 1 1 1 16,0 14 8 2 21 18,0 3 3 2 21 18,0 5 4 1 19,0 9 6 1 20,1 9 8 1 22,0 5 5 1 22,1 0 0 0
j200804_4.sm,10,10,1 0 0 2 2 21,0 4 3 1 3,0 4 2 1 4,0 7 6 1 5,1 18 9 1 6,0 7 4 2 10 7,0 16 8 2 17 8,0 12 8 1 9,1 10 5 1 11,1 4 4 2 17 13,0 11 7 1 12,1 10 7 1 13,0 12 9 1 14,1 14 8 2 20 15,0 2 2 1 16,1 7 6 1 18,0 7 6 1 18,0 8 4 1 19,0 9 6 1 22,1 4 2 1 22,1 8 8 1 22,1 0 0 0
j200804_5.sm,10,10,1 0 0 4 2 13 20 21,0 1 1 1 3,0 7 7 1 4,0 10 7 1 5,0 4 2 1 6,0 14 7 1 7,1 14 8 1 8,1 13 7 1 9,1 6 3 1 10,0 4 2 1 11,1 14 8 1 12,0 8 4 1 14,1 1 1 1 14,1 16 10 2 19 15,0 10 8 1 16,1 14 8 1 17,0 12 6 1 18,1 11 8 1 22,0 2 1 1 22,0 2 1 1 22,0 6 3 1 22,1 0 0 0
j200804_6.sm,10,10,1 0 0 1 2,0 16 8 2 10 3,0 8 7 1 4,1 10 7 1 5,0 12 7 1 6,0 15 10 1 7,1 19 10 2 13 8,0 5 4 1 9,0 9 6 2 17 11,0 10 5 1 11,1 10 6 1 12,0 14 10 2 19 14,0 5 3 2 19 14,1 10 9 1 15,1 15 10 1 16,0 12 9 1 18,0 11 8 1 18,1 7 6 1 20,1 1 1 1 20,0 8 6 1 21,1 5 3 1 22,1 0 0 0
j200804_7.sm,10,10,1 0 0 1 2,0 12 8 1 3,1 14 7 2 12 4,1 1 1 1 5,0 7 7 1 6,1 17 10 1 7,1 20 10 1 8,1 1 1 1 9,0 12 8 2 15 10,1 3 3 1 11,0 7 5 1 13,0 16 10 1 13,0 15 9 2 21 14,1 9 5 1 16,1 13 8 3 21 20 18,0 11 10 2 20 17,0 14 9 1 18,0 6 3 1 19,0 5 4 1 22,0 5 4 1 22,0 12 7 1 22,1 0 0 0
j200804_8.sm,10,10,1 0 0 3 2 9 21,0 3 3 1 3,0 8 5 1 4,0 5 3 1 5,1 4 4 1 6,0 4 4 1 7,0 12 9 1 8,0 7 6 1 10,1 9 7 1 10,0 9 5 1 11,1 3 2 1 12,1 13 8 2 20 13,1 8 7 1 14,1 8 6 2 19 15,0 14 7 1 16,0 13 7 1 17,1 20 10 1 18,0 4 2 1 22,1 2 1 1 22,0 13 10 1 22,0 1 1 1 22,1 0 0 0
j200804_9.sm,10,10,1 0 0 1 2,0 8 7 1 3,0 12 10 2 17 4,0 9 7 1 5,0 14 9 1 6,0 12 6 3 21 20 7,0 14 7 1 8,1 2 1 2 19 9,1 10 6 1 10,0 2 1 1 11,1 15 10 1 12,1 5 3 1 13,0 12 8 1 14,0 9 5 1 15,0 17 9 1 16,1 13 7 1 18,0 13 10 1 18,1 7 4 1 22,0 5 3 1 22,1 9 6 1 22,1 14 10 1 22,1 0 0 0
j200804_10.sm,10,10,1 0 0 1 2,0 8 4 1 3,1 13 9 1 4,1 13 10 1 5,0 15 8 1 6,0 10 7 2 9 7,0 17 10 1 8,0 10 9 1 10,0 9 8 1 10,0 17 9 1 11,1 8 4 1 12,1 8 6 2 16 13,1 6 4 2 18 14,1 9 7 1 15,0 6 3 2 20 17,1 18 10 2 20 19,0 9 9 1 19,0 2 1 1 19,0 10 9 1 21,0 7 5 1 21,1 8 6 1 22,1 0 0 0
j200904_1.sm,10,10,1 0 0 1 2,1 5 5 1 3,0 2 1 1 4,0 5 4 1 5,1 8 5 1 6,1 11 7 1 7,0 1 1 1 8,1 5 5 2 21 9,0 6 5 1 10,0 8 4 1 11,0 10 6 1 12,0 11 10 1 13,0 12 10 1 14,1 7 4 1 15,0 1 1 1 16,0 6 6 2 20 17,1 2 1 1 18,0 19 10 1 19,1 8 4 1 22,1 3 2 1 22,0 6 3 1 22,1 0 0 0
j200904_2.sm,10,10,1 0 0 1 2,0 15 8 2 13 3,0 11 8 1 4,1 13 10 1 5,0 9 5 1 6,0 1 1 1 7,0 11 8 1 8,1 8 6 1 9,0 15 10 1 10,1 11 8 1 11,1 12 8 1 12,0 10 10 2 21 14,1 6 6 2 21 14,0 2 1 1 15,0 6 6 1 16,1 4 3 1 17,1 10 8 1 18,1 5 4 1 19,0 13 9 1 20,0 1 1 1 22,0 5 5 1 22,1 0 0 0
j200904_3.sm,10,10,1 0 0 1 2,0 4 4 1 3,1 12 6 1 4,1 7 7 2 21 5,0 3 2 1 6,0 6 3 1 7,1 4 3 1 8,1 10 9 1 9,0 11 8 1 10,1 17 9 1 11,0 9 6 2 20 12,0 1 1 1 13,0 2 1 1 14,0 3 2 1 15,0 14 10 1 16,0 10 9 1 17,1 12 6 1 18,0 8 5 1 19,1 12 7 1 22,1 9 6 1 22,0 8 4 1 22,1 0 0 0
j200904_4.sm,10,10,1 0 0 1 2,1 6 3 1 3,0 19 10 1 4,0 9 7 1 5,1 13 7 1 6,0 10 6 1 7,0 16 9 1 8,1 12 9 2 19 9,1 4 3 1 10,0 14 10 1 11,0 2 1 1 12,0 6 3 1 13,0 9 5 1 14,0 7 4 1 15,1 10 6 1 16,1 7 5 1 17,0 14 7 2 21 18,0 5 3 1 20,0 10 6 1 20,1 11 9 1 22,1 14 8 1 22,1 0 0 0
j200904_5.sm,10,10,1 0 0 1 2,0 6 4 1 3,0 9 5 1 4,0 2 1 1 5,1 15 8 1 6,0 15 10 1 7,0 8 5 2 12 8,0 9 6 1 9,0 10 8 1 10,1 11 9 1 11,0 7 5 1 13,1 4 4 1 13,1 12 7 1 14,0 1 1 1 15,1 16 8 2 21 16,0 4 2 1 17,1 8 4 1 18,1 4 4 1 19,1 6 5 1 20,0 9 7 1 22,0 2 1 1 22,1 0 0 0
j200904_6.sm,10,10,1 0 0 1 2,0 16 8 1 3,1 12 9 2 15 4,0 11 6 1 5,0 8 4 1 6,0 10 5 1 7,0 3 3 1 8,1 7 4 1 9,1 4 2 1 10,0 4 2 1 11,0 17 10 1 12,0 5 5 1 13,0 6 4 1 14,1 3 2 2 21 16,0 5 3 1 16,0 7 4 1 17,1 9 6 1 18,1 4 3 1 19,0 5 3 1 20,1 9 6 1 22,1 11 8 1 22,1 0 0 0
j200904_7.sm,10,10,1 0 0 1 2,0 8 6 1 3,0 17 10 1 4,0 18 10 1 5,1 11 7 1 6,1 10 9 1 7,1 11 10 1 8,1 3 2 1 9,0 14 9 1 10,0 16 10 1 11,0 4 2 2 14 12,0 9 9 2 17 13,1 11 9 1 15,0 7 7 1 15,0 4 4 1 16,1 10 10 1 18,0 8 7 1 18,1 4 3 1 19,1 12 9 1 20,0 8 5 1 21,0 9 7 1 22,1 0 0 0
j200904_8.sm,10,10,1 0 0 1 2,0 11 8 1 3,1 4 2 1 4,1 10 5 1 5,1 15 8 1 6,0 9 9 1 7,1 3 2 1 8,0 14 7 1 9,0 15 8 1 10,0 13 10 1 11,0 12 8 2 16 12,1 12 6 2 18 13,1 13 9 1 14,0 4 2 1 15,0 2 1 1 17,1 4 2 1 17,0 7 4 1 19,0 5 4 1 19,0 8 5 1 20,0 6 5 1 21,1 7 5 1 22,1 0 0 0
j200904_9.sm,10,10,1 0 0 2 2 12,1 7 4 1 3,1 11 7 1 4,0 5 4 1 5,0 6 3 1 6,1 2 2 1 7,0 5 4 1 8,0 2 1 1 9,0 3 2 1 10,0 7 5 1 11,0 2 2 1 13,1 12 7 1 13,0 12 8 1 14,0 2 2 1 15,0 7 6 1 16,1 2 2 1 17,0 10 6 2 21 18,0 5 5 1 19,1 10 5 1 20,1 2 2 1 22,1 5 4 1 22,1 0 0 0
j200904_10.sm,10,10,1 0 0 1 2,1 1 1 1 3,1 10 9 1 4,0 8 8 1 5,1 11 6 1 6,0 3 3 2 9 7,0 8 5 1 8,1 1 1 2 12 10,0 7 5 1 10,0 6 4 1 11,0 3 2 1 13,1 17 10 1 13,1 6 6 1 14,0 10 8 1 15,0 14 8 1 16,0 5 5 1 17,1 7 7 1 18,0 9 9 1 19,1 14 8 1 20,0 13 7 1 21,0 9 6 1 22,1 0 0 0
j201004_1.sm,10,10,1 0 0 1 2,0 6 3 1 3,1 5 5 1 4,0 2 2 1 5,1 4 2 1 6,0 9 6 1 7,0 11 6 1 8,0 12 9 1 9,0 6 3 1 10,1 8 6 1 11,0 5 5 1 12,1 3 3 1 13,0 12 6 1 14,1 11 7 1 15,0 17 9 1 16,1 10 6 1 17,1 16 10 1 18,0 9 5 1 19,0 9 6 1 20,1 13 9 1 21,0 3 3 1 22,1 0 0 0
j201004_2.sm,10,10,1 0 0 1 2,1 3 3 1 3,1 10 5 1 4,0 2 2 1 5,0 4 2 1 6,0 6 6 1 7,0 11 6 1 8,0 14 9 1 9,1 4 3 1 10,0 12 6 1 11,1 8 5 1 12,1 3 3 1 13,0 8 6 1 14,1 12 7 1 15,0 17 9 1 16,1 11 6 1 17,0 19 10 1 18,0 10 5 1 19,1 10 6 1 20,0 10 9 1 21,0 3 3 1 22,1 0 0 0
j201004_3.sm,10,10,1 0 0 1 2,1 6 3 1 3,0 10 5 1 4,0 4 2 1 5,0 3 2 1 6,1 11 6 1 7,0 6 6 1 8,1 17 9 1 9,1 5 3 1 10,1 6 6 1 11,0 9 5 1 12,1 6 3 1 13,0 6 6 1 14,0 8 7 1 15,0 14 9 1 16,1 11 6 1 17,0 14 10 1 18,0 9 5 1 19,1 6 6 1 20,0 14 9 1 21,0 6 3 1 22,1 0 0 0
j201004_4.sm,10,10,1 0 0 1 2,0 6 3 1 3,0 5 5 1 4,0 4 2 1 5,0 4 2 1 6,0 9 6 1 7,0 11 6 1 8,1 13 9 1 9,1 4 3 1 10,1 6 6 1 11,0 10 5 1 12,0 3 3 1 13,0 12 6 1 14,1 11 7 1 15,1 14 9 1 16,0 10 6 1 17,0 12 10 1 18,1 7 5 1 19,1 6 6 1 20,0 9 9 1 21,1 4 3 1 22,1 0 0 0
j201004_5.sm,10,10,1 0 0 1 2,1 3 3 1 3,0 7 5 1 4,0 4 2 1 5,0 4 2 1 6,1 6 6 1 7,1 9 6 1 8,1 13 9 1 9,0 4 3 1 10,1 10 6 1 11,1 6 5 1 12,0 6 3 1 13,0 10 6 1 14,1 8 7 1 15,0 14 9 1 16,0 8 6 1 17,0 13 10 1 18,1 9 5 1 19,0 9 6 1 20,0 13 9 1 21,0 6 3 1 22,1 0 0 0
j201004_6.sm,10,10,1 0 0 1 2,1 5 3 1 3,0 8 5 1 4,1 4 2 1 5,0 4 2 1 6,0 7 6 1 7,1 10 6 1 8,1 17 9 1 9,0 5 3 1 10,0 11 6 1 11,1 6 5 1 12,1 3 3 1 13,0 6 6 1 14,0 12 7 1 15,0 17 9 1 16,0 11 6 1 17,0 20 10 1 18,1 10 5 1 19,0 7 6 1 20,1 11 9 1 21,0 3 3 1 22,1 0 0 0
j201004_7.sm,10,10,1 0 0 1 2,1 4 3 1 3,0 9 5 1 4,0 3 2 1 5,1 2 2 1 6,0 11 6 1 7,0 9 6 1 8,0 15 9 1 9,0 5 3 1 10,0 9 6 1 11,1 5 5 1 12,1 6 3 1 13,1 10 6 1 14,0 12 7 1 15,0 14 9 1 16,0 10 6 1 17,0 16 10 1 18,1 6 5 1 19,1 6 6 1 20,0 17 9 1 21,1 3 3 1 22,1 0 0 0
j201004_8.sm,10,10,1 0 0 1 2,0 4 3 1 3,1 10 5 1 4,1 3 2 1 5,0 2 2 1 6,0 7 6 1 7,1 6 6 1 8,0 15 9 1 9,1 4 3 1 10,0 12 6 1 11,1 7 5 1 12,0 4 3 1 13,1 11 6 1 14,0 11 7 1 15,1 14 9 1 16,0 9 6 1 17,0 19 10 1 18,1 9 5 1 19,0 11 6 1 20,0 13 9 1 21,0 6 3 1 22,1 0 0 0
j201004_9.sm,10,10,1 0 0 1 2,0 3 3 1 3,1 7 5 1 4,1 2 2 1 5,1 4 2 1 6,0 7 6 1 7,0 8 6 1 8,0 17 9 1 9,0 5 3 1 10,0 9 6 1 11,1 8 5 1 12,0 4 3 1 13,0 8 6 1 14,0 9 7 1 15,0 18 9 1 16,0 8 6 1 17,0 17 10 1 18,1 10 5 1 19,1 9 6 1 20,1 13 9 1 21,1 4 3 1 22,1 0 0 0
j201004_10.sm,10,10,1 0 0 1 2,0 6 3 1 3,0 6 5 1 4,1 3 2 1 5,0 2 2 1 6,0 10 6 1 7,1 10 6 1 8,0 12 9 1 9,0 4 3 1 10,1 11 6 1 11,0 9 5 1 12,0 6 3 1 13,1 6 6 1 14,1 11 7 1 15,0 15 9 1 16,1 12 6 1 17,0 16 10 1 18,0 9 5 1 19,1 6 6 1 20,1 13 9 1 21,0 3 3 1 22,1 0 0 0
j300104_1.sm,14,14,1 0 0 19 2 3 4 6 7 8 9 10 11 13 14 24 25 26 27 28 29 30 31,1 9 5 2 15 5,0 8 6 4 20 18 17 15,0 5 3 1 5,1 1 1 3 19 18 16,1 9 8 3 23 17 15,1 9 8 3 22 16 15,1 13 8 2 21 17,1 5 4 2 20 15,1 18 9 2 17 15,0 3 3 1 12,0 1 1 1 16,0 16 10 1 16,1 15 8 1 15,0 7 4 1 32,0 6 4 1 32,0 7 5 1 32,1 3 3 1 32,0 14 7 1 32,0 6 4 1 32,0 10 6 1 32,0 5 3 1 32,0 10 9 1 32,0 11 9 1 32,1 1 1 1 32,1 14 8 1 32,0 18 9 1 32,1 5 3 1 32,0 8 6 1 32,0 4 2 1 32,0 10 10 1 32,1 0 0 0
j300104_2.sm,14,14,1 0 0 13 2 3 4 5 6 7 8 9 10 14 17 18 31,0 2 1 9 30 28 26 25 24 19 15 13 11,0 10 10 9 30 28 27 26 25 24 19 15 13,0 6 5 8 28 26 25 24 23 22 19 13,0 12 6 6 29 27 26 20 16 12,0 9 6 8 29 26 25 24 23 22 21 19,1 1 1 4 25 22 21 19,1 2 1 4 25 22 20 19,1 9 5 4 24 22 20 19,1 3 2 4 23 22 20 19,1 3 3 3 27 23 22,1 2 1 3 24 21 19,0 13 7 2 21 20,0 2 1 2 21 19,0 8 5 1 20,0 4 2 1 23,1 6 5 1 23,0 17 10 1 20,0 6 3 1 32,1 6 3 1 32,0 6 5 1 32,0 5 3 1 32,0 8 5 1 32,0 2 1 1 32,1 1 1 1 32,0 11 6 1 32,1 16 10 1 32,1 1 1 1 32,1 5 3 1 32,0 20 10 1 32,0 5 4 1 32,1 0 0 0
j300104_3.sm,14,14,1 0 0 26 2 4 5 6 10 11 12 13 14 15 16 17 18 19 20 21 22 23 24 25 26 27 28 29 30 31,0 3 2 1 3,0 6 3 1 8,0 9 6 1 9,1 13 10 1 7,1 8 5 1 7,0 1 1 1 32,0 13 7 1 32,0 2 2 1 32,0 16 8 1 32,1 15 10 1 32,0 12 8 1 32,0 2 1 1 32,0 8 5 1 32,0 4 2 1 32,0 8 7 1 32,1 4 3 1 32,0 4 4 1 32,0 14 7 1 32,0 2 2 1 32,0 3 3 1 32,1 7 6 1 32,1 1 1 1 32,0 1 1 1 32,1 7 5 1 32,1 7 5 1 32,1 7 7 1 32,1 2 1 1 32,0 6 3 1 32,1 13 7 1 32,1 5 5 1 32,1 0 0 0
j300104_4.sm,14,14,1 0 0 14 2 3 4 5 9 10 11 14 15 16 17 29 30 31,0 8 7 5 28 27 8 7 6,0 12 10 5 26 25 24 7 6,1 2 1 5 24 22 21 12 6,0 11 6 4 24 21 13 12,1 3 3 3 23 20 18,0 6 5 3 22 19 18,1 8 5 3 25 21 18,0 2 1 3 23 22 18,1 1 1 2 24 20,1 3 2 2 21 18,1 20 10 1 18,0 8 8 1 19,0 2 1 1 26,0 14 8 1 20,0 11 8 1 19,0 8 4 1 19,0 9 9 1 32,1 15 9 1 32,0 9 8 1 32,1 6 5 1 32,1 4 2 1 32,0 5 4 1 32,1 7 4 1 32,1 20 10 1 32,0 1 1 1 32,0 12 9 1 32,0 7 6 1 32,0 10 8 1 32,1 7 7 1 32,0 11 8 1 32,1 0 0 0
j300104_5.sm,14,14,1 0 0 17 2 3 4 5 8 9 21 22 23 24 25 26 27 28 29 30 31,0 19 10 5 20 19 18 17 7,1 2 1 3 16 12 11,0 3 2 2 10 6,0 4 2 2 15 12,0 4 3 1 14,1 2 2 1 13,1 4 2 1 11,1 1 1 1 10,1 9 7 1 32,1 6 6 1 32,1 7 5 1 32,1 2 1 1 32,0 17 9 1 32,0 10 5 1 32,0 3 2 1 32,0 9 7 1 32,0 18 9 1 32,0 2 2 1 32,1 4 4 1 32,1 6 4 1 32,0 8 7 1 32,0 8 8 1 32,1 1 1 1 32,0 12 7 1 32,0 9 6 1 32,0 11 7 1 32,0 8 5 1 32,0 11 9 1 32,0 7 6 1 32,1 6 4 1 32,1 0 0 0
j300104_6.sm,14,14,1 0 0 19 2 3 4 6 7 8 9 10 11 13 14 24 25 26 27 28 29 30 31,0 14 8 5 21 20 18 17 15,0 8 7 2 15 5,1 2 2 1 5,0 14 7 3 19 18 16,1 14 8 3 23 16 15,0 3 2 3 21 17 15,1 11 6 2 22 17,1 4 2 2 20 15,1 2 2 2 17 15,1 12 7 1 12,0 14 9 1 16,1 6 4 1 16,1 1 1 1 15,0 18 10 1 32,1 3 2 1 32,0 11 7 1 32,0 12 7 1 32,0 20 10 1 32,0 4 3 1 32,0 14 8 1 32,0 12 10 1 32,1 2 1 1 32,1 20 10 1 32,0 2 2 1 32,0 17 9 1 32,0 2 2 1 32,0 2 1 1 32,0 6 4 1 32,0 2 1 1 32,1 5 3 1 32,1 0 0 0
j300104_7.sm,14,14,1 0 0 16 2 3 4 5 6 8 9 10 11 12 16 17 18 19 20 31,0 1 1 4 28 25 21 7,0 6 4 3 22 13 7,0 5 4 2 13 7,0 5 3 3 30 22 14,0 9 6 3 28 22 14,0 15 10 3 26 24 23,1 12 7 3 29 22 21,1 4 3 2 25 15,0 15 8 2 27 13,1 10 10 2 25 24,1 16 10 2 23 21,0 8 6 1 21,0 5 3 1 21,1 9 8 1 27,0 10 6 1 25,0 3 2 1 22,1 6 5 1 22,1 2 2 1 21,1 11 8 1 21,0 5 3 1 32,1 9 6 1 32,0 8 5 1 32,0 4 2 1 32,1 8 5 1 32,0 15 8 1 32,0 2 2 1 32,1 17 10 1 32,1 10 6 1 32,0 15 10 1 32,0 1 1 1 32,1 0 0 0
j300104_8.sm,14,14,1 0 0 16 2 3 4 5 6 8 11 12 13 14 17 18 19 29 30 31,0 8 5 6 28 24 16 10 9 7,0 10 7 6 24 23 22 15 10 9,0 12 10 5 25 23 22 15 9,0 8 6 6 27 25 24 23 21 20,0 3 2 4 26 24 15 10,0 7 6 5 25 23 22 21 20,1 9 8 3 25 24 15,0 11 6 2 26 20,1 7 6 2 21 20,1 13 7 2 28 23,0 7 4 2 22 20,1 13 7 2 21 20,0 4 4 2 21 20,0 3 3 1 21,1 2 2 1 20,1 13 8 1 27,0 2 2 1 22,0 8 4 1 20,0 7 7 1 32,0 12 10 1 32,0 6 6 1 32,1 18 9 1 32,0 3 3 1 32,1 17 9 1 32,1 5 4 1 32,1 9 5 1 32,0 9 9 1 32,1 7 7 1 32,0 11 10 1 32,1 9 5 1 32,1 0 0 0
j300104_9.sm,14,14,1 0 0 18 2 3 5 6 7 8 10 11 12 23 24 25 26 27 28 29 30 31,0 12 9 6 22 17 16 15 9 4,0 7 5 4 18 16 15 13,0 2 2 3 19 14 13,1 9 9 3 21 18 13,0 10 8 3 20 16 15,1 19 10 2 15 14,1 15 8 2 14 13,1 2 2 1 13,0 16 8 1 17,0 8 5 1 14,1 14 7 1 13,0 12 8 1 32,0 5 3 1 32,1 4 2 1 32,0 12 6 1 32,1 5 3 1 32,0 3 3 1 32,0 4 2 1 32,0 10 9 1 32,1 15 9 1 32,0 3 3 1 32,0 8 6 1 32,1 3 2 1 32,0 13 7 1 32,0 8 7 1 32,1 9 7 1 32,1 7 7 1 32,0 1 1 1 32,0 5 3 1 32,1 13 7 1 32,1 0 0 0
j300104_10.sm,14,14,1 0 0 12 2 3 4 5 7 11 12 27 28 29 30 31,0 6 3 6 26 25 24 21 17 10,0 5 5 5 23 21 18 14 6,1 16 8 4 20 17 15 9,1 3 3 3 20 19 8,0 13 7 2 16 15,0 1 1 2 22 16,1 15 8 1 13,0 2 1 1 13,1 6 4 1 14,1 13 7 1 19,0 1 1 1 18,1 2 1 1 32,0 4 3 1 32,1 12 9 1 32,1 12 9 1 32,1 3 2 1 32,0 9 6 1 32,1 9 5 1 32,0 15 9 1 32,0 6 5 1 32,0 6 3 1 32,0 8 5 1 32,0 15 9 1 32,1 10 10 1 32,0 2 1 1 32,0 4 3 1 32,0 3 2 1 32,0 11 8 1 32,0 5 4 1 32,1 16 8 1 32,1 0 0 0
j300204_1.sm,14,14,1 0 0 13 2 4 5 6 9 10 11 12 16 17 29 30 31,0 7 4 4 26 25 14 3,1 5 5 4 23 22 18 7,0 15 10 5 28 21 15 14 13,1 4 4 6 27 22 21 20 19 14,0 8 7 6 24 23 22 21 19 18,1 5 4 1 8,1 7 4 3 21 19 13,0 5 3 3 23 22 20,1 3 2 2 19 13,0 13 9 2 22 18,0 6 6 2 21 18,0 3 2 1 20,1 4 3 1 18,0 18 9 1 19,0 3 2 1 22,0 6 3 1 18,1 13 8 1 32,0 15 10 1 32,0 6 5 1 32,1 17 10 1 32,1 10 6 1 32,0 2 1 1 32,1 11 8 1 32,0 6 3 1 32,0 4 2 1 32,1 3 3 1 32,0 9 6 1 32,0 2 2 1 32,0 2 2 1 32,1 1 1 1 32,1 0 0 0
j300204_2.sm,14,14,1 0 0 7 2 3 4 5 9 12 16,0 19 10 5 19 13 10 7 6,0 2 1 7 21 20 19 15 14 13 10,1 10 5 6 21 20 19 15 10 8,0 3 3 5 21 20 14 13 11,1 1 1 5 31 20 18 15 11,0 9 5 4 22 20 15 8,0 8 6 4 31 24 18 14,0 12 8 3 22 19 17,1 4 2 5 30 29 28 23 22,1 17 9 5 30 29 28 23 22,1 2 1 5 30 29 28 23 22,0 3 2 3 25 23 18,0 12 7 2 29 17,0 1 1 2 29 17,0 10 5 2 22 19,1 7 6 4 30 28 27 25,1 6 3 3 29 28 26,0 6 6 3 31 26 25,1 7 4 1 24,0 8 7 1 22,0 7 5 2 26 25,1 7 5 2 27 26,0 9 7 2 27 25,0 1 1 1 32,1 14 9 1 32,1 8 5 1 32,0 6 6 1 32,1 13 7 1 32,0 18 10 1 32,0 7 6 1 32,1 0 0 0
j300204_3.sm,14,14,1 0 0 7 2 3 4 5 10 12 15,1 6 5 4 18 14 8 6,1 13 10 6 31 24 16 14 13 7,0 6 4 5 21 19 17 13 9,1 6 4 7 29 24 21 20 18 17 13,0 10 5 6 31 30 24 21 20 11,0 14 8 8 30 29 28 23 22 21 20 19,1 10 5 6 31 29 22 20 19 17,0 9 5 6 31 29 24 23 20 16,1 13 7 4 31 29 24 16,0 16 9 3 23 19 16,1 10 9 2 22 17,1 11 8 4 28 26 23 22,1 14 9 3 29 23 19,0 2 1 1 16,0 15 10 4 28 26 25 22,0 12 6 4 30 28 26 25,0 12 8 1 19,1 6 3 3 27 26 25,0 11 10 3 27 26 25,0 12 6 2 27 25,1 2 2 1 27,0 5 5 1 25,1 8 6 1 26,0 2 1 1 32,0 8 4 1 32,0 7 4 1 32,0 2 1 1 32,1 12 6 1 32,0 16 9 1 32,0 13 7 1 32,1 0 0 0
j300204_4.sm,14,14,1 0 0 7 2 3 4 5 9 10 16,1 10 8 5 20 13 12 7 6,0 15 9 7 21 20 18 14 13 12 8,0 18 9 7 21 20 18 14 13 12 8,1 1 1 7 31 21 18 15 14 13 11,0 5 4 5 31 19 18 14 11,1 10 9 4 22 18 14 8,0 11 7 4 31 24 19 15,0 18 9 3 22 20 17,0 6 3 1 11,0 9 8 5 30 29 28 23 22,0 9 5 5 30 29 28 23 22,1 9 5 3 25 23 19,0 4 2 2 29 17,1 18 9 2 29 17,0 15 8 2 22 20,1 8 6 4 30 28 27 25,0 3 3 2 26 24,1 3 2 3 29 28 26,0 8 4 3 31 26 25,1 12 9 1 22,0 10 10 2 26 25,1 3 3 2 27 26,0 8 4 2 27 25,1 7 4 1 32,1 9 8 1 32,0 9 9 1 32,0 13 9 1 32,0 11 6 1 32,0 6 5 1 32,1 6 3 1 32,1 0 0 0
j300204_5.sm,14,14,1 0 0 7 2 3 4 5 10 11 16,0 6 3 4 15 12 9 6,0 5 3 5 22 18 14 12 8,0 6 3 3 17 14 7,0 10 7 7 31 29 22 21 17 15 14,0 4 2 7 31 30 29 22 21 20 13,1 6 5 7 31 29 24 22 21 20 18,0 8 4 8 30 29 28 24 23 21 20 19,0 16 8 6 31 29 23 20 19 17,1 5 3 4 31 29 22 18,0 7 6 4 23 22 20 17,0 5 3 5 31 29 24 23 19,1 4 3 3 24 19 18,0 16 8 4 28 24 23 19,1 10 7 4 30 23 20 19,0 2 2 2 24 18,1 8 6 5 30 28 27 26 25,0 4 3 4 28 26 25 23,0 17 9 3 27 26 25,0 13 10 3 27 26 25,1 8 5 3 27 26 25,1 6 4 2 26 25,1 1 1 1 27,1 5 3 1 25,1 11 8 1 32,0 10 6 1 32,0 11 9 1 32,1 8 6 1 32,0 5 5 1 32,0 9 6 1 32,1 17 9 1 32,1 0 0 0
j300204_6.sm,14,14,1 0 0 3 2 4 7,1 2 2 7 31 30 29 28 11 5 3,0 6 3 4 18 17 8 6,1 4 3 8 28 25 17 14 13 12 11 9,1 6 5 6 18 17 13 12 10 9,0 11 8 3 14 12 9,1 5 3 7 25 24 23 19 17 16 15,1 8 4 5 27 26 23 20 13,0 16 8 4 20 19 16 15,1 11 6 4 25 21 20 19,0 11 7 3 23 19 18,0 16 10 2 24 23,0 2 1 2 22 19,1 7 7 2 21 19,1 16 10 1 22,1 8 6 1 21,0 10 6 1 20,0 10 10 1 20,1 5 4 1 32,0 20 10 1 32,0 19 10 1 32,0 3 3 1 32,0 2 1 1 32,0 14 10 1 32,0 19 10 1 32,1 11 8 1 32,1 14 9 1 32,0 5 3 1 32,0 13 9 1 32,0 4 3 1 32,0 2 1 1 32,1 0 0 0
j300204_7.sm,14,14,1 0 0 7 2 3 4 5 10 15 17,1 4 3 5 19 11 9 7 6,1 15 8 7 24 20 19 14 13 11 9,1 6 3 5 24 20 19 9 8,0 4 2 5 24 20 13 12 11,1 13 7 4 22 20 14 8,1 8 4 4 20 18 14 12,0 15 8 4 31 23 18 13,0 12 10 4 29 28 22 21,0 14 9 4 29 28 22 21,0 4 2 3 25 21 18,1 7 7 3 29 22 21,0 14 8 2 28 16,0 9 9 2 28 16,0 10 7 2 30 19,1 6 5 4 30 29 27 25,1 9 9 1 19,1 11 10 3 30 28 26,0 2 1 3 31 26 25,0 11 7 1 23,0 4 4 2 27 26,1 10 10 2 26 25,0 7 5 2 27 25,0 11 8 2 26 25,0 13 7 1 32,1 8 5 1 32,1 10 8 1 32,0 2 1 1 32,0 3 3 1 32,0 12 6 1 32,0 6 3 1 32,1 0 0 0
j300204_8.sm,14,14,1 0 0 7 2 3 4 5 10 12 13,0 16 8 4 17 15 9 6,0 4 2 6 31 24 16 15 14 8,0 6 6 4 19 18 14 7,1 8 6 7 30 24 21 20 18 17 14,1 4 4 6 31 29 24 21 20 11,1 6 5 7 31 30 24 23 21 20 16,0 4 4 8 30 29 28 23 22 21 20 19,0 8 7 6 31 30 22 20 19 18,0 11 8 4 31 30 24 16,0 13 8 3 23 19 16,0 5 5 2 22 18,1 1 1 2 23 16,1 5 3 4 28 26 23 22,0 8 6 3 30 23 19,0 5 3 4 28 26 25 22,1 8 5 2 29 19,1 1 1 4 29 28 26 25,0 14 7 3 27 26 25,0 15 10 3 27 26 25,1 11 9 2 27 25,1 6 3 1 27,0 9 5 1 25,0 12 7 1 26,1 7 4 1 32,0 4 4 1 32,0 3 2 1 32,0 7 5 1 32,0 13 7 1 32,1 1 1 1 32,1 14 10 1 32,1 0 0 0
j300204_9.sm,14,14,1 0 0 10 2 4 5 6 7 9 10 12 14 17,0 3 2 4 29 19 16 3,1 3 3 6 31 30 28 23 20 11,0 6 5 3 16 15 8,1 7 7 7 29 28 23 20 18 15 13,1 9 6 4 31 20 19 13,0 13 7 5 30 29 22 20 15,1 9 5 5 29 28 23 20 18,0 5 5 5 30 29 27 20 18,0 3 3 4 31 30 26 15,0 2 1 3 22 18 15,1 4 2 3 27 21 19,0 6 6 4 27 26 22 21,0 15 8 2 26 15,1 2 2 3 27 24 21,1 11 6 3 26 25 22,0 1 1 1 18,1 11 6 3 26 25 24,1 4 3 3 28 26 24,0 4 2 2 26 24,0 14 10 1 25,0 6 5 1 24,1 2 2 1 25,0 7 4 1 32,1 5 3 1 32,0 8 7 1 32,1 6 4 1 32,0 8 5 1 32,0 1 1 1 32,0 5 3 1 32,0 15 9 1 32,1 0 0 0
j300204_10.sm,14,14,1 0 0 13 2 4 6 7 8 10 11 13 17 18 19 20 21,1 1 1 6 31 30 29 27 16 3,0 4 4 4 28 26 12 5,1 7 7 5 27 26 25 14 12,1 1 1 4 25 24 15 9,0 9 5 4 25 24 23 22,0 10 6 3 27 24 16,1 2 1 3 30 26 22,1 9 6 2 23 14,0 8 8 2 29 16,1 14 7 2 28 14,0 8 6 2 24 22,0 14 9 1 15,1 6 6 1 22,0 5 5 1 23,0 9 6 1 23,0 4 2 1 25,0 3 2 1 25,1 11 6 1 24,0 2 2 1 24,0 15 9 1 22,1 9 7 1 32,0 4 2 1 32,0 14 9 1 32,1 2 1 1 32,0 10 5 1 32,1 2 2 1 32,0 8 7 1 32,0 14 9 1 32,0 7 5 1 32,1 7 7 1 32,1 0 0 0
j300304_1.sm,14,14,1 0 0 6 2 5 9 12 13 31,0 3 2 1 3,0 18 9 5 29 18 14 11 4,0 5 5 4 26 17 16 6,1 9 5 7 26 25 24 20 18 14 11,1 12 8 2 28 7,1 11 9 3 27 21 8,0 18 10 4 25 24 19 10,0 14 10 2 20 11,0 7 4 2 20 15,1 8 5 2 23 16,0 2 1 2 29 26,0 12 8 2 30 23,0 3 2 1 17,1 6 6 1 22,1 9 6 1 19,1 15 10 1 21,0 2 1 1 23,1 10 8 1 32,1 2 1 1 32,0 13 10 1 32,1 1 1 1 32,0 3 2 1 32,1 8 6 1 32,0 10 5 1 32,0 11 10 1 32,1 8 5 1 32,0 10 7 1 32,0 7 4 1 32,0 2 2 1 32,0 3 2 1 32,1 0 0 0
j300304_2.sm,14,14,1 0 0 5 2 4 6 8 11,0 8 4 2 15 3,0 14 10 2 10 5,0 3 2 3 15 10 7,0 18 9 3 31 12 9,1 11 9 3 15 13 10,0 6 4 4 31 30 14 12,1 18 10 2 13 10,0 16 10 3 18 16 13,0 12 6 4 23 18 17 14,0 2 1 2 18 13,1 8 5 5 28 23 19 17 16,0 10 9 3 30 23 14,0 18 10 6 29 28 26 21 20 19,0 4 2 3 30 28 16,1 8 8 3 26 24 21,0 15 8 2 29 20,0 11 7 3 30 26 24,1 1 1 2 24 22,0 5 3 2 27 24,1 11 8 1 25,1 20 10 1 25,1 11 7 1 26,1 10 5 1 32,0 2 1 1 32,0 16 8 1 32,0 2 1 1 32,1 5 3 1 32,1 3 2 1 32,1 16 8 1 32,0 2 1 1 32,1 0 0 0
j300304_3.sm,14,14,1 0 0 8 2 6 7 8 10 11 14 20,0 6 3 3 31 18 3,1 3 2 2 27 4,1 3 3 3 23 13 5,0 6 6 4 28 26 24 9,0 5 4 4 30 25 23 12,0 14 8 4 26 23 16 15,1 2 1 3 29 27 12,1 7 5 2 22 12,0 1 1 3 25 24 21,0 9 6 2 27 19,0 8 4 1 15,0 8 6 2 26 25,0 2 2 2 29 27,0 18 9 1 17,1 18 10 1 17,1 2 2 1 21,0 2 2 1 23,1 1 1 1 22,1 2 2 1 24,0 5 3 1 32,1 17 10 1 32,1 6 3 1 32,0 10 8 1 32,0 5 4 1 32,0 1 1 1 32,0 7 4 1 32,1 6 4 1 32,0 2 1 1 32,1 6 4 1 32,0 2 1 1 32,1 0 0 0
j300304_4.sm,14,14,1 0 0 5 2 3 4 8 9,1 8 6 2 14 5,0 10 5 4 14 13 11 10,0 10 7 3 12 11 7,1 16 10 2 11 6,1 3 3 3 19 13 10,0 9 6 3 15 14 13,1 15 9 3 18 12 11,0 16 8 2 12 11,1 8 6 2 18 12,0 11 6 4 22 17 16 15,0 15 8 3 22 16 15,0 9 5 3 22 18 17,1 18 10 4 31 29 19 18,1 12 6 5 31 29 28 21 20,0 1 1 6 30 29 28 25 24 23,0 2 1 4 31 29 26 21,0 7 7 2 28 20,0 10 6 3 25 24 23,1 13 7 3 27 24 23,1 12 8 2 30 27,0 2 2 2 28 26,0 8 8 1 26,1 17 10 1 26,0 6 3 1 27,0 6 6 1 32,1 3 3 1 32,0 9 7 1 32,1 2 1 1 32,0 7 7 1 32,0 7 5 1 32,1 0 0 0
j300304_5.sm,14,14,1 0 0 5 2 4 8 9 11,1 10 5 2 21 3,0 1 1 2 13 5,0 6 5 3 21 13 6,1 7 5 3 31 12 7,0 3 2 5 31 30 29 14 12,0 10 7 2 20 10,0 4 2 4 30 29 18 14,0 14 9 3 29 28 13,0 11 9 3 29 18 14,1 18 9 6 29 21 20 18 17 15,0 13 8 6 28 27 24 20 18 15,1 4 2 5 27 24 18 17 15,0 1 1 6 28 27 26 25 23 16,0 16 9 3 26 25 22,0 5 5 2 22 19,1 5 3 2 30 22,1 4 4 1 23,0 3 2 1 24,1 11 8 1 23,0 6 4 1 30,1 3 2 1 32,1 2 2 1 32,1 8 5 1 32,0 12 10 1 32,0 1 1 1 32,1 16 9 1 32,1 13 8 1 32,0 13 9 1 32,0 11 7 1 32,0 19 10 1 32,1 0 0 0
j300304_6.sm,14,14,1 0 0 5 2 3 5 11 12,1 8 6 4 20 18 7 4,0 6 5 3 17 9 6,0 11 9 3 17 10 9,1 5 4 4 20 17 14 13,1 17 9 2 16 8,1 8 7 2 16 8,0 7 4 4 24 22 14 13,0 9 5 3 16 14 13,0 12 10 3 22 16 14,0 1 1 4 31 24 22 19,0 6 3 3 31 24 19,0 15 8 1 15,1 8 4 5 31 30 29 23 21,1 2 1 2 31 19,0 6 4 2 24 19,1 12 7 2 24 19,0 2 1 1 19,0 13 8 3 30 29 21,1 7 5 3 31 22 21,0 13 7 3 28 26 25,1 3 2 3 28 27 26,0 7 7 2 26 25,0 8 4 2 29 26,1 2 1 1 27,0 7 4 1 32,0 5 3 1 32,1 9 9 1 32,1 2 1 1 32,0 2 1 1 32,0 10 7 1 32,1 0 0 0
j300304_7.sm,14,14,1 0 0 16 2 7 11 19 20 21 22 23 24 25 26 27 28 29 30 31,0 7 6 3 18 17 3,0 10 5 4 16 15 14 4,0 14 9 1 5,1 7 5 1 6,0 3 2 2 13 8,1 4 2 3 15 14 12,0 15 9 1 9,1 3 2 1 10,1 3 2 1 12,0 11 8 1 14,1 5 3 1 32,0 13 8 1 32,0 1 1 1 32,1 5 5 1 32,0 9 8 1 32,0 13 10 1 32,1 15 10 1 32,0 15 8 1 32,1 11 8 1 32,0 7 4 1 32,0 11 6 1 32,1 10 7 1 32,0 14 8 1 32,1 14 9 1 32,1 11 10 1 32,1 15 8 1 32,0 9 7 1 32,0 10 7 1 32,0 2 2 1 32,0 14 10 1 32,1 0 0 0
j300304_8.sm,14,14,1 0 0 12 2 4 5 10 14 16 17 18 28 29 30 31,0 14 9 1 3,0 6 4 3 24 12 6,0 8 5 2 8 7,1 8 4 4 26 25 24 9,1 13 8 2 26 8,0 10 6 3 27 25 9,0 11 10 2 25 9,0 7 6 3 23 22 11,0 18 9 1 11,1 13 10 2 21 13,0 6 6 1 13,0 8 5 2 20 15,1 8 7 2 24 19,0 5 3 1 19,0 15 8 1 24,0 1 1 1 24,1 10 5 1 24,0 6 5 1 32,0 11 8 1 32,0 11 7 1 32,1 9 6 1 32,0 13 9 1 32,0 1 1 1 32,1 7 6 1 32,1 9 7 1 32,1 7 6 1 32,1 11 10 1 32,0 5 5 1 32,1 5 3 1 32,1 6 5 1 32,1 0 0 0
j300304_9.sm,14,14,1 0 0 5 2 3 4 6 10,0 9 6 4 17 13 7 5,0 19 10 4 17 12 9 8,1 2 1 3 14 13 11,0 8 4 2 12 8,0 6 4 3 17 16 13,1 8 5 2 12 11,0 5 4 4 18 16 15 14,1 11 9 2 18 11,1 10 5 3 17 15 14,1 4 2 3 25 16 15,0 13 7 2 18 15,0 10 7 2 18 15,1 12 6 4 25 24 23 20,0 4 3 3 24 23 21,1 11 10 1 19,0 14 7 1 18,0 14 9 2 25 20,1 7 5 2 24 20,1 4 2 2 30 22,0 8 6 1 22,1 14 9 4 31 28 27 26,0 16 8 3 29 28 27,0 12 8 2 30 28,1 1 1 2 30 27,0 2 2 1 29,0 7 6 1 32,0 8 7 1 32,1 9 5 1 32,0 1 1 1 32,0 20 10 1 32,1 0 0 0
j300304_10.sm,14,14,1 0 0 10 2 3 5 8 9 10 12 13 16 18,1 5 3 2 14 4,0 14 8 4 22 19 14 7,1 11 7 2 22 6,0 14 7 4 23 22 19 11,1 4 4 3 23 19 11,0 1 1 3 24 23 11,1 6 6 3 24 23 11,0 11 8 3 26 24 15,0 6 3 1 11,1 18 10 2 26 15,1 2 1 2 26 15,1 3 3 3 26 21 17,0 17 10 1 15,1 9 6 2 21 17,0 1 1 3 26 24 20,0 5 4 3 31 28 20,0 12 9 2 28 22,0 11 8 1 20,0 6 6 3 30 29 25,0 1 1 3 29 28 25,1 14 9 1 24,0 7 6 2 31 27,0 18 9 1 25,0 4 2 1 27,0 10 7 1 28,0 9 9 1 32,1 7 6 1 32,1 2 2 1 32,0 18 10 1 32,1 8 8 1 32,1 0 0 0
j300404_1.sm,14,14,1 0 0 3 2 3 5,0 12 8 2 9 6,0 11 9 1 4,0 15 9 2 11 7,1 7 4 2 10 8,1 7 6 3 14 11 10,0 2 1 3 17 14 10,1 2 1 2 14 9,0 11 7 4 17 16 13 12,0 1 1 3 16 13 12,0 11 8 3 17 13 12,1 7 6 1 15,1 14 9 5 28 26 23 20 18,0 7 4 5 28 26 23 21 18,0 8 7 4 28 23 20 19,1 9 5 3 26 21 20,1 11 8 3 28 23 22,1 14 7 2 24 22,0 7 6 1 21,1 3 2 2 25 24,0 18 9 1 22,0 5 4 2 31 25,0 6 4 2 31 25,0 9 5 2 31 27,1 3 2 1 27,0 14 7 1 27,1 7 7 2 30 29,0 2 2 2 30 29,0 8 4 1 32,0 6 4 1 32,1 10 8 1 32,1 0 0 0
j300404_2.sm,14,14,1 0 0 3 2 4 5,0 14 7 2 10 3,0 3 2 3 9 7 6,0 14 8 3 9 7 6,0 4 3 2 9 6,0 8 5 2 31 8,1 11 8 3 31 13 11,1 8 5 2 13 11,0 18 10 4 31 17 16 12,0 10 6 1 11,1 3 2 3 17 16 12,1 13 7 2 20 14,0 8 8 3 21 19 18,1 11 6 1 15,0 10 5 3 29 28 19,1 8 5 2 21 18,0 5 3 4 29 28 23 22,0 17 9 6 30 29 28 27 26 24,1 10 6 3 30 23 22,0 9 9 2 28 22,0 20 10 4 28 27 26 25,0 18 9 3 27 26 24,1 9 7 2 26 25,0 4 4 1 25,0 13 8 1 32,1 12 10 1 32,1 9 7 1 32,1 13 9 1 32,1 3 2 1 32,0 13 10 1 32,0 3 2 1 32,1 0 0 0
j300404_3.sm,14,14,1 0 0 3 2 5 6,0 11 6 3 14 11 3,1 12 7 2 13 4,1 20 10 3 31 30 7,1 9 6 3 31 30 7,0 6 5 3 31 30 7,0 1 1 3 17 15 8,0 9 5 3 22 18 9,1 7 4 1 10,0 1 1 3 28 25 12,0 4 3 5 29 28 27 25 16,0 7 7 3 29 27 16,0 7 6 4 28 26 25 19,0 5 3 2 30 18,0 11 6 4 27 25 24 20,1 4 3 2 26 19,0 12 9 3 24 23 21,1 8 5 1 19,1 9 9 2 24 20,0 20 10 1 23,0 1 1 1 25,0 10 7 1 25,1 8 4 1 32,0 9 8 1 32,1 2 2 1 32,0 11 6 1 32,0 11 7 1 32,1 16 9 1 32,0 6 5 1 32,1 15 8 1 32,1 13 9 1 32,1 0 0 0
j300404_4.sm,14,14,1 0 0 4 2 5 6 15,0 2 1 2 19 3,0 5 3 3 31 14 4,1 7 4 3 30 29 7,1 19 10 3 29 28 7,1 1 1 3 29 28 7,0 18 9 2 18 8,1 10 7 3 25 17 9,0 10 8 3 27 26 10,0 3 2 1 11,0 1 1 3 23 22 12,0 13 7 1 13,0 16 9 2 20 16,0 5 3 2 28 24,1 7 4 2 30 25,0 15 10 1 21,1 6 6 1 24,0 5 5 1 20,1 5 3 1 20,0 6 3 1 32,1 8 7 1 32,0 15 8 1 32,0 10 5 1 32,0 1 1 1 32,0 6 5 1 32,0 13 10 1 32,1 8 6 1 32,1 6 6 1 32,1 9 7 1 32,0 8 4 1 32,1 17 10 1 32,1 0 0 0
j300404_5.sm,14,14,1 0 0 3 2 4 5,0 3 2 2 10 3,0 7 6 3 9 7 6,0 7 4 3 9 7 6,0 15 10 2 9 6,1 13 9 1 8,0 3 2 1 8,0 11 10 3 31 13 11,1 10 5 5 31 17 16 13 12,0 1 1 1 11,0 6 6 3 17 16 12,1 8 5 2 20 14,1 5 5 2 19 18,0 11 6 1 15,1 9 7 2 29 18,0 11 7 2 22 19,0 9 7 5 30 29 28 23 22,1 14 10 4 30 28 23 22,0 8 4 3 30 29 21,1 7 4 3 29 28 22,0 5 4 4 28 27 26 24,1 6 4 3 27 26 24,0 4 2 2 26 25,1 3 2 1 25,1 13 9 1 32,1 7 6 1 32,0 18 10 1 32,0 8 6 1 32,0 10 6 1 32,1 14 8 1 32,0 5 3 1 32,1 0 0 0
j300404_6.sm,14,14,1 0 0 12 2 10 14 15 24 25 26 27 28 29 30 31,0 8 7 2 23 3,0 6 6 2 22 4,0 14 9 3 20 19 5,0 15 10 2 18 6,0 20 10 1 7,0 3 2 1 8,0 9 6 1 9,1 8 5 2 17 11,0 3 3 2 17 11,1 10 5 1 12,1 18 9 1 13,0 2 1 1 16,1 11 9 1 21,0 8 4 1 21,0 5 3 1 32,1 10 7 1 32,1 2 2 1 32,0 6 4 1 32,0 10 6 1 32,1 12 9 1 32,0 3 3 1 32,0 9 7 1 32,0 9 7 1 32,0 8 4 1 32,1 6 6 1 32,1 13 8 1 32,0 14 8 1 32,1 15 9 1 32,1 16 9 1 32,1 8 7 1 32,1 0 0 0
j300404_7.sm,14,14,1 0 0 3 2 4 5,1 7 6 2 6 3,1 16 9 4 14 10 9 7,0 4 2 4 14 11 10 8,0 4 3 3 14 8 6,0 5 4 2 17 10,0 5 5 1 8,0 11 10 3 17 13 12,1 6 4 3 17 13 12,0 10 9 2 13 12,0 8 8 3 20 16 13,1 2 1 5 21 20 19 16 15,0 15 8 3 21 19 15,0 7 6 3 20 19 18,1 3 2 2 25 18,0 9 8 2 25 18,0 2 2 2 25 18,0 5 3 4 29 27 24 22,0 9 5 3 27 24 23,1 12 9 3 25 24 23,1 8 6 1 22,0 1 1 1 23,1 9 5 1 26,1 5 3 1 26,0 3 3 1 26,1 15 8 2 30 28,0 15 9 2 30 28,0 16 9 1 31,0 11 8 1 30,1 10 9 1 32,1 10 5 1 32,1 0 0 0
j300404_8.sm,14,14,1 0 0 3 2 4 6,0 6 6 2 9 3,1 11 6 3 11 8 5,0 18 9 2 8 5,0 1 1 2 31 7,1 6 4 2 31 7,0 10 9 3 18 15 10,1 4 2 5 31 20 17 15 13,0 16 8 4 20 18 17 13,1 13 7 3 20 17 12,0 6 4 4 20 19 18 14,0 3 2 1 13,1 10 5 3 30 27 14,1 5 4 2 29 16,0 11 6 3 28 22 21,1 1 1 3 28 24 21,0 10 10 2 29 19,0 11 8 4 30 27 26 23,0 9 5 3 27 26 23,0 17 10 1 21,1 2 2 2 26 23,0 14 8 2 27 25,1 1 1 1 25,1 2 2 1 26,0 10 7 1 32,0 8 5 1 32,0 2 1 1 32,0 16 9 1 32,1 11 7 1 32,0 14 9 1 32,1 9 5 1 32,1 0 0 0
j300404_9.sm,14,14,1 0 0 3 2 3 4,1 6 3 3 10 8 7,1 12 9 2 6 5,1 10 8 2 9 6,0 11 7 2 10 8,1 3 2 2 11 10,0 4 4 2 12 9,0 16 10 2 12 11,0 4 2 2 18 11,1 11 6 3 15 13 12,1 7 6 3 16 15 13,0 8 6 4 27 19 18 17,0 10 7 1 14,0 11 6 4 26 23 20 19,1 13 7 4 27 23 20 17,0 10 8 3 27 20 19,0 11 8 3 26 25 22,0 8 5 3 26 23 22,0 19 10 1 21,1 13 8 2 25 24,1 9 6 1 22,1 2 1 1 24,0 2 2 1 24,1 16 10 2 31 28,0 3 3 2 31 28,0 5 5 2 31 28,1 6 4 2 31 28,0 5 4 2 30 29,0 5 4 1 32,0 8 8 1 32,0 1 1 1 32,1 0 0 0
j300404_10.sm,14,14,1 0 0 4 2 5 7 8,0 8 4 2 11 3,1 15 8 3 31 30 4,0 8 5 2 29 6,1 4 3 5 31 30 23 17 10,0 17 10 5 24 23 20 17 9,1 1 1 3 17 13 9,0 1 1 3 29 17 9,1 11 10 3 28 22 12,1 6 3 3 29 28 12,0 16 10 3 28 23 15,0 8 4 2 19 14,0 2 1 4 23 22 20 18,1 9 9 1 15,0 3 3 2 27 16,1 3 2 2 26 18,1 2 2 2 22 21,0 7 5 1 21,0 5 3 1 21,0 14 8 1 21,0 4 3 1 25,0 4 2 1 26,1 1 1 1 27,0 12 7 1 25,0 5 3 1 32,1 6 6 1 32,1 11 6 1 32,0 1 1 1 32,0 2 1 1 32,0 5 5 1 32,1 11 6 1 32,1 0 0 0
j300504_1.sm,14,14,1 0 0 4 2 7 30 31,0 12 7 3 16 14 3,0 2 1 2 19 4,0 3 2 1 5,0 14 8 3 11 9 6,1 9 9 3 29 28 8,1 7 4 4 28 27 14 13,0 8 4 1 10,1 9 6 5 29 28 27 26 15,0 9 6 2 27 12,0 3 3 3 28 26 15,0 10 10 1 13,0 7 6 2 26 15,0 2 1 1 15,0 9 5 3 25 24 17,0 4 2 2 20 19,1 8 7 1 18,1 10 8 2 23 20,1 13 10 2 29 21,1 16 10 1 21,0 4 2 1 22,0 5 4 1 32,1 11 9 1 32,0 8 4 1 32,1 5 4 1 32,1 14 7 1 32,1 4 4 1 32,0 11 8 1 32,0 10 5 1 32,1 11 6 1 32,0 15 10 1 32,1 0 0 0
j300504_2.sm,14,14,1 0 0 2 2 3,0 2 2 5 8 7 6 5 4,0 4 2 5 8 7 6 5 4,0 13 7 2 10 9,0 4 4 2 10 9,1 4 2 2 10 9,1 1 1 2 10 9,1 10 5 1 9,1 16 9 2 13 11,0 4 4 2 13 11,0 4 3 1 12,1 16 8 2 15 14,1 4 4 2 15 14,0 9 9 2 17 16,1 6 6 1 16,0 8 4 1 18,0 16 9 1 18,0 10 10 1 19,0 18 9 2 21 20,0 20 10 2 23 22,1 16 9 2 23 22,1 6 6 2 25 24,0 8 5 2 26 25,0 1 1 2 27 26,0 9 5 2 30 27,1 7 4 3 30 29 28,1 18 9 2 29 28,0 7 6 1 31,0 10 6 1 31,0 12 7 1 31,1 11 6 1 32,1 0 0 0
j300504_3.sm,14,14,1 0 0 1 2,0 5 5 3 10 7 3,0 15 8 1 4,0 8 4 3 13 8 5,0 1 1 1 6,1 5 4 3 16 12 9,1 12 7 3 16 12 9,1 8 4 3 16 14 12,0 3 3 2 17 11,0 9 6 3 17 16 13,0 4 2 3 20 19 14,1 2 2 4 22 21 20 19,0 2 2 4 21 20 19 18,0 16 8 2 22 15,0 2 1 3 28 21 18,0 11 10 3 31 21 19,1 3 3 3 28 22 18,1 2 2 3 31 25 23,1 13 10 3 28 25 23,0 13 7 3 31 25 24,1 4 2 2 30 24,1 4 2 2 30 24,1 10 5 1 24,0 5 4 1 26,0 14 7 2 30 29,0 8 6 1 27,1 4 3 1 29,1 10 5 1 30,0 2 1 1 32,0 4 3 1 32,0 13 8 1 32,1 0 0 0
j300504_4.sm,14,14,1 0 0 4 2 19 30 31,0 10 5 3 28 18 3,0 10 5 1 4,0 2 1 2 17 5,1 5 3 2 16 6,0 16 10 3 26 25 7,0 12 6 1 8,0 2 2 1 9,1 3 2 2 24 10,1 10 8 1 11,1 10 6 3 23 22 12,0 15 8 1 13,1 19 10 2 21 14,1 2 1 1 15,0 4 4 1 20,1 7 4 1 25,1 12 7 1 27,0 2 1 1 29,1 13 7 1 28,0 7 5 1 32,0 6 4 1 32,0 17 10 1 32,0 2 2 1 32,1 8 7 1 32,1 3 2 1 32,1 1 1 1 32,0 5 3 1 32,0 10 9 1 32,0 13 8 1 32,0 4 4 1 32,0 18 10 1 32,1 0 0 0
j300504_5.sm,14,14,1 0 0 3 2 16 31,0 6 3 2 30 3,1 7 5 3 28 27 4,1 9 6 1 5,0 11 7 2 26 6,1 11 7 3 25 24 7,0 8 5 2 23 8,0 16 8 1 9,0 7 6 2 22 10,0 11 7 1 11,1 16 9 3 21 20 12,1 7 7 2 19 13,0 8 7 2 18 14,1 13 8 1 15,1 3 2 1 17,0 16 9 1 29,0 14 10 1 32,0 1 1 1 32,0 13 9 1 32,0 17 10 1 32,1 1 1 1 32,0 2 2 1 32,1 1 1 1 32,0 7 6 1 32,0 13 7 1 32,1 13 7 1 32,0 1 1 1 32,1 1 1 1 32,0 16 9 1 32,0 7 6 1 32,1 7 5 1 32,1 0 0 0
j300504_6.sm,14,14,1 0 0 5 2 28 29 30 31,1 13 8 2 27 3,0 8 4 3 26 25 4,0 6 3 2 24 5,0 13 7 2 23 6,1 9 8 1 7,0 18 9 2 22 8,0 15 8 1 9,0 6 6 3 21 20 10,1 5 3 1 11,1 16 8 2 19 12,0 3 2 3 18 17 13,0 1 1 1 14,1 10 8 1 15,1 18 10 1 16,0 13 9 1 32,1 9 5 1 32,1 14 10 1 32,0 6 3 1 32,0 11 10 1 32,1 18 10 1 32,0 1 1 1 32,0 4 4 1 32,0 2 1 1 32,0 1 1 1 32,0 11 8 1 32,0 11 6 1 32,1 6 5 1 32,0 14 7 1 32,1 17 9 1 32,1 1 1 1 32,1 0 0 0
j300504_7.sm,14,14,1 0 0 3 2 3 31,0 11 9 2 30 4,1 4 2 2 30 4,0 12 10 2 8 5,0 13 8 2 12 6,0 9 6 2 29 7,1 15 9 2 23 9,0 3 2 3 15 12 10,0 6 5 2 15 10,1 4 2 2 22 11,1 8 6 2 19 13,1 8 8 1 13,0 8 5 1 14,0 1 1 2 28 16,0 6 5 4 28 27 21 18,1 3 2 1 17,0 8 4 3 27 21 18,1 4 3 3 26 25 20,0 8 6 1 20,0 12 10 1 24,0 8 6 1 25,1 9 6 1 28,0 8 5 1 24,0 7 4 1 32,1 4 2 1 32,1 13 9 1 32,0 1 1 1 32,1 19 10 1 32,0 9 7 1 32,0 18 10 1 32,1 4 2 1 32,1 0 0 0
j300504_8.sm,14,14,1 0 0 2 2 8,1 7 4 1 3,0 4 3 3 6 5 4,0 8 4 4 26 12 10 9,1 9 7 3 26 10 7,0 2 2 3 26 12 7,0 15 9 2 11 9,1 4 4 3 26 14 13,1 17 9 2 17 14,0 4 2 1 11,1 5 4 1 13,0 2 2 1 13,0 6 3 2 17 16,0 9 5 1 15,0 13 8 2 31 16,0 13 10 2 22 18,0 3 2 2 31 18,1 4 2 1 19,1 18 9 2 23 20,1 9 5 2 30 21,1 9 7 3 29 28 24,0 8 4 2 28 24,0 1 1 2 28 25,0 1 1 1 25,1 3 2 1 27,0 5 3 1 31,0 2 1 1 32,0 7 5 1 32,0 7 4 1 32,1 10 8 1 32,1 9 6 1 32,1 0 0 0
j300504_9.sm,14,14,1 0 0 2 2 7,0 11 8 1 3,1 9 8 3 6 5 4,1 2 1 2 9 8,1 6 4 2 12 9,0 14 7 2 14 8,1 6 3 2 14 8,0 8 7 3 12 11 10,1 4 4 3 14 11 10,0 1 1 2 15 13,0 2 1 2 15 13,0 11 9 2 15 13,1 3 3 2 17 16,0 6 4 1 15,0 2 2 1 16,0 10 6 2 25 18,0 14 10 2 25 18,1 2 2 2 22 19,0 9 8 1 20,0 3 2 2 24 21,1 16 9 2 28 23,0 10 6 2 28 23,0 6 3 2 29 26,1 12 8 2 28 26,0 4 2 3 31 29 28,1 9 6 1 27,1 7 5 1 31,1 3 3 1 30,0 4 2 1 30,0 20 10 1 32,0 2 1 1 32,1 0 0 0
j300504_10.sm,14,14,1 0 0 3 2 16 31,0 10 9 3 30 29 3,0 2 2 2 27 4,0 10 6 2 26 5,1 2 2 1 6,0 14 8 3 25 24 7,0 1 1 2 23 8,1 12 8 1 9,0 13 9 2 22 10,0 4 4 2 21 11,1 16 8 2 20 12,1 16 8 2 19 13,0 2 1 2 18 14,1 14 7 1 15,1 5 4 1 17,0 17 9 1 28,1 6 6 1 32,0 12 8 1 32,1 2 1 1 32,0 2 1 1 32,1 16 9 1 32,1 16 9 1 32,0 2 2 1 32,1 6 3 1 32,0 4 3 1 32,0 14 7 1 32,0 4 3 1 32,1 8 6 1 32,0 10 7 1 32,0 2 1 1 32,0 12 8 1 32,1 0 0 0
j300604_1.sm,14,14,1 0 0 3 2 13 18,1 5 5 1 3,1 2 2 2 22 4,1 8 5 1 5,0 4 3 3 31 10 6,1 11 10 1 7,0 5 3 3 26 12 8,1 11 8 2 14 9,0 3 3 3 20 17 11,0 10 8 4 30 20 17 15,0 14 7 2 30 15,0 2 1 2 17 14,1 6 5 2 30 14,0 8 5 2 20 19,0 10 7 1 16,0 18 10 1 19,0 16 8 1 19,0 9 7 1 19,0 12 10 1 21,0 12 10 1 21,0 1 1 1 23,0 10 6 1 23,1 4 3 1 24,1 11 7 1 25,1 6 4 2 29 27,0 4 2 2 29 27,1 8 5 1 28,0 19 10 1 32,1 18 10 1 32,1 2 1 1 32,0 10 9 1 32,1 0 0 0
j300604_2.sm,14,14,1 0 0 3 2 17 31,0 10 5 2 30 3,0 2 1 2 29 4,0 9 6 1 5,1 16 9 2 28 6,0 7 4 1 7,1 9 5 2 27 8,1 4 4 1 9,0 5 4 1 10,0 13 8 1 11,0 13 10 2 26 12,1 2 1 3 25 24 13,0 2 1 1 14,0 8 5 2 23 15,0 11 9 2 22 16,1 4 2 2 21 18,1 17 10 2 21 18,1 7 4 1 19,1 11 6 1 20,1 7 7 1 32,1 15 9 1 32,0 2 1 1 32,0 13 9 1 32,0 18 10 1 32,0 14 8 1 32,0 9 5 1 32,0 2 1 1 32,0 6 3 1 32,0 7 5 1 32,1 8 6 1 32,1 2 1 1 32,1 0 0 0
j300604_3.sm,14,14,1 0 0 3 2 20 31,1 15 8 1 3,1 3 2 2 24 4,0 7 4 1 5,0 5 5 3 30 11 6,0 3 3 1 7,1 13 7 3 29 12 8,0 2 2 2 17 9,1 11 6 3 22 16 10,1 10 6 2 28 13,1 12 6 2 16 14,0 18 10 2 22 17,1 3 2 1 14,1 3 2 1 15,1 4 2 1 18,0 10 5 1 18,0 9 8 1 18,0 10 8 1 19,1 2 1 1 21,0 12 9 1 21,0 5 3 1 23,0 1 1 1 23,0 10 6 2 27 25,0 6 3 2 27 25,0 3 3 1 26,0 2 2 1 32,0 9 7 1 32,1 1 1 1 32,0 12 8 1 32,0 2 1 1 32,1 12 8 1 32,1 0 0 0
j300604_4.sm,14,14,1 0 0 2 2 9,0 6 3 1 3,0 6 3 2 10 4,0 6 4 2 11 5,1 13 7 2 14 6,0 3 3 2 31 7,1 6 4 1 8,1 16 9 2 20 12,1 6 5 2 20 12,1 10 6 3 31 20 15,1 10 9 2 20 13,1 12 9 1 13,0 4 2 1 15,0 12 10 1 15,0 14 7 2 30 16,0 13 8 2 29 17,1 10 7 2 22 18,0 12 7 1 19,0 11 7 2 28 21,1 6 6 5 29 28 27 26 24,0 4 4 1 23,0 3 2 1 23,0 8 6 3 27 26 24,1 2 2 1 25,1 18 9 1 32,0 12 9 1 32,0 2 2 1 32,0 11 6 1 32,0 7 5 1 32,1 10 9 1 32,0 8 6 1 32,1 0 0 0
j300604_5.sm,14,14,1 0 0 6 2 3 15 19 24 31,0 1 1 3 18 13 4,0 12 10 3 18 7 5,0 5 3 1 5,0 15 9 1 6,1 14 7 2 30 8,1 3 3 2 30 9,1 10 8 1 9,0 6 4 1 10,0 5 4 1 11,1 11 9 1 12,1 11 6 1 14,1 4 2 1 14,1 12 6 2 28 16,0 18 9 3 28 18 17,0 2 2 2 29 17,0 1 1 1 20,0 15 10 1 20,1 6 3 1 20,0 18 10 2 27 21,0 10 10 1 22,0 4 2 1 23,0 17 10 1 25,1 17 10 1 25,1 2 1 1 26,0 12 8 1 32,1 2 1 1 32,1 17 9 1 32,0 2 1 1 32,0 1 1 1 32,0 9 5 1 32,1 0 0 0
j300604_6.sm,14,14,1 0 0 2 2 6,0 8 7 1 3,0 12 6 2 13 4,0 11 7 1 5,1 17 10 4 25 19 12 7,1 10 8 2 19 8,0 6 3 1 8,0 5 4 1 9,0 11 10 1 10,0 11 9 1 11,1 2 1 2 31 14,0 7 4 2 31 14,0 12 7 3 25 19 16,1 5 3 1 15,1 12 8 2 30 16,0 15 9 2 21 17,0 12 7 2 27 18,0 3 3 2 24 20,1 9 8 3 30 27 22,1 6 3 2 29 22,1 12 6 2 27 22,1 6 3 1 23,0 3 3 1 26,0 3 2 1 28,0 8 5 1 26,0 9 5 1 32,0 7 7 1 32,0 7 4 1 32,1 7 4 1 32,1 9 9 1 32,1 2 2 1 32,1 0 0 0
j300604_7.sm,14,14,1 0 0 5 2 28 29 30 31,0 8 5 2 27 3,0 2 2 1 4,0 5 5 1 5,1 6 6 2 26 6,0 5 4 1 7,1 9 6 2 25 8,1 9 5 2 24 9,0 14 8 1 10,0 8 7 2 23 11,0 11 7 1 12,1 5 5 3 22 21 13,0 7 4 2 20 14,0 13 10 1 15,1 5 5 1 16,0 1 1 1 17,1 10 5 1 18,1 9 5 1 19,0 16 10 1 32,1 7 5 1 32,1 2 1 1 32,1 4 2 1 32,0 7 4 1 32,0 6 3 1 32,0 10 9 1 32,0 3 2 1 32,0 8 5 1 32,1 3 2 1 32,0 4 2 1 32,0 8 4 1 32,1 6 4 1 32,1 0 0 0
j300604_8.sm,14,14,1 0 0 5 2 3 10 13 17,1 12 9 3 9 6 5,0 6 6 2 7 4,1 11 7 2 15 9,0 8 8 1 7,1 1 1 2 15 11,0 2 1 1 8,0 2 1 1 11,0 4 3 1 11,1 4 4 1 11,0 8 4 1 12,1 19 10 2 23 14,1 9 8 2 23 15,0 11 9 1 16,0 5 3 1 16,1 11 8 1 18,0 13 10 1 18,0 2 2 1 19,1 14 8 1 20,1 8 4 3 31 30 21,0 9 8 1 22,0 6 3 1 24,0 12 10 1 24,0 2 1 2 29 25,0 14 7 1 26,1 14 9 1 27,0 19 10 1 28,0 10 9 1 32,1 8 7 1 32,1 4 3 1 32,0 9 6 1 32,1 0 0 0
j300604_9.sm,14,14,1 0 0 1 2,0 20 10 2 6 3,1 1 1 1 4,0 2 1 3 12 8 5,0 14 7 1 7,0 3 3 1 7,0 3 2 2 10 9,1 3 2 1 9,0 7 4 2 16 11,0 7 7 3 18 16 14,1 8 6 1 13,0 3 2 1 13,0 6 4 2 18 14,0 10 8 1 15,0 7 7 2 21 17,1 8 4 2 21 19,0 8 4 2 26 19,1 9 9 2 26 19,1 7 5 1 20,1 13 7 2 24 22,0 14 8 2 26 22,0 6 6 2 31 23,1 10 10 1 25,1 12 7 1 25,0 3 2 3 30 29 27,1 5 4 1 27,1 17 10 1 28,0 19 10 1 32,1 6 5 1 32,0 10 6 1 32,0 13 7 1 32,1 0 0 0
j300604_10.sm,14,14,1 0 0 4 2 29 30 31,0 4 2 2 28 3,0 2 1 1 4,1 15 9 2 27 5,1 1 1 2 26 6,0 9 6 1 7,1 3 2 1 8,1 10 7 2 25 9,0 10 10 1 10,1 8 6 3 24 23 11,1 13 10 1 12,1 10 5 2 22 13,0 12 8 2 21 14,1 14 7 2 20 15,0 6 3 1 16,0 8 5 1 17,1 13 10 1 18,0 3 2 1 19,0 8 5 1 32,0 11 6 1 32,0 2 2 1 32,0 4 4 1 32,0 13 8 1 32,0 1 1 1 32,0 12 10 1 32,0 9 5 1 32,0 6 3 1 32,1 6 3 1 32,0 8 4 1 32,1 5 4 1 32,1 1 1 1 32,1 0 0 0
j300704_1.sm,14,14,1 0 0 1 2,0 16 9 2 8 3,0 7 4 2 11 4,1 7 7 2 19 5,0 20 10 1 6,0 6 6 2 24 7,0 7 4 2 17 9,1 14 7 2 17 9,0 2 1 1 10,0 2 1 1 12,1 15 8 4 31 24 23 14,0 11 8 2 23 13,1 2 2 2 31 14,0 4 4 1 15,1 2 2 1 16,0 4 4 1 18,1 15 10 1 18,0 12 9 2 30 20,0 11 6 3 30 29 22,1 2 1 2 29 21,0 14 9 1 22,1 6 3 1 25,0 10 6 1 25,1 5 3 1 25,0 11 7 1 26,0 9 9 1 27,0 1 1 1 28,1 6 6 1 32,1 4 3 1 32,0 18 10 1 32,1 5 3 1 32,1 0 0 0
j300704_2.sm,14,14,1 0 0 1 2,0 12 10 1 3,0 11 10 1 4,0 2 1 1 5,1 13 7 1 6,0 12 9 2 11 7,1 6 4 1 8,0 10 5 3 18 12 9,0 17 9 2 14 10,1 3 3 2 22 13,1 2 2 3 26 18 15,0 7 5 2 16 14,0 6 4 3 26 20 15,0 5 5 3 26 22 20,0 13 8 1 16,1 15 8 1 17,0 7 5 1 19,0 8 6 1 20,1 2 1 1 21,1 15 10 1 21,1 4 3 2 25 23,0 15 10 2 25 23,0 18 10 1 24,1 3 2 1 27,0 14 8 1 27,1 9 8 1 27,1 6 5 1 28,1 2 1 2 31 29,0 13 8 1 30,0 3 3 1 32,0 8 4 1 32,1 0 0 0
j300704_3.sm,14,14,1 0 0 1 2,1 20 10 1 3,1 8 7 1 4,1 10 10 2 9 5,0 7 6 1 6,1 11 9 2 31 7,0 11 6 2 18 8,0 4 2 2 30 10,0 5 3 3 30 14 13,1 6 3 1 11,1 6 3 1 12,1 7 6 1 13,1 16 8 2 21 15,0 9 5 2 21 15,0 10 9 1 16,0 12 9 1 17,0 5 3 2 29 19,0 5 5 2 29 21,0 7 6 1 20,0 8 4 2 28 22,0 4 4 2 28 22,0 2 2 2 27 23,0 9 8 1 24,1 6 4 1 25,1 5 3 1 26,0 7 5 1 32,1 4 2 1 32,1 16 8 1 32,0 2 1 1 32,0 5 3 1 32,0 10 9 1 32,1 0 0 0
j300704_4.sm,14,14,1 0 0 2 2 11,1 4 4 1 3,1 4 4 3 31 16 4,0 7 5 1 5,1 9 7 1 6,0 2 2 2 30 7,1 10 9 2 22 8,1 2 1 1 9,0 11 7 1 10,0 12 8 3 29 28 12,0 9 9 3 29 28 14,1 13 7 1 13,1 3 2 1 14,0 5 4 1 15,1 2 1 2 27 17,0 2 2 3 30 26 18,0 4 3 2 26 18,0 3 3 1 19,0 5 4 1 20,0 8 5 1 21,0 5 5 1 23,1 6 4 1 23,1 11 6 1 24,0 4 2 1 25,0 5 3 1 32,0 6 4 1 32,0 13 8 1 32,1 15 10 1 32,1 4 2 1 32,0 9 5 1 32,0 8 5 1 32,1 0 0 0
j300704_5.sm,14,14,1 0 0 2 2 19,1 2 2 1 3,0 11 7 3 31 17 4,0 2 2 1 5,0 4 3 1 6,1 11 8 2 29 7,1 5 3 2 30 8,1 4 2 1 9,1 20 10 1 10,1 7 4 3 28 27 11,1 13 10 1 12,0 4 2 1 13,0 2 1 2 26 14,0 9 9 2 25 15,0 4 2 1 16,0 12 7 1 18,0 3 2 3 29 25 22,0 16 10 1 20,0 12 6 1 20,1 2 1 1 21,0 12 9 1 22,0 9 8 1 23,1 6 6 1 24,1 18 10 1 32,0 19 10 1 32,0 12 7 1 32,0 17 9 1 32,0 10 5 1 32,1 7 6 1 32,1 2 2 1 32,0 1 1 1 32,1 0 0 0
j300704_6.sm,14,14,1 0 0 1 2,0 2 1 2 31 3,0 15 9 1 4,0 2 1 2 30 5,1 2 2 2 29 6,0 2 1 1 7,1 2 2 2 28 8,0 3 2 3 27 26 9,1 11 6 1 10,0 5 4 2 25 11,0 4 3 2 24 12,0 4 3 1 13,0 10 10 1 14,0 3 2 1 15,0 9 7 1 16,0 6 5 1 17,0 8 6 2 23 18,1 10 9 1 19,1 7 4 1 20,0 5 5 1 21,0 9 6 1 22,1 17 10 1 32,1 1 1 1 32,1 6 3 1 32,1 5 5 1 32,1 8 4 1 32,0 1 1 1 32,1 16 9 1 32,1 5 3 1 32,0 3 3 1 32,0 1 1 1 32,1 0 0 0
j300704_7.sm,14,14,1 0 0 6 2 27 28 29 30 31,0 19 10 1 3,0 11 8 2 26 4,0 2 2 1 5,1 3 2 1 6,1 8 6 1 7,0 2 2 3 25 24 8,1 14 7 1 9,0 11 8 1 10,0 13 7 2 23 11,0 6 3 1 12,1 12 6 1 13,1 3 3 1 14,1 9 7 1 15,0 13 10 1 16,1 12 7 1 17,0 10 6 1 18,0 17 9 1 19,1 3 2 1 20,0 13 9 1 21,1 5 4 1 22,1 2 1 1 32,0 5 3 1 32,0 5 3 1 32,0 13 7 1 32,0 1 1 1 32,1 4 2 1 32,1 10 6 1 32,0 2 1 1 32,0 13 7 1 32,0 6 3 1 32,1 0 0 0
j300704_8.sm,14,14,1 0 0 1 2,0 8 4 2 5 3,0 11 8 1 4,1 8 5 1 6,1 2 1 1 6,0 8 7 1 7,0 10 10 3 11 10 8,0 6 5 1 9,0 14 7 2 13 12,0 11 6 2 14 13,0 18 9 2 14 13,0 16 10 2 17 14,1 8 6 2 17 15,1 12 6 1 15,1 12 8 1 16,0 5 5 2 20 18,1 5 5 2 20 19,0 19 10 1 19,1 5 3 1 21,1 4 3 1 21,1 8 8 2 24 22,0 5 3 1 23,0 3 2 2 27 25,1 6 3 2 27 25,0 4 2 1 26,0 13 7 1 28,0 10 7 1 29,1 18 9 1 30,0 1 1 1 30,0 5 5 1 31,1 5 3 1 32,1 0 0 0
j300704_9.sm,14,14,1 0 0 1 2,1 4 3 2 7 3,0 18 9 1 4,1 8 7 3 13 10 5,0 1 1 1 6,0 11 9 2 20 8,1 15 9 2 20 8,1 8 4 1 9,1 3 2 2 16 11,0 5 3 3 21 20 14,0 15 8 1 12,1 10 9 2 21 14,0 12 6 2 21 17,1 10 5 1 15,0 8 4 1 17,1 1 1 1 17,1 12 6 2 28 18,1 8 4 1 19,0 13 7 2 31 22,0 3 3 2 31 22,0 6 6 2 31 23,1 6 3 1 23,0 6 6 2 27 24,0 8 8 1 25,0 15 9 1 26,0 3 2 1 29,0 16 8 1 29,0 8 4 1 29,0 5 3 1 30,0 8 5 1 32,1 6 5 1 32,1 0 0 0
j300704_10.sm,14,14,1 0 0 1 2,1 10 5 2 15 3,0 2 1 2 20 4,0 12 6 2 31 5,0 15 8 1 6,1 10 6 3 30 29 7,1 7 5 1 8,1 5 4 1 9,0 3 2 1 10,1 2 1 2 28 11,0 4 3 1 12,0 13 7 1 13,1 4 4 1 14,1 2 1 2 27 16,0 8 4 2 20 18,0 11 9 1 17,1 9 5 1 18,1 2 2 2 25 19,0 1 1 2 26 21,0 18 10 2 25 22,0 5 5 1 22,0 10 7 1 23,0 7 5 1 24,0 6 5 1 32,0 6 3 1 32,1 9 6 1 32,0 3 2 1 32,0 14 9 1 32,1 6 3 1 32,0 7 7 1 32,1 6 3 1 32,1 0 0 0
j300804_1.sm,14,14,1 0 0 3 2 9 29,0 10 9 1 3,0 10 5 1 4,0 15 10 2 13 5,0 6 6 1 6,1 15 8 1 7,0 3 2 2 23 8,1 2 1 1 10,0 13 7 1 10,1 11 10 1 11,0 5 3 2 25 12,0 6 5 1 14,1 14 9 1 14,0 14 10 1 15,1 3 3 1 16,0 11 6 1 17,1 2 1 1 18,1 8 7 1 19,0 7 4 1 20,1 3 3 1 21,1 4 3 2 31 22,0 2 2 1 24,1 4 3 1 24,0 12 6 1 26,1 16 8 1 26,0 2 1 1 27,1 16 8 1 28,0 11 6 1 30,0 6 3 1 30,0 13 10 1 32,0 5 5 1 32,1 0 0 0
j300804_2.sm,14,14,1 0 0 2 2 20,1 2 1 1 3,1 1 1 1 4,1 8 7 1 5,0 16 10 1 6,0 1 1 1 7,0 10 5 1 8,1 9 5 1 9,0 13 9 1 10,0 14 8 1 11,0 14 9 1 12,0 1 1 1 13,0 4 2 2 31 14,1 5 4 1 15,1 7 4 2 30 16,0 8 5 1 17,1 7 4 2 29 18,0 4 3 2 28 19,1 10 5 2 27 21,0 15 9 2 27 21,1 1 1 1 22,0 13 8 1 23,0 9 7 1 24,1 7 6 1 25,0 9 6 1 26,0 11 6 1 32,0 4 2 1 32,1 9 7 1 32,0 19 10 1 32,1 14 7 1 32,0 4 4 1 32,1 0 0 0
j300804_3.sm,14,14,1 0 0 4 2 29 30 31,1 8 4 2 28 3,1 2 2 2 27 4,0 2 1 1 5,0 6 4 1 6,0 16 10 1 7,1 11 6 1 8,0 1 1 1 9,0 14 9 2 26 10,1 10 10 1 11,0 11 6 1 12,1 9 8 1 13,1 10 6 1 14,1 10 5 1 15,1 2 1 1 16,0 4 3 1 17,1 3 2 1 18,1 10 5 1 19,1 2 1 1 20,0 12 8 1 21,1 8 6 1 22,0 5 3 1 23,0 18 10 1 24,0 11 7 1 25,0 1 1 1 32,0 18 10 1 32,0 11 7 1 32,0 4 3 1 32,0 4 2 1 32,0 4 3 1 32,0 7 6 1 32,1 0 0 0
j300804_4.sm,14,14,1 0 0 3 2 30 31,0 16 9 2 23 3,1 10 5 1 4,1 6 5 2 29 5,1 9 9 1 6,0 4 2 1 7,1 6 6 1 8,0 1 1 1 9,0 7 6 1 10,1 3 2 1 11,0 4 3 2 28 12,0 3 2 1 13,1 9 8 1 14,0 2 2 2 27 15,1 2 1 1 16,0 12 7 1 17,0 10 6 1 18,0 12 6 1 19,0 15 9 1 20,0 16 9 1 21,1 12 6 1 22,0 5 3 1 24,0 4 2 1 24,0 14 8 1 25,1 10 5 1 26,0 8 4 1 32,0 12 7 1 32,1 7 4 1 32,0 1 1 1 32,1 1 1 1 32,1 3 2 1 32,1 0 0 0
j300804_5.sm,14,14,1 0 0 2 2 31,1 11 9 1 3,0 1 1 1 4,0 6 3 1 5,1 6 3 1 6,0 14 7 1 7,0 5 4 2 30 8,0 2 1 1 9,1 14 7 2 29 10,1 7 7 1 11,0 12 10 1 12,0 7 6 1 13,1 10 10 1 14,0 13 9 3 28 27 15,0 2 2 1 16,0 13 7 2 26 17,0 8 4 1 18,1 3 3 1 19,1 11 8 1 20,1 4 2 1 21,1 5 4 1 22,1 5 4 1 23,0 8 5 1 24,1 4 2 1 25,0 13 7 1 32,0 3 2 1 32,0 4 4 1 32,0 2 2 1 32,0 7 5 1 32,0 10 8 1 32,1 4 2 1 32,1 0 0 0
j300804_6.sm,14,14,1 0 0 2 2 7,0 2 1 1 3,0 14 7 2 12 4,0 3 2 1 5,0 14 8 1 6,0 8 5 2 10 8,0 10 6 2 12 10,1 10 8 1 9,0 13 10 2 16 11,1 13 9 2 16 13,1 9 6 1 13,1 10 5 1 13,1 13 9 1 14,1 13 9 1 15,1 4 2 1 17,1 10 10 1 17,1 2 2 1 18,1 12 9 1 19,0 1 1 2 26 20,0 12 10 2 29 21,0 1 1 1 22,0 5 4 1 23,0 14 7 1 24,0 10 8 1 25,1 9 7 1 27,0 9 5 1 27,0 4 3 1 28,0 8 7 1 30,1 4 3 1 30,0 2 2 1 31,0 2 1 1 32,1 0 0 0
j300804_7.sm,14,14,1 0 0 3 2 26 31,1 9 5 1 3,0 6 5 1 4,0 18 9 2 12 5,0 13 10 1 6,1 2 2 1 7,1 11 6 2 14 8,0 13 10 1 9,1 4 2 1 10,1 14 8 1 11,0 3 2 1 13,1 11 7 1 14,0 17 9 1 15,0 12 8 1 15,0 11 6 1 16,0 4 2 2 30 17,0 19 10 2 29 18,0 4 4 1 19,1 18 10 1 20,0 10 6 1 21,0 8 6 1 22,1 11 8 1 23,0 6 4 1 24,1 5 4 1 25,0 6 6 1 27,0 2 1 1 27,0 8 8 1 28,1 1 1 1 32,1 6 6 1 32,1 10 8 1 32,0 9 6 1 32,1 0 0 0
j300804_8.sm,14,14,1 0 0 3 2 4 10,0 14 7 2 13 3,1 6 6 1 5,1 13 7 1 5,0 13 9 1 6,0 3 3 1 7,0 13 8 1 8,0 4 3 1 9,1 9 6 1 11,0 14 8 1 11,1 3 2 1 12,0 3 3 1 14,0 10 5 1 14,1 2 1 2 28 15,0 9 5 1 16,0 8 7 1 17,1 11 7 2 31 18,0 2 1 1 19,1 8 6 2 30 20,1 4 3 1 21,0 13 8 1 22,0 3 3 1 23,1 13 9 1 24,0 2 2 1 25,0 10 6 1 26,0 12 6 1 27,1 7 6 1 29,0 15 9 1 29,1 3 3 1 32,1 8 5 1 32,0 6 3 1 32,1 0 0 0
j300804_9.sm,14,14,1 0 0 5 2 28 29 30 31,1 14 8 1 3,0 16 8 1 4,1 1 1 1 5,0 2 1 1 6,0 3 3 3 27 26 7,0 17 9 1 8,0 7 4 1 9,0 15 9 1 10,0 6 3 1 11,1 4 2 1 12,0 12 9 1 13,0 6 6 1 14,0 5 3 1 15,1 10 5 1 16,1 14 9 1 17,1 7 7 1 18,1 13 9 1 19,1 1 1 1 20,0 17 9 1 21,0 19 10 1 22,1 7 7 1 23,0 15 8 1 24,1 10 6 1 25,0 11 10 1 32,0 2 1 1 32,1 5 4 1 32,0 9 7 1 32,0 2 1 1 32,0 7 6 1 32,1 7 6 1 32,1 0 0 0
j300804_10.sm,14,14,1 0 0 2 2 4,1 11 10 1 3,0 19 10 1 5,0 12 6 1 5,1 9 7 1 6,0 13 7 1 7,0 14 10 1 8,1 12 9 2 12 9,0 10 9 1 10,1 4 3 1 11,1 3 3 1 13,0 8 7 1 13,1 10 8 1 14,0 2 1 1 15,0 16 9 2 24 16,0 3 2 1 17,0 1 1 1 18,0 6 3 1 19,0 12 10 1 20,0 2 1 2 22 21,0 13 8 2 26 23,1 12 8 2 26 25,1 4 2 1 25,1 12 7 1 25,0 1 1 2 29 27,1 16 10 2 29 28,1 6 5 1 28,0 9 6 1 30,1 2 2 1 30,0 1 1 1 31,0 20 10 1 32,1 0 0 0
j300904_1.sm,14,14,1 0 0 2 2 5,0 9 7 1 3,1 9 5 1 4,0 8 5 1 6,1 6 5 1 6,1 4 2 1 7,0 17 9 1 8,0 2 1 1 9,0 10 8 1 10,0 15 9 1 11,0 3 2 1 12,1 1 1 2 16 13,1 6 3 1 14,1 5 3 1 15,1 2 2 1 17,0 20 10 1 17,0 6 4 1 18,0 20 10 1 19,1 4 2 1 20,1 9 7 1 21,0 10 8 2 30 22,0 2 2 1 23,0 13 9 1 24,0 16 8 1 25,0 9 5 1 26,1 4 2 1 27,1 2 2 1 28,0 14 7 1 29,1 12 8 1 31,0 6 6 1 31,0 5 3 1 32,1 0 0 0
j300904_2.sm,14,14,1 0 0 2 2 8,0 2 2 1 3,0 6 4 1 4,0 3 2 1 5,0 4 2 1 6,0 2 1 1 7,0 3 3 1 9,1 4 2 1 9,0 6 3 1 10,1 2 1 1 11,0 7 6 2 23 12,0 12 9 1 13,0 8 5 1 14,0 11 8 1 15,1 10 5 1 16,1 6 3 1 17,1 18 10 1 18,1 4 3 2 31 19,1 15 8 1 20,0 10 5 1 21,1 19 10 1 22,0 2 1 1 24,1 12 7 1 24,0 9 9 1 25,1 15 9 1 26,0 6 5 1 27,0 14 8 1 28,0 2 2 1 29,1 13 7 1 30,1 10 5 1 32,0 10 8 1 32,1 0 0 0
j300904_3.sm,14,14,1 0 0 2 2 7,0 16 8 1 3,0 9 5 1 4,0 8 4 1 5,0 16 9 1 6,0 6 6 1 8,1 16 8 1 8,1 5 5 1 9,1 8 7 1 10,1 10 9 1 11,0 6 4 2 31 12,0 1 1 1 13,1 9 5 1 14,0 7 5 1 15,1 1 1 2 25 16,0 6 3 1 17,0 18 10 1 18,0 12 10 1 19,1 11 10 1 20,1 2 1 1 21,0 6 3 1 22,0 19 10 1 23,1 3 3 1 24,1 2 1 1 26,1 9 5 1 26,0 17 9 1 27,1 9 5 1 28,0 14 8 1 29,0 16 10 1 30,0 5 3 1 32,0 4 3 1 32,1 0 0 0
j300904_4.sm,14,14,1 0 0 1 2,0 3 2 1 3,1 13 8 1 4,0 16 8 2 28 5,0 4 2 1 6,1 12 10 1 7,0 2 1 1 8,0 4 2 1 9,0 2 1 1 10,1 10 7 1 11,0 9 9 1 12,1 14 7 1 13,1 10 6 1 14,0 2 2 2 31 15,1 11 6 1 16,0 9 5 1 17,0 13 8 1 18,0 13 10 1 19,0 17 10 1 20,1 8 6 1 21,0 6 5 1 22,0 7 6 1 23,1 3 2 2 30 24,0 7 4 1 25,0 5 4 1 26,1 6 5 1 27,0 3 2 1 29,1 12 6 1 30,1 6 3 1 32,1 16 8 1 32,0 9 6 1 32,1 0 0 0
j300904_5.sm,14,14,1 0 0 1 2,0 5 3 1 3,1 19 10 1 4,1 5 3 1 5,1 3 2 1 6,0 16 8 1 7,1 14 10 1 8,1 11 6 2 20 9,0 16 9 1 10,0 11 10 1 11,1 12 8 1 12,0 9 6 1 13,0 10 5 1 14,0 4 2 2 31 15,0 13 8 1 16,1 5 4 1 17,0 8 8 2 30 18,1 18 10 1 19,0 4 3 1 21,1 14 7 1 21,1 8 5 1 22,0 12 6 1 23,0 8 8 1 24,0 14 10 1 25,0 2 2 1 26,0 8 4 1 27,0 5 4 1 28,0 11 6 1 29,1 7 5 1 32,1 6 6 1 32,0 11 6 1 32,1 0 0 0
j300904_6.sm,14,14,1 0 0 1 2,1 10 10 1 3,0 2 2 3 31 30 4,1 8 4 1 5,0 14 7 1 6,0 5 3 1 7,0 17 9 1 8,1 5 5 1 9,0 12 7 1 10,1 16 8 1 11,0 12 9 1 12,0 5 4 1 13,0 11 9 2 29 14,1 12 10 1 15,0 17 9 1 16,0 9 8 1 17,0 3 2 1 18,0 12 8 1 19,1 3 3 1 20,1 7 6 1 21,1 12 10 1 22,0 4 3 1 23,0 8 6 1 24,0 8 4 1 25,0 6 4 1 26,1 5 4 1 27,1 9 5 1 28,0 12 8 1 32,0 4 3 1 32,1 4 2 1 32,1 6 3 1 32,1 0 0 0
j300904_7.sm,14,14,1 0 0 2 2 6,1 14 7 1 3,0 4 2 1 4,0 8 5 1 5,0 2 2 1 7,0 5 3 1 7,0 7 6 1 8,1 11 7 1 9,1 4 3 1 10,0 13 10 1 11,0 16 8 2 14 12,1 11 7 1 13,0 18 10 1 15,0 5 3 1 15,1 5 3 1 16,1 12 8 1 17,0 6 3 2 21 18,1 4 2 1 19,0 10 5 1 20,0 1 1 1 22,0 18 9 1 22,1 8 8 1 23,0 10 8 1 24,0 3 2 1 25,1 15 8 1 26,1 11 8 1 27,1 8 7 1 28,1 9 5 1 29,0 8 4 1 30,0 15 8 1 31,0 4 2 1 32,1 0 0 0
j300904_8.sm,14,14,1 0 0 2 2 7,1 2 1 1 3,1 7 4 1 4,1 2 2 1 5,1 5 4 1 6,0 16 9 1 8,0 11 9 1 8,0 14 10 1 9,0 10 8 1 10,1 8 6 1 11,1 11 6 2 31 12,0 11 9 1 13,0 8 5 1 14,0 6 5 1 15,0 3 2 1 16,1 3 2 2 23 17,0 18 9 1 18,0 5 5 1 19,0 10 8 1 20,1 4 3 1 21,1 14 9 1 22,0 2 2 1 24,0 2 1 1 24,1 1 1 1 25,0 16 10 1 26,1 4 3 1 27,1 13 7 1 28,0 1 1 1 29,0 10 6 1 30,0 3 3 1 32,0 6 4 1 32,1 0 0 0
j300904_9.sm,14,14,1 0 0 2 2 31,1 1 1 1 3,1 6 5 1 4,1 1 1 1 5,0 10 7 2 30 6,1 8 4 1 7,1 4 2 1 8,0 5 5 1 9,1 5 3 1 10,0 2 1 1 11,0 2 1 1 12,1 11 9 1 13,0 2 1 1 14,0 6 5 1 15,1 9 5 1 16,0 7 7 2 29 17,0 11 6 1 18,1 4 3 1 19,0 7 6 1 20,1 10 5 1 21,0 12 9 1 22,0 2 2 1 23,0 3 2 1 24,0 3 2 1 25,0 18 10 1 26,0 4 3 1 27,0 7 7 1 28,0 3 2 1 32,1 3 3 1 32,1 4 3 1 32,0 13 8 1 32,1 0 0 0
j300904_10.sm,14,14,1 0 0 1 2,1 4 2 1 3,1 2 2 1 4,1 4 2 3 31 30 5,0 5 3 1 6,1 11 6 1 7,1 6 4 1 8,0 4 2 1 9,1 11 10 1 10,1 12 6 1 11,0 10 6 1 12,0 9 8 1 13,1 3 2 2 29 14,0 7 4 1 15,0 3 3 1 16,0 4 2 1 17,0 9 5 1 18,0 20 10 1 19,0 2 2 1 20,1 14 7 1 21,1 12 7 1 22,0 12 7 1 23,0 18 9 1 24,0 3 2 1 25,0 3 3 1 26,1 5 3 1 27,0 3 2 1 28,1 7 5 1 32,0 11 6 1 32,0 6 4 1 32,0 5 5 1 32,1 0 0 0
j301004_1.sm,14,14,1 0 0 1 2,1 12 9 1 3,0 2 1 1 4,0 10 7 1 5,1 8 8 1 6,1 15 8 1 7,0 3 2 1 8,1 3 2 1 9,1 11 6 1 10,1 2 2 1 11,0 12 10 1 12,0 12 7 1 13,0 7 4 1 14,1 4 3 1 15,0 12 10 1 16,0 8 4 1 17,1 9 5 1 18,0 4 3 1 19,0 1 1 1 20,1 2 1 1 21,0 11 10 1 22,1 16 8 1 23,1 8 7 1 24,0 12 8 1 25,0 10 10 1 26,0 18 10 1 27,0 4 3 1 28,0 19 10 1 29,0 12 9 1 30,1 10 7 1 31,0 3 3 1 32,1 0 0 0
j301004_2.sm,14,14,1 0 0 1 2,1 15 9 1 3,0 2 1 1 4,0 8 7 1 5,0 10 8 1 6,1 9 8 1 7,0 2 2 1 8,1 3 2 1 9,1 6 6 1 10,0 4 2 1 11,1 16 10 1 12,0 10 7 1 13,0 5 4 1 14,1 5 3 1 15,0 14 10 1 16,1 8 4 1 17,1 9 5 1 18,1 6 3 1 19,0 1 1 1 20,0 2 1 1 21,0 20 10 1 22,0 10 8 1 23,1 8 7 1 24,0 16 8 1 25,0 15 10 1 26,0 19 10 1 27,1 6 3 1 28,1 19 10 1 29,0 17 9 1 30,0 11 7 1 31,0 4 3 1 32,1 0 0 0
j301004_3.sm,14,14,1 0 0 1 2,1 9 9 1 3,0 1 1 1 4,1 14 7 1 5,0 9 8 1 6,1 11 8 1 7,0 2 2 1 8,0 4 2 1 9,1 10 6 1 10,0 4 2 1 11,0 18 10 1 12,1 7 7 1 13,0 8 4 1 14,0 6 3 1 15,1 10 10 1 16,1 7 4 1 17,1 5 5 1 18,0 5 3 1 19,0 1 1 1 20,0 1 1 1 21,0 16 10 1 22,0 11 8 1 23,1 10 7 1 24,0 8 8 1 25,0 15 10 1 26,0 17 10 1 27,1 6 3 1 28,0 18 10 1 29,1 13 9 1 30,1 14 7 1 31,0 5 3 1 32,1 0 0 0
j301004_4.sm,14,14,1 0 0 1 2,1 11 9 1 3,0 1 1 1 4,0 10 7 1 5,0 9 8 1 6,1 12 8 1 7,1 2 2 1 8,1 4 2 1 9,0 9 6 1 10,0 2 2 1 11,1 20 10 1 12,1 7 7 1 13,1 7 4 1 14,1 4 3 1 15,0 20 10 1 16,0 4 4 1 17,0 7 5 1 18,1 3 3 1 19,1 1 1 1 20,0 1 1 1 21,0 10 10 1 22,0 15 8 1 23,0 10 7 1 24,0 12 8 1 25,0 12 10 1 26,1 20 10 1 27,0 3 3 1 28,0 11 10 1 29,0 17 9 1 30,1 14 7 1 31,0 3 3 1 32,1 0 0 0
j301004_5.sm,14,14,1 0 0 1 2,1 14 9 1 3,0 2 1 1 4,1 13 7 1 5,1 13 8 1 6,0 15 8 1 7,0 3 2 1 8,0 3 2 1 9,0 6 6 1 10,0 2 2 1 11,1 10 10 1 12,0 9 7 1 13,1 5 4 1 14,1 5 3 1 15,1 17 10 1 16,1 7 4 1 17,0 5 5 1 18,0 4 3 1 19,0 2 1 1 20,0 1 1 1 21,1 11 10 1 22,1 10 8 1 23,0 11 7 1 24,0 11 8 1 25,0 10 10 1 26,0 15 10 1 27,1 6 3 1 28,0 14 10 1 29,0 12 9 1 30,0 10 7 1 31,1 3 3 1 32,1 0 0 0
j301004_6.sm,14,14,1 0 0 1 2,1 16 9 1 3,1 1 1 1 4,0 13 7 1 5,0 13 8 1 6,0 9 8 1 7,1 4 2 1 8,0 3 2 1 9,1 6 6 1 10,0 3 2 1 11,0 17 10 1 12,1 12 7 1 13,0 6 4 1 14,1 3 3 1 15,0 19 10 1 16,0 6 4 1 17,0 10 5 1 18,1 3 3 1 19,0 2 1 1 20,0 1 1 1 21,1 19 10 1 22,0 11 8 1 23,1 14 7 1 24,1 15 8 1 25,0 16 10 1 26,0 18 10 1 27,1 3 3 1 28,0 16 10 1 29,1 10 9 1 30,0 8 7 1 31,0 6 3 1 32,1 0 0 0
j301004_7.sm,14,14,1 0 0 1 2,0 11 9 1 3,0 2 1 1 4,1 12 7 1 5,0 15 8 1 6,1 15 8 1 7,1 3 2 1 8,0 2 2 1 9,0 9 6 1 10,0 4 2 1 11,0 17 10 1 12,0 11 7 1 13,1 7 4 1 14,0 6 3 1 15,1 11 10 1 16,1 6 4 1 17,1 7 5 1 18,0 6 3 1 19,0 2 1 1 20,1 1 1 1 21,1 19 10 1 22,0 8 8 1 23,1 14 7 1 24,0 9 8 1 25,1 12 10 1 26,0 15 10 1 27,0 3 3 1 28,1 20 10 1 29,0 11 9 1 30,0 7 7 1 31,0 3 3 1 32,1 0 0 0
j301004_8.sm,14,14,1 0 0 1 2,1 18 9 1 3,0 2 1 1 4,0 11 7 1 5,1 14 8 1 6,1 14 8 1 7,0 4 2 1 8,1 3 2 1 9,0 7 6 1 10,0 2 2 1 11,0 20 10 1 12,1 8 7 1 13,1 4 4 1 14,0 3 3 1 15,0 16 10 1 16,1 7 4 1 17,1 5 5 1 18,0 6 3 1 19,0 1 1 1 20,0 1 1 1 21,1 13 10 1 22,0 13 8 1 23,1 9 7 1 24,0 16 8 1 25,1 11 10 1 26,0 16 10 1 27,0 4 3 1 28,0 11 10 1 29,0 10 9 1 30,1 13 7 1 31,0 3 3 1 32,1 0 0 0
j301004_9.sm,14,14,1 0 0 1 2,1 9 9 1 3,1 1 1 1 4,0 7 7 1 5,0 10 8 1 6,0 9 8 1 7,0 2 2 1 8,0 2 2 1 9,1 7 6 1 10,0 2 2 1 11,0 15 10 1 12,0 11 7 1 13,1 8 4 1 14,1 4 3 1 15,1 12 10 1 16,1 8 4 1 17,0 5 5 1 18,0 3 3 1 19,0 2 1 1 20,1 1 1 1 21,1 13 10 1 22,0 15 8 1 23,0 9 7 1 24,1 12 8 1 25,0 14 10 1 26,1 13 10 1 27,0 4 3 1 28,0 10 10 1 29,1 17 9 1 30,0 9 7 1 31,0 5 3 1 32,1 0 0 0
j301004_10.sm,14,14,1 0 0 1 2,1 9 9 1 3,0 2 1 1 4,1 9 7 1 5,0 12 8 1 6,1 11 8 1 7,0 2 2 1 8,0 3 2 1 9,0 7 6 1 10,1 2 2 1 11,1 20 10 1 12,1 13 7 1 13,0 8 4 1 14,0 6 3 1 15,0 10 10 1 16,1 8 4 1 17,0 9 5 1 18,0 6 3 1 19,1 1 1 1 20,0 2 1 1 21,0 15 10 1 22,0 15 8 1 23,0 7 7 1 24,1 12 8 1 25,0 11 10 1 26,1 18 10 1 27,0 5 3 1 28,1 14 10 1 29,0 17 9 1 30,0 9 7 1 31,1 6 3 1 32,1 0 0 0
j400104_1.sm,18,18,1 0 0 12 2 3 4 5 6 7 8 9 11 12 15 16,1 2 1 7 35 25 24 19 18 14 10,1 7 6 6 38 35 19 17 13 10,0 7 4 7 40 38 36 35 23 18 17,0 7 5 6 39 36 35 21 19 10,1 6 4 9 39 38 36 33 29 25 24 20 17,0 3 2 7 35 30 29 25 23 20 19,0 9 9 5 37 32 27 20 18,1 10 5 6 41 40 30 26 23 22,0 8 4 6 34 33 31 30 28 22,1 15 8 6 36 31 30 29 28 24,0 12 6 5 37 30 29 23 20,1 18 9 6 37 32 31 30 29 28,1 5 4 5 34 33 30 29 26,1 14 8 3 34 29 17,0 2 1 4 31 30 29 28,0 15 9 3 32 31 28,1 7 4 3 33 30 29,0 2 1 2 34 33,1 4 4 2 31 28,1 16 9 2 30 29,0 6 6 1 29,0 6 4 1 28,1 8 4 1 32,0 6 6 1 28,0 11 6 1 32,0 8 5 1 28,0 4 3 1 42,0 7 7 1 42,0 1 1 1 42,1 12 8 1 42,0 7 7 1 42,0 5 4 1 42,0 6 6 1 42,1 13 9 1 42,1 8 5 1 42,0 11 6 1 42,0 12 10 1 42,0 4 2 1 42,0 19 10 1 42,1 5 5 1 42,1 0 0 0
j400104_2.sm,18,18,1 0 0 13 2 3 4 5 7 8 10 11 12 14 22 23 41,0 5 5 8 38 35 30 21 17 15 13 6,0 2 1 6 40 38 35 30 13 6,0 17 9 8 37 32 28 27 26 20 16 9,0 12 9 9 37 36 32 28 27 26 25 20 17,0 6 3 8 31 29 28 26 25 24 19 18,1 2 2 7 39 35 31 30 27 26 25,0 12 10 6 32 30 28 27 26 24,1 20 10 4 33 29 17 15,1 11 9 5 30 29 28 26 25,0 2 1 4 39 33 25 24,0 1 1 3 33 24 18,0 10 5 3 29 26 25,1 4 3 3 36 32 26,0 2 1 2 25 24,1 8 7 2 25 24,0 6 3 1 24,0 8 4 1 27,1 8 6 1 34,0 6 5 1 24,1 11 6 1 31,0 16 9 1 30,0 1 1 1 24,1 8 4 1 42,0 11 8 1 42,1 7 6 1 42,0 11 9 1 42,1 11 7 1 42,1 11 9 1 42,1 7 6 1 42,0 7 4 1 42,0 14 9 1 42,0 11 9 1 42,0 9 5 1 42,0 3 2 1 42,1 5 3 1 42,0 10 9 1 42,0 13 10 1 42,1 2 1 1 42,1 14 9 1 42,1 13 8 1 42,1 0 0 0
j400104_3.sm,18,18,1 0 0 27 2 3 4 5 6 7 8 11 12 13 14 15 16 28 29 30 31 32 33 34 35 36 37 38 39 40 41,0 13 9 3 25 18 9,0 9 6 3 22 21 20,0 10 9 2 24 10,0 7 6 2 23 17,1 12 10 2 19 18,0 4 2 2 26 21,1 9 8 2 27 18,1 10 10 1 10,0 13 9 1 17,1 10 7 1 18,0 9 9 1 20,1 3 2 1 17,1 13 8 1 19,1 1 1 1 18,1 3 3 1 22,1 5 3 1 42,1 11 8 1 42,1 1 1 1 42,0 6 3 1 42,0 8 4 1 42,0 7 4 1 42,0 6 3 1 42,0 8 5 1 42,1 16 8 1 42,0 16 8 1 42,1 14 9 1 42,0 16 9 1 42,1 15 10 1 42,0 5 3 1 42,0 15 8 1 42,1 12 9 1 42,0 11 7 1 42,0 11 10 1 42,1 6 4 1 42,0 10 10 1 42,0 3 2 1 42,0 20 10 1 42,0 3 2 1 42,0 12 6 1 42,0 18 10 1 42,1 0 0 0
j400104_4.sm,18,18,1 0 0 13 2 3 4 5 6 7 8 9 10 12 21 28 41,0 11 7 10 36 35 34 26 25 22 18 17 14 13,1 18 9 11 40 39 37 36 35 27 24 23 22 19 15,0 6 6 10 40 39 38 35 34 25 24 22 18 13,1 5 4 8 38 37 36 22 20 18 16 13,0 16 10 5 40 39 37 20 11,1 8 6 9 37 36 35 34 31 25 22 16 15,0 10 5 5 33 24 22 13 11,1 7 7 8 39 38 36 35 29 26 18 16,1 10 5 7 36 35 31 30 23 22 19,0 10 8 5 38 34 31 23 15,0 8 4 5 36 34 32 22 18,0 5 5 2 31 15,0 9 9 3 37 31 23,0 7 5 3 32 30 29,0 4 2 3 33 32 30,0 4 3 1 19,1 5 3 2 31 30,0 2 1 2 33 29,1 10 8 2 35 32,0 6 3 2 34 29,0 10 8 1 29,0 13 7 1 29,0 10 5 1 29,1 3 2 1 29,0 11 7 1 30,1 2 1 1 31,1 11 7 1 34,0 7 5 1 42,1 3 2 1 42,1 4 4 1 42,0 11 8 1 42,0 8 7 1 42,1 9 8 1 42,0 2 2 1 42,0 15 8 1 42,1 6 3 1 42,1 2 2 1 42,1 9 7 1 42,0 4 2 1 42,0 10 6 1 42,1 0 0 0
j400104_5.sm,18,18,1 0 0 24 2 3 4 5 11 12 13 14 26 27 28 29 30 31 32 33 34 35 36 37 38 39 40 41,0 10 6 5 22 19 18 8 6,1 6 4 2 24 10,0 14 9 2 19 9,0 1 1 2 25 23,1 15 10 1 7,0 7 4 1 17,0 7 4 1 15,1 4 2 1 15,0 1 1 1 16,1 2 2 1 21,0 14 8 1 18,1 16 8 1 20,1 3 3 1 16,0 9 7 1 42,0 13 10 1 42,1 5 4 1 42,0 7 4 1 42,0 13 10 1 42,0 7 7 1 42,1 2 1 1 42,0 2 1 1 42,1 3 2 1 42,1 5 5 1 42,0 16 9 1 42,0 11 7 1 42,1 9 7 1 42,0 8 7 1 42,0 14 10 1 42,1 4 2 1 42,0 8 7 1 42,1 2 2 1 42,1 7 6 1 42,1 12 8 1 42,0 8 4 1 42,0 12 9 1 42,0 14 8 1 42,0 13 9 1 42,0 5 3 1 42,0 1 1 1 42,1 6 6 1 42,1 0 0 0
j400104_6.sm,18,18,1 0 0 12 2 3 4 5 6 7 8 9 10 12 13 16,0 1 1 7 35 27 26 19 18 15 11,1 14 8 6 39 35 19 17 14 11,0 8 4 7 40 36 35 32 21 19 11,0 2 1 7 39 38 36 35 25 18 17,0 11 7 9 40 39 36 33 31 27 26 20 17,0 3 3 7 35 27 25 24 22 20 19,0 15 8 6 38 37 32 29 20 18,0 12 8 6 41 38 28 25 24 22,1 12 6 5 37 33 25 22 20,1 12 6 5 34 33 24 23 22,1 4 3 4 36 26 23 22,1 10 8 3 34 22 17,1 12 6 4 37 32 23 22,1 1 1 4 34 33 28 22,0 7 6 2 23 22,0 4 3 2 32 23,0 4 4 2 33 22,0 12 7 2 34 33,0 9 6 1 23,1 8 6 1 22,0 4 4 1 31,0 9 6 1 30,0 12 6 1 31,1 12 7 1 30,1 3 2 1 32,1 5 3 1 30,0 16 9 1 32,0 7 5 1 30,0 11 8 1 42,1 6 3 1 42,0 7 7 1 42,0 1 1 1 42,0 7 4 1 42,0 6 6 1 42,1 8 8 1 42,1 14 7 1 42,0 9 7 1 42,1 11 6 1 42,0 7 5 1 42,1 12 6 1 42,1 0 0 0
j400104_7.sm,18,18,1 0 0 17 2 3 4 6 7 8 9 10 12 13 14 19 20 38 39 40 41,1 10 6 3 15 11 5,0 12 8 7 36 35 33 31 27 26 16,1 5 3 6 33 28 25 23 21 15,0 1 1 5 29 25 22 21 17,0 1 1 5 37 32 29 27 21,0 10 6 4 30 24 23 22,1 10 6 4 32 30 28 25,1 1 1 3 24 22 18,1 7 6 2 28 16,0 13 7 2 22 21,0 6 4 2 27 21,0 16 9 2 34 23,1 8 4 2 31 24,0 17 10 1 22,1 4 2 1 24,1 18 10 1 26,1 3 2 1 23,1 2 1 1 23,1 18 9 1 21,0 12 8 1 42,0 2 1 1 42,0 11 7 1 42,0 11 6 1 42,0 8 6 1 42,0 6 5 1 42,0 13 9 1 42,0 9 7 1 42,1 13 10 1 42,0 5 4 1 42,1 18 9 1 42,0 2 2 1 42,1 8 6 1 42,0 11 10 1 42,1 4 2 1 42,0 3 2 1 42,0 6 3 1 42,0 13 7 1 42,0 5 4 1 42,0 14 9 1 42,1 16 9 1 42,1 0 0 0
j400104_8.sm,18,18,1 0 0 16 2 3 4 5 7 8 9 10 11 14 15 16 24 39 40 41,1 15 8 8 37 36 35 32 28 21 20 17,1 6 5 6 35 30 28 19 18 13,0 15 10 4 20 19 12 6,1 17 9 7 37 34 32 30 27 26 25,1 16 9 5 30 29 27 25 22,0 6 6 4 27 25 23 17,1 5 5 4 34 33 19 18,0 2 2 4 36 30 18 17,0 9 7 5 33 28 27 26 25,0 8 8 5 38 31 28 27 25,0 9 9 3 30 27 25,0 10 5 3 27 26 25,1 13 10 2 29 21,1 3 2 2 32 27,1 7 4 2 28 26,0 11 10 1 26,1 9 7 1 29,0 2 1 1 25,0 9 6 1 31,0 7 7 1 26,0 4 4 1 31,0 12 7 1 28,0 2 2 1 25,1 12 8 1 42,0 9 7 1 42,0 5 4 1 42,1 6 6 1 42,0 11 7 1 42,0 11 8 1 42,0 2 1 1 42,0 3 2 1 42,0 3 3 1 42,1 10 6 1 42,0 4 4 1 42,1 3 3 1 42,0 4 3 1 42,0 11 9 1 42,1 14 7 1 42,1 3 2 1 42,1 10 10 1 42,1 0 0 0
j400104_9.sm,18,18,1 0 0 34 2 5 6 11 12 13 14 15 16 17 18 19 20 21 22 23 24 25 26 27 28 29 30 31 32 33 34 35 36 37 38 39 40 41,1 14 7 2 9 3,1 7 6 1 4,1 3 2 1 7,0 5 4 1 10,0 4 4 1 8,1 12 7 1 42,1 16 8 1 42,1 2 2 1 42,0 2 1 1 42,1 4 3 1 42,0 12 10 1 42,1 10 6 1 42,0 12 6 1 42,0 2 2 1 42,0 7 6 1 42,1 12 9 1 42,0 1 1 1 42,1 10 9 1 42,0 2 1 1 42,0 4 4 1 42,1 1 1 1 42,0 7 4 1 42,0 10 8 1 42,0 6 4 1 42,0 11 9 1 42,0 10 7 1 42,1 8 6 1 42,0 4 2 1 42,0 11 8 1 42,0 3 2 1 42,1 2 1 1 42,0 6 3 1 42,0 13 7 1 42,0 16 8 1 42,0 7 6 1 42,0 1 1 1 42,0 9 7 1 42,1 1 1 1 42,1 11 10 1 42,1 6 4 1 42,1 0 0 0
j400104_10.sm,18,18,1 0 0 13 2 3 4 5 6 7 8 9 10 12 21 28 41,0 15 8 9 36 35 34 26 25 18 17 14 13,1 5 3 11 40 39 37 36 34 27 24 23 22 19 15,0 2 1 10 40 39 38 35 34 25 24 23 18 13,1 11 8 5 40 39 37 20 11,0 6 6 5 33 24 23 13 11,1 12 7 8 37 36 34 31 25 23 16 15,1 8 6 8 39 38 36 34 29 26 18 16,0 16 8 6 38 37 36 34 16 13,0 6 4 7 36 34 31 30 23 22 19,0 12 9 5 38 35 31 22 15,0 17 9 5 36 35 32 23 18,1 2 1 2 31 15,0 14 9 3 37 31 22,0 3 2 3 32 30 29,0 4 2 3 33 32 30,1 4 2 1 19,0 7 5 2 31 30,1 6 5 2 33 29,0 13 10 2 34 32,0 7 4 2 35 29,0 11 10 1 29,1 3 2 1 29,0 9 7 1 29,0 12 6 1 29,1 5 3 1 30,1 7 4 1 31,0 17 9 1 35,0 4 3 1 42,0 4 2 1 42,1 12 10 1 42,0 12 9 1 42,1 4 3 1 42,1 4 4 1 42,1 7 4 1 42,0 8 8 1 42,0 8 7 1 42,0 18 10 1 42,0 6 6 1 42,1 3 2 1 42,1 8 5 1 42,1 0 0 0
j400204_1.sm,18,18,1 0 0 19 2 6 8 12 13 14 15 16 31 32 33 34 35 36 37 38 39 40 41,1 16 10 5 30 29 25 24 3,1 9 8 3 26 23 4,0 2 1 3 20 9 5,0 4 2 3 21 18 7,0 12 6 3 23 18 7,0 5 3 2 19 10,0 10 5 3 25 20 18,1 2 2 2 22 18,1 10 7 1 11,0 11 6 1 17,1 2 2 1 24,1 9 5 1 17,0 3 2 1 28,1 12 6 1 19,1 7 5 1 27,1 13 10 1 42,1 9 5 1 42,1 8 4 1 42,0 9 9 1 42,0 9 6 1 42,0 10 9 1 42,0 3 3 1 42,0 8 5 1 42,0 15 8 1 42,1 8 4 1 42,1 9 9 1 42,0 10 8 1 42,0 13 9 1 42,0 2 1 1 42,0 15 9 1 42,0 1 1 1 42,1 15 9 1 42,0 15 8 1 42,0 1 1 1 42,1 14 9 1 42,0 4 4 1 42,0 8 8 1 42,0 2 1 1 42,1 8 4 1 42,0 20 10 1 42,1 0 0 0
j400204_2.sm,18,18,1 0 0 9 2 3 4 5 6 7 8 9 14,0 4 2 7 32 26 24 19 18 15 11,1 18 10 6 24 23 21 19 18 12,1 3 2 4 32 21 13 12,0 8 4 4 32 26 16 13,0 12 7 3 31 25 10,1 2 2 3 32 21 15,0 12 6 2 32 15,0 16 9 5 41 31 24 22 19,1 3 3 3 22 21 20,0 8 6 2 17 16,1 9 7 1 15,0 9 6 3 27 24 18,1 4 2 3 31 28 20,0 20 10 2 27 16,1 9 5 5 41 40 31 30 22,1 6 5 5 41 31 30 27 22,1 1 1 4 40 31 30 22,0 9 9 7 40 39 37 35 30 29 27,1 2 1 7 41 40 39 35 32 30 27,0 2 1 6 41 37 35 30 29 27,1 5 5 5 39 38 36 35 28,0 12 6 4 39 35 32 28,0 8 7 3 40 35 28,0 14 10 6 38 37 36 35 34 33,1 6 4 3 35 30 29,0 7 6 4 38 36 34 33,0 4 3 3 37 33 29,0 8 4 1 34,1 7 7 1 33,0 15 9 1 33,0 11 6 1 36,0 2 1 1 42,0 6 3 1 42,0 5 3 1 42,0 2 2 1 42,1 14 9 1 42,1 12 8 1 42,0 11 6 1 42,0 16 8 1 42,1 9 9 1 42,1 0 0 0
j400204_3.sm,18,18,1 0 0 10 2 3 4 5 6 7 12 13 15 16,1 5 3 3 23 22 9,1 4 2 3 24 21 8,0 6 3 3 40 26 10,0 12 10 3 41 22 11,0 8 4 3 24 17 11,0 9 6 6 41 40 37 29 28 17,0 16 9 5 39 36 28 19 14,0 18 9 1 11,0 4 4 7 38 36 35 28 25 22 20,0 4 4 4 39 36 28 14,1 8 6 8 38 37 36 35 34 32 28 25,1 4 2 5 37 34 27 24 21,0 6 5 3 40 37 18,0 6 3 3 36 28 18,1 11 6 4 36 28 27 20,1 2 1 2 36 18,0 14 9 6 38 35 34 33 32 25,0 8 5 7 38 37 34 33 32 30 27,1 15 8 6 41 39 37 32 31 30,0 5 5 5 36 32 31 30 28,0 16 8 5 39 34 32 31 30,0 3 2 2 41 25,0 10 6 3 36 35 30,1 18 9 2 30 27,1 8 4 2 34 33,0 6 5 1 31,1 14 9 1 33,0 3 2 1 35,1 9 5 1 42,0 9 7 1 42,1 1 1 1 42,0 5 5 1 42,0 10 10 1 42,1 2 1 1 42,1 3 2 1 42,0 7 5 1 42,0 2 1 1 42,1 7 6 1 42,1 10 6 1 42,0 8 7 1 42,1 0 0 0
j400204_4.sm,18,18,1 0 0 14 2 3 6 7 9 10 11 13 16 17 25 26 27 28,0 1 1 3 40 38 4,0 13 7 7 39 36 23 22 21 14 8,1 2 1 4 23 22 21 5,1 9 8 3 36 14 8,0 11 6 8 35 34 33 30 21 19 18 15,1 8 4 9 41 40 39 38 35 30 24 22 20,1 12 6 5 37 34 32 31 12,0 8 6 7 36 34 33 32 31 30 18,1 15 10 6 40 34 33 31 21 19,0 6 4 6 38 36 31 30 21 20,0 3 3 4 35 33 30 18,1 16 10 4 39 37 31 30,0 4 3 3 34 30 29,0 8 7 3 38 32 31,0 8 5 2 31 20,0 2 2 2 31 20,0 5 3 1 20,1 13 8 1 20,0 7 6 1 29,1 15 10 1 32,0 10 7 1 33,0 2 1 1 30,0 11 7 1 29,1 2 1 1 36,0 5 3 1 33,0 6 3 1 32,0 10 9 1 32,0 8 5 1 42,0 17 10 1 42,0 7 5 1 42,1 20 10 1 42,0 9 9 1 42,1 4 4 1 42,1 11 6 1 42,1 9 9 1 42,0 10 7 1 42,0 6 6 1 42,1 10 7 1 42,1 8 6 1 42,1 17 10 1 42,1 0 0 0
j400204_5.sm,18,18,1 0 0 11 2 3 5 6 7 8 10 11 12 13 18,0 4 3 3 27 20 4,1 18 10 7 29 25 24 21 19 16 15,0 4 2 5 41 22 21 19 9,0 12 9 7 41 27 25 24 21 19 17,1 7 7 8 41 29 27 26 25 24 23 15,0 8 5 6 41 26 24 19 17 15,0 16 10 3 41 25 9,1 6 3 4 32 26 24 14,0 6 5 4 41 29 20 19,0 7 4 7 41 32 31 29 28 24 23,1 6 3 8 41 40 36 32 31 29 28 25,0 5 4 3 32 20 17,0 8 5 2 23 17,1 8 8 4 40 39 32 20,0 5 5 7 41 40 37 36 34 32 28,1 6 3 6 39 38 36 31 29 28,0 13 7 5 41 37 32 30 25,1 2 1 4 35 32 31 23,0 12 9 6 38 37 36 34 31 28,0 14 8 3 36 31 26,0 13 10 5 37 35 34 32 31,0 19 10 5 40 39 37 36 33,1 5 5 4 36 35 34 33,0 1 1 4 39 38 34 33,0 9 8 3 39 34 30,1 9 8 3 36 34 33,1 1 1 2 33 30,1 4 3 2 37 34,0 9 6 1 35,0 4 3 1 33,0 10 6 1 38,0 4 2 1 42,1 18 9 1 42,0 12 7 1 42,0 4 2 1 42,1 2 1 1 42,0 14 10 1 42,1 4 2 1 42,1 2 1 1 42,1 4 3 1 42,1 0 0 0
j400204_6.sm,18,18,1 0 0 7 2 3 4 5 6 7 9,1 3 3 6 15 14 13 12 11 10,0 13 8 4 14 11 10 8,1 4 2 3 13 12 8,1 6 4 5 22 21 15 12 10,1 4 4 5 17 16 15 12 11,1 11 6 3 14 11 10,0 3 3 7 24 22 21 18 17 16 15,1 5 3 3 22 15 10,1 10 10 5 24 23 19 17 16,1 17 9 7 31 26 25 24 22 21 18,0 4 3 6 31 26 25 24 19 18,0 8 7 4 31 25 21 19,0 9 6 5 31 29 26 21 20,1 5 3 4 31 26 25 19,0 3 2 4 29 26 25 20,0 11 6 4 31 29 25 20,0 2 1 3 29 28 23,0 6 3 2 29 20,0 3 2 4 33 30 28 27,1 8 5 2 33 23,0 5 4 3 33 28 27,0 1 1 2 30 27,0 19 10 2 30 27,0 6 5 2 33 27,0 8 6 1 27,1 2 1 4 41 35 34 32,0 13 9 4 41 35 34 32,1 13 10 4 41 35 34 33,1 5 5 5 41 39 38 36 34,0 2 1 3 39 34 33,0 9 6 3 40 38 37,0 11 7 3 40 38 37,1 6 6 1 37,0 8 7 1 39,0 2 2 1 37,0 17 9 1 42,0 2 1 1 42,1 16 10 1 42,1 14 10 1 42,0 9 7 1 42,1 0 0 0
j400204_7.sm,18,18,1 0 0 9 2 3 4 5 7 8 9 11 13,0 6 3 7 24 22 20 19 17 14 10,0 5 5 7 27 25 21 20 17 16 15,1 6 6 3 25 18 6,0 4 3 7 27 25 20 19 17 15 14,1 4 3 5 41 22 21 20 12,1 16 9 4 23 17 16 10,0 6 3 7 27 26 25 23 22 18 15,0 8 4 4 41 24 18 12,0 1 1 5 41 29 27 21 18,0 2 1 5 41 27 26 19 18,1 8 4 4 30 27 23 16,0 9 8 4 26 22 19 18,0 8 5 3 41 26 18,1 8 8 5 41 30 29 28 24,0 14 10 2 26 19,1 1 1 2 40 18,1 16 8 5 38 37 36 30 28,1 10 6 4 39 38 29 28,1 8 5 4 40 37 28 23,1 19 10 3 31 30 26,0 17 10 6 37 36 35 32 31 30,0 15 9 5 38 36 35 32 31,0 8 8 6 39 38 37 36 34 33,0 12 10 5 37 36 35 33 31,0 7 5 5 40 38 37 35 34,0 7 5 4 36 35 33 31,0 14 10 3 35 32 31,0 16 9 3 37 36 33,1 15 8 2 39 33,1 6 4 1 34,1 9 9 1 33,0 10 10 1 42,1 3 3 1 42,0 4 3 1 42,1 2 1 1 42,1 6 4 1 42,0 13 9 1 42,0 12 10 1 42,0 7 6 1 42,0 13 7 1 42,1 0 0 0
j400204_8.sm,18,18,1 0 0 11 2 3 4 5 7 8 10 11 13 14 19,1 3 3 6 41 29 22 20 16 6,0 1 1 7 41 28 24 21 18 17 16,1 8 7 10 41 40 32 31 29 28 24 23 21 15,1 13 9 3 41 24 9,1 13 7 2 21 9,1 2 2 4 28 17 16 15,0 10 5 8 41 40 39 31 29 28 27 17,1 10 9 5 32 31 28 25 12,0 6 4 4 41 27 20 16,0 8 4 7 41 40 32 31 30 27 23,0 15 9 3 40 23 15,1 10 10 9 41 40 39 37 36 35 32 31 30,0 2 1 2 20 15,1 15 9 5 39 38 35 27 26,0 11 6 5 40 34 32 31 23,1 5 5 3 38 32 20,0 13 9 5 40 36 35 31 26,1 4 2 4 36 31 30 24,0 16 9 4 37 36 35 26,0 15 8 3 35 30 25,0 6 5 3 34 32 31,0 13 8 4 39 36 35 33,0 13 7 4 39 38 37 33,0 15 9 3 39 37 34,0 3 3 2 33 30,0 5 5 2 37 36,1 14 7 2 35 33,0 4 4 2 35 33,1 8 8 1 34,0 2 1 1 38,0 4 2 1 33,0 16 10 1 42,0 7 6 1 42,1 4 3 1 42,1 5 4 1 42,0 4 3 1 42,0 10 10 1 42,0 13 10 1 42,1 7 7 1 42,1 8 7 1 42,1 0 0 0
j400204_9.sm,18,18,1 0 0 11 2 3 4 5 7 8 9 11 12 13 17,0 3 3 3 28 19 6,1 6 6 8 41 28 25 24 21 20 18 16,1 4 4 7 30 25 24 21 20 16 14,0 12 8 7 28 27 25 24 18 16 14,0 10 9 5 41 22 21 20 10,0 12 9 6 41 27 25 20 18 16,0 4 3 3 41 24 10,0 7 5 5 41 30 25 20 19,1 5 3 4 29 27 25 15,1 2 1 8 41 40 30 29 28 27 26 24,0 11 6 6 41 30 29 26 25 23,1 2 1 4 40 22 19 18,1 14 8 5 41 35 29 26 23,1 17 10 2 23 18,0 5 4 3 40 38 19,1 3 3 6 41 37 32 31 29 24,0 6 3 4 39 38 30 26,0 15 8 4 37 35 29 26,1 13 8 3 31 29 23,0 3 2 4 37 36 31 27,0 11 10 5 37 36 35 31 29,1 8 5 5 40 38 37 36 34,1 13 8 5 39 38 35 34 33,0 11 6 4 36 35 33 31,1 10 9 3 36 32 31,0 5 3 3 38 35 32,1 9 8 3 36 35 31,1 9 8 2 39 33,0 3 3 2 37 35,0 10 5 1 34,0 5 5 1 33,0 10 7 1 42,0 2 2 1 42,0 5 3 1 42,0 15 8 1 42,1 12 6 1 42,0 3 2 1 42,0 11 9 1 42,1 6 3 1 42,0 12 7 1 42,1 0 0 0
j400204_10.sm,18,18,1 0 0 11 2 3 4 5 6 12 13 14 15 19 28,1 8 7 3 25 23 8,0 5 4 2 21 7,0 14 8 5 41 40 33 20 10,0 3 3 4 27 23 16 9,1 14 7 4 35 27 24 11,0 3 3 3 38 27 9,0 9 6 3 38 18 11,0 1 1 2 35 11,0 2 2 7 39 36 35 31 27 24 22,1 9 5 5 40 37 36 33 17,0 2 1 8 39 36 35 34 33 31 30 22,0 2 2 5 34 33 31 27 22,1 11 9 5 33 31 29 25 23,1 6 4 4 32 29 27 20,1 6 3 7 36 35 34 33 31 30 26,1 6 3 4 34 31 30 22,0 14 7 5 37 32 31 30 29,0 1 1 4 33 31 29 27,1 6 3 4 39 38 37 31,1 8 8 3 39 32 26,0 12 6 2 32 26,0 5 3 2 35 32,0 14 7 2 38 34,1 1 1 1 27,1 5 3 1 29,0 9 5 1 30,0 9 7 1 33,1 1 1 1 42,0 7 5 1 42,1 11 10 1 42,0 2 1 1 42,0 3 2 1 42,0 10 9 1 42,0 1 1 1 42,0 8 4 1 42,1 14 9 1 42,1 9 5 1 42,1 7 4 1 42,0 5 3 1 42,0 10 6 1 42,1 0 0 0
j400304_1.sm,18,18,1 0 0 6 2 3 4 6 15 22,0 2 2 4 19 12 7 5,1 10 8 3 19 12 5,0 1 1 4 12 11 10 7,0 2 2 3 11 10 8,0 5 5 1 7,1 5 3 1 8,0 4 2 3 21 13 9,0 14 7 5 41 40 26 18 16,1 8 7 4 26 21 17 13,1 3 2 3 21 16 14,1 13 7 3 40 39 16,0 7 5 4 40 39 24 20,1 14 8 3 26 24 17,0 11 7 3 40 38 19,1 9 5 2 24 17,0 17 10 3 31 27 20,0 8 5 3 31 27 20,0 1 1 2 25 21,1 3 3 3 35 34 23,0 18 10 4 39 29 28 27,0 15 9 3 35 26 25,0 6 4 2 38 25,0 11 10 2 29 27,1 8 4 3 37 36 28,0 10 7 3 36 34 28,1 12 9 3 35 34 30,0 6 5 2 32 30,1 16 8 1 31,0 10 7 1 33,0 15 10 1 32,0 2 2 1 42,0 8 4 1 42,1 5 5 1 42,1 12 7 1 42,1 16 8 1 42,0 15 8 1 42,0 16 8 1 42,0 6 5 1 42,1 3 2 1 42,1 1 1 1 42,1 0 0 0
j400304_2.sm,18,18,1 0 0 6 2 3 4 6 7 8,0 2 1 3 14 9 5,0 2 1 2 9 5,0 13 8 2 14 5,0 1 1 3 12 11 10,0 3 2 3 14 13 9,0 13 9 2 14 9,1 6 3 3 17 13 11,0 16 8 2 17 11,1 14 9 2 15 13,0 1 1 2 16 15,0 5 4 4 28 20 18 17,1 11 6 3 25 19 16,0 15 8 2 18 15,0 3 3 4 28 25 20 19,0 10 6 4 28 21 20 18,1 2 2 3 25 23 19,0 8 7 3 31 24 22,1 10 7 2 24 21,1 8 5 3 30 23 22,1 13 8 2 30 22,0 8 7 2 27 26,1 3 2 2 27 26,1 14 8 3 38 30 26,0 12 7 2 31 27,0 13 10 5 41 35 34 33 32,1 14 8 3 38 35 29,0 14 7 3 41 38 32,0 2 2 3 41 37 34,0 3 3 2 41 32,1 17 10 3 38 37 36,0 5 3 2 37 36,1 10 5 2 37 36,1 8 7 2 39 36,1 4 4 1 36,1 20 10 1 40,0 7 5 1 39,0 3 3 1 39,0 8 5 1 42,0 4 3 1 42,1 12 9 1 42,1 0 0 0
j400304_3.sm,18,18,1 0 0 12 2 5 14 15 16 17 36 37 38 39 40 41,0 11 9 3 35 32 3,1 6 4 2 33 4,1 8 8 4 31 29 28 6,0 7 4 5 32 29 28 27 7,1 16 10 2 27 7,0 8 5 3 26 25 8,0 15 8 6 24 23 22 21 20 9,0 8 7 1 10,1 6 3 2 19 11,0 4 2 1 12,0 3 2 1 13,0 9 9 1 18,1 9 5 1 34,1 20 10 1 30,0 2 2 1 30,1 7 4 1 30,0 9 8 1 42,0 7 4 1 42,1 14 8 1 42,1 12 6 1 42,1 6 4 1 42,0 6 6 1 42,0 5 3 1 42,0 12 6 1 42,1 9 5 1 42,0 2 2 1 42,0 6 6 1 42,0 11 9 1 42,0 9 9 1 42,0 9 5 1 42,0 4 2 1 42,1 6 6 1 42,0 2 2 1 42,1 5 4 1 42,0 19 10 1 42,0 7 5 1 42,1 1 1 1 42,1 12 7 1 42,1 7 5 1 42,0 3 2 1 42,1 0 0 0
j400304_4.sm,18,18,1 0 0 5 2 6 8 9 17,0 6 6 3 16 13 3,1 6 3 7 41 39 26 18 15 11 4,0 9 8 4 29 22 20 5,1 6 3 2 38 7,1 5 4 8 40 37 34 29 28 25 21 12,0 2 1 4 28 25 21 10,0 20 10 7 33 32 29 22 19 18 14,1 2 2 6 37 25 23 22 21 15,0 6 4 3 37 34 12,0 12 8 3 28 25 12,0 4 2 6 36 35 33 32 31 19,1 1 1 4 40 39 29 21,0 13 7 3 28 25 23,0 11 10 3 32 30 20,1 2 1 3 36 31 23,0 11 6 3 38 29 25,0 15 8 2 34 23,1 18 9 1 23,1 19 10 3 35 34 33,1 8 6 2 32 27,0 7 4 2 31 27,1 1 1 1 24,0 7 6 1 27,0 3 2 1 27,1 13 8 1 29,0 18 10 1 30,0 1 1 1 31,0 4 4 1 31,1 8 6 1 42,0 9 6 1 42,0 2 2 1 42,1 14 7 1 42,1 13 7 1 42,0 18 9 1 42,1 7 6 1 42,0 16 9 1 42,0 4 3 1 42,1 14 10 1 42,0 10 8 1 42,0 15 9 1 42,1 0 0 0
j400304_5.sm,18,18,1 0 0 5 2 5 6 7 12,0 11 6 2 9 3,0 3 2 7 41 40 31 18 16 11 4,1 1 1 4 21 20 14 8,1 11 6 6 40 30 29 21 16 13,1 10 10 3 31 18 10,0 4 3 7 40 31 29 21 20 19 15,0 1 1 3 39 29 10,0 17 10 9 41 39 37 31 29 26 23 22 20,0 15 10 3 30 23 13,0 6 3 4 30 21 19 17,0 9 7 7 39 37 29 28 26 23 22,0 13 8 3 38 26 17,0 3 3 3 38 26 17,1 20 10 3 30 26 17,0 2 2 4 26 24 23 20,1 1 1 5 37 36 33 28 22,1 7 4 5 39 36 29 26 24,0 14 8 4 37 36 26 22,0 2 1 4 36 35 28 25,1 2 1 3 33 28 25,0 10 5 2 34 24,0 8 4 3 36 33 27,0 9 7 2 35 25,0 4 4 1 27,1 9 6 1 27,0 2 2 1 32,1 6 6 1 34,1 8 5 1 33,0 15 9 1 33,0 7 5 1 33,0 6 5 1 42,0 7 5 1 42,1 10 5 1 42,1 3 3 1 42,1 16 8 1 42,1 18 9 1 42,0 11 7 1 42,1 6 3 1 42,0 4 3 1 42,1 20 10 1 42,1 0 0 0
j400304_6.sm,18,18,1 0 0 6 2 3 4 6 16 24,0 7 7 4 20 12 7 5,0 2 2 4 20 12 8 5,0 20 10 4 12 11 10 7,0 5 3 3 11 10 9,0 12 7 1 7,1 9 9 1 8,0 4 2 3 21 13 9,0 2 2 5 41 40 26 18 15,1 14 7 4 26 21 17 13,0 4 3 2 15 14,1 3 2 4 40 39 23 17,0 20 10 4 40 39 23 19,0 6 3 3 26 23 17,1 7 7 2 23 17,0 2 2 4 40 36 28 20,1 5 3 3 31 27 19,1 9 9 2 27 19,0 7 7 2 34 22,1 2 2 1 21,0 10 6 4 39 30 29 27,1 15 8 3 38 36 25,1 2 2 2 29 27,0 12 7 2 35 26,1 4 4 2 37 28,1 6 6 2 34 28,0 1 1 3 35 34 33,1 10 6 2 32 30,1 12 6 1 31,1 11 9 1 33,0 4 4 1 32,1 16 10 1 42,0 5 4 1 42,0 4 4 1 42,0 3 3 1 42,0 9 7 1 42,0 4 3 1 42,0 5 4 1 42,0 12 6 1 42,0 12 8 1 42,1 7 7 1 42,1 0 0 0
j400304_7.sm,18,18,1 0 0 6 2 3 4 6 12 17,1 11 7 4 18 10 7 5,0 6 3 3 18 10 5,0 8 5 4 11 10 9 7,0 4 4 3 11 9 8,1 9 6 1 7,0 8 7 1 8,0 7 7 3 22 15 13,0 17 9 4 22 20 16 15,1 4 2 4 41 22 16 15,0 9 5 3 40 22 14,0 3 3 3 19 18 15,1 7 4 5 41 40 25 20 16,0 3 3 3 39 25 16,1 2 2 5 40 39 25 24 21,0 8 4 2 24 19,0 4 2 2 25 20,1 5 5 3 38 26 22,0 17 9 3 31 27 21,1 3 2 3 31 27 21,0 15 9 3 37 34 23,0 1 1 4 39 29 28 27,1 17 10 2 38 26,1 6 3 2 29 27,0 6 6 4 36 35 34 28,0 5 4 3 36 35 28,0 11 10 3 37 34 30,0 4 3 2 32 30,1 2 1 1 31,0 8 8 1 33,1 2 2 1 32,1 4 4 1 42,0 4 2 1 42,1 4 3 1 42,0 1 1 1 42,1 10 7 1 42,0 9 6 1 42,1 17 10 1 42,0 4 3 1 42,0 8 8 1 42,1 2 2 1 42,1 0 0 0
j400304_8.sm,18,18,1 0 0 5 2 5 6 7 15,0 7 7 2 9 3,0 16 8 8 41 40 31 18 17 14 11 4,1 5 4 3 22 20 8,0 13 7 6 40 30 29 22 17 13,0 9 8 3 31 18 10,1 4 3 8 40 31 29 22 20 19 16 12,0 11 6 3 39 29 10,0 2 1 9 41 39 37 31 29 26 23 21 20,0 10 7 4 30 26 23 13,1 3 3 4 30 22 19 16,0 2 1 6 37 36 30 28 26 21,1 6 6 2 38 16,1 5 3 7 38 37 36 33 28 26 24,0 13 7 6 39 36 29 28 26 24,1 10 5 5 37 36 33 28 21,0 2 1 3 26 23 20,0 13 7 5 39 36 29 26 24,1 11 6 4 37 36 26 21,0 17 9 4 36 35 28 25,0 9 5 2 34 24,0 2 1 3 34 33 25,1 5 4 3 36 33 27,1 8 5 2 35 25,0 3 2 1 27,0 7 4 1 27,0 10 6 1 32,0 1 1 1 34,0 4 3 1 33,1 2 2 1 33,0 19 10 1 33,0 4 3 1 42,1 12 6 1 42,0 5 3 1 42,1 10 5 1 42,0 15 8 1 42,1 16 9 1 42,0 9 6 1 42,1 8 5 1 42,1 12 8 1 42,1 4 4 1 42,1 0 0 0
j400304_9.sm,18,18,1 0 0 5 2 4 6 7 10,0 6 4 2 9 3,0 10 6 6 41 25 17 16 12 5,0 15 9 10 41 40 39 38 27 25 23 22 20 14,0 4 2 4 40 20 13 8,1 12 10 5 25 22 19 16 11,0 2 1 7 41 31 27 25 22 17 15,0 16 9 3 39 27 11,0 7 5 8 40 39 29 27 25 23 20 18,1 6 3 8 39 38 31 29 27 23 22 18,1 12 8 3 31 23 15,0 15 8 4 31 22 19 18,0 17 10 2 22 15,1 2 1 3 31 19 18,0 9 7 3 38 29 18,1 11 7 8 39 38 37 36 35 29 27 24,0 12 9 3 29 23 20,0 1 1 3 37 26 21,0 2 1 3 37 29 21,1 4 2 3 35 26 24,0 8 7 4 36 35 33 24,1 9 5 4 35 34 28 26,0 20 10 3 35 33 30,0 4 4 2 34 28,1 13 10 3 34 33 32,0 2 1 2 36 33,1 12 9 2 33 32,1 4 3 1 30,1 1 1 1 30,0 8 4 1 32,1 10 6 1 33,0 3 3 1 42,0 6 5 1 42,1 11 10 1 42,1 4 2 1 42,1 10 10 1 42,0 14 7 1 42,0 1 1 1 42,1 1 1 1 42,0 4 4 1 42,0 10 6 1 42,1 0 0 0
j400304_10.sm,18,18,1 0 0 5 2 5 6 10 17,0 6 4 2 11 3,1 16 9 8 41 40 39 23 16 14 9 4,0 7 4 4 29 22 20 7,0 6 3 7 39 38 28 26 23 19 12,1 11 7 7 39 36 29 22 20 18 15,1 4 2 2 38 8,0 10 5 4 28 26 19 12,0 14 7 5 28 26 20 18 13,1 5 5 4 37 24 20 16,0 6 4 6 40 39 29 26 22 19,1 11 7 2 37 13,1 7 4 7 36 35 34 33 32 31 21,1 10 10 7 36 34 33 32 31 26 24,1 6 4 5 34 32 28 26 21,0 9 6 3 26 22 19,1 18 10 3 38 29 26,0 4 3 2 32 21,1 11 6 3 34 31 27,0 11 9 2 31 25,0 13 10 1 24,0 7 5 3 35 33 32,0 11 10 2 33 29,1 16 8 1 25,0 14 7 1 27,0 11 9 1 27,0 5 3 1 30,0 14 7 1 31,0 18 9 1 31,1 1 1 1 42,0 12 6 1 42,0 12 7 1 42,0 5 3 1 42,1 16 8 1 42,1 9 6 1 42,0 12 7 1 42,1 7 6 1 42,0 1 1 1 42,0 4 3 1 42,1 2 1 1 42,0 4 3 1 42,1 0 0 0
j400404_1.sm,18,18,1 0 0 4 2 7 16 19,1 5 4 3 11 4 3,0 8 7 4 23 14 9 5,0 4 4 5 30 23 13 9 8,1 3 3 2 41 6,0 2 1 4 30 17 13 8,0 13 8 3 13 10 9,0 6 4 3 40 18 10,0 2 2 4 40 38 17 12,0 2 2 3 39 38 12,1 6 4 4 40 39 29 15,0 4 2 2 29 15,1 20 10 4 39 38 29 21,1 3 2 3 40 37 20,1 8 6 2 37 20,0 3 3 2 38 20,0 2 2 2 37 21,0 11 7 2 37 21,0 7 6 3 41 39 22,0 10 6 1 21,0 2 1 2 36 22,0 4 2 2 35 24,1 10 7 2 41 24,0 11 6 4 34 32 28 25,0 2 1 1 26,1 5 4 1 27,1 9 6 1 31,1 17 10 1 33,0 9 9 1 32,0 5 4 1 38,0 4 2 1 42,0 6 4 1 42,1 10 5 1 42,0 14 8 1 42,0 7 6 1 42,0 7 5 1 42,1 13 8 1 42,1 5 4 1 42,1 9 9 1 42,1 3 2 1 42,1 13 10 1 42,1 0 0 0
j400404_2.sm,18,18,1 0 0 3 2 5 23,1 4 4 1 3,0 5 4 2 28 4,1 13 9 4 40 39 10 6,0 10 5 8 41 38 37 34 33 29 10 8,0 8 6 2 38 7,0 9 7 3 37 18 8,1 5 3 4 36 35 32 9,0 12 7 4 31 16 14 11,0 6 4 4 32 31 19 15,1 8 6 1 12,0 5 3 1 13,1 20 10 2 19 15,0 15 8 2 19 15,1 18 10 2 25 17,0 4 3 4 27 26 20 19,0 8 6 4 30 27 26 20,0 6 6 4 34 33 32 31,0 4 2 2 25 21,0 10 10 1 21,0 15 10 1 22,0 3 3 1 24,1 1 1 1 29,1 12 9 1 42,0 2 2 1 42,0 4 2 1 42,1 11 6 1 42,1 1 1 1 42,0 7 5 1 42,1 5 3 1 42,0 4 3 1 42,0 5 5 1 42,0 2 1 1 42,1 10 9 1 42,0 11 10 1 42,0 4 4 1 42,1 18 9 1 42,1 7 4 1 42,0 1 1 1 42,1 7 7 1 42,1 2 1 1 42,1 0 0 0
j400404_3.sm,18,18,1 0 0 11 2 17 33 34 35 36 37 38 39 40 41,0 2 1 3 32 31 3,0 6 4 2 29 4,0 5 4 1 5,1 7 4 3 28 27 6,0 2 2 2 26 7,0 10 6 1 8,0 12 10 3 25 24 9,1 10 10 2 23 10,0 2 2 2 22 11,1 4 2 1 12,1 7 5 3 21 20 13,1 7 6 2 19 14,1 5 5 1 15,0 15 10 1 16,0 16 8 1 18,1 7 6 1 30,0 15 10 1 42,1 1 1 1 42,0 6 4 1 42,0 2 2 1 42,0 4 4 1 42,0 7 5 1 42,0 9 6 1 42,0 16 10 1 42,0 1 1 1 42,0 10 5 1 42,1 9 6 1 42,1 19 10 1 42,0 11 8 1 42,1 6 4 1 42,0 2 1 1 42,0 7 7 1 42,1 11 7 1 42,0 5 4 1 42,1 6 4 1 42,1 9 5 1 42,0 17 9 1 42,1 9 6 1 42,1 14 8 1 42,0 12 7 1 42,1 0 0 0
j400404_4.sm,18,18,1 0 0 3 2 4 12,0 5 3 1 3,0 11 7 2 15 5,0 1 1 2 41 6,0 13 9 2 13 7,1 8 4 2 15 7,1 9 7 2 10 8,0 5 3 3 24 17 9,0 6 6 3 29 14 11,0 13 9 4 40 25 17 14,1 10 10 7 40 39 32 25 22 20 19,0 13 7 6 41 40 32 25 24 19,1 12 7 6 40 29 28 22 19 18,0 1 1 3 39 19 16,1 16 9 3 32 25 17,0 4 2 3 28 22 18,0 4 2 2 39 18,1 2 2 1 21,0 12 7 1 21,0 7 7 1 21,1 17 9 1 23,0 4 3 1 23,1 2 1 2 27 26,0 9 5 2 29 26,0 4 3 2 38 28,1 12 10 3 38 34 30,0 6 4 3 35 34 31,0 15 8 2 34 30,0 5 5 1 30,1 15 10 1 31,1 12 6 2 36 33,0 9 8 1 35,0 5 3 1 37,1 5 4 1 36,1 13 9 1 36,1 10 6 1 42,0 3 2 1 42,0 1 1 1 42,1 8 4 1 42,0 8 8 1 42,1 13 10 1 42,1 0 0 0
j400404_5.sm,18,18,1 0 0 4 2 5 10 11,0 10 8 2 4 3,0 11 6 3 9 7 6,0 6 5 3 9 8 7,1 4 2 3 13 9 8,1 8 4 2 14 8,1 8 7 4 18 15 13 12,0 14 7 4 20 18 15 12,0 4 2 3 20 18 16,0 8 4 1 12,1 9 9 4 24 21 20 19,0 12 7 3 35 21 16,0 14 10 3 30 20 19,1 4 2 3 30 20 19,0 1 1 3 41 24 19,0 4 3 1 17,0 10 10 3 41 30 19,1 15 9 4 35 34 30 22,0 12 6 2 34 22,1 2 1 5 41 40 35 31 25,0 4 2 1 22,1 13 10 1 23,1 8 6 3 40 31 25,1 8 5 4 31 30 28 27,0 3 3 1 26,0 3 2 3 39 28 27,1 3 2 3 38 36 32,0 3 2 1 29,0 3 2 2 36 33,1 5 3 2 38 32,0 8 7 2 37 36,0 8 7 1 37,0 9 9 1 38,1 8 6 1 36,1 2 1 1 37,0 14 9 1 42,1 3 3 1 42,1 7 7 1 42,0 8 4 1 42,0 5 3 1 42,0 7 5 1 42,1 0 0 0
j400404_6.sm,18,18,1 0 0 4 2 7 13 15,0 4 3 3 11 4 3,1 12 9 4 22 16 9 5,1 6 6 3 22 9 6,0 2 1 2 41 6,0 13 7 4 30 19 14 8,1 8 7 3 14 10 9,0 10 5 3 40 18 10,1 11 7 4 40 38 19 12,1 9 7 3 39 38 12,0 9 9 4 40 39 29 17,0 11 6 2 29 17,0 17 10 2 38 17,1 7 7 4 39 38 29 21,0 3 2 4 41 39 37 21,0 2 1 3 40 37 20,0 1 1 2 37 20,1 4 4 2 37 20,0 16 8 2 37 21,1 11 10 1 21,0 6 3 2 36 23,0 19 10 3 41 37 24,0 12 9 2 35 24,1 9 7 3 34 28 25,0 15 9 2 32 26,0 13 9 1 27,1 11 7 1 31,0 17 10 1 33,0 8 7 1 32,0 1 1 1 38,1 3 2 1 42,1 1 1 1 42,1 17 10 1 42,1 8 8 1 42,0 14 7 1 42,0 10 8 1 42,1 14 10 1 42,0 7 7 1 42,0 8 4 1 42,0 14 9 1 42,1 14 7 1 42,1 0 0 0
j400404_7.sm,18,18,1 0 0 22 2 21 22 23 24 25 26 27 28 29 30 31 32 33 34 35 36 37 38 39 40 41,1 11 9 1 3,1 2 2 2 20 4,0 12 8 3 19 18 5,1 1 1 1 6,1 5 5 1 7,0 2 2 1 8,0 6 4 1 9,1 1 1 1 10,1 10 8 1 11,0 8 4 1 12,0 4 2 1 13,0 4 4 1 14,0 17 9 1 15,1 14 10 1 16,0 5 4 1 17,0 12 9 1 42,0 7 7 1 42,0 4 3 1 42,1 14 8 1 42,1 13 9 1 42,0 1 1 1 42,1 7 5 1 42,0 7 5 1 42,0 6 4 1 42,1 10 10 1 42,0 2 1 1 42,0 4 2 1 42,1 8 8 1 42,1 14 8 1 42,1 1 1 1 42,1 3 2 1 42,0 1 1 1 42,0 18 10 1 42,0 13 10 1 42,0 2 2 1 42,0 6 5 1 42,0 3 2 1 42,0 3 3 1 42,1 12 10 1 42,0 14 9 1 42,1 0 0 0
j400404_8.sm,18,18,1 0 0 5 2 11 18 33 41,0 5 5 3 23 6 3,0 9 5 2 25 4,0 2 1 4 36 34 17 5,1 1 1 3 35 21 7,1 6 5 5 39 36 22 17 9,0 8 8 2 39 8,1 10 9 3 40 38 10,0 14 10 1 10,0 4 3 1 12,1 9 5 1 12,1 5 4 2 37 13,0 12 7 1 14,0 2 1 2 31 15,0 5 4 2 32 16,1 8 6 5 30 29 28 27 19,1 2 2 4 38 28 27 19,0 5 3 3 35 31 20,1 20 10 1 20,0 3 3 1 24,0 6 5 1 24,1 2 1 1 24,0 4 4 1 24,0 6 6 1 26,1 11 8 1 36,1 9 6 1 42,0 20 10 1 42,1 18 9 1 42,1 8 5 1 42,0 7 6 1 42,0 14 8 1 42,0 13 9 1 42,1 5 3 1 42,1 8 4 1 42,0 12 8 1 42,0 6 5 1 42,0 13 7 1 42,0 6 5 1 42,0 1 1 1 42,1 7 7 1 42,0 1 1 1 42,1 0 0 0
j400404_9.sm,18,18,1 0 0 4 2 5 9 12,1 6 4 2 4 3,1 11 10 3 11 7 6,0 7 4 3 11 8 7,1 5 4 3 13 11 8,0 12 8 2 14 8,0 9 5 4 18 15 13 10,1 5 3 4 19 18 15 10,0 15 8 1 10,0 3 2 4 32 24 21 16,0 3 2 3 19 18 16,1 12 6 4 24 21 20 19,1 4 2 3 27 20 19,0 13 10 3 27 20 19,0 5 4 3 36 24 20,1 3 2 1 17,0 10 10 3 36 27 20,1 14 10 4 35 32 27 22,1 10 8 4 36 35 32 23,0 7 5 2 35 22,0 12 6 1 22,1 12 9 1 23,0 17 10 3 41 31 25,0 8 4 4 40 31 29 27,1 16 8 1 26,0 12 9 3 40 29 28,1 14 8 1 28,0 7 5 3 38 37 33,1 11 6 1 30,1 9 6 2 37 34,0 8 7 2 39 37,0 4 4 1 33,0 9 7 1 39,0 4 3 1 38,0 10 6 1 37,0 4 3 1 40,0 8 5 1 42,0 4 2 1 42,0 8 8 1 42,1 9 5 1 42,1 6 5 1 42,1 0 0 0
j400404_10.sm,18,18,1 0 0 4 2 7 13 15,0 8 5 3 11 4 3,0 6 6 4 22 16 9 5,1 6 5 3 22 9 6,0 2 1 2 41 6,1 15 9 4 30 20 14 8,0 13 7 3 14 10 9,0 10 8 3 40 18 10,0 5 4 4 40 38 20 12,1 4 4 3 39 38 12,0 1 1 4 40 39 29 17,1 5 4 2 29 17,1 7 4 2 38 17,0 5 4 4 39 38 29 21,1 12 7 4 41 39 37 21,0 2 1 2 40 19,0 4 4 1 19,1 12 10 1 19,0 8 6 2 37 21,1 7 4 2 37 21,0 2 1 2 36 23,1 6 5 3 41 37 24,0 13 7 2 35 24,1 5 5 3 34 28 25,0 9 9 2 32 26,1 9 8 1 27,0 6 5 1 31,0 10 6 1 33,0 4 4 1 32,0 12 10 1 38,0 11 8 1 42,1 16 8 1 42,0 7 7 1 42,0 5 4 1 42,0 8 6 1 42,1 2 1 1 42,1 19 10 1 42,1 2 1 1 42,0 7 4 1 42,1 15 9 1 42,0 12 9 1 42,1 0 0 0
j400504_1.sm,18,18,1 0 0 4 2 39 40 41,0 9 5 1 3,1 1 1 3 38 37 4,0 13 10 3 36 35 5,0 8 4 4 34 33 32 6,0 5 5 1 7,0 6 5 1 8,0 12 7 5 31 30 29 28 9,0 1 1 2 27 10,1 18 10 2 26 11,0 2 2 2 25 12,0 9 8 2 24 13,0 10 7 1 14,1 14 7 2 23 15,1 2 1 1 16,0 9 6 2 22 17,1 11 10 1 18,0 16 10 1 19,0 15 9 1 20,1 10 5 1 21,1 8 5 1 42,0 9 6 1 42,1 4 4 1 42,0 5 5 1 42,0 4 2 1 42,0 10 6 1 42,0 9 5 1 42,0 11 8 1 42,1 4 3 1 42,1 14 9 1 42,1 15 8 1 42,0 2 1 1 42,0 4 4 1 42,0 12 7 1 42,1 12 8 1 42,1 3 2 1 42,1 15 8 1 42,1 4 3 1 42,0 11 7 1 42,1 9 8 1 42,0 18 9 1 42,1 0 0 0
j400504_2.sm,18,18,1 0 0 2 2 10,0 2 2 2 41 3,1 3 2 2 7 4,0 6 6 4 26 15 11 5,0 3 3 1 6,0 17 10 2 12 8,1 12 10 3 26 13 12,0 2 2 2 33 9,0 6 6 3 34 28 13,0 3 3 1 11,0 8 7 2 19 12,1 15 9 3 35 34 14,1 6 4 3 35 19 14,0 6 5 2 36 16,1 6 3 2 28 16,0 10 6 2 40 17,1 4 2 3 39 38 18,0 18 9 2 37 20,1 13 9 3 36 32 21,0 6 4 2 32 21,1 17 9 2 31 22,0 2 1 1 23,0 4 3 1 24,0 12 6 2 29 25,1 5 3 1 27,0 17 10 1 28,1 16 8 1 30,1 1 1 1 29,0 4 4 1 42,0 3 3 1 42,1 11 8 1 42,1 6 5 1 42,0 8 4 1 42,1 9 9 1 42,0 12 6 1 42,1 11 6 1 42,0 11 8 1 42,0 13 8 1 42,1 14 10 1 42,0 5 5 1 42,0 7 7 1 42,1 0 0 0
j400504_3.sm,18,18,1 0 0 2 2 3,0 10 10 1 4,1 1 1 1 4,0 16 10 2 6 5,1 4 2 4 17 10 9 8,1 11 6 3 10 9 7,1 9 6 1 8,0 12 6 3 13 12 11,0 16 8 2 13 11,1 2 2 2 14 13,0 13 10 2 18 14,1 19 10 2 18 14,0 3 2 2 18 15,0 6 5 1 15,1 10 6 1 16,0 4 2 2 20 19,1 11 10 1 18,0 2 2 2 23 20,1 9 5 3 24 23 22,0 6 6 2 22 21,0 12 6 3 28 26 24,1 9 9 3 28 27 25,1 11 9 2 26 25,0 3 2 1 25,1 4 3 2 31 29,0 4 4 1 27,0 10 6 2 33 30,0 11 9 2 32 31,0 7 7 1 30,1 14 9 2 34 32,0 19 10 2 35 33,0 6 6 2 36 35,0 18 10 2 36 34,1 12 10 2 39 37,0 5 4 2 39 37,1 20 10 3 41 39 38,0 12 6 2 41 38,1 15 9 1 40,0 12 8 1 40,0 8 7 1 42,0 8 5 1 42,1 0 0 0
j400504_4.sm,18,18,1 0 0 2 2 7,1 4 4 2 41 3,1 10 9 1 4,1 12 8 2 16 5,0 13 7 3 13 12 6,1 10 5 3 40 15 8,1 9 6 3 40 26 9,0 8 7 2 26 9,0 8 7 4 23 18 17 10,1 7 4 1 11,0 9 6 2 19 14,1 17 9 3 27 22 17,0 16 10 2 20 19,0 4 4 2 27 20,0 2 1 2 27 19,0 7 6 2 23 19,0 10 9 1 19,0 12 9 1 19,0 7 5 1 21,0 4 2 1 22,0 6 3 1 24,1 6 3 1 24,1 10 9 1 24,0 3 3 1 25,1 4 4 3 39 32 28,0 9 9 1 28,0 5 5 2 32 30,0 4 4 1 29,1 8 6 2 34 30,0 1 1 1 31,1 9 6 3 38 37 33,1 15 9 2 35 34,0 13 10 1 35,0 1 1 1 36,0 6 3 1 42,1 1 1 1 42,0 1 1 1 42,1 2 1 1 42,1 20 10 1 42,0 6 6 1 42,0 4 3 1 42,1 0 0 0
j400504_5.sm,18,18,1 0 0 2 2 10,0 10 9 2 41 3,0 7 6 2 7 4,1 7 7 4 26 14 11 5,1 1 1 1 6,0 9 6 2 12 8,1 2 2 3 26 13 12,1 17 9 2 29 9,0 5 5 3 39 28 13,0 8 6 1 11,0 16 10 2 18 12,0 6 5 3 40 39 15,0 11 9 3 40 18 15,0 6 4 3 39 28 16,0 10 9 2 38 16,0 5 4 2 37 17,0 9 5 3 36 35 19,1 2 2 5 38 35 34 33 21,0 18 9 2 34 20,0 7 5 2 33 21,1 1 1 1 22,1 13 7 2 32 23,1 10 7 1 24,0 8 4 2 30 25,0 11 7 1 27,1 4 2 1 28,0 2 1 1 31,1 13 7 1 30,0 8 5 1 30,0 9 5 1 42,1 2 1 1 42,1 10 6 1 42,1 19 10 1 42,1 7 5 1 42,0 8 5 1 42,0 6 3 1 42,1 3 3 1 42,0 12 9 1 42,0 10 6 1 42,1 10 10 1 42,0 12 9 1 42,1 0 0 0
j400504_6.sm,18,18,1 0 0 2 2 6,0 17 9 1 3,1 11 8 2 5 4,1 3 2 4 23 12 10 8,1 4 3 3 12 10 7,1 1 1 2 10 8,0 8 5 1 8,0 6 5 3 15 14 9,0 3 2 2 24 11,1 14 7 2 24 14,0 3 3 1 13,0 7 4 1 13,1 6 4 3 26 22 16,1 10 5 3 26 22 16,0 15 8 4 26 22 19 17,0 6 5 2 19 17,0 4 3 2 27 18,0 5 4 3 41 29 20,1 4 4 2 29 20,0 20 10 2 32 21,1 7 5 3 34 33 25,0 14 10 3 41 33 25,0 11 8 2 40 26,0 9 8 1 26,1 11 6 2 40 28,0 11 10 2 31 29,0 18 9 2 33 30,0 14 7 1 30,1 12 6 3 39 34 33,0 12 10 2 38 31,1 14 8 2 39 35,0 3 2 3 39 38 37,0 3 2 2 38 36,1 6 6 2 38 36,1 14 10 1 36,0 10 6 1 37,0 16 8 1 42,1 8 8 1 42,0 1 1 1 42,1 12 6 1 42,0 3 2 1 42,1 0 0 0
j400504_7.sm,18,18,1 0 0 3 2 40 41,0 3 2 2 39 3,1 12 9 1 4,0 9 9 2 38 5,0 5 3 3 37 14 6,0 12 7 3 36 18 7,1 4 4 3 35 21 8,0 6 3 2 25 9,0 8 5 2 16 10,1 2 2 2 23 11,0 4 4 2 34 12,0 11 9 1 13,1 18 10 2 33 15,0 14 7 3 35 31 16,1 10 7 2 32 17,1 12 7 3 33 32 20,1 13 7 1 19,0 14 7 1 19,0 4 3 2 31 20,0 5 4 2 29 22,1 4 3 4 31 29 28 26,0 15 9 2 30 24,0 9 9 3 30 29 26,0 6 5 2 28 26,1 10 8 2 32 26,0 15 10 1 27,1 8 8 1 42,1 3 2 1 42,1 18 10 1 42,1 6 6 1 42,0 3 3 1 42,0 14 7 1 42,1 2 2 1 42,0 2 2 1 42,0 4 3 1 42,0 6 3 1 42,0 16 8 1 42,1 10 8 1 42,0 3 3 1 42,0 5 3 1 42,1 11 8 1 42,1 0 0 0
j400504_8.sm,18,18,1 0 0 15 2 28 29 30 31 32 33 34 35 36 37 38 39 40 41,0 19 10 1 3,1 13 9 1 4,0 15 9 2 27 5,1 2 2 2 26 6,0 12 8 3 25 24 7,0 4 2 2 23 8,0 6 5 1 9,0 5 4 1 10,0 7 4 2 22 11,1 9 6 1 12,1 3 2 1 13,1 3 3 1 14,1 2 2 1 15,0 6 6 1 16,0 9 5 1 17,0 7 5 1 18,0 13 10 1 19,0 7 4 1 20,0 13 9 1 21,1 7 7 1 42,0 9 7 1 42,0 13 8 1 42,1 9 7 1 42,0 9 6 1 42,1 19 10 1 42,0 4 4 1 42,0 3 2 1 42,0 5 4 1 42,1 9 7 1 42,0 13 7 1 42,1 4 2 1 42,1 9 7 1 42,0 11 9 1 42,1 4 4 1 42,1 13 10 1 42,1 6 5 1 42,1 6 6 1 42,0 4 4 1 42,0 13 10 1 42,0 4 3 1 42,1 0 0 0
j400504_9.sm,18,18,1 0 0 2 2 3,0 6 3 1 4,1 12 9 1 4,0 13 9 2 6 5,0 9 7 4 14 10 9 7,0 6 4 4 14 10 9 8,0 14 7 1 8,0 12 10 3 13 12 11,1 12 6 2 12 11,0 11 6 2 12 11,0 16 8 2 18 15,1 4 2 2 18 15,1 10 5 2 18 15,1 12 10 2 18 17,0 7 7 1 16,0 5 5 1 17,1 9 6 2 20 19,1 14 9 1 19,1 9 6 3 23 22 21,1 5 3 3 24 23 22,1 15 8 3 28 26 24,0 4 2 3 28 27 25,0 12 6 2 26 25,1 12 6 1 25,0 1 1 2 31 29,0 2 1 1 27,0 8 7 2 32 30,0 9 6 2 33 31,0 16 9 1 30,0 8 5 2 35 33,0 2 2 1 32,1 12 9 3 36 35 34,0 6 4 2 36 34,0 6 5 2 39 37,1 12 6 2 39 37,1 3 3 3 41 39 38,1 6 3 2 41 38,0 8 5 1 40,0 10 9 1 40,1 7 5 1 42,0 8 4 1 42,1 0 0 0
j400504_10.sm,18,18,1 0 0 2 2 5,1 11 6 1 3,0 15 9 2 6 4,0 7 5 4 18 14 11 7,1 16 8 3 18 11 8,0 4 2 4 27 18 13 9,0 3 3 1 8,0 8 5 2 13 9,1 1 1 2 23 10,1 5 3 1 12,1 20 10 1 13,1 16 9 3 26 22 15,0 9 5 3 26 22 15,0 5 4 5 32 26 22 19 16,1 5 3 3 32 19 16,0 14 8 1 17,0 19 10 4 41 36 29 20,0 8 5 5 40 36 32 26 24,1 5 4 2 29 20,0 9 7 2 40 21,1 2 2 2 34 24,0 5 5 2 41 25,0 2 2 2 33 26,1 4 4 1 25,1 6 6 1 28,0 6 5 3 39 34 31,1 6 3 3 39 34 31,0 13 7 2 38 30,0 9 5 2 34 31,1 8 5 2 39 33,1 18 9 2 38 35,0 9 9 1 33,1 4 2 1 35,0 12 7 1 35,0 20 10 1 37,0 8 7 1 38,0 11 8 1 42,1 2 1 1 42,0 7 7 1 42,0 9 7 1 42,0 8 8 1 42,1 0 0 0
j400604_1.sm,18,18,1 0 0 2 2 9,0 12 10 1 3,1 2 1 3 15 14 4,1 13 10 1 5,1 4 3 3 12 8 6,1 6 6 1 7,0 15 8 2 19 10,1 7 5 2 19 10,0 2 2 2 19 11,0 3 2 1 11,0 10 9 1 13,1 3 2 1 13,1 12 10 1 16,0 11 9 1 16,0 8 7 1 16,1 8 5 2 21 17,0 8 5 2 23 18,1 6 4 3 29 25 20,1 1 1 2 25 22,0 16 8 2 27 22,1 3 2 2 27 22,1 15 10 1 24,0 15 10 1 24,0 8 4 1 26,0 1 1 1 27,0 1 1 1 28,0 10 7 1 28,0 18 9 2 41 30,1 1 1 2 41 30,1 14 9 2 36 31,0 4 3 2 39 32,0 5 3 2 40 33,0 9 6 2 38 34,0 17 9 1 35,1 17 9 1 37,0 14 8 1 39,0 10 5 1 42,0 11 8 1 42,1 6 6 1 42,0 8 4 1 42,0 8 4 1 42,1 0 0 0
j400604_2.sm,18,18,1 0 0 9 2 34 35 36 37 38 39 40 41,0 1 1 1 3,1 4 3 1 4,0 1 1 2 33 5,0 3 2 2 32 6,0 16 9 1 7,1 3 3 1 8,1 12 7 2 31 9,0 9 5 2 30 10,1 3 2 2 29 11,0 7 4 2 28 12,0 17 10 1 13,1 8 6 1 14,0 13 8 2 27 15,1 8 4 2 26 16,0 5 5 1 17,0 10 6 1 18,0 10 7 1 19,0 6 3 1 20,0 10 5 1 21,0 12 9 1 22,1 6 5 1 23,0 8 8 1 24,0 12 10 1 25,1 4 3 1 42,1 16 9 1 42,0 12 7 1 42,1 10 5 1 42,0 16 9 1 42,0 1 1 1 42,0 11 6 1 42,0 7 5 1 42,0 6 3 1 42,1 12 6 1 42,1 13 7 1 42,1 5 4 1 42,1 17 9 1 42,0 6 3 1 42,0 5 4 1 42,1 6 4 1 42,1 2 1 1 42,1 0 0 0
j400604_3.sm,18,18,1 0 0 1 2,0 12 9 1 3,1 3 2 1 4,0 14 9 4 16 9 7 5,0 6 5 2 32 6,0 2 1 2 10 8,1 12 6 3 41 32 12,0 9 6 2 41 11,0 3 2 2 12 10,1 7 5 3 41 25 13,0 7 5 1 12,0 9 7 2 25 13,0 5 3 1 14,1 9 5 2 24 15,1 14 7 3 31 29 17,0 2 1 4 31 29 21 18,0 12 8 2 21 18,1 5 5 2 28 19,1 4 2 1 20,1 4 3 3 40 34 22,1 3 3 1 22,0 13 8 2 39 23,1 13 8 1 26,0 10 10 1 26,1 9 9 1 26,0 15 8 1 27,1 10 6 1 30,0 4 4 1 30,0 14 8 1 30,0 7 7 2 38 33,0 6 5 2 38 33,0 16 9 2 38 35,0 17 9 1 35,0 7 7 1 35,0 8 5 1 36,0 8 8 1 37,1 11 7 1 42,1 18 9 1 42,1 12 6 1 42,1 2 1 1 42,0 6 6 1 42,1 0 0 0
j400604_4.sm,18,18,1 0 0 1 2,1 17 10 1 3,0 16 9 1 4,0 10 6 4 21 15 12 5,1 15 8 2 41 6,1 8 4 3 40 11 7,0 4 4 1 8,0 1 1 1 9,0 12 10 2 26 10,1 6 6 2 28 13,0 3 3 2 28 13,0 13 7 2 28 13,0 11 10 1 14,0 9 7 3 39 32 16,1 11 6 2 39 16,1 6 4 2 20 17,0 14 7 2 34 18,0 6 4 1 19,0 7 6 3 38 31 22,0 18 10 1 22,0 2 2 1 22,1 1 1 2 37 23,1 15 9 1 24,1 2 2 1 25,1 9 5 1 27,1 8 4 1 27,0 1 1 2 36 29,1 12 9 1 29,0 15 9 1 30,1 3 3 1 33,0 3 3 1 33,1 11 10 1 33,0 14 8 1 35,0 6 5 1 36,0 5 5 1 42,1 5 3 1 42,0 15 10 1 42,1 9 7 1 42,0 5 5 1 42,0 2 2 1 42,0 16 8 1 42,1 0 0 0
j400604_5.sm,18,18,1 0 0 1 2,0 9 9 2 5 3,1 17 9 2 6 4,0 11 7 1 7,0 15 10 1 6,0 7 6 2 9 8,1 9 7 2 9 8,0 1 1 3 13 11 10,0 5 5 1 10,0 11 6 1 12,0 12 8 1 12,1 13 10 2 16 14,0 3 2 1 14,1 6 4 1 15,0 3 2 1 17,0 11 8 1 17,1 5 5 1 18,0 7 4 1 19,1 4 3 3 22 21 20,1 20 10 3 25 24 23,0 14 10 3 25 24 23,0 5 3 2 24 23,0 10 9 2 28 26,0 9 5 2 28 27,0 19 10 2 28 27,0 15 10 1 27,0 7 6 1 29,0 7 7 1 29,1 12 9 1 30,1 7 7 1 31,0 14 9 3 38 33 32,1 12 9 3 36 35 34,1 17 9 2 36 35,0 6 5 1 37,1 2 2 2 40 39,0 4 3 2 40 39,1 3 2 2 40 39,1 6 3 2 40 39,1 6 4 1 41,0 1 1 1 41,1 10 6 1 42,1 0 0 0
j400604_6.sm,18,18,1 0 0 1 2,0 7 6 1 3,1 12 8 1 4,0 12 6 4 17 8 7 5,0 9 7 2 41 6,1 10 6 2 11 9,1 2 2 3 41 40 12,0 6 5 2 40 12,0 10 9 1 10,1 10 6 1 12,0 16 10 3 40 25 14,0 5 3 2 25 13,1 20 10 1 14,0 3 3 2 24 15,0 11 10 3 39 33 16,1 1 1 2 21 18,0 11 6 2 39 18,0 6 4 2 29 19,1 11 10 1 20,0 6 6 3 38 31 22,1 8 8 1 22,0 11 6 2 37 23,0 10 6 1 26,0 3 3 1 26,1 8 7 1 26,1 2 2 1 27,1 8 7 1 28,0 20 10 2 36 30,1 15 8 2 36 32,0 6 4 1 32,0 15 9 1 32,1 10 7 1 34,1 1 1 1 34,0 5 3 1 35,1 9 7 1 42,1 6 6 1 42,0 1 1 1 42,0 10 6 1 42,0 12 7 1 42,0 18 9 1 42,0 5 5 1 42,1 0 0 0
j400604_7.sm,18,18,1 0 0 2 2 15,1 5 3 1 3,0 13 9 3 16 13 4,1 8 8 1 5,0 2 1 3 11 8 6,0 16 8 1 7,0 4 2 2 19 9,0 12 9 2 19 9,0 8 6 1 10,1 15 8 1 12,0 11 6 1 12,0 4 3 1 14,1 10 6 1 14,0 10 10 4 26 24 21 17,0 19 10 4 26 24 21 17,0 16 8 4 28 26 21 20,1 8 4 1 18,0 10 9 3 31 28 20,0 13 10 2 28 22,1 14 7 1 22,1 16 10 1 22,1 7 6 1 23,0 3 2 1 25,0 6 3 2 41 28,1 7 7 1 27,1 1 1 1 27,0 3 2 2 41 29,0 4 4 1 29,1 5 5 2 39 30,0 11 10 2 40 32,1 13 7 3 39 38 33,0 16 8 2 38 33,1 8 8 2 37 34,1 2 2 1 35,0 7 5 1 36,1 10 6 1 42,0 12 6 1 42,0 9 7 1 42,0 18 9 1 42,0 6 4 1 42,1 20 10 1 42,1 0 0 0
j400604_8.sm,18,18,1 0 0 2 2 7,0 6 6 1 3,1 2 2 3 12 6 4,1 1 1 1 5,1 14 9 3 14 10 8,0 9 5 1 8,0 1 1 1 8,0 9 7 1 9,0 11 6 1 11,1 8 8 1 11,1 6 6 2 18 13,0 2 1 2 18 13,0 6 5 1 15,1 5 3 1 15,0 15 9 1 16,0 15 9 1 17,0 6 3 2 20 19,1 2 1 1 19,0 8 7 3 26 22 21,0 4 2 3 26 25 23,0 2 2 2 25 23,1 16 9 1 23,1 8 4 1 24,1 7 6 1 27,0 5 4 1 28,0 4 2 1 28,0 5 5 1 29,1 9 6 1 29,0 16 8 2 41 30,1 2 1 1 31,1 11 10 2 34 32,0 10 7 3 40 39 33,0 7 4 1 35,0 14 7 3 39 38 37,1 20 10 2 38 36,0 9 7 1 37,0 8 7 1 42,1 20 10 1 42,0 7 6 1 42,0 12 10 1 42,1 7 4 1 42,1 0 0 0
j400604_9.sm,18,18,1 0 0 1 2,0 6 4 1 3,1 9 5 1 4,0 17 9 2 6 5,1 12 9 2 11 7,0 2 2 2 11 8,0 7 6 2 10 9,0 12 6 2 10 9,1 11 6 2 13 12,0 4 2 2 13 12,0 12 6 2 13 12,0 10 8 1 14,0 12 9 1 14,1 7 4 2 20 15,0 4 3 1 16,0 10 7 1 17,1 6 3 2 19 18,1 1 1 3 23 22 21,1 10 10 2 23 21,0 10 9 2 23 21,1 13 10 3 27 25 24,0 13 10 3 27 25 24,0 2 2 3 27 26 24,0 1 1 2 29 28,1 4 2 1 26,0 13 10 1 28,1 6 4 1 28,0 12 6 2 31 30,1 5 3 2 31 30,0 2 2 2 33 32,1 6 3 2 33 32,1 6 3 1 34,0 9 5 1 34,1 9 8 2 36 35,0 9 6 1 37,1 9 7 1 37,0 6 3 2 40 38,0 4 3 1 39,0 5 3 1 41,1 8 7 1 41,0 9 6 1 42,1 0 0 0
j400604_10.sm,18,18,1 0 0 1 2,1 3 2 1 3,0 8 4 2 41 4,0 10 7 3 17 12 5,0 16 9 2 40 6,1 10 10 3 39 11 7,1 7 4 1 8,0 8 7 2 31 9,0 11 8 1 10,1 1 1 2 38 13,0 10 8 1 13,0 4 3 1 13,1 15 10 2 37 14,0 10 6 2 28 15,0 5 4 2 21 16,0 10 8 2 30 18,0 7 6 2 30 18,0 16 9 1 19,1 12 9 3 36 35 20,1 9 5 2 34 22,1 15 9 2 34 22,1 16 9 1 23,1 8 7 1 24,0 6 5 1 25,0 5 3 2 33 26,0 13 10 1 27,0 11 7 1 29,1 1 1 1 29,0 3 2 1 32,0 11 8 1 33,1 14 10 1 32,0 11 6 1 42,1 3 3 1 42,0 16 9 1 42,1 6 5 1 42,1 3 3 1 42,1 2 2 1 42,0 13 10 1 42,0 8 4 1 42,0 10 9 1 42,0 12 9 1 42,1 0 0 0
j400704_1.sm,18,18,1 0 0 7 2 36 37 38 39 40 41,0 14 9 2 35 3,0 10 9 4 34 33 32 4,0 15 9 1 5,0 2 2 1 6,0 20 10 1 7,0 2 2 1 8,0 9 7 1 9,0 11 9 1 10,1 18 9 2 31 11,1 15 10 2 30 12,0 10 5 1 13,1 1 1 1 14,0 6 4 1 15,0 13 7 1 16,0 4 4 1 17,1 12 9 1 18,1 12 8 1 19,0 17 9 1 20,0 2 1 1 21,0 17 9 1 22,1 1 1 1 23,0 2 1 1 24,1 2 1 1 25,1 1 1 1 26,0 15 10 1 27,1 8 6 1 28,1 8 5 1 29,1 8 7 1 42,1 10 6 1 42,0 9 8 1 42,0 7 6 1 42,0 10 9 1 42,1 3 2 1 42,0 11 9 1 42,0 8 4 1 42,1 4 2 1 42,0 10 8 1 42,1 2 1 1 42,1 12 7 1 42,0 13 8 1 42,1 0 0 0
j400704_2.sm,18,18,1 0 0 2 2 7,0 2 1 1 3,0 5 3 1 4,0 9 7 1 5,0 6 3 2 15 6,1 3 2 1 8,1 2 1 1 8,0 2 1 1 9,0 8 8 1 10,0 2 1 2 17 11,0 12 6 1 12,1 4 3 2 33 13,0 5 3 2 41 14,0 9 6 1 16,1 12 10 3 41 40 19,0 5 5 1 18,1 6 5 3 41 33 20,1 2 2 2 40 19,1 2 1 1 20,1 8 5 2 39 21,0 9 5 1 22,1 4 2 2 38 23,1 4 2 4 37 36 29 24,1 20 10 1 25,0 15 8 1 26,0 4 3 1 27,1 12 6 1 28,0 9 6 2 35 30,0 7 4 2 35 32,0 3 3 1 31,0 8 6 1 32,0 12 9 1 34,1 5 3 1 36,1 4 3 1 42,0 2 1 1 42,1 8 5 1 42,0 11 7 1 42,0 7 4 1 42,1 2 2 1 42,0 2 1 1 42,0 3 2 1 42,1 0 0 0
j400704_3.sm,18,18,1 0 0 2 2 7,0 2 1 1 3,0 3 2 1 4,1 12 6 1 5,1 4 2 1 6,0 3 3 1 8,1 3 3 1 8,1 2 1 1 9,1 16 9 2 15 10,1 4 2 2 14 11,0 3 2 1 12,1 8 7 1 13,0 13 10 2 19 16,1 11 10 2 19 16,1 1 1 2 19 16,0 15 8 2 37 17,1 10 7 1 18,0 20 10 2 33 20,1 13 7 2 37 22,0 8 6 1 21,1 2 2 1 22,0 17 10 2 28 23,1 4 2 1 24,1 14 8 2 35 25,0 9 5 3 41 27 26,0 11 7 1 29,0 13 10 2 39 31,0 14 9 2 35 31,0 9 7 1 30,0 6 3 1 31,0 9 9 1 32,0 12 6 2 40 34,0 7 7 2 39 38,0 6 4 1 36,1 18 10 1 36,0 16 10 1 38,0 5 4 1 38,0 9 8 1 42,0 13 10 1 42,1 1 1 1 42,0 2 1 1 42,1 0 0 0
j400704_4.sm,18,18,1 0 0 3 2 40 41,0 5 3 1 3,0 12 8 2 9 4,0 20 10 1 5,0 4 2 2 38 6,0 11 9 1 7,0 16 10 1 8,1 2 1 2 37 10,0 13 10 2 39 11,0 5 3 1 11,1 10 10 1 12,0 12 8 1 13,1 10 8 1 14,1 13 8 1 15,1 11 8 2 36 16,1 6 3 1 17,0 1 1 1 18,0 2 2 1 19,0 11 7 2 35 20,0 7 7 2 34 21,0 7 7 2 33 22,0 6 6 2 32 23,1 10 5 1 24,0 4 2 1 25,1 12 7 2 31 26,1 14 7 1 27,1 4 2 1 28,0 9 7 1 29,0 3 2 1 30,0 10 8 1 42,0 7 4 1 42,0 2 2 1 42,1 20 10 1 42,1 6 3 1 42,1 9 5 1 42,1 11 10 1 42,1 10 7 1 42,0 2 1 1 42,0 13 9 1 42,1 11 8 1 42,0 13 7 1 42,1 0 0 0
j400704_5.sm,18,18,1 0 0 2 2 7,1 2 1 1 3,1 8 7 1 4,0 13 9 1 5,0 1 1 1 6,0 17 9 1 8,1 6 3 1 8,0 4 3 2 14 9,0 8 6 1 10,1 14 9 2 15 11,0 15 9 1 12,1 10 8 1 13,0 5 5 2 19 16,1 9 8 2 19 16,0 10 6 2 19 17,1 7 4 2 41 17,1 8 5 1 18,0 8 6 2 40 20,0 16 9 3 41 30 22,1 1 1 1 21,1 16 10 2 30 22,1 6 3 1 23,0 4 3 1 24,0 7 5 4 39 35 27 25,0 15 9 2 38 26,0 15 10 1 28,0 5 3 2 38 31,0 1 1 1 29,0 12 6 1 31,1 8 6 3 37 35 33,1 1 1 1 32,1 9 6 2 37 33,1 5 3 1 34,1 17 9 1 36,0 1 1 1 36,0 7 4 1 42,0 5 4 1 42,0 10 7 1 42,0 2 1 1 42,0 2 1 1 42,0 1 1 1 42,1 0 0 0
j400704_6.sm,18,18,1 0 0 1 2,0 16 8 1 3,0 18 10 3 10 6 4,0 6 3 2 22 5,0 14 9 2 11 7,1 14 7 2 22 8,0 7 5 1 8,1 9 9 2 25 9,1 2 1 1 12,1 11 6 1 12,0 6 5 2 25 14,1 5 3 1 13,0 7 6 1 14,1 14 7 2 20 15,0 6 4 1 16,0 18 9 1 17,0 3 3 1 18,0 8 4 1 19,0 8 4 1 21,0 4 3 1 21,1 2 1 2 27 23,1 10 6 2 27 23,0 18 9 1 24,1 13 7 1 26,0 10 5 1 26,0 8 4 1 28,0 7 6 1 28,1 3 2 2 41 29,0 2 1 2 35 30,1 3 2 1 31,0 6 5 2 37 32,1 14 8 2 40 33,1 10 5 1 34,0 6 5 2 38 36,1 1 1 2 40 38,1 1 1 1 39,0 3 3 1 40,1 7 6 1 42,0 11 8 1 42,0 17 9 1 42,0 5 5 1 42,1 0 0 0
j400704_7.sm,18,18,1 0 0 6 2 37 38 39 40 41,0 13 8 1 3,1 16 10 4 36 35 34 4,1 11 9 1 5,0 12 8 1 6,0 11 6 2 33 7,1 7 4 1 8,0 12 8 1 9,0 14 7 1 10,0 9 5 2 32 11,0 13 9 2 31 12,0 17 9 1 13,0 12 7 2 30 14,1 9 5 1 15,0 16 8 1 16,0 10 7 1 17,0 14 9 1 18,1 6 6 1 19,1 1 1 1 20,1 12 8 1 21,0 7 5 1 22,0 6 3 1 23,1 9 8 1 24,1 6 3 1 25,0 2 1 1 26,1 9 7 1 27,0 6 4 1 28,0 13 7 1 29,1 16 10 1 42,0 10 10 1 42,0 10 8 1 42,0 9 5 1 42,1 7 5 1 42,0 7 6 1 42,1 8 6 1 42,1 8 6 1 42,0 6 4 1 42,0 6 4 1 42,1 6 4 1 42,0 10 10 1 42,1 16 8 1 42,1 0 0 0
j400704_8.sm,18,18,1 0 0 5 2 16 39 40 41,1 4 4 1 3,0 11 6 2 38 4,1 15 10 2 37 5,1 4 2 1 6,0 1 1 1 7,1 12 9 1 8,0 3 2 1 9,0 10 5 1 10,1 5 4 1 11,0 1 1 2 36 12,0 17 9 1 13,0 12 9 1 14,0 6 3 2 35 15,1 5 3 1 17,0 10 10 1 17,1 8 8 1 18,1 7 5 3 34 33 19,1 9 5 1 20,0 5 3 2 32 21,0 19 10 1 22,1 13 7 1 23,0 7 5 2 31 24,0 3 2 1 25,1 19 10 1 26,0 1 1 1 27,0 10 8 1 28,0 2 1 1 29,1 16 9 1 30,0 5 4 1 42,0 2 2 1 42,0 8 4 1 42,0 12 10 1 42,1 1 1 1 42,0 9 6 1 42,1 13 10 1 42,0 9 9 1 42,1 14 7 1 42,0 2 2 1 42,1 1 1 1 42,0 9 7 1 42,1 0 0 0
j400704_9.sm,18,18,1 0 0 5 2 38 39 40 41,1 16 8 1 3,1 8 5 2 37 4,0 4 4 3 36 35 5,0 6 3 2 34 6,0 12 10 2 33 7,0 20 10 1 8,0 6 3 1 9,0 9 9 1 10,1 5 5 1 11,1 18 10 2 32 12,0 12 10 2 31 13,0 10 6 1 14,0 14 7 2 30 15,1 9 9 1 16,1 9 7 1 17,0 9 9 1 18,1 18 9 1 19,0 17 9 1 20,1 6 5 1 21,1 2 2 1 22,0 5 3 1 23,0 3 2 1 24,0 5 3 1 25,1 8 4 1 26,0 1 1 1 27,0 4 2 1 28,0 5 3 1 29,0 18 10 1 42,1 14 8 1 42,1 11 8 1 42,1 10 8 1 42,1 3 2 1 42,0 9 7 1 42,1 14 9 1 42,0 9 5 1 42,0 1 1 1 42,0 8 7 1 42,0 7 7 1 42,0 2 1 1 42,1 3 2 1 42,1 0 0 0
j400704_10.sm,18,18,1 0 0 2 2 11,0 6 4 1 3,0 18 10 1 4,0 7 6 1 5,0 9 8 2 41 6,0 6 6 1 7,1 8 6 1 8,0 3 3 1 9,1 10 7 3 40 39 10,0 4 2 2 38 12,0 12 7 1 12,1 14 10 1 13,0 15 8 2 37 14,1 8 4 1 15,1 12 9 1 16,0 10 7 1 17,0 1 1 2 36 18,1 3 3 5 35 34 33 32 19,1 9 7 1 20,0 10 6 1 21,0 1 1 1 22,1 12 6 1 23,0 7 7 2 31 24,0 12 9 1 25,1 12 7 1 26,0 16 9 1 27,1 7 7 1 28,1 8 4 1 29,1 12 10 1 30,1 6 3 1 42,0 10 8 1 42,1 7 5 1 42,1 5 3 1 42,0 9 5 1 42,0 10 6 1 42,1 10 6 1 42,0 6 4 1 42,0 13 8 1 42,0 14 8 1 42,0 19 10 1 42,0 7 6 1 42,1 0 0 0
j400804_1.sm,18,18,1 0 0 1 2,1 16 10 2 6 3,0 4 2 1 4,0 4 4 2 19 5,0 8 8 1 7,1 4 2 1 7,0 1 1 1 8,1 6 6 2 12 9,0 8 6 1 10,0 5 5 1 11,0 16 9 1 13,1 6 3 1 13,0 10 5 2 16 14,0 12 8 2 18 15,1 6 6 1 17,0 7 7 1 17,1 18 10 1 20,1 6 6 1 20,1 10 9 1 20,0 16 8 1 21,0 5 4 1 22,1 16 9 1 23,0 6 4 2 26 24,0 6 3 1 25,0 11 8 2 39 27,0 10 5 2 39 27,1 4 2 1 28,1 6 5 1 29,1 9 5 2 41 30,0 14 8 1 31,0 11 6 1 32,0 15 10 1 33,0 6 3 1 34,1 18 10 1 35,0 12 6 1 36,1 6 4 1 37,0 12 8 1 38,0 9 7 1 40,1 3 2 1 41,1 9 8 1 42,0 6 6 1 42,1 0 0 0
j400804_2.sm,18,18,1 0 0 2 2 3,1 18 9 1 4,0 2 2 2 19 6,0 13 10 1 5,0 13 7 2 35 6,0 3 2 1 7,0 12 9 1 8,1 12 9 1 9,0 11 7 2 21 10,0 18 10 1 11,0 10 10 1 12,1 3 2 2 41 13,0 8 5 1 14,0 4 3 1 15,1 10 7 1 16,0 4 3 1 17,1 10 9 1 18,0 1 1 1 20,0 9 6 3 40 35 23,0 1 1 1 22,0 4 2 1 22,0 11 8 2 40 23,0 17 10 1 24,1 13 7 1 25,0 14 9 2 39 26,0 12 6 1 27,1 5 5 1 28,1 6 5 1 29,1 14 9 1 30,0 4 2 2 37 31,0 6 3 1 32,0 5 3 1 33,1 13 8 1 34,1 8 4 1 36,1 11 7 1 36,1 4 2 1 38,1 2 1 1 38,1 12 9 1 42,0 4 2 1 42,0 12 7 1 42,1 9 9 1 42,1 0 0 0
j400804_3.sm,18,18,1 0 0 6 2 37 38 39 40 41,1 7 5 1 3,0 11 6 1 4,0 2 1 1 5,0 7 5 1 6,1 15 8 1 7,0 16 8 1 8,1 4 3 1 9,0 10 6 1 10,1 9 5 1 11,0 10 5 2 36 12,1 11 6 1 13,1 2 1 1 14,0 1 1 2 35 15,1 9 6 2 34 16,1 8 5 1 17,0 17 10 1 18,0 15 9 1 19,1 6 4 1 20,0 12 7 1 21,0 8 8 1 22,1 8 8 1 23,0 14 10 1 24,1 12 9 1 25,0 13 9 1 26,0 6 6 1 27,0 10 9 1 28,1 16 8 1 29,0 12 10 1 30,0 8 6 1 31,1 15 8 1 32,0 2 2 1 33,0 10 9 1 42,1 8 6 1 42,0 14 8 1 42,0 7 7 1 42,0 7 7 1 42,1 3 2 1 42,0 2 1 1 42,1 11 6 1 42,0 7 5 1 42,1 0 0 0
j400804_4.sm,18,18,1 0 0 1 2,0 19 10 2 10 3,0 14 7 1 4,1 13 9 2 41 5,0 9 5 1 6,1 13 7 1 7,1 2 2 2 14 8,0 13 9 2 40 9,0 1 1 1 11,0 12 6 2 40 13,0 7 4 1 12,0 5 5 1 13,1 4 4 2 18 15,1 2 1 2 40 16,0 2 1 1 16,1 6 5 1 17,1 17 10 1 19,0 14 8 1 19,1 3 2 1 20,0 6 4 2 39 21,1 6 4 1 22,0 3 2 1 23,1 9 8 2 38 24,1 2 1 1 25,0 11 10 2 37 26,0 6 5 1 27,1 11 9 1 28,0 9 9 1 29,0 7 4 1 30,1 3 3 1 31,1 4 2 1 32,0 8 4 1 33,0 4 3 1 34,1 8 8 1 35,0 8 8 1 36,0 4 4 1 42,0 4 3 1 42,0 18 10 1 42,1 9 7 1 42,0 4 3 1 42,0 17 10 1 42,1 0 0 0
j400804_5.sm,18,18,1 0 0 6 2 37 38 39 40 41,0 1 1 1 3,0 11 6 1 4,1 17 10 1 5,0 11 8 1 6,1 8 8 1 7,0 4 3 1 8,1 16 10 1 9,0 10 7 2 36 10,1 6 3 1 11,0 5 3 1 12,1 20 10 1 13,0 10 8 2 35 14,1 4 3 1 15,0 4 3 2 34 16,0 1 1 1 17,1 8 7 1 18,0 6 6 1 19,1 12 6 1 20,1 5 5 1 21,0 7 4 1 22,0 17 10 1 23,0 8 8 1 24,0 7 5 1 25,1 12 8 1 26,0 2 1 1 27,0 5 3 1 28,0 3 3 1 29,0 8 6 1 30,1 10 7 1 31,1 10 6 1 32,0 10 6 1 33,1 14 7 1 42,0 8 8 1 42,0 9 6 1 42,0 10 8 1 42,0 2 2 1 42,0 8 5 1 42,1 5 4 1 42,1 9 5 1 42,1 8 6 1 42,1 0 0 0
j400804_6.sm,18,18,1 0 0 2 2 8,0 2 2 2 41 3,0 6 3 1 4,0 11 10 1 5,1 11 6 1 6,1 9 7 1 7,1 11 10 1 9,0 15 9 1 9,0 8 5 2 40 10,0 8 4 1 11,0 8 8 1 12,0 7 4 2 29 13,0 12 7 1 14,1 2 1 1 15,0 8 5 1 16,0 11 9 3 39 38 17,1 4 3 1 18,1 2 1 1 19,1 10 7 2 37 20,0 13 10 1 21,0 14 7 1 22,0 17 10 1 23,1 8 6 1 24,0 3 2 1 25,0 5 3 1 26,1 7 6 1 27,0 2 1 1 28,0 1 1 1 30,1 5 5 1 30,1 6 6 2 36 31,1 3 2 1 32,0 3 2 1 33,0 6 6 1 34,1 4 2 1 35,1 15 8 1 42,0 2 2 1 42,1 4 2 1 42,0 10 9 1 42,0 5 4 1 42,1 1 1 1 42,0 2 2 1 42,1 0 0 0
j400804_7.sm,18,18,1 0 0 2 2 5,1 3 3 1 3,0 10 6 1 4,0 13 10 1 6,1 6 3 1 6,0 9 5 1 7,1 14 8 1 8,0 1 1 1 9,1 2 2 1 10,0 3 2 1 11,0 11 8 3 23 18 12,0 4 3 2 16 13,0 9 5 1 14,0 12 8 1 15,0 10 8 1 17,1 8 8 1 17,0 13 9 1 19,1 10 10 1 19,1 3 2 2 25 20,0 5 3 2 27 21,1 5 4 1 22,1 8 7 1 24,1 4 2 1 25,0 9 5 1 26,1 8 8 1 27,0 12 10 2 34 28,1 9 6 2 34 28,0 3 2 1 29,0 20 10 1 30,0 10 9 1 31,0 11 9 1 32,0 3 3 1 33,0 8 4 1 35,1 14 8 1 35,0 10 5 1 36,0 10 5 1 37,1 12 10 2 41 38,0 5 4 1 39,1 2 1 1 40,1 11 10 1 42,0 4 2 1 42,1 0 0 0
j400804_8.sm,18,18,1 0 0 2 2 5,0 1 1 1 3,1 12 8 1 4,1 5 4 1 6,1 1 1 1 6,1 8 7 1 7,1 6 3 2 16 8,1 10 8 1 9,0 6 6 1 10,0 6 6 1 11,1 3 2 2 13 12,1 6 5 2 20 15,1 9 9 1 14,0 9 7 1 15,0 12 7 1 17,0 2 1 1 17,0 19 10 2 22 18,0 10 6 1 19,1 18 9 1 21,0 13 8 1 21,1 17 10 1 23,1 3 2 1 23,0 17 9 2 27 24,0 3 2 1 25,1 18 9 1 26,0 13 7 1 28,0 12 8 1 28,0 8 6 1 29,0 4 3 1 30,0 16 10 1 31,0 2 1 1 32,0 15 10 1 33,1 9 7 2 39 34,1 6 4 1 35,0 3 3 1 36,0 12 8 1 37,0 5 4 2 40 38,0 5 3 1 41,0 4 2 1 40,1 9 6 1 42,0 1 1 1 42,1 0 0 0
j400804_9.sm,18,18,1 0 0 1 2,0 3 3 2 41 3,1 12 10 1 4,0 7 6 2 40 5,0 7 7 1 6,0 13 9 1 7,0 11 8 2 18 8,0 14 8 2 39 9,0 1 1 1 10,1 8 4 1 11,0 2 1 2 26 12,1 11 8 1 13,0 15 9 1 14,1 10 9 1 15,0 4 2 1 16,1 13 8 2 38 17,1 4 2 1 19,1 4 3 2 39 21,0 11 10 1 20,1 9 6 1 21,0 15 10 2 37 22,0 6 4 1 23,0 5 3 2 36 24,0 11 8 1 25,0 4 2 1 27,1 12 9 1 27,0 12 7 1 28,0 10 10 1 29,1 6 3 1 30,0 8 5 1 31,1 4 4 1 32,1 12 7 1 33,1 8 7 1 34,1 17 10 1 35,1 18 9 1 42,0 7 5 1 42,0 8 8 1 42,0 3 3 1 42,0 6 5 1 42,1 6 6 1 42,0 2 1 1 42,1 0 0 0
j400804_10.sm,18,18,1 0 0 2 2 6,0 4 3 1 3,0 15 8 1 4,0 11 8 1 5,0 11 9 1 7,1 8 4 1 7,0 3 2 1 8,1 13 8 1 9,0 10 5 1 10,1 5 4 2 31 11,0 6 3 2 21 12,1 10 5 2 17 13,0 8 5 1 14,1 7 6 1 15,0 14 8 1 16,1 3 2 1 18,0 15 8 1 18,0 16 10 2 28 19,1 13 8 2 25 20,1 4 4 1 22,0 11 7 2 25 24,1 12 10 1 23,0 5 4 2 35 24,0 12 7 1 26,0 5 3 2 35 29,1 3 2 1 27,0 10 5 1 29,0 9 8 1 29,1 4 2 1 30,0 1 1 1 32,1 14 8 1 32,0 4 4 1 33,1 10 9 1 34,1 6 6 1 36,0 9 9 1 36,0 6 4 1 37,0 6 5 2 41 38,1 11 8 1 39,0 5 4 1 40,0 9 6 1 42,1 7 6 1 42,1 0 0 0
j400904_1.sm,18,18,1 0 0 1 2,0 10 8 1 3,0 10 6 1 4,0 13 8 1 5,1 1 1 1 6,1 2 1 1 7,0 11 6 1 8,0 9 8 1 9,0 12 8 1 10,0 6 6 2 14 11,0 9 7 1 12,1 11 8 1 13,0 15 10 1 15,0 3 2 1 15,1 14 8 2 23 16,0 15 9 1 17,0 7 6 1 18,0 3 2 1 19,1 13 9 1 20,0 10 5 1 21,1 3 2 1 22,1 10 5 1 24,0 7 6 1 24,0 6 6 1 25,1 1 1 2 29 26,1 13 10 1 27,1 2 1 1 28,0 6 4 2 41 30,1 11 6 1 30,0 4 3 1 31,0 9 5 1 32,0 12 7 1 33,0 8 4 1 34,0 14 7 1 35,1 17 9 1 36,1 7 5 1 37,1 5 5 1 38,1 10 10 1 39,0 6 5 1 40,1 1 1 1 42,0 6 5 1 42,1 0 0 0
j400904_2.sm,18,18,1 0 0 3 2 40 41,0 9 6 1 3,0 13 10 1 4,1 17 10 1 5,1 8 6 1 6,0 5 3 1 7,0 4 3 1 8,1 18 9 1 9,1 1 1 2 39 10,0 4 3 1 11,1 17 9 1 12,0 4 4 1 13,0 2 1 1 14,1 10 7 1 15,0 7 5 1 16,0 17 9 2 38 17,0 13 7 1 18,0 17 10 1 19,0 9 5 1 20,1 10 6 1 21,0 4 4 1 22,1 15 10 1 23,1 1 1 1 24,1 13 7 1 25,0 4 2 1 26,0 7 6 1 27,1 9 6 1 28,0 10 9 1 29,0 13 7 1 30,1 5 5 1 31,0 5 4 1 32,1 11 7 1 33,1 2 1 1 34,0 1 1 1 35,0 5 5 1 36,1 14 10 1 37,0 2 1 1 42,0 14 9 1 42,1 19 10 1 42,0 8 8 1 42,0 8 7 1 42,1 0 0 0
j400904_3.sm,18,18,1 0 0 1 2,1 4 4 1 3,0 8 7 2 9 4,1 8 7 1 5,0 7 6 1 6,1 6 6 1 7,0 4 4 1 8,0 13 8 1 10,0 12 9 1 10,0 11 10 1 11,0 8 5 1 12,0 4 2 1 13,0 1 1 1 14,1 4 3 1 15,0 1 1 1 16,0 10 5 1 17,1 5 4 2 32 18,0 11 6 1 19,1 4 2 1 20,0 11 6 2 35 21,1 5 5 2 27 22,1 10 5 1 23,1 3 2 1 24,0 4 4 1 25,1 18 10 1 26,0 14 8 1 28,1 5 5 1 28,1 3 3 1 29,0 6 3 1 30,0 13 8 1 31,0 11 10 1 33,1 12 6 1 33,1 6 3 1 34,0 14 7 1 36,0 6 3 1 36,1 20 10 1 37,0 3 3 1 38,0 7 5 1 39,0 4 4 1 40,0 9 5 1 41,1 9 6 1 42,1 0 0 0
j400904_4.sm,18,18,1 0 0 2 2 41,1 16 8 3 40 39 3,0 2 1 1 4,1 8 4 1 5,0 11 6 2 38 6,0 10 10 1 7,0 5 5 1 8,1 19 10 1 9,1 17 9 1 10,0 11 9 1 11,0 15 10 1 12,1 12 10 1 13,0 12 8 1 14,0 3 2 1 15,0 6 5 1 16,1 2 1 1 17,1 3 2 1 18,0 18 9 1 19,1 3 3 1 20,1 2 1 1 21,1 5 4 1 22,0 5 5 1 23,1 8 4 1 24,0 8 4 1 25,0 10 9 1 26,0 17 10 1 27,0 13 7 1 28,0 10 8 1 29,0 6 5 1 30,1 12 10 1 31,0 4 4 1 32,1 10 8 1 33,1 10 7 1 34,0 8 5 1 35,1 3 2 1 36,0 1 1 1 37,0 3 2 1 42,0 7 4 1 42,0 11 9 1 42,1 10 5 1 42,0 10 7 1 42,1 0 0 0
j400904_5.sm,18,18,1 0 0 1 2,1 14 8 1 3,1 2 1 1 4,0 15 8 1 5,0 5 3 1 6,0 11 6 2 41 7,0 15 8 1 8,0 4 3 1 9,0 12 8 2 40 10,0 3 3 1 11,0 2 1 1 12,0 14 9 1 13,0 13 9 1 14,1 4 4 1 15,0 7 6 1 16,0 2 1 1 17,0 3 3 1 18,0 4 2 1 19,0 5 3 1 20,1 18 9 1 21,1 8 6 1 22,0 3 3 1 23,1 4 4 1 24,1 7 4 1 25,0 13 9 1 26,0 17 10 1 27,0 1 1 1 28,1 5 4 2 39 29,0 4 2 1 30,0 2 1 1 31,0 3 3 1 32,0 1 1 1 33,1 11 7 1 34,1 20 10 2 38 35,1 2 1 1 36,1 9 5 1 37,1 12 8 1 42,1 15 8 1 42,1 8 7 1 42,1 4 4 1 42,0 1 1 1 42,1 0 0 0
j400904_6.sm,18,18,1 0 0 1 2,0 14 8 1 3,0 2 2 2 11 4,1 6 3 1 5,0 4 4 1 6,0 7 4 1 7,1 10 8 1 8,0 18 9 1 9,1 6 3 1 10,0 12 6 1 12,0 10 10 1 12,0 4 2 1 13,1 4 2 1 14,1 11 9 1 15,0 1 1 2 41 16,0 5 3 1 17,0 10 6 1 18,0 10 6 1 19,0 17 9 1 20,1 8 5 2 40 21,0 5 5 2 34 22,0 3 3 1 23,0 18 10 1 24,0 4 4 1 25,1 9 8 1 26,1 10 5 1 27,0 15 8 1 28,0 13 10 1 29,0 6 6 1 30,1 10 5 1 31,1 13 10 1 32,1 17 9 1 33,1 10 8 1 35,0 2 1 1 35,0 12 9 1 36,0 2 2 1 37,1 3 3 1 38,1 14 8 1 39,1 2 1 1 42,0 3 2 1 42,1 10 9 1 42,1 0 0 0
j400904_7.sm,18,18,1 0 0 1 2,0 9 5 1 3,1 5 5 1 4,0 2 2 1 5,0 10 10 1 6,0 11 9 1 7,1 2 1 1 8,1 12 7 1 9,1 17 9 1 10,0 12 9 1 11,0 18 9 1 12,0 17 9 1 13,0 13 8 1 14,0 5 3 1 15,0 9 8 1 16,0 17 10 2 19 17,0 5 4 1 18,1 14 10 1 20,1 2 1 1 20,1 3 3 1 21,1 2 1 1 22,0 7 4 2 25 23,1 8 5 1 24,0 4 3 1 26,0 4 3 1 26,1 5 5 1 27,0 7 4 1 28,0 9 7 1 29,0 13 9 1 30,0 2 1 1 31,0 5 3 1 32,1 11 6 1 33,1 3 3 1 34,0 1 1 2 38 35,0 11 10 2 37 36,1 2 1 1 39,0 4 4 1 39,1 3 3 1 39,1 10 7 1 40,1 3 2 1 41,0 6 3 1 42,1 0 0 0
j400904_8.sm,18,18,1 0 0 2 2 41,0 8 7 1 3,0 11 7 1 4,0 13 9 1 5,1 13 8 1 6,0 5 5 1 7,0 7 4 1 8,1 18 9 1 9,1 11 10 1 10,0 16 9 1 11,0 10 5 1 12,0 10 5 1 13,1 5 3 1 14,1 4 3 1 15,0 18 10 2 40 16,0 9 8 1 17,0 10 9 2 31 18,0 16 10 1 19,0 3 2 1 20,0 4 3 1 21,1 14 8 1 22,0 1 1 1 23,1 4 4 1 24,0 3 3 1 25,1 2 1 1 26,1 2 1 1 27,1 6 3 1 28,0 3 2 1 29,0 14 7 1 30,1 10 10 1 32,1 7 4 1 32,0 3 3 2 39 33,0 16 8 1 34,0 18 9 1 35,1 17 9 1 36,1 13 8 1 37,0 12 7 1 38,1 7 4 1 42,0 15 10 1 42,0 6 3 1 42,1 11 7 1 42,1 0 0 0
j400904_9.sm,18,18,1 0 0 2 2 3,1 6 3 2 24 4,0 5 4 2 24 5,0 2 2 1 5,0 8 8 1 6,0 5 4 1 7,0 2 2 1 8,0 4 2 1 9,0 6 5 1 10,0 13 10 1 11,0 2 1 1 12,1 18 9 1 13,1 8 8 1 14,1 11 9 1 15,1 10 7 1 16,1 12 8 1 17,0 11 9 1 18,0 15 10 1 19,0 5 4 2 26 20,0 1 1 1 21,1 16 9 1 22,1 14 7 1 23,0 3 2 1 25,1 2 1 1 25,0 2 1 1 27,0 5 3 1 27,0 5 3 1 28,1 10 10 1 29,0 4 2 1 30,1 5 4 2 34 31,0 7 7 1 32,1 7 6 1 33,0 3 2 1 35,1 2 2 1 35,0 14 8 1 36,0 9 5 1 37,1 10 10 1 38,0 4 3 1 39,1 1 1 1 40,0 2 1 1 41,1 10 5 1 42,1 0 0 0
j400904_10.sm,18,18,1 0 0 1 2,0 10 9 1 3,1 14 10 1 4,0 4 4 1 5,1 19 10 2 41 6,0 4 2 1 7,1 10 6 1 8,0 8 4 2 40 9,1 6 3 1 10,1 20 10 1 11,0 3 3 2 39 12,0 9 6 1 13,0 2 2 1 14,0 14 8 1 15,0 11 6 2 38 16,1 2 2 1 17,0 2 1 1 18,0 13 10 1 19,0 15 9 1 20,0 14 7 1 21,0 13 9 1 22,0 13 10 1 23,1 20 10 1 24,0 4 3 1 25,0 2 1 1 26,1 4 3 1 27,0 10 5 1 28,1 4 4 1 29,1 19 10 1 30,0 4 4 1 31,0 4 3 1 32,0 1 1 1 33,1 19 10 1 34,1 9 6 1 35,1 2 1 1 36,0 4 2 1 37,0 7 6 1 42,1 3 3 1 42,0 15 8 1 42,1 12 8 1 42,1 9 5 1 42,1 0 0 0
j401004_1.sm,18,18,1 0 0 1 2,0 6 6 1 3,1 16 9 1 4,0 1 1 1 5,0 12 8 1 6,1 6 4 1 7,0 10 9 1 8,0 6 3 1 9,0 7 5 1 10,0 6 5 1 11,0 9 6 1 12,1 5 3 1 13,1 10 8 1 14,1 5 4 1 15,1 5 3 1 16,0 14 8 1 17,1 9 7 1 18,1 10 8 1 19,0 17 9 1 20,1 2 1 1 21,1 15 8 1 22,1 12 6 1 23,0 5 3 1 24,0 11 7 1 25,1 6 3 1 26,1 6 3 1 27,1 3 3 1 28,0 7 7 1 29,0 10 7 1 30,0 7 4 1 31,1 5 5 1 32,0 14 10 1 33,0 7 5 1 34,0 13 7 1 35,0 16 10 1 36,0 4 2 1 37,0 8 6 1 38,0 5 3 1 39,0 3 2 1 40,1 5 4 1 41,0 10 6 1 42,1 0 0 0
j401004_2.sm,18,18,1 0 0 1 2,1 9 6 1 3,1 17 9 1 4,0 2 1 1 5,1 10 8 1 6,1 5 4 1 7,0 12 9 1 8,0 4 3 1 9,0 10 5 1 10,1 5 5 1 11,0 8 6 1 12,0 5 3 1 13,1 8 8 1 14,0 5 4 1 15,0 4 3 1 16,0 15 8 1 17,0 9 7 1 18,0 12 8 1 19,1 18 9 1 20,0 1 1 1 21,1 15 8 1 22,0 9 6 1 23,0 4 3 1 24,1 13 7 1 25,0 5 3 1 26,0 6 3 1 27,1 5 3 1 28,0 11 7 1 29,0 10 7 1 30,0 5 4 1 31,1 8 5 1 32,0 19 10 1 33,0 5 5 1 34,1 13 7 1 35,1 20 10 1 36,0 2 2 1 37,1 11 6 1 38,1 3 3 1 39,0 2 2 1 40,1 5 4 1 41,0 8 6 1 42,1 0 0 0
j401004_3.sm,18,18,1 0 0 1 2,0 12 6 1 3,0 9 9 1 4,0 1 1 1 5,1 12 8 1 6,0 5 4 1 7,0 18 9 1 8,1 4 3 1 9,1 7 5 1 10,1 5 5 1 11,0 10 6 1 12,1 6 3 1 13,0 16 8 1 14,1 6 4 1 15,0 4 3 1 16,0 16 8 1 17,0 7 7 1 18,0 15 8 1 19,0 13 9 1 20,1 1 1 1 21,0 15 8 1 22,0 10 6 1 23,0 5 3 1 24,1 10 7 1 25,0 3 3 1 26,1 3 3 1 27,1 3 3 1 28,1 7 7 1 29,0 9 7 1 30,0 8 4 1 31,0 8 5 1 32,1 10 10 1 33,0 9 5 1 34,1 7 7 1 35,1 20 10 1 36,0 4 2 1 37,0 10 6 1 38,1 3 3 1 39,0 4 2 1 40,0 5 4 1 41,1 9 6 1 42,1 0 0 0
j401004_4.sm,18,18,1 0 0 1 2,0 9 6 1 3,0 12 9 1 4,0 2 1 1 5,1 15 8 1 6,1 8 4 1 7,0 15 9 1 8,0 5 3 1 9,0 5 5 1 10,1 8 5 1 11,0 12 6 1 12,0 3 3 1 13,1 13 8 1 14,1 4 4 1 15,0 5 3 1 16,1 16 8 1 17,1 14 7 1 18,1 8 8 1 19,0 11 9 1 20,0 1 1 1 21,1 11 8 1 22,1 6 6 1 23,0 6 3 1 24,0 9 7 1 25,1 5 3 1 26,0 6 3 1 27,1 3 3 1 28,0 13 7 1 29,0 10 7 1 30,0 6 4 1 31,0 9 5 1 32,1 16 10 1 33,1 7 5 1 34,0 9 7 1 35,1 10 10 1 36,0 2 2 1 37,1 12 6 1 38,0 3 3 1 39,0 3 2 1 40,0 6 4 1 41,0 9 6 1 42,1 0 0 0
j401004_5.sm,18,18,1 0 0 1 2,1 10 6 1 3,0 15 9 1 4,0 2 1 1 5,0 8 8 1 6,0 8 4 1 7,1 10 9 1 8,0 5 3 1 9,1 7 5 1 10,0 9 5 1 11,0 8 6 1 12,0 5 3 1 13,0 14 8 1 14,0 7 4 1 15,1 3 3 1 16,0 16 8 1 17,0 9 7 1 18,0 10 8 1 19,1 17 9 1 20,0 1 1 1 21,1 14 8 1 22,0 10 6 1 23,1 6 3 1 24,0 10 7 1 25,1 3 3 1 26,0 6 3 1 27,1 3 3 1 28,0 10 7 1 29,1 12 7 1 30,0 4 4 1 31,0 5 5 1 32,1 20 10 1 33,0 7 5 1 34,1 14 7 1 35,1 14 10 1 36,1 4 2 1 37,1 10 6 1 38,0 6 3 1 39,0 2 2 1 40,0 4 4 1 41,1 8 6 1 42,1 0 0 0
j401004_6.sm,18,18,1 0 0 1 2,1 11 6 1 3,1 13 9 1 4,1 1 1 1 5,0 15 8 1 6,0 6 4 1 7,0 10 9 1 8,0 3 3 1 9,0 10 5 1 10,0 8 5 1 11,1 8 6 1 12,1 6 3 1 13,1 11 8 1 14,0 6 4 1 15,1 6 3 1 16,0 15 8 1 17,1 14 7 1 18,1 8 8 1 19,0 10 9 1 20,0 1 1 1 21,0 11 8 1 22,1 10 6 1 23,0 6 3 1 24,1 13 7 1 25,1 4 3 1 26,1 4 3 1 27,0 5 3 1 28,1 12 7 1 29,0 10 7 1 30,0 7 4 1 31,0 9 5 1 32,1 20 10 1 33,0 8 5 1 34,1 9 7 1 35,0 19 10 1 36,0 4 2 1 37,0 9 6 1 38,0 4 3 1 39,0 4 2 1 40,0 6 4 1 41,0 6 6 1 42,1 0 0 0
j401004_7.sm,18,18,1 0 0 1 2,1 9 6 1 3,0 16 9 1 4,1 1 1 1 5,0 10 8 1 6,0 7 4 1 7,1 10 9 1 8,0 3 3 1 9,0 9 5 1 10,1 5 5 1 11,0 8 6 1 12,0 6 3 1 13,1 8 8 1 14,0 7 4 1 15,1 5 3 1 16,0 16 8 1 17,0 10 7 1 18,1 13 8 1 19,0 12 9 1 20,1 1 1 1 21,0 16 8 1 22,0 6 6 1 23,1 5 3 1 24,1 10 7 1 25,0 3 3 1 26,1 5 3 1 27,1 5 3 1 28,1 9 7 1 29,1 12 7 1 30,0 6 4 1 31,0 7 5 1 32,0 11 10 1 33,0 9 5 1 34,0 13 7 1 35,1 11 10 1 36,0 2 2 1 37,0 9 6 1 38,0 3 3 1 39,1 3 2 1 40,0 5 4 1 41,0 9 6 1 42,1 0 0 0
j401004_8.sm,18,18,1 0 0 1 2,0 11 6 1 3,0 9 9 1 4,0 2 1 1 5,1 9 8 1 6,1 7 4 1 7,0 12 9 1 8,0 5 3 1 9,0 9 5 1 10,0 7 5 1 11,0 9 6 1 12,1 6 3 1 13,0 10 8 1 14,0 6 4 1 15,0 6 3 1 16,1 9 8 1 17,0 13 7 1 18,1 14 8 1 19,0 11 9 1 20,0 1 1 1 21,1 16 8 1 22,0 6 6 1 23,1 5 3 1 24,1 10 7 1 25,1 3 3 1 26,0 4 3 1 27,1 6 3 1 28,1 9 7 1 29,0 8 7 1 30,1 8 4 1 31,0 7 5 1 32,0 12 10 1 33,0 7 5 1 34,0 8 7 1 35,1 19 10 1 36,1 2 2 1 37,1 12 6 1 38,0 3 3 1 39,0 4 2 1 40,0 7 4 1 41,1 8 6 1 42,1 0 0 0
j401004_9.sm,18,18,1 0 0 1 2,1 9 6 1 3,0 16 9 1 4,0 1 1 1 5,0 14 8 1 6,0 4 4 1 7,0 12 9 1 8,1 5 3 1 9,0 6 5 1 10,0 7 5 1 11,0 9 6 1 12,0 4 3 1 13,1 15 8 1 14,1 5 4 1 15,1 4 3 1 16,1 16 8 1 17,0 11 7 1 18,0 8 8 1 19,0 11 9 1 20,0 2 1 1 21,0 9 8 1 22,0 8 6 1 23,0 3 3 1 24,0 12 7 1 25,1 6 3 1 26,0 5 3 1 27,1 4 3 1 28,0 13 7 1 29,1 10 7 1 30,1 5 4 1 31,0 8 5 1 32,0 13 10 1 33,0 6 5 1 34,1 10 7 1 35,1 13 10 1 36,1 4 2 1 37,1 8 6 1 38,1 6 3 1 39,0 2 2 1 40,0 6 4 1 41,1 10 6 1 42,1 0 0 0
j401004_10.sm,18,18,1 0 0 1 2,1 7 6 1 3,0 10 9 1 4,0 1 1 1 5,1 14 8 1 6,1 5 4 1 7,0 16 9 1 8,1 5 3 1 9,0 8 5 1 10,1 9 5 1 11,0 11 6 1 12,1 4 3 1 13,0 14 8 1 14,0 4 4 1 15,0 6 3 1 16,0 13 8 1 17,0 8 7 1 18,1 10 8 1 19,0 17 9 1 20,0 2 1 1 21,1 16 8 1 22,1 12 6 1 23,1 3 3 1 24,1 14 7 1 25,1 3 3 1 26,0 5 3 1 27,0 4 3 1 28,0 11 7 1 29,1 11 7 1 30,0 8 4 1 31,0 5 5 1 32,0 16 10 1 33,0 7 5 1 34,0 10 7 1 35,1 20 10 1 36,1 4 2 1 37,0 6 6 1 38,0 3 3 1 39,0 2 2 1 40,1 4 4 1 41,0 8 6 1 42,1 0 0 0
j200105_1.sm,12,12,1 0 0 13 2 3 4 5 6 14 15 16 17 18 19 20 21,0 16 10 3 13 9 8,1 3 3 2 12 9,0 12 9 2 11 7,1 7 7 2 8 7,0 13 8 1 10,1 7 4 1 22,1 2 2 1 22,1 2 1 1 22,0 11 6 1 22,0 7 5 1 22,1 6 6 1 22,1 5 5 1 22,1 3 3 1 22,1 9 9 1 22,1 3 2 1 22,0 4 3 1 22,0 12 8 1 22,0 6 6 1 22,0 2 1 1 22,0 4 2 1 22,1 0 0 0
j200105_2.sm,12,12,1 0 0 6 2 3 4 5 6 7,0 11 7 11 20 18 17 16 15 14 13 12 11 9 8,0 16 8 11 21 20 17 16 15 14 13 12 10 9 8,0 8 5 11 20 19 18 15 14 13 12 11 10 9 8,1 14 8 11 21 19 18 17 15 14 13 11 10 9 8,1 2 2 10 18 16 15 14 13 12 11 10 9 8,1 1 1 8 19 17 16 12 11 10 9 8,1 3 2 1 22,0 11 6 1 22,1 10 7 1 22,0 13 8 1 22,1 11 9 1 22,0 12 8 1 22,0 3 3 1 22,1 3 2 1 22,1 1 1 1 22,0 14 7 1 22,1 10 9 1 22,0 12 10 1 22,0 9 5 1 22,1 14 7 1 22,1 0 0 0
j200105_3.sm,12,12,1 0 0 14 2 3 4 5 6 7 8 9 10 17 18 19 20 21,1 2 2 3 16 14 11,0 10 6 2 15 13,1 9 6 1 11,1 10 9 1 11,1 4 2 1 14,1 12 9 1 13,1 6 5 1 12,0 2 1 1 12,0 8 6 1 11,0 10 6 1 22,1 3 2 1 22,1 7 5 1 22,0 7 5 1 22,0 7 7 1 22,0 5 3 1 22,1 10 5 1 22,0 12 7 1 22,1 2 1 1 22,0 12 8 1 22,0 9 7 1 22,1 0 0 0
j200105_4.sm,12,12,1 0 0 8 2 3 4 5 18 19 20 21,1 12 9 9 17 16 15 11 10 9 8 7 6,1 4 4 6 14 13 11 8 7 6,1 10 10 3 10 8 7,0 8 4 3 12 9 6,0 6 3 1 22,0 3 3 1 22,1 15 8 1 22,1 3 3 1 22,1 12 7 1 22,0 5 5 1 22,1 18 10 1 22,0 3 3 1 22,1 15 9 1 22,0 12 7 1 22,0 8 5 1 22,0 16 8 1 22,0 1 1 1 22,1 8 6 1 22,0 9 5 1 22,1 17 10 1 22,1 0 0 0
j200105_5.sm,12,12,1 0 0 13 2 3 11 12 13 14 15 16 17 18 19 20 21,1 12 8 5 10 9 8 7 4,1 15 10 3 6 5 4,1 10 9 1 22,1 11 6 1 22,1 15 8 1 22,0 7 4 1 22,1 8 4 1 22,0 1 1 1 22,0 17 10 1 22,0 11 6 1 22,0 3 3 1 22,1 9 7 1 22,0 17 10 1 22,0 14 7 1 22,0 10 6 1 22,1 7 4 1 22,0 7 7 1 22,1 5 4 1 22,0 7 6 1 22,1 11 9 1 22,1 0 0 0
j200105_6.sm,12,12,1 0 0 14 2 3 4 5 6 13 14 15 16 17 18 19 20 21,0 12 8 3 12 11 9,1 13 8 2 9 8,0 14 9 2 8 7,0 5 3 1 10,1 7 6 1 7,0 4 2 1 22,0 8 7 1 22,1 7 7 1 22,1 11 7 1 22,0 9 5 1 22,1 6 4 1 22,1 16 9 1 22,1 18 9 1 22,0 8 8 1 22,1 10 8 1 22,0 10 5 1 22,1 8 8 1 22,0 14 7 1 22,1 12 9 1 22,0 13 9 1 22,1 0 0 0
j200105_7.sm,12,12,1 0 0 16 2 3 4 5 10 11 12 13 14 15 16 17 18 19 20 21,1 13 7 2 9 6,0 1 1 1 8,0 8 5 1 7,1 10 6 1 6,0 16 8 1 22,0 20 10 1 22,0 2 2 1 22,1 5 4 1 22,0 3 2 1 22,1 11 8 1 22,0 10 5 1 22,1 8 4 1 22,0 5 3 1 22,1 15 10 1 22,1 11 10 1 22,1 3 3 1 22,0 11 9 1 22,1 10 5 1 22,0 13 10 1 22,1 8 6 1 22,1 0 0 0
j200105_8.sm,12,12,1 0 0 10 2 3 4 5 6 7 8 9 10 21,0 9 5 7 20 19 17 14 13 12 11,1 5 3 6 18 16 15 14 12 11,0 17 9 5 16 15 14 12 11,0 6 6 4 14 13 12 11,0 4 3 3 17 13 12,1 7 4 3 16 13 11,1 12 6 2 15 12,1 10 10 1 13,0 6 3 1 11,1 11 10 1 22,0 8 7 1 22,1 6 6 1 22,1 12 9 1 22,0 7 6 1 22,0 7 6 1 22,0 2 2 1 22,0 7 6 1 22,1 10 8 1 22,1 12 9 1 22,1 10 5 1 22,1 0 0 0
j200105_9.sm,12,12,1 0 0 15 2 3 4 5 6 7 13 14 15 16 17 18 19 20 21,1 10 6 1 12,0 12 8 1 11,1 12 6 1 10,0 7 6 1 9,1 6 3 1 8,1 7 7 1 8,1 2 2 1 22,1 8 7 1 22,0 20 10 1 22,0 16 8 1 22,1 7 4 1 22,0 9 9 1 22,0 14 7 1 22,0 1 1 1 22,0 5 3 1 22,0 9 7 1 22,1 6 6 1 22,1 1 1 1 22,1 8 6 1 22,0 10 10 1 22,1 0 0 0
j200105_10.sm,12,12,1 0 0 11 2 3 4 5 6 7 8 18 19 20 21,1 2 1 5 17 16 12 11 10,1 5 5 4 15 12 11 9,1 18 9 3 12 11 10,1 10 5 3 14 10 9,1 5 5 1 13,0 2 1 1 9,0 2 1 1 9,0 2 2 1 22,1 5 3 1 22,1 12 10 1 22,0 4 3 1 22,1 12 8 1 22,1 5 4 1 22,0 11 10 1 22,0 19 10 1 22,1 16 8 1 22,0 10 5 1 22,0 8 4 1 22,0 6 3 1 22,0 14 7 1 22,1 0 0 0
j200205_1.sm,12,12,1 0 0 10 2 3 4 5 6 7 8 9 11 21,1 14 9 5 16 15 13 12 10,0 14 7 4 20 17 16 13,0 13 9 3 13 12 10,1 6 6 3 20 13 10,0 16 9 3 19 14 13,0 7 4 2 15 14,1 13 8 2 14 10,0 2 2 2 19 13,1 1 1 2 19 18,1 3 2 2 19 18,1 18 9 1 14,0 1 1 1 18,0 10 8 1 18,1 6 4 1 19,1 14 8 1 19,1 19 10 1 18,1 2 2 1 22,0 12 10 1 22,0 4 2 1 22,0 1 1 1 22,1 0 0 0
j200205_2.sm,12,12,1 0 0 7 2 3 4 5 6 7 8,0 9 5 3 12 11 9,1 5 5 3 13 10 9,1 4 2 4 21 14 13 10,1 10 6 3 21 11 10,1 17 10 4 21 20 14 11,1 11 6 3 14 13 10,0 9 6 2 13 9,0 10 6 6 21 20 19 18 16 14,0 13 7 4 20 17 15 12,0 14 8 4 19 18 17 13,1 14 9 3 19 18 16,0 5 4 2 16 15,1 11 8 2 17 15,1 2 1 1 22,1 11 6 1 22,0 17 10 1 22,1 8 5 1 22,0 2 1 1 22,0 4 2 1 22,0 6 3 1 22,1 0 0 0
j200205_3.sm,12,12,1 0 0 12 2 3 6 7 8 15 16 17 18 19 20 21,0 14 9 3 14 13 4,0 4 2 2 12 11,0 1 1 1 5,0 15 8 1 10,0 12 7 1 9,1 2 1 1 9,1 4 3 1 9,0 6 3 1 22,0 1 1 1 22,1 9 8 1 22,1 3 2 1 22,0 1 1 1 22,1 15 8 1 22,1 5 4 1 22,1 19 10 1 22,1 18 10 1 22,1 17 9 1 22,0 20 10 1 22,0 20 10 1 22,1 8 5 1 22,1 0 0 0
j200205_4.sm,12,12,1 0 0 9 2 4 5 6 7 8 9 10 11,1 10 9 4 15 14 12 3,1 6 4 5 21 20 17 16 13,0 4 2 5 21 20 19 17 14,0 6 3 5 21 19 17 16 12,0 16 9 4 21 20 14 13,0 15 8 4 21 19 14 12,0 13 10 4 21 19 14 12,0 13 7 3 20 19 14,0 8 6 3 19 17 14,1 14 7 2 17 14,0 4 2 2 20 18,1 14 7 2 19 18,1 13 8 1 16,1 4 2 1 16,1 6 4 1 18,0 5 4 1 18,1 12 6 1 22,1 6 3 1 22,0 11 8 1 22,1 2 1 1 22,1 0 0 0
j200205_5.sm,12,12,1 0 0 5 2 3 5 7 10,1 13 7 6 15 14 12 8 6 4,0 6 3 3 12 11 4,1 7 7 6 21 20 19 18 16 13,1 14 7 2 14 9,0 6 5 4 19 18 17 16,1 6 6 4 20 18 17 16,0 11 7 2 18 11,0 12 6 2 16 13,0 9 6 2 19 13,1 12 10 2 19 16,0 9 7 2 17 16,1 13 7 1 17,1 17 10 1 18,0 4 4 1 18,1 2 2 1 22,1 12 8 1 22,0 7 5 1 22,0 13 9 1 22,1 12 7 1 22,0 2 2 1 22,1 0 0 0
j200205_6.sm,12,12,1 0 0 7 2 3 4 5 6 7 11,1 14 8 5 20 18 16 14 10,1 2 1 5 19 18 16 14 12,0 1 1 4 20 16 14 9,1 1 1 3 21 18 8,0 15 8 5 17 16 15 14 13,1 1 1 4 19 16 14 13,1 13 9 2 17 12,0 3 3 2 17 15,0 6 5 2 15 13,0 6 5 2 15 14,1 2 2 1 13,1 13 8 1 22,0 1 1 1 22,0 1 1 1 22,0 2 1 1 22,1 1 1 1 22,0 2 1 1 22,0 9 7 1 22,1 1 1 1 22,1 4 2 1 22,1 0 0 0
j200205_7.sm,12,12,1 0 0 7 2 3 4 5 6 7 8,1 17 9 3 11 10 9,0 1 1 3 11 10 9,1 10 10 3 11 10 9,1 11 7 3 11 10 9,0 14 7 2 11 9,1 6 5 2 10 9,0 12 6 2 13 10,0 6 5 4 21 14 13 12,1 6 5 3 21 14 12,0 6 3 3 21 13 12,1 1 1 6 20 19 18 17 16 15,0 6 3 6 20 19 18 17 16 15,0 4 2 6 20 19 18 17 16 15,1 6 6 1 22,1 17 10 1 22,0 4 3 1 22,1 18 10 1 22,0 9 5 1 22,0 7 7 1 22,1 13 7 1 22,1 0 0 0
j200205_8.sm,12,12,1 0 0 3 2 3 4,0 11 9 8 21 20 19 12 10 9 8 5,0 2 1 5 20 19 17 7 6,1 8 6 4 19 18 13 7,1 6 4 6 18 17 16 15 13 11,0 1 1 4 18 16 14 12,0 18 9 3 12 11 10,0 7 6 3 17 16 11,1 7 6 3 17 16 15,1 14 7 2 15 14,1 8 5 1 14,0 10 6 1 15,0 18 10 1 14,1 3 3 1 22,0 16 9 1 22,1 15 10 1 22,1 4 3 1 22,0 17 10 1 22,1 10 8 1 22,1 6 4 1 22,0 6 3 1 22,1 0 0 0
j200205_9.sm,12,12,1 0 0 7 2 3 4 5 6 7 9,1 6 4 5 17 16 14 12 8,0 6 4 4 17 16 14 8,1 16 10 5 16 15 14 13 11,1 2 1 3 16 13 10,0 6 5 2 14 8,1 14 10 3 13 12 11,1 12 7 3 15 13 11,0 7 6 2 12 11,0 9 8 3 19 15 11,0 3 3 3 21 20 18,0 12 8 2 19 15,1 11 8 2 19 18,0 9 8 2 19 18,0 14 7 1 18,1 16 10 1 18,1 12 6 1 18,1 2 1 1 22,1 3 3 1 22,0 18 9 1 22,0 3 2 1 22,1 0 0 0
j200205_10.sm,12,12,1 0 0 10 2 3 4 6 9 17 18 19 20 21,0 4 4 5 16 15 13 10 5,1 3 2 3 14 11 7,0 6 6 3 13 11 10,0 1 1 2 11 8,1 8 5 1 7,1 17 10 1 10,0 8 7 1 12,1 1 1 1 10,0 8 4 1 22,1 1 1 1 22,1 8 8 1 22,0 9 6 1 22,1 4 4 1 22,1 10 7 1 22,0 12 7 1 22,0 4 4 1 22,1 9 8 1 22,0 10 8 1 22,0 2 2 1 22,1 18 9 1 22,1 0 0 0
j200305_1.sm,12,12,1 0 0 14 2 9 10 11 12 13 14 15 16 17 18 19 20 21,0 1 1 1 3,1 12 8 2 8 4,0 14 10 1 5,1 4 3 1 6,1 4 2 1 7,1 2 1 1 22,0 4 4 1 22,1 9 7 1 22,0 10 8 1 22,0 3 2 1 22,0 11 8 1 22,0 3 3 1 22,0 3 3 1 22,1 1 1 1 22,1 6 4 1 22,0 16 10 1 22,1 10 5 1 22,0 12 7 1 22,1 5 5 1 22,1 3 2 1 22,1 0 0 0
j200305_2.sm,12,12,1 0 0 7 2 4 5 7 8 17 18,1 2 1 2 16 3,0 14 8 4 15 11 10 6,0 13 8 3 16 15 6,1 10 8 3 15 10 6,1 10 10 4 21 14 13 9,0 4 2 3 16 13 9,1 8 5 1 9,0 1 1 1 12,1 10 10 1 12,1 12 8 1 12,0 7 5 1 19,1 3 2 1 20,0 7 4 1 20,0 8 5 1 19,1 7 5 1 19,0 9 5 1 20,1 10 5 1 19,0 10 5 1 22,0 14 8 1 22,1 2 1 1 22,1 0 0 0
j200305_3.sm,12,12,1 0 0 4 2 4 7 13,0 13 9 2 6 3,0 5 4 4 21 12 8 5,1 9 7 7 21 20 19 18 16 15 10,0 10 6 6 20 19 18 17 16 9,1 6 4 5 19 18 16 15 14,1 7 5 4 17 16 15 14,0 18 9 3 17 15 11,1 8 7 2 15 11,0 10 7 1 11,0 7 5 1 14,1 9 9 1 14,0 8 5 1 15,1 4 4 1 22,1 6 6 1 22,1 14 10 1 22,0 3 2 1 22,0 16 9 1 22,1 4 2 1 22,1 4 3 1 22,0 10 8 1 22,1 0 0 0
j200305_4.sm,12,12,1 0 0 6 2 5 6 7 9 10,0 5 3 2 4 3,0 11 6 8 21 20 19 18 17 14 13 12,0 18 9 3 21 13 8,1 1 1 6 20 19 18 17 16 12,1 12 8 3 17 13 11,0 8 5 4 17 16 13 12,0 3 2 2 18 11,0 7 4 2 19 11,1 11 6 1 11,0 4 2 2 16 12,0 16 10 1 15,1 7 6 1 15,1 4 2 1 16,1 5 5 1 22,1 11 10 1 22,1 12 7 1 22,1 4 2 1 22,1 8 6 1 22,0 1 1 1 22,0 12 6 1 22,1 0 0 0
j200305_5.sm,12,12,1 0 0 8 2 4 5 6 8 9 12 13,0 11 7 4 20 18 16 3,1 13 9 4 21 17 15 7,1 9 6 4 18 17 15 14,1 12 6 4 18 17 15 14,1 17 9 3 16 15 11,0 9 7 2 19 10,1 10 8 3 20 16 14,0 8 4 2 16 14,0 5 4 1 11,0 7 6 1 14,0 3 2 1 15,0 15 9 1 15,0 4 2 1 22,1 6 3 1 22,1 7 4 1 22,0 10 8 1 22,1 6 3 1 22,0 9 7 1 22,1 2 1 1 22,1 13 10 1 22,1 0 0 0
j200305_6.sm,12,12,1 0 0 10 2 5 8 9 16 17 18 19 20 21,0 2 2 1 3,1 4 2 3 15 11 4,1 4 2 4 14 13 12 6,0 12 8 2 12 6,1 3 3 1 7,0 13 7 1 10,1 6 5 1 11,0 14 10 1 11,1 9 6 1 22,1 2 2 1 22,1 16 8 1 22,1 12 8 1 22,1 6 5 1 22,0 17 9 1 22,0 11 6 1 22,0 3 3 1 22,0 3 2 1 22,0 13 8 1 22,0 10 9 1 22,1 8 5 1 22,1 0 0 0
j200305_7.sm,12,12,1 0 0 2 2 3,0 12 8 3 8 5 4,1 15 8 3 9 8 6,0 12 10 3 11 9 6,1 6 5 2 9 7,1 18 10 4 18 13 12 7,1 20 10 4 20 19 14 10,0 18 10 3 16 14 11,0 12 10 5 18 15 14 13 12,1 14 7 3 17 16 15,0 3 2 3 21 13 12,1 7 6 1 22,1 3 2 1 22,0 12 6 1 22,0 7 4 1 22,0 6 3 1 22,1 10 5 1 22,1 2 1 1 22,1 8 6 1 22,0 3 2 1 22,0 8 4 1 22,1 0 0 0
j200305_8.sm,12,12,1 0 0 8 2 4 6 7 8 11 12 13,0 14 10 5 21 20 16 15 3,1 14 10 2 17 5,0 2 2 3 16 15 10,0 3 3 2 18 9,1 10 7 3 20 16 14,1 9 9 3 19 17 15,1 11 8 3 19 15 14,0 7 4 1 10,1 18 9 1 14,0 13 10 1 16,0 5 5 1 15,0 2 1 1 15,1 16 9 1 22,0 2 1 1 22,0 3 2 1 22,1 3 3 1 22,1 16 9 1 22,1 5 5 1 22,0 15 8 1 22,1 8 4 1 22,1 0 0 0
j200305_9.sm,12,12,1 0 0 4 2 3 4 5,1 3 3 3 9 8 6,0 6 3 3 8 7 6,0 2 1 2 8 6,1 1 1 3 12 11 9,0 7 4 3 12 11 10,1 13 7 2 11 10,1 13 7 2 14 10,0 17 10 1 10,1 11 10 3 16 15 13,1 19 10 3 16 14 13,1 10 10 2 17 14,1 6 3 3 21 19 18,0 5 4 3 21 20 19,0 16 9 2 20 17,0 6 6 2 19 18,0 1 1 1 18,1 5 3 1 22,0 7 5 1 22,1 9 5 1 22,0 1 1 1 22,1 0 0 0
j200305_10.sm,12,12,1 0 0 11 2 3 6 8 10 16 17 18 19 20 21,1 1 1 3 15 13 4,0 7 6 2 14 7,0 2 2 1 5,0 4 2 1 7,1 14 9 1 7,0 19 10 2 12 9,1 17 9 2 12 11,0 8 7 1 11,0 16 9 1 13,0 11 10 1 22,0 12 9 1 22,1 8 8 1 22,0 7 4 1 22,1 12 9 1 22,1 13 8 1 22,1 8 5 1 22,0 1 1 1 22,1 6 3 1 22,1 3 2 1 22,1 16 10 1 22,1 0 0 0
j200405_1.sm,12,12,1 0 0 3 2 3 4,1 17 9 2 9 5,1 15 9 2 9 5,0 7 4 2 16 6,0 6 6 1 6,0 5 4 2 10 7,1 18 9 4 21 13 12 8,0 6 4 3 20 19 11,1 1 1 3 20 17 12,0 5 5 3 21 19 14,1 2 1 2 15 14,1 12 7 1 15,0 1 1 1 14,1 20 10 1 17,0 12 7 1 18,1 14 8 1 17,0 3 3 1 22,1 11 6 1 22,1 9 5 1 22,0 4 3 1 22,0 5 5 1 22,1 0 0 0
j200405_2.sm,12,12,1 0 0 3 2 4 5,0 7 7 1 3,1 3 2 4 17 10 8 6,1 10 9 3 16 9 7,1 4 3 2 10 6,0 3 3 2 16 9,1 1 1 3 21 11 10,1 14 9 4 16 15 13 12,0 16 8 3 21 15 11,1 10 7 3 20 15 14,1 3 3 2 18 12,0 9 6 2 20 14,0 1 1 2 19 18,0 12 9 1 19,0 2 1 1 18,0 6 3 1 18,1 15 9 1 18,0 3 3 1 22,0 5 3 1 22,1 14 10 1 22,1 2 2 1 22,1 0 0 0
j200405_3.sm,12,12,1 0 0 3 2 12 13,0 12 6 2 5 3,0 1 1 2 7 4,1 10 6 3 9 8 6,0 4 2 2 8 6,0 6 3 2 16 10,1 9 6 2 16 11,1 3 3 1 10,0 7 6 5 21 20 17 16 14,1 7 6 1 11,0 1 1 5 21 20 18 15 14,1 6 4 3 20 19 18,0 5 3 1 16,0 8 7 1 19,1 14 9 1 19,1 12 8 1 18,1 4 2 1 18,0 3 3 1 22,0 5 3 1 22,1 11 7 1 22,1 13 8 1 22,1 0 0 0
j200405_4.sm,12,12,1 0 0 5 2 3 6 12 14,1 2 2 2 11 5,0 9 8 2 8 4,0 13 7 3 11 9 7,1 16 9 2 8 7,0 12 7 3 11 10 9,0 4 3 2 15 10,1 8 8 1 9,1 9 8 2 15 13,0 19 10 1 13,0 9 6 1 13,1 8 8 1 13,0 6 4 3 18 17 16,0 9 5 2 18 17,1 10 8 1 16,1 15 10 2 21 19,0 11 7 2 21 19,1 6 3 2 21 20,1 1 1 1 20,1 12 6 1 22,0 9 9 1 22,1 0 0 0
j200405_5.sm,12,12,1 0 0 6 2 5 13 19 20 21,1 10 6 2 10 3,0 12 8 4 18 17 8 4,0 1 1 3 16 15 6,0 10 5 2 12 9,0 7 4 1 7,0 7 4 1 9,1 17 9 1 9,1 7 5 1 11,1 2 2 1 11,1 7 7 1 14,0 10 7 1 14,1 7 7 1 15,1 8 6 1 22,0 8 4 1 22,1 1 1 1 22,0 4 3 1 22,0 17 10 1 22,1 11 7 1 22,1 2 2 1 22,0 2 2 1 22,1 0 0 0
j200405_6.sm,12,12,1 0 0 3 2 3 5,0 1 1 2 9 4,1 3 2 4 21 13 11 7,1 6 3 1 6,1 7 5 1 6,0 9 6 3 13 11 7,0 9 5 3 19 14 8,1 9 9 4 20 18 17 10,0 10 6 3 18 13 12,1 9 7 2 16 12,0 2 2 2 19 17,1 12 9 1 15,0 8 7 1 15,1 16 8 1 16,1 7 4 1 22,0 15 9 1 22,1 7 4 1 22,0 8 6 1 22,1 16 8 1 22,0 10 5 1 22,0 9 6 1 22,1 0 0 0
j200405_7.sm,12,12,1 0 0 4 2 3 4 5,1 4 3 3 8 7 6,0 12 8 2 8 6,0 2 1 2 8 6,1 2 2 3 10 9 8,1 18 9 3 11 10 9,0 8 5 2 10 9,1 15 8 2 12 11,0 14 9 2 13 12,0 9 8 3 16 14 13,0 7 5 3 16 14 13,0 5 4 2 16 14,1 2 1 1 15,1 16 8 3 21 18 17,1 13 8 3 21 18 17,1 5 4 2 21 18,1 18 10 1 19,0 11 10 1 20,0 14 7 1 20,1 5 3 1 22,0 4 2 1 22,1 0 0 0
j200405_8.sm,12,12,1 0 0 6 2 6 12 19 20 21,0 15 10 3 18 11 3,0 2 1 4 16 14 8 4,1 2 1 2 15 5,1 11 8 1 7,1 2 2 2 17 10,0 7 4 1 9,1 12 7 1 9,1 2 2 1 10,0 10 10 1 13,1 3 3 1 13,0 2 2 1 14,1 10 7 1 22,0 2 2 1 22,0 7 5 1 22,1 13 9 1 22,1 8 5 1 22,0 4 3 1 22,1 9 5 1 22,0 13 8 1 22,0 9 8 1 22,1 0 0 0
j200405_9.sm,12,12,1 0 0 3 2 3 5,0 9 6 2 6 4,1 2 1 2 6 4,1 6 3 4 11 9 8 7,1 12 9 1 6,0 14 9 3 11 9 7,0 4 2 2 12 10,1 9 7 2 12 10,1 18 10 2 14 12,1 11 7 3 16 14 13,0 4 2 3 16 14 13,0 7 7 3 19 16 13,1 3 3 1 15,1 11 9 3 21 19 17,0 15 9 2 18 17,0 3 3 2 18 17,0 2 2 1 20,0 4 4 1 21,1 14 9 1 20,0 6 3 1 22,1 9 9 1 22,1 0 0 0
j200405_10.sm,12,12,1 0 0 5 2 5 6 8 9,1 3 3 4 20 14 13 3,0 4 4 2 21 4,0 13 8 3 18 17 7,0 10 5 3 20 19 7,1 6 5 4 18 17 13 11,1 4 2 1 10,1 12 10 3 18 17 13,1 12 7 3 16 13 12,0 5 3 1 11,0 7 7 2 16 12,0 2 1 1 15,1 5 4 1 15,1 10 7 1 19,0 10 9 1 22,0 11 8 1 22,1 1 1 1 22,0 3 3 1 22,1 8 8 1 22,1 14 7 1 22,0 10 7 1 22,1 0 0 0
j200505_1.sm,12,12,1 0 0 2 2 21,0 8 8 1 3,0 4 4 2 20 4,1 16 10 2 12 5,1 3 3 3 19 9 6,0 13 10 2 17 7,0 15 9 1 8,1 7 7 3 16 15 10,0 10 8 2 15 10,0 4 3 2 14 11,0 10 7 1 13,1 8 7 1 18,1 8 7 1 22,1 10 6 1 22,0 8 8 1 22,1 17 10 1 22,1 1 1 1 22,1 6 6 1 22,0 4 4 1 22,0 6 6 1 22,1 14 7 1 22,1 0 0 0
j200505_2.sm,12,12,1 0 0 1 2,0 1 1 1 3,1 9 5 2 5 4,1 9 8 2 8 6,1 7 5 1 6,1 2 1 2 9 7,1 12 6 3 12 11 10,1 19 10 2 10 9,0 14 9 3 15 14 13,0 8 4 2 14 13,0 4 3 2 15 14,1 14 10 1 13,1 11 7 2 18 16,1 15 10 2 18 16,0 6 5 3 21 20 18,0 4 4 2 21 17,1 6 6 2 20 19,0 4 2 1 19,0 2 2 1 22,0 11 6 1 22,0 8 6 1 22,1 0 0 0
j200505_3.sm,12,12,1 0 0 5 2 6 7 9 21,1 17 9 3 12 11 3,1 11 6 2 17 4,1 1 1 1 5,0 8 5 2 14 8,0 2 2 2 20 11,1 15 8 2 17 13,1 6 6 1 10,0 1 1 1 10,1 1 1 2 19 13,1 7 6 2 19 13,0 6 4 1 13,0 8 4 1 15,1 8 8 2 20 19,0 2 1 1 16,0 4 3 1 18,0 1 1 1 19,1 10 6 1 22,0 8 7 1 22,1 2 1 1 22,0 7 5 1 22,1 0 0 0
j200505_4.sm,12,12,1 0 0 3 2 5 8,1 4 2 2 10 3,1 11 8 2 21 4,1 4 2 2 11 6,1 4 2 4 17 16 12 10,1 11 10 2 20 7,0 13 10 2 16 9,0 12 7 2 10 9,0 4 2 3 19 14 12,0 9 5 2 19 14,0 17 10 1 12,1 18 10 1 13,0 6 3 1 15,1 17 10 1 15,1 4 4 1 18,0 13 9 1 19,0 10 7 1 20,0 7 4 1 22,1 1 1 1 22,0 7 4 1 22,1 14 10 1 22,1 0 0 0
j200505_5.sm,12,12,1 0 0 3 2 5 9,0 11 8 2 12 3,1 9 5 2 21 4,1 8 8 3 20 10 6,0 9 7 4 17 16 12 11,1 11 10 2 14 7,0 7 6 2 16 8,0 1 1 2 19 11,1 10 7 2 14 11,1 14 8 1 11,0 14 10 1 13,0 13 7 1 14,0 6 6 1 15,0 13 10 1 15,1 10 8 1 18,1 3 3 1 19,0 2 1 1 20,1 1 1 1 22,0 11 9 1 22,1 13 8 1 22,1 10 5 1 22,1 0 0 0
j200505_6.sm,12,12,1 0 0 3 2 4 6,1 4 3 1 3,1 13 10 2 7 5,0 11 9 2 11 7,1 8 8 2 11 8,1 2 1 2 11 8,1 11 7 1 8,0 9 8 1 9,1 4 2 2 15 10,0 10 7 2 13 12,1 16 8 3 17 14 13,0 2 1 3 17 16 14,0 10 8 2 18 16,0 3 3 2 20 18,1 8 4 2 21 18,0 6 6 2 21 20,1 13 10 2 20 19,0 7 4 1 19,1 15 8 1 22,0 8 7 1 22,0 2 1 1 22,1 0 0 0
j200505_7.sm,12,12,1 0 0 1 2,1 6 4 1 3,0 12 9 2 5 4,0 9 7 1 6,1 6 4 1 6,0 2 2 1 7,0 10 9 2 9 8,1 13 9 2 12 10,1 8 4 1 10,0 20 10 4 15 14 13 11,1 11 10 5 21 20 18 17 16,1 3 3 5 21 20 18 17 16,0 10 8 4 21 20 17 16,0 16 9 4 20 18 17 16,0 2 2 2 21 20,1 4 2 1 19,1 4 3 1 19,1 11 6 1 19,0 8 7 1 22,1 5 3 1 22,0 4 2 1 22,1 0 0 0
j200505_8.sm,12,12,1 0 0 2 2 3,0 6 6 2 6 5,0 13 10 2 8 4,0 14 8 1 5,1 18 9 3 15 11 7,1 9 7 2 9 8,0 10 10 2 13 9,1 16 10 2 15 11,1 10 6 1 10,0 2 2 2 14 12,1 8 7 2 14 12,0 11 6 3 18 17 16,0 2 1 3 21 17 16,0 6 4 2 21 19,0 13 10 1 16,0 10 7 1 19,1 10 7 1 19,1 10 8 1 19,1 4 4 1 20,1 5 3 1 22,1 7 5 1 22,1 0 0 0
j200505_9.sm,12,12,1 0 0 5 2 18 19 20 21,0 2 1 4 17 16 15 3,0 13 9 1 4,1 7 4 3 14 13 5,1 9 6 1 6,0 12 6 2 12 7,0 1 1 1 8,1 8 8 1 9,0 1 1 1 10,0 16 9 1 11,1 1 1 1 22,1 5 5 1 22,0 14 7 1 22,1 10 6 1 22,0 8 8 1 22,1 2 1 1 22,1 2 2 1 22,0 19 10 1 22,1 13 8 1 22,1 2 1 1 22,0 12 7 1 22,1 0 0 0
j200505_10.sm,12,12,1 0 0 2 2 3,1 7 7 4 10 9 8 4,0 2 1 4 10 9 7 6,1 5 4 1 5,0 2 2 2 12 7,1 5 3 2 12 8,1 6 3 2 15 11,0 3 3 2 15 11,0 8 6 2 15 11,1 17 9 2 12 11,0 12 6 2 14 13,1 14 8 1 13,0 4 4 1 16,0 1 1 1 16,1 9 6 1 16,0 2 1 2 19 17,1 11 9 2 20 18,0 11 10 1 21,1 12 7 1 20,0 2 1 1 22,1 2 1 1 22,1 0 0 0
j200605_1.sm,12,12,1 0 0 2 2 4,0 14 7 1 3,0 4 2 3 9 7 5,1 10 6 2 7 5,0 3 2 2 8 6,0 7 6 2 12 10,1 4 3 1 8,1 3 3 1 10,1 4 2 1 10,0 9 5 1 11,0 11 9 1 13,0 10 6 1 13,1 9 6 2 16 14,0 8 5 1 15,0 8 4 3 20 19 17,0 6 6 3 20 19 17,1 8 8 1 18,1 1 1 1 21,1 9 9 1 21,1 10 10 1 21,1 5 5 1 22,1 0 0 0
j200605_2.sm,12,12,1 0 0 2 2 4,0 8 5 2 11 3,0 14 7 3 10 8 5,0 10 6 1 5,0 1 1 1 6,0 2 1 2 13 7,0 10 7 2 17 9,1 12 9 2 17 9,1 3 2 1 12,0 1 1 1 12,0 11 9 1 12,1 4 3 1 14,1 1 1 1 14,0 10 9 1 15,1 14 8 3 21 20 16,1 12 6 1 18,0 6 5 1 18,1 4 2 1 19,1 8 4 1 22,1 14 8 1 22,1 6 3 1 22,1 0 0 0
j200605_3.sm,12,12,1 0 0 6 2 8 11 13 20 21,0 11 7 2 19 3,1 3 3 2 18 4,0 10 10 1 5,1 8 8 1 6,0 16 10 2 17 7,1 12 7 1 9,1 1 1 1 9,0 18 9 1 10,0 9 9 1 12,1 14 7 1 12,0 7 7 1 14,1 11 7 1 14,1 4 4 1 15,0 12 9 1 16,0 13 7 1 22,1 4 2 1 22,0 3 2 1 22,1 3 2 1 22,1 4 3 1 22,0 12 9 1 22,1 0 0 0
j200605_4.sm,12,12,1 0 0 2 2 4,0 11 10 2 11 3,1 4 2 3 15 7 5,1 1 1 1 5,1 7 7 1 6,1 9 5 3 18 13 8,0 10 5 2 18 9,1 14 10 1 9,1 15 8 1 10,1 4 2 1 12,0 1 1 1 12,0 8 8 2 21 14,1 10 8 2 21 14,0 8 4 2 20 16,0 9 7 1 16,0 12 6 1 17,0 4 2 1 19,0 4 4 1 19,0 8 5 1 22,1 6 3 1 22,1 16 9 1 22,1 0 0 0
j200605_5.sm,12,12,1 0 0 1 2,1 17 10 1 3,0 10 6 3 7 6 4,1 19 10 2 9 5,1 4 2 3 12 10 8,1 14 8 3 12 9 8,1 11 10 2 12 11,0 11 8 1 11,1 9 7 1 11,0 8 6 1 11,1 19 10 1 13,0 14 9 1 13,0 9 8 2 15 14,0 6 5 2 17 16,0 3 2 2 18 17,1 11 10 2 20 18,0 18 10 2 20 19,1 5 4 1 19,1 2 1 1 21,0 10 9 1 21,0 7 4 1 22,1 0 0 0
j200605_6.sm,12,12,1 0 0 2 2 5,1 6 4 2 18 3,1 7 5 3 13 10 4,1 6 5 2 15 6,0 8 4 2 15 8,1 3 2 1 7,0 2 1 1 8,1 4 4 1 9,0 7 5 3 17 14 11,0 7 5 2 17 12,0 13 7 1 12,1 4 2 2 21 16,1 9 7 2 21 17,0 9 6 2 21 19,0 5 5 2 21 19,1 7 4 1 19,0 2 1 1 19,1 8 6 1 19,0 1 1 1 20,1 4 3 1 22,0 12 9 1 22,1 0 0 0
j200605_7.sm,12,12,1 0 0 4 2 4 20 21,0 9 7 1 3,0 6 5 3 19 18 5,0 6 3 1 5,0 2 2 1 6,0 1 1 3 17 16 7,1 7 6 1 8,1 7 4 2 15 9,0 15 8 1 10,0 11 6 1 11,0 4 2 1 12,0 2 1 1 13,1 13 7 1 14,0 7 5 1 22,1 7 4 1 22,1 14 8 1 22,1 1 1 1 22,1 5 5 1 22,1 7 5 1 22,1 8 6 1 22,1 10 10 1 22,1 0 0 0
j200605_8.sm,12,12,1 0 0 1 2,1 15 9 2 5 3,0 12 10 2 9 4,0 8 4 2 7 6,0 4 3 2 8 6,0 12 10 2 15 10,0 7 5 1 8,1 13 9 1 10,0 16 8 1 10,1 14 8 1 11,1 8 6 3 18 14 12,1 14 9 2 16 13,1 16 8 1 17,1 14 8 1 16,0 8 7 1 16,1 15 10 1 19,0 15 9 1 19,1 8 8 1 19,0 13 8 2 21 20,0 17 9 1 22,1 6 5 1 22,1 0 0 0
j200605_9.sm,12,12,1 0 0 2 2 3,0 4 3 3 12 6 5,0 9 7 2 12 4,1 14 9 1 5,1 12 6 1 7,0 13 10 1 7,0 12 7 1 8,0 16 10 2 11 9,1 2 1 3 15 14 10,1 10 5 2 19 16,0 12 7 2 17 13,1 6 4 1 15,1 3 2 2 19 18,0 9 5 2 19 18,0 3 3 1 17,1 5 3 1 17,0 5 5 1 18,1 7 5 1 20,0 2 1 1 20,1 8 4 1 21,1 6 5 1 22,1 0 0 0
j200605_10.sm,12,12,1 0 0 3 2 9 21,0 9 8 2 17 3,1 5 4 2 10 4,1 19 10 2 20 5,0 5 4 1 6,0 7 6 1 7,0 5 4 1 8,1 13 8 3 16 13 11,0 5 3 2 20 11,1 6 5 3 19 16 14,1 12 6 2 19 12,1 4 4 1 14,0 7 6 2 19 18,0 3 2 1 15,1 8 8 1 18,0 6 6 1 18,1 6 3 1 18,0 10 6 1 22,1 3 3 1 22,0 14 9 1 22,1 1 1 1 22,1 0 0 0
j200705_1.sm,12,12,1 0 0 1 2,1 11 7 2 5 3,0 7 6 1 4,1 10 10 1 6,0 6 4 1 6,0 5 5 2 10 7,0 6 6 1 8,1 14 7 1 9,1 6 3 2 17 11,1 10 10 1 11,1 6 3 1 12,0 7 5 1 13,1 10 9 3 16 15 14,1 13 8 2 20 18,0 9 9 2 20 18,1 14 9 1 18,0 4 4 1 18,1 14 7 1 19,0 4 4 1 21,0 3 2 1 21,0 10 10 1 22,1 0 0 0
j200705_2.sm,12,12,1 0 0 2 2 6,0 12 7 1 3,1 13 7 2 12 4,0 6 3 1 5,0 5 5 1 7,0 10 7 1 7,0 4 3 1 8,1 17 9 1 9,1 4 2 2 16 10,0 10 5 2 19 11,1 12 8 1 13,0 2 1 1 13,1 11 9 3 21 18 14,0 7 4 1 15,0 11 10 1 17,0 11 7 1 17,1 3 2 1 20,1 13 7 1 20,1 2 1 1 20,1 2 2 1 22,1 6 4 1 22,1 0 0 0
j200705_3.sm,12,12,1 0 0 2 2 5,1 7 4 1 3,1 2 1 1 4,1 8 6 1 6,0 1 1 1 6,0 8 7 1 7,0 11 6 1 8,0 2 2 1 9,0 9 9 2 12 10,1 6 4 2 13 11,1 9 5 1 14,1 17 9 1 13,1 3 2 2 18 15,1 18 9 2 18 15,1 2 1 1 16,0 8 4 2 19 17,0 8 7 2 21 20,0 12 8 2 21 20,1 1 1 1 20,0 4 4 1 22,0 1 1 1 22,1 0 0 0
j200705_4.sm,12,12,1 0 0 3 2 20 21,0 5 4 1 3,0 2 2 1 4,0 7 5 1 5,1 18 9 2 19 6,1 2 2 2 18 7,1 19 10 1 8,0 11 7 1 9,1 13 7 2 17 10,0 14 10 2 16 11,1 9 9 1 12,0 13 8 1 13,1 8 5 1 14,0 20 10 1 15,0 6 5 1 22,0 12 10 1 22,0 4 2 1 22,1 1 1 1 22,1 4 3 1 22,1 12 8 1 22,1 5 5 1 22,1 0 0 0
j200705_5.sm,12,12,1 0 0 1 2,0 7 5 1 3,1 16 8 2 9 4,0 10 5 2 6 5,1 11 6 3 14 13 7,0 8 7 2 13 10,1 5 5 1 8,1 8 6 1 10,1 8 8 3 17 14 12,0 18 10 1 11,0 13 8 2 17 12,1 1 1 2 21 15,0 2 2 2 21 15,0 2 1 2 21 16,1 9 6 1 16,0 9 5 1 18,1 13 10 1 18,0 7 5 1 19,0 5 3 1 20,1 11 8 1 22,1 14 9 1 22,1 0 0 0
j200705_6.sm,12,12,1 0 0 2 2 5,0 9 8 2 8 3,0 13 10 1 4,0 1 1 1 6,0 17 9 1 6,0 2 1 1 7,0 8 6 2 13 9,1 3 3 1 9,0 10 5 1 10,0 1 1 1 11,1 20 10 2 16 12,1 16 9 1 14,1 12 6 1 14,1 5 3 1 15,1 2 1 2 19 17,1 7 6 2 19 18,0 2 1 2 20 18,1 4 2 1 21,1 10 6 1 20,0 1 1 1 22,1 16 9 1 22,1 0 0 0
j200705_7.sm,12,12,1 0 0 2 2 4,1 8 7 1 3,0 12 8 1 5,1 2 1 1 5,0 15 9 1 6,1 11 6 2 8 7,1 2 1 3 13 11 9,0 7 6 2 13 10,0 9 7 1 10,1 5 4 2 17 12,0 12 7 1 12,0 2 1 1 14,0 1 1 1 14,0 5 3 1 15,0 10 9 1 16,1 8 6 2 20 18,1 3 2 2 20 18,0 2 1 1 19,1 12 7 1 21,1 1 1 1 21,1 14 9 1 22,1 0 0 0
j200705_8.sm,12,12,1 0 0 2 2 4,1 2 1 1 3,0 6 6 2 10 5,1 9 7 2 10 6,1 2 1 1 6,0 4 4 1 7,1 7 5 2 9 8,0 9 7 2 19 11,1 16 10 2 19 12,1 1 1 2 19 12,0 5 4 1 12,0 13 7 1 13,0 4 2 1 14,1 9 9 3 21 17 15,1 9 7 1 16,0 12 10 1 18,0 4 2 1 18,1 9 6 1 20,0 6 4 1 21,0 2 1 1 22,1 16 8 1 22,1 0 0 0
j200705_9.sm,12,12,1 0 0 3 2 20 21,1 10 5 1 3,1 6 4 2 19 4,0 2 1 2 18 5,0 4 4 1 6,0 5 4 2 17 7,0 10 5 1 8,0 12 7 1 9,1 2 2 2 16 10,1 10 5 1 11,0 4 4 1 12,0 10 7 1 13,1 1 1 1 14,0 10 8 1 15,1 15 8 1 22,0 19 10 1 22,1 4 3 1 22,1 13 7 1 22,1 12 9 1 22,1 11 9 1 22,0 10 10 1 22,1 0 0 0
j200705_10.sm,12,12,1 0 0 2 2 13,0 1 1 1 3,1 7 6 1 4,1 6 4 1 5,0 17 10 2 21 6,0 11 7 2 20 7,0 6 5 2 18 8,1 15 8 2 19 9,0 3 3 1 10,0 2 2 2 17 11,0 7 5 1 12,1 4 2 1 14,1 10 10 2 18 16,1 5 3 1 15,1 13 7 1 16,1 3 3 1 22,0 2 2 1 22,0 7 5 1 22,1 13 9 1 22,1 9 9 1 22,0 11 10 1 22,1 0 0 0
j200805_1.sm,12,12,1 0 0 3 2 3 9,1 8 4 1 4,0 4 4 2 7 6,1 8 8 1 5,0 13 8 1 6,1 19 10 1 8,1 10 6 1 8,0 14 9 1 10,0 6 5 1 10,0 20 10 1 11,0 2 1 1 12,1 4 3 2 18 13,1 11 9 1 14,0 4 2 1 15,1 2 1 1 16,1 2 2 1 17,0 16 10 1 19,1 2 2 1 19,1 6 5 1 20,0 14 9 1 21,0 17 9 1 22,1 0 0 0
j200805_2.sm,12,12,1 0 0 1 2,1 7 5 2 13 3,0 7 6 1 4,1 6 3 1 5,1 5 4 1 6,0 6 3 2 12 7,1 10 5 1 8,1 8 4 2 20 9,0 16 9 1 10,1 8 4 1 11,1 2 1 2 18 14,0 7 4 2 18 14,1 4 4 2 18 14,0 4 2 1 15,1 4 2 1 16,0 4 2 1 17,1 2 1 1 19,0 1 1 1 19,0 11 6 1 21,0 10 9 1 21,0 13 7 1 22,1 0 0 0
j200805_3.sm,12,12,1 0 0 1 2,0 2 1 1 3,1 5 3 2 5 4,0 4 3 1 6,0 2 2 1 6,1 5 5 1 7,1 2 1 1 8,1 8 4 1 9,0 12 6 1 10,1 15 8 2 14 11,0 14 7 1 12,0 1 1 2 17 13,0 17 10 1 15,0 7 4 1 15,1 1 1 1 16,1 11 8 2 21 18,1 3 3 2 21 18,1 7 4 1 19,1 12 6 1 20,0 14 8 1 22,0 8 5 1 22,1 0 0 0
j200805_4.sm,12,12,1 0 0 2 2 21,1 5 3 1 3,1 4 2 1 4,0 12 6 1 5,1 17 9 1 6,0 4 4 2 10 7,1 16 8 2 17 8,0 12 8 1 9,1 9 5 1 11,1 5 4 2 17 13,0 8 7 1 12,1 13 7 1 13,0 11 9 1 14,0 9 8 2 20 15,1 2 2 1 16,1 11 6 1 18,1 9 6 1 18,0 4 4 1 19,0 8 6 1 22,0 2 2 1 22,0 13 8 1 22,1 0 0 0
j200805_5.sm,12,12,1 0 0 4 2 13 20 21,0 2 1 1 3,1 9 7 1 4,1 7 7 1 5,0 3 2 1 6,0 12 7 1 7,0 11 8 1 8,1 14 7 1 9,1 3 3 1 10,0 2 2 1 11,0 14 8 1 12,1 5 4 1 14,1 2 1 1 14,0 19 10 2 19 15,0 15 8 1 16,1 8 8 1 17,0 11 6 1 18,1 13 8 1 22,1 1 1 1 22,1 2 1 1 22,0 4 3 1 22,1 0 0 0
j200805_6.sm,12,12,1 0 0 1 2,0 14 8 2 10 3,0 7 7 1 4,1 11 7 1 5,0 11 7 1 6,1 15 10 1 7,0 17 10 2 13 8,1 8 4 1 9,1 11 6 2 17 11,0 6 5 1 11,1 9 6 1 12,1 11 10 2 19 14,1 4 3 2 19 14,0 10 9 1 15,1 16 10 1 16,1 14 9 1 18,0 10 8 1 18,1 6 6 1 20,0 2 1 1 20,0 8 6 1 21,0 5 3 1 22,1 0 0 0
j200805_7.sm,12,12,1 0 0 1 2,1 14 8 1 3,1 9 7 2 12 4,0 1 1 1 5,1 10 7 1 6,0 19 10 1 7,1 13 10 1 8,0 1 1 1 9,0 8 8 2 15 10,1 3 3 1 11,1 8 5 1 13,0 20 10 1 13,0 13 9 2 21 14,0 8 5 1 16,0 16 8 3 21 20 18,0 10 10 2 20 17,0 14 9 1 18,1 4 3 1 19,1 8 4 1 22,1 5 4 1 22,1 9 7 1 22,1 0 0 0
j200805_8.sm,12,12,1 0 0 3 2 9 21,0 4 3 1 3,0 7 5 1 4,0 6 3 1 5,0 6 4 1 6,1 4 4 1 7,1 13 9 1 8,0 6 6 1 10,0 14 7 1 10,1 8 5 1 11,1 3 2 1 12,1 9 8 2 20 13,1 13 7 1 14,1 6 6 2 19 15,0 11 7 1 16,1 9 7 1 17,0 16 10 1 18,1 4 2 1 22,1 2 1 1 22,0 19 10 1 22,0 2 1 1 22,1 0 0 0
j200805_9.sm,12,12,1 0 0 1 2,1 11 7 1 3,0 12 10 2 17 4,1 9 7 1 5,0 11 9 1 6,0 12 6 3 21 20 7,1 13 7 1 8,1 2 1 2 19 9,1 10 6 1 10,1 2 1 1 11,0 18 10 1 12,1 6 3 1 13,0 12 8 1 14,1 8 5 1 15,0 18 9 1 16,0 8 7 1 18,0 14 10 1 18,1 4 4 1 22,1 5 3 1 22,0 10 6 1 22,0 14 10 1 22,1 0 0 0
j200805_10.sm,12,12,1 0 0 1 2,0 4 4 1 3,1 11 9 1 4,1 17 10 1 5,0 13 8 1 6,1 10 7 2 9 7,0 13 10 1 8,0 10 9 1 10,1 11 8 1 10,0 10 9 1 11,0 6 4 1 12,1 7 6 2 16 13,1 5 4 2 18 14,1 7 7 1 15,0 6 3 2 20 17,0 15 10 2 20 19,1 9 9 1 19,0 2 1 1 19,1 10 9 1 21,1 7 5 1 21,0 12 6 1 22,1 0 0 0
j200905_1.sm,12,12,1 0 0 1 2,1 8 5 1 3,1 1 1 1 4,1 6 4 1 5,0 5 5 1 6,0 10 7 1 7,1 1 1 1 8,0 5 5 2 21 9,1 8 5 1 10,0 5 4 1 11,1 6 6 1 12,0 14 10 1 13,1 14 10 1 14,1 8 4 1 15,1 1 1 1 16,0 7 6 2 20 17,0 2 1 1 18,1 20 10 1 19,0 6 4 1 22,0 3 2 1 22,0 4 3 1 22,1 0 0 0
j200905_2.sm,12,12,1 0 0 1 2,1 12 8 2 13 3,0 8 8 1 4,0 13 10 1 5,1 9 5 1 6,1 1 1 1 7,0 12 8 1 8,0 8 6 1 9,1 19 10 1 10,0 10 8 1 11,1 13 8 1 12,1 13 10 2 21 14,1 8 6 2 21 14,1 2 1 1 15,1 11 6 1 16,1 3 3 1 17,0 10 8 1 18,0 4 4 1 19,0 17 9 1 20,0 2 1 1 22,0 6 5 1 22,1 0 0 0
j200905_3.sm,12,12,1 0 0 1 2,0 6 4 1 3,1 9 6 1 4,1 9 7 2 21 5,1 4 2 1 6,0 3 3 1 7,0 4 3 1 8,0 17 9 1 9,0 12 8 1 10,0 14 9 1 11,1 6 6 2 20 12,0 1 1 1 13,1 2 1 1 14,1 2 2 1 15,0 13 10 1 16,1 12 9 1 17,1 9 6 1 18,0 6 5 1 19,1 11 7 1 22,0 7 6 1 22,1 6 4 1 22,1 0 0 0
j200905_4.sm,12,12,1 0 0 1 2,1 4 3 1 3,0 18 10 1 4,1 14 7 1 5,1 14 7 1 6,1 6 6 1 7,0 18 9 1 8,1 13 9 2 19 9,0 6 3 1 10,0 20 10 1 11,0 2 1 1 12,0 5 3 1 13,1 10 5 1 14,0 5 4 1 15,0 9 6 1 16,1 10 5 1 17,0 14 7 2 21 18,0 6 3 1 20,1 12 6 1 20,1 10 9 1 22,1 14 8 1 22,1 0 0 0
j200905_5.sm,12,12,1 0 0 1 2,0 6 4 1 3,1 6 5 1 4,1 2 1 1 5,1 12 8 1 6,0 11 10 1 7,1 7 5 2 12 8,0 7 6 1 9,0 16 8 1 10,1 14 9 1 11,0 6 5 1 13,1 4 4 1 13,1 9 7 1 14,0 2 1 1 15,0 9 8 2 21 16,0 2 2 1 17,1 6 4 1 18,1 8 4 1 19,0 8 5 1 20,1 9 7 1 22,0 2 1 1 22,1 0 0 0
j200905_6.sm,12,12,1 0 0 1 2,1 14 8 1 3,0 15 9 2 15 4,0 12 6 1 5,1 7 4 1 6,1 5 5 1 7,0 3 3 1 8,0 8 4 1 9,0 3 2 1 10,0 3 2 1 11,1 19 10 1 12,1 10 5 1 13,0 7 4 1 14,1 3 2 2 21 16,0 3 3 1 16,1 6 4 1 17,1 11 6 1 18,0 6 3 1 19,1 4 3 1 20,0 7 6 1 22,1 13 8 1 22,1 0 0 0
j200905_7.sm,12,12,1 0 0 1 2,0 8 6 1 3,0 12 10 1 4,0 10 10 1 5,0 7 7 1 6,1 11 9 1 7,1 20 10 1 8,1 4 2 1 9,0 17 9 1 10,1 11 10 1 11,1 4 2 2 14 12,0 9 9 2 17 13,1 10 9 1 15,0 9 7 1 15,1 7 4 1 16,1 16 10 1 18,0 7 7 1 18,1 4 3 1 19,0 17 9 1 20,1 8 5 1 21,0 14 7 1 22,1 0 0 0
j200905_8.sm,12,12,1 0 0 1 2,0 16 8 1 3,1 3 2 1 4,1 6 5 1 5,0 12 8 1 6,1 17 9 1 7,1 3 2 1 8,0 13 7 1 9,0 8 8 1 10,1 13 10 1 11,0 16 8 2 16 12,0 10 6 2 18 13,0 13 9 1 14,1 3 2 1 15,1 1 1 1 17,0 3 2 1 17,1 8 4 1 19,1 4 4 1 19,0 9 5 1 20,1 5 5 1 21,0 6 5 1 22,1 0 0 0
j200905_9.sm,12,12,1 0 0 2 2 12,0 8 4 1 3,1 11 7 1 4,1 8 4 1 5,1 3 3 1 6,1 3 2 1 7,0 6 4 1 8,1 2 1 1 9,0 2 2 1 10,1 9 5 1 11,0 2 2 1 13,1 9 7 1 13,0 15 8 1 14,1 4 2 1 15,1 8 6 1 16,0 2 2 1 17,0 6 6 2 21 18,0 5 5 1 19,0 7 5 1 20,0 2 2 1 22,1 7 4 1 22,1 0 0 0
j200905_10.sm,12,12,1 0 0 1 2,1 2 1 1 3,1 18 9 1 4,1 14 8 1 5,1 10 6 1 6,0 4 3 2 9 7,0 5 5 1 8,1 1 1 2 12 10,0 8 5 1 10,1 8 4 1 11,1 2 2 1 13,0 17 10 1 13,1 11 6 1 14,1 13 8 1 15,0 9 8 1 16,0 9 5 1 17,0 14 7 1 18,1 12 9 1 19,0 15 8 1 20,0 10 7 1 21,0 7 6 1 22,1 0 0 0
j201005_1.sm,12,12,1 0 0 1 2,1 5 3 1 3,0 6 5 1 4,1 2 2 1 5,0 4 2 1 6,1 11 6 1 7,1 7 6 1 8,1 16 9 1 9,0 6 3 1 10,0 8 6 1 11,0 9 5 1 12,1 6 3 1 13,0 6 6 1 14,0 14 7 1 15,1 17 9 1 16,0 7 6 1 17,1 10 10 1 18,1 6 5 1 19,1 8 6 1 20,0 16 9 1 21,0 5 3 1 22,1 0 0 0
j201005_2.sm,12,12,1 0 0 1 2,1 5 3 1 3,0 7 5 1 4,1 4 2 1 5,1 2 2 1 6,0 10 6 1 7,1 7 6 1 8,0 14 9 1 9,0 3 3 1 10,0 6 6 1 11,1 5 5 1 12,0 3 3 1 13,1 11 6 1 14,1 10 7 1 15,0 11 9 1 16,1 10 6 1 17,0 18 10 1 18,0 7 5 1 19,1 6 6 1 20,1 15 9 1 21,0 4 3 1 22,1 0 0 0
j201005_3.sm,12,12,1 0 0 1 2,0 3 3 1 3,0 8 5 1 4,1 3 2 1 5,0 3 2 1 6,0 8 6 1 7,1 8 6 1 8,1 17 9 1 9,0 4 3 1 10,0 9 6 1 11,1 5 5 1 12,0 4 3 1 13,0 12 6 1 14,1 10 7 1 15,1 15 9 1 16,1 8 6 1 17,0 16 10 1 18,1 8 5 1 19,1 11 6 1 20,1 11 9 1 21,0 4 3 1 22,1 0 0 0
j201005_4.sm,12,12,1 0 0 1 2,0 4 3 1 3,0 10 5 1 4,1 2 2 1 5,1 4 2 1 6,0 8 6 1 7,0 10 6 1 8,0 15 9 1 9,0 6 3 1 10,1 10 6 1 11,1 9 5 1 12,1 6 3 1 13,1 12 6 1 14,0 14 7 1 15,1 11 9 1 16,0 7 6 1 17,1 18 10 1 18,1 6 5 1 19,0 9 6 1 20,1 12 9 1 21,0 3 3 1 22,1 0 0 0
j201005_5.sm,12,12,1 0 0 1 2,1 6 3 1 3,0 5 5 1 4,0 4 2 1 5,0 2 2 1 6,1 10 6 1 7,1 12 6 1 8,0 14 9 1 9,1 3 3 1 10,0 12 6 1 11,0 8 5 1 12,0 4 3 1 13,1 10 6 1 14,1 8 7 1 15,0 12 9 1 16,1 12 6 1 17,0 20 10 1 18,1 8 5 1 19,1 6 6 1 20,0 15 9 1 21,1 5 3 1 22,1 0 0 0
j201005_6.sm,12,12,1 0 0 1 2,0 6 3 1 3,0 8 5 1 4,0 2 2 1 5,0 3 2 1 6,1 9 6 1 7,1 12 6 1 8,1 14 9 1 9,1 4 3 1 10,1 7 6 1 11,0 6 5 1 12,1 6 3 1 13,1 6 6 1 14,1 8 7 1 15,0 13 9 1 16,1 10 6 1 17,0 13 10 1 18,0 10 5 1 19,0 8 6 1 20,0 18 9 1 21,1 4 3 1 22,1 0 0 0
j201005_7.sm,12,12,1 0 0 1 2,0 4 3 1 3,0 7 5 1 4,1 4 2 1 5,1 4 2 1 6,1 6 6 1 7,1 9 6 1 8,0 15 9 1 9,0 6 3 1 10,1 9 6 1 11,0 9 5 1 12,0 4 3 1 13,1 10 6 1 14,1 12 7 1 15,1 14 9 1 16,0 10 6 1 17,0 14 10 1 18,1 10 5 1 19,0 7 6 1 20,1 12 9 1 21,0 5 3 1 22,1 0 0 0
j201005_8.sm,12,12,1 0 0 1 2,1 4 3 1 3,0 8 5 1 4,1 2 2 1 5,0 3 2 1 6,1 12 6 1 7,0 9 6 1 8,1 11 9 1 9,0 4 3 1 10,0 10 6 1 11,0 9 5 1 12,1 4 3 1 13,1 8 6 1 14,0 8 7 1 15,0 17 9 1 16,1 10 6 1 17,1 15 10 1 18,0 5 5 1 19,0 10 6 1 20,1 13 9 1 21,1 6 3 1 22,1 0 0 0
j201005_9.sm,12,12,1 0 0 1 2,1 3 3 1 3,1 6 5 1 4,0 4 2 1 5,1 2 2 1 6,0 11 6 1 7,1 8 6 1 8,0 9 9 1 9,0 5 3 1 10,1 9 6 1 11,1 8 5 1 12,1 6 3 1 13,0 12 6 1 14,0 7 7 1 15,1 12 9 1 16,0 6 6 1 17,0 13 10 1 18,1 8 5 1 19,0 9 6 1 20,1 13 9 1 21,0 4 3 1 22,1 0 0 0
j201005_10.sm,12,12,1 0 0 1 2,1 6 3 1 3,0 7 5 1 4,1 4 2 1 5,1 2 2 1 6,0 11 6 1 7,1 7 6 1 8,0 13 9 1 9,1 4 3 1 10,0 9 6 1 11,0 5 5 1 12,1 5 3 1 13,0 6 6 1 14,0 14 7 1 15,1 10 9 1 16,0 12 6 1 17,0 14 10 1 18,1 9 5 1 19,0 10 6 1 20,1 13 9 1 21,1 5 3 1 22,1 0 0 0
j300105_1.sm,17,17,1 0 0 19 2 3 4 6 7 8 9 10 11 13 14 24 25 26 27 28 29 30 31,0 10 5 2 15 5,0 11 6 4 20 18 17 15,1 6 3 1 5,1 1 1 3 19 18 16,0 15 8 3 23 17 15,0 8 8 3 22 16 15,1 14 8 2 21 17,1 7 4 2 20 15,1 16 9 2 17 15,0 5 3 1 12,1 2 1 1 16,1 15 10 1 16,1 10 8 1 15,1 8 4 1 32,0 7 4 1 32,0 8 5 1 32,0 3 3 1 32,1 8 7 1 32,1 8 4 1 32,0 12 6 1 32,0 6 3 1 32,0 18 9 1 32,1 9 9 1 32,0 1 1 1 32,0 13 8 1 32,1 15 9 1 32,0 3 3 1 32,1 9 6 1 32,0 3 2 1 32,1 16 10 1 32,1 0 0 0
j300105_2.sm,17,17,1 0 0 13 2 3 4 5 6 7 8 9 10 14 17 18 31,0 1 1 9 30 28 26 25 24 19 15 13 11,1 18 10 9 30 28 27 26 25 24 19 15 13,1 10 5 8 28 26 25 24 23 22 19 13,0 10 6 6 29 27 26 20 16 12,1 8 6 8 29 26 25 24 23 22 21 19,1 2 1 4 25 22 21 19,0 2 1 4 25 22 20 19,1 10 5 4 24 22 20 19,0 3 2 4 23 22 20 19,0 5 3 3 27 23 22,1 1 1 3 24 21 19,0 10 7 2 21 20,1 2 1 2 21 19,1 8 5 1 20,0 2 2 1 23,0 9 5 1 23,0 18 10 1 20,0 4 3 1 32,0 6 3 1 32,0 7 5 1 32,1 3 3 1 32,0 5 5 1 32,1 2 1 1 32,1 1 1 1 32,1 11 6 1 32,0 14 10 1 32,1 1 1 1 32,0 4 3 1 32,1 19 10 1 32,1 6 4 1 32,1 0 0 0
j300105_3.sm,17,17,1 0 0 26 2 4 5 6 10 11 12 13 14 15 16 17 18 19 20 21 22 23 24 25 26 27 28 29 30 31,0 4 2 1 3,1 3 3 1 8,0 11 6 1 9,1 19 10 1 7,0 5 5 1 7,1 1 1 1 32,0 13 7 1 32,0 4 2 1 32,1 8 8 1 32,0 10 10 1 32,1 14 8 1 32,0 1 1 1 32,0 7 5 1 32,0 3 2 1 32,1 9 7 1 32,1 3 3 1 32,1 8 4 1 32,0 9 7 1 32,0 2 2 1 32,0 3 3 1 32,0 6 6 1 32,1 1 1 1 32,1 1 1 1 32,1 7 5 1 32,0 6 5 1 32,0 9 7 1 32,1 1 1 1 32,1 4 3 1 32,1 13 7 1 32,1 6 5 1 32,1 0 0 0
j300105_4.sm,17,17,1 0 0 14 2 3 4 5 9 10 11 14 15 16 17 29 30 31,1 11 7 5 28 27 8 7 6,0 14 10 5 26 25 24 7 6,0 1 1 5 24 22 21 12 6,0 10 6 4 24 21 13 12,1 6 3 3 23 20 18,0 10 5 3 22 19 18,1 10 5 3 25 21 18,0 2 1 3 23 22 18,0 1 1 2 24 20,1 4 2 2 21 18,1 17 10 1 18,0 12 8 1 19,0 2 1 1 26,1 9 8 1 20,1 11 8 1 19,0 6 4 1 19,1 13 9 1 32,1 18 9 1 32,1 10 8 1 32,1 6 5 1 32,0 4 2 1 32,0 8 4 1 32,1 4 4 1 32,0 11 10 1 32,1 2 1 1 32,1 15 9 1 32,0 8 6 1 32,0 13 8 1 32,1 12 7 1 32,0 13 8 1 32,1 0 0 0
j300105_5.sm,17,17,1 0 0 17 2 3 4 5 8 9 21 22 23 24 25 26 27 28 29 30 31,0 14 10 5 20 19 18 17 7,0 1 1 3 16 12 11,1 3 2 2 10 6,0 4 2 2 15 12,0 5 3 1 14,0 2 2 1 13,0 3 2 1 11,0 1 1 1 10,0 7 7 1 32,1 12 6 1 32,0 5 5 1 32,1 1 1 1 32,1 10 9 1 32,0 5 5 1 32,0 4 2 1 32,1 14 7 1 32,1 14 9 1 32,0 3 2 1 32,1 7 4 1 32,1 7 4 1 32,1 10 7 1 32,0 8 8 1 32,1 1 1 1 32,1 12 7 1 32,0 9 6 1 32,0 13 7 1 32,1 9 5 1 32,1 10 9 1 32,1 7 6 1 32,1 8 4 1 32,1 0 0 0
j300105_6.sm,17,17,1 0 0 19 2 3 4 6 7 8 9 10 11 13 14 24 25 26 27 28 29 30 31,1 14 8 5 21 20 18 17 15,1 12 7 2 15 5,0 4 2 1 5,1 10 7 3 19 18 16,0 9 8 3 23 16 15,1 3 2 3 21 17 15,0 10 6 2 22 17,1 3 2 2 20 15,0 2 2 2 17 15,0 13 7 1 12,1 15 9 1 16,1 6 4 1 16,1 1 1 1 15,1 16 10 1 32,0 4 2 1 32,0 13 7 1 32,0 13 7 1 32,1 11 10 1 32,0 4 3 1 32,0 8 8 1 32,0 10 10 1 32,1 1 1 1 32,0 11 10 1 32,1 4 2 1 32,1 16 9 1 32,0 3 2 1 32,0 2 1 1 32,1 7 4 1 32,0 1 1 1 32,1 6 3 1 32,1 0 0 0
j300105_7.sm,17,17,1 0 0 16 2 3 4 5 6 8 9 10 11 12 16 17 18 19 20 31,0 1 1 4 28 25 21 7,1 4 4 3 22 13 7,0 5 4 2 13 7,1 6 3 3 30 22 14,0 9 6 3 28 22 14,1 11 10 3 26 24 23,1 13 7 3 29 22 21,1 5 3 2 25 15,0 11 8 2 27 13,0 12 10 2 25 24,1 13 10 2 23 21,0 9 6 1 21,1 5 3 1 21,0 15 8 1 27,0 12 6 1 25,0 4 2 1 22,1 10 5 1 22,1 4 2 1 21,1 9 8 1 21,1 6 3 1 32,1 7 6 1 32,0 7 5 1 32,0 4 2 1 32,0 9 5 1 32,0 9 8 1 32,0 4 2 1 32,0 19 10 1 32,1 8 6 1 32,1 11 10 1 32,1 2 1 1 32,1 0 0 0
j300105_8.sm,17,17,1 0 0 16 2 3 4 5 6 8 11 12 13 14 17 18 19 29 30 31,0 10 5 6 28 24 16 10 9 7,0 13 7 6 24 23 22 15 10 9,1 16 10 5 25 23 22 15 9,1 12 6 6 27 25 24 23 21 20,0 2 2 4 26 24 15 10,1 6 6 5 25 23 22 21 20,1 15 8 3 25 24 15,0 9 6 2 26 20,0 6 6 2 21 20,1 13 7 2 28 23,1 4 4 2 22 20,0 9 7 2 21 20,1 6 4 2 21 20,1 5 3 1 21,0 3 2 1 20,1 13 8 1 27,1 4 2 1 22,1 7 4 1 20,1 14 7 1 32,0 17 10 1 32,0 7 6 1 32,0 18 9 1 32,0 6 3 1 32,0 17 9 1 32,1 5 4 1 32,1 9 5 1 32,1 13 9 1 32,0 13 7 1 32,0 20 10 1 32,0 10 5 1 32,1 0 0 0
j300105_9.sm,17,17,1 0 0 18 2 3 5 6 7 8 10 11 12 23 24 25 26 27 28 29 30 31,0 9 9 6 22 17 16 15 9 4,0 7 5 4 18 16 15 13,1 4 2 3 19 14 13,0 10 9 3 21 18 13,1 15 8 3 20 16 15,1 14 10 2 15 14,1 8 8 2 14 13,1 3 2 1 13,0 14 8 1 17,0 8 5 1 14,1 12 7 1 13,0 8 8 1 32,0 6 3 1 32,1 3 2 1 32,0 12 6 1 32,1 5 3 1 32,0 6 3 1 32,0 3 2 1 32,0 11 9 1 32,1 10 9 1 32,1 5 3 1 32,0 12 6 1 32,1 2 2 1 32,0 9 7 1 32,1 9 7 1 32,1 11 7 1 32,1 7 7 1 32,0 1 1 1 32,0 3 3 1 32,1 11 7 1 32,1 0 0 0
j300105_10.sm,17,17,1 0 0 12 2 3 4 5 7 11 12 27 28 29 30 31,1 4 3 6 26 25 24 21 17 10,1 5 5 5 23 21 18 14 6,0 13 8 4 20 17 15 9,1 3 3 3 20 19 8,1 12 7 2 16 15,0 1 1 2 22 16,0 13 8 1 13,1 2 1 1 13,0 6 4 1 14,0 12 7 1 19,0 1 1 1 18,1 2 1 1 32,1 5 3 1 32,0 16 9 1 32,0 10 9 1 32,0 3 2 1 32,0 11 6 1 32,1 6 5 1 32,1 18 9 1 32,0 10 5 1 32,1 5 3 1 32,0 5 5 1 32,1 10 9 1 32,0 12 10 1 32,1 2 1 1 32,0 5 3 1 32,0 4 2 1 32,1 11 8 1 32,1 7 4 1 32,1 9 8 1 32,1 0 0 0
j300205_1.sm,17,17,1 0 0 13 2 4 5 6 9 10 11 12 16 17 29 30 31,0 4 4 4 26 25 14 3,1 7 5 4 23 22 18 7,1 18 10 5 28 21 15 14 13,0 5 4 6 27 22 21 20 19 14,1 7 7 6 24 23 22 21 19 18,0 4 4 1 8,0 5 4 3 21 19 13,1 3 3 3 23 22 20,1 4 2 2 19 13,0 13 9 2 22 18,1 8 6 2 21 18,0 3 2 1 20,0 3 3 1 18,1 9 9 1 19,0 4 2 1 22,0 6 3 1 18,0 16 8 1 32,0 20 10 1 32,0 7 5 1 32,1 18 10 1 32,1 10 6 1 32,0 1 1 1 32,1 14 8 1 32,1 3 3 1 32,1 3 2 1 32,1 5 3 1 32,0 6 6 1 32,0 2 2 1 32,1 2 2 1 32,1 2 1 1 32,1 0 0 0
j300205_2.sm,17,17,1 0 0 7 2 3 4 5 9 12 16,0 17 10 5 19 13 10 7 6,1 1 1 7 21 20 19 15 14 13 10,1 10 5 6 21 20 19 15 10 8,1 5 3 5 21 20 14 13 11,1 2 1 5 31 20 18 15 11,1 9 5 4 22 20 15 8,0 8 6 4 31 24 18 14,0 13 8 3 22 19 17,1 2 2 5 30 29 28 23 22,1 12 9 5 30 29 28 23 22,0 1 1 5 30 29 28 23 22,0 2 2 3 25 23 18,0 12 7 2 29 17,0 2 1 2 29 17,0 6 5 2 22 19,0 12 6 4 30 28 27 25,1 6 3 3 29 28 26,1 10 6 3 31 26 25,1 4 4 1 24,1 14 7 1 22,0 9 5 2 26 25,0 6 5 2 27 26,0 13 7 2 27 25,0 2 1 1 32,1 15 9 1 32,1 7 5 1 32,0 9 6 1 32,1 7 7 1 32,1 18 10 1 32,0 11 6 1 32,1 0 0 0
j300205_3.sm,17,17,1 0 0 7 2 3 4 5 10 12 15,1 10 5 4 18 14 8 6,1 17 10 6 31 24 16 14 13 7,0 5 4 5 21 19 17 13 9,0 8 4 7 29 24 21 20 18 17 13,1 7 5 6 31 30 24 21 20 11,0 15 8 8 30 29 28 23 22 21 20 19,0 10 5 6 31 29 22 20 19 17,0 6 5 6 31 29 24 23 20 16,0 12 7 4 31 29 24 16,0 16 9 3 23 19 16,1 10 9 2 22 17,0 16 8 4 28 26 23 22,0 9 9 3 29 23 19,1 2 1 1 16,1 10 10 4 28 26 25 22,0 7 6 4 30 28 26 25,1 14 8 1 19,1 4 3 3 27 26 25,0 16 10 3 27 26 25,1 9 6 2 27 25,1 3 2 1 27,0 7 5 1 25,1 12 6 1 26,0 1 1 1 32,1 5 4 1 32,0 7 4 1 32,1 1 1 1 32,1 8 6 1 32,0 12 9 1 32,1 10 7 1 32,1 0 0 0
j300205_4.sm,17,17,1 0 0 7 2 3 4 5 9 10 16,0 11 8 5 20 13 12 7 6,0 17 9 7 21 20 18 14 13 12 8,0 15 9 7 21 20 18 14 13 12 8,0 1 1 7 31 21 18 15 14 13 11,0 4 4 5 31 19 18 14 11,1 11 9 4 22 18 14 8,1 14 7 4 31 24 19 15,0 11 9 3 22 20 17,1 6 3 1 11,1 15 8 5 30 29 28 23 22,0 10 5 5 30 29 28 23 22,0 10 5 3 25 23 19,0 4 2 2 29 17,0 17 9 2 29 17,1 12 8 2 22 20,0 6 6 4 30 28 27 25,1 3 3 2 26 24,1 4 2 3 29 28 26,1 4 4 3 31 26 25,1 15 9 1 22,1 20 10 2 26 25,1 3 3 2 27 26,0 7 4 2 27 25,0 7 4 1 32,1 16 8 1 32,1 11 9 1 32,0 9 9 1 32,1 7 6 1 32,0 10 5 1 32,1 6 3 1 32,1 0 0 0
j300205_5.sm,17,17,1 0 0 7 2 3 4 5 10 11 16,0 5 3 4 15 12 9 6,0 3 3 5 22 18 14 12 8,1 5 3 3 17 14 7,1 13 7 7 31 29 22 21 17 15 14,0 4 2 7 31 30 29 22 21 20 13,1 7 5 7 31 29 24 22 21 20 18,1 8 4 8 30 29 28 24 23 21 20 19,0 12 8 6 31 29 23 20 19 17,1 5 3 4 31 29 22 18,0 7 6 4 23 22 20 17,0 4 3 5 31 29 24 23 19,0 4 3 3 24 19 18,0 11 8 4 28 24 23 19,0 13 7 4 30 23 20 19,0 3 2 2 24 18,1 9 6 5 30 28 27 26 25,1 4 3 4 28 26 25 23,1 11 9 3 27 26 25,1 12 10 3 27 26 25,0 9 5 3 27 26 25,0 8 4 2 26 25,0 2 1 1 27,1 5 3 1 25,0 8 8 1 32,1 6 6 1 32,1 15 9 1 32,1 10 6 1 32,1 8 5 1 32,0 7 6 1 32,1 16 9 1 32,1 0 0 0
j300205_6.sm,17,17,1 0 0 3 2 4 7,1 2 2 7 31 30 29 28 11 5 3,1 3 3 4 18 17 8 6,1 4 3 8 28 25 17 14 13 12 11 9,0 10 5 6 18 17 13 12 10 9,1 15 8 3 14 12 9,1 5 3 7 25 24 23 19 17 16 15,1 5 4 5 27 26 23 20 13,1 13 8 4 20 19 16 15,1 12 6 4 25 21 20 19,0 8 7 3 23 19 18,0 13 10 2 24 23,1 2 1 2 22 19,0 13 7 2 21 19,0 16 10 1 22,0 7 6 1 21,0 7 6 1 20,1 19 10 1 20,1 4 4 1 32,1 16 10 1 32,1 20 10 1 32,0 4 3 1 32,0 2 1 1 32,1 20 10 1 32,0 20 10 1 32,0 8 8 1 32,1 16 9 1 32,0 4 3 1 32,0 17 9 1 32,0 4 3 1 32,0 2 1 1 32,1 0 0 0
j300205_7.sm,17,17,1 0 0 7 2 3 4 5 10 15 17,1 4 3 5 19 11 9 7 6,1 9 8 7 24 20 19 14 13 11 9,1 5 3 5 24 20 19 9 8,0 2 2 5 24 20 13 12 11,0 10 7 4 22 20 14 8,1 7 4 4 20 18 14 12,0 13 8 4 31 23 18 13,0 18 10 4 29 28 22 21,1 15 9 4 29 28 22 21,0 3 2 3 25 21 18,1 12 7 3 29 22 21,0 12 8 2 28 16,1 15 9 2 28 16,1 10 7 2 30 19,1 5 5 4 30 29 27 25,1 10 9 1 19,0 13 10 3 30 28 26,0 2 1 3 31 26 25,0 12 7 1 23,0 7 4 2 27 26,1 16 10 2 26 25,0 6 5 2 27 25,0 12 8 2 26 25,0 8 7 1 32,0 9 5 1 32,1 16 8 1 32,1 2 1 1 32,1 5 3 1 32,1 8 6 1 32,0 5 3 1 32,1 0 0 0
j300205_8.sm,17,17,1 0 0 7 2 3 4 5 10 12 13,1 14 8 4 17 15 9 6,0 2 2 6 31 24 16 15 14 8,0 12 6 4 19 18 14 7,1 12 6 7 30 24 21 20 18 17 14,0 5 4 6 31 29 24 21 20 11,0 10 5 7 31 30 24 23 21 20 16,1 5 4 8 30 29 28 23 22 21 20 19,1 7 7 6 31 30 22 20 19 18,0 11 8 4 31 30 24 16,1 11 8 3 23 19 16,0 7 5 2 22 18,1 1 1 2 23 16,1 5 3 4 28 26 23 22,1 12 6 3 30 23 19,1 3 3 4 28 26 25 22,0 7 5 2 29 19,0 1 1 4 29 28 26 25,0 11 7 3 27 26 25,1 17 10 3 27 26 25,1 15 9 2 27 25,1 6 3 1 27,0 6 5 1 25,0 12 7 1 26,0 8 4 1 32,1 6 4 1 32,1 4 2 1 32,0 8 5 1 32,0 9 7 1 32,1 1 1 1 32,0 16 10 1 32,1 0 0 0
j300205_9.sm,17,17,1 0 0 10 2 4 5 6 7 9 10 12 14 17,0 3 2 4 29 19 16 3,1 4 3 6 31 30 28 23 20 11,1 6 5 3 16 15 8,0 9 7 7 29 28 23 20 18 15 13,1 6 6 4 31 20 19 13,1 8 7 5 30 29 22 20 15,0 7 5 5 29 28 23 20 18,0 10 5 5 30 29 27 20 18,1 4 3 4 31 30 26 15,1 1 1 3 22 18 15,0 3 2 3 27 21 19,0 8 6 4 27 26 22 21,1 14 8 2 26 15,0 2 2 3 27 24 21,0 6 6 3 26 25 22,0 1 1 1 18,1 11 6 3 26 25 24,0 3 3 3 28 26 24,1 4 2 2 26 24,0 10 10 1 25,1 6 5 1 24,1 3 2 1 25,0 6 4 1 32,1 5 3 1 32,0 14 7 1 32,1 6 4 1 32,1 5 5 1 32,1 1 1 1 32,0 6 3 1 32,0 11 9 1 32,1 0 0 0
j300205_10.sm,17,17,1 0 0 13 2 4 6 7 8 10 11 13 17 18 19 20 21,1 2 1 6 31 30 29 27 16 3,0 8 4 4 28 26 12 5,0 11 7 5 27 26 25 14 12,1 2 1 4 25 24 15 9,1 5 5 4 25 24 23 22,0 9 6 3 27 24 16,1 1 1 3 30 26 22,1 12 6 2 23 14,1 9 8 2 29 16,1 12 7 2 28 14,0 8 6 2 24 22,0 17 9 1 15,0 12 6 1 22,1 8 5 1 23,0 12 6 1 23,0 4 2 1 25,0 3 2 1 25,1 12 6 1 24,0 3 2 1 24,0 12 9 1 22,0 8 7 1 32,1 3 2 1 32,1 14 9 1 32,0 1 1 1 32,1 5 5 1 32,1 2 2 1 32,0 12 7 1 32,1 15 9 1 32,1 10 5 1 32,0 10 7 1 32,1 0 0 0
j300305_1.sm,17,17,1 0 0 6 2 5 9 12 13 31,0 2 2 1 3,1 18 9 5 29 18 14 11 4,0 8 5 4 26 17 16 6,0 10 5 7 26 25 24 20 18 14 11,1 11 8 2 28 7,1 11 9 3 27 21 8,1 11 10 4 25 24 19 10,1 17 10 2 20 11,1 5 4 2 20 15,0 8 5 2 23 16,0 1 1 2 29 26,0 14 8 2 30 23,1 3 2 1 17,0 6 6 1 22,1 8 6 1 19,1 18 10 1 21,0 2 1 1 23,1 13 8 1 32,0 2 1 1 32,0 20 10 1 32,1 1 1 1 32,0 3 2 1 32,1 6 6 1 32,0 7 5 1 32,1 18 10 1 32,1 9 5 1 32,0 11 7 1 32,0 4 4 1 32,0 4 2 1 32,1 2 2 1 32,1 0 0 0
j300305_2.sm,17,17,1 0 0 5 2 4 6 8 11,0 4 4 2 15 3,0 18 10 2 10 5,0 3 2 3 15 10 7,0 16 9 3 31 12 9,1 10 9 3 15 13 10,0 6 4 4 31 30 14 12,0 13 10 2 13 10,1 15 10 3 18 16 13,0 9 6 4 23 18 17 14,1 2 1 2 18 13,1 6 5 5 28 23 19 17 16,0 10 9 3 30 23 14,0 11 10 6 29 28 26 21 20 19,0 4 2 3 30 28 16,1 11 8 3 26 24 21,1 14 8 2 29 20,1 11 7 3 30 26 24,0 1 1 2 24 22,1 4 3 2 27 24,0 16 8 1 25,1 10 10 1 25,0 13 7 1 26,1 9 5 1 32,1 2 1 1 32,0 11 8 1 32,0 2 1 1 32,1 4 3 1 32,1 3 2 1 32,1 13 8 1 32,1 2 1 1 32,1 0 0 0
j300305_3.sm,17,17,1 0 0 8 2 6 7 8 10 11 14 20,1 5 3 3 31 18 3,0 3 2 2 27 4,1 6 3 3 23 13 5,1 8 6 4 28 26 24 9,1 4 4 4 30 25 23 12,0 12 8 4 26 23 16 15,1 2 1 3 29 27 12,1 6 5 2 22 12,1 2 1 3 25 24 21,0 12 6 2 27 19,1 7 4 1 15,0 9 6 2 26 25,0 2 2 2 29 27,0 14 9 1 17,0 12 10 1 17,0 3 2 1 21,1 3 2 1 23,0 1 1 1 22,1 4 2 1 24,1 4 3 1 32,0 10 10 1 32,0 5 3 1 32,0 12 8 1 32,0 4 4 1 32,1 1 1 1 32,0 4 4 1 32,1 8 4 1 32,1 1 1 1 32,0 8 4 1 32,1 2 1 1 32,1 0 0 0
j300305_4.sm,17,17,1 0 0 5 2 3 4 8 9,1 6 6 2 14 5,1 8 5 4 14 13 11 10,0 14 7 3 12 11 7,0 13 10 2 11 6,0 3 3 3 19 13 10,1 6 6 3 15 14 13,1 14 9 3 18 12 11,0 15 8 2 12 11,0 10 6 2 18 12,0 7 6 4 22 17 16 15,1 15 8 3 22 16 15,0 9 5 3 22 18 17,0 13 10 4 31 29 19 18,1 7 6 5 31 29 28 21 20,1 1 1 6 30 29 28 25 24 23,0 1 1 4 31 29 26 21,1 13 7 2 28 20,1 8 6 3 25 24 23,1 12 7 3 27 24 23,1 14 8 2 30 27,0 2 2 2 28 26,0 14 8 1 26,1 14 10 1 26,1 6 3 1 27,0 12 6 1 32,0 5 3 1 32,1 12 7 1 32,1 1 1 1 32,0 13 7 1 32,0 5 5 1 32,1 0 0 0
j300305_5.sm,17,17,1 0 0 5 2 4 8 9 11,1 8 5 2 21 3,0 1 1 2 13 5,1 6 5 3 21 13 6,0 6 5 3 31 12 7,0 3 2 5 31 30 29 14 12,1 9 7 2 20 10,1 4 2 4 30 29 18 14,0 11 9 3 29 28 13,0 14 9 3 29 18 14,1 16 9 6 29 21 20 18 17 15,1 12 8 6 28 27 24 20 18 15,0 2 2 5 27 24 18 17 15,0 1 1 6 28 27 26 25 23 16,1 17 9 3 26 25 22,1 9 5 2 22 19,1 5 3 2 30 22,0 8 4 1 23,0 3 2 1 24,0 9 8 1 23,1 7 4 1 30,0 3 2 1 32,1 3 2 1 32,0 6 5 1 32,1 19 10 1 32,1 2 1 1 32,0 10 9 1 32,0 15 8 1 32,1 11 9 1 32,0 7 7 1 32,1 18 10 1 32,1 0 0 0
j300305_6.sm,17,17,1 0 0 5 2 3 5 11 12,0 10 6 4 20 18 7 4,0 9 5 3 17 9 6,0 10 9 3 17 10 9,1 8 4 4 20 17 14 13,0 15 9 2 16 8,1 8 7 2 16 8,1 7 4 4 24 22 14 13,0 5 5 3 16 14 13,0 15 10 3 22 16 14,0 2 1 4 31 24 22 19,0 5 3 3 31 24 19,0 15 8 1 15,0 5 4 5 31 30 29 23 21,1 1 1 2 31 19,1 6 4 2 24 19,1 11 7 2 24 19,1 1 1 1 19,0 10 8 3 30 29 21,1 9 5 3 31 22 21,1 14 7 3 28 26 25,1 3 2 3 28 27 26,0 7 7 2 26 25,1 6 4 2 29 26,1 1 1 1 27,1 6 4 1 32,1 4 3 1 32,1 16 9 1 32,0 1 1 1 32,0 2 1 1 32,0 8 7 1 32,1 0 0 0
j300305_7.sm,17,17,1 0 0 16 2 7 11 19 20 21 22 23 24 25 26 27 28 29 30 31,0 11 6 3 18 17 3,1 7 5 4 16 15 14 4,0 12 9 1 5,1 10 5 1 6,1 4 2 2 13 8,1 2 2 3 15 14 12,1 18 9 1 9,0 2 2 1 10,0 2 2 1 12,0 11 8 1 14,0 5 3 1 32,1 8 8 1 32,1 2 1 1 32,1 7 5 1 32,1 8 8 1 32,0 11 10 1 32,1 11 10 1 32,1 9 8 1 32,1 16 8 1 32,0 7 4 1 32,0 10 6 1 32,0 13 7 1 32,1 9 8 1 32,0 16 9 1 32,1 17 10 1 32,0 15 8 1 32,0 11 7 1 32,0 13 7 1 32,0 3 2 1 32,1 20 10 1 32,1 0 0 0
j300305_8.sm,17,17,1 0 0 12 2 4 5 10 14 16 17 18 28 29 30 31,1 12 9 1 3,0 8 4 3 24 12 6,0 7 5 2 8 7,0 8 4 4 26 25 24 9,1 14 8 2 26 8,1 10 6 3 27 25 9,1 15 10 2 25 9,1 7 6 3 23 22 11,1 15 9 1 11,1 10 10 2 21 13,1 6 6 1 13,1 10 5 2 20 15,1 13 7 2 24 19,1 3 3 1 19,0 16 8 1 24,0 1 1 1 24,0 10 5 1 24,0 7 5 1 32,0 11 8 1 32,0 9 7 1 32,0 11 6 1 32,1 10 9 1 32,1 2 1 1 32,1 8 6 1 32,1 13 7 1 32,0 10 6 1 32,0 10 10 1 32,0 8 5 1 32,0 6 3 1 32,0 8 5 1 32,1 0 0 0
j300305_9.sm,17,17,1 0 0 5 2 3 4 6 10,1 9 6 4 17 13 7 5,1 17 10 4 17 12 9 8,1 1 1 3 14 13 11,0 5 4 2 12 8,0 4 4 3 17 16 13,1 10 5 2 12 11,1 5 4 4 18 16 15 14,1 18 9 2 18 11,1 6 5 3 17 15 14,0 2 2 3 25 16 15,0 7 7 2 18 15,1 13 7 2 18 15,0 10 6 4 25 24 23 20,0 5 3 3 24 23 21,0 17 10 1 19,0 13 7 1 18,0 18 9 2 25 20,0 6 5 2 24 20,1 3 2 2 30 22,1 10 6 1 22,0 13 9 4 31 28 27 26,0 9 8 3 29 28 27,1 9 8 2 30 28,1 1 1 2 30 27,1 4 2 1 29,1 10 6 1 32,0 9 7 1 32,1 8 5 1 32,0 2 1 1 32,0 15 10 1 32,1 0 0 0
j300305_10.sm,17,17,1 0 0 10 2 3 5 8 9 10 12 13 16 18,0 4 3 2 14 4,1 11 8 4 22 19 14 7,1 14 7 2 22 6,1 14 7 4 23 22 19 11,1 7 4 3 23 19 11,0 2 1 3 24 23 11,1 10 6 3 24 23 11,0 9 8 3 26 24 15,0 5 3 1 11,1 10 10 2 26 15,1 1 1 2 26 15,1 5 3 3 26 21 17,0 20 10 1 15,0 10 6 2 21 17,0 2 1 3 26 24 20,1 6 4 3 31 28 20,1 14 9 2 28 22,0 10 8 1 20,0 8 6 3 30 29 25,1 1 1 3 29 28 25,0 16 9 1 24,0 11 6 2 31 27,0 15 9 1 25,1 2 2 1 27,1 7 7 1 28,0 11 9 1 32,1 11 6 1 32,0 3 2 1 32,1 11 10 1 32,0 12 8 1 32,1 0 0 0
j300405_1.sm,17,17,1 0 0 3 2 3 5,1 16 8 2 9 6,1 10 9 1 4,0 12 9 2 11 7,1 8 4 2 10 8,1 12 6 3 14 11 10,1 2 1 3 17 14 10,0 2 1 2 14 9,1 8 7 4 17 16 13 12,1 1 1 3 16 13 12,1 16 8 3 17 13 12,0 12 6 1 15,0 18 9 5 28 26 23 20 18,1 7 4 5 28 26 23 21 18,0 10 7 4 28 23 20 19,1 6 5 3 26 21 20,1 14 8 3 28 23 22,1 7 7 2 24 22,0 9 6 1 21,0 4 2 2 25 24,0 12 9 1 22,0 5 4 2 31 25,0 8 4 2 31 25,1 6 5 2 31 27,0 4 2 1 27,0 12 7 1 27,1 12 7 2 30 29,0 3 2 2 30 29,0 5 4 1 32,0 5 4 1 32,1 13 8 1 32,1 0 0 0
j300405_2.sm,17,17,1 0 0 3 2 4 5,1 10 7 2 10 3,0 3 2 3 9 7 6,1 10 8 3 9 7 6,1 6 3 2 9 6,1 7 5 2 31 8,0 9 8 3 31 13 11,0 6 5 2 13 11,1 20 10 4 31 17 16 12,0 7 6 1 11,0 4 2 3 17 16 12,0 13 7 2 20 14,1 13 8 3 21 19 18,1 8 6 1 15,0 7 5 3 29 28 19,0 9 5 2 21 18,1 6 3 4 29 28 23 22,1 18 9 6 30 29 28 27 26 24,1 9 6 3 30 23 22,1 15 9 2 28 22,1 11 10 4 28 27 26 25,1 9 9 3 27 26 24,0 10 7 2 26 25,0 7 4 1 25,0 15 8 1 32,0 20 10 1 32,1 11 7 1 32,0 17 9 1 32,0 4 2 1 32,0 14 10 1 32,1 3 2 1 32,1 0 0 0
j300405_3.sm,17,17,1 0 0 3 2 5 6,0 12 6 3 14 11 3,0 8 7 2 13 4,0 15 10 3 31 30 7,0 12 6 3 31 30 7,0 9 5 3 31 30 7,0 2 1 3 17 15 8,0 9 5 3 22 18 9,1 4 4 1 10,1 2 1 3 28 25 12,0 4 3 5 29 28 27 25 16,1 11 7 3 29 27 16,0 10 6 4 28 26 25 19,0 3 3 2 30 18,1 12 6 4 27 25 24 20,1 4 3 2 26 19,0 10 9 3 24 23 21,0 9 5 1 19,1 9 9 2 24 20,1 12 10 1 23,1 1 1 1 25,0 14 7 1 25,1 7 4 1 32,0 16 8 1 32,1 4 2 1 32,0 9 6 1 32,1 13 7 1 32,1 13 9 1 32,1 7 5 1 32,1 13 8 1 32,1 18 9 1 32,1 0 0 0
j300405_4.sm,17,17,1 0 0 4 2 5 6 15,1 2 1 2 19 3,1 4 3 3 31 14 4,1 5 4 3 30 29 7,0 13 10 3 29 28 7,0 2 1 3 29 28 7,1 15 9 2 18 8,0 12 7 3 25 17 9,0 14 8 3 27 26 10,0 2 2 1 11,1 1 1 3 23 22 12,0 14 7 1 13,0 11 9 2 20 16,1 5 3 2 28 24,1 7 4 2 30 25,0 10 10 1 21,1 6 6 1 24,0 5 5 1 20,1 5 3 1 20,1 5 3 1 32,0 14 7 1 32,1 11 8 1 32,1 6 5 1 32,1 2 1 1 32,1 8 5 1 32,1 18 10 1 32,0 10 6 1 32,0 8 6 1 32,0 9 7 1 32,0 5 4 1 32,0 14 10 1 32,1 0 0 0
j300405_5.sm,17,17,1 0 0 3 2 4 5,1 3 2 2 10 3,0 12 6 3 9 7 6,0 7 4 3 9 7 6,1 10 10 2 9 6,1 16 9 1 8,1 2 2 1 8,0 20 10 3 31 13 11,1 9 5 5 31 17 16 13 12,0 2 1 1 11,0 9 6 3 17 16 12,0 6 5 2 20 14,1 6 5 2 19 18,1 7 6 1 15,0 13 7 2 29 18,1 12 7 2 22 19,0 9 7 5 30 29 28 23 22,1 14 10 4 30 28 23 22,1 8 4 3 30 29 21,1 5 4 3 29 28 22,1 6 4 4 28 27 26 24,0 4 4 3 27 26 24,1 3 2 2 26 25,0 2 2 1 25,0 9 9 1 32,1 8 6 1 32,0 18 10 1 32,1 7 6 1 32,0 6 6 1 32,0 8 8 1 32,0 6 3 1 32,1 0 0 0
j300405_6.sm,17,17,1 0 0 12 2 10 14 15 24 25 26 27 28 29 30 31,0 13 7 2 23 3,0 12 6 2 22 4,0 11 9 3 20 19 5,1 18 10 2 18 6,1 16 10 1 7,1 3 2 1 8,1 6 6 1 9,1 7 5 2 17 11,0 6 3 2 17 11,1 7 5 1 12,1 16 9 1 13,0 1 1 1 16,0 12 9 1 21,0 4 4 1 21,1 6 3 1 32,1 13 7 1 32,0 4 2 1 32,0 7 4 1 32,0 9 6 1 32,1 10 9 1 32,1 4 3 1 32,1 13 7 1 32,1 14 7 1 32,0 7 4 1 32,0 6 6 1 32,1 14 8 1 32,0 10 8 1 32,0 16 9 1 32,0 9 9 1 32,1 10 7 1 32,1 0 0 0
j300405_7.sm,17,17,1 0 0 3 2 4 5,1 7 6 2 6 3,0 12 9 4 14 10 9 7,1 3 2 4 14 11 10 8,0 3 3 3 14 8 6,1 6 4 2 17 10,1 8 5 1 8,0 17 10 3 17 13 12,1 5 4 3 17 13 12,1 10 9 2 13 12,0 8 8 3 20 16 13,1 1 1 5 21 20 19 16 15,1 10 8 3 21 19 15,0 12 6 3 20 19 18,0 3 2 2 25 18,1 14 8 2 25 18,1 4 2 2 25 18,0 4 3 4 29 27 24 22,0 8 5 3 27 24 23,0 9 9 3 25 24 23,1 6 6 1 22,1 2 1 1 23,0 7 5 1 26,0 4 3 1 26,1 4 3 1 26,0 14 8 2 30 28,1 13 9 2 30 28,0 16 9 1 31,0 15 8 1 30,0 17 9 1 32,1 9 5 1 32,1 0 0 0
j300405_8.sm,17,17,1 0 0 3 2 4 6,1 12 6 2 9 3,1 11 6 3 11 8 5,0 15 9 2 8 5,0 1 1 2 31 7,1 8 4 2 31 7,1 18 9 3 18 15 10,1 2 2 5 31 20 17 15 13,0 11 8 4 20 18 17 13,1 12 7 3 20 17 12,0 4 4 4 20 19 18 14,0 4 2 1 13,0 9 5 3 30 27 14,1 7 4 2 29 16,1 12 6 3 28 22 21,1 2 1 3 28 24 21,1 16 10 2 29 19,0 12 8 4 30 27 26 23,0 9 5 3 27 26 23,1 10 10 1 21,0 4 2 2 26 23,1 13 8 2 27 25,1 2 1 1 25,0 2 2 1 26,1 9 7 1 32,0 10 5 1 32,0 1 1 1 32,0 9 9 1 32,1 14 7 1 32,0 14 9 1 32,0 7 5 1 32,1 0 0 0
j300405_9.sm,17,17,1 0 0 3 2 3 4,1 4 3 3 10 8 7,1 9 9 2 6 5,0 14 8 2 9 6,1 8 7 2 10 8,1 2 2 2 11 10,0 5 4 2 12 9,0 19 10 2 12 11,1 4 2 2 18 11,1 8 6 3 15 13 12,1 7 6 3 16 15 13,1 6 6 4 27 19 18 17,0 10 7 1 14,1 6 6 4 26 23 20 19,1 11 7 4 27 23 20 17,0 16 8 3 27 20 19,0 12 8 3 26 25 22,0 10 5 3 26 23 22,0 15 10 1 21,1 12 8 2 25 24,0 10 6 1 22,1 1 1 1 24,0 2 2 1 24,1 10 10 2 31 28,1 6 3 2 31 28,0 6 5 2 31 28,1 5 4 2 31 28,0 5 4 2 30 29,0 6 4 1 32,0 13 8 1 32,0 1 1 1 32,1 0 0 0
j300405_10.sm,17,17,1 0 0 4 2 5 7 8,1 4 4 2 11 3,0 12 8 3 31 30 4,1 7 5 2 29 6,1 4 3 5 31 30 23 17 10,1 14 10 5 24 23 20 17 9,1 2 1 3 17 13 9,1 1 1 3 29 17 9,0 12 10 3 28 22 12,0 4 3 3 29 28 12,0 18 10 3 28 23 15,0 8 4 2 19 14,0 1 1 4 23 22 20 18,0 11 9 1 15,1 3 3 2 27 16,0 2 2 2 26 18,1 4 2 2 22 21,0 5 5 1 21,0 6 3 1 21,0 16 8 1 21,0 6 3 1 25,0 3 2 1 26,1 1 1 1 27,0 11 7 1 25,0 4 3 1 32,1 12 6 1 32,1 6 6 1 32,1 1 1 1 32,1 2 1 1 32,1 8 5 1 32,1 8 6 1 32,1 0 0 0
j300505_1.sm,17,17,1 0 0 4 2 7 30 31,1 7 7 3 16 14 3,1 1 1 2 19 4,0 4 2 1 5,1 8 8 3 11 9 6,1 18 9 3 29 28 8,0 8 4 4 28 27 14 13,1 7 4 1 10,1 6 6 5 29 28 27 26 15,0 7 6 2 27 12,1 4 3 3 28 26 15,0 20 10 1 13,0 11 6 2 26 15,0 1 1 1 15,1 6 5 3 25 24 17,0 2 2 2 20 19,1 13 7 1 18,0 14 8 2 23 20,0 10 10 2 29 21,0 12 10 1 21,1 4 2 1 22,0 7 4 1 32,0 13 9 1 32,1 7 4 1 32,0 8 4 1 32,0 13 7 1 32,1 6 4 1 32,1 10 8 1 32,1 8 5 1 32,0 11 6 1 32,1 13 10 1 32,1 0 0 0
j300505_2.sm,17,17,1 0 0 2 2 3,0 2 2 5 8 7 6 5 4,0 2 2 5 8 7 6 5 4,0 13 7 2 10 9,1 4 4 2 10 9,1 4 2 2 10 9,1 1 1 2 10 9,1 8 5 1 9,0 13 9 2 13 11,0 7 4 2 13 11,0 6 3 1 12,0 13 8 2 15 14,1 7 4 2 15 14,1 16 9 2 17 16,1 10 6 1 16,0 7 4 1 18,1 11 9 1 18,1 14 10 1 19,0 10 9 2 21 20,0 18 10 2 23 22,0 15 9 2 23 22,0 8 6 2 25 24,1 8 5 2 26 25,0 1 1 2 27 26,1 8 5 2 30 27,1 4 4 3 30 29 28,0 10 9 2 29 28,1 6 6 1 31,1 11 6 1 31,1 9 7 1 31,0 6 6 1 32,1 0 0 0
j300505_3.sm,17,17,1 0 0 1 2,1 9 5 3 10 7 3,1 11 8 1 4,0 7 4 3 13 8 5,1 2 1 1 6,1 8 4 3 16 12 9,0 7 7 3 16 12 9,0 8 4 3 16 14 12,1 4 3 2 17 11,0 7 6 3 17 16 13,1 2 2 3 20 19 14,1 2 2 4 22 21 20 19,1 3 2 4 21 20 19 18,1 12 8 2 22 15,1 1 1 3 28 21 18,0 12 10 3 31 21 19,0 4 3 3 28 22 18,0 2 2 3 31 25 23,0 10 10 3 28 25 23,0 8 7 3 31 25 24,1 3 2 2 30 24,1 2 2 2 30 24,0 8 5 1 24,0 7 4 1 26,1 7 7 2 30 29,0 7 6 1 27,1 5 3 1 29,0 6 5 1 30,0 1 1 1 32,0 4 3 1 32,1 10 8 1 32,1 0 0 0
j300505_4.sm,17,17,1 0 0 4 2 19 30 31,0 5 5 3 28 18 3,0 5 5 1 4,0 2 1 2 17 5,1 4 3 2 16 6,0 19 10 3 26 25 7,0 7 6 1 8,0 4 2 1 9,1 2 2 2 24 10,0 15 8 1 11,0 8 6 3 23 22 12,0 16 8 1 13,1 12 10 2 21 14,0 2 1 1 15,1 5 4 1 20,1 7 4 1 25,0 11 7 1 27,1 2 1 1 29,0 12 7 1 28,1 10 5 1 32,1 7 4 1 32,1 13 10 1 32,1 4 2 1 32,1 13 7 1 32,1 2 2 1 32,0 2 1 1 32,0 3 3 1 32,1 9 9 1 32,1 12 8 1 32,1 4 4 1 32,0 10 10 1 32,1 0 0 0
j300505_5.sm,17,17,1 0 0 3 2 16 31,0 3 3 2 30 3,1 7 5 3 28 27 4,1 10 6 1 5,0 13 7 2 26 6,0 13 7 3 25 24 7,0 5 5 2 23 8,0 15 8 1 9,0 8 6 2 22 10,1 9 7 1 11,1 13 9 3 21 20 12,0 10 7 2 19 13,1 7 7 2 18 14,0 14 8 1 15,1 4 2 1 17,1 15 9 1 29,1 13 10 1 32,1 1 1 1 32,1 10 9 1 32,1 19 10 1 32,0 1 1 1 32,0 4 2 1 32,1 2 1 1 32,1 11 6 1 32,1 13 7 1 32,0 12 7 1 32,0 1 1 1 32,0 2 1 1 32,0 16 9 1 32,0 11 6 1 32,1 5 5 1 32,1 0 0 0
j300505_6.sm,17,17,1 0 0 5 2 28 29 30 31,0 14 8 2 27 3,0 4 4 3 26 25 4,0 4 3 2 24 5,1 13 7 2 23 6,1 8 8 1 7,1 11 9 2 22 8,1 11 8 1 9,1 11 6 3 21 20 10,1 5 3 1 11,1 11 8 2 19 12,0 4 2 3 18 17 13,1 1 1 1 14,0 8 8 1 15,0 11 10 1 16,0 9 9 1 32,0 8 5 1 32,0 19 10 1 32,1 3 3 1 32,0 15 10 1 32,0 18 10 1 32,0 1 1 1 32,1 4 4 1 32,1 1 1 1 32,1 1 1 1 32,0 14 8 1 32,1 6 6 1 32,1 7 5 1 32,0 13 7 1 32,1 14 9 1 32,0 2 1 1 32,1 0 0 0
j300505_7.sm,17,17,1 0 0 3 2 3 31,1 15 9 2 30 4,0 4 2 2 30 4,0 12 10 2 8 5,0 16 8 2 12 6,0 7 6 2 29 7,0 16 9 2 23 9,0 3 2 3 15 12 10,1 7 5 2 15 10,1 4 2 2 22 11,1 12 6 2 19 13,0 12 8 1 13,1 9 5 1 14,1 2 1 2 28 16,0 10 5 4 28 27 21 18,1 2 2 1 17,1 8 4 3 27 21 18,1 4 3 3 26 25 20,1 10 6 1 20,0 19 10 1 24,1 11 6 1 25,0 11 6 1 28,0 9 5 1 24,0 5 4 1 32,0 3 2 1 32,0 18 9 1 32,1 1 1 1 32,0 18 10 1 32,1 9 7 1 32,1 16 10 1 32,1 4 2 1 32,1 0 0 0
j300505_8.sm,17,17,1 0 0 2 2 8,0 7 4 1 3,1 5 3 3 6 5 4,0 6 4 4 26 12 10 9,1 8 7 3 26 10 7,1 3 2 3 26 12 7,1 12 9 2 11 9,0 7 4 3 26 14 13,0 13 9 2 17 14,1 2 2 1 11,0 6 4 1 13,0 2 2 1 13,1 6 3 2 17 16,1 8 5 1 15,1 10 8 2 31 16,0 15 10 2 22 18,1 2 2 2 31 18,1 2 2 1 19,1 12 9 2 23 20,0 6 5 2 30 21,0 12 7 3 29 28 24,0 4 4 2 28 24,0 2 1 2 28 25,0 2 1 1 25,1 2 2 1 27,0 5 3 1 31,1 2 1 1 32,0 9 5 1 32,0 7 4 1 32,1 16 8 1 32,1 8 6 1 32,1 0 0 0
j300505_9.sm,17,17,1 0 0 2 2 7,0 15 8 1 3,0 16 8 3 6 5 4,1 2 1 2 9 8,0 8 4 2 12 9,0 9 7 2 14 8,0 4 3 2 14 8,1 10 7 3 12 11 10,1 6 4 3 14 11 10,1 1 1 2 15 13,1 2 1 2 15 13,0 18 9 2 15 13,0 3 3 2 17 16,1 7 4 1 15,1 2 2 1 16,0 8 6 2 25 18,1 19 10 2 25 18,1 4 2 2 22 19,1 9 8 1 20,1 2 2 2 24 21,1 16 9 2 28 23,0 7 6 2 28 23,1 6 3 2 29 26,0 15 8 2 28 26,1 2 2 3 31 29 28,0 6 6 1 27,1 5 5 1 31,0 3 3 1 30,0 4 2 1 30,0 18 10 1 32,0 1 1 1 32,1 0 0 0
j300505_10.sm,17,17,1 0 0 3 2 16 31,1 10 9 3 30 29 3,1 4 2 2 27 4,1 11 6 2 26 5,1 2 2 1 6,0 15 8 3 25 24 7,0 2 1 2 23 8,1 8 8 1 9,0 14 9 2 22 10,0 5 4 2 21 11,1 14 8 2 20 12,1 9 8 2 19 13,1 1 1 2 18 14,1 9 7 1 15,1 7 4 1 17,0 10 9 1 28,0 8 6 1 32,0 8 8 1 32,0 1 1 1 32,0 1 1 1 32,0 12 9 1 32,1 12 9 1 32,1 2 2 1 32,0 3 3 1 32,0 6 3 1 32,1 11 7 1 32,1 6 3 1 32,0 8 6 1 32,0 8 7 1 32,0 2 1 1 32,1 11 8 1 32,1 0 0 0
j300605_1.sm,17,17,1 0 0 3 2 13 18,0 9 5 1 3,0 2 2 2 22 4,1 7 5 1 5,1 6 3 3 31 10 6,1 12 10 1 7,1 3 3 3 26 12 8,1 9 8 2 14 9,1 4 3 3 20 17 11,0 16 8 4 30 20 17 15,1 10 7 2 30 15,0 1 1 2 17 14,0 6 5 2 30 14,0 10 5 2 20 19,1 12 7 1 16,0 17 10 1 19,1 15 8 1 19,0 7 7 1 19,1 10 10 1 21,0 11 10 1 21,1 1 1 1 23,0 11 6 1 23,1 5 3 1 24,1 13 7 1 25,0 4 4 2 29 27,0 4 2 2 29 27,1 9 5 1 28,1 10 10 1 32,0 15 10 1 32,0 1 1 1 32,0 9 9 1 32,1 0 0 0
j300605_2.sm,17,17,1 0 0 3 2 17 31,0 10 5 2 30 3,1 2 1 2 29 4,0 6 6 1 5,0 16 9 2 28 6,0 8 4 1 7,1 10 5 2 27 8,1 7 4 1 9,1 5 4 1 10,0 10 8 1 11,1 14 10 2 26 12,0 2 1 3 25 24 13,1 2 1 1 14,1 6 5 2 23 15,0 12 9 2 22 16,0 4 2 2 21 18,0 11 10 2 21 18,1 4 4 1 19,1 9 6 1 20,0 9 7 1 32,1 14 9 1 32,0 2 1 1 32,1 18 9 1 32,0 10 10 1 32,0 16 8 1 32,1 9 5 1 32,1 2 1 1 32,1 5 3 1 32,1 7 5 1 32,0 9 6 1 32,0 1 1 1 32,1 0 0 0
j300605_3.sm,17,17,1 0 0 3 2 20 31,0 14 8 1 3,0 4 2 2 24 4,1 7 4 1 5,1 8 5 3 30 11 6,1 4 3 1 7,0 11 7 3 29 12 8,0 4 2 2 17 9,1 7 6 3 22 16 10,1 7 6 2 28 13,1 11 6 2 16 14,0 16 10 2 22 17,1 3 2 1 14,0 3 2 1 15,0 3 2 1 18,0 9 5 1 18,0 11 8 1 18,1 16 8 1 19,1 2 1 1 21,1 11 9 1 21,0 4 3 1 23,1 2 1 1 23,0 8 6 2 27 25,0 4 3 2 27 25,0 5 3 1 26,1 4 2 1 32,0 13 7 1 32,1 1 1 1 32,1 13 8 1 32,0 1 1 1 32,1 15 8 1 32,1 0 0 0
j300605_4.sm,17,17,1 0 0 2 2 9,0 4 3 1 3,0 5 3 2 10 4,1 4 4 2 11 5,1 14 7 2 14 6,0 4 3 2 31 7,0 5 4 1 8,1 10 9 2 20 12,1 6 5 2 20 12,1 8 6 3 31 20 15,0 15 9 2 20 13,1 10 9 1 13,0 2 2 1 15,1 11 10 1 15,0 13 7 2 30 16,1 8 8 2 29 17,0 8 7 2 22 18,0 7 7 1 19,1 11 7 2 28 21,0 6 6 5 29 28 27 26 24,0 6 4 1 23,1 2 2 1 23,0 8 6 3 27 26 24,1 3 2 1 25,1 14 9 1 32,1 17 9 1 32,0 4 2 1 32,1 6 6 1 32,1 7 5 1 32,0 18 9 1 32,0 7 6 1 32,1 0 0 0
j300605_5.sm,17,17,1 0 0 6 2 3 15 19 24 31,1 1 1 3 18 13 4,1 20 10 3 18 7 5,1 3 3 1 5,0 12 9 1 6,1 13 7 2 30 8,1 4 3 2 30 9,1 12 8 1 9,0 7 4 1 10,0 7 4 1 11,0 9 9 1 12,0 10 6 1 14,1 4 2 1 14,1 7 6 2 28 16,1 9 9 3 28 18 17,1 2 2 2 29 17,0 1 1 1 20,0 13 10 1 20,0 4 3 1 20,0 18 10 2 27 21,1 11 10 1 22,0 4 2 1 23,1 10 10 1 25,1 19 10 1 25,0 2 1 1 26,1 15 8 1 32,1 2 1 1 32,0 14 9 1 32,0 2 1 1 32,0 2 1 1 32,0 10 5 1 32,1 0 0 0
j300605_6.sm,17,17,1 0 0 2 2 6,0 7 7 1 3,1 6 6 2 13 4,0 8 7 1 5,1 18 10 4 25 19 12 7,0 12 8 2 19 8,0 4 3 1 8,1 6 4 1 9,0 15 10 1 10,0 18 9 1 11,0 2 1 2 31 14,1 5 4 2 31 14,0 11 7 3 25 19 16,1 3 3 1 15,0 10 8 2 30 16,1 11 9 2 21 17,1 9 7 2 27 18,1 6 3 2 24 20,0 8 8 3 30 27 22,1 4 3 2 29 22,1 10 6 2 27 22,1 3 3 1 23,0 3 3 1 26,1 4 2 1 28,0 5 5 1 26,1 5 5 1 32,0 9 7 1 32,1 4 4 1 32,1 4 4 1 32,0 15 9 1 32,0 3 2 1 32,1 0 0 0
j300605_7.sm,17,17,1 0 0 5 2 28 29 30 31,0 7 5 2 27 3,1 3 2 1 4,1 5 5 1 5,1 10 6 2 26 6,1 5 4 1 7,1 7 6 2 25 8,1 7 5 2 24 9,0 9 8 1 10,1 13 7 2 23 11,1 8 7 1 12,0 6 5 3 22 21 13,0 7 4 2 20 14,1 10 10 1 15,0 10 5 1 16,0 2 1 1 17,0 7 5 1 18,0 9 5 1 19,0 12 10 1 32,0 9 5 1 32,1 1 1 1 32,1 2 2 1 32,0 4 4 1 32,1 5 3 1 32,1 12 9 1 32,0 2 2 1 32,0 9 5 1 32,1 2 2 1 32,1 3 2 1 32,0 6 4 1 32,0 8 4 1 32,1 0 0 0
j300605_8.sm,17,17,1 0 0 5 2 3 10 13 17,1 15 9 3 9 6 5,1 12 6 2 7 4,1 8 7 2 15 9,1 10 8 1 7,1 2 1 2 15 11,0 1 1 1 8,0 1 1 1 11,1 3 3 1 11,0 4 4 1 11,1 4 4 1 12,1 20 10 2 23 14,1 15 8 2 23 15,1 13 9 1 16,0 4 3 1 16,0 10 8 1 18,0 10 10 1 18,0 2 2 1 19,0 8 8 1 20,1 8 4 3 31 30 21,0 10 8 1 22,0 3 3 1 24,0 18 10 1 24,0 2 1 2 29 25,1 10 7 1 26,1 16 9 1 27,0 18 10 1 28,1 12 9 1 32,1 10 7 1 32,0 3 3 1 32,0 7 6 1 32,1 0 0 0
j300605_9.sm,17,17,1 0 0 1 2,0 19 10 2 6 3,1 2 1 1 4,0 1 1 3 12 8 5,0 11 7 1 7,1 4 3 1 7,0 2 2 2 10 9,1 2 2 1 9,0 8 4 2 16 11,0 9 7 3 18 16 14,0 8 6 1 13,1 4 2 1 13,1 8 4 2 18 14,0 16 8 1 15,1 13 7 2 21 17,1 4 4 2 21 19,1 7 4 2 26 19,1 9 9 2 26 19,1 8 5 1 20,1 9 7 2 24 22,0 8 8 2 26 22,1 9 6 2 31 23,0 12 10 1 25,0 11 7 1 25,1 2 2 3 30 29 27,0 5 4 1 27,0 16 10 1 28,0 19 10 1 32,0 7 5 1 32,1 11 6 1 32,1 12 7 1 32,1 0 0 0
j300605_10.sm,17,17,1 0 0 4 2 29 30 31,1 2 2 2 28 3,0 2 1 1 4,1 13 9 2 27 5,0 1 1 2 26 6,0 10 6 1 7,1 3 2 1 8,0 12 7 2 25 9,0 20 10 1 10,1 12 6 3 24 23 11,1 12 10 1 12,1 5 5 2 22 13,1 15 8 2 21 14,0 11 7 2 20 15,1 4 3 1 16,1 6 5 1 17,0 19 10 1 18,1 3 2 1 19,1 10 5 1 32,0 9 6 1 32,0 2 2 1 32,0 6 4 1 32,1 12 8 1 32,0 1 1 1 32,0 20 10 1 32,0 9 5 1 32,1 3 3 1 32,0 3 3 1 32,1 5 4 1 32,1 4 4 1 32,0 1 1 1 32,1 0 0 0
j300705_1.sm,17,17,1 0 0 1 2,1 14 9 2 8 3,1 7 4 2 11 4,0 8 7 2 19 5,0 18 10 1 6,1 8 6 2 24 7,1 7 4 2 17 9,1 7 7 2 17 9,0 2 1 1 10,0 1 1 1 12,1 16 8 4 31 24 23 14,0 11 8 2 23 13,1 2 2 2 31 14,0 6 4 1 15,1 4 2 1 16,1 7 4 1 18,0 10 10 1 18,1 9 9 2 30 20,0 6 6 3 30 29 22,0 1 1 2 29 21,0 14 9 1 22,0 5 3 1 25,1 7 6 1 25,0 5 3 1 25,0 14 7 1 26,1 14 9 1 27,1 2 1 1 28,1 11 6 1 32,0 4 3 1 32,1 13 10 1 32,0 5 3 1 32,1 0 0 0
j300705_2.sm,17,17,1 0 0 1 2,0 16 10 1 3,1 17 10 1 4,0 2 1 1 5,1 14 7 1 6,0 18 9 2 11 7,1 5 4 1 8,0 5 5 3 18 12 9,0 15 9 2 14 10,1 5 3 2 22 13,1 4 2 3 26 18 15,1 8 5 2 16 14,1 7 4 3 26 20 15,0 5 5 3 26 22 20,0 13 8 1 16,1 8 8 1 17,1 9 5 1 19,0 7 6 1 20,1 2 1 1 21,0 14 10 1 21,0 5 3 2 25 23,1 18 10 2 25 23,0 16 10 1 24,1 3 2 1 27,0 12 8 1 27,1 16 8 1 27,1 8 5 1 28,0 1 1 2 31 29,0 14 8 1 30,1 6 3 1 32,0 6 4 1 32,1 0 0 0
j300705_3.sm,17,17,1 0 0 1 2,0 19 10 1 3,1 8 7 1 4,0 11 10 2 9 5,1 11 6 1 6,0 11 9 2 31 7,0 11 6 2 18 8,0 3 2 2 30 10,1 4 3 3 30 14 13,0 6 3 1 11,0 3 3 1 12,1 11 6 1 13,1 14 8 2 21 15,1 6 5 2 21 15,1 11 9 1 16,1 16 9 1 17,1 6 3 2 29 19,1 5 5 2 29 21,1 9 6 1 20,1 4 4 2 28 22,0 8 4 2 28 22,1 2 2 2 27 23,0 9 8 1 24,0 7 4 1 25,1 5 3 1 26,1 8 5 1 32,0 2 2 1 32,0 11 8 1 32,0 2 1 1 32,0 6 3 1 32,0 12 9 1 32,1 0 0 0
j300705_4.sm,17,17,1 0 0 2 2 11,1 4 4 1 3,1 8 4 3 31 16 4,0 10 5 1 5,0 12 7 1 6,0 4 2 2 30 7,0 11 9 2 22 8,0 1 1 1 9,0 9 7 1 10,1 8 8 3 29 28 12,1 10 9 3 29 28 14,0 8 7 1 13,1 2 2 1 14,1 7 4 1 15,1 2 1 2 27 17,0 2 2 3 30 26 18,0 4 3 2 26 18,0 4 3 1 19,0 8 4 1 20,1 6 5 1 21,1 8 5 1 23,1 6 4 1 23,1 8 6 1 24,1 2 2 1 25,0 4 3 1 32,0 4 4 1 32,1 11 8 1 32,0 11 10 1 32,1 4 2 1 32,1 7 5 1 32,0 9 5 1 32,1 0 0 0
j300705_5.sm,17,17,1 0 0 2 2 19,0 4 2 1 3,1 8 7 3 31 17 4,0 3 2 1 5,0 6 3 1 6,1 10 8 2 29 7,1 3 3 2 30 8,0 3 2 1 9,1 15 10 1 10,1 4 4 3 28 27 11,0 12 10 1 12,1 2 2 1 13,0 2 1 2 26 14,1 11 9 2 25 15,1 2 2 1 16,1 8 7 1 18,1 3 2 3 29 25 22,0 10 10 1 20,0 7 6 1 20,0 1 1 1 21,1 11 9 1 22,1 9 8 1 23,0 10 6 1 24,0 18 10 1 32,0 12 10 1 32,1 13 7 1 32,0 13 9 1 32,1 6 5 1 32,1 11 6 1 32,0 3 2 1 32,0 1 1 1 32,1 0 0 0
j300705_6.sm,17,17,1 0 0 1 2,1 1 1 2 31 3,1 10 9 1 4,1 1 1 2 30 5,0 4 2 2 29 6,1 1 1 1 7,0 4 2 2 28 8,1 2 2 3 27 26 9,1 7 6 1 10,1 8 4 2 25 11,1 4 3 2 24 12,1 4 3 1 13,0 17 10 1 14,1 3 2 1 15,0 13 7 1 16,0 5 5 1 17,0 6 6 2 23 18,0 15 9 1 19,0 5 4 1 20,0 7 5 1 21,0 7 6 1 22,1 19 10 1 32,1 2 1 1 32,0 6 3 1 32,0 10 5 1 32,1 4 4 1 32,0 1 1 1 32,0 16 9 1 32,1 3 3 1 32,1 6 3 1 32,0 2 1 1 32,1 0 0 0
j300705_7.sm,17,17,1 0 0 6 2 27 28 29 30 31,1 14 10 1 3,0 15 8 2 26 4,0 2 2 1 5,0 4 2 1 6,1 11 6 1 7,0 4 2 3 25 24 8,1 9 7 1 9,0 9 8 1 10,0 8 7 2 23 11,1 4 3 1 12,1 11 6 1 13,1 4 3 1 14,0 11 7 1 15,1 14 10 1 16,0 14 7 1 17,0 12 6 1 18,0 12 9 1 19,1 2 2 1 20,0 10 9 1 21,0 8 4 1 22,1 2 1 1 32,1 6 3 1 32,1 5 3 1 32,0 10 7 1 32,1 1 1 1 32,1 4 2 1 32,0 12 6 1 32,1 2 1 1 32,1 12 7 1 32,0 3 3 1 32,1 0 0 0
j300705_8.sm,17,17,1 0 0 1 2,1 5 4 2 5 3,0 14 8 1 4,0 8 5 1 6,1 1 1 1 6,1 8 7 1 7,1 16 10 3 11 10 8,1 6 5 1 9,0 10 7 2 13 12,1 9 6 2 14 13,1 12 9 2 14 13,1 16 10 2 17 14,1 7 6 2 17 15,0 6 6 1 15,1 11 8 1 16,0 5 5 2 20 18,1 9 5 2 20 19,1 17 10 1 19,0 4 3 1 21,1 3 3 1 21,1 12 8 2 24 22,0 3 3 1 23,0 2 2 2 27 25,0 6 3 2 27 25,0 2 2 1 26,0 14 7 1 28,0 9 7 1 29,0 13 9 1 30,0 1 1 1 30,1 10 5 1 31,0 3 3 1 32,1 0 0 0
j300705_9.sm,17,17,1 0 0 1 2,0 6 3 2 7 3,0 16 9 1 4,1 14 7 3 13 10 5,1 2 1 1 6,1 12 9 2 20 8,1 15 9 2 20 8,1 5 4 1 9,1 3 2 2 16 11,1 5 3 3 21 20 14,0 13 8 1 12,0 13 9 2 21 14,1 6 6 2 21 17,1 9 5 1 15,0 8 4 1 17,0 1 1 1 17,1 6 6 2 28 18,0 8 4 1 19,1 8 7 2 31 22,0 4 3 2 31 22,0 11 6 2 31 23,1 5 3 1 23,0 6 6 2 27 24,0 15 8 1 25,0 12 9 1 26,1 2 2 1 29,0 15 8 1 29,0 8 4 1 29,0 4 3 1 30,1 8 5 1 32,1 7 5 1 32,1 0 0 0
j300705_10.sm,17,17,1 0 0 1 2,1 7 5 2 15 3,0 1 1 2 20 4,0 7 6 2 31 5,1 9 8 1 6,0 9 6 3 30 29 7,1 7 5 1 8,0 7 4 1 9,0 4 2 1 10,0 1 1 2 28 11,1 6 3 1 12,0 14 7 1 13,1 6 4 1 14,0 2 1 2 27 16,1 4 4 2 20 18,1 16 9 1 17,0 9 5 1 18,1 4 2 2 25 19,0 2 1 2 26 21,0 19 10 2 25 22,1 9 5 1 22,0 13 7 1 23,1 7 5 1 24,0 7 5 1 32,0 3 3 1 32,1 10 6 1 32,1 4 2 1 32,0 18 9 1 32,1 3 3 1 32,1 13 7 1 32,1 4 3 1 32,1 0 0 0
j300805_1.sm,17,17,1 0 0 3 2 9 29,0 14 9 1 3,1 7 5 1 4,1 10 10 2 13 5,0 6 6 1 6,1 9 8 1 7,0 2 2 2 23 8,0 2 1 1 10,0 8 7 1 10,0 12 10 1 11,1 6 3 2 25 12,1 6 5 1 14,1 11 9 1 14,0 12 10 1 15,1 4 3 1 16,1 10 6 1 17,0 1 1 1 18,0 9 7 1 19,0 4 4 1 20,0 6 3 1 21,1 6 3 2 31 22,0 4 2 1 24,1 3 3 1 24,0 8 6 1 26,1 8 8 1 26,1 1 1 1 27,0 16 8 1 28,1 9 6 1 30,1 3 3 1 30,1 12 10 1 32,0 9 5 1 32,1 0 0 0
j300805_2.sm,17,17,1 0 0 2 2 20,1 1 1 1 3,1 1 1 1 4,1 14 7 1 5,0 12 10 1 6,0 2 1 1 7,0 5 5 1 8,1 5 5 1 9,0 18 9 1 10,0 15 8 1 11,1 12 9 1 12,0 1 1 1 13,1 4 2 2 31 14,0 5 4 1 15,0 5 4 2 30 16,0 10 5 1 17,0 8 4 2 29 18,0 5 3 2 28 19,1 8 5 2 27 21,1 17 9 2 27 21,0 2 1 1 22,1 15 8 1 23,0 10 7 1 24,1 8 6 1 25,1 9 6 1 26,1 6 6 1 32,1 2 2 1 32,0 8 7 1 32,0 18 10 1 32,1 8 7 1 32,1 7 4 1 32,1 0 0 0
j300805_3.sm,17,17,1 0 0 4 2 29 30 31,1 4 4 2 28 3,0 3 2 2 27 4,0 2 1 1 5,1 5 4 1 6,0 18 10 1 7,1 8 6 1 8,1 2 1 1 9,1 17 9 2 26 10,0 13 10 1 11,1 6 6 1 12,0 14 8 1 13,1 10 6 1 14,1 5 5 1 15,1 2 1 1 16,1 6 3 1 17,0 3 2 1 18,0 5 5 1 19,0 2 1 1 20,1 16 8 1 21,1 6 6 1 22,1 5 3 1 23,1 17 10 1 24,0 11 7 1 25,0 1 1 1 32,0 10 10 1 32,0 7 7 1 32,0 3 3 1 32,0 2 2 1 32,0 6 3 1 32,1 9 6 1 32,1 0 0 0
j300805_4.sm,17,17,1 0 0 3 2 30 31,1 13 9 2 23 3,0 6 5 1 4,0 8 5 2 29 5,1 14 9 1 6,0 2 2 1 7,1 6 6 1 8,0 2 1 1 9,1 10 6 1 10,1 4 2 1 11,1 5 3 2 28 12,1 4 2 1 13,1 9 8 1 14,0 3 2 2 27 15,0 2 1 1 16,1 10 7 1 17,0 9 6 1 18,0 10 6 1 19,0 18 9 1 20,1 13 9 1 21,1 8 6 1 22,0 5 3 1 24,0 3 2 1 24,0 14 8 1 25,0 7 5 1 26,1 4 4 1 32,0 12 7 1 32,1 8 4 1 32,0 1 1 1 32,1 2 1 1 32,1 4 2 1 32,1 0 0 0
j300805_5.sm,17,17,1 0 0 2 2 31,1 18 9 1 3,1 2 1 1 4,0 6 3 1 5,0 5 3 1 6,1 8 7 1 7,0 7 4 2 30 8,1 1 1 1 9,0 8 7 2 29 10,1 12 7 1 11,0 18 10 1 12,1 8 6 1 13,1 16 10 1 14,0 14 9 3 28 27 15,1 2 2 1 16,1 10 7 2 26 17,0 6 4 1 18,1 6 3 1 19,0 14 8 1 20,0 4 2 1 21,0 7 4 1 22,1 7 4 1 23,0 10 5 1 24,0 2 2 1 25,0 10 7 1 32,1 3 2 1 32,0 5 4 1 32,1 2 2 1 32,1 6 5 1 32,0 10 8 1 32,1 2 2 1 32,1 0 0 0
j300805_6.sm,17,17,1 0 0 2 2 7,1 1 1 1 3,0 9 7 2 12 4,1 4 2 1 5,0 12 8 1 6,1 8 5 2 10 8,0 6 6 2 12 10,0 8 8 1 9,0 12 10 2 16 11,1 9 9 2 16 13,0 9 6 1 13,0 10 5 1 13,1 17 9 1 14,0 10 9 1 15,1 4 2 1 17,0 13 10 1 17,1 2 2 1 18,1 15 9 1 19,0 2 1 2 26 20,1 11 10 2 29 21,0 2 1 1 22,0 4 4 1 23,0 8 7 1 24,1 16 8 1 25,0 9 7 1 27,1 6 5 1 27,1 5 3 1 28,0 14 7 1 30,1 3 3 1 30,1 4 2 1 31,1 1 1 1 32,1 0 0 0
j300805_7.sm,17,17,1 0 0 3 2 26 31,1 10 5 1 3,1 6 5 1 4,1 14 9 2 12 5,0 14 10 1 6,0 4 2 1 7,0 12 6 2 14 8,1 10 10 1 9,1 3 2 1 10,0 12 8 1 11,0 3 2 1 13,1 7 7 1 14,1 11 9 1 15,1 12 8 1 15,0 8 6 1 16,0 3 2 2 30 17,1 12 10 2 29 18,1 5 4 1 19,1 14 10 1 20,1 6 6 1 21,1 11 6 1 22,0 9 8 1 23,0 8 4 1 24,1 7 4 1 25,0 8 6 1 27,0 1 1 1 27,0 8 8 1 28,0 2 1 1 32,0 9 6 1 32,0 9 8 1 32,1 6 6 1 32,1 0 0 0
j300805_8.sm,17,17,1 0 0 3 2 4 10,0 8 7 2 13 3,0 6 6 1 5,0 12 7 1 5,1 15 9 1 6,1 3 3 1 7,1 15 8 1 8,0 5 3 1 9,1 12 6 1 11,0 10 8 1 11,1 4 2 1 12,0 5 3 1 14,1 8 5 1 14,1 2 1 2 28 15,1 9 5 1 16,0 12 7 1 17,0 7 7 2 31 18,0 1 1 1 19,1 6 6 2 30 20,1 3 3 1 21,1 14 8 1 22,1 4 3 1 23,1 17 9 1 24,1 2 2 1 25,0 6 6 1 26,0 10 6 1 27,0 10 6 1 29,0 11 9 1 29,1 6 3 1 32,0 10 5 1 32,0 5 3 1 32,1 0 0 0
j300805_9.sm,17,17,1 0 0 5 2 28 29 30 31,1 11 8 1 3,0 16 8 1 4,1 1 1 1 5,1 1 1 1 6,0 4 3 3 27 26 7,0 17 9 1 8,0 8 4 1 9,1 15 9 1 10,0 3 3 1 11,0 4 2 1 12,1 13 9 1 13,1 9 6 1 14,0 5 3 1 15,1 6 5 1 16,0 11 9 1 17,0 10 7 1 18,1 12 9 1 19,0 2 1 1 20,1 12 9 1 21,0 17 10 1 22,0 8 7 1 23,1 14 8 1 24,0 10 6 1 25,1 19 10 1 32,1 1 1 1 32,0 7 4 1 32,1 14 7 1 32,0 2 1 1 32,1 7 6 1 32,1 9 6 1 32,1 0 0 0
j300805_10.sm,17,17,1 0 0 2 2 4,0 16 10 1 3,0 18 10 1 5,0 12 6 1 5,0 11 7 1 6,0 10 7 1 7,1 15 10 1 8,1 13 9 2 12 9,1 10 9 1 10,1 5 3 1 11,0 5 3 1 13,0 8 7 1 13,1 8 8 1 14,1 1 1 1 15,0 11 9 2 24 16,0 2 2 1 17,0 1 1 1 18,0 6 3 1 19,0 20 10 1 20,0 1 1 2 22 21,1 8 8 2 26 23,1 15 8 2 26 25,1 2 2 1 25,0 9 7 1 25,1 2 1 2 29 27,1 10 10 2 29 28,0 8 5 1 28,1 12 6 1 30,1 2 2 1 30,1 2 1 1 31,1 18 10 1 32,1 0 0 0
j300905_1.sm,17,17,1 0 0 2 2 5,0 10 7 1 3,0 6 5 1 4,1 7 5 1 6,0 6 5 1 6,0 3 2 1 7,0 11 9 1 8,1 2 1 1 9,1 15 8 1 10,1 15 9 1 11,1 4 2 1 12,1 2 1 2 16 13,1 3 3 1 14,1 4 3 1 15,0 2 2 1 17,0 18 10 1 17,1 6 4 1 18,0 16 10 1 19,0 3 2 1 20,1 8 7 1 21,1 8 8 2 30 22,0 4 2 1 23,1 12 9 1 24,0 16 8 1 25,0 6 5 1 26,1 4 2 1 27,0 4 2 1 28,0 14 7 1 29,0 12 8 1 31,1 6 6 1 31,1 3 3 1 32,1 0 0 0
j300905_2.sm,17,17,1 0 0 2 2 8,0 3 2 1 3,0 6 4 1 4,1 2 2 1 5,0 3 2 1 6,1 1 1 1 7,0 3 3 1 9,1 4 2 1 9,1 6 3 1 10,1 1 1 1 11,1 9 6 2 23 12,0 14 9 1 13,0 6 5 1 14,0 10 8 1 15,1 8 5 1 16,1 3 3 1 17,1 19 10 1 18,0 4 3 2 31 19,0 11 8 1 20,0 7 5 1 21,1 13 10 1 22,1 2 1 1 24,0 9 7 1 24,1 17 9 1 25,0 18 9 1 26,1 5 5 1 27,0 15 8 1 28,0 4 2 1 29,0 10 7 1 30,1 10 5 1 32,1 16 8 1 32,1 0 0 0
j300905_3.sm,17,17,1 0 0 2 2 7,1 15 8 1 3,0 6 5 1 4,1 7 4 1 5,0 15 9 1 6,0 6 6 1 8,0 11 8 1 8,0 7 5 1 9,1 8 7 1 10,0 14 9 1 11,0 4 4 2 31 12,1 1 1 1 13,0 5 5 1 14,0 9 5 1 15,1 2 1 2 25 16,1 3 3 1 17,0 14 10 1 18,0 20 10 1 19,1 19 10 1 20,1 1 1 1 21,0 5 3 1 22,1 19 10 1 23,1 4 3 1 24,1 2 1 1 26,1 9 5 1 26,0 18 9 1 27,1 9 5 1 28,0 12 8 1 29,0 20 10 1 30,1 4 3 1 32,1 5 3 1 32,1 0 0 0
j300905_4.sm,17,17,1 0 0 1 2,0 4 2 1 3,0 14 8 1 4,0 11 8 2 28 5,1 2 2 1 6,1 13 10 1 7,0 1 1 1 8,0 2 2 1 9,0 1 1 1 10,0 10 7 1 11,1 14 9 1 12,1 12 7 1 13,1 9 6 1 14,0 3 2 2 31 15,1 8 6 1 16,1 6 5 1 17,0 8 8 1 18,0 11 10 1 19,0 17 10 1 20,0 10 6 1 21,1 5 5 1 22,1 8 6 1 23,0 3 2 2 30 24,1 5 4 1 25,1 6 4 1 26,0 7 5 1 27,1 2 2 1 29,0 6 6 1 30,1 3 3 1 32,1 12 8 1 32,1 11 6 1 32,1 0 0 0
j300905_5.sm,17,17,1 0 0 1 2,1 5 3 1 3,0 12 10 1 4,0 4 3 1 5,0 3 2 1 6,0 16 8 1 7,0 20 10 1 8,0 11 6 2 20 9,1 10 9 1 10,0 10 10 1 11,0 12 8 1 12,0 7 6 1 13,0 10 5 1 14,1 3 2 2 31 15,0 16 8 1 16,1 5 4 1 17,1 14 8 2 30 18,1 17 10 1 19,0 3 3 1 21,0 7 7 1 21,1 8 5 1 22,1 12 6 1 23,1 11 8 1 24,0 15 10 1 25,1 3 2 1 26,1 6 4 1 27,1 6 4 1 28,1 10 6 1 29,1 7 5 1 32,0 11 6 1 32,1 9 6 1 32,1 0 0 0
j300905_6.sm,17,17,1 0 0 1 2,1 20 10 1 3,1 4 2 3 31 30 4,1 4 4 1 5,0 8 7 1 6,0 3 3 1 7,0 14 9 1 8,0 10 5 1 9,0 13 7 1 10,0 11 8 1 11,1 16 9 1 12,1 8 4 1 13,0 13 9 2 29 14,0 16 10 1 15,1 15 9 1 16,1 12 8 1 17,1 3 2 1 18,1 11 8 1 19,0 6 3 1 20,1 10 6 1 21,0 19 10 1 22,0 3 3 1 23,1 10 6 1 24,0 7 4 1 25,0 4 4 1 26,1 8 4 1 27,1 9 5 1 28,1 9 8 1 32,0 4 3 1 32,1 2 2 1 32,0 6 3 1 32,1 0 0 0
j300905_7.sm,17,17,1 0 0 2 2 6,1 12 7 1 3,0 4 2 1 4,0 5 5 1 5,1 3 2 1 7,0 5 3 1 7,1 12 6 1 8,1 7 7 1 9,1 3 3 1 10,1 12 10 1 11,1 15 8 2 14 12,1 7 7 1 13,0 12 10 1 15,1 4 3 1 15,0 4 3 1 16,1 10 8 1 17,0 5 3 2 21 18,0 2 2 1 19,1 8 5 1 20,0 2 1 1 22,0 14 9 1 22,1 14 8 1 23,1 11 8 1 24,0 3 2 1 25,0 11 8 1 26,0 13 8 1 27,1 9 7 1 28,0 10 5 1 29,1 7 4 1 30,0 10 8 1 31,0 3 2 1 32,1 0 0 0
j300905_8.sm,17,17,1 0 0 2 2 7,0 2 1 1 3,1 5 4 1 4,0 4 2 1 5,0 7 4 1 6,0 15 9 1 8,0 11 9 1 8,1 20 10 1 9,1 16 8 1 10,1 12 6 1 11,1 7 6 2 31 12,0 11 9 1 13,1 7 5 1 14,1 8 5 1 15,0 3 2 1 16,0 3 2 2 23 17,1 12 9 1 18,1 6 5 1 19,0 10 8 1 20,1 3 3 1 21,0 14 9 1 22,1 3 2 1 24,1 2 1 1 24,0 1 1 1 25,0 10 10 1 26,0 5 3 1 27,1 8 7 1 28,1 1 1 1 29,0 8 6 1 30,0 5 3 1 32,1 7 4 1 32,1 0 0 0
j300905_9.sm,17,17,1 0 0 2 2 31,1 2 1 1 3,1 8 5 1 4,0 1 1 1 5,1 10 7 2 30 6,0 7 4 1 7,0 2 2 1 8,1 6 5 1 9,0 6 3 1 10,0 1 1 1 11,1 1 1 1 12,0 18 9 1 13,1 1 1 1 14,1 8 5 1 15,0 7 5 1 16,0 10 7 2 29 17,0 11 6 1 18,0 4 3 1 19,1 11 6 1 20,1 8 5 1 21,1 10 9 1 22,1 2 2 1 23,0 2 2 1 24,1 2 2 1 25,1 20 10 1 26,0 5 3 1 27,0 14 7 1 28,0 3 2 1 32,0 5 3 1 32,1 3 3 1 32,1 13 8 1 32,1 0 0 0
j300905_10.sm,17,17,1 0 0 1 2,0 3 2 1 3,1 2 2 1 4,1 3 2 3 31 30 5,0 4 3 1 6,1 7 6 1 7,1 8 4 1 8,0 4 2 1 9,0 12 10 1 10,1 12 6 1 11,1 8 6 1 12,0 10 8 1 13,0 3 2 2 29 14,1 5 4 1 15,0 6 3 1 16,1 4 2 1 17,0 6 5 1 18,1 11 10 1 19,1 2 2 1 20,1 10 7 1 21,1 11 7 1 22,0 11 7 1 23,1 11 9 1 24,0 2 2 1 25,0 5 3 1 26,0 5 3 1 27,0 3 2 1 28,1 10 5 1 32,1 8 6 1 32,0 7 4 1 32,0 8 5 1 32,1 0 0 0
j301005_1.sm,17,17,1 0 0 1 2,0 12 9 1 3,1 1 1 1 4,1 12 7 1 5,1 14 8 1 6,0 14 8 1 7,0 4 2 1 8,0 4 2 1 9,1 9 6 1 10,1 3 2 1 11,0 14 10 1 12,0 14 7 1 13,0 4 4 1 14,1 6 3 1 15,1 15 10 1 16,0 7 4 1 17,0 9 5 1 18,1 5 3 1 19,0 2 1 1 20,0 2 1 1 21,0 17 10 1 22,1 8 8 1 23,1 14 7 1 24,1 8 8 1 25,0 10 10 1 26,0 20 10 1 27,1 4 3 1 28,1 13 10 1 29,1 16 9 1 30,1 12 7 1 31,0 5 3 1 32,1 0 0 0
j301005_2.sm,17,17,1 0 0 1 2,1 16 9 1 3,1 1 1 1 4,1 7 7 1 5,1 11 8 1 6,0 11 8 1 7,0 3 2 1 8,1 2 2 1 9,1 8 6 1 10,0 4 2 1 11,0 12 10 1 12,1 13 7 1 13,1 5 4 1 14,0 6 3 1 15,0 19 10 1 16,1 7 4 1 17,1 5 5 1 18,0 6 3 1 19,0 1 1 1 20,0 2 1 1 21,1 17 10 1 22,1 9 8 1 23,0 11 7 1 24,0 15 8 1 25,1 20 10 1 26,1 16 10 1 27,0 3 3 1 28,0 17 10 1 29,0 14 9 1 30,0 12 7 1 31,1 3 3 1 32,1 0 0 0
j301005_3.sm,17,17,1 0 0 1 2,0 10 9 1 3,1 2 1 1 4,0 14 7 1 5,0 8 8 1 6,1 14 8 1 7,0 3 2 1 8,1 2 2 1 9,1 6 6 1 10,1 3 2 1 11,1 14 10 1 12,0 13 7 1 13,0 4 4 1 14,1 3 3 1 15,1 11 10 1 16,1 4 4 1 17,0 8 5 1 18,1 5 3 1 19,1 1 1 1 20,1 1 1 1 21,1 13 10 1 22,0 16 8 1 23,1 8 7 1 24,0 13 8 1 25,0 10 10 1 26,0 20 10 1 27,1 5 3 1 28,0 15 10 1 29,0 9 9 1 30,0 7 7 1 31,0 3 3 1 32,1 0 0 0
j301005_4.sm,17,17,1 0 0 1 2,0 14 9 1 3,1 1 1 1 4,0 8 7 1 5,0 16 8 1 6,1 9 8 1 7,0 4 2 1 8,1 3 2 1 9,1 12 6 1 10,0 4 2 1 11,1 12 10 1 12,1 8 7 1 13,0 6 4 1 14,1 5 3 1 15,0 16 10 1 16,0 5 4 1 17,1 8 5 1 18,1 6 3 1 19,1 2 1 1 20,0 1 1 1 21,1 11 10 1 22,0 9 8 1 23,1 7 7 1 24,1 11 8 1 25,0 12 10 1 26,0 20 10 1 27,0 4 3 1 28,0 15 10 1 29,0 13 9 1 30,1 11 7 1 31,1 3 3 1 32,1 0 0 0
j301005_5.sm,17,17,1 0 0 1 2,1 17 9 1 3,1 1 1 1 4,1 7 7 1 5,0 11 8 1 6,1 9 8 1 7,1 3 2 1 8,0 4 2 1 9,1 12 6 1 10,0 4 2 1 11,1 16 10 1 12,1 11 7 1 13,0 6 4 1 14,0 3 3 1 15,0 16 10 1 16,0 6 4 1 17,1 5 5 1 18,0 3 3 1 19,0 1 1 1 20,0 1 1 1 21,1 10 10 1 22,1 16 8 1 23,1 12 7 1 24,1 9 8 1 25,1 12 10 1 26,0 11 10 1 27,0 5 3 1 28,0 18 10 1 29,0 9 9 1 30,0 12 7 1 31,1 4 3 1 32,1 0 0 0
j301005_6.sm,17,17,1 0 0 1 2,1 12 9 1 3,0 2 1 1 4,1 14 7 1 5,0 15 8 1 6,0 8 8 1 7,1 4 2 1 8,0 4 2 1 9,1 7 6 1 10,0 3 2 1 11,0 20 10 1 12,0 9 7 1 13,0 7 4 1 14,0 4 3 1 15,1 12 10 1 16,0 7 4 1 17,1 7 5 1 18,1 4 3 1 19,0 2 1 1 20,1 1 1 1 21,1 20 10 1 22,1 11 8 1 23,1 14 7 1 24,1 14 8 1 25,1 17 10 1 26,1 11 10 1 27,0 5 3 1 28,0 15 10 1 29,0 12 9 1 30,1 14 7 1 31,0 4 3 1 32,1 0 0 0
j301005_7.sm,17,17,1 0 0 1 2,1 9 9 1 3,0 1 1 1 4,1 12 7 1 5,1 15 8 1 6,0 10 8 1 7,1 4 2 1 8,0 2 2 1 9,0 11 6 1 10,1 3 2 1 11,1 11 10 1 12,0 7 7 1 13,1 5 4 1 14,0 3 3 1 15,0 20 10 1 16,1 4 4 1 17,1 10 5 1 18,0 4 3 1 19,1 2 1 1 20,1 1 1 1 21,0 14 10 1 22,1 14 8 1 23,1 13 7 1 24,0 12 8 1 25,1 20 10 1 26,0 20 10 1 27,0 6 3 1 28,0 16 10 1 29,1 14 9 1 30,0 13 7 1 31,0 3 3 1 32,1 0 0 0
j301005_8.sm,17,17,1 0 0 1 2,1 9 9 1 3,1 1 1 1 4,0 12 7 1 5,0 10 8 1 6,0 15 8 1 7,1 3 2 1 8,1 3 2 1 9,0 8 6 1 10,0 2 2 1 11,0 11 10 1 12,0 10 7 1 13,1 7 4 1 14,1 6 3 1 15,1 17 10 1 16,0 6 4 1 17,1 7 5 1 18,1 4 3 1 19,0 2 1 1 20,1 2 1 1 21,0 16 10 1 22,0 15 8 1 23,1 7 7 1 24,0 10 8 1 25,0 15 10 1 26,1 13 10 1 27,1 6 3 1 28,0 17 10 1 29,0 17 9 1 30,1 11 7 1 31,1 5 3 1 32,1 0 0 0
j301005_9.sm,17,17,1 0 0 1 2,1 16 9 1 3,0 1 1 1 4,1 14 7 1 5,1 14 8 1 6,0 16 8 1 7,1 3 2 1 8,0 3 2 1 9,1 12 6 1 10,0 4 2 1 11,0 15 10 1 12,0 12 7 1 13,1 8 4 1 14,0 4 3 1 15,1 15 10 1 16,1 7 4 1 17,0 6 5 1 18,1 4 3 1 19,0 1 1 1 20,0 1 1 1 21,1 16 10 1 22,0 9 8 1 23,1 12 7 1 24,0 9 8 1 25,0 18 10 1 26,1 12 10 1 27,1 5 3 1 28,1 20 10 1 29,0 10 9 1 30,0 7 7 1 31,1 5 3 1 32,1 0 0 0
j301005_10.sm,17,17,1 0 0 1 2,1 10 9 1 3,1 1 1 1 4,1 14 7 1 5,0 8 8 1 6,1 11 8 1 7,0 4 2 1 8,1 4 2 1 9,1 8 6 1 10,1 2 2 1 11,0 18 10 1 12,0 12 7 1 13,0 7 4 1 14,0 3 3 1 15,0 12 10 1 16,1 7 4 1 17,1 9 5 1 18,1 3 3 1 19,1 2 1 1 20,0 1 1 1 21,0 18 10 1 22,1 9 8 1 23,1 7 7 1 24,0 11 8 1 25,0 20 10 1 26,0 15 10 1 27,1 5 3 1 28,0 11 10 1 29,0 17 9 1 30,1 12 7 1 31,0 3 3 1 32,1 0 0 0
j400105_1.sm,22,22,1 0 0 12 2 3 4 5 6 7 8 9 11 12 15 16,0 1 1 7 35 25 24 19 18 14 10,1 6 6 6 38 35 19 17 13 10,1 8 4 7 40 38 36 35 23 18 17,0 7 5 6 39 36 35 21 19 10,1 4 4 9 39 38 36 33 29 25 24 20 17,0 3 2 7 35 30 29 25 23 20 19,1 16 9 5 37 32 27 20 18,0 7 5 6 41 40 30 26 23 22,0 5 4 6 34 33 31 30 28 22,0 11 8 6 36 31 30 29 28 24,0 12 6 5 37 30 29 23 20,1 11 9 6 37 32 31 30 29 28,1 8 4 5 34 33 30 29 26,1 8 8 3 34 29 17,1 2 1 4 31 30 29 28,0 12 9 3 32 31 28,1 5 4 3 33 30 29,0 2 1 2 34 33,1 6 4 2 31 28,1 9 9 2 30 29,1 6 6 1 29,1 6 4 1 28,1 7 4 1 32,1 9 6 1 28,0 11 6 1 32,0 9 5 1 28,0 4 3 1 42,0 11 7 1 42,1 2 1 1 42,0 13 8 1 42,0 14 7 1 42,0 4 4 1 42,0 12 6 1 42,1 10 9 1 42,0 8 5 1 42,0 12 6 1 42,1 19 10 1 42,1 4 2 1 42,0 14 10 1 42,1 8 5 1 42,1 0 0 0
j400105_2.sm,22,22,1 0 0 13 2 3 4 5 7 8 10 11 12 14 22 23 41,1 7 5 8 38 35 30 21 17 15 13 6,1 2 1 6 40 38 35 30 13 6,1 9 9 8 37 32 28 27 26 20 16 9,1 12 9 9 37 36 32 28 27 26 25 20 17,1 6 3 8 31 29 28 26 25 24 19 18,1 2 2 7 39 35 31 30 27 26 25,0 18 10 6 32 30 28 27 26 24,0 15 10 4 33 29 17 15,1 15 9 5 30 29 28 26 25,1 1 1 4 39 33 25 24,0 1 1 3 33 24 18,1 6 5 3 29 26 25,0 3 3 3 36 32 26,0 2 1 2 25 24,1 9 7 2 25 24,0 6 3 1 24,1 5 4 1 27,0 10 6 1 34,1 9 5 1 24,0 10 6 1 31,0 13 9 1 30,1 1 1 1 24,0 5 4 1 42,0 16 8 1 42,0 11 6 1 42,1 12 9 1 42,0 8 7 1 42,1 16 9 1 42,0 10 6 1 42,0 5 4 1 42,1 13 9 1 42,1 16 9 1 42,1 5 5 1 42,0 2 2 1 42,0 6 3 1 42,0 11 9 1 42,0 12 10 1 42,0 2 1 1 42,1 15 9 1 42,1 14 8 1 42,1 0 0 0
j400105_3.sm,22,22,1 0 0 27 2 3 4 5 6 7 8 11 12 13 14 15 16 28 29 30 31 32 33 34 35 36 37 38 39 40 41,0 17 9 3 25 18 9,0 9 6 3 22 21 20,0 18 9 2 24 10,1 6 6 2 23 17,1 15 10 2 19 18,1 3 2 2 26 21,1 15 8 2 27 18,1 11 10 1 10,0 17 9 1 17,1 10 7 1 18,1 9 9 1 20,0 2 2 1 17,0 11 8 1 19,1 1 1 1 18,0 3 3 1 22,1 4 3 1 42,1 12 8 1 42,0 2 1 1 42,0 6 3 1 42,0 4 4 1 42,1 6 4 1 42,0 3 3 1 42,1 7 5 1 42,0 12 8 1 42,1 12 8 1 42,1 11 9 1 42,1 14 9 1 42,1 11 10 1 42,0 5 3 1 42,1 8 8 1 42,0 17 9 1 42,0 13 7 1 42,1 11 10 1 42,0 8 4 1 42,0 19 10 1 42,0 2 2 1 42,0 12 10 1 42,1 4 2 1 42,1 9 6 1 42,0 14 10 1 42,1 0 0 0
j400105_4.sm,22,22,1 0 0 13 2 3 4 5 6 7 8 9 10 12 21 28 41,1 8 7 10 36 35 34 26 25 22 18 17 14 13,1 15 9 11 40 39 37 36 35 27 24 23 22 19 15,1 8 6 10 40 39 38 35 34 25 24 22 18 13,1 6 4 8 38 37 36 22 20 18 16 13,0 19 10 5 40 39 37 20 11,1 12 6 9 37 36 35 34 31 25 22 16 15,0 5 5 5 33 24 22 13 11,0 12 7 8 39 38 36 35 29 26 18 16,1 7 5 7 36 35 31 30 23 22 19,0 15 8 5 38 34 31 23 15,0 5 4 5 36 34 32 22 18,0 10 5 2 31 15,0 9 9 3 37 31 23,0 6 5 3 32 30 29,1 4 2 3 33 32 30,1 3 3 1 19,0 5 3 2 31 30,1 1 1 2 33 29,1 11 8 2 35 32,1 4 3 2 34 29,1 13 8 1 29,0 9 7 1 29,1 5 5 1 29,0 4 2 1 29,0 13 7 1 30,1 2 1 1 31,1 12 7 1 34,1 9 5 1 42,0 2 2 1 42,1 8 4 1 42,1 10 8 1 42,1 11 7 1 42,0 14 8 1 42,0 2 2 1 42,0 14 8 1 42,0 6 3 1 42,0 2 2 1 42,0 13 7 1 42,0 4 2 1 42,1 8 6 1 42,1 0 0 0
j400105_5.sm,22,22,1 0 0 24 2 3 4 5 11 12 13 14 26 27 28 29 30 31 32 33 34 35 36 37 38 39 40 41,0 7 6 5 22 19 18 8 6,1 8 4 2 24 10,1 11 9 2 19 9,1 2 1 2 25 23,0 10 10 1 7,0 4 4 1 17,0 4 4 1 15,1 4 2 1 15,0 2 1 1 16,0 4 2 1 21,1 8 8 1 18,1 12 8 1 20,0 3 3 1 16,0 12 7 1 42,0 14 10 1 42,1 7 4 1 42,1 6 4 1 42,1 16 10 1 42,0 13 7 1 42,0 2 1 1 42,0 1 1 1 42,1 4 2 1 42,0 5 5 1 42,0 14 9 1 42,1 8 7 1 42,1 9 7 1 42,0 9 7 1 42,1 10 10 1 42,1 4 2 1 42,1 9 7 1 42,1 4 2 1 42,0 8 6 1 42,0 11 8 1 42,1 6 4 1 42,0 11 9 1 42,1 10 8 1 42,1 17 9 1 42,1 4 3 1 42,0 1 1 1 42,0 10 6 1 42,1 0 0 0
j400105_6.sm,22,22,1 0 0 12 2 3 4 5 6 7 8 9 10 12 13 16,0 1 1 7 35 27 26 19 18 15 11,0 16 8 6 39 35 19 17 14 11,1 5 4 7 40 36 35 32 21 19 11,0 2 1 7 39 38 36 35 25 18 17,1 7 7 9 40 39 36 33 31 27 26 20 17,1 4 3 7 35 27 25 24 22 20 19,1 16 8 6 38 37 32 29 20 18,1 8 8 6 41 38 28 25 24 22,1 11 6 5 37 33 25 22 20,0 9 6 5 34 33 24 23 22,1 4 3 4 36 26 23 22,1 14 8 3 34 22 17,1 11 6 4 37 32 23 22,0 2 1 4 34 33 28 22,0 12 6 2 23 22,1 5 3 2 32 23,0 7 4 2 33 22,1 12 7 2 34 33,1 6 6 1 23,0 8 6 1 22,1 4 4 1 31,0 6 6 1 30,0 8 6 1 31,0 8 7 1 30,1 2 2 1 32,1 4 3 1 30,1 15 9 1 32,0 5 5 1 30,0 10 8 1 42,1 4 3 1 42,0 11 7 1 42,0 2 1 1 42,0 8 4 1 42,0 7 6 1 42,1 15 8 1 42,0 12 7 1 42,1 9 7 1 42,1 7 6 1 42,0 9 5 1 42,0 6 6 1 42,1 0 0 0
j400105_7.sm,22,22,1 0 0 17 2 3 4 6 7 8 9 10 12 13 14 19 20 38 39 40 41,0 6 6 3 15 11 5,0 9 8 7 36 35 33 31 27 26 16,0 3 3 6 33 28 25 23 21 15,0 1 1 5 29 25 22 21 17,1 1 1 5 37 32 29 27 21,1 9 6 4 30 24 23 22,0 9 6 4 32 30 28 25,0 2 1 3 24 22 18,1 8 6 2 28 16,1 12 7 2 22 21,0 7 4 2 27 21,1 14 9 2 34 23,0 8 4 2 31 24,0 15 10 1 22,1 2 2 1 24,0 20 10 1 26,0 4 2 1 23,0 2 1 1 23,1 11 9 1 21,1 8 8 1 42,1 1 1 1 42,1 14 7 1 42,1 7 6 1 42,0 10 6 1 42,1 7 5 1 42,0 14 9 1 42,1 7 7 1 42,1 20 10 1 42,0 6 4 1 42,0 17 9 1 42,1 3 2 1 42,1 8 6 1 42,1 14 10 1 42,1 2 2 1 42,0 4 2 1 42,1 6 3 1 42,1 7 7 1 42,0 4 4 1 42,0 13 9 1 42,0 14 9 1 42,1 0 0 0
j400105_8.sm,22,22,1 0 0 16 2 3 4 5 7 8 9 10 11 14 15 16 24 39 40 41,0 9 8 8 37 36 35 32 28 21 20 17,0 10 5 6 35 30 28 19 18 13,0 17 10 4 20 19 12 6,1 16 9 7 37 34 32 30 27 26 25,1 15 9 5 30 29 27 25 22,1 10 6 4 27 25 23 17,1 5 5 4 34 33 19 18,0 2 2 4 36 30 18 17,0 11 7 5 33 28 27 26 25,0 12 8 5 38 31 28 27 25,0 13 9 3 30 27 25,1 6 5 3 27 26 25,1 16 10 2 29 21,0 2 2 2 32 27,1 6 4 2 28 26,1 13 10 1 26,1 10 7 1 29,1 1 1 1 25,0 7 6 1 31,0 7 7 1 26,1 6 4 1 31,0 10 7 1 28,1 2 2 1 25,0 15 8 1 42,0 13 7 1 42,0 4 4 1 42,0 11 6 1 42,0 7 7 1 42,0 10 8 1 42,0 1 1 1 42,1 4 2 1 42,1 4 3 1 42,0 12 6 1 42,1 4 4 1 42,0 5 3 1 42,1 3 3 1 42,1 18 9 1 42,1 12 7 1 42,1 3 2 1 42,1 10 10 1 42,1 0 0 0
j400105_9.sm,22,22,1 0 0 34 2 5 6 11 12 13 14 15 16 17 18 19 20 21 22 23 24 25 26 27 28 29 30 31 32 33 34 35 36 37 38 39 40 41,1 7 7 2 9 3,1 8 6 1 4,1 3 2 1 7,0 6 4 1 10,1 6 4 1 8,1 14 7 1 42,1 11 8 1 42,0 4 2 1 42,0 2 1 1 42,0 4 3 1 42,1 18 10 1 42,1 9 6 1 42,0 7 6 1 42,0 2 2 1 42,0 8 6 1 42,1 14 9 1 42,0 1 1 1 42,0 18 9 1 42,1 2 1 1 42,0 8 4 1 42,1 2 1 1 42,0 7 4 1 42,0 8 8 1 42,0 5 4 1 42,1 14 9 1 42,1 14 7 1 42,1 10 6 1 42,1 3 2 1 42,1 16 8 1 42,0 3 2 1 42,0 2 1 1 42,1 3 3 1 42,1 14 7 1 42,0 15 8 1 42,1 11 6 1 42,1 2 1 1 42,0 14 7 1 42,0 1 1 1 42,0 16 10 1 42,0 7 4 1 42,1 0 0 0
j400105_10.sm,22,22,1 0 0 13 2 3 4 5 6 7 8 9 10 12 21 28 41,0 9 8 9 36 35 34 26 25 18 17 14 13,1 4 3 11 40 39 37 36 34 27 24 23 22 19 15,0 2 1 10 40 39 38 35 34 25 24 23 18 13,0 13 8 5 40 39 37 20 11,1 7 6 5 33 24 23 13 11,0 8 7 8 37 36 34 31 25 23 16 15,0 10 6 8 39 38 36 34 29 26 18 16,0 11 8 6 38 37 36 34 16 13,1 5 4 7 36 34 31 30 23 22 19,1 18 9 5 38 35 31 22 15,1 13 9 5 36 35 32 23 18,1 2 1 2 31 15,0 17 9 3 37 31 22,1 3 2 3 32 30 29,0 4 2 3 33 32 30,1 4 2 1 19,1 5 5 2 31 30,1 7 5 2 33 29,0 14 10 2 34 32,1 5 4 2 35 29,1 18 10 1 29,0 3 2 1 29,1 13 7 1 29,0 9 6 1 29,1 3 3 1 30,1 4 4 1 31,1 16 9 1 35,1 5 3 1 42,1 2 2 1 42,1 12 10 1 42,0 10 9 1 42,0 4 3 1 42,0 8 4 1 42,0 6 4 1 42,0 16 8 1 42,1 9 7 1 42,0 12 10 1 42,0 6 6 1 42,0 2 2 1 42,0 5 5 1 42,1 0 0 0
j400205_1.sm,22,22,1 0 0 19 2 6 8 12 13 14 15 16 31 32 33 34 35 36 37 38 39 40 41,1 13 10 5 30 29 25 24 3,0 9 8 3 26 23 4,1 2 1 3 20 9 5,0 2 2 3 21 18 7,0 12 6 3 23 18 7,0 5 3 2 19 10,1 5 5 3 25 20 18,1 4 2 2 22 18,0 8 7 1 11,0 10 6 1 17,0 3 2 1 24,1 5 5 1 17,1 3 2 1 28,1 12 6 1 19,1 8 5 1 27,1 19 10 1 42,1 10 5 1 42,0 7 4 1 42,1 18 9 1 42,0 9 6 1 42,0 16 9 1 42,0 4 3 1 42,0 6 5 1 42,1 8 8 1 42,0 8 4 1 42,1 15 9 1 42,0 15 8 1 42,1 15 9 1 42,1 2 1 1 42,0 15 9 1 42,0 2 1 1 42,1 17 9 1 42,1 14 8 1 42,0 2 1 1 42,0 15 9 1 42,1 5 4 1 42,0 11 8 1 42,1 1 1 1 42,1 4 4 1 42,0 15 10 1 42,1 0 0 0
j400205_2.sm,22,22,1 0 0 9 2 3 4 5 6 7 8 9 14,0 3 2 7 32 26 24 19 18 15 11,0 12 10 6 24 23 21 19 18 12,1 2 2 4 32 21 13 12,0 6 4 4 32 26 16 13,0 13 7 3 31 25 10,0 2 2 3 32 21 15,1 6 6 2 32 15,0 17 9 5 41 31 24 22 19,1 3 3 3 22 21 20,1 6 6 2 17 16,1 14 7 1 15,0 9 6 3 27 24 18,0 4 2 3 31 28 20,1 20 10 2 27 16,1 5 5 5 41 40 31 30 22,1 7 5 5 41 31 30 27 22,0 2 1 4 40 31 30 22,0 14 9 7 40 39 37 35 30 29 27,1 1 1 7 41 40 39 35 32 30 27,1 1 1 6 41 37 35 30 29 27,0 9 5 5 39 38 36 35 28,1 7 6 4 39 35 32 28,0 14 7 3 40 35 28,0 12 10 6 38 37 36 35 34 33,1 6 4 3 35 30 29,1 7 6 4 38 36 34 33,0 3 3 3 37 33 29,0 6 4 1 34,0 9 7 1 33,1 12 9 1 33,1 6 6 1 36,0 1 1 1 42,0 5 3 1 42,0 3 3 1 42,1 4 2 1 42,1 12 9 1 42,0 16 8 1 42,1 8 6 1 42,1 8 8 1 42,1 14 9 1 42,1 0 0 0
j400205_3.sm,22,22,1 0 0 10 2 3 4 5 6 7 12 13 15 16,0 6 3 3 23 22 9,1 3 2 3 24 21 8,0 6 3 3 40 26 10,1 19 10 3 41 22 11,0 7 4 3 24 17 11,1 12 6 6 41 40 37 29 28 17,1 13 9 5 39 36 28 19 14,0 12 9 1 11,1 8 4 7 38 36 35 28 25 22 20,1 6 4 4 39 36 28 14,1 12 6 8 38 37 36 35 34 32 28 25,0 4 2 5 37 34 27 24 21,1 9 5 3 40 37 18,0 3 3 3 36 28 18,1 11 6 4 36 28 27 20,1 2 1 2 36 18,0 14 9 6 38 35 34 33 32 25,0 6 5 7 38 37 34 33 32 30 27,1 16 8 6 41 39 37 32 31 30,1 5 5 5 36 32 31 30 28,1 9 8 5 39 34 32 31 30,0 2 2 2 41 25,1 10 6 3 36 35 30,1 12 9 2 30 27,0 8 4 2 34 33,1 10 5 1 31,0 13 9 1 33,0 2 2 1 35,0 10 5 1 42,1 12 7 1 42,0 1 1 1 42,0 9 5 1 42,1 13 10 1 42,0 2 1 1 42,0 3 2 1 42,0 9 5 1 42,1 2 1 1 42,0 10 6 1 42,0 6 6 1 42,1 14 7 1 42,1 0 0 0
j400205_4.sm,22,22,1 0 0 14 2 3 6 7 9 10 11 13 16 17 25 26 27 28,0 2 1 3 40 38 4,0 12 7 7 39 36 23 22 21 14 8,1 2 1 4 23 22 21 5,0 11 8 3 36 14 8,1 10 6 8 35 34 33 30 21 19 18 15,1 5 4 9 41 40 39 38 35 30 24 22 20,0 11 6 5 37 34 32 31 12,1 12 6 7 36 34 33 32 31 30 18,0 13 10 6 40 34 33 31 21 19,0 6 4 6 38 36 31 30 21 20,1 3 3 4 35 33 30 18,1 18 10 4 39 37 31 30,1 6 3 3 34 30 29,1 14 7 3 38 32 31,1 10 5 2 31 20,1 2 2 2 31 20,1 5 3 1 20,0 13 8 1 20,0 9 6 1 29,0 14 10 1 32,0 8 7 1 33,0 2 1 1 30,0 9 7 1 29,1 1 1 1 36,0 5 3 1 33,0 4 3 1 32,0 14 9 1 32,1 6 5 1 42,1 20 10 1 42,0 7 5 1 42,1 18 10 1 42,1 15 9 1 42,0 7 4 1 42,0 8 6 1 42,1 11 9 1 42,0 7 7 1 42,0 10 6 1 42,1 14 7 1 42,1 7 6 1 42,1 16 10 1 42,1 0 0 0
j400205_5.sm,22,22,1 0 0 11 2 3 5 6 7 8 10 11 12 13 18,1 5 3 3 27 20 4,1 16 10 7 29 25 24 21 19 16 15,1 2 2 5 41 22 21 19 9,0 15 9 7 41 27 25 24 21 19 17,0 8 7 8 41 29 27 26 25 24 23 15,0 8 5 6 41 26 24 19 17 15,0 13 10 3 41 25 9,0 3 3 4 32 26 24 14,1 10 5 4 41 29 20 19,1 5 4 7 41 32 31 29 28 24 23,0 6 3 8 41 40 36 32 31 29 28 25,0 6 4 3 32 20 17,1 5 5 2 23 17,1 10 8 4 40 39 32 20,0 5 5 7 41 40 37 36 34 32 28,1 5 3 6 39 38 36 31 29 28,0 13 7 5 41 37 32 30 25,0 2 1 4 35 32 31 23,1 17 9 6 38 37 36 34 31 28,1 14 8 3 36 31 26,1 19 10 5 37 35 34 32 31,1 14 10 5 40 39 37 36 33,0 5 5 4 36 35 34 33,0 1 1 4 39 38 34 33,0 8 8 3 39 34 30,0 13 8 3 36 34 33,1 1 1 2 33 30,1 5 3 2 37 34,0 6 6 1 35,1 3 3 1 33,1 10 6 1 38,1 3 2 1 42,0 11 9 1 42,1 8 7 1 42,1 4 2 1 42,0 2 1 1 42,1 17 10 1 42,0 4 2 1 42,0 1 1 1 42,0 6 3 1 42,1 0 0 0
j400205_6.sm,22,22,1 0 0 7 2 3 4 5 6 7 9,1 6 3 6 15 14 13 12 11 10,1 10 8 4 14 11 10 8,1 4 2 3 13 12 8,1 4 4 5 22 21 15 12 10,0 5 4 5 17 16 15 12 11,0 6 6 3 14 11 10,1 4 3 7 24 22 21 18 17 16 15,0 4 3 3 22 15 10,0 19 10 5 24 23 19 17 16,0 12 9 7 31 26 25 24 22 21 18,1 6 3 6 31 26 25 24 19 18,0 14 7 4 31 25 21 19,0 8 6 5 31 29 26 21 20,0 4 3 4 31 26 25 19,0 2 2 4 29 26 25 20,0 12 6 4 31 29 25 20,0 2 1 3 29 28 23,1 6 3 2 29 20,0 4 2 4 33 30 28 27,1 5 5 2 33 23,0 7 4 3 33 28 27,1 1 1 2 30 27,1 15 10 2 30 27,1 7 5 2 33 27,0 11 6 1 27,1 2 1 4 41 35 34 32,0 18 9 4 41 35 34 32,1 18 10 4 41 35 34 33,1 8 5 5 41 39 38 36 34,1 2 1 3 39 34 33,0 7 6 3 40 38 37,1 7 7 3 40 38 37,1 7 6 1 37,0 12 7 1 39,0 4 2 1 37,0 9 9 1 42,1 2 1 1 42,0 11 10 1 42,1 12 10 1 42,1 12 7 1 42,1 0 0 0
j400205_7.sm,22,22,1 0 0 9 2 3 4 5 7 8 9 11 13,1 5 3 7 24 22 20 19 17 14 10,1 5 5 7 27 25 21 20 17 16 15,0 11 6 3 25 18 6,0 5 3 7 27 25 20 19 17 15 14,1 5 3 5 41 22 21 20 12,1 11 9 4 23 17 16 10,0 5 3 7 27 26 25 23 22 18 15,0 4 4 4 41 24 18 12,1 1 1 5 41 29 27 21 18,0 2 1 5 41 27 26 19 18,0 7 4 4 30 27 23 16,0 8 8 4 26 22 19 18,0 7 5 3 41 26 18,1 13 8 5 41 30 29 28 24,0 13 10 2 26 19,1 1 1 2 40 18,0 10 8 5 38 37 36 30 28,1 11 6 4 39 38 29 28,1 6 5 4 40 37 28 23,1 15 10 3 31 30 26,1 15 10 6 37 36 35 32 31 30,0 11 9 5 38 36 35 32 31,0 9 8 6 39 38 37 36 34 33,1 13 10 5 37 36 35 33 31,0 8 5 5 40 38 37 35 34,0 10 5 4 36 35 33 31,1 20 10 3 35 32 31,0 9 9 3 37 36 33,1 14 8 2 39 33,1 5 4 1 34,1 17 9 1 33,1 17 10 1 42,0 3 3 1 42,0 4 3 1 42,1 2 1 1 42,0 8 4 1 42,1 9 9 1 42,0 19 10 1 42,1 6 6 1 42,0 12 7 1 42,1 0 0 0
j400205_8.sm,22,22,1 0 0 11 2 3 4 5 7 8 10 11 13 14 19,0 3 3 6 41 29 22 20 16 6,0 1 1 7 41 28 24 21 18 17 16,0 9 7 10 41 40 32 31 29 28 24 23 21 15,1 17 9 3 41 24 9,1 10 7 2 21 9,1 3 2 4 28 17 16 15,1 7 5 8 41 40 39 31 29 28 27 17,0 11 9 5 32 31 28 25 12,1 8 4 4 41 27 20 16,0 7 4 7 41 40 32 31 30 27 23,0 9 9 3 40 23 15,0 10 10 9 41 40 39 37 36 35 32 31 30,0 1 1 2 20 15,1 15 9 5 39 38 35 27 26,0 12 6 5 40 34 32 31 23,1 8 5 3 38 32 20,1 16 9 5 40 36 35 31 26,0 3 2 4 36 31 30 24,1 17 9 4 37 36 35 26,1 11 8 3 35 30 25,1 10 5 3 34 32 31,1 16 8 4 39 36 35 33,0 7 7 4 39 38 37 33,0 14 9 3 39 37 34,0 6 3 2 33 30,0 5 5 2 37 36,0 10 7 2 35 33,1 7 4 2 35 33,0 8 8 1 34,0 1 1 1 38,0 3 2 1 33,1 13 10 1 42,1 8 6 1 42,1 6 3 1 42,1 8 4 1 42,0 5 3 1 42,1 13 10 1 42,1 11 10 1 42,0 10 7 1 42,1 10 7 1 42,1 0 0 0
j400205_9.sm,22,22,1 0 0 11 2 3 4 5 7 8 9 11 12 13 17,1 4 3 3 28 19 6,0 6 6 8 41 28 25 24 21 20 18 16,0 4 4 7 30 25 24 21 20 16 14,0 9 8 7 28 27 25 24 18 16 14,1 17 9 5 41 22 21 20 10,1 10 9 6 41 27 25 20 18 16,1 4 3 3 41 24 10,0 5 5 5 41 30 25 20 19,0 4 3 4 29 27 25 15,0 2 1 8 41 40 30 29 28 27 26 24,0 8 6 6 41 30 29 26 25 23,1 1 1 4 40 22 19 18,1 13 8 5 41 35 29 26 23,0 10 10 2 23 18,0 6 4 3 40 38 19,1 4 3 6 41 37 32 31 29 24,1 5 3 4 39 38 30 26,1 11 8 4 37 35 29 26,0 9 8 3 31 29 23,0 2 2 4 37 36 31 27,1 12 10 5 37 36 35 31 29,1 8 5 5 40 38 37 36 34,1 13 8 5 39 38 35 34 33,1 11 6 4 36 35 33 31,0 18 9 3 36 32 31,0 4 3 3 38 35 32,0 12 8 3 36 35 31,0 8 8 2 39 33,0 5 3 2 37 35,1 10 5 1 34,0 9 5 1 33,1 9 7 1 42,1 2 2 1 42,0 5 3 1 42,1 9 8 1 42,1 11 6 1 42,0 3 2 1 42,1 13 9 1 42,0 6 3 1 42,1 14 7 1 42,1 0 0 0
j400205_10.sm,22,22,1 0 0 11 2 3 4 5 6 12 13 14 15 19 28,0 12 7 3 25 23 8,0 5 4 2 21 7,0 11 8 5 41 40 33 20 10,0 5 3 4 27 23 16 9,1 11 7 4 35 27 24 11,0 4 3 3 38 27 9,1 6 6 3 38 18 11,0 1 1 2 35 11,1 4 2 7 39 36 35 31 27 24 22,1 7 5 5 40 37 36 33 17,1 1 1 8 39 36 35 34 33 31 30 22,0 2 2 5 34 33 31 27 22,0 17 9 5 33 31 29 25 23,0 5 4 4 32 29 27 20,1 3 3 7 36 35 34 33 31 30 26,1 5 3 4 34 31 30 22,1 11 7 5 37 32 31 30 29,0 1 1 4 33 31 29 27,1 3 3 4 39 38 37 31,0 12 8 3 39 32 26,0 10 6 2 32 26,0 4 3 2 35 32,0 9 7 2 38 34,1 1 1 1 27,1 6 3 1 29,0 10 5 1 30,1 10 7 1 33,1 1 1 1 42,1 8 5 1 42,1 10 10 1 42,1 2 1 1 42,1 2 2 1 42,0 10 9 1 42,0 1 1 1 42,0 5 4 1 42,1 15 9 1 42,1 7 5 1 42,0 8 4 1 42,1 3 3 1 42,0 8 6 1 42,1 0 0 0
j400305_1.sm,22,22,1 0 0 6 2 3 4 6 15 22,1 4 2 4 19 12 7 5,0 11 8 3 19 12 5,1 2 1 4 12 11 10 7,1 2 2 3 11 10 8,0 8 5 1 7,1 3 3 1 8,1 2 2 3 21 13 9,1 8 7 5 41 40 26 18 16,0 10 7 4 26 21 17 13,0 3 2 3 21 16 14,0 11 7 3 40 39 16,0 5 5 4 40 39 24 20,0 14 8 3 26 24 17,0 14 7 3 40 38 19,0 6 5 2 24 17,0 13 10 3 31 27 20,0 9 5 3 31 27 20,0 2 1 2 25 21,0 3 3 3 35 34 23,0 10 10 4 39 29 28 27,1 15 9 3 35 26 25,1 4 4 2 38 25,0 18 10 2 29 27,1 8 4 3 37 36 28,1 12 7 3 36 34 28,1 18 9 3 35 34 30,1 6 5 2 32 30,1 8 8 1 31,0 7 7 1 33,1 13 10 1 32,1 3 2 1 42,0 8 4 1 42,1 6 5 1 42,0 9 7 1 42,1 10 8 1 42,1 13 8 1 42,0 15 8 1 42,1 6 5 1 42,0 3 2 1 42,1 1 1 1 42,1 0 0 0
j400305_2.sm,22,22,1 0 0 6 2 3 4 6 7 8,1 2 1 3 14 9 5,0 1 1 2 9 5,0 14 8 2 14 5,0 2 1 3 12 11 10,0 2 2 3 14 13 9,0 16 9 2 14 9,0 3 3 3 17 13 11,0 15 8 2 17 11,0 9 9 2 15 13,1 2 1 2 16 15,0 4 4 4 28 20 18 17,0 9 6 3 25 19 16,0 16 8 2 18 15,1 5 3 4 28 25 20 19,0 8 6 4 28 21 20 18,0 4 2 3 25 23 19,1 14 7 3 31 24 22,1 9 7 2 24 21,1 9 5 3 30 23 22,1 15 8 2 30 22,1 9 7 2 27 26,0 4 2 2 27 26,1 16 8 3 38 30 26,0 7 7 2 31 27,0 16 10 5 41 35 34 33 32,0 14 8 3 38 35 29,1 11 7 3 41 38 32,1 3 2 3 41 37 34,1 6 3 2 41 32,0 17 10 3 38 37 36,0 5 3 2 37 36,1 9 5 2 37 36,1 12 7 2 39 36,1 8 4 1 36,1 14 10 1 40,1 5 5 1 39,1 3 3 1 39,0 8 5 1 42,1 5 3 1 42,1 11 9 1 42,1 0 0 0
j400305_3.sm,22,22,1 0 0 12 2 5 14 15 16 17 36 37 38 39 40 41,1 17 9 3 35 32 3,0 6 4 2 33 4,1 12 8 4 31 29 28 6,1 4 4 5 32 29 28 27 7,1 17 10 2 27 7,0 9 5 3 26 25 8,0 12 8 6 24 23 22 21 20 9,0 7 7 1 10,1 4 3 2 19 11,1 2 2 1 12,0 3 2 1 13,1 9 9 1 18,0 8 5 1 34,1 16 10 1 30,1 3 2 1 30,1 5 4 1 30,1 8 8 1 42,1 7 4 1 42,1 11 8 1 42,1 7 6 1 42,0 7 4 1 42,0 10 6 1 42,0 5 3 1 42,0 10 6 1 42,0 6 5 1 42,1 4 2 1 42,1 10 6 1 42,1 10 9 1 42,1 9 9 1 42,0 10 5 1 42,0 2 2 1 42,0 7 6 1 42,1 2 2 1 42,0 8 4 1 42,0 19 10 1 42,0 8 5 1 42,0 2 1 1 42,0 12 7 1 42,0 6 5 1 42,1 4 2 1 42,1 0 0 0
j400305_4.sm,22,22,1 0 0 5 2 6 8 9 17,0 8 6 3 16 13 3,0 3 3 7 41 39 26 18 15 11 4,1 15 8 4 29 22 20 5,1 3 3 2 38 7,1 8 4 8 40 37 34 29 28 25 21 12,1 1 1 4 28 25 21 10,1 13 10 7 33 32 29 22 19 18 14,0 4 2 6 37 25 23 22 21 15,0 4 4 3 37 34 12,0 8 8 3 28 25 12,1 4 2 6 36 35 33 32 31 19,1 2 1 4 40 39 29 21,1 10 7 3 28 25 23,0 15 10 3 32 30 20,0 2 1 3 36 31 23,0 12 6 3 38 29 25,0 10 8 2 34 23,1 17 9 1 23,0 14 10 3 35 34 33,1 8 6 2 32 27,1 6 4 2 31 27,1 1 1 1 24,0 8 6 1 27,0 3 2 1 27,0 13 8 1 29,1 16 10 1 30,1 2 1 1 31,0 5 4 1 31,0 8 6 1 42,1 11 6 1 42,1 2 2 1 42,0 10 7 1 42,0 14 7 1 42,0 17 9 1 42,1 7 6 1 42,1 17 9 1 42,1 4 3 1 42,0 11 10 1 42,1 16 8 1 42,0 12 9 1 42,1 0 0 0
j400305_5.sm,22,22,1 0 0 5 2 5 6 7 12,0 6 6 2 9 3,0 2 2 7 41 40 31 18 16 11 4,1 2 1 4 21 20 14 8,1 10 6 6 40 30 29 21 16 13,1 13 10 3 31 18 10,0 5 3 7 40 31 29 21 20 19 15,0 1 1 3 39 29 10,1 14 10 9 41 39 37 31 29 26 23 22 20,1 19 10 3 30 23 13,1 3 3 4 30 21 19 17,1 14 7 7 39 37 29 28 26 23 22,1 11 8 3 38 26 17,0 4 3 3 38 26 17,0 14 10 3 30 26 17,0 2 2 4 26 24 23 20,1 1 1 5 37 36 33 28 22,0 4 4 5 39 36 29 26 24,1 8 8 4 37 36 26 22,0 2 1 4 36 35 28 25,1 1 1 3 33 28 25,0 7 5 2 34 24,1 6 4 3 36 33 27,0 10 7 2 35 25,1 6 4 1 27,1 6 6 1 27,0 4 2 1 32,1 9 6 1 34,1 9 5 1 33,0 10 9 1 33,1 9 5 1 33,0 8 5 1 42,0 8 5 1 42,1 9 5 1 42,0 3 3 1 42,0 10 8 1 42,1 17 9 1 42,0 10 7 1 42,0 3 3 1 42,1 5 3 1 42,0 15 10 1 42,1 0 0 0
j400305_6.sm,22,22,1 0 0 6 2 3 4 6 16 24,0 13 7 4 20 12 7 5,0 4 2 4 20 12 8 5,0 14 10 4 12 11 10 7,0 5 3 3 11 10 9,0 7 7 1 7,1 16 9 1 8,1 3 2 3 21 13 9,0 3 2 5 41 40 26 18 15,1 7 7 4 26 21 17 13,0 3 3 2 15 14,1 4 2 4 40 39 23 17,0 12 10 4 40 39 23 19,0 4 3 3 26 23 17,0 10 7 2 23 17,0 2 2 4 40 36 28 20,0 5 3 3 31 27 19,1 10 9 2 27 19,1 12 7 2 34 22,0 3 2 1 21,0 9 6 4 39 30 29 27,0 8 8 3 38 36 25,1 4 2 2 29 27,1 11 7 2 35 26,0 8 4 2 37 28,1 7 6 2 34 28,1 1 1 3 35 34 33,1 12 6 2 32 30,1 6 6 1 31,0 9 9 1 33,1 4 4 1 32,0 18 10 1 42,1 5 4 1 42,1 8 4 1 42,0 5 3 1 42,1 7 7 1 42,1 5 3 1 42,1 8 4 1 42,0 7 6 1 42,1 16 8 1 42,1 7 7 1 42,1 0 0 0
j400305_7.sm,22,22,1 0 0 6 2 3 4 6 12 17,0 11 7 4 18 10 7 5,1 4 3 3 18 10 5,1 10 5 4 11 10 9 7,1 6 4 3 11 9 8,0 8 6 1 7,1 13 7 1 8,0 13 7 3 22 15 13,1 17 9 4 22 20 16 15,0 2 2 4 41 22 16 15,0 6 5 3 40 22 14,1 3 3 3 19 18 15,0 4 4 5 41 40 25 20 16,1 3 3 3 39 25 16,1 4 2 5 40 39 25 24 21,1 7 4 2 24 19,0 4 2 2 25 20,1 7 5 3 38 26 22,0 11 9 3 31 27 21,0 4 2 3 31 27 21,0 12 9 3 37 34 23,1 1 1 4 39 29 28 27,1 15 10 2 38 26,0 5 3 2 29 27,1 10 6 4 36 35 34 28,0 7 4 3 36 35 28,0 13 10 3 37 34 30,1 6 3 2 32 30,1 2 1 1 31,0 14 8 1 33,1 4 2 1 32,0 8 4 1 42,0 2 2 1 42,1 4 3 1 42,1 2 1 1 42,0 14 7 1 42,1 9 6 1 42,0 16 10 1 42,0 6 3 1 42,0 13 8 1 42,1 4 2 1 42,1 0 0 0
j400305_8.sm,22,22,1 0 0 5 2 5 6 7 15,0 13 7 2 9 3,0 14 8 8 41 40 31 18 17 14 11 4,0 4 4 3 22 20 8,0 12 7 6 40 30 29 22 17 13,0 9 8 3 31 18 10,1 3 3 8 40 31 29 22 20 19 16 12,0 9 6 3 39 29 10,0 2 1 9 41 39 37 31 29 26 23 21 20,0 7 7 4 30 26 23 13,0 3 3 4 30 22 19 16,1 1 1 6 37 36 30 28 26 21,1 6 6 2 38 16,1 6 3 7 38 37 36 33 28 26 24,1 13 7 6 39 36 29 28 26 24,1 5 5 5 37 36 33 28 21,1 2 1 3 26 23 20,0 8 7 5 39 36 29 26 24,0 10 6 4 37 36 26 21,0 10 9 4 36 35 28 25,1 9 5 2 34 24,0 1 1 3 34 33 25,1 7 4 3 36 33 27,0 7 5 2 35 25,0 2 2 1 27,1 7 4 1 27,1 9 6 1 32,1 1 1 1 34,1 6 3 1 33,1 3 2 1 33,0 18 10 1 33,0 4 3 1 42,1 12 6 1 42,1 6 3 1 42,0 5 5 1 42,1 14 8 1 42,1 9 9 1 42,1 6 6 1 42,0 8 5 1 42,1 9 8 1 42,0 7 4 1 42,1 0 0 0
j400305_9.sm,22,22,1 0 0 5 2 4 6 7 10,0 8 4 2 9 3,0 12 6 6 41 25 17 16 12 5,1 12 9 10 41 40 39 38 27 25 23 22 20 14,0 3 2 4 40 20 13 8,0 13 10 5 25 22 19 16 11,0 2 1 7 41 31 27 25 22 17 15,0 10 9 3 39 27 11,1 8 5 8 40 39 29 27 25 23 20 18,1 5 3 8 39 38 31 29 27 23 22 18,0 13 8 3 31 23 15,1 13 8 4 31 22 19 18,0 16 10 2 22 15,1 2 1 3 31 19 18,1 13 7 3 38 29 18,1 11 7 8 39 38 37 36 35 29 27 24,0 13 9 3 29 23 20,1 2 1 3 37 26 21,1 1 1 3 37 29 21,0 2 2 3 35 26 24,1 11 7 4 36 35 33 24,0 10 5 4 35 34 28 26,0 15 10 3 35 33 30,0 6 4 2 34 28,1 12 10 3 34 33 32,1 1 1 2 36 33,1 14 9 2 33 32,1 5 3 1 30,1 1 1 1 30,1 6 4 1 32,0 7 6 1 33,0 4 3 1 42,0 8 5 1 42,0 10 10 1 42,1 2 2 1 42,1 18 10 1 42,0 11 7 1 42,0 2 1 1 42,1 2 1 1 42,1 8 4 1 42,0 10 6 1 42,1 0 0 0
j400305_10.sm,22,22,1 0 0 5 2 5 6 10 17,0 7 4 2 11 3,0 17 9 8 41 40 39 23 16 14 9 4,1 7 4 4 29 22 20 7,1 3 3 7 39 38 28 26 23 19 12,0 13 7 7 39 36 29 22 20 18 15,1 4 2 2 38 8,0 7 5 4 28 26 19 12,1 7 7 5 28 26 20 18 13,1 5 5 4 37 24 20 16,1 6 4 6 40 39 29 26 22 19,0 12 7 2 37 13,1 6 4 7 36 35 34 33 32 31 21,1 15 10 7 36 34 33 32 31 26 24,0 5 4 5 34 32 28 26 21,1 9 6 3 26 22 19,0 20 10 3 38 29 26,0 5 3 2 32 21,1 10 6 3 34 31 27,0 14 9 2 31 25,1 14 10 1 24,1 6 5 3 35 33 32,1 19 10 2 33 29,1 12 8 1 25,1 14 7 1 27,0 13 9 1 27,0 3 3 1 30,0 8 7 1 31,1 11 9 1 31,0 1 1 1 42,0 6 6 1 42,0 14 7 1 42,0 5 3 1 42,0 9 8 1 42,1 11 6 1 42,1 7 7 1 42,0 12 6 1 42,0 2 1 1 42,1 5 3 1 42,1 2 1 1 42,0 6 3 1 42,1 0 0 0
j400405_1.sm,22,22,1 0 0 4 2 7 16 19,0 7 4 3 11 4 3,0 13 7 4 23 14 9 5,0 5 4 5 30 23 13 9 8,0 4 3 2 41 6,0 1 1 4 30 17 13 8,0 13 8 3 13 10 9,0 8 4 3 40 18 10,0 4 2 4 40 38 17 12,1 2 2 3 39 38 12,1 4 4 4 40 39 29 15,0 4 2 2 29 15,0 14 10 4 39 38 29 21,1 3 2 3 40 37 20,1 11 6 2 37 20,0 4 3 2 38 20,1 2 2 2 37 21,1 9 7 2 37 21,1 10 6 3 41 39 22,1 7 6 1 21,1 2 1 2 36 22,0 4 2 2 35 24,0 7 7 2 41 24,1 6 6 4 34 32 28 25,1 1 1 1 26,0 5 4 1 27,0 10 6 1 31,1 19 10 1 33,0 9 9 1 32,1 5 4 1 38,1 3 2 1 42,0 6 4 1 42,1 7 5 1 42,1 11 8 1 42,0 8 6 1 42,1 10 5 1 42,0 15 8 1 42,1 4 4 1 42,0 11 9 1 42,1 2 2 1 42,1 17 10 1 42,1 0 0 0
j400405_2.sm,22,22,1 0 0 3 2 5 23,0 5 4 1 3,0 6 4 2 28 4,0 15 9 4 40 39 10 6,1 10 5 8 41 38 37 34 33 29 10 8,0 10 6 2 38 7,1 7 7 3 37 18 8,0 5 3 4 36 35 32 9,1 8 7 4 31 16 14 11,1 4 4 4 32 31 19 15,0 9 6 1 12,1 6 3 1 13,1 19 10 2 19 15,1 13 8 2 19 15,0 17 10 2 25 17,1 4 3 4 27 26 20 19,0 12 6 4 30 27 26 20,0 8 6 4 34 33 32 31,1 3 2 2 25 21,0 18 10 1 21,0 14 10 1 22,1 3 3 1 24,1 1 1 1 29,1 11 9 1 42,1 4 2 1 42,0 4 2 1 42,0 9 6 1 42,0 1 1 1 42,1 5 5 1 42,0 6 3 1 42,1 4 3 1 42,1 6 5 1 42,0 2 1 1 42,1 12 9 1 42,1 13 10 1 42,0 8 4 1 42,1 16 9 1 42,0 7 4 1 42,0 1 1 1 42,1 9 7 1 42,0 2 1 1 42,1 0 0 0
j400405_3.sm,22,22,1 0 0 11 2 17 33 34 35 36 37 38 39 40 41,0 2 1 3 32 31 3,1 5 4 2 29 4,1 7 4 1 5,0 5 4 3 28 27 6,0 2 2 2 26 7,1 11 6 1 8,0 19 10 3 25 24 9,1 15 10 2 23 10,1 2 2 2 22 11,1 3 2 1 12,1 6 5 3 21 20 13,1 6 6 2 19 14,0 8 5 1 15,0 14 10 1 16,0 16 8 1 18,0 6 6 1 30,0 10 10 1 42,0 2 1 1 42,1 5 4 1 42,0 2 2 1 42,1 5 4 1 42,0 10 5 1 42,1 7 6 1 42,0 14 10 1 42,0 1 1 1 42,1 9 5 1 42,1 8 6 1 42,1 14 10 1 42,0 11 8 1 42,1 8 4 1 42,0 2 1 1 42,0 11 7 1 42,1 9 7 1 42,1 8 4 1 42,1 8 4 1 42,0 7 5 1 42,1 17 9 1 42,0 8 6 1 42,0 15 8 1 42,1 8 7 1 42,1 0 0 0
j400405_4.sm,22,22,1 0 0 3 2 4 12,1 3 3 1 3,1 12 7 2 15 5,0 2 1 2 41 6,1 12 9 2 13 7,0 6 4 2 15 7,1 12 7 2 10 8,1 3 3 3 24 17 9,1 10 6 3 29 14 11,0 16 9 4 40 25 17 14,1 15 10 7 40 39 32 25 22 20 19,1 9 7 6 41 40 32 25 24 19,0 7 7 6 40 29 28 22 19 18,0 1 1 3 39 19 16,1 16 9 3 32 25 17,1 3 2 3 28 22 18,0 4 2 2 39 18,0 3 2 1 21,0 10 7 1 21,0 13 7 1 21,0 14 9 1 23,0 6 3 1 23,1 2 1 2 27 26,1 5 5 2 29 26,0 3 3 2 38 28,0 14 10 3 38 34 30,0 8 4 3 35 34 31,1 16 8 2 34 30,1 7 5 1 30,1 15 10 1 31,1 8 6 2 36 33,0 13 8 1 35,0 4 3 1 37,1 7 4 1 36,0 17 9 1 36,0 12 6 1 42,1 4 2 1 42,1 2 1 1 42,0 6 4 1 42,0 10 8 1 42,1 12 10 1 42,1 0 0 0
j400405_5.sm,22,22,1 0 0 4 2 5 10 11,1 14 8 2 4 3,1 6 6 3 9 7 6,0 6 5 3 9 8 7,0 4 2 3 13 9 8,1 6 4 2 14 8,0 8 7 4 18 15 13 12,0 10 7 4 20 18 15 12,1 3 2 3 20 18 16,1 8 4 1 12,1 18 9 4 24 21 20 19,0 10 7 3 35 21 16,1 14 10 3 30 20 19,0 4 2 3 30 20 19,0 2 1 3 41 24 19,1 3 3 1 17,0 16 10 3 41 30 19,0 14 9 4 35 34 30 22,1 9 6 2 34 22,1 2 1 5 41 40 35 31 25,1 4 2 1 22,1 20 10 1 23,0 10 6 3 40 31 25,0 7 5 4 31 30 28 27,1 4 3 1 26,1 4 2 3 39 28 27,0 3 2 3 38 36 32,0 4 2 1 29,1 3 2 2 36 33,1 4 3 2 38 32,0 8 7 2 37 36,0 10 7 1 37,1 16 9 1 38,1 8 6 1 36,0 2 1 1 37,1 11 9 1 42,0 3 3 1 42,0 12 7 1 42,0 5 4 1 42,0 5 3 1 42,1 10 5 1 42,1 0 0 0
j400405_6.sm,22,22,1 0 0 4 2 7 13 15,0 5 3 3 11 4 3,1 16 9 4 22 16 9 5,0 7 6 3 22 9 6,1 1 1 2 41 6,0 7 7 4 30 19 14 8,1 12 7 3 14 10 9,1 9 5 3 40 18 10,0 14 7 4 40 38 19 12,0 10 7 3 39 38 12,0 12 9 4 40 39 29 17,1 12 6 2 29 17,0 17 10 2 38 17,0 12 7 4 39 38 29 21,1 2 2 4 41 39 37 21,1 1 1 3 40 37 20,0 1 1 2 37 20,1 5 4 2 37 20,0 15 8 2 37 21,0 19 10 1 21,1 5 3 2 36 23,1 15 10 3 41 37 24,1 11 9 2 35 24,0 8 7 3 34 28 25,0 18 9 2 32 26,1 17 9 1 27,0 7 7 1 31,1 13 10 1 33,0 13 7 1 32,1 2 1 1 38,0 2 2 1 42,0 2 1 1 42,1 16 10 1 42,0 13 8 1 42,1 11 7 1 42,0 11 8 1 42,1 10 10 1 42,1 12 7 1 42,1 5 4 1 42,1 10 9 1 42,0 13 7 1 42,1 0 0 0
j400405_7.sm,22,22,1 0 0 22 2 21 22 23 24 25 26 27 28 29 30 31 32 33 34 35 36 37 38 39 40 41,0 14 9 1 3,0 2 2 2 20 4,1 13 8 3 19 18 5,1 1 1 1 6,0 10 5 1 7,1 4 2 1 8,0 7 4 1 9,1 2 1 1 10,0 16 8 1 11,1 4 4 1 12,1 4 2 1 13,0 5 4 1 14,0 18 9 1 15,1 11 10 1 16,1 4 4 1 17,0 9 9 1 42,1 14 7 1 42,1 3 3 1 42,0 9 8 1 42,0 15 9 1 42,1 2 1 1 42,0 7 5 1 42,0 5 5 1 42,0 7 4 1 42,1 15 10 1 42,1 1 1 1 42,1 4 2 1 42,0 13 8 1 42,0 11 8 1 42,0 2 1 1 42,1 2 2 1 42,0 1 1 1 42,0 11 10 1 42,1 13 10 1 42,0 2 2 1 42,0 6 5 1 42,1 2 2 1 42,1 5 3 1 42,1 20 10 1 42,1 14 9 1 42,1 0 0 0
j400405_8.sm,22,22,1 0 0 5 2 11 18 33 41,1 8 5 3 23 6 3,0 10 5 2 25 4,0 2 1 4 36 34 17 5,1 2 1 3 35 21 7,0 10 5 5 39 36 22 17 9,0 11 8 2 39 8,1 14 9 3 40 38 10,0 18 10 1 10,0 3 3 1 12,1 7 5 1 12,1 7 4 2 37 13,1 8 7 1 14,0 2 1 2 31 15,1 5 4 2 32 16,1 11 6 5 30 29 28 27 19,0 2 2 4 38 28 27 19,1 5 3 3 35 31 20,1 18 10 1 20,0 5 3 1 24,0 6 5 1 24,1 2 1 1 24,0 6 4 1 24,1 6 6 1 26,1 16 8 1 36,1 12 6 1 42,0 12 10 1 42,1 14 9 1 42,0 7 5 1 42,0 12 6 1 42,0 10 8 1 42,0 18 9 1 42,1 4 3 1 42,1 8 4 1 42,1 15 8 1 42,1 9 5 1 42,0 11 7 1 42,1 5 5 1 42,0 2 1 1 42,0 10 7 1 42,0 2 1 1 42,1 0 0 0
j400405_9.sm,22,22,1 0 0 4 2 5 9 12,1 6 4 2 4 3,1 20 10 3 11 7 6,0 5 4 3 11 8 7,0 6 4 3 13 11 8,1 12 8 2 14 8,1 8 5 4 18 15 13 10,0 5 3 4 19 18 15 10,0 12 8 1 10,1 3 2 4 32 24 21 16,1 2 2 3 19 18 16,1 8 6 4 24 21 20 19,0 3 2 3 27 20 19,0 15 10 3 27 20 19,1 7 4 3 36 24 20,0 4 2 1 17,1 10 10 3 36 27 20,0 20 10 4 35 32 27 22,0 14 8 4 36 35 32 23,1 6 5 2 35 22,1 8 6 1 22,1 10 9 1 23,0 11 10 3 41 31 25,0 7 4 4 40 31 29 27,0 16 8 1 26,1 12 9 3 40 29 28,1 9 8 1 28,0 5 5 3 38 37 33,1 6 6 1 30,0 11 6 2 37 34,0 13 7 2 39 37,0 6 4 1 33,0 13 7 1 39,1 4 3 1 38,1 12 6 1 37,1 5 3 1 40,0 6 5 1 42,0 3 2 1 42,0 13 8 1 42,1 6 5 1 42,1 9 5 1 42,1 0 0 0
j400405_10.sm,22,22,1 0 0 4 2 7 13 15,1 9 5 3 11 4 3,0 10 6 4 22 16 9 5,0 10 5 3 22 9 6,1 1 1 2 41 6,0 12 9 4 30 20 14 8,0 14 7 3 14 10 9,1 16 8 3 40 18 10,0 6 4 4 40 38 20 12,0 8 4 3 39 38 12,1 1 1 4 40 39 29 17,1 4 4 2 29 17,1 5 4 2 38 17,1 4 4 4 39 38 29 21,0 14 7 4 41 39 37 21,1 1 1 2 40 19,0 4 4 1 19,1 13 10 1 19,0 10 6 2 37 21,0 6 4 2 37 21,1 1 1 2 36 23,1 5 5 3 41 37 24,1 10 7 2 35 24,1 9 5 3 34 28 25,1 17 9 2 32 26,0 14 8 1 27,1 7 5 1 31,0 11 6 1 33,0 7 4 1 32,1 15 10 1 38,1 9 8 1 42,0 11 8 1 42,0 12 7 1 42,0 5 4 1 42,0 10 6 1 42,0 2 1 1 42,1 13 10 1 42,0 1 1 1 42,0 7 4 1 42,1 9 9 1 42,1 12 9 1 42,1 0 0 0
j400505_1.sm,22,22,1 0 0 4 2 39 40 41,0 6 5 1 3,1 2 1 3 38 37 4,1 10 10 3 36 35 5,1 7 4 4 34 33 32 6,1 9 5 1 7,1 9 5 1 8,0 12 7 5 31 30 29 28 9,1 2 1 2 27 10,0 10 10 2 26 11,0 2 2 2 25 12,1 8 8 2 24 13,0 7 7 1 14,0 11 7 2 23 15,0 1 1 1 16,0 9 6 2 22 17,0 10 10 1 18,1 18 10 1 19,1 18 9 1 20,0 9 5 1 21,1 5 5 1 42,0 7 6 1 42,0 4 4 1 42,0 10 5 1 42,0 3 2 1 42,1 7 6 1 42,0 6 5 1 42,0 8 8 1 42,1 3 3 1 42,1 15 9 1 42,1 16 8 1 42,0 2 1 1 42,1 7 4 1 42,1 11 7 1 42,1 11 8 1 42,1 2 2 1 42,0 13 8 1 42,0 4 3 1 42,1 10 7 1 42,0 13 8 1 42,1 17 9 1 42,1 0 0 0
j400505_2.sm,22,22,1 0 0 2 2 10,1 2 2 2 41 3,1 2 2 2 7 4,0 8 6 4 26 15 11 5,0 4 3 1 6,0 10 10 2 12 8,0 17 10 3 26 13 12,1 4 2 2 33 9,1 7 6 3 34 28 13,0 4 3 1 11,0 8 7 2 19 12,0 12 9 3 35 34 14,0 8 4 3 35 19 14,1 6 5 2 36 16,0 3 3 2 28 16,1 12 6 2 40 17,1 2 2 3 39 38 18,0 14 9 2 37 20,0 16 9 3 36 32 21,1 5 4 2 32 21,0 16 9 2 31 22,0 1 1 1 23,0 4 3 1 24,1 7 6 2 29 25,0 6 3 1 27,1 18 10 1 28,1 11 8 1 30,1 2 1 1 29,0 7 4 1 42,1 3 3 1 42,1 9 8 1 42,0 8 5 1 42,0 4 4 1 42,1 12 9 1 42,0 9 6 1 42,0 11 6 1 42,1 13 8 1 42,1 11 8 1 42,1 20 10 1 42,1 7 5 1 42,1 13 7 1 42,1 0 0 0
j400505_3.sm,22,22,1 0 0 2 2 3,1 20 10 1 4,0 1 1 1 4,1 11 10 2 6 5,1 3 2 4 17 10 9 8,1 7 6 3 10 9 7,1 11 6 1 8,1 12 6 3 13 12 11,0 9 8 2 13 11,0 3 2 2 14 13,1 14 10 2 18 14,1 14 10 2 18 14,1 4 2 2 18 15,0 5 5 1 15,0 7 6 1 16,1 2 2 2 20 19,0 14 10 1 18,1 4 2 2 23 20,0 9 5 3 24 23 22,0 12 6 2 22 21,1 6 6 3 28 26 24,1 13 9 3 28 27 25,1 18 9 2 26 25,1 4 2 1 25,0 4 3 2 31 29,0 7 4 1 27,1 7 6 2 33 30,1 10 9 2 32 31,0 9 7 1 30,0 18 9 2 34 32,0 12 10 2 35 33,0 9 6 2 36 35,0 15 10 2 36 34,1 19 10 2 39 37,1 6 4 2 39 37,0 20 10 3 41 39 38,0 7 6 2 41 38,0 11 9 1 40,0 13 8 1 40,0 9 7 1 42,1 6 5 1 42,1 0 0 0
j400505_4.sm,22,22,1 0 0 2 2 7,1 6 4 2 41 3,1 12 9 1 4,1 16 8 2 16 5,0 11 7 3 13 12 6,0 8 5 3 40 15 8,1 10 6 3 40 26 9,1 9 7 2 26 9,0 14 7 4 23 18 17 10,1 4 4 1 11,0 12 6 2 19 14,1 12 9 3 27 22 17,1 20 10 2 20 19,0 7 4 2 27 20,0 2 1 2 27 19,1 6 6 2 23 19,0 11 9 1 19,0 11 9 1 19,0 7 5 1 21,0 3 2 1 22,1 3 3 1 24,1 3 3 1 24,1 18 9 1 24,1 5 3 1 25,0 6 4 3 39 32 28,1 18 9 1 28,0 10 5 2 32 30,1 4 4 1 29,0 12 6 2 34 30,1 1 1 1 31,0 10 6 3 38 37 33,0 12 9 2 35 34,0 15 10 1 35,1 1 1 1 36,1 3 3 1 42,1 2 1 1 42,1 2 1 1 42,0 1 1 1 42,0 16 10 1 42,0 7 6 1 42,0 6 3 1 42,1 0 0 0
j400505_5.sm,22,22,1 0 0 2 2 10,0 12 9 2 41 3,1 6 6 2 7 4,0 10 7 4 26 14 11 5,0 1 1 1 6,1 7 6 2 12 8,0 2 2 3 26 13 12,0 13 9 2 29 9,1 7 5 3 39 28 13,1 10 6 1 11,0 14 10 2 18 12,1 7 5 3 40 39 15,0 17 9 3 40 18 15,0 6 4 3 39 28 16,1 11 9 2 38 16,0 6 4 2 37 17,1 8 5 3 36 35 19,0 2 2 5 38 35 34 33 21,1 11 9 2 34 20,0 5 5 2 33 21,1 1 1 1 22,1 7 7 2 32 23,1 14 7 1 24,0 7 4 2 30 25,1 7 7 1 27,0 3 2 1 28,0 2 1 1 31,1 9 7 1 30,0 6 5 1 30,1 6 5 1 42,0 2 1 1 42,0 8 6 1 42,1 10 10 1 42,0 9 5 1 42,1 7 5 1 42,0 3 3 1 42,1 3 3 1 42,1 9 9 1 42,1 8 6 1 42,0 11 10 1 42,1 14 9 1 42,1 0 0 0
j400505_6.sm,22,22,1 0 0 2 2 6,0 12 9 1 3,1 11 8 2 5 4,1 2 2 4 23 12 10 8,1 3 3 3 12 10 7,0 1 1 2 10 8,0 6 5 1 8,1 7 5 3 15 14 9,0 2 2 2 24 11,0 12 7 2 24 14,1 4 3 1 13,1 5 4 1 13,0 6 4 3 26 22 16,0 9 5 3 26 22 16,0 9 8 4 26 22 19 17,1 8 5 2 19 17,1 3 3 2 27 18,1 4 4 3 41 29 20,1 7 4 2 29 20,1 13 10 2 32 21,1 10 5 3 34 33 25,0 14 10 3 41 33 25,1 15 8 2 40 26,1 11 8 1 26,1 8 6 2 40 28,0 12 10 2 31 29,0 17 9 2 33 30,0 12 7 1 30,1 6 6 3 39 34 33,0 18 10 2 38 31,0 8 8 2 39 35,0 4 2 3 39 38 37,1 4 2 2 38 36,1 10 6 2 38 36,0 16 10 1 36,0 11 6 1 37,1 9 8 1 42,0 11 8 1 42,0 1 1 1 42,0 7 6 1 42,1 2 2 1 42,1 0 0 0
j400505_7.sm,22,22,1 0 0 3 2 40 41,1 4 2 2 39 3,1 17 9 1 4,0 11 9 2 38 5,1 6 3 3 37 14 6,0 10 7 3 36 18 7,0 8 4 3 35 21 8,1 3 3 2 25 9,1 10 5 2 16 10,0 4 2 2 23 11,1 7 4 2 34 12,0 18 9 1 13,1 13 10 2 33 15,0 8 7 3 35 31 16,1 7 7 2 32 17,0 13 7 3 33 32 20,0 14 7 1 19,1 8 7 1 19,1 4 3 2 31 20,1 5 4 2 29 22,1 4 3 4 31 29 28 26,1 16 9 2 30 24,1 14 9 3 30 29 26,1 5 5 2 28 26,1 15 8 2 32 26,0 15 10 1 27,0 15 8 1 42,1 4 2 1 42,0 14 10 1 42,0 8 6 1 42,0 6 3 1 42,0 10 7 1 42,1 3 2 1 42,0 4 2 1 42,0 5 3 1 42,0 6 3 1 42,0 14 8 1 42,1 9 8 1 42,0 6 3 1 42,0 3 3 1 42,1 12 8 1 42,1 0 0 0
j400505_8.sm,22,22,1 0 0 15 2 28 29 30 31 32 33 34 35 36 37 38 39 40 41,0 17 10 1 3,0 9 9 1 4,1 13 9 2 27 5,1 2 2 2 26 6,0 9 8 3 25 24 7,1 2 2 2 23 8,1 10 5 1 9,0 6 4 1 10,1 6 4 2 22 11,0 6 6 1 12,0 3 2 1 13,0 3 3 1 14,1 2 2 1 15,1 11 6 1 16,1 10 5 1 17,1 7 5 1 18,0 14 10 1 19,0 5 4 1 20,0 16 9 1 21,0 12 7 1 42,1 11 7 1 42,1 8 8 1 42,0 12 7 1 42,1 6 6 1 42,0 19 10 1 42,1 4 4 1 42,1 3 2 1 42,0 6 4 1 42,1 13 7 1 42,0 7 7 1 42,0 4 2 1 42,0 10 7 1 42,0 13 9 1 42,0 4 4 1 42,0 12 10 1 42,1 6 5 1 42,1 11 6 1 42,1 6 4 1 42,1 19 10 1 42,1 6 3 1 42,1 0 0 0
j400505_9.sm,22,22,1 0 0 2 2 3,1 5 3 1 4,1 12 9 1 4,0 17 9 2 6 5,1 11 7 4 14 10 9 7,0 7 4 4 14 10 9 8,0 14 7 1 8,0 18 10 3 13 12 11,0 12 6 2 12 11,1 8 6 2 12 11,0 9 8 2 18 15,1 3 2 2 18 15,0 8 5 2 18 15,0 10 10 2 18 17,0 12 7 1 16,1 8 5 1 17,0 12 6 2 20 19,1 10 9 1 19,0 8 6 3 23 22 21,1 6 3 3 24 23 22,1 14 8 3 28 26 24,0 3 2 3 28 27 25,0 12 6 2 26 25,0 10 6 1 25,1 2 1 2 31 29,0 1 1 1 27,1 11 7 2 32 30,1 12 6 2 33 31,0 16 9 1 30,0 9 5 2 35 33,0 4 2 1 32,1 18 9 3 36 35 34,1 5 4 2 36 34,1 5 5 2 39 37,1 11 6 2 39 37,1 4 3 3 41 39 38,1 4 3 2 41 38,0 5 5 1 40,1 13 9 1 40,0 10 5 1 42,1 8 4 1 42,1 0 0 0
j400505_10.sm,22,22,1 0 0 2 2 5,0 6 6 1 3,1 14 9 2 6 4,1 9 5 4 18 14 11 7,0 14 8 3 18 11 8,0 2 2 4 27 18 13 9,0 3 3 1 8,0 5 5 2 13 9,0 2 1 2 23 10,0 4 3 1 12,1 20 10 1 13,1 14 9 3 26 22 15,0 8 5 3 26 22 15,1 7 4 5 32 26 22 19 16,1 5 3 3 32 19 16,1 9 8 1 17,1 18 10 4 41 36 29 20,1 8 5 5 40 36 32 26 24,0 8 4 2 29 20,0 11 7 2 40 21,1 2 2 2 34 24,0 6 5 2 41 25,1 2 2 2 33 26,0 5 4 1 25,1 8 6 1 28,0 8 5 3 39 34 31,0 4 3 3 39 34 31,1 13 7 2 38 30,0 7 5 2 34 31,0 8 5 2 39 33,1 16 9 2 38 35,0 17 9 1 33,1 4 2 1 35,0 11 7 1 35,1 17 10 1 37,1 10 7 1 38,1 15 8 1 42,1 1 1 1 42,0 13 7 1 42,0 9 7 1 42,1 9 8 1 42,1 0 0 0
j400605_1.sm,22,22,1 0 0 2 2 9,0 16 10 1 3,0 2 1 3 15 14 4,1 15 10 1 5,0 3 3 3 12 8 6,1 11 6 1 7,0 8 8 2 19 10,0 9 5 2 19 10,0 3 2 2 19 11,0 3 2 1 11,1 18 9 1 13,1 2 2 1 13,0 17 10 1 16,1 11 9 1 16,0 11 7 1 16,0 7 5 2 21 17,1 8 5 2 23 18,1 5 4 3 29 25 20,1 1 1 2 25 22,0 14 8 2 27 22,1 2 2 2 27 22,0 20 10 1 24,1 20 10 1 24,1 5 4 1 26,0 2 1 1 27,1 2 1 1 28,0 12 7 1 28,1 18 9 2 41 30,1 2 1 2 41 30,0 15 9 2 36 31,1 5 3 2 39 32,0 4 3 2 40 33,0 10 6 2 38 34,0 16 9 1 35,1 15 9 1 37,1 10 8 1 39,0 10 5 1 42,1 8 8 1 42,0 12 6 1 42,1 7 4 1 42,1 5 4 1 42,1 0 0 0
j400605_2.sm,22,22,1 0 0 9 2 34 35 36 37 38 39 40 41,0 1 1 1 3,0 4 3 1 4,0 1 1 2 33 5,0 4 2 2 32 6,0 11 9 1 7,0 3 3 1 8,0 14 7 2 31 9,1 9 5 2 30 10,1 2 2 2 29 11,1 4 4 2 28 12,0 12 10 1 13,1 10 6 1 14,1 8 8 2 27 15,0 7 4 2 26 16,1 5 5 1 17,0 7 6 1 18,1 9 7 1 19,0 3 3 1 20,0 9 5 1 21,0 18 9 1 22,1 9 5 1 23,1 9 8 1 24,0 13 10 1 25,1 5 3 1 42,0 15 9 1 42,0 11 7 1 42,0 10 5 1 42,1 9 9 1 42,0 1 1 1 42,1 11 6 1 42,1 8 5 1 42,1 3 3 1 42,1 6 6 1 42,1 11 7 1 42,1 4 4 1 42,0 12 9 1 42,1 4 3 1 42,1 8 4 1 42,1 5 4 1 42,0 1 1 1 42,1 0 0 0
j400605_3.sm,22,22,1 0 0 1 2,0 15 9 1 3,1 4 2 1 4,0 15 9 4 16 9 7 5,0 6 5 2 32 6,1 1 1 2 10 8,0 10 6 3 41 32 12,1 11 6 2 41 11,0 2 2 2 12 10,0 5 5 3 41 25 13,0 9 5 1 12,0 9 7 2 25 13,0 6 3 1 14,0 6 5 2 24 15,1 10 7 3 31 29 17,1 1 1 4 31 29 21 18,1 11 8 2 21 18,0 7 5 2 28 19,1 4 2 1 20,1 4 3 3 40 34 22,1 6 3 1 22,0 8 8 2 39 23,0 10 8 1 26,1 13 10 1 26,1 13 9 1 26,0 15 8 1 27,1 12 6 1 30,1 7 4 1 30,1 12 8 1 30,1 8 7 2 38 33,0 10 5 2 38 33,0 15 9 2 38 35,0 11 9 1 35,1 14 7 1 35,1 5 5 1 36,1 16 8 1 37,0 7 7 1 42,0 16 9 1 42,0 7 6 1 42,1 2 1 1 42,1 9 6 1 42,1 0 0 0
j400605_4.sm,22,22,1 0 0 1 2,1 19 10 1 3,1 18 9 1 4,1 9 6 4 21 15 12 5,0 11 8 2 41 6,1 4 4 3 40 11 7,0 7 4 1 8,1 1 1 1 9,1 14 10 2 26 10,0 12 6 2 28 13,1 6 3 2 28 13,0 9 7 2 28 13,0 12 10 1 14,0 12 7 3 39 32 16,0 10 6 2 39 16,1 8 4 2 20 17,0 8 7 2 34 18,1 4 4 1 19,1 6 6 3 38 31 22,0 14 10 1 22,0 3 2 1 22,1 1 1 2 37 23,0 14 9 1 24,1 2 2 1 25,0 10 5 1 27,0 8 4 1 27,0 1 1 2 36 29,1 18 9 1 29,1 13 9 1 30,1 4 3 1 33,1 3 3 1 33,0 15 10 1 33,1 9 8 1 35,0 8 5 1 36,0 8 5 1 42,1 5 3 1 42,0 11 10 1 42,1 9 7 1 42,0 9 5 1 42,1 2 2 1 42,0 11 8 1 42,1 0 0 0
j400605_5.sm,22,22,1 0 0 1 2,1 16 9 2 5 3,0 11 9 2 6 4,0 7 7 1 7,0 15 10 1 6,0 7 6 2 9 8,0 12 7 2 9 8,0 2 1 3 13 11 10,1 6 5 1 10,1 12 6 1 12,0 11 8 1 12,1 18 10 2 16 14,0 2 2 1 14,1 5 4 1 15,1 3 2 1 17,1 11 8 1 17,0 10 5 1 18,0 7 4 1 19,1 6 3 3 22 21 20,1 11 10 3 25 24 23,0 16 10 3 25 24 23,1 5 3 2 24 23,1 18 9 2 28 26,0 6 5 2 28 27,0 13 10 2 28 27,0 11 10 1 27,0 12 6 1 29,0 9 7 1 29,1 18 9 1 30,0 13 7 1 31,1 9 9 3 38 33 32,1 15 9 3 36 35 34,0 9 9 2 36 35,0 6 5 1 37,0 4 2 2 40 39,1 6 3 2 40 39,1 3 2 2 40 39,1 6 3 2 40 39,1 5 4 1 41,1 1 1 1 41,1 8 6 1 42,1 0 0 0
j400605_6.sm,22,22,1 0 0 1 2,0 8 6 1 3,0 9 8 1 4,0 10 6 4 17 8 7 5,1 9 7 2 41 6,1 6 6 2 11 9,1 3 2 3 41 40 12,1 7 5 2 40 12,0 15 9 1 10,1 10 6 1 12,0 18 10 3 40 25 14,1 5 3 2 25 13,1 10 10 1 14,0 3 3 2 24 15,1 16 10 3 39 33 16,0 1 1 2 21 18,1 8 6 2 39 18,1 4 4 2 29 19,0 14 10 1 20,0 12 6 3 38 31 22,0 11 8 1 22,0 12 6 2 37 23,1 6 6 1 26,0 3 3 1 26,0 10 7 1 26,0 3 2 1 27,1 12 7 1 28,1 19 10 2 36 30,1 13 8 2 36 32,0 6 4 1 32,0 11 9 1 32,1 7 7 1 34,1 2 1 1 34,1 4 3 1 35,0 7 7 1 42,0 6 6 1 42,1 2 1 1 42,0 8 6 1 42,0 9 7 1 42,1 17 9 1 42,1 8 5 1 42,1 0 0 0
j400605_7.sm,22,22,1 0 0 2 2 15,0 3 3 1 3,0 15 9 3 16 13 4,0 12 8 1 5,0 2 1 3 11 8 6,1 12 8 1 7,1 4 2 2 19 9,0 17 9 2 19 9,0 6 6 1 10,1 13 8 1 12,1 10 6 1 12,1 5 3 1 14,1 7 6 1 14,1 17 10 4 26 24 21 17,1 20 10 4 26 24 21 17,1 16 8 4 28 26 21 20,1 4 4 1 18,1 11 9 3 31 28 20,1 11 10 2 28 22,0 14 7 1 22,1 12 10 1 22,1 7 6 1 23,0 3 2 1 25,0 4 3 2 41 28,1 7 7 1 27,0 1 1 1 27,1 4 2 2 41 29,0 4 4 1 29,0 7 5 2 39 30,0 19 10 2 40 32,1 10 7 3 39 38 33,1 15 8 2 38 33,0 15 8 2 37 34,0 4 2 1 35,0 6 5 1 36,1 6 6 1 42,0 7 6 1 42,0 10 7 1 42,1 10 9 1 42,0 7 4 1 42,0 11 10 1 42,1 0 0 0
j400605_8.sm,22,22,1 0 0 2 2 7,1 12 6 1 3,1 2 2 3 12 6 4,0 2 1 1 5,1 11 9 3 14 10 8,1 9 5 1 8,1 2 1 1 8,1 7 7 1 9,0 6 6 1 11,0 8 8 1 11,0 12 6 2 18 13,1 1 1 2 18 13,0 6 5 1 15,0 5 3 1 15,0 15 9 1 16,1 12 9 1 17,1 3 3 2 20 19,0 2 1 1 19,0 13 7 3 26 22 21,0 2 2 3 26 25 23,1 4 2 2 25 23,0 13 9 1 23,0 8 4 1 24,1 9 6 1 27,1 6 4 1 28,1 2 2 1 28,0 10 5 1 29,1 9 6 1 29,0 13 8 2 41 30,1 1 1 1 31,0 20 10 2 34 32,1 11 7 3 40 39 33,1 8 4 1 35,1 7 7 3 39 38 37,0 17 10 2 38 36,1 13 7 1 37,1 9 7 1 42,0 19 10 1 42,0 8 6 1 42,0 19 10 1 42,0 6 4 1 42,1 0 0 0
j400605_9.sm,22,22,1 0 0 1 2,0 7 4 1 3,0 8 5 1 4,1 17 9 2 6 5,0 13 9 2 11 7,1 2 2 2 11 8,0 6 6 2 10 9,1 10 6 2 10 9,0 12 6 2 13 12,1 2 2 2 13 12,1 11 6 2 13 12,1 12 8 1 14,1 12 9 1 14,1 8 4 2 20 15,1 5 3 1 16,1 10 7 1 17,0 4 3 2 19 18,0 2 1 3 23 22 21,0 12 10 2 23 21,0 10 9 2 23 21,1 19 10 3 27 25 24,0 16 10 3 27 25 24,0 4 2 3 27 26 24,1 1 1 2 29 28,0 2 2 1 26,0 20 10 1 28,0 5 4 1 28,0 7 6 2 31 30,0 3 3 2 31 30,0 4 2 2 33 32,1 5 3 2 33 32,1 4 3 1 34,1 6 5 1 34,0 10 8 2 36 35,1 10 6 1 37,0 8 7 1 37,0 4 3 2 40 38,1 6 3 1 39,1 4 3 1 41,1 14 7 1 41,1 6 6 1 42,1 0 0 0
j400605_10.sm,22,22,1 0 0 1 2,1 4 2 1 3,1 7 4 2 41 4,0 11 7 3 17 12 5,1 12 9 2 40 6,0 10 10 3 39 11 7,1 7 4 1 8,1 9 7 2 31 9,1 11 8 1 10,0 1 1 2 38 13,0 12 8 1 13,0 5 3 1 13,0 10 10 2 37 14,1 6 6 2 28 15,1 6 4 2 21 16,0 14 8 2 30 18,0 6 6 2 30 18,1 9 9 1 19,1 18 9 3 36 35 20,0 7 5 2 34 22,0 12 9 2 34 22,1 16 9 1 23,0 14 7 1 24,1 6 5 1 25,1 5 3 2 33 26,1 11 10 1 27,1 7 7 1 29,0 1 1 1 29,1 3 2 1 32,0 13 8 1 33,1 18 10 1 32,0 7 6 1 42,1 4 3 1 42,0 17 9 1 42,0 9 5 1 42,0 5 3 1 42,0 4 2 1 42,0 19 10 1 42,1 7 4 1 42,0 12 9 1 42,1 17 9 1 42,1 0 0 0
j400705_1.sm,22,22,1 0 0 7 2 36 37 38 39 40 41,1 17 9 2 35 3,1 18 9 4 34 33 32 4,0 13 9 1 5,0 2 2 1 6,1 10 10 1 7,1 4 2 1 8,1 10 7 1 9,0 11 9 1 10,1 13 9 2 31 11,1 12 10 2 30 12,0 8 5 1 13,0 2 1 1 14,0 6 4 1 15,1 11 7 1 16,0 6 4 1 17,1 10 9 1 18,0 8 8 1 19,0 10 9 1 20,1 1 1 1 21,1 15 9 1 22,0 1 1 1 23,0 2 1 1 24,1 2 1 1 25,0 1 1 1 26,0 18 10 1 27,1 10 6 1 28,1 10 5 1 29,1 12 7 1 42,0 11 6 1 42,1 11 8 1 42,0 9 6 1 42,0 13 9 1 42,1 3 2 1 42,0 14 9 1 42,0 8 4 1 42,1 3 2 1 42,0 14 8 1 42,1 1 1 1 42,1 11 7 1 42,0 10 8 1 42,1 0 0 0
j400705_2.sm,22,22,1 0 0 2 2 7,0 1 1 1 3,1 5 3 1 4,1 8 7 1 5,1 5 3 2 15 6,1 4 2 1 8,1 1 1 1 8,1 1 1 1 9,1 13 8 1 10,0 1 1 2 17 11,0 8 6 1 12,0 4 3 2 33 13,1 4 3 2 41 14,1 7 6 1 16,0 13 10 3 41 40 19,0 8 5 1 18,1 7 5 3 41 33 20,0 2 2 2 40 19,1 1 1 1 20,1 9 5 2 39 21,0 7 5 1 22,1 2 2 2 38 23,1 2 2 4 37 36 29 24,0 20 10 1 25,0 14 8 1 26,0 6 3 1 27,0 10 6 1 28,0 12 6 2 35 30,1 4 4 2 35 32,0 5 3 1 31,1 12 6 1 32,1 9 9 1 34,0 3 3 1 36,0 4 3 1 42,1 2 1 1 42,0 9 5 1 42,1 11 7 1 42,0 7 4 1 42,1 4 2 1 42,0 2 1 1 42,0 3 2 1 42,1 0 0 0
j400705_3.sm,22,22,1 0 0 2 2 7,0 2 1 1 3,0 3 2 1 4,1 11 6 1 5,1 2 2 1 6,0 3 3 1 8,1 3 3 1 8,0 2 1 1 9,1 16 9 2 15 10,1 2 2 2 14 11,1 3 2 1 12,1 8 7 1 13,0 16 10 2 19 16,1 19 10 2 19 16,1 1 1 2 19 16,0 8 8 2 37 17,1 12 7 1 18,0 20 10 2 33 20,1 11 7 2 37 22,1 12 6 1 21,0 4 2 1 22,0 15 10 2 28 23,0 2 2 1 24,1 11 8 2 35 25,0 7 5 3 41 27 26,1 7 7 1 29,0 20 10 2 39 31,1 11 9 2 35 31,0 14 7 1 30,0 3 3 1 31,0 17 9 1 32,0 10 6 2 40 34,1 14 7 2 39 38,0 8 4 1 36,1 20 10 1 36,0 16 10 1 38,0 4 4 1 38,1 8 8 1 42,1 13 10 1 42,0 1 1 1 42,1 2 1 1 42,1 0 0 0
j400705_4.sm,22,22,1 0 0 3 2 40 41,0 6 3 1 3,1 10 8 2 9 4,0 14 10 1 5,0 2 2 2 38 6,1 16 9 1 7,1 16 10 1 8,1 2 1 2 37 10,1 14 10 2 39 11,1 3 3 1 11,1 20 10 1 12,1 14 8 1 13,0 13 8 1 14,0 15 8 1 15,1 16 8 2 36 16,0 3 3 1 17,1 1 1 1 18,0 3 2 1 19,0 12 7 2 35 20,0 14 7 2 34 21,1 11 7 2 33 22,1 12 6 2 32 23,0 8 5 1 24,0 4 2 1 25,1 11 7 2 31 26,0 11 7 1 27,0 2 2 1 28,1 14 7 1 29,1 2 2 1 30,0 9 8 1 42,1 8 4 1 42,1 4 2 1 42,0 11 10 1 42,1 3 3 1 42,0 9 5 1 42,0 11 10 1 42,0 14 7 1 42,0 1 1 1 42,1 17 9 1 42,0 9 8 1 42,1 13 7 1 42,1 0 0 0
j400705_5.sm,22,22,1 0 0 2 2 7,0 2 1 1 3,0 10 7 1 4,0 10 9 1 5,1 2 1 1 6,1 10 9 1 8,0 6 3 1 8,1 6 3 2 14 9,0 11 6 1 10,1 18 9 2 15 11,0 13 9 1 12,0 15 8 1 13,1 8 5 2 19 16,1 14 8 2 19 16,1 8 6 2 19 17,1 5 4 2 41 17,0 9 5 1 18,0 12 6 2 40 20,1 13 9 3 41 30 22,1 2 1 1 21,1 10 10 2 30 22,0 5 3 1 23,0 6 3 1 24,1 10 5 4 39 35 27 25,0 13 9 2 38 26,1 18 10 1 28,0 3 3 2 38 31,0 2 1 1 29,1 10 6 1 31,1 11 6 3 37 35 33,1 2 1 1 32,1 11 6 2 37 33,0 3 3 1 34,0 9 9 1 36,0 1 1 1 36,1 5 4 1 42,1 7 4 1 42,0 12 7 1 42,0 2 1 1 42,0 1 1 1 42,1 2 1 1 42,1 0 0 0
j400705_6.sm,22,22,1 0 0 1 2,0 9 8 1 3,0 14 10 3 10 6 4,0 4 3 2 22 5,1 16 9 2 11 7,0 10 7 2 22 8,0 7 5 1 8,0 12 9 2 25 9,1 1 1 1 12,1 7 6 1 12,1 5 5 2 25 14,0 4 3 1 13,1 6 6 1 14,1 14 7 2 20 15,0 6 4 1 16,0 15 9 1 17,0 3 3 1 18,1 8 4 1 19,1 4 4 1 21,0 3 3 1 21,0 1 1 2 27 23,1 11 6 2 27 23,0 12 9 1 24,0 14 7 1 26,0 8 5 1 26,1 5 4 1 28,1 6 6 1 28,0 3 2 2 41 29,1 1 1 2 35 30,1 2 2 1 31,1 9 5 2 37 32,1 12 8 2 40 33,1 7 5 1 34,1 8 5 2 38 36,0 2 1 2 40 38,0 1 1 1 39,0 4 3 1 40,1 8 6 1 42,1 12 8 1 42,1 10 9 1 42,0 10 5 1 42,1 0 0 0
j400705_7.sm,22,22,1 0 0 6 2 37 38 39 40 41,0 11 8 1 3,1 10 10 4 36 35 34 4,0 14 9 1 5,0 9 8 1 6,1 10 6 2 33 7,0 6 4 1 8,0 15 8 1 9,0 8 7 1 10,0 5 5 2 32 11,1 9 9 2 31 12,0 14 9 1 13,0 13 7 2 30 14,0 5 5 1 15,0 13 8 1 16,1 10 7 1 17,1 12 9 1 18,1 12 6 1 19,1 2 1 1 20,1 13 8 1 21,1 10 5 1 22,1 3 3 1 23,0 9 8 1 24,0 3 3 1 25,0 1 1 1 26,0 7 7 1 27,1 4 4 1 28,1 13 7 1 29,1 20 10 1 42,1 18 10 1 42,0 16 8 1 42,1 8 5 1 42,1 5 5 1 42,1 12 6 1 42,0 11 6 1 42,0 6 6 1 42,1 5 4 1 42,1 8 4 1 42,0 8 4 1 42,1 14 10 1 42,0 16 8 1 42,1 0 0 0
j400705_8.sm,22,22,1 0 0 5 2 16 39 40 41,1 5 4 1 3,1 8 6 2 38 4,0 14 10 2 37 5,1 3 2 1 6,0 2 1 1 7,0 11 9 1 8,1 2 2 1 9,0 10 5 1 10,1 8 4 1 11,1 1 1 2 36 12,1 9 9 1 13,0 18 9 1 14,1 4 3 2 35 15,1 6 3 1 17,0 11 10 1 17,0 16 8 1 18,0 9 5 3 34 33 19,0 7 5 1 20,0 6 3 2 32 21,0 12 10 1 22,1 7 7 1 23,0 10 5 2 31 24,1 3 2 1 25,1 17 10 1 26,1 1 1 1 27,0 14 8 1 28,1 2 1 1 29,0 16 9 1 30,0 6 4 1 42,1 4 2 1 42,1 7 4 1 42,0 12 10 1 42,0 2 1 1 42,0 10 6 1 42,0 17 10 1 42,1 18 9 1 42,1 13 7 1 42,1 3 2 1 42,1 2 1 1 42,0 13 7 1 42,1 0 0 0
j400705_9.sm,22,22,1 0 0 5 2 38 39 40 41,0 8 8 1 3,1 5 5 2 37 4,0 6 4 3 36 35 5,0 5 3 2 34 6,1 10 10 2 33 7,1 11 10 1 8,0 6 3 1 9,1 18 9 1 10,0 10 5 1 11,0 11 10 2 32 12,0 12 10 2 31 13,0 8 6 1 14,0 9 7 2 30 15,1 13 9 1 16,1 8 7 1 17,0 10 9 1 18,1 10 9 1 19,1 18 9 1 20,0 5 5 1 21,1 2 2 1 22,1 3 3 1 23,0 2 2 1 24,0 5 3 1 25,0 8 4 1 26,1 2 1 1 27,1 3 2 1 28,0 6 3 1 29,1 14 10 1 42,1 15 8 1 42,1 13 8 1 42,1 13 8 1 42,1 4 2 1 42,0 7 7 1 42,1 17 9 1 42,0 6 5 1 42,1 2 1 1 42,1 8 7 1 42,0 11 7 1 42,0 2 1 1 42,0 3 2 1 42,1 0 0 0
j400705_10.sm,22,22,1 0 0 2 2 11,1 4 4 1 3,0 12 10 1 4,1 9 6 1 5,1 13 8 2 41 6,0 6 6 1 7,0 9 6 1 8,1 6 3 1 9,0 9 7 3 40 39 10,0 3 2 2 38 12,1 14 7 1 12,0 18 10 1 13,1 11 8 2 37 14,0 4 4 1 15,1 10 9 1 16,1 10 7 1 17,1 1 1 2 36 18,0 4 3 5 35 34 33 32 19,1 12 7 1 20,1 10 6 1 21,0 2 1 1 22,1 9 6 1 23,0 10 7 2 31 24,0 13 9 1 25,0 14 7 1 26,1 16 9 1 27,1 8 7 1 28,1 8 4 1 29,0 14 10 1 30,0 6 3 1 42,0 14 8 1 42,1 9 5 1 42,0 6 3 1 42,1 7 5 1 42,1 9 6 1 42,1 6 6 1 42,1 8 4 1 42,0 9 8 1 42,0 13 8 1 42,0 15 10 1 42,0 9 6 1 42,1 0 0 0
j400805_1.sm,22,22,1 0 0 1 2,1 12 10 2 6 3,1 4 2 1 4,0 6 4 2 19 5,0 14 8 1 7,0 2 2 1 7,1 2 1 1 8,1 8 6 2 12 9,1 9 6 1 10,1 10 5 1 11,0 18 9 1 13,1 4 3 1 13,0 10 5 2 16 14,1 16 8 2 18 15,0 8 6 1 17,1 9 7 1 17,1 14 10 1 20,0 8 6 1 20,0 17 9 1 20,1 11 8 1 21,0 5 4 1 22,1 18 9 1 23,0 6 4 2 26 24,1 3 3 1 25,1 12 8 2 39 27,0 8 5 2 39 27,0 2 2 1 28,1 6 5 1 29,1 5 5 2 41 30,0 11 8 1 31,0 7 6 1 32,1 20 10 1 33,0 5 3 1 34,1 15 10 1 35,1 10 6 1 36,0 6 4 1 37,0 14 8 1 38,0 13 7 1 40,0 3 2 1 41,1 11 8 1 42,0 12 6 1 42,1 0 0 0
j400805_2.sm,22,22,1 0 0 2 2 3,1 13 9 1 4,1 2 2 2 19 6,1 15 10 1 5,1 11 7 2 35 6,0 2 2 1 7,0 14 9 1 8,0 12 9 1 9,1 9 7 2 21 10,0 12 10 1 11,1 20 10 1 12,0 3 2 2 41 13,0 8 5 1 14,1 6 3 1 15,0 14 7 1 16,1 5 3 1 17,1 14 9 1 18,1 2 1 1 20,1 11 6 3 40 35 23,0 1 1 1 22,0 4 2 1 22,0 16 8 2 40 23,1 13 10 1 24,1 9 7 1 25,0 17 9 2 39 26,0 10 6 1 27,1 7 5 1 28,0 6 5 1 29,1 15 9 1 30,1 4 2 2 37 31,1 6 3 1 32,0 6 3 1 33,0 11 8 1 34,0 4 4 1 36,1 10 7 1 36,1 2 2 1 38,1 1 1 1 38,0 9 9 1 42,0 2 2 1 42,0 8 7 1 42,0 11 9 1 42,1 0 0 0
j400805_3.sm,22,22,1 0 0 6 2 37 38 39 40 41,1 8 5 1 3,1 12 6 1 4,0 2 1 1 5,1 5 5 1 6,1 8 8 1 7,1 15 8 1 8,0 4 3 1 9,1 6 6 1 10,0 7 5 1 11,0 5 5 2 36 12,0 9 6 1 13,0 1 1 1 14,1 2 1 2 35 15,0 10 6 2 34 16,1 6 5 1 17,0 18 10 1 18,1 18 9 1 19,0 6 4 1 20,0 12 7 1 21,1 8 8 1 22,1 16 8 1 23,0 14 10 1 24,1 16 9 1 25,1 13 9 1 26,1 9 6 1 27,1 17 9 1 28,0 16 8 1 29,1 15 10 1 30,1 11 6 1 31,1 10 8 1 32,0 2 2 1 33,0 14 9 1 42,1 10 6 1 42,0 14 8 1 42,0 8 7 1 42,0 12 7 1 42,0 3 2 1 42,0 2 1 1 42,1 11 6 1 42,0 7 5 1 42,1 0 0 0
j400805_4.sm,22,22,1 0 0 1 2,1 11 10 2 10 3,0 9 7 1 4,1 13 9 2 41 5,0 7 5 1 6,0 7 7 1 7,1 4 2 2 14 8,1 16 9 2 40 9,0 2 1 1 11,0 10 6 2 40 13,0 8 4 1 12,0 10 5 1 13,1 6 4 2 18 15,0 1 1 2 40 16,0 2 1 1 16,1 7 5 1 17,1 14 10 1 19,0 15 8 1 19,1 2 2 1 20,1 6 4 2 39 21,0 8 4 1 22,1 2 2 1 23,1 16 8 2 38 24,0 1 1 1 25,0 15 10 2 37 26,0 8 5 1 27,1 12 9 1 28,0 13 9 1 29,1 8 4 1 30,1 4 3 1 31,1 4 2 1 32,1 5 4 1 33,0 3 3 1 34,1 14 8 1 35,1 11 8 1 36,0 5 4 1 42,0 3 3 1 42,0 10 10 1 42,1 13 7 1 42,1 4 3 1 42,0 14 10 1 42,1 0 0 0
j400805_5.sm,22,22,1 0 0 6 2 37 38 39 40 41,0 1 1 1 3,0 6 6 1 4,0 14 10 1 5,1 15 8 1 6,1 13 8 1 7,1 6 3 1 8,0 11 10 1 9,1 13 7 2 36 10,0 6 3 1 11,0 3 3 1 12,0 12 10 1 13,1 11 8 2 35 14,0 4 3 1 15,1 6 3 2 34 16,1 1 1 1 17,1 12 7 1 18,1 11 6 1 19,1 9 6 1 20,0 8 5 1 21,1 8 4 1 22,0 16 10 1 23,1 10 8 1 24,0 8 5 1 25,1 9 8 1 26,1 2 1 1 27,0 6 3 1 28,0 4 3 1 29,0 11 6 1 30,1 8 7 1 31,0 11 6 1 32,0 12 6 1 33,0 8 7 1 42,1 13 8 1 42,1 9 6 1 42,1 13 8 1 42,1 4 2 1 42,1 10 5 1 42,0 8 4 1 42,0 9 5 1 42,0 9 6 1 42,1 0 0 0
j400805_6.sm,22,22,1 0 0 2 2 8,0 3 2 2 41 3,1 6 3 1 4,0 11 10 1 5,1 8 6 1 6,0 9 7 1 7,0 15 10 1 9,1 16 9 1 9,0 7 5 2 40 10,1 5 4 1 11,1 15 8 1 12,0 4 4 2 29 13,0 12 7 1 14,0 1 1 1 15,0 10 5 1 16,1 11 9 3 39 38 17,1 3 3 1 18,1 1 1 1 19,0 13 7 2 37 20,0 15 10 1 21,1 8 7 1 22,1 19 10 1 23,0 11 6 1 24,0 2 2 1 25,1 6 3 1 26,0 7 6 1 27,1 2 1 1 28,1 1 1 1 30,1 9 5 1 30,1 8 6 2 36 31,1 3 2 1 32,1 4 2 1 33,0 7 6 1 34,0 2 2 1 35,0 16 8 1 42,0 2 2 1 42,0 3 2 1 42,1 9 9 1 42,1 4 4 1 42,0 2 1 1 42,1 2 2 1 42,1 0 0 0
j400805_7.sm,22,22,1 0 0 2 2 5,1 4 3 1 3,1 11 6 1 4,0 17 10 1 6,0 3 3 1 6,0 5 5 1 7,1 14 8 1 8,0 2 1 1 9,0 2 2 1 10,1 3 2 1 11,0 8 8 3 23 18 12,1 6 3 2 16 13,0 6 5 1 14,1 13 8 1 15,0 14 8 1 17,1 14 8 1 17,1 18 9 1 19,1 13 10 1 19,0 4 2 2 25 20,0 5 3 2 27 21,0 7 4 1 22,1 10 7 1 24,1 2 2 1 25,1 10 5 1 26,0 8 8 1 27,1 14 10 2 34 28,0 12 6 2 34 28,0 3 2 1 29,0 19 10 1 30,1 15 9 1 31,0 14 9 1 32,1 4 3 1 33,0 4 4 1 35,1 13 8 1 35,1 9 5 1 36,0 10 5 1 37,1 13 10 2 41 38,0 4 4 1 39,1 2 1 1 40,1 16 10 1 42,0 2 2 1 42,1 0 0 0
j400805_8.sm,22,22,1 0 0 2 2 5,0 1 1 1 3,1 10 8 1 4,1 4 4 1 6,0 2 1 1 6,1 8 7 1 7,0 5 3 2 16 8,0 14 8 1 9,0 6 6 1 10,0 10 6 1 11,0 4 2 2 13 12,0 7 5 2 20 15,0 13 9 1 14,1 8 7 1 15,0 12 7 1 17,1 1 1 1 17,1 16 10 2 22 18,0 11 6 1 19,1 13 9 1 21,0 12 8 1 21,0 17 10 1 23,0 2 2 1 23,1 14 9 2 27 24,1 2 2 1 25,1 12 9 1 26,1 14 7 1 28,1 9 8 1 28,1 12 6 1 29,1 5 3 1 30,1 17 10 1 31,0 2 1 1 32,0 10 10 1 33,1 9 7 2 39 34,0 8 4 1 35,1 3 3 1 36,0 8 8 1 37,1 4 4 2 40 38,0 6 3 1 41,0 3 2 1 40,1 10 6 1 42,1 2 1 1 42,1 0 0 0
j400805_9.sm,22,22,1 0 0 1 2,0 5 3 2 41 3,0 11 10 1 4,0 9 6 2 40 5,0 14 7 1 6,0 15 9 1 7,1 9 8 2 18 8,1 13 8 2 39 9,0 1 1 1 10,0 5 4 1 11,1 1 1 2 26 12,0 12 8 1 13,1 12 9 1 14,1 18 9 1 15,0 4 2 1 16,0 16 8 2 38 17,1 3 2 1 19,1 6 3 2 39 21,1 20 10 1 20,1 8 6 1 21,1 20 10 2 37 22,0 7 4 1 23,0 3 3 2 36 24,1 15 8 1 25,0 4 2 1 27,1 17 9 1 27,0 11 7 1 28,1 18 10 1 29,0 5 3 1 30,0 10 5 1 31,0 8 4 1 32,0 11 7 1 33,0 7 7 1 34,1 16 10 1 35,1 12 9 1 42,1 10 5 1 42,1 16 8 1 42,0 4 3 1 42,1 7 5 1 42,1 9 6 1 42,1 1 1 1 42,1 0 0 0
j400805_10.sm,22,22,1 0 0 2 2 6,0 4 3 1 3,0 8 8 1 4,0 15 8 1 5,1 13 9 1 7,1 5 4 1 7,0 2 2 1 8,1 12 8 1 9,1 6 5 1 10,0 6 4 2 31 11,1 5 3 2 21 12,0 7 5 2 17 13,1 5 5 1 14,0 8 6 1 15,0 11 8 1 16,0 2 2 1 18,1 14 8 1 18,1 11 10 2 28 19,1 9 8 2 25 20,0 8 4 1 22,1 11 7 2 25 24,0 17 10 1 23,0 8 4 2 35 24,0 14 7 1 26,1 6 3 2 35 29,1 3 2 1 27,1 6 5 1 29,0 15 8 1 29,0 2 2 1 30,0 2 1 1 32,1 12 8 1 32,1 4 4 1 33,0 15 9 1 34,1 6 6 1 36,1 18 9 1 36,0 7 4 1 37,0 5 5 2 41 38,0 11 8 1 39,1 5 4 1 40,1 10 6 1 42,1 10 6 1 42,1 0 0 0
j400905_1.sm,22,22,1 0 0 1 2,1 10 8 1 3,0 12 6 1 4,1 14 8 1 5,1 1 1 1 6,1 2 1 1 7,0 8 6 1 8,1 8 8 1 9,1 8 8 1 10,0 12 6 2 14 11,1 10 7 1 12,1 14 8 1 13,1 19 10 1 15,0 4 2 1 15,1 9 8 2 23 16,0 15 9 1 17,0 7 6 1 18,0 4 2 1 19,1 9 9 1 20,1 10 5 1 21,0 4 2 1 22,1 9 5 1 24,0 12 6 1 24,0 11 6 1 25,1 2 1 2 29 26,0 13 10 1 27,0 2 1 1 28,0 7 4 2 41 30,0 10 6 1 30,1 6 3 1 31,0 8 5 1 32,1 8 7 1 33,0 7 4 1 34,0 9 7 1 35,1 12 9 1 36,1 5 5 1 37,0 7 5 1 38,0 11 10 1 39,1 10 5 1 40,0 2 1 1 42,1 7 5 1 42,1 0 0 0
j400905_2.sm,22,22,1 0 0 3 2 40 41,0 9 6 1 3,1 19 10 1 4,0 19 10 1 5,1 9 6 1 6,1 3 3 1 7,0 4 3 1 8,1 11 9 1 9,0 2 1 2 39 10,0 5 3 1 11,0 9 9 1 12,1 5 4 1 13,1 2 1 1 14,0 12 7 1 15,1 9 5 1 16,0 16 9 2 38 17,0 9 7 1 18,0 18 10 1 19,0 9 5 1 20,1 10 6 1 21,0 7 4 1 22,0 14 10 1 23,1 1 1 1 24,0 14 7 1 25,1 2 2 1 26,1 11 6 1 27,0 8 6 1 28,1 10 9 1 29,1 11 7 1 30,1 10 5 1 31,1 6 4 1 32,0 13 7 1 33,1 2 1 1 34,1 2 1 1 35,0 10 5 1 36,0 11 10 1 37,0 1 1 1 42,1 12 9 1 42,0 20 10 1 42,1 14 8 1 42,1 8 7 1 42,1 0 0 0
j400905_3.sm,22,22,1 0 0 1 2,0 7 4 1 3,1 8 7 2 9 4,1 9 7 1 5,0 11 6 1 6,1 7 6 1 7,0 8 4 1 8,0 9 8 1 10,1 12 9 1 10,1 18 10 1 11,0 10 5 1 12,1 3 2 1 13,0 1 1 1 14,0 5 3 1 15,0 2 1 1 16,0 5 5 1 17,0 4 4 2 32 18,1 9 6 1 19,1 2 2 1 20,1 6 6 2 35 21,0 8 5 2 27 22,0 10 5 1 23,1 4 2 1 24,0 8 4 1 25,0 18 10 1 26,0 16 8 1 28,1 8 5 1 28,1 4 3 1 29,0 3 3 1 30,0 8 8 1 31,1 16 10 1 33,1 7 6 1 33,0 6 3 1 34,0 11 7 1 36,1 5 3 1 36,1 16 10 1 37,1 5 3 1 38,1 6 5 1 39,1 8 4 1 40,0 10 5 1 41,1 10 6 1 42,1 0 0 0
j400905_4.sm,22,22,1 0 0 2 2 41,0 13 8 3 40 39 3,0 2 1 1 4,0 8 4 1 5,0 8 6 2 38 6,0 19 10 1 7,1 6 5 1 8,0 19 10 1 9,0 15 9 1 10,1 16 9 1 11,1 16 10 1 12,0 16 10 1 13,0 11 8 1 14,1 3 2 1 15,1 6 5 1 16,1 1 1 1 17,1 4 2 1 18,0 16 9 1 19,0 4 3 1 20,1 1 1 1 21,0 5 4 1 22,1 10 5 1 23,1 7 4 1 24,1 5 4 1 25,0 18 9 1 26,0 15 10 1 27,0 10 7 1 28,0 13 8 1 29,1 6 5 1 30,1 17 10 1 31,0 4 4 1 32,1 16 8 1 33,0 9 7 1 34,1 9 5 1 35,1 2 2 1 36,0 2 1 1 37,1 3 2 1 42,0 4 4 1 42,1 17 9 1 42,1 6 5 1 42,1 10 7 1 42,1 0 0 0
j400905_5.sm,22,22,1 0 0 1 2,1 14 8 1 3,0 2 1 1 4,1 10 8 1 5,1 6 3 1 6,1 12 6 2 41 7,0 9 8 1 8,0 5 3 1 9,1 12 8 2 40 10,1 4 3 1 11,0 2 1 1 12,1 14 9 1 13,1 10 9 1 14,1 8 4 1 15,1 8 6 1 16,0 1 1 1 17,1 3 3 1 18,0 2 2 1 19,0 5 3 1 20,0 16 9 1 21,1 7 6 1 22,0 6 3 1 23,1 4 4 1 24,1 6 4 1 25,0 15 9 1 26,0 14 10 1 27,1 1 1 1 28,1 7 4 2 39 29,0 4 2 1 30,1 1 1 1 31,0 4 3 1 32,0 1 1 1 33,0 7 7 1 34,0 17 10 2 38 35,0 2 1 1 36,0 8 5 1 37,1 9 8 1 42,1 12 8 1 42,0 10 7 1 42,1 6 4 1 42,0 1 1 1 42,1 0 0 0
j400905_6.sm,22,22,1 0 0 1 2,0 12 8 1 3,1 2 2 2 11 4,0 4 3 1 5,0 6 4 1 6,0 4 4 1 7,1 10 8 1 8,0 15 9 1 9,0 4 3 1 10,1 7 6 1 12,0 18 10 1 12,0 3 2 1 13,1 3 2 1 14,1 10 9 1 15,1 2 1 2 41 16,1 3 3 1 17,0 7 6 1 18,0 12 6 1 19,0 9 9 1 20,1 9 5 2 40 21,1 8 5 2 34 22,1 6 3 1 23,1 10 10 1 24,1 5 4 1 25,0 8 8 1 26,1 7 5 1 27,0 14 8 1 28,1 11 10 1 29,0 8 6 1 30,1 10 5 1 31,1 10 10 1 32,0 15 9 1 33,0 11 8 1 35,1 1 1 1 35,0 12 9 1 36,0 3 2 1 37,0 5 3 1 38,0 13 8 1 39,1 1 1 1 42,1 2 2 1 42,1 14 9 1 42,1 0 0 0
j400905_7.sm,22,22,1 0 0 1 2,1 10 5 1 3,1 7 5 1 4,1 2 2 1 5,0 18 10 1 6,1 13 9 1 7,1 1 1 1 8,0 13 7 1 9,1 10 9 1 10,0 18 9 1 11,1 9 9 1 12,0 18 9 1 13,0 12 8 1 14,1 5 3 1 15,1 14 8 1 16,0 17 10 2 19 17,0 6 4 1 18,1 10 10 1 20,1 2 1 1 20,1 6 3 1 21,1 2 1 1 22,0 4 4 2 25 23,0 5 5 1 24,1 5 3 1 26,0 5 3 1 26,1 10 5 1 27,0 6 4 1 28,0 13 7 1 29,0 13 9 1 30,0 1 1 1 31,0 6 3 1 32,1 12 6 1 33,0 6 3 1 34,1 1 1 2 38 35,0 20 10 2 37 36,1 2 1 1 39,0 6 4 1 39,0 6 3 1 39,1 10 7 1 40,1 4 2 1 41,0 3 3 1 42,1 0 0 0
j400905_8.sm,22,22,1 0 0 2 2 41,0 12 7 1 3,1 7 7 1 4,1 11 9 1 5,1 8 8 1 6,0 7 5 1 7,1 8 4 1 8,1 13 9 1 9,1 18 10 1 10,0 17 9 1 11,1 8 5 1 12,0 6 5 1 13,0 4 3 1 14,1 4 3 1 15,0 19 10 2 40 16,0 11 8 1 17,0 9 9 2 31 18,0 15 10 1 19,0 4 2 1 20,1 3 3 1 21,1 16 8 1 22,1 2 1 1 23,0 5 4 1 24,0 3 3 1 25,0 1 1 1 26,1 2 1 1 27,0 5 3 1 28,1 4 2 1 29,1 10 7 1 30,0 19 10 1 32,1 8 4 1 32,0 4 3 2 39 33,0 11 8 1 34,1 17 9 1 35,1 12 9 1 36,0 13 8 1 37,1 12 7 1 38,0 6 4 1 42,1 19 10 1 42,1 6 3 1 42,0 8 7 1 42,1 0 0 0
j400905_9.sm,22,22,1 0 0 2 2 3,0 6 3 2 24 4,0 4 4 2 24 5,1 2 2 1 5,1 9 8 1 6,1 8 4 1 7,1 3 2 1 8,1 4 2 1 9,0 9 5 1 10,1 20 10 1 11,0 2 1 1 12,1 10 9 1 13,0 9 8 1 14,1 16 9 1 15,0 8 7 1 16,1 12 8 1 17,0 17 9 1 18,0 15 10 1 19,1 6 4 2 26 20,1 1 1 1 21,1 13 9 1 22,1 9 7 1 23,1 2 2 1 25,0 2 1 1 25,0 2 1 1 27,1 5 3 1 27,0 4 3 1 28,0 19 10 1 29,0 2 2 1 30,0 5 4 2 34 31,1 11 7 1 32,0 6 6 1 33,0 3 2 1 35,1 4 2 1 35,0 15 8 1 36,1 10 5 1 37,0 12 10 1 38,0 6 3 1 39,1 2 1 1 40,1 2 1 1 41,0 10 5 1 42,1 0 0 0
j400905_10.sm,22,22,1 0 0 1 2,0 14 9 1 3,0 13 10 1 4,0 7 4 1 5,1 16 10 2 41 6,1 2 2 1 7,0 11 6 1 8,1 4 4 2 40 9,1 6 3 1 10,0 19 10 1 11,0 6 3 2 39 12,1 11 6 1 13,0 4 2 1 14,1 11 8 1 15,0 9 6 2 38 16,1 4 2 1 17,0 2 1 1 18,1 18 10 1 19,0 10 9 1 20,1 11 7 1 21,1 10 9 1 22,0 18 10 1 23,1 18 10 1 24,1 4 3 1 25,0 2 1 1 26,0 4 3 1 27,0 6 5 1 28,1 8 4 1 29,1 11 10 1 30,0 5 4 1 31,1 3 3 1 32,0 2 1 1 33,1 20 10 1 34,1 9 6 1 35,1 2 1 1 36,0 2 2 1 37,0 8 6 1 42,0 4 3 1 42,0 14 8 1 42,1 13 8 1 42,1 9 5 1 42,1 0 0 0
j401005_1.sm,22,22,1 0 0 1 2,1 6 6 1 3,1 14 9 1 4,1 1 1 1 5,1 14 8 1 6,1 4 4 1 7,0 18 9 1 8,1 3 3 1 9,1 6 5 1 10,1 10 5 1 11,1 11 6 1 12,1 4 3 1 13,0 8 8 1 14,0 5 4 1 15,0 4 3 1 16,0 8 8 1 17,1 9 7 1 18,0 8 8 1 19,1 13 9 1 20,0 2 1 1 21,1 12 8 1 22,0 11 6 1 23,0 6 3 1 24,0 14 7 1 25,1 4 3 1 26,0 6 3 1 27,1 3 3 1 28,0 10 7 1 29,0 11 7 1 30,1 8 4 1 31,0 6 5 1 32,0 13 10 1 33,1 6 5 1 34,1 10 7 1 35,0 14 10 1 36,0 4 2 1 37,0 12 6 1 38,0 5 3 1 39,0 4 2 1 40,1 6 4 1 41,1 9 6 1 42,1 0 0 0
j401005_2.sm,22,22,1 0 0 1 2,0 6 6 1 3,1 13 9 1 4,0 1 1 1 5,1 15 8 1 6,1 6 4 1 7,1 10 9 1 8,1 6 3 1 9,1 10 5 1 10,1 9 5 1 11,1 8 6 1 12,0 3 3 1 13,0 11 8 1 14,0 5 4 1 15,0 4 3 1 16,1 16 8 1 17,1 13 7 1 18,0 14 8 1 19,1 13 9 1 20,0 1 1 1 21,0 13 8 1 22,1 10 6 1 23,1 6 3 1 24,1 12 7 1 25,0 5 3 1 26,0 6 3 1 27,0 3 3 1 28,0 12 7 1 29,0 12 7 1 30,0 4 4 1 31,0 10 5 1 32,0 19 10 1 33,1 5 5 1 34,1 11 7 1 35,1 15 10 1 36,1 2 2 1 37,0 12 6 1 38,0 3 3 1 39,1 4 2 1 40,0 4 4 1 41,1 7 6 1 42,1 0 0 0
j401005_3.sm,22,22,1 0 0 1 2,1 7 6 1 3,0 12 9 1 4,0 2 1 1 5,0 15 8 1 6,0 6 4 1 7,1 12 9 1 8,0 5 3 1 9,0 6 5 1 10,1 5 5 1 11,1 8 6 1 12,1 4 3 1 13,1 12 8 1 14,0 4 4 1 15,0 5 3 1 16,1 12 8 1 17,1 12 7 1 18,1 8 8 1 19,0 17 9 1 20,0 2 1 1 21,1 14 8 1 22,1 9 6 1 23,0 6 3 1 24,0 9 7 1 25,1 6 3 1 26,1 6 3 1 27,1 5 3 1 28,0 7 7 1 29,0 11 7 1 30,1 6 4 1 31,1 10 5 1 32,1 17 10 1 33,0 8 5 1 34,1 14 7 1 35,0 14 10 1 36,0 2 2 1 37,0 7 6 1 38,0 6 3 1 39,1 2 2 1 40,0 8 4 1 41,1 8 6 1 42,1 0 0 0
j401005_4.sm,22,22,1 0 0 1 2,0 7 6 1 3,0 17 9 1 4,1 2 1 1 5,1 9 8 1 6,0 4 4 1 7,1 16 9 1 8,0 4 3 1 9,0 7 5 1 10,0 5 5 1 11,0 10 6 1 12,0 3 3 1 13,0 14 8 1 14,1 5 4 1 15,1 6 3 1 16,0 9 8 1 17,1 7 7 1 18,0 9 8 1 19,0 12 9 1 20,1 1 1 1 21,1 8 8 1 22,1 11 6 1 23,0 6 3 1 24,0 7 7 1 25,1 4 3 1 26,1 3 3 1 27,1 3 3 1 28,0 11 7 1 29,0 12 7 1 30,1 8 4 1 31,1 8 5 1 32,0 12 10 1 33,1 7 5 1 34,1 9 7 1 35,0 18 10 1 36,0 3 2 1 37,0 8 6 1 38,1 5 3 1 39,1 2 2 1 40,1 4 4 1 41,1 11 6 1 42,1 0 0 0
j401005_5.sm,22,22,1 0 0 1 2,1 12 6 1 3,1 17 9 1 4,1 1 1 1 5,1 14 8 1 6,0 5 4 1 7,0 10 9 1 8,1 6 3 1 9,0 5 5 1 10,1 9 5 1 11,1 12 6 1 12,1 4 3 1 13,1 16 8 1 14,1 4 4 1 15,0 3 3 1 16,0 16 8 1 17,0 10 7 1 18,0 12 8 1 19,0 13 9 1 20,0 2 1 1 21,1 9 8 1 22,0 9 6 1 23,0 6 3 1 24,0 11 7 1 25,0 3 3 1 26,0 5 3 1 27,1 5 3 1 28,1 14 7 1 29,1 7 7 1 30,0 6 4 1 31,0 10 5 1 32,1 12 10 1 33,1 10 5 1 34,0 12 7 1 35,1 19 10 1 36,1 2 2 1 37,0 9 6 1 38,0 3 3 1 39,1 4 2 1 40,1 5 4 1 41,0 7 6 1 42,1 0 0 0
j401005_6.sm,22,22,1 0 0 1 2,1 6 6 1 3,1 16 9 1 4,1 1 1 1 5,0 13 8 1 6,0 8 4 1 7,1 9 9 1 8,0 3 3 1 9,0 6 5 1 10,1 5 5 1 11,1 6 6 1 12,1 3 3 1 13,0 10 8 1 14,0 7 4 1 15,0 4 3 1 16,1 13 8 1 17,1 9 7 1 18,1 12 8 1 19,0 10 9 1 20,0 1 1 1 21,0 16 8 1 22,1 10 6 1 23,1 6 3 1 24,0 12 7 1 25,0 5 3 1 26,1 5 3 1 27,1 3 3 1 28,0 7 7 1 29,0 13 7 1 30,1 5 4 1 31,1 6 5 1 32,1 14 10 1 33,0 9 5 1 34,1 10 7 1 35,1 16 10 1 36,0 3 2 1 37,0 11 6 1 38,0 3 3 1 39,0 2 2 1 40,1 4 4 1 41,0 10 6 1 42,1 0 0 0
j401005_7.sm,22,22,1 0 0 1 2,1 9 6 1 3,1 11 9 1 4,1 2 1 1 5,0 11 8 1 6,1 6 4 1 7,1 15 9 1 8,0 5 3 1 9,0 10 5 1 10,1 5 5 1 11,0 7 6 1 12,1 4 3 1 13,1 12 8 1 14,0 8 4 1 15,0 4 3 1 16,0 8 8 1 17,1 9 7 1 18,0 16 8 1 19,0 11 9 1 20,0 1 1 1 21,0 8 8 1 22,1 12 6 1 23,0 5 3 1 24,0 10 7 1 25,1 3 3 1 26,1 6 3 1 27,1 4 3 1 28,0 8 7 1 29,1 14 7 1 30,0 4 4 1 31,1 8 5 1 32,0 17 10 1 33,0 10 5 1 34,0 13 7 1 35,1 17 10 1 36,1 2 2 1 37,1 12 6 1 38,0 5 3 1 39,0 2 2 1 40,1 5 4 1 41,1 11 6 1 42,1 0 0 0
j401005_8.sm,22,22,1 0 0 1 2,1 9 6 1 3,1 13 9 1 4,0 1 1 1 5,0 11 8 1 6,1 7 4 1 7,0 16 9 1 8,1 3 3 1 9,0 7 5 1 10,0 9 5 1 11,1 11 6 1 12,0 6 3 1 13,1 10 8 1 14,0 7 4 1 15,1 3 3 1 16,0 9 8 1 17,1 7 7 1 18,1 12 8 1 19,0 12 9 1 20,0 1 1 1 21,1 10 8 1 22,0 8 6 1 23,0 5 3 1 24,1 12 7 1 25,1 4 3 1 26,1 6 3 1 27,1 5 3 1 28,0 9 7 1 29,0 11 7 1 30,0 8 4 1 31,1 9 5 1 32,0 19 10 1 33,0 8 5 1 34,0 7 7 1 35,1 17 10 1 36,0 4 2 1 37,1 6 6 1 38,1 6 3 1 39,1 3 2 1 40,1 5 4 1 41,0 9 6 1 42,1 0 0 0
j401005_9.sm,22,22,1 0 0 1 2,1 7 6 1 3,1 14 9 1 4,1 2 1 1 5,1 8 8 1 6,1 4 4 1 7,1 18 9 1 8,1 3 3 1 9,1 8 5 1 10,1 8 5 1 11,0 9 6 1 12,0 6 3 1 13,0 13 8 1 14,1 8 4 1 15,0 4 3 1 16,0 15 8 1 17,0 14 7 1 18,0 8 8 1 19,1 14 9 1 20,0 1 1 1 21,1 15 8 1 22,0 11 6 1 23,1 6 3 1 24,0 14 7 1 25,0 5 3 1 26,1 4 3 1 27,1 5 3 1 28,0 8 7 1 29,0 9 7 1 30,1 4 4 1 31,1 10 5 1 32,0 10 10 1 33,0 9 5 1 34,1 8 7 1 35,0 14 10 1 36,0 4 2 1 37,1 9 6 1 38,0 6 3 1 39,1 3 2 1 40,0 6 4 1 41,0 12 6 1 42,1 0 0 0
j401005_10.sm,22,22,1 0 0 1 2,1 6 6 1 3,0 10 9 1 4,0 2 1 1 5,0 13 8 1 6,1 6 4 1 7,1 9 9 1 8,0 5 3 1 9,0 7 5 1 10,0 10 5 1 11,0 8 6 1 12,1 3 3 1 13,0 8 8 1 14,0 8 4 1 15,0 5 3 1 16,1 10 8 1 17,1 13 7 1 18,1 11 8 1 19,1 17 9 1 20,0 1 1 1 21,0 16 8 1 22,1 11 6 1 23,1 6 3 1 24,0 11 7 1 25,1 6 3 1 26,1 6 3 1 27,0 5 3 1 28,1 7 7 1 29,1 9 7 1 30,0 6 4 1 31,0 8 5 1 32,0 12 10 1 33,1 7 5 1 34,1 8 7 1 35,1 18 10 1 36,1 2 2 1 37,0 6 6 1 38,1 4 3 1 39,0 4 2 1 40,0 7 4 1 41,1 6 6 1 42,1 0 0 0
