Instance,Optimal value,Optimal solution
j200101_1,1000.5455306856338,I1:[1]; I17:[17]; I15:[15]; A1:[2 3 4 5 6 7 8 9 10 11 12 13 14 16 18 19 20 21]; I22:[22];
j200101_2,1095.0961933284877,I1:[1]; I6:[6]; A1:[2 3 4 5 7]; A2:[8 9 10 11 12 13 14 15 16 17 18 20 21]; I19:[19]; I22:[22];
j200101_3,932.6510080968422,I1:[1]; I17:[17]; I20:[20]; A1:[2 3 4 5 6 7 8 9 10 11 12 13 14 15 16 18 19 21]; I22:[22];
j200101_4,1167.5231799519638,I1:[1]; A1:[2 3 4 5 13 18 19 20 21]; I15:[15]; I17:[17]; A2:[6 7 8 9 10 11 12 14 16]; I22:[22];
j200101_5,1142.0396301187552,I1:[1]; I11:[11]; A1:[2 3 13 14 15 16 17 18 19 20 21]; I8:[8]; A2:[4 5 6 7 9 10 12]; I22:[22];
j200101_6,1177.5453956113647,I1:[1]; A1:[2 3 5 6 13 14 15 16 18 20 21]; I4:[4]; I7:[7]; A2:[8 9 10 11 12 17 19]; I22:[22];
j200101_7,1140.8855921503157,I1:[1]; I3:[3]; I5:[5]; A1:[2 4 10 12 13 14 17 19 21]; A2:[6 7 8 9 11 15 16 18 20]; I22:[22];
j200101_8,1062.3585171453833,I1:[1]; I8:[8]; A1:[2 3 4 5 6 7 9 10 18 21]; I17:[17]; A2:[11 12 13 14 15 16 19 20]; I22:[22];
j200101_9,1123.6027337279243,I1:[1]; I4:[4]; I14:[14]; A1:[2 3 5 6 7 15 16 17 18 19 20]; A2:[8 9 10 11 12 13 21]; I22:[22];
j200101_10,976.8530566685259,I1:[1]; A1:[2 3 4 5 6 7 8 14 17 18 19 20 21]; I9:[9]; I12:[12]; A2:[10 11 13 15 16]; I22:[22];
j200201_1,1057.4391253617712,I1:[1]; A1:[2 3 4 5 6 7 8 9 11 20 21]; I10:[10]; I16:[16]; A2:[12 13 15 17]; A3:[14 18 19]; I22:[22];
j200201_2,965.6382007755865,I1:[1]; I19:[19]; I2:[2]; A2:[6 7 8 9 13 14 17 18 20 21]; A1:[3 4 5 10 11 12 15 16]; I22:[22];
j200201_3,1340.984237445305,I1:[1]; A1:[2 3 5 9 11 15]; I8:[8]; A2:[4 6 7 10 12]; I17:[17]; A3:[13 14 16 18 19 20 21]; I22:[22];
j200201_4,1115.0032713779947,I1:[1]; A1:[2 3 4 5 6 7 11 16 19 21]; I18:[18]; I10:[10]; A2:[8 9 13 14 15 17 20]; A3:[12]; I22:[22];
j200201_5,1160.0768707414986,I1:[1]; A1:[2 3 4 5 6 7 8 9 10 11 13 15 21]; I16:[16]; A2:[12 14 17 19 20]; I18:[18]; I22:[22];
j200201_6,1105.1426073798073,I1:[1]; I7:[7]; I4:[4]; A1:[2 3 5 8 9 10 11 12 18 19 20 21]; A2:[6 13 14 15 16 17]; I22:[22];
j200201_7,1025.8360238960706,I1:[1]; A1:[2 3 9 11 12 13 14 15 16 17 19 20 21]; I18:[18]; I8:[8]; A2:[4 5 6 7 10]; I22:[22];
j200201_8,1005.591816111779,I1:[1]; A2:[3]; I4:[4]; I5:[5]; A1:[2 8 9 10 13 14 20]; A3:[6 7 11 12 15 16 17 18 19 21]; I22:[22];
j200201_9,972.9992068284926,I1:[1]; I3:[3]; A1:[2 4 5 7 8 9 21]; I14:[14]; A2:[6 10 11 12 13 15 16 17 18 19 20]; I22:[22];
j200201_10,1193.9899743664578,I1:[1]; A1:[2 3 4 5 6 7 8 9 10 11 12 13 14 15 16 18 19 20]; I17:[17]; I21:[21]; I22:[22];
j200301_1,926.2562341104178,I1:[1]; I12:[12]; A1:[2 3 4 8 9 10 11 13 14 15 16 17 18 19 20 21]; I5:[5]; A2:[6 7]; I22:[22];
j200301_2,1066.6276078778294,I1:[1]; A1:[2 3 4 5 6 7 8 10 11 13 14 17]; I9:[9]; I20:[20]; A2:[12 15 16 18 19 21]; I22:[22];
j200301_3,1343.002103895399,I1:[1]; A1:[2 3 4 6 7 13]; I5:[5]; A2:[8 10 12 21]; I9:[9]; A3:[11 14 15 16 17 18 19 20]; I22:[22];
j200301_4,1092.1116739834347,I1:[1]; I7:[7]; A1:[2 3 4 5 6 9 10 14 20]; I13:[13]; A2:[8 11 17 18 19 21]; A3:[12 15 16]; I22:[22];
j200301_5,1189.3883554572296,I1:[1]; I12:[12]; A1:[2 3 4 5 6 7 8 9 10 13 16 17 19 21]; I11:[11]; A2:[14 15 18 20]; I22:[22];
j200301_6,1080.896117928361,I1:[1]; A1:[2 3 4 5 8 9 16 17 18 19 20 21]; I11:[11]; I15:[15]; A2:[6 7 10 12 13 14]; I22:[22];
j200301_7,1150.9580891907458,I1:[1]; A1:[2 3 4 5 6 7 8 9 10 11 12 13 14 15 16 18 19 21]; I20:[20]; I17:[17]; I22:[22];
j200301_8,1165.2637716751835,I1:[1]; A1:[2 3 4 5 6 7 8 9 11 12 13 15 16 17 19 20]; I21:[21]; I10:[10]; A2:[14 18]; I22:[22];
j200301_9,1075.2825671360379,I1:[1]; A1:[2 3 4 5]; A2:[6 7 8]; I9:[9]; A3:[10 11 12]; I13:[13]; A4:[14 15 16 17 18 19 20 21]; I22:[22];
j200301_10,1130.0235288710064,I1:[1]; I16:[16]; A1:[2 3 4 5 6 8 10 14 17 18 19 20 21]; I15:[15]; A2:[7 9 11 12 13]; I22:[22];
j200401_1,1075.6460926211307,I1:[1]; I4:[4]; A1:[2 3 5 9]; A2:[6 7 8 10 11 12 13 14 15 16 18 19 20 21]; I17:[17]; I22:[22];
j200401_2,1039.1560602073714,I1:[1]; A1:[2 3 4 5 6 8 13 15 21]; I7:[7]; I10:[10]; A2:[9 11 12 14 16 17 18 19 20]; I22:[22];
j200401_3,1044.9251175904246,I1:[1]; A1:[2 3 4 5 6 7 8 9 10 11 13]; I14:[14]; A2:[12 15 16 17 20]; I21:[21]; A3:[18 19]; I22:[22];
j200401_4,930.698832324887,I1:[1]; I19:[19]; A1:[2 3 4 9 12 13 14 15 16 17 18 20 21]; I5:[5]; A2:[6 7 8 10 11]; I22:[22];
j200401_5,1200.5717506894994,I1:[1]; I2:[2]; A1:[3 4]; A2:[5]; A3:[6 7 8 9 10 11 12 14 16]; I18:[18]; A4:[13 15 17 20 21]; A5:[19]; I22:[22];
j200401_6,1127.1178044523676,I1:[1]; A1:[2 3 4 5 7 13 16 17]; I6:[6]; I19:[19]; A2:[8 9 10 11 12 14 15 18 20 21]; I22:[22];
j200401_7,1028.4679163047974,I1:[1]; A1:[2 3 4 5 6 7 8]; I11:[11]; A2:[9 10 12 13 14 15 16 18]; I20:[20]; A3:[17 19 21]; I22:[22];
j200401_8,946.1474218760698,I1:[1]; I11:[11]; A1:[2 3 4 5 6 7 8 10 15 16 17 18 19 20 21]; I9:[9]; A2:[12 13 14]; I22:[22];
j200401_9,1226.8506270794871,I1:[1]; I5:[5]; A1:[2 3 7 8]; I14:[14]; A2:[4 6 9 10 12 17 18 19 20 21]; A3:[11 13 15 16]; I22:[22];
j200401_10,1054.9720717985433,I1:[1]; A1:[2 3 4 5 6 7 8 9 10 11 12 14]; A2:[13 16]; I15:[15]; A3:[17 18 19 21]; I20:[20]; I22:[22];
j200501_1,1321.8732202946214,I1:[1]; A1:[2 3 4 5 6 7 8 9 10 12 18 19 20 21]; I11:[11]; I15:[15]; A2:[13 14 16 17]; I22:[22];
j200501_2,1253.9696127267216,I1:[1]; A1:[2 3 4 5 6 7 8 11]; I9:[9]; A2:[10 12]; A3:[13 14 15 16 18]; I17:[17]; A4:[19 20 21]; I22:[22];
j200501_3,832.1289889873992,I1:[1]; A1:[2 3 6 7 9 11 21]; I12:[12]; A2:[4 5 8 10 13 14 15 16 17 19 20]; I18:[18]; I22:[22];
j200501_4,1244.055526714685,I1:[1]; A1:[2 3 4 5 6 7 8 9 10 11 12 14 17]; I13:[13]; I20:[20]; A2:[15 16 18 19 21]; I22:[22];
j200501_5,1330.1153107486873,I1:[1]; A1:[2 3 4 5 6 7 8 9 10 11 12 14 16 17 19 20 21]; I13:[13]; I15:[15]; A2:[18]; I22:[22];
j200501_6,1246.4877787821886,I1:[1]; A1:[2 3 4 5 6 7 8 9 11]; I15:[15]; A2:[10 12 13 14 16 17 18]; A3:[20 21]; I19:[19]; I22:[22];
j200501_7,1181.0661457583096,I1:[1]; A1:[2 3 4]; I5:[5]; I6:[6]; A2:[7 8 9 10 11 12 13 14 15 16 17 18 19 20 21]; I22:[22];
j200501_8,1340.41418848973,I1:[1]; A1:[2 3 4 5 6 7 8 9 10 11 13 15]; I12:[12]; I18:[18]; A2:[14 16 17 19 20 21]; I22:[22];
j200501_9,1054.4066814357989,I1:[1]; A1:[2 3 4 5 14 15 16 17 18 19 20 21]; I6:[6]; A2:[7 8 9 12 13]; I10:[10]; A3:[11]; I22:[22];
j200501_10,1025.259990549948,I1:[1]; A1:[2 3 6]; I4:[4]; A2:[5 7 8 9 10 11 12 13 14 15]; I16:[16]; A3:[17 18 19 20 21]; I22:[22];
j200601_1,1007.4885467824942,I1:[1]; A1:[2 3 4 5 6 7 8 9 10 11 12 13]; I14:[14]; I15:[15]; A2:[16 17 18 19 20 21]; I22:[22];
j200601_2,918.0257132470311,I1:[1]; A1:[2 3 4 5 16 19 20 21]; I6:[6]; I15:[15]; A2:[7 8 9 10 11 12 13 14 17 18]; I22:[22];
j200601_3,1195.7812099937694,I1:[1]; I2:[2]; A1:[3 4 5]; I6:[6]; A2:[7 8 9 10 11 12 13 14 15 16 17 18 19 20 21]; I22:[22];
j200601_4,1291.920370681084,I1:[1]; A1:[2 4 5 13]; I3:[3]; A2:[6 7 8 9 11 12 21]; I10:[10]; A3:[14 15 16 17 18 19 20]; I22:[22];
j200601_5,1026.6837241149738,I1:[1]; A1:[2 3 4 5 6 7 8 9 10 11 12 13 14 15 16 19 20 21]; I18:[18]; I17:[17]; I22:[22];
j200601_6,1198.0637492221817,I1:[1]; A1:[2 3 4 5 6 7 8 9 10 11 12 13 14 15 16 18 20]; I17:[17]; A2:[19]; I21:[21]; I22:[22];
j200601_7,1238.1044420877142,I1:[1]; I14:[14]; A1:[2 3 4 5 6 10 18 19 20 21]; A2:[7 8 9 11 12 13 16 17]; I15:[15]; I22:[22];
j200601_8,957.9409179133565,I1:[1]; I2:[2]; A1:[3 5 6 7]; I4:[4]; A2:[8 9 10 11 12 13 14 15 16 17 18 19 20 21]; I22:[22];
j200601_9,1248.7988548076285,I1:[1]; A1:[2 3 4 6 7 21]; I5:[5]; A2:[8 9 10 11 12 13 14 15 16 17 18 20]; I19:[19]; I22:[22];
j200601_10,1202.498329249729,I1:[1]; A1:[2 3]; A3:[6 17]; I4:[4]; A2:[5 7 8 9 10 11 12 13 14 15 16 18 19 20]; I21:[21]; I22:[22];
j200701_1,1293.78562513819,I1:[1]; A1:[2 3 4 5 6 7 8 9 10 11 12 13 14 15 17]; I20:[20]; I16:[16]; A2:[18 19 21]; I22:[22];
j200701_2,1119.255563240111,I1:[1]; A1:[2 3 4 5 6 7 8 9 12]; I10:[10]; I19:[19]; A2:[11 13 14 15 16 17 18 20 21]; I22:[22];
j200701_3,1021.9419880866777,I1:[1]; A1:[2 3 4 5 6 7 8 9]; I10:[10]; A2:[11 12 14]; I13:[13]; A3:[15 16 17 18 19 20 21]; I22:[22];
j200701_4,1333.928973813584,I1:[1]; I20:[20]; A1:[2 3 4 5 6 7 8 9 19 21]; I18:[18]; A2:[10 11 12 13 14 15 16 17]; I22:[22];
j200701_5,1230.734499539139,I1:[1]; A1:[2 3 4 5 6 7 8 9 10 13 14]; I11:[11]; A2:[12 15 16 17 18 19 20]; I21:[21]; I22:[22];
j200701_6,1132.5374860578281,I1:[1]; A1:[2 3 4 5 6 7 8 9 10 11 12 13 16]; I14:[14]; A2:[15]; I17:[17]; A3:[18 19 20 21]; I22:[22];
j200701_7,1040.4989312600926,I1:[1]; A1:[2 3 4 5 6 7 8 9 13]; I11:[11]; A2:[10 12 14 15 17]; I16:[16]; A3:[18 19 20 21]; I22:[22];
j200701_8,1027.8467899585173,I1:[1]; I2:[2]; A1:[3 4 5 6 7 10]; I8:[8]; A2:[9 11 12 13 14 15 16 17 18 19 20 21]; I22:[22];
j200701_9,1128.917768974044,I1:[1]; I20:[20]; A1:[2 3 4 5 6 7 8 9 10 11 12 13 14 15 16 17 19 21]; I18:[18]; I22:[22];
j200701_10,1241.2181246901935,I1:[1]; A1:[2]; I3:[3]; A2:[4 13]; I5:[5]; A3:[6 7 8 9 10 11 12 14 15 16 17 18 19 20 21]; I22:[22];
j200801_1,1267.7570277309092,I1:[1]; A1:[2 3 4 5 7 9]; I6:[6]; A2:[8 10 11 12 13 14 18]; I15:[15]; A3:[16 17 19 20 21]; I22:[22];
j200801_2,1318.796886982312,I1:[1]; A1:[2 3 4 5 6 7 12 13]; I8:[8]; A2:[9 10 11 14 15 16 17 19 21]; I18:[18]; A3:[20]; I22:[22];
j200801_3,959.0966959266377,I1:[1]; A1:[2 3 4 5 6 7 9 20 21]; I8:[8]; A2:[10 11 12 13 14 15 16 17 18]; I19:[19]; I22:[22];
j200801_4,1150.6924984969219,I1:[1]; A1:[2 3 4 5 6 7 8 9 10 18 19 20 21]; I11:[11]; A2:[12 13 14 15 16]; I17:[17]; I22:[22];
j200801_5,1355.0777571031235,I1:[1]; A1:[2 3 4 5 6 7 8 10 18]; I9:[9]; A2:[11 12 13]; I14:[14]; A3:[15 16 17 19 20 21]; I22:[22];
j200801_6,1212.0962702413917,I1:[1]; I2:[2]; I20:[20]; A1:[3 4 5 6 7 8 9 10 11 12 13 14 15 16 17 18 19 21]; I22:[22];
j200801_7,1218.1893759518014,I1:[1]; I5:[5]; A1:[2 3 4 6 7 8 9 10 11 15]; I12:[12]; A2:[13 14 16 17 18 19 20 21]; I22:[22];
j200801_8,1030.6062444156812,I1:[1]; A1:[2 3 4 5 6 7 8 9 10 11 14 21]; I12:[12]; A2:[13 15 16 20]; I17:[17]; A3:[18 19]; I22:[22];
j200801_9,1154.6159941977253,I1:[1]; A1:[2 3 4 5 6 7 8 9 20 21]; I10:[10]; A2:[11]; I12:[12]; A3:[13 14 15 16 17 18 19]; I22:[22];
j200801_10,1211.3958579306945,I1:[1]; I21:[21]; A1:[2 3 4 5 6 7 8 9 12 20]; I10:[10]; A2:[11 13 14 15 16 17 18 19]; I22:[22];
j200901_1,989.4510683204568,I1:[1]; I2:[2]; A1:[3 4 5 6 7 8 9 10 11 12 13 14 15 16 21]; I17:[17]; A2:[18 19 20]; I22:[22];
j200901_2,1515.7405883972228,I1:[1]; A1:[2 3 4 5 13]; I6:[6]; A2:[7]; I8:[8]; A3:[9 10 11 12 14 15 16 17 18 19 20 21]; I22:[22];
j200901_3,1150.3968197361312,I1:[1]; A1:[2 3 4 5 6 7 8 9 10 11 12 21]; I13:[13]; A2:[14 15 16 20]; I17:[17]; A3:[18 19]; I22:[22];
j200901_4,1237.868242481416,I1:[1]; A1:[2 3 4 5 6 7 8]; I9:[9]; I10:[10]; A2:[11 12 13 14 15 16 17 18 19 20 21]; I22:[22];
j200901_5,1177.2881343701697,I1:[1]; I2:[2]; A1:[3 4 5]; I6:[6]; A2:[7 8 9 10 11 12 13 14 15 16 17 18 19 20 21]; I22:[22];
j200901_6,961.6940411763796,I1:[1]; I2:[2]; A1:[3 4 5 6 7 8 9 10 11 12 13 14 15 16 17 18 19 20]; I21:[21]; I22:[22];
j200901_7,1635.7953509674435,I1:[1]; A1:[2 3 4 5 6 7 8 9]; I10:[10]; A2:[11 12 13 14 15 17]; I16:[16]; A3:[18 19 20 21]; I22:[22];
j200901_8,1193.4713985885671,I1:[1]; A1:[2 3 4 5]; I6:[6]; A2:[7 8 9 10]; I11:[11]; A3:[12 13 14 15 16 17 18 19 20 21]; I22:[22];
j200901_9,867.687255356067,I1:[1]; A1:[2 3 4 5 6 7 8 9 12]; I10:[10]; A2:[11 13 14 15 16 17 18 21]; I19:[19]; A3:[20]; I22:[22];
j200901_10,1325.620849370974,I1:[1]; A1:[2 3 4 5 6 7 9]; I8:[8]; A2:[10 12]; I11:[11]; A3:[13 14 15 16 17 18 19 20 21]; I22:[22];
j201001_1,1157.3868361153034,I1:[1]; I2:[2]; A1:[3 4 5 6 7 8 9 10 11 12]; I13:[13]; A2:[14 15 16 17 18 19 20 21]; I22:[22];
j201001_2,1221.740301661616,I1:[1]; A1:[2 3]; I4:[4]; A2:[5 6 7 8 9 10 11 12 13 14]; I15:[15]; A3:[16 17 18 19 20 21]; I22:[22];
j201001_3,1253.3537617653913,I1:[1]; A1:[2 3 4 5 6 7 8 9]; I10:[10]; A2:[11 12 13 14 15 16 17]; I18:[18]; A3:[19 20 21]; I22:[22];
j201001_4,1478.8802828603932,I1:[1]; I2:[2]; A1:[3]; I4:[4]; A2:[5 6 7 8 9 10 11 12 13 14 15 16 17 18 19 20 21]; I22:[22];
j201001_5,1459.3411983156573,I1:[1]; A1:[2 3 4 5 6]; I7:[7]; A2:[8 9 10 11 12 13 14 15 16 17 18 19 20]; I21:[21]; I22:[22];
j201001_6,1507.1383095013348,I1:[1]; A1:[2]; I3:[3]; A2:[4 5 6 7 8 9 10]; I11:[11]; A3:[12 13 14 15 16 17 18 19 20 21]; I22:[22];
j201001_7,1276.3026892549958,I1:[1]; A1:[2 3 4 5 6 7 8 9 10 11 12 13]; I14:[14]; A2:[15 16 17 18 19]; I20:[20]; A3:[21]; I22:[22];
j201001_8,1512.8207663444014,I1:[1]; A1:[2 3 4 5 6 7]; I8:[8]; A2:[9 10 11 12 13 14 15 16 17 18 19]; I20:[20]; A3:[21]; I22:[22];
j201001_9,1405.7372186263267,I1:[1]; A1:[2 3 4]; I5:[5]; A2:[6 7 8 9 10 11 12 13 14 15 16 17 18]; I19:[19]; A3:[20 21]; I22:[22];
j201001_10,1692.0077974172498,I1:[1]; A1:[2]; I3:[3]; A2:[4 5 6 7 8 9 10 11]; I12:[12]; A3:[13 14 15 16 17 18 19 20 21]; I22:[22];
j300101_1,1521.791062853286,I1:[1]; I8:[8]; A1:[2 3 4 5 6 7 9 10 11 13 14 26 27 28 31]; I18:[18]; I20:[20]; A2:[12 15 16 17 19 21 22 23 24 25 29 30]; I32:[32];
j300101_2,1302.4242936103258,I1:[1]; A1:[2 4 5 6 7 8 9 10 11 14 17 31]; A3:[18]; I3:[3]; I16:[16]; A2:[12 13 15 19 20 22 23 24 25 26 27 28 29 30]; I21:[21]; I32:[32];
j300101_3,1277.5965422403199,I1:[1]; I15:[15]; I29:[29]; I12:[12]; A1:[2 3 4 5 6 7 8 9 10 11 13 14 16 17 18 19 20 21 22 23 24 25 26 27 28 30 31]; I32:[32];
j300101_4,1587.3655144376312,I1:[1]; I31:[31]; A1:[2 3 4 5 6 7 8 10 11 12 13 14 15 16 17 26 27 30]; I21:[21]; I20:[20]; A2:[9 18 19 22 23 24 25 28 29]; I32:[32];
j300101_5,1304.2239548467142,I1:[1]; I27:[27]; A2:[3 5 8 11 12 16 21 22 23 24 25 26 28 30 31]; A1:[2 4 6 7 9 10 14 17 18 19 20 29]; I15:[15]; I13:[13]; I32:[32];
j300101_6,1430.5220472960925,I1:[1]; I10:[10]; I27:[27]; A1:[2 3 4 6 7 8 9 11 13 14 25 28 29 30 31]; A2:[5 12 15 17 18 19 20 21 22 23 24 26]; I16:[16]; I32:[32];
j300101_7,1628.184319252689,I1:[1]; I19:[19]; I3:[3]; I16:[16]; A1:[2 4 5 6 8 9 17 18 31]; A2:[7 10 11 12 13 14 15 20 21 22 23 24 25 26 27 28 29 30]; I32:[32];
j300101_8,1575.156799187359,I1:[1]; I13:[13]; A1:[2 3 4 5 6 8 11 17 29 30]; A2:[9 10 12 14 15 16 18 19 24 27 31]; I7:[7]; I22:[22]; A3:[20 21 23 25 26 28]; I32:[32];
j300101_9,1599.960585571957,I1:[1]; I24:[24]; I3:[3]; A1:[2 5 6 7 8 10 12 23 25 26 27 30]; I20:[20]; A2:[4 9 11 13 14 15 16 17 18 19 21 22 28 29 31]; I32:[32];
j300101_10,1429.8958053462716,I1:[1]; I30:[30]; A1:[2 3 4 5 6 7 8 9 10 11 12 14 18 19 21 22 23 24 26 27 28]; I13:[13]; I20:[20]; A2:[15 16 17 25 29 31]; I32:[32];
j300201_1,1554.8589477448634,I1:[1]; I10:[10]; I2:[2]; A1:[4 5 6 9 11 12 16 17 27 29 30 31]; I3:[3]; I24:[24]; A2:[7 8 14 15 22 23 25 26 28]; A3:[13 18 20 21]; I19:[19]; I32:[32];
j300201_2,1600.1824462350949,I1:[1]; I2:[2]; A1:[3 4 5 6 7 8 9 10 11 12 13 14 15 16 17 18 19 20 21 22]; I25:[25]; I27:[27]; I23:[23]; A2:[24 26 28 29 31]; I30:[30]; I32:[32];
j300201_3,1758.9910120425293,I1:[1]; A1:[2 3 4 6 10 13 14 15 21 22 31]; I7:[7]; A4:[11 12 16 20 23 24]; I5:[5]; I19:[19]; A2:[8 18 26 30]; A3:[9 17 25 27]; I28:[28]; I29:[29]; I32:[32];
j300201_4,1914.4777948279107,I1:[1]; I2:[2]; I11:[11]; A1:[3 4 6 7 8 9 12 14 15 20 21 22 27]; I5:[5]; I29:[29]; A2:[10 13 16 17 18 19 24 25 26 28 30 31]; I23:[23]; I32:[32];
j300201_5,1761.630284316693,I1:[1]; I16:[16]; I10:[10]; A1:[2 3 4 5 6 7 8 9 18]; I24:[24]; A2:[11 12 13 14 15 19 20 21 31]; I23:[23]; A3:[17 22 29]; I28:[28]; A4:[25 26 27 30]; I32:[32];
j300201_6,1735.2734145319087,I1:[1]; I10:[10]; I27:[27]; I11:[11]; I28:[28]; A1:[2 3 5 6 21 23 24 25 26 29 30 31]; I4:[4]; A2:[7 8 9 12 13 14 15 16 17 18 19 20 22]; I32:[32];
j300201_7,1549.2056307622786,I1:[1]; A1:[2 3 5 6 7 11 12]; I16:[16]; I4:[4]; I13:[13]; I15:[15]; I20:[20]; A2:[8 9 10 14 18 19 21 22 24 31]; A3:[17 23 25 26 27 28 29 30]; I32:[32];
j300201_8,1771.0992029860872,I1:[1]; A1:[2 3 4 5 6 7 8 9 10 11 12 14 15 16 18 19 21]; I23:[23]; I17:[17]; I31:[31]; I13:[13]; I27:[27]; A2:[20 22 24 25 26 28 29 30]; I32:[32];
j300201_9,1819.0015221925432,I1:[1]; A1:[2 5 6 7 8 9 11]; I3:[3]; I14:[14]; A2:[4 10 12 13 15 17 20 21 22 24]; I16:[16]; A3:[18 19 23 31]; I27:[27]; A4:[25 26 28 30]; I29:[29]; I32:[32];
j300201_10,1808.575593752856,I1:[1]; A2:[3 5 8 10]; A1:[2 6 7 9]; I4:[4]; I13:[13]; A3:[11 12 14 15 16 19 20 21 22 24]; A4:[17 18]; I29:[29]; I23:[23]; I27:[27]; A5:[25 26 28 30 31]; I32:[32];
j300301_1,1569.2476340261128,I1:[1]; I13:[13]; I9:[9]; A1:[2 3 4 5 6 7 12 14 17 18 26 28 29 31]; I30:[30]; A2:[8 10 11 15 16 19 20 21 22 23 24 25 27]; I32:[32];
j300301_2,1786.884623645493,I1:[1]; A1:[2 3 4 5 6 7 8 9 10 11 12 13 15 16 17 31]; I18:[18]; I14:[14]; I20:[20]; A2:[19 21 22 23 24 25 26 27 28 29 30]; I32:[32];
j300301_3,1220.2890244369323,I1:[1]; A1:[2 3 6 8 10 14 18 20 29 31]; I4:[4]; A2:[5 7 9 11 12 13 15 16 17 19 21 22 23 24 27 28 30]; I26:[26]; I25:[25]; I32:[32];
j300301_4,1766.5118687379224,I1:[1]; A1:[2 3 4 5 6 7 8 9 10 11 12 13 14 15 18]; I20:[20]; A2:[16 17 19 21 22 25 28 29 31]; I23:[23]; I24:[24]; A3:[26 27 30]; I32:[32];
j300301_5,1826.4433348355337,I1:[1]; I11:[11]; A1:[2 3 4 5 6 7 8 9 12 13]; I15:[15]; A2:[10 14 16 17 18 20 21 23 30 31]; I19:[19]; A3:[22 25 26 27 28 29]; A4:[24]; I32:[32];
j300301_6,1597.7087689582502,I1:[1]; A1:[3 5 11 12]; I2:[2]; A2:[4 6 7 18 20]; I8:[8]; A3:[9 10 13 14 15 16 17 22]; I19:[19]; A4:[21 23 24 25 26 27 28 29 30 31]; I32:[32];
j300301_7,1683.7378904282198,I1:[1]; I7:[7]; I29:[29]; I24:[24]; A1:[2 3 11 19 20 21 22 23 25 26 27 28 30 31]; A2:[4 5 6 8 9 10 12 13 14 15 16 17 18]; I32:[32];
j300301_8,1799.201026702285,I1:[1]; I14:[14]; I2:[2]; A1:[3 4 5 6 7 10 12 16 17 18 24 28 29 30 31]; A2:[8 9 11 13 15 20 21 22 23 25 26 27]; I19:[19]; I32:[32];
j300301_9,1754.931897265403,I1:[1]; A1:[2 3 4 5 6 7 8 9 10 12 13 17]; I18:[18]; A2:[11 14 15 16 19 21 23]; A3:[20 22 24 25 30]; I27:[27]; I28:[28]; A4:[26 29 31]; I32:[32];
j300301_10,1635.1443464497956,I1:[1]; I16:[16]; I10:[10]; A1:[2 3 4 5 7 8 9 12 13 18]; I22:[22]; A2:[6 11 14 19 23]; A3:[15 17 20 21 24 25 26 27 28 29 30 31]; I32:[32];
j300401_1,1825.0813658629277,I1:[1]; A1:[2 3 4 5 6 7 8]; I14:[14]; I9:[9]; A2:[10 11 12 13 15 16 17]; I19:[19]; A3:[18 20 21 22 23 24 25 26 28]; I27:[27]; I31:[31]; A4:[29 30]; I32:[32];
j300401_2,1624.0624003960934,I1:[1]; I4:[4]; A1:[2 3 5 8 9]; I6:[6]; A2:[7 10 11]; I12:[12]; I15:[15]; I19:[19]; A3:[13 14 16 17 18 20 21 22 23 24 25 26 27 28 29 30 31]; I32:[32];
j300401_3,1495.4265291081908,I1:[1]; I11:[11]; A1:[2 3 4 5 8 9 19 25 29 31]; I6:[6]; I13:[13]; I30:[30]; A2:[7 10 12 14 15 16 17 18 21 22 23 24 26 27 28]; I20:[20]; I32:[32];
j300401_4,1500.1962383971565,I1:[1]; I24:[24]; I30:[30]; A1:[2 13 20 22 23 25 26 27 28 29 31]; I3:[3]; I19:[19]; A2:[4 5 6 7 8 9 10 11 15 16 17 18 21]; I12:[12]; A3:[14]; I32:[32];
j300401_5,1554.3937655172313,I1:[1]; I5:[5]; I7:[7]; A1:[2 3 4 8 11]; I10:[10]; I6:[6]; A2:[9 12 13 14 15 16 17 18 19 20 21 22 23 24 26 27 28 29 30 31]; I25:[25]; I32:[32];
j300401_6,1835.9219183080168,I1:[1]; A1:[2]; I7:[7]; I3:[3]; I11:[11]; A2:[4 6 13 20 30 31]; I5:[5]; A3:[8 9 10 12 14 15 16 23 24 25 26 27 29]; I28:[28]; A4:[17 18 19 21 22]; I32:[32];
j300401_7,1538.246658886621,I1:[1]; I2:[2]; I5:[5]; A1:[3 4 6 7 8 9 10 18 19 21]; I12:[12]; I11:[11]; A2:[13 14 15 16 17 20 22 23 24 25 26 27 28 30 31]; I29:[29]; I32:[32];
j300401_8,1882.3985673111317,I1:[1]; A1:[2]; I4:[4]; I3:[3]; A2:[5 6 7 8 10 11 12]; I9:[9]; A3:[13 14 15 18 19 21 23 26 27 31]; I16:[16]; I20:[20]; A4:[17 22 24 25 28 29 30]; I32:[32];
j300401_9,1851.4160562648833,I1:[1]; A1:[2 3 4 5 6 7 8 9 12 19 21]; I11:[11]; I10:[10]; I13:[13]; I30:[30]; A2:[14 15 16 17 18 20 22 23 24 26 29 31]; I27:[27]; A3:[25 28]; I32:[32];
j300401_10,1730.533823295646,I1:[1]; A1:[2 3 4 6]; I7:[7]; A2:[5 8 9 10 12 15]; I13:[13]; I11:[11]; I16:[16]; A3:[14 17 18 19 20 21 22 23 24 25 26 27 28 30 31]; I29:[29]; I32:[32];
j300501_1,1767.9471965888051,I1:[1]; A1:[2 3 4 5 6 7 8 9 14 16 19 30 31]; I11:[11]; I29:[29]; A2:[10 12 13 15 17 18 20 21 22 23 25 26 27 28]; I24:[24]; I32:[32];
j300501_2,1880.9488294179578,I1:[1]; A1:[2 3 4 5 6 8]; I7:[7]; A2:[9 10 11 12 13 14 15 16 17 18 19 20 21]; I23:[23]; A3:[22 24 25 26]; I27:[27]; A4:[28 29 30 31]; I32:[32];
j300501_3,1422.4544823367642,I1:[1]; A1:[2 3 4 5 6 7 8 10 13]; I12:[12]; A2:[9 11 14 15 16 17 18 19 20]; I21:[21]; I22:[22]; A3:[23 24 25 26 27 28 29 30 31]; I32:[32];
j300501_4,1640.8531720576902,I1:[1]; A1:[2 3 4 5 18 19 28 29 30 31]; I17:[17]; I6:[6]; A2:[7 8 9 10 11 12 13 16 22 23 24 25 26 27]; I14:[14]; A3:[15 20 21]; I32:[32];
j300501_5,1775.7442584015537,I1:[1]; I2:[2]; I16:[16]; A1:[3 4 5 6 7 8 23 24 25 26 27 28 30 31]; A2:[9 10 11 12 13 14 15 17 18 19 21 22 29]; I20:[20]; I32:[32];
j300501_6,1657.3833247979496,I1:[1]; A1:[2 3 4 5 6 7 8 9 24 25 26 27 28 29 30 31]; I22:[22]; I10:[10]; I23:[23]; A2:[11 12 13 14 15 16 17 18 19 20 21]; I32:[32];
j300501_7,1628.8373378627055,I1:[1]; A1:[2 3 4 5 8 30 31]; I6:[6]; A2:[7 9 10 11 12 13 14 15 19 22 29]; I16:[16]; I23:[23]; A3:[17 18 20 21 24 25 26 27 28]; I32:[32];
j300501_8,1379.6157847110373,I1:[1]; A1:[2 3 4 5 6 7 8 9 10 11 12 13 26]; I17:[17]; I14:[14]; A2:[15 16 18 19 20 21 22 23 24 25 27 28 30 31]; I29:[29]; I32:[32];
j300501_9,1520.636648184918,I1:[1]; A1:[2 3 5 7]; I4:[4]; I6:[6]; I8:[8]; A2:[9 10 11 12 13 14 15 16 17 18 19 20 21 22 23 24 25 26 27 28 29 30 31]; I32:[32];
j300501_10,1568.1654862975865,I1:[1]; A1:[2 3 4 16 27 28 29 30 31]; I5:[5]; I6:[6]; A2:[7 8 9 10 11 12 20 21 22 23 24 25 26]; I13:[13]; A3:[14 15 17 18 19]; I32:[32];
j300601_1,1926.7433178598299,I1:[1]; A1:[2 3 4 5 6 7 8 9 10 12 13 18 26]; I14:[14]; I22:[22]; I11:[11]; I31:[31]; A2:[15 16 17 19 20 21 23 30]; I24:[24]; A3:[25 27 28 29]; I32:[32];
j300601_2,2070.257493600533,I1:[1]; I26:[26]; A1:[2 3 4 5 6 7 8 9 21 24 25 27 28 29 30 31]; I23:[23]; I10:[10]; I22:[22]; A2:[11 12 13 14 15 16 17 20]; I18:[18]; A3:[19]; I32:[32];
j300601_3,2052.8558222724287,I1:[1]; I7:[7]; I2:[2]; A1:[3 4 5 6 8 9 10 11 12 13 14 15 21 23 30 31]; I16:[16]; A2:[17 18 19 20 22 26 27 28 29]; I24:[24]; I25:[25]; I32:[32];
j300601_4,1883.1422923623954,I1:[1]; A1:[2 3 27 31]; I28:[28]; I4:[4]; A2:[5 6 25 26 29 30]; I7:[7]; A3:[8 9 10 11 22 23 24]; I12:[12]; I20:[20]; A4:[13 14 15 16 17 18 19 21]; I32:[32];
j300601_5,2091.894434768157,I1:[1]; I2:[2]; A1:[3 4 5 21 30 31]; I29:[29]; I6:[6]; A2:[7 8 9 10 11 12 13 14 24 25 26 28]; I15:[15]; A3:[16 17 18 27]; I19:[19]; A4:[20 22 23]; I32:[32];
j300601_6,2039.8974526110685,I1:[1]; A1:[2 3 5]; I4:[4]; A2:[6 7 8 11]; I9:[9]; I10:[10]; A3:[12 13 14 15 16 19 21]; I17:[17]; A4:[18 20 22 23 24 25 26 27 28 29 30]; I31:[31]; I32:[32];
j300601_7,2095.5000534585324,I1:[1]; A1:[2 3 30 31]; I4:[4]; I5:[5]; A2:[6 29]; I7:[7]; A3:[8 9 10 11 12 15 16 19 23 27 28]; I26:[26]; I13:[13]; A4:[14 17 18 20 21 22 24 25]; I32:[32];
j300601_8,1882.8003810727043,I1:[1]; I2:[2]; A1:[3 4 5 6 24 30 31]; I7:[7]; A2:[8 9 10 11 12 13 14 17 22 28 29]; I16:[16]; A3:[15 18 19 20 27]; I21:[21]; I23:[23]; A4:[25 26]; I32:[32];
j300601_9,1886.3779840224142,I1:[1]; I31:[31]; A1:[2 3 4 5 6 7 8 11 14 23 28 29 30]; I16:[16]; A2:[9 10 12 13 15 17 26 27]; I18:[18]; I19:[19]; A3:[20]; I21:[21]; A4:[22 24 25]; I32:[32];
j300601_10,1973.2700049921582,I1:[1]; A1:[2 3 4 5 6 11 13 15 16]; I7:[7]; A2:[8 9 10 12 14 17 18 19 20 29 30 31]; I24:[24]; I21:[21]; I22:[22]; A3:[23 26 27 28]; I25:[25]; I32:[32];
j300701_1,1718.986340421375,I1:[1]; A1:[2 3 4 5 6 7 8 9 10 11 12 13 14 15 16 17 18 19 23 24 31]; I20:[20]; I21:[21]; I22:[22]; A2:[25 26 27 28 29 30]; I32:[32];
j300701_2,1837.180771844504,I1:[1]; A1:[2 3]; I4:[4]; A2:[5 6]; I7:[7]; I8:[8]; A3:[9 10 11 12 13 14 15 18 20 22 26]; A4:[16 17 19 21 23 24 25 27 28 29 30 31]; I32:[32];
j300701_3,1781.9507556689737,I1:[1]; A1:[2 3 4 5 6 7 8 9 14]; I10:[10]; A2:[11 12 13 18 30 31]; I15:[15]; A3:[16 17 19 20 21 22 23 24 25 27 28 29]; I26:[26]; I32:[32];
j300701_4,1413.164089092906,I1:[1]; I11:[11]; A1:[2 3 4 5 6 7 8 16 30 31]; I9:[9]; A2:[10 12 13 14 15 17 18 19 20 21 22 23 24 25 26 27 28]; I29:[29]; I32:[32];
j300701_5,1823.191168536656,I1:[1]; A1:[2 3 4 5 6 7 8 17 19 29 30 31]; I9:[9]; A2:[10 11 12 13 14 15 16 18 20 21 22 25 26 27 28]; I23:[23]; I24:[24]; I32:[32];
j300701_6,1370.3505979804308,I1:[1]; A1:[2 3 4 5 6 7 8 9 26 27 28 29 30 31]; I10:[10]; A2:[11 12 13 14 24 25]; I15:[15]; I16:[16]; A3:[17 18 19 20 21 22 23]; I32:[32];
j300701_7,1636.5668323098603,I1:[1]; I2:[2]; A1:[3 4 5 6 7 8 9 10 11 12 23 24 25 26 27 28 29 30 31]; I13:[13]; I14:[14]; A2:[15 16 17 18 19 20 21 22]; I32:[32];
j300701_8,1705.0847041254196,I1:[1]; A1:[2 3 4 5 6 7 8 9 10 11 12]; I13:[13]; I14:[14]; A2:[15 16 17 18 19 20 21 22 23 24 25 26 27 28 29 30]; I31:[31]; I32:[32];
j300701_9,1738.7820880833497,I1:[1]; A1:[2 3 4 5 6 7 13]; I10:[10]; A2:[8 9 11 12 14 15 16 17 18 19 20 28]; I21:[21]; I31:[31]; A3:[22 23 24 25 26 27 29 30]; I32:[32];
j300701_10,1513.4934687970472,I1:[1]; A1:[2 3 4 5 6 7 8 9 10 11 12 13 14 15 16 17 18 19 28 29 30 31]; I27:[27]; I21:[21]; I20:[20]; A2:[22 23 24 25 26]; I32:[32];
j300801_1,2020.3521350592046,I1:[1]; I9:[9]; A1:[2 3 29]; I4:[4]; A2:[5 6 7 8 10 11 12 13 14 23 25]; I15:[15]; A3:[16 17]; I18:[18]; A4:[19 20 21 22 24 26 27 28 31]; I30:[30]; I32:[32];
j300801_2,1907.4086150031246,I1:[1]; I2:[2]; I30:[30]; A1:[3 4 5 6 7 8 9 28 29 31]; I10:[10]; I27:[27]; A2:[11 12 13 14 15 16 17 18 19 20 21 22 23 24 26]; I25:[25]; I32:[32];
j300801_3,1726.6847100755954,I1:[1]; A1:[2 3 4 5 6 7 9 18 31]; I8:[8]; A2:[10 11 30]; I12:[12]; A3:[13 14]; I15:[15]; A4:[16 17 19 20 21 28 29]; I22:[22]; I23:[23]; A5:[24 25 26 27]; I32:[32];
j300801_4,1840.0763919582748,I1:[1]; A1:[2 29 30 31]; I3:[3]; I4:[4]; A2:[5 6 7 8 9 10 11 26 27 28]; A3:[12 13 14 15 16 17 18 19 20 21 22]; I23:[23]; I24:[24]; I25:[25]; I32:[32];
j300801_5,1788.6510576416463,I1:[1]; A1:[2 3 4 31]; I5:[5]; A2:[6 7]; I8:[8]; A3:[9]; I10:[10]; A4:[11 12 13 14 15 16 28 29 30]; I17:[17]; I26:[26]; A5:[18 19 20 21 22 23 24 25 27]; I32:[32];
j300801_6,2002.5314354215043,I1:[1]; A1:[2 3 4 5 6 7 8 9 10 11 12 14]; I13:[13]; I15:[15]; A2:[16 17 18]; I19:[19]; A3:[20 21 22 23 28]; I30:[30]; I24:[24]; A4:[25 26 27 29 31]; I32:[32];
j300801_7,1959.7568350674317,I1:[1]; I12:[12]; A1:[2 3 4 5 6 7 8 9 16 30 31]; I29:[29]; I10:[10]; A2:[11 13 14 15 17 18 19 20 21]; I22:[22]; I28:[28]; A3:[23 24 25 26 27]; I32:[32];
j300801_8,2391.6924455861067,I1:[1]; A1:[2 3 4 19 31]; I5:[5]; A2:[6 7 8 9 10 11 12 13 14 30]; I15:[15]; I16:[16]; A3:[17]; I18:[18]; A4:[20 24 28 29]; I21:[21]; A5:[22 23 25 26 27]; I32:[32];
j300801_9,1775.1258439030366,I1:[1]; I2:[2]; A1:[3 29 31]; I4:[4]; A2:[5 6 7 8 9 10 11 12 26 28 30]; I27:[27]; I13:[13]; A3:[14 15 16 17 18 19 20 21 22 23]; I24:[24]; A4:[25]; I32:[32];
j300801_10,1953.7279881507197,I1:[1]; A1:[2 3 28 29 31]; I4:[4]; A2:[5 6 7 8 9 10 27 30]; I11:[11]; A3:[12 13 14 15 16 17 26]; I18:[18]; A4:[19 20 21]; I22:[22]; A5:[23]; I24:[24]; A6:[25]; I32:[32];
j300901_1,1742.9092318180421,I1:[1]; I5:[5]; A1:[2 3]; I4:[4]; A2:[6 7 8 9 10 11]; I12:[12]; A3:[13 14 15 16 17 18 19 20 21 22 23 24 25 26 27 28 29 30 31]; I32:[32];
j300901_2,1819.8088178886944,I1:[1]; A1:[2 3 8]; I4:[4]; I5:[5]; A2:[6 7 9 10 11 12 13 23]; I14:[14]; A3:[15 16 17 18 19 20 21 22 24 25 26 27 28 29 30 31]; I32:[32];
j300901_3
j300901_4
j300901_5
j300901_6
j300901_7,1904.5338293378336,I1:[1]; I2:[2]; A1:[3 4 5 6]; I7:[7]; A2:[8 9 10 11 12 13 14 15]; A3:[16 17 18 19 20 21 22 23 24 25 26]; I27:[27]; A4:[28 29 30 31]; I32:[32];
j300901_8,1670.826687221209,I1:[1]; A1:[2 3 4 7]; I5:[5]; A2:[6 8 9 10 11 12 13 14 31]; I15:[15]; A3:[16 17 18 19 20 21 22 23 24 25 26 27 28 29]; I30:[30]; I32:[32];
j300901_9,1457.0937841508633,I1:[1]; A1:[2 3 4 5 6 7 8 30 31]; I9:[9]; A2:[10 11 12]; I13:[13]; A3:[14 15 16 17 18 19 20 21 29]; I22:[22]; A4:[23 24 25 26 27 28]; I32:[32];
j300901_10,1478.3404114614987,I1:[1]; A1:[2 3 4 5 6 7 8 9 10 30 31]; I11:[11]; A2:[12]; I13:[13]; A3:[14 15 16 17 29]; I18:[18]; A4:[19 20 21 22 23 24 25 26 27 28]; I32:[32];
j301001_1,2229.9711384542343,I1:[1]; A1:[2 3]; I4:[4]; A2:[5 6 7 8 9 10]; I11:[11]; A3:[12 13]; I14:[14]; A4:[15 16 17 18]; I19:[19]; A5:[20]; I21:[21]; A6:[22 23 24 25 26 27 28 29 30 31]; I32:[32];
j301001_2,2143.143363158879,I1:[1]; A1:[2 3 4 5]; I6:[6]; I7:[7]; A2:[8 9 10 11 12 13 14 15 16 17]; I18:[18]; A3:[19]; I20:[20]; A4:[21 22 23 24 25]; I26:[26]; A5:[27 28 29 30 31]; I32:[32];
j301001_3,2001.1495338826223,I1:[1]; A1:[2 3 4 5 6 7 8 9]; I10:[10]; I11:[11]; A2:[12 13 14 15 16]; I17:[17]; I18:[18]; A3:[19 20 21 22 23 24]; I25:[25]; A4:[26 27 28 29 30 31]; I32:[32];
j301001_4,2417.809239408225,I1:[1]; A1:[2 3 4]; I5:[5]; A2:[6]; I7:[7]; A3:[8 9]; I10:[10]; A4:[11 12 13 14 15 16]; I17:[17]; A5:[18 19 20 21 22 23 24 25 26 27 28 29]; I30:[30]; A6:[31]; I32:[32];
j301001_5,2210.730858819968,I1:[1]; A1:[2 3]; I4:[4]; A2:[5 6 7 8]; I9:[9]; A3:[10 11 12]; I13:[13]; A4:[14]; I15:[15]; A5:[16 17 18 19 20 21 22 23 24 25]; I26:[26]; A6:[27 28 29 30 31]; I32:[32];
j301001_6,2282.867030859341,I1:[1]; A1:[2]; I3:[3]; A2:[4 5 6 7 8 9 10]; A3:[11 12 13 14 15 16 17 18 19 20]; I21:[21]; A4:[22 23]; I24:[24]; A5:[25 26]; I27:[27]; A6:[28]; I29:[29]; A7:[30 31]; I32:[32];
j301001_7
j301001_8,2607.7917863337775,I1:[1]; I2:[2]; I3:[3]; A1:[4 5]; I6:[6]; A2:[7 8 9]; I10:[10]; A3:[11 12 13 14 15 16 17 18 19]; I20:[20]; A4:[21 22 23 24 25 26 27 28 29 30 31]; I32:[32];
j301001_9,2418.4785150036396,I1:[1]; A1:[2 3]; I4:[4]; I5:[5]; A2:[6 7 8]; I9:[9]; A3:[10 11 12]; I13:[13]; A4:[14 15]; I16:[16]; A5:[17 18 19 20 21 22 23 24 25 26 27 28 29 30 31]; I32:[32];
j301001_10,2172.3829759936893,I1:[1]; A1:[2 3 4 5 6 7]; I8:[8]; A2:[9]; I10:[10]; A3:[11 12 13 14]; I15:[15]; A4:[16 17 18 19]; I20:[20]; A5:[21 22 23 24 25 26 27]; I28:[28]; A6:[29 30 31]; I32:[32];
j400101_1,2210.717078349504,I1:[1]; A1:[2 3 4 5 6 7 8 9 11 12 14 15 16 39]; I19:[19]; I23:[23]; I26:[26]; I21:[21]; A2:[10 13 17 18 20 22 24 25 27 35 38 40]; A3:[28 29 30 31 32 33 34 36 37 41]; I42:[42];
j400101_2,2027.0062287657247,I1:[1]; I3:[3]; A1:[2 4 5 6 7 8 10 11 12 13 14 22 23 35 39 40 41]; I16:[16]; A3:[18 19 20 21 26 28 30 32 36 37]; I38:[38]; I9:[9]; A2:[15 17 24 25 27 29 31 33 34]; I42:[42];
j400101_3,2365.0721385628053,I1:[1]; I33:[33]; A1:[2 3 4 5 6 7 8 11 12 14 15 16 26 28 31 32 34 36 37 38 40 41]; I23:[23]; I21:[21]; A2:[9 10 13 18 19 20 22 24 25 27 29 30 35 39]; I17:[17]; I42:[42];
j400101_4,1898.3795563418507,I1:[1]; I4:[4]; I7:[7]; A1:[2 3 5 6 8 9 10 12 17 21 27 28 41]; I19:[19]; I16:[16]; A2:[11 13 14 15 18 20 22 23 24 25 26 29 30 31 32 33 34 35 36 37 38 39 40]; I42:[42];
j400101_5,1936.8946378235028,I1:[1]; I11:[11]; I41:[41]; A2:[3 4 14 24 26 27 28 30 31 32 33 34 35 36 37 38 39]; A1:[2 5 6 8 12 13 18 20 22 23 25 29 40]; I10:[10]; I9:[9]; A3:[7 15 16 17 19 21]; I42:[42];
j400101_6,1913.0582019263638,I1:[1]; I6:[6]; A1:[2 3 4 5 7 8 9 10 12 13 15 16]; I39:[39]; A2:[11 14 17 18 19 20 21 25 26 27 28 29 33 35 36 38 40 41]; I34:[34]; I32:[32]; A3:[22 23 24 30 31 37]; I42:[42];
j400101_7,1945.4830291591095,I1:[1]; I9:[9]; I12:[12]; A1:[2 3 4 5 6 7 8 10 13 14 19 20 32 37 38 39 40 41]; I25:[25]; I34:[34]; A2:[11 15 16 17 18 21 22 23 24 26 27 28 29 30 31 33 35 36]; I42:[42];
j400101_8,2141.8950553269765,I1:[1]; A1:[2 3 4 5 7 8 9 10 11 13 14 15 16 24 33 39 40 41]; I35:[35]; I21:[21]; A2:[6 12 17 18 19 20 23 32 34 36 37 38]; I22:[22]; I27:[27]; A3:[25 26 28 29 30]; A4:[31]; I42:[42];
j400101_9,1917.6617068333294,I1:[1]; I21:[21]; A1:[2 5 6 10 11 13 14 15 16 18 20 22 23 25 27 28 29 31 32 33 34 36 37 38 39 41]; I24:[24]; I30:[30]; I19:[19]; A2:[3 4 7 8 9 12 17 26 35 40]; I42:[42];
j400101_10,2144.7371402952062,I1:[1]; A1:[2 3 4 5 6 7 8 9 10 12 13 21 28 41]; I16:[16]; I27:[27]; A2:[11 14 15 17 18 19 20 23 24 25 26 36 39 40]; I30:[30]; I32:[32]; A3:[22 29 31 33 34 35 37 38]; I42:[42];
j400201_1,1798.107944004294,I1:[1]; I8:[8]; I12:[12]; A1:[2 3 4 5 6 7 13 14 15 16 21 23 26 28 29 30 31 32 33 34 35 36 37 38 39 41]; I19:[19]; I24:[24]; A2:[9 10 11 17 18 20 22 25 27 40]; I42:[42];
j400201_2,1867.5155141112232,I1:[1]; A1:[2 3 4 5 6 8 13]; I14:[14]; A2:[7 9 10 11 12 17 18 24 25 26]; I23:[23]; I15:[15]; A4:[20]; A3:[16 19 21 22 28 31]; I32:[32]; A5:[27 29 30 33 34 35 36 37 38 39 40 41]; I42:[42];
j400201_3,1728.7222735161913,I1:[1]; I3:[3]; A1:[2 4 5 6 7 9 10 12 13 15 16 17 23 26 29]; A2:[8]; I11:[11]; A3:[14 18 19 20 21 22 24 25 28 37 39 40]; I32:[32]; I27:[27]; A4:[30 31 33 34 35 36 38 41]; I42:[42];
j400201_4,1988.4300887612255,I1:[1]; I10:[10]; I26:[26]; I27:[27]; A1:[2 3 4 6 7 9 11 13 15 16 17 24 25 28 39 41]; A2:[5 8 12 14 19 21 22 31 32 34 36 37 38 40]; I23:[23]; A3:[18 20 29 30 33 35]; I42:[42];
j400201_5,1866.0283776944098,I1:[1]; A1:[2 3 4 6 7 8 10 11 12 13 16 18]; I5:[5]; I25:[25]; A2:[9 15 19 21 22 27 41]; I26:[26]; A3:[14 17 20 23 24 28 29 31 32 36 38 40]; I39:[39]; A4:[30 33 34 35 37]; I42:[42];
j400201_6,1907.785008003601,I1:[1]; I5:[5]; A1:[2 3 6 7 9]; I4:[4]; A2:[8 10 11 12 13 14 17 18 22]; I15:[15]; A3:[16 19]; A4:[20 21 23 24 25 26 31]; I29:[29]; A5:[27 28 30 32 33 34 35 36 37 38 39 40 41]; I42:[42];
j400201_7,1776.3606645717146,I1:[1]; A1:[2 3 4 5 6 7 8 9 11 13 14 15 17 25]; I12:[12]; I10:[10]; I41:[41]; I27:[27]; A2:[16 18 19 20 21 22 23 24 26 28 29 30 40]; A3:[31 32 33 34 35 36 37 38 39]; I42:[42];
j400201_8,1783.8536259282232,I1:[1]; A1:[2 3 4 5 6 7 8 9 10 11 12 13 14 15 16 17 18 19 20 21 23 24 25 26 28 29 39 41]; I22:[22]; I35:[35]; I30:[30]; A2:[27 31 32 34 36 37 38 40]; I33:[33]; I42:[42];
j400201_9,1695.2244242639422,I1:[1]; A1:[2 3 4 5 6 7 8 9 10 11 12 13 16 17 21 22 24]; I20:[20]; A2:[14 15 18 19 25 26 27 28 41]; I32:[32]; A3:[23 29 30 31 34 35 37 38 39 40]; I36:[36]; I33:[33]; I42:[42];
j400201_10,1821.416138608827,I1:[1]; I15:[15]; A1:[2 3 4 5 6 7 8 9 10 12 13 14 19 21 23 25 28 41]; I16:[16]; I27:[27]; A2:[11 17 18 20 24 37 38 39]; A3:[22 26 29 30 31 32 33 34 35 36]; I40:[40]; I42:[42];
j400301_1,2293.834700073163,I1:[1]; A1:[2 3 4 5 6 7 15 19 22]; I8:[8]; A2:[9 10 11 12 13 14 16 18 41]; I26:[26]; I24:[24]; A3:[17 20 21 23 25 39 40]; I37:[37]; A4:[27 28 29 30 31 32 33 34 35 36 38]; I42:[42];
j400301_2
j400301_3
j400301_4
j400301_5
j400301_6
j400301_7
j400301_8
j400301_9
j400301_10
j400401_1,1978.0540466764687,I1:[1]; I19:[19]; A1:[2 3 4 5 6 7 9 11 14 16]; I8:[8]; A2:[10 13 17 18 23 30 40]; I12:[12]; A3:[15 20 21 22 29 36 37 38 39 41]; I24:[24]; A4:[25 26 27 28 31 32 33 34 35]; I42:[42];
j400401_2,1848.4057992105982,I1:[1]; I23:[23]; A1:[2 3 4 5 6 7 8 9 10 18 28 33 36 37 38 39 40 41]; I32:[32]; I14:[14]; A2:[11 12 13 16 29 31 34 35]; I15:[15]; A3:[17 19 20 21 22 24 25 26 27 30]; I42:[42];
j400401_3,1761.1204994259629,I1:[1]; A1:[2 17 31 33 34 35 36 37 38 39 40 41]; I32:[32]; I3:[3]; A2:[4 5 6 7 8 9 10 23 24 25 26 28 29 30]; I11:[11]; I27:[27]; A3:[12 13 14 15 16 18 19 20 21 22]; I42:[42];
j400401_4,2163.961666978847,I1:[1]; A1:[2 3 4 5 6 7 12 15 41]; I10:[10]; A2:[8 9 11 13 14 16 17 18 19 20 21 22 24 25 28 29 32 39 40]; I23:[23]; I26:[26]; I27:[27]; A3:[30 31 33 34 35 36 37 38]; I42:[42];
j400401_5,1876.7393668373752,I1:[1]; A1:[2 3 4 6 10 11]; I5:[5]; A2:[7 8 9 12 13 14 15 16 17 18 19 20 21 22 23 24 30 34 35 41]; I25:[25]; I26:[26]; I39:[39]; A3:[27 28 29 31 32 33 36 37 38 40]; I42:[42];
j400401_6,1875.766756607679,I1:[1]; A1:[2 3 7 13]; I15:[15]; I5:[5]; I4:[4]; A2:[6 8 9 10 11 12 14 16 18 19 22 30 39 40 41]; I29:[29]; A3:[17 20 37 38]; A4:[21 23 24 25 26 27 28 31 32 33 34 35 36]; I42:[42];
j400401_7,1826.7748604676922,I1:[1]; I41:[41]; I27:[27]; A4:[21 22 23 24 25 26 28 29 30 31 32 33 34 35 36 37 38 39 40]; A1:[2 3 4 5 6 7 8 9 18 19 20]; I10:[10]; A2:[11]; I12:[12]; A3:[13 14 15 16 17]; I42:[42];
j400401_8,1858.5117003427313,I1:[1]; I33:[33]; A1:[2 3 4 5 6 7 9 11 17 18 21 23 25 34 41]; I22:[22]; I35:[35]; A2:[8 10 12 13 14 15 16 27 28 31 32 36 37 38 39 40]; I30:[30]; A3:[19 20 24 26 29]; I42:[42];
j400401_9,1807.529180792012,I1:[1]; A1:[2 3 4 5 6 7 8 9 10 11 12 13 14 15 16 17 18 19 21 24]; I36:[36]; I32:[32]; I20:[20]; A2:[22 23 25 26 27 28 29 31 35 40 41]; I33:[33]; A3:[30 34 37 38 39]; I42:[42];
j400401_10,2005.4150232234906,I1:[1]; I15:[15]; A1:[2 3 4 5 6 7 9 11 13 22]; I16:[16]; A2:[8 10 12 14 18 20 30 38 39 41]; I40:[40]; A3:[17 19 21 23 24 25 26 28 29 34 35 36 37]; I27:[27]; A4:[31 32 33]; I42:[42];
j400501_1
j400501_2
j400501_3
j400501_4
j400501_5
j400501_6
j400501_7
j400501_8
j400501_9
j400501_10
j400601_1,2058.7378788519604,I1:[1]; A1:[2 3 4 5 9 14 15]; I8:[8]; A2:[6 7]; I12:[12]; I19:[19]; A3:[10 11 13 16 17 18 20 21 22 23 25 27 29]; I24:[24]; A4:[26 28 30 31 32 33 34 35 36 37 38 39 40 41]; I42:[42];
j400601_2,1968.9793953756084,I1:[1]; A1:[2 3 4 5 6 7 8 9 10 11 12 13 28 29 30 31 33 34 35 36 37 38 39 40 41]; I32:[32]; I14:[14]; I15:[15]; A2:[16 17 18 19 20 21 22 26 27]; I23:[23]; A3:[24 25]; I42:[42];
j400601_3,1910.1766454523668,I1:[1]; A1:[2]; I3:[3]; A2:[4 5 6 7 8 9 10 16]; I32:[32]; I11:[11]; A3:[12 13 14 15 17 18 19 20 21 22 23 24 25 26 28 29 31 34 39 40 41]; I27:[27]; A4:[30 33 35 36 37 38]; I42:[42];
j400601_4,2283.1164007197667,I1:[1]; A1:[2 3 4 5 6 7 8 9 11 12 15 21 40 41]; I10:[10]; I26:[26]; A2:[13 14 16 17 18 19 20 22 28 32 34 39]; I23:[23]; A3:[24 25 31 37 38]; I27:[27]; A4:[29 30 33 35 36]; I42:[42];
j400601_5,2142.555258188133,I1:[1]; A1:[2]; I5:[5]; A2:[3 4]; A3:[6 7 8 9 10 11 12 13 14 15 16 17 18 19 20 21 22 23 24]; I25:[25]; I26:[26]; A4:[27 28 29 30 31 32 33 34 35 36 37 38]; I39:[39]; A5:[40 41]; I42:[42];
j400601_6,1987.9133560048285,I1:[1]; A1:[2 3]; I4:[4]; I5:[5]; A2:[6 7 8 9 10 11 12 13 14 17 25 40 41]; I15:[15]; A3:[16 18 19 20 21 22 23 24 26 31 33 37 38 39]; I29:[29]; A4:[27 28 30 32 34 35 36]; I42:[42];
j400601_7,1985.7871120819837,I1:[1]; A1:[2 3 4 5 6 7 8 9 11 13 15 16 19]; I10:[10]; I12:[12]; A2:[14 17 18 20 21 22 23 24 25 26 28 31]; I27:[27]; I41:[41]; A3:[29 30 32 33 34 35 36 37 38 39 40]; I42:[42];
j400601_8,2073.6327406013825,I1:[1]; A1:[2 3 4 5 6 7 8 9 10 11 12 13 14 15 16 17 18 19 20 21]; I22:[22]; A2:[23 24 25 26 27 28 29]; I30:[30]; A3:[31 32 41]; I33:[33]; I35:[35]; A4:[34 36 37 38 39 40]; I42:[42];
j400601_9,2006.0292035937919,I1:[1]; A1:[2 3 4 5 6 7 8 9 10 11 12 13 14]; I20:[20]; A2:[15 16 17 18 19]; A3:[21 22 23 24 25 26 27 28 29 30 31]; I33:[33]; I32:[32]; A4:[34]; I36:[36]; A5:[35 37 38 39 40 41]; I42:[42];
j400601_10,2084.9638201283387,I1:[1]; A1:[2 3 4 5 6 7 8 9 10 11 12 13 14 17 31 37 38 39 41]; I15:[15]; I40:[40]; I16:[16]; A2:[18 19 20 21 22 23 24 25 26 28 30 34 35 36]; I27:[27]; A3:[29 32 33]; I42:[42];
j400701_1
j400701_2
j400701_3
j400701_4
j400701_5
j400701_6
j400701_7
j400701_8
j400701_9
j400701_10
j400801_1,2140.9358914894883,I1:[1]; A1:[2 3 4 5 6 7]; I19:[19]; I8:[8]; A2:[9 10 11]; I12:[12]; A3:[13 14 15 16 17 18 20 21 22 23]; I24:[24]; A4:[25 26 27 28 29 30 31 32 33 34 35 36 37 38 39 40 41]; I42:[42];
j400801_2,2081.6057685095625,I1:[1]; A1:[2 3 4 5 6 7 8 9 10 11 12 13 19 21 35]; I14:[14]; I15:[15]; A2:[16 17 18 20 22 41]; I23:[23]; A3:[24 25 26 27 28 29 30 31 37 39 40]; I32:[32]; A4:[33 34 36 38]; I42:[42];
j400801_3,2024.8617865308174,I1:[1]; A1:[2 37 38 39 40 41]; I3:[3]; A2:[4 5 6 7 8 9 10]; I11:[11]; A3:[12 13 14 15 16 17 18 19 20 21 22 23 24 25 26 34 35 36]; I27:[27]; A4:[28 29 30 31]; I32:[32]; A5:[33]; I42:[42];
j400801_4,2390.5177929554793,I1:[1]; A1:[2 3 4 5 6 7 8 9 11 14 41]; I10:[10]; A2:[12 13 15 16 17 18 19 20 21 22 39 40]; I23:[23]; A3:[24 25 38]; I26:[26]; I27:[27]; A4:[28 29 30 31 32 33 34 35 36 37]; I42:[42];
j400801_5,2097.5241102915393,I1:[1]; I39:[39]; A1:[2 3 4 37 38 40 41]; I5:[5]; A2:[6 7 8 9 10 11 12 13 14 15 16 17 18 19 20 21 22 23 24 34 35 36]; I25:[25]; I26:[26]; A3:[27 28 29 30 31 32 33]; I42:[42];
j400801_6,2013.7949252121552,I1:[1]; A1:[2 3 8 41]; I4:[4]; I5:[5]; A2:[6 7 9 10 11 12 13 14 40]; I29:[29]; I15:[15]; A3:[16 17 18 19 20 21 22 23 24 25 26 27 28 30 31 32 33 34 35 36 37 38 39]; I42:[42];
j400801_7,2155.8610363269213,I1:[1]; A1:[2 3 4 5 6 7 8 9]; I10:[10]; A2:[11]; I12:[12]; A3:[13 14 15 16 17 18 19 20 21 22 23 24 25 26]; I27:[27]; A4:[28 29 30 31 32 33 34 35 36 37 38 39 40]; I41:[41]; I42:[42];
j400801_8,2172.791939492075,I1:[1]; A1:[2 3 4 5 6 7 8 9 10 11 12 13 14 15 16 17 20]; I22:[22]; A2:[18 19 21 23 24 25 26 27 28 29]; I30:[30]; A3:[31 32]; I33:[33]; A4:[34 39]; I35:[35]; A5:[36 37 38 40 41]; I42:[42];
j400801_9,2003.420692811415,I1:[1]; A1:[2 3 4 5 6 7 8 9 10 11 12 13 14 15 16 17 18 19 26 38 39 40 41]; I20:[20]; A2:[21 22 23 24 25 27 28 29 30 31 37]; I36:[36]; I32:[32]; I33:[33]; A3:[34 35]; I42:[42];
j400801_10,2161.1230974025184,I1:[1]; A1:[2 3 4 5 6 7 8 9 10 11 12 13 14 17 21 31]; I15:[15]; I16:[16]; A2:[18 19 20 22 23 24 25 26 28 35]; I27:[27]; A3:[29 30 32 33 34 36 37 38 39 41]; I40:[40]; I42:[42];
j400901_1
j400901_2
j400901_3
j400901_4
j400901_5
j400901_6
j400901_7
j400901_8
j400901_9
j400901_10
j401001_1,2286.9686620079347,I1:[1]; A1:[2 3 4 5 6 7]; I8:[8]; A2:[9 10 11]; I12:[12]; A3:[13 14 15 16 17 18]; I19:[19]; A4:[20 21 22 23]; I24:[24]; A5:[25 26 27 28 29 30 31 32 33 34 35 36 37 38 39 40 41]; I42:[42];
j401001_2,2170.0716075598816,I1:[1]; A1:[2 3 4 5 6 7 8 9 10 11 12 13]; I14:[14]; I15:[15]; A2:[16 17 18 19 20 21 22]; I23:[23]; A3:[24 25 26 27 28 29 30 31]; I32:[32]; A4:[33 34 35 36 37 38 39 40 41]; I42:[42];
j401001_3,2128.259691208537,I1:[1]; A1:[2]; I3:[3]; A2:[4 5 6 7 8 9 10]; I11:[11]; A3:[12 13 14 15 16 17 18 19 20 21 22 23 24 25 26]; I27:[27]; A4:[28 29 30 31]; I32:[32]; A5:[33 34 35 36 37 38 39 40 41]; I42:[42];
j401001_4,2480.4910178033733,I1:[1]; A1:[2 3 4 5 6 7 8 9]; I10:[10]; A2:[11 12 13 14 15 16 17 18 19 20 21 22]; I23:[23]; A3:[24 25]; I26:[26]; I27:[27]; A4:[28 29 30 31 32 33 34 35 36 37 38 39 40 41]; I42:[42];
j401001_5,2250.695154219629,I1:[1]; A1:[2 3 4]; I5:[5]; A2:[6 7 8 9 10 11 12 13 14 15 16 17 18 19 20 21 22 23 24]; I25:[25]; I26:[26]; A3:[27 28 29 30 31 32 33 34 35 36 37 38]; I39:[39]; A4:[40 41]; I42:[42];
j401001_6,2140.3221674783845,I1:[1]; A1:[2 3]; I4:[4]; I5:[5]; A2:[6 7 8 9 10 11 12 13 14]; I15:[15]; A3:[16 17 18 19 20 21 22 23 24 25 26 27 28]; I29:[29]; A4:[30 31 32 33 34 35 36 37 38 39 40 41]; I42:[42];
j401001_7,2258.706986670195,I1:[1]; A1:[2 3 4 5 6 7 8 9]; I10:[10]; A2:[11]; I12:[12]; A3:[13 14 15 16 17 18 19 20 21 22 23 24 25 26]; I27:[27]; A4:[28 29 30 31 32 33 34 35 36 37 38 39 40]; I41:[41]; I42:[42];
j401001_8,2284.003608467736,I1:[1]; A1:[2 3 4 5 6 7 8 9 10 11 12 13]; A2:[14 15 16 17 18 19 20 21]; I22:[22]; A3:[23 24 25 26 27 28 29]; I30:[30]; A4:[31 32]; I33:[33]; A5:[34]; I35:[35]; A6:[36 37 38 39 40 41]; I42:[42];
j401001_9
j401001_10,2343.841953465141,I1:[1]; A1:[2 3 4 5 6 7 8 9 10 11 12 13 14]; I15:[15]; I16:[16]; A2:[17 18 19 20 21 22 23 24 25 26]; I27:[27]; A3:[28 29 30 31 32 33 34 35 36 37 38 39]; I40:[40]; A4:[41]; I42:[42];
j200102_1,1056.9341708859397,I1:[1]; I4:[4]; A1:[2 3 5 6 14 15 16 17 18 20 21]; I11:[11]; I8:[8]; A2:[7 9 10 13 19]; I12:[12]; I22:[22];
j200102_2,1249.131373770555,I1:[1]; A1:[2 3 4 5 6 7]; I14:[14]; I11:[11]; I13:[13]; I18:[18]; A2:[8 9 10 12 15 16 17 19 20 21]; I22:[22];
j200102_3,1063.105144629381,I1:[1]; I19:[19]; I2:[2]; I18:[18]; A1:[3 4 5 6 8 9 10 12 17 20 21]; I7:[7]; A2:[11 13 14 15 16]; I22:[22];
j200102_4,1190.8555689835462,I1:[1]; I18:[18]; A1:[2 3 4 5 19 20 21]; I13:[13]; I15:[15]; A2:[6 7 8 9 10 11 14 16 17]; I12:[12]; I22:[22];
j200102_5,1228.6437411250513,I1:[1]; I15:[15]; I21:[21]; A1:[2 3 11 12 13 14 16 17 18 19 20]; I9:[9]; A2:[4 5 6 7 8]; I10:[10]; I22:[22];
j200102_6,1352.5348002914375,I1:[1]; I15:[15]; I16:[16]; A1:[2 3 4 5 6 13 14 18 21]; I20:[20]; A2:[7 8 10 11 12 17 19]; I9:[9]; I22:[22];
j200102_7,1221.8309732035389,I1:[1]; I4:[4]; I5:[5]; A1:[2 3 10 12 13 14 17 19 21]; I18:[18]; I8:[8]; A2:[6 7 9 11 15 16 20]; I22:[22];
j200102_8,1232.7303670516474,I1:[1]; I7:[7]; I8:[8]; A1:[2 3 4 5 6 9 10 17 18 21]; I15:[15]; A2:[12 13 14 16 19 20]; I11:[11]; I22:[22];
j200102_9,1198.0634145960166,I1:[1]; I16:[16]; I2:[2]; I5:[5]; I14:[14]; A1:[3 4 6 7 15 17 18 19 20]; A2:[8 9 10 11 12 13 21]; I22:[22];
j200102_10,1068.3081676892316,I1:[1]; I19:[19]; I3:[3]; I21:[21]; A1:[2 4 5 6 7 8 14 17 18 20]; I15:[15]; A2:[9 10 11 12 13 16]; I22:[22];
j200202_1,1163.3960454466883,I1:[1]; I7:[7]; A1:[2 3 5 6 8 9 11 21]; I4:[4]; I20:[20]; I12:[12]; A2:[10 13 15 16 17]; A3:[14 18 19]; I22:[22];
j200202_2,1344.1997457109069,I1:[1]; I4:[4]; A1:[2 3 5 7 8]; A2:[6]; A3:[9]; I10:[10]; I21:[21]; A4:[11 12 14 20]; A5:[13 15 16 18 19]; I17:[17]; I22:[22];
j200202_3,1153.6532242587173,I1:[1]; I3:[3]; I8:[8]; A1:[2 6 16 17 18 19 20 21]; I13:[13]; I4:[4]; A2:[5 7 9 10 11 12 14 15]; I22:[22];
j200202_4,1297.0710555466521,I1:[1]; A1:[2 4 5 6 7 8 9 10 11]; I3:[3]; A3:[14 15]; I21:[21]; I17:[17]; A2:[12 13 19 20]; I16:[16]; A4:[18]; I22:[22];
j200202_5,1346.8786606402134,I1:[1]; I7:[7]; A1:[2 3 4 5 8 9 10 12 15]; I6:[6]; I13:[13]; I20:[20]; A2:[11 14 21]; A3:[16 17 18 19]; I22:[22];
j200202_6,774.6707554902094,I1:[1]; I5:[5]; I7:[7]; I6:[6]; A1:[2 3 4 8 9 11 18 19 20 21]; A2:[10 12 14 15 16 17]; I13:[13]; I22:[22];
j200202_7,1262.0031566796897,I1:[1]; I7:[7]; I5:[5]; I6:[6]; A1:[2 3 4 8]; A2:[9 10 11 12 13 14]; I19:[19]; A3:[15 16 17 18 20 21]; I22:[22];
j200202_8,1253.1144360872743,I1:[1]; I2:[2]; A1:[3 4 6 7]; I8:[8]; I9:[9]; I20:[20]; A2:[5 10 11 12 13 14 15 16 17 18 19 21]; I22:[22];
j200202_9,1365.6807064833515,I1:[1]; A1:[2 3 5 6]; A2:[4 9]; I7:[7]; A3:[8 17]; I10:[10]; I12:[12]; I14:[14]; A4:[11]; A5:[13 15 16 18 19 20 21]; I22:[22];
j200202_10,1164.5720436136553,I1:[1]; I3:[3]; I17:[17]; A1:[2 4 5 6 9 20]; I15:[15]; I7:[7]; A2:[8 11 12 13 14 16 18 19 21]; A3:[10]; I22:[22];
j200302_1,1112.0896684084114,I1:[1]; I2:[2]; I21:[21]; I9:[9]; A1:[3 10 11 12 13 14 15 16 18 19 20]; I8:[8]; A2:[4 5 6 7 17]; I22:[22];
j200302_2,1270.9983143652994,I1:[1]; I7:[7]; I17:[17]; A1:[2 3 4 5 8 18]; I11:[11]; A2:[6 10 15 16]; I13:[13]; A3:[9 12 14 19 20 21]; I22:[22];
j200302_3,1339.3310174677208,I1:[1]; I2:[2]; A1:[3 4 5 6 7 13]; I8:[8]; A2:[9 10 12 16 18 19 20 21]; I17:[17]; A3:[11 15]; I14:[14]; I22:[22];
j200302_4,1035.837878230198,I1:[1]; A1:[2 3 4 5 6 7 8 9 10 11 13 17 18 19 20]; I14:[14]; I21:[21]; I12:[12]; I16:[16]; A2:[15]; I22:[22];
j200302_5,1291.1019267283684,I1:[1]; I4:[4]; I13:[13]; A1:[2 3 5 6 7 8 9 12 16 20]; I10:[10]; A3:[15 17 18 19 21]; I11:[11]; A2:[14]; I22:[22];
j200302_6,1120.1297437679868,I1:[1]; I2:[2]; I16:[16]; I20:[20]; A1:[3 4 5 6 8 9 14 15 17 18 19 21]; I13:[13]; A2:[7 10 11 12]; I22:[22];
j200302_7,1207.2237613708653,I1:[1]; A1:[2 3 4 5 6 7 8 9 10 11 12 14 15 18 19 20]; I13:[13]; I16:[16]; I21:[21]; I17:[17]; I22:[22];
j200302_8,1274.7421529265303,I1:[1]; I13:[13]; I6:[6]; I2:[2]; A1:[3 4 5 7 8 9 10 11 12 14 15 16 18 19 20 21]; I17:[17]; I22:[22];
j200302_9,1318.759655487922,I1:[1]; I5:[5]; I3:[3]; A1:[2 4 6 7 8 9]; A2:[10 12]; I11:[11]; A3:[13 14 15 16 21]; A4:[17 18 20]; I19:[19]; I22:[22];
j200302_10,1296.3699534704806,I1:[1]; I18:[18]; A1:[2 3 4 5 6 8 10 14 15 16 17 19 20 21]; I7:[7]; A2:[9 13]; I12:[12]; I11:[11]; I22:[22];
j200402_1,1252.8671481964793,I1:[1]; A1:[2 3 4 5 6 9]; I16:[16]; I7:[7]; A2:[8 10 11 12 13 20]; I15:[15]; A3:[14 19 21]; A4:[18]; I17:[17]; I22:[22];
j200402_2,1134.0498927866881,I1:[1]; I5:[5]; I2:[2]; A1:[4]; I3:[3]; A2:[6 7 8 9 10 11 12 13 14 15 16 17 18 20 21]; I19:[19]; I22:[22];
j200402_3,1103.725631266945,I1:[1]; A1:[2 3 5 12 13]; I4:[4]; A2:[6 7 8 9 10 11 17]; I14:[14]; A3:[15 16 20 21]; I18:[18]; I19:[19]; I22:[22];
j200402_4,1494.2600019785104,I1:[1]; I6:[6]; A1:[2 3 4 5 7 8 12 14]; A2:[9 11]; I10:[10]; A3:[13 15 18]; I17:[17]; I16:[16]; A4:[19 20 21]; I22:[22];
j200402_5,1157.9095013293181,I1:[1]; I13:[13]; A1:[2 3 5 12 19 20 21]; I4:[4]; I10:[10]; A2:[6 7 8 9 15 16 17 18]; I11:[11]; A3:[14]; I22:[22];
j200402_6,1158.7489631393478,I1:[1]; A1:[2 3 4 5 6 7 9 11 13 21]; I14:[14]; I19:[19]; I8:[8]; I10:[10]; A2:[12 15 16 17 18 20]; I22:[22];
j200402_7,1285.9102948904779,I1:[1]; A1:[2 4 5 7]; I3:[3]; I6:[6]; A2:[8 9 10 11 12 13 14 15 16]; A3:[18 21]; I17:[17]; I19:[19]; A4:[20]; I22:[22];
j200402_8,1165.5177383025864,I1:[1]; I12:[12]; A1:[2 6 17 19 20 21]; I3:[3]; I8:[8]; A2:[4 5 11 14 15 16 18]; A3:[7 9 10]; I13:[13]; I22:[22];
j200402_9,1234.0950596305036,I1:[1]; I2:[2]; I5:[5]; A1:[3 4 6 7 8 9 10 11]; I12:[12]; A2:[13 14 15 16 17 18 19 20]; I21:[21]; I22:[22];
j200402_10,1107.7625608755911,I1:[1]; A1:[2 3 4 5 6 7 8 9 13 14 17 21]; I10:[10]; I20:[20]; A2:[11 12 18 19]; I16:[16]; I15:[15]; I22:[22];
j200502_1,1396.7153363387697,I1:[1]; A1:[2 3 4 5 6 7 8 9 12 17 19 21]; I10:[10]; I18:[18]; I20:[20]; I11:[11]; A2:[13 14 15 16]; I22:[22];
j200502_2,1258.7291248934143,I1:[1]; A1:[2 3 5]; I4:[4]; I6:[6]; A2:[7 8 9 10 11 12 13 14 15 16]; I18:[18]; I17:[17]; A3:[19 20 21]; I22:[22];
j200502_3,1101.5731343303198,I1:[1]; I9:[9]; I21:[21]; A1:[2 6 7]; I11:[11]; A2:[3 4 12 17]; A3:[5 8 10 13 14 15 20]; I16:[16]; A4:[18 19]; I22:[22];
j200502_4,1440.7419229566644,I1:[1]; A1:[2 3 4 5 8 10 17]; I21:[21]; I6:[6]; A2:[7 11 20]; I9:[9]; I16:[16]; A3:[12 14]; A4:[13 15 18 19]; I22:[22];
j200502_5,1338.4476874334607,I1:[1]; I5:[5]; I9:[9]; A1:[2 3 4 6 7 8 10 11 12 13 14 16 17 20 21]; I15:[15]; I19:[19]; A2:[18]; I22:[22];
j200502_6,1318.1321503511856,I1:[1]; A1:[2 6]; I4:[4]; I3:[3]; A2:[5 7 8 9 10 11 12 15]; I13:[13]; A3:[14 17]; I16:[16]; A4:[18 19 20 21]; I22:[22];
j200502_7,1316.2925595411798,I1:[1]; A1:[2 3 4 5 6 7 8]; I9:[9]; A2:[10 11 12 13 14 15 16 18 20]; I21:[21]; I17:[17]; I19:[19]; I22:[22];
j200502_8,1509.2318871779905,I1:[1]; A1:[2 3 4 5 6 8]; A3:[11]; I15:[15]; I7:[7]; I9:[9]; A2:[10 12 13 14 17 18 21]; I16:[16]; A4:[19 20]; I22:[22];
j200502_9,1112.9596080900208,I1:[1]; A1:[2 20]; I17:[17]; I3:[3]; A2:[4 5 6 7 8 9 12 13 14 15 16 18 19 21]; I10:[10]; I11:[11]; I22:[22];
j200502_10,1305.6346351323036,I1:[1]; I3:[3]; A1:[2]; I9:[9]; A2:[4 5 6 7 8 10]; I11:[11]; A3:[12 15]; A4:[13 14]; I16:[16]; A5:[17 18 19 20 21]; I22:[22];
j200602_1,1334.9588681514551,I1:[1]; A1:[2 3 4 5 6 7 9]; I8:[8]; I12:[12]; A2:[10]; I11:[11]; A3:[13 14 16]; I15:[15]; A4:[17 18 19 20 21]; I22:[22];
j200602_2,1149.4603633471065,I1:[1]; A1:[2 4]; I3:[3]; A2:[5 6 7 8 9 10 11 12 13 14]; I17:[17]; I15:[15]; I21:[21]; A3:[16 18 19 20]; I22:[22];
j200602_3,1386.3107357126191,I1:[1]; I2:[2]; I19:[19]; A1:[3 4 5 6 8 11 13 20 21]; I18:[18]; I7:[7]; A2:[9 10 12 14 15 16 17]; I22:[22];
j200602_4,1265.6843414104342,I1:[1]; A1:[2 3 4 11]; I7:[7]; I5:[5]; A2:[6 8 9 10 15 18]; I12:[12]; I13:[13]; A3:[14 16 17 19 20 21]; I22:[22];
j200602_5,1618.6712068508268,I1:[1]; A1:[2 3 4 5 6 7]; A2:[9 10]; I8:[8]; I12:[12]; A3:[11]; I13:[13]; A4:[14 15 16 17 18 19]; I20:[20]; A5:[21]; I22:[22];
j200602_6,978.4793515864114,I1:[1]; A1:[2 3 4 5 6 7 10 13]; I8:[8]; I15:[15]; I18:[18]; I9:[9]; A2:[11 12 14 16 17 19 20 21]; I22:[22];
j200602_7,1177.702585917331,I1:[1]; A1:[2 4 20]; I21:[21]; I3:[3]; A2:[5 6 17 19]; I18:[18]; I7:[7]; A3:[8 9 10 11 12 13 14 15 16]; I22:[22];
j200602_8,1592.1102597881331,I1:[1]; A1:[2 3 4 5 6 7 8 9 10 11 12 13]; I15:[15]; I14:[14]; I18:[18]; I17:[17]; A2:[16 19 20 21]; I22:[22];
j200602_9,1223.1523291410972,I1:[1]; I2:[2]; A1:[3 4]; I6:[6]; A2:[5 7 8 9 10 11 12 13 14 15 16]; I19:[19]; I17:[17]; A3:[18 20 21]; I22:[22];
j200602_10,1232.363932565096,I1:[1]; A1:[2 3 4 5 6 7 9 17 20 21]; I10:[10]; I8:[8]; I13:[13]; A2:[11 12 16]; I14:[14]; A3:[15 18 19]; I22:[22];
j200702_1,1500.2568205250966,I1:[1]; I2:[2]; A1:[3 4 5]; I6:[6]; A2:[7]; I10:[10]; I8:[8]; A3:[9 11 12 13 14 15 16 17 18 19 20 21]; I22:[22];
j200702_2,1279.348744652728,I1:[1]; A1:[2 3 4 5 6 7 8 9 10 11 16 19]; I12:[12]; I13:[13]; I21:[21]; A2:[14 15 18]; I17:[17]; A3:[20]; I22:[22];
j200702_3,1197.985489810745,I1:[1]; A1:[2]; I3:[3]; A2:[4 5]; I6:[6]; A3:[7 8 9 10 11 12 13 14 15]; I16:[16]; A4:[17 18 19 20]; I21:[21]; I22:[22];
j200702_4,1372.051649811594,I1:[1]; I21:[21]; I20:[20]; A1:[2 3 4 5 6 18 19]; I7:[7]; A2:[8 9 10 17]; I11:[11]; A3:[12 13 14 15 16]; I22:[22];
j200702_5,1361.9727974040784,I1:[1]; A1:[2 3]; I4:[4]; A2:[5 6 9]; I14:[14]; I13:[13]; I7:[7]; A3:[8 10 11 12 15 16 17 18 19 20 21]; I22:[22];
j200702_6,1335.575534004529,I1:[1]; A1:[2 3 4 5 6 7 8]; I9:[9]; I10:[10]; A2:[11 12 13 16]; I14:[14]; A3:[15 17]; I18:[18]; A4:[19 20 21]; I22:[22];
j200702_7,1161.1729120713069,I1:[1]; I4:[4]; A1:[2 3 5 6 7 8 9 11]; I13:[13]; A2:[10 12 14 15 16]; I17:[17]; I18:[18]; A3:[19 20 21]; I22:[22];
j200702_8,1133.8992034159137,I1:[1]; I4:[4]; A1:[2 3 5]; I10:[10]; A2:[6 7 8 9 11 12 13]; I19:[19]; I14:[14]; A3:[15 16 17 18 20 21]; I22:[22];
j200702_9,1346.8297090352442,I1:[1]; A1:[2 3 4 5 6 18 19 20 21]; I7:[7]; A2:[8 9 10 11 17]; I12:[12]; I16:[16]; A3:[13]; I14:[14]; A4:[15]; I22:[22];
j200702_10,1259.339553602505,I1:[1]; A1:[2 3 13]; I4:[4]; A2:[5 6 7 8 9 10 11 17 18 20]; I12:[12]; I19:[19]; I21:[21]; A3:[14 15 16]; I22:[22];
j200802_1,1385.4183202062536,I1:[1]; A1:[2 3 4 5 6 7 9]; I8:[8]; A2:[10 11 12 13 14 18]; I15:[15]; A3:[16 17]; I19:[19]; A4:[20]; I21:[21]; I22:[22];
j200802_2,980.4531949329903,I1:[1]; A1:[2 3 4 5 6 7 8 9 10 12 20]; I11:[11]; I13:[13]; A2:[14 15 16 17 18]; I19:[19]; I21:[21]; I22:[22];
j200802_3,1153.81848671325,I1:[1]; A1:[2 3 4 5]; I6:[6]; I7:[7]; A2:[8 9 10 11 14]; I12:[12]; A3:[13 17]; I15:[15]; A4:[16 18 19 20 21]; I22:[22];
j200802_4,1364.3640971015548,I1:[1]; A1:[2 3 4 5 21]; I6:[6]; A2:[7 8 9 10 17]; I11:[11]; A3:[12 13]; I14:[14]; A4:[15 16 18 20]; I19:[19]; I22:[22];
j200802_5,1317.2356457399392,I1:[1]; A1:[2]; I3:[3]; A2:[4 5 13 20 21]; I6:[6]; A3:[7 8 9 10 11 12 14]; I19:[19]; I15:[15]; A4:[16 17 18]; I22:[22];
j200802_6,1644.1449695920537,I1:[1]; A1:[2 3 10]; I4:[4]; A2:[5]; I6:[6]; A3:[7]; I8:[8]; A4:[9 11 13 17]; I12:[12]; A5:[14 15 16 18 19 20 21]; I22:[22];
j200802_7,1492.2597189185271,I1:[1]; A1:[2 3 4 5]; I6:[6]; A2:[7 8 12]; I9:[9]; A3:[10 11 15]; I13:[13]; I14:[14]; A4:[16 17 18 19 20 21]; I22:[22];
j200802_8,1416.269030570426,I1:[1]; I9:[9]; A1:[2 3 4 5 6 7 21]; I8:[8]; A2:[10 11]; I12:[12]; A3:[13 14 15 19 20]; I16:[16]; A4:[17 18]; I22:[22];
j200802_9,1554.507390922046,I1:[1]; A1:[2 3 4]; I5:[5]; A2:[6 7 8 9 17 19 20 21]; I10:[10]; A3:[11 12 13]; I14:[14]; A4:[15]; I16:[16]; A5:[18]; I22:[22];
j200802_10,1702.7987192755554,I1:[1]; A1:[2 3 4]; I5:[5]; A2:[6 7 8 9]; I10:[10]; A3:[11 12 13 14 16 18]; I15:[15]; A4:[17 20]; I19:[19]; A5:[21]; I22:[22];
j200902_1,1240.1419500627123,I1:[1]; A1:[2 3]; I4:[4]; I5:[5]; A2:[6 7 8]; I9:[9]; A3:[10 11 12 13 21]; I14:[14]; A4:[15 16 17 18 19 20]; I22:[22];
j200902_2,1441.8478938670946,I1:[1]; A1:[2 3 4 5 6 13]; I7:[7]; I8:[8]; A2:[9 10 11]; I12:[12]; A3:[14 15 16 17 21]; I18:[18]; A4:[19 20]; I22:[22];
j200902_3,1335.144650226726,I1:[1]; A1:[2]; I3:[3]; A2:[4 5 6 7 8 9 10]; I21:[21]; I11:[11]; I12:[12]; A3:[13 14 15 16 17 18 19 20]; I22:[22];
j200902_4,1326.2658251267267,I1:[1]; A1:[2 3 4]; I5:[5]; A2:[6 7 8 9 10 19]; I11:[11]; A3:[12 13 14 15 16 17 21]; I18:[18]; I20:[20]; I22:[22];
j200902_5,1285.640846828429,I1:[1]; A1:[2 3 4 5 6 7]; I12:[12]; A2:[8 9 10 11 13]; I14:[14]; A3:[15 16]; I21:[21]; I17:[17]; A4:[18 19 20]; I22:[22];
j200902_6,1225.2332410651265,I1:[1]; A1:[2 3 4]; I15:[15]; I5:[5]; A2:[6 7]; I8:[8]; A3:[9 10 11 12 13 14 16 17 18 19 20]; I21:[21]; I22:[22];
j200902_7,1676.6995591752943,I1:[1]; I2:[2]; I3:[3]; A1:[4 5]; I6:[6]; A2:[7 8 9 10 11 12 13 14 15 16 17]; I18:[18]; A3:[19 20 21]; I22:[22];
j200902_8,1308.3255480958328,I1:[1]; A1:[2]; I3:[3]; A2:[4 5 6 7 8 9 10 11 12 13 14 15 16]; I17:[17]; I18:[18]; A3:[19 20]; I21:[21]; I22:[22];
j200902_9,1134.4883137326322,I1:[1]; A1:[2 3 4 12]; I5:[5]; I6:[6]; A2:[7 8 9 10 11 13 14 15]; I16:[16]; A3:[17 18 21]; I19:[19]; A4:[20]; I22:[22];
j200902_10,1394.2189153363738,I1:[1]; I2:[2]; A1:[3 4 5 6]; I7:[7]; A2:[8 9 10 11 12 13 14 15]; I16:[16]; A3:[17]; I18:[18]; A4:[19 20 21]; I22:[22];
j201002_1,1491.8726703756558,I1:[1]; A1:[2 3]; I4:[4]; A2:[5 6 7 8 9 10 11]; I12:[12]; A3:[13]; I14:[14]; A4:[15 16]; I17:[17]; A5:[18 19 20 21]; I22:[22];
j201002_2,1321.6741177243848,I1:[1]; A1:[2 3]; I4:[4]; I5:[5]; A2:[6 7 8 9 10 11 12]; I13:[13]; A3:[14 15 16 17 18 19 20]; I21:[21]; I22:[22];
j201002_3,1422.2601562286875,I1:[1]; A1:[2]; I3:[3]; A2:[4 5 6 7]; I8:[8]; A3:[9 10 11]; I12:[12]; A4:[13 14]; I15:[15]; A5:[16 17 18 19 20 21]; I22:[22];
j201002_4,1359.3027279124296,I1:[1]; A1:[2 3]; I4:[4]; A2:[5 6 7 8 9 10 11 12]; I13:[13]; I14:[14]; A3:[15]; I16:[16]; A4:[17 18 19 20 21]; I22:[22];
j201002_5,1430.6337199128086,I1:[1]; A1:[2 3]; I4:[4]; A2:[5 6]; I7:[7]; A3:[8 9 10]; I11:[11]; I12:[12]; A4:[13 14 15 16 17 18 19 20 21]; I22:[22];
j201002_6,1354.7402448098258,I1:[1]; A1:[2 3 4 5 6 7 8 9 10 11 12 13]; I14:[14]; I15:[15]; A2:[16]; I17:[17]; I18:[18]; A3:[19 20 21]; I22:[22];
j201002_7,1309.3449617292558,I1:[1]; A1:[2]; I3:[3]; I4:[4]; A2:[5 6]; I7:[7]; A3:[8 9 10 11 12 13 14]; I15:[15]; A4:[16 17 18 19 20 21]; I22:[22];
j201002_8,1430.0218402956634,I1:[1]; A1:[2]; I3:[3]; I4:[4]; A2:[5 6 7 8 9 10]; I11:[11]; A3:[12 13 14 15 16 17 18]; I19:[19]; A4:[20 21]; I22:[22];
j201002_9,1316.9612709280343,I1:[1]; A1:[2 3 4 5 6 7 8 9]; I10:[10]; I11:[11]; A2:[12 13 14 15 16]; I17:[17]; A3:[18 19 20]; I21:[21]; I22:[22];
j201002_10,1350.6668475207666,I1:[1]; A1:[2]; I3:[3]; A2:[4 5 6 7 8]; I9:[9]; A3:[10]; I11:[11]; A4:[12 13 14 15 16 17 18 19 20]; I21:[21]; I22:[22];
j30302_1,1774.8494425777455,I1:[1]; I2:[2]; I31:[31]; I13:[13]; I3:[3]; A1:[4 5 6 7 9 11 12 14 16 17 26 28 30]; I18:[18]; I29:[29]; A2:[8 10 15 19 20 21 22 23 24 25 27]; I32:[32];
j30302_2,1869.9339217622687,I1:[1]; I11:[11]; I2:[2]; I6:[6]; A1:[3 4 5 7 8]; I31:[31]; A2:[9 10 12 15 17 18]; I13:[13]; I30:[30]; A3:[14 16 19 20 21 22 23 24 25 26 27 28 29]; I32:[32];
j30302_3,1388.360783698019,I1:[1]; I2:[2]; I7:[7]; A1:[3 4 6 8 10 14 18 20 31]; I29:[29]; I13:[13]; A2:[5 9 11 16 19 23 27 28 30]; I24:[24]; I22:[22]; A3:[12 15 17 21 25 26]; I32:[32];
j30302_4,1974.2226150069473,I1:[1]; A1:[2 3 4 8 9]; I5:[5]; I11:[11]; A2:[6 7 10 12 13 14]; I22:[22]; A3:[15 16 17 18 19 20 21 25 31]; I29:[29]; I23:[23]; I24:[24]; A4:[26 27 28 30]; I32:[32];
j30302_5,1882.9448089611633,I1:[1]; I4:[4]; A1:[2 3 5 8 9 11]; A2:[6 7 10 12 13 15 17 21 30 31]; I14:[14]; I20:[20]; A3:[16 18 26]; I27:[27]; A5:[25 28 29]; I19:[19]; I22:[22]; A4:[23 24]; I32:[32];
j30302_6,1656.4836252650043,I1:[1]; I11:[11]; I12:[12]; I5:[5]; A1:[2 3 4 6 7 18]; I8:[8]; I9:[9]; A2:[10 13 14 15 16 17 19 20 22 23 24 31]; I21:[21]; A3:[25 26 27 28 29 30]; I32:[32];
j30302_7,1783.5952756542565,I1:[1]; I7:[7]; I28:[28]; I29:[29]; I11:[11]; A1:[2 19 20 21 22 23 24 25 26 27 30 31]; I3:[3]; A2:[4 5 6 8 9 10 13 14 15 16 17 18]; I12:[12]; I32:[32];
j30302_8,1925.31852614323,I1:[1]; I5:[5]; A1:[2 3 4 7 10 14 16 17 18 28 29 30 31]; I24:[24]; I27:[27]; I6:[6]; A2:[8 9 11 12 13 15 21 22 23 25 26]; I19:[19]; I20:[20]; I32:[32];
j30302_9,1854.2982314260812,I1:[1]; A1:[2 3 4 5 6 10]; I8:[8]; I7:[7]; I13:[13]; A2:[9 17]; I11:[11]; A3:[12 14 15 16 18 19 20 21 23 25]; I22:[22]; I27:[27]; A4:[24 26 28 29 30 31]; I32:[32];
j30302_10,1906.9259565914626,I1:[1]; A1:[2 10 12 13 16]; I5:[5]; I4:[4]; A2:[3 6 7 8 9 18]; I19:[19]; I22:[22]; A3:[11 14 15 17 23 26]; I24:[24]; I21:[21]; A4:[20 25 27 28 29 30 31]; I32:[32];
j300102_1,1708.7243186702958,I1:[1]; A1:[2 3 4 9 11 12 25 28 29 30]; I26:[26]; I7:[7]; I8:[8]; A2:[6 10 14 24 27 31]; I13:[13]; I5:[5]; I19:[19]; A3:[15 16 17 18 20 21 22 23]; I32:[32];
j300102_2,1336.1952554851093,I1:[1]; I10:[10]; A1:[2 3 4 5 6 7 8 9 11 14 16 17 29 31]; I18:[18]; I12:[12]; I22:[22]; I23:[23]; I30:[30]; A2:[13 15 19 20 21 24 25 26 27 28]; I32:[32];
j300102_3,1412.349823817317,I1:[1]; I28:[28]; I2:[2]; I18:[18]; A1:[4 6 9 10 11 12 14 17 21 25 26 29 31]; I5:[5]; I3:[3]; A2:[8 13 15 16 19 20 22 23 24 27 30]; I7:[7]; I32:[32];
j300102_4,1761.3087708143785,I1:[1]; I11:[11]; A2:[4 5 9 10 14 17]; I15:[15]; I16:[16]; A1:[2 3 7 8 27 28 29 30 31]; I13:[13]; I12:[12]; I22:[22]; A3:[6 18 19 20 21 23 24 25 26]; I32:[32];
j300102_5,1443.2493996871935,I1:[1]; I4:[4]; I8:[8]; I28:[28]; I27:[27]; A1:[2 3 5 6 9 10 22 23 24 25 26 29 30 31]; I17:[17]; A2:[7 11 12 13 15 16 18 19 20 21]; I14:[14]; I32:[32];
j300102_6,1636.330675472469,I1:[1]; I10:[10]; I3:[3]; A1:[2 4 6 7 8 9 11 13 14 23 25 26 27 28 29 30 31]; I17:[17]; I5:[5]; I21:[21]; I22:[22]; A2:[12 15 16 18 19 20 24]; I32:[32];
j300102_7,1585.8610259081968,I1:[1]; I2:[2]; I31:[31]; I11:[11]; A1:[3 4 5 6 7 8 9 10 12 14 16 17 18 19 20]; I25:[25]; I13:[13]; A2:[15 22 23 24 26 27 28 29]; I30:[30]; A3:[21]; I32:[32];
j300102_8,1866.5112697609393,I1:[1]; I6:[6]; I2:[2]; I17:[17]; A1:[3 4 5 8 11 12 13 14 18 19 29 31]; I30:[30]; I27:[27]; I28:[28]; A2:[7 9 10 15 16 20 21 22 23 24 25 26]; I32:[32];
j300102_9,1813.6474333172653,I1:[1]; I3:[3]; I31:[31]; A2:[5 6 8 10 11 12 23 25 26 27 28]; I2:[2]; I7:[7]; A1:[4 9 17 18 24 29 30]; I22:[22]; I19:[19]; A3:[13 14 15 16 20 21]; I32:[32];
j300102_10,1532.8171539457521,I1:[1]; I11:[11]; I4:[4]; A1:[2 3 5 6 7 8 10 12 14 21 24 26 27 28 29 30 31]; I22:[22]; I23:[23]; I18:[18]; I16:[16]; A2:[9 13 15 17 19 20 25]; I32:[32];
j300202_1,1677.0855400038952,I1:[1]; I31:[31]; I6:[6]; A1:[2 3 4 5 9 10 11 12 16 17 26 29 30]; I25:[25]; I27:[27]; I7:[7]; I15:[15]; A2:[8 13 14 22 23 28]; A3:[18 19 20 21 24]; I32:[32];
j300202_2,1678.2133496188983,I1:[1]; I12:[12]; I3:[3]; A1:[2 4 5 6 7 9 13 16 21]; I10:[10]; I8:[8]; I11:[11]; A2:[14 15 17 18 19 20 24 31]; I22:[22]; A3:[23 25 26 27 28 29 30]; I32:[32];
j300202_3,1922.341415558843,I1:[1]; I15:[15]; I2:[2]; I10:[10]; A1:[3 4 5 12]; A2:[6 8]; I9:[9]; I13:[13]; A3:[7 11 14 17 18]; I21:[21]; A4:[16 19 20 23 24 29 30 31]; A5:[22 25 26 27 28]; I32:[32];
j300202_4,1878.7512237304863,I1:[1]; I10:[10]; A1:[2 3 5 16]; I4:[4]; I9:[9]; A2:[6 7 8 11 12 13 14 18 20 21]; I23:[23]; I31:[31]; I24:[24]; A3:[15 17 19 22 25 26 27 28 29 30]; I32:[32];
j300202_5,1777.021766760728,I1:[1]; I10:[10]; I11:[11]; A1:[2 3 4 5 6 7 8 12 13 16]; I15:[15]; A2:[14 18 21 22]; I9:[9]; I17:[17]; I19:[19]; A3:[20 23 24 29 31]; A4:[25 26 27 28 30]; I32:[32];
j300202_6,1860.2481580615843,I1:[1]; I4:[4]; I7:[7]; A1:[2 3 5 30 31]; I11:[11]; I6:[6]; A2:[8 9 10 12 13 14 17 18 28 29]; I19:[19]; I24:[24]; A3:[15 16 20 21 22 23 25 26 27]; I32:[32];
j300202_7,1975.4009616480498,I1:[1]; I5:[5]; A1:[2 3 4 6 7 10 15 17 19]; I11:[11]; I12:[12]; I14:[14]; A2:[8 9 20 24]; A3:[13 16 18 21 22 23 28 31]; I29:[29]; A4:[25 26 30]; I27:[27]; I32:[32];
j300202_8,1696.9217598134628,I1:[1]; I10:[10]; A1:[2 3 4 5 6 7 8 9 11 12 13 14 15 17 18]; I30:[30]; I16:[16]; I19:[19]; A2:[20 21 23 24 29 31]; I25:[25]; I26:[26]; A3:[22 27 28]; I32:[32];
j300202_9,1517.3951840895334,I1:[1]; A1:[2 3 5 6 7 9 10 12 17]; A2:[4 8 14]; I11:[11]; I19:[19]; I30:[30]; I29:[29]; A3:[13 15 16 18 20 23 28]; I26:[26]; A4:[22 24 27 31]; I21:[21]; A5:[25]; I32:[32];
j300202_10,1616.2656874756058,I1:[1]; A1:[2 8 17 18]; I20:[20]; I11:[11]; I4:[4]; I10:[10]; I3:[3]; I30:[30]; A2:[5 6 7 9 12 13 14 15 16 19 21 22 23 24 25 26 27 28 29 31]; I32:[32];
j300402_1,1908.653392358805,I1:[1]; I2:[2]; A1:[3 5 8]; A2:[4 6 7 9 10 11 14 16]; I12:[12]; A3:[13 17]; I15:[15]; I20:[20]; I23:[23]; A4:[18 19 21 22 24 25 26 27 28 29 31]; I30:[30]; I32:[32];
j300402_2,2230.0712284666047,I1:[1]; I2:[2]; A2:[4 5]; A1:[3]; A3:[6 7 9 10]; I8:[8]; A4:[11 12 13 16 17 31]; I14:[14]; A5:[15 18 19 20 21 22 23 29]; I24:[24]; I28:[28]; I30:[30]; A6:[25 26 27]; I32:[32];
j300402_3,2053.2844178745036,I1:[1]; A1:[2 3 5 6 11]; I14:[14]; I4:[4]; A2:[7]; I31:[31]; I8:[8]; A3:[9 13 15 17 18 22 30]; I10:[10]; A4:[12 16 19 20 21 24 25 26 27 28 29]; I23:[23]; I32:[32];
j300402_4,1929.9068059617186,I1:[1]; A1:[2 3 4 6 14 15]; I5:[5]; I19:[19]; A2:[7 8 18 28 29 30 31]; I17:[17]; I9:[9]; A3:[10 11 23 24 25 26 27]; I12:[12]; I22:[22]; A4:[13 16 20 21]; I32:[32];
j300402_5,1997.7358530298288,I1:[1]; A1:[2 3 4 5 10]; I7:[7]; A2:[6 9]; A3:[8 11 13]; I31:[31]; I12:[12]; A4:[14 15 16 17 18 19 20 21 29]; I23:[23]; I22:[22]; A5:[24 26 27 28 30]; I25:[25]; I32:[32];
j300402_6,2009.714456415691,I1:[1]; I15:[15]; I26:[26]; A1:[2 10 14 24 25 27 28 29 30 31]; I3:[3]; A2:[4 5 19 20 21 22 23]; I6:[6]; A3:[7 8 9 18]; I11:[11]; I12:[12]; A4:[13 16 17]; I32:[32];
j300402_7,1948.4143792712928,I1:[1]; I4:[4]; I5:[5]; A1:[2 3]; I9:[9]; I14:[14]; A2:[6 7 8 10 11]; I17:[17]; A3:[12 13 15 16 18 19 20 21 25]; I24:[24]; A4:[22 23 26 27 28 29 30 31]; I32:[32];
j300402_8,1883.703881051666,I1:[1]; A1:[2 6]; A2:[4]; I3:[3]; I5:[5]; I8:[8]; A3:[7 9 11]; I15:[15]; A4:[10 12 13 14 17 18 20 31]; A5:[16 19 21 22 24 26 27 28 29 30]; I23:[23]; I25:[25]; I32:[32];
j300402_9,1971.3520112714396,I1:[1]; I2:[2]; A1:[3 4 5 6 7 8 9 10 11 12 13 14 15 16 18 19 20]; I27:[27]; I21:[21]; I17:[17]; A2:[22 23 25 26]; I24:[24]; I28:[28]; A3:[29 30 31]; I32:[32];
j300402_10,1467.0962423695148,I1:[1]; I8:[8]; A1:[2 3 4 5 7 11 13 30 31]; I10:[10]; I6:[6]; I23:[23]; A2:[9 12 14 15 17 20 22 24 28 29]; I19:[19]; I27:[27]; A3:[16 18 21 25 26]; I32:[32];
j300502_1,1991.557499564565,I1:[1]; I30:[30]; A1:[2 7]; I31:[31]; I3:[3]; A2:[4 5 6 8 9 10 11 12 13 14 15 16 17 19 24 26 27 29]; I25:[25]; I18:[18]; I28:[28]; A3:[20 21 22 23]; I32:[32];
j300502_2,2148.811841706407,I1:[1]; A1:[3]; I2:[2]; I8:[8]; A2:[4 5 6 7]; I10:[10]; A3:[9]; I13:[13]; A4:[11 12 14 15 16 17 18 19 20 21]; I22:[22]; A5:[23 24 25 26]; I27:[27]; A6:[28 29 30 31]; I32:[32];
j300502_3,1628.054161181467,I1:[1]; I2:[2]; I7:[7]; A1:[3 10]; I4:[4]; A2:[5 6 8 9 11 12 13 14 15 16 17 19 20 21 22]; I18:[18]; I28:[28]; I23:[23]; A3:[24 25 26 27 29 30 31]; I32:[32];
j300502_4,1669.7514443377268,I1:[1]; I30:[30]; I2:[2]; I31:[31]; A1:[3 4 5 6 7 8 9 10 11 16 17 18 19 26 27 28 29]; I25:[25]; I24:[24]; I22:[22]; A2:[12 13 14 15 20 21 23]; I32:[32];
j300502_5,1949.586471740189,I1:[1]; A1:[2 3 4 5 6 7 16 23 24 25 26 27 31]; I28:[28]; I30:[30]; I29:[29]; A2:[8 9 10 11 12 13 14 19 20 22]; I18:[18]; I21:[21]; I15:[15]; A3:[17]; I32:[32];
j300502_6,1829.2233026682084,I1:[1]; I28:[28]; A1:[2 3 4 25 27 29 30 31]; I5:[5]; I26:[26]; A2:[6 7 8 9 10 11 12 13 14 17 18 19 21 22 23 24]; I15:[15]; I20:[20]; I16:[16]; I32:[32];
j300502_7,1883.3741543395454,I1:[1]; I3:[3]; I2:[2]; I4:[4]; A1:[5 6 8 12 30 31]; I7:[7]; A2:[9 10 11 13 14 16 17 19 22 23 29]; I15:[15]; I18:[18]; A3:[20 21 24 25 26 27 28]; I32:[32];
j300502_8,1787.785982005011,I1:[1]; A1:[2 3 5 6 8]; I4:[4]; A2:[7 9 10 11 12 13 14 17 26]; I15:[15]; I16:[16]; I18:[18]; A3:[19 20 22 31]; I23:[23]; I30:[30]; A4:[21 24 25 27 28 29]; I32:[32];
j300502_9,1732.5878574402825,I1:[1]; I2:[2]; A1:[3 4 5 6 7]; I9:[9]; A2:[8]; I14:[14]; I10:[10]; I11:[11]; A3:[12 13 15 16 17 18 25]; I22:[22]; A4:[19 20 21 23 24 26 27 28 29 30 31]; I32:[32];
j300502_10,1878.1660412992878,I1:[1]; A1:[2 3 4 5 6 16 28 29 30 31]; I7:[7]; I24:[24]; I27:[27]; A2:[8 23 25 26]; I9:[9]; A3:[10]; I11:[11]; A4:[12 13 14 15 18 19 20 21 22]; I17:[17]; I32:[32];
j300602_1,2071.544823205577,I1:[1]; A1:[2 3 4 5 6 7 10 13 18 22 31]; I12:[12]; I8:[8]; A2:[9 11 14 17 26 30]; I15:[15]; I20:[20]; A3:[16 19]; A4:[21]; I23:[23]; A5:[24 25 27 28]; I29:[29]; I32:[32];
j300602_2,1847.7869225701925,I1:[1]; A1:[2 31]; I3:[3]; I4:[4]; I5:[5]; A2:[6 7 8 9 10 17 27 28 29 30]; I11:[11]; A3:[12 13 14 24 26]; I25:[25]; I15:[15]; A4:[16 18 19 20 21 22 23]; I32:[32];
j300602_3,1591.7011320744418,I1:[1]; I31:[31]; I20:[20]; A1:[2 3 4 5 6 7 8 9 10 11 12 16 22 24 29]; I30:[30]; I13:[13]; A2:[14 15 17 18 28]; I19:[19]; A3:[21]; I23:[23]; A4:[25 26 27]; I32:[32];
j300602_4,2024.7022979557805,I1:[1]; I2:[2]; I3:[3]; A1:[4 5 6 7 8 9 10 11 12 13 14 20]; I31:[31]; I15:[15]; A2:[16 30]; I17:[17]; A3:[18 19 21 22 23 28 29]; I24:[24]; A4:[25 26 27]; I32:[32];
j300602_5,1881.4015952910058,I1:[1]; I31:[31]; A1:[2 3 4 13 15 19]; I24:[24]; I7:[7]; I18:[18]; A2:[5 6 8 9 30]; I10:[10]; A3:[11 12]; I14:[14]; A4:[16 17 20 21 22 23 25 26 27 28 29]; I32:[32];
j300602_6,2116.656367450208,I1:[1]; I6:[6]; A1:[2 3]; I4:[4]; A2:[5 7 8 9 12 13 19 25]; I10:[10]; A3:[11 14 15 16 30 31]; I17:[17]; I18:[18]; I20:[20]; A4:[21 22 23 24 26 27 28 29]; I32:[32];
j300602_7,1729.520327278051,I1:[1]; A1:[2 3 28 29 30 31]; I4:[4]; A2:[5 6 7 26 27]; I8:[8]; I9:[9]; A3:[10 11 12 13 14 15 16 17 21 22 24 25]; I23:[23]; I18:[18]; I20:[20]; A4:[19]; I32:[32];
j300602_8,2025.908470439771,I1:[1]; A1:[2 3 4 5 6 10 13 15 17]; I7:[7]; I9:[9]; I8:[8]; A2:[11 12 14 23]; I16:[16]; A3:[18 19 20 21 22 24 30 31]; I25:[25]; I29:[29]; A4:[26 27 28]; I32:[32];
j300602_9,1910.9033882226981,I1:[1]; I2:[2]; A1:[3 4 5 6 7 8 12]; I10:[10]; A2:[9 11]; A3:[13 14 16 18]; I15:[15]; I21:[21]; A4:[17 19]; I20:[20]; I24:[24]; A5:[22 23 25 26 27 28 29 30 31]; I32:[32];
j300602_10,1701.8991983770848,I1:[1]; I29:[29]; A1:[2 3 4 30 31]; I5:[5]; I27:[27]; I28:[28]; A2:[6 7 8 9 10 11 24 25 26]; I23:[23]; A3:[12 13 14 15 16 17 18 19 21 22]; I20:[20]; I32:[32];
j300702_1,1878.3102369034389,I1:[1]; I2:[2]; I8:[8]; A1:[3 4 11]; I5:[5]; A2:[6 7 9 10 12 13 17 19 24]; I31:[31]; I14:[14]; A3:[15]; I16:[16]; A4:[18 20 21 22 23 25 26 27 28 29 30]; I32:[32];
j300702_2,1974.757061898351,I1:[1]; I2:[2]; I3:[3]; A1:[4 5 6 7 8 9 10 11 13 18]; I12:[12]; I15:[15]; A2:[14 16 17 19 22 26]; I20:[20]; I21:[21]; A3:[23 24 25 27 28 29 30 31]; I32:[32];
j300702_3,1875.0193283969902,I1:[1]; A1:[2 3 4 5 6 7 8 9 10 11 14 18 30 31]; I12:[12]; A2:[13 15 16 17 19 20 29]; I21:[21]; I22:[22]; I23:[23]; I24:[24]; I25:[25]; A3:[26 27 28]; I32:[32];
j300702_4,1674.825811395126,I1:[1]; A1:[2]; I11:[11]; I3:[3]; A2:[4 5 6 7 8 16 31]; I30:[30]; I9:[9]; I10:[10]; A3:[12 13 14 15 17 18 19 20 21 22 23 24 25 26 28 29]; I27:[27]; I32:[32];
j300702_5,1921.2961471227077,I1:[1]; I19:[19]; A1:[2 3 4 5 6 7 8 9 17 29 30 31]; I10:[10]; I28:[28]; I11:[11]; I12:[12]; A2:[13 14 26 27]; I15:[15]; A3:[16 18 20 21 22 23 24 25]; I32:[32];
j300702_6,1550.2147051074483,I1:[1]; A1:[2 3 4 5 6 7 8 9 26 27 29 30 31]; I10:[10]; I28:[28]; I11:[11]; A2:[12 13 14 24 25]; I15:[15]; I16:[16]; A3:[17 18 19 20 21 23]; I22:[22]; I32:[32];
j300702_7,1785.2099053958107,I1:[1]; I27:[27]; I28:[28]; A1:[2 29 30 31]; I3:[3]; A2:[4 5 6 26]; I7:[7]; I24:[24]; A3:[8 9 10 11 12 23 25]; I13:[13]; A4:[14 15 16 17 18 19 20 21 22]; I32:[32];
j300702_8,2067.756519674818,I1:[1]; A1:[2 3 4 5 6]; I7:[7]; A2:[8 10]; I11:[11]; I9:[9]; A3:[12 13 14 15 16 17]; I20:[20]; A4:[18 19 21 22 23 24 25 26 27]; I29:[29]; A5:[28 30]; I31:[31]; I32:[32];
j300702_9,1950.379657231312,I1:[1]; A1:[2 3 4 5 6 7 8]; I9:[9]; I10:[10]; I13:[13]; A2:[11 12 14 15 16 20]; I21:[21]; A3:[17 18 19 22 23 28 31]; I24:[24]; I27:[27]; A4:[25 26 29 30]; I32:[32];
j300702_10,1721.9908586599836,I1:[1]; A1:[2 3]; I4:[4]; A2:[5 6 7 8 9 10 11 15 20 30 31]; I29:[29]; I12:[12]; I28:[28]; A3:[13]; I14:[14]; A4:[16 17 27]; I18:[18]; A5:[19 21 22 23 24 25 26]; I32:[32];
j300802_1,2030.8934318991785,I1:[1]; A1:[2 9 29]; I3:[3]; A2:[4]; I5:[5]; I6:[6]; A3:[7 8 10 11 12 13 14 15 16 17 18 19 23 25]; I20:[20]; A4:[21 22 24 31]; I26:[26]; A5:[27 28]; I30:[30]; I32:[32];
j300802_2,2046.7794986745703,I1:[1]; A1:[2 3]; I4:[4]; A2:[5 20]; I6:[6]; A3:[7]; I8:[8]; A4:[9 10 11 12 13 14 15 16 17 18 19 21 27 28 29 30]; I31:[31]; I22:[22]; A5:[23 24]; I25:[25]; A6:[26]; I32:[32];
j300802_3,1781.5485779357741,I1:[1]; I29:[29]; A1:[2 3 4 5 6 7 27 28 30 31]; I8:[8]; I9:[9]; I10:[10]; A2:[11 26]; I12:[12]; A3:[13 14 15 16 17 18 19 20 21 22 23 24]; I25:[25]; I32:[32];
j300802_4,1751.3573524214635,I1:[1]; I31:[31]; I2:[2]; A1:[3 23 30]; I4:[4]; A2:[5 6 7 8 9 10 11 12 13 14 15 16 17 18 27 28 29]; I19:[19]; I20:[20]; A3:[21 22]; I24:[24]; A4:[25 26]; I32:[32];
j300802_5,1879.4609071958153,I1:[1]; I31:[31]; A1:[2 3 4 5 6 7]; I8:[8]; A2:[9 30]; I10:[10]; A3:[11 12 13 14 15 16 17 18 26 29]; I28:[28]; I27:[27]; I19:[19]; A4:[20 21 22 23 24 25]; I32:[32];
j300802_6,1872.205328976238,I1:[1]; A1:[2 3 4 5 6 7 8 10]; I12:[12]; A2:[9 11 13 16]; I14:[14]; I15:[15]; A3:[17 18 19 20 21 22 23 24]; I29:[29]; I26:[26]; I25:[25]; A4:[27 28 30 31]; I32:[32];
j300802_7,2207.594884831735,I1:[1]; I26:[26]; A1:[2 3 4 5 6 7 12 31]; I8:[8]; I9:[9]; A2:[10 11 13 14 15 16 17 30]; I18:[18]; A3:[19 20 21 29]; I22:[22]; A4:[23 24 25]; I27:[27]; A5:[28]; I32:[32];
j300802_8,2034.0304087423285,I1:[1]; A1:[2 3 4 5 6 10 13]; I7:[7]; A2:[8 9 11]; I12:[12]; A3:[14]; I15:[15]; A4:[16 17 18 28]; I19:[19]; A5:[20]; I21:[21]; A6:[22 23 24 25 30 31]; I26:[26]; A7:[27 29]; I32:[32];
j300802_9,2014.9935610423363,I1:[1]; I31:[31]; I28:[28]; A1:[2 3 4 5 6 7 8 9 10 11 27 29 30]; I26:[26]; I12:[12]; A2:[13 14]; I15:[15]; I16:[16]; A3:[17 18 19 20 21 22 23 24 25]; I32:[32];
j300802_10,2122.8767198004525,I1:[1]; A1:[2 4]; I3:[3]; A2:[5 6 7 8 9 12]; I10:[10]; A3:[11]; I13:[13]; A4:[14 15 16 17 18 19 20 21 22 24]; I23:[23]; A5:[25 26 27 29]; I28:[28]; A6:[30]; I31:[31]; I32:[32];
j300902_1,1897.240393505224,I1:[1]; I2:[2]; I3:[3]; A1:[4 5 6]; I7:[7]; A2:[8 9 10 11 12]; I13:[13]; A3:[14 16]; I15:[15]; A4:[17 18 19 20 21 22]; I23:[23]; A5:[24 25 26 27 28 29 30 31]; I32:[32];
j300902_2,2125.872521539441,I1:[1]; A1:[2 8]; I3:[3]; A2:[4]; I5:[5]; A3:[6 7 9 10 11 12 13 14 15 16 17]; I18:[18]; I23:[23]; A4:[19 31]; I20:[20]; A5:[21 22 24 25 26 27 28 29]; I30:[30]; I32:[32];
j300902_3,2210.529209055493,I1:[1]; I7:[7]; A1:[2 3]; I4:[4]; A2:[5]; I6:[6]; A3:[8 9 10]; I11:[11]; A4:[12 13 14 15 16 17 18 19 25 31]; I20:[20]; A5:[21]; I22:[22]; A6:[23 24 26 27 28 29 30]; I32:[32];
j300902_4,2089.512765376445,I1:[1]; A1:[2 3 4 5 6 7 8 9 10 11 12 28]; I13:[13]; A2:[14]; I15:[15]; A3:[16 17 18 19 20 21 22 31]; I23:[23]; A4:[24 25 30]; I26:[26]; I27:[27]; I29:[29]; I32:[32];
j300902_5,2177.4792417072663,I1:[1]; I2:[2]; I3:[3]; A1:[4 5 6 7 8 9 20]; I10:[10]; I11:[11]; A2:[12 13 14]; I15:[15]; A3:[16 17 18 19 21 22 23 24 25 30 31]; I26:[26]; A4:[27 28 29]; I32:[32];
j300902_6,2316.7617738571385,I1:[1]; A1:[2]; I3:[3]; A2:[4 5 6 7 8 9 10 11 30 31]; A3:[12 13 14 15 16 17 29]; I18:[18]; I19:[19]; A4:[20 21]; I22:[22]; A5:[23]; I24:[24]; A6:[25 26 27]; I28:[28]; I32:[32];
j300902_7,2089.863039055422,I1:[1]; A1:[2 3 4 5 6]; I7:[7]; A2:[8]; I9:[9]; A3:[10 11 12 13 14 15 16 17 18 19]; I20:[20]; I21:[21]; A4:[22 23]; I24:[24]; A5:[25]; I26:[26]; A6:[27 28 29 30 31]; I32:[32];
j300902_8,1967.4867307580757,I1:[1]; A1:[2 3 4 5 6 7 8 9 10 11 12 13]; I31:[31]; I14:[14]; I15:[15]; A2:[16 17 18 19 20 21 22 23 24 25]; I26:[26]; I27:[27]; I28:[28]; A3:[29 30]; I32:[32];
j300902_9,1729.1692968541774,I1:[1]; A1:[2 3 4 5 31]; I6:[6]; A2:[7 8 30]; I9:[9]; A3:[10]; I11:[11]; A4:[12 13 14]; I15:[15]; A5:[16 17 18 19 20 21 22 23 24]; I29:[29]; I25:[25]; A6:[26 27 28]; I32:[32];
j300902_10,1846.7574865422048,I1:[1]; A1:[2 3 4 5 6 7 8 9 10 11 12 13 30 31]; I14:[14]; A2:[15 16 17 18 19 29]; I20:[20]; A3:[21]; I22:[22]; I23:[23]; A4:[24 25]; I26:[26]; I27:[27]; A5:[28]; I32:[32];
j301002_1,2085.4808004257557,I1:[1]; A1:[2 3 4 5 6]; I7:[7]; I8:[8]; A2:[9]; I10:[10]; A3:[11 12 13 14 15 16 17 18 19 20 21 22 23]; I24:[24]; I25:[25]; I26:[26]; A4:[27 28 29 30 31]; I32:[32];
j301002_2,2183.426370148726,I1:[1]; A1:[2 3 4 5]; I6:[6]; A2:[7 8 9 10]; I11:[11]; I12:[12]; A3:[13 14 15 16 17 18 19]; I20:[20]; A4:[21 22 23 24 25 26 27]; I28:[28]; A5:[29 30]; I31:[31]; I32:[32];
j301002_3,2278.166704127608,I1:[1]; A1:[2 3 4 5 6 7]; I8:[8]; A2:[9 10 11 12 13 14 15]; I16:[16]; A3:[17 18 19 20 21 22]; I23:[23]; A4:[24]; I25:[25]; A5:[26 27]; I28:[28]; A6:[29 30]; I31:[31]; I32:[32];
j301002_4,2326.333959254637,I1:[1]; A1:[2 3 4 5 6 7 8 9 10 11 12]; I13:[13]; A2:[14]; I15:[15]; I16:[16]; A3:[17 18 19 20]; I21:[21]; A4:[22 23]; I24:[24]; I25:[25]; A5:[26 27 28 29 30 31]; I32:[32];
j301002_5,2270.666476846311,I1:[1]; A1:[2]; I3:[3]; A2:[4 5]; I6:[6]; A3:[7 8 9 10]; I11:[11]; A4:[12 13 14 15 16 17 18 19 20 21]; I22:[22]; I23:[23]; I24:[24]; A5:[25 26 27 28 29 30 31]; I32:[32];
j301002_6,2274.1437093839313,I1:[1]; I2:[2]; A1:[3 4 5]; I6:[6]; A2:[7]; I8:[8]; A3:[9 10 11]; I12:[12]; A4:[13 14 15 16]; I17:[17]; A5:[18 19 20 21 22 23 24 25 26 27 28 29 30]; I31:[31]; I32:[32];
j301002_7,2287.597800805258,I1:[1]; A1:[2 3 4 5]; I6:[6]; A2:[7 8 9 10]; I11:[11]; A3:[12 13 14]; I15:[15]; A4:[16]; I17:[17]; I18:[18]; A5:[19 20 21 22 23 24 25 26 27 28 29]; I30:[30]; A6:[31]; I32:[32];
j301002_8,2159.0957772050674,I1:[1]; A1:[2 3 4 5 6 7 8 9 10 11 12]; I13:[13]; A2:[14 15 16]; I17:[17]; I18:[18]; I19:[19]; I20:[20]; A3:[21]; I22:[22]; A4:[23 24 25 26 27 28 29 30 31]; I32:[32];
j301002_9,2168.0805278289117,I1:[1]; A1:[2 3 4 5]; I6:[6]; A2:[7]; I8:[8]; A3:[9 10 11 12 13 14 15 16 17 18 19 20 21]; I22:[22]; I23:[23]; I24:[24]; A4:[25 26 27 28 29]; I30:[30]; A5:[31]; I32:[32];
j301002_10,2317.8928927050615,I1:[1]; A1:[2 3 4 5 6 7 8 9 10]; I11:[11]; A2:[12 13]; I14:[14]; A3:[15 16 17]; I18:[18]; A4:[19]; I20:[20]; A5:[21 22 23 24 25]; I26:[26]; A6:[27 28]; I29:[29]; A7:[30 31]; I32:[32];
j400102_1,2334.4726154972996,I1:[1]; I4:[4]; I5:[5]; I12:[12]; A1:[2 3 6 7 8 9 11 14 15 16]; I39:[39]; I20:[20]; I24:[24]; A2:[10 13 17 18 21 22 25 26 35 38 40]; I30:[30]; I37:[37]; A3:[19 23 27 28 29 31 32 33 34 36 41]; I42:[42];
j400102_2,2253.42732412013,I1:[1]; I12:[12]; I7:[7]; I2:[2]; A1:[3 4 5 8 10 11 14 22 23 40 41]; I16:[16]; I32:[32]; A2:[6 9 13 18 19 21 28 37 38]; I15:[15]; I31:[31]; A3:[17 20 26 30 34 35 36 39]; A4:[25 27 29 33]; I24:[24]; I42:[42];
j400102_3,2610.8521937768683,I1:[1]; I13:[13]; I37:[37]; I33:[33]; A1:[2 3 4 6 7 8 11 12 14 15 16 22 28 29 30 31 32 34 35 36 39 40]; I38:[38]; I41:[41]; I21:[21]; I26:[26]; I9:[9]; A2:[5 10 17 18 19 20 23 24 25 27]; I42:[42];
j400102_4,2213.7752471294643,I1:[1]; I41:[41]; A1:[2 3 4 5 6 7 8 9 10 12 16 17 18 21 25 27 28]; I19:[19]; I13:[13]; A2:[11 20 22 24 26 36 39 40]; I14:[14]; I33:[33]; I38:[38]; I15:[15]; I34:[34]; A3:[23 29 30 31 32 35 37]; I42:[42];
j400102_5,2153.7025548566826,I1:[1]; I14:[14]; I41:[41]; I27:[27]; I4:[4]; I29:[29]; A1:[2 3 5 6 8 11 12 13 22 23 24 26 28 30 32 34 35 36 37 38 39 40]; I9:[9]; I10:[10]; I20:[20]; A2:[7 15 16 17 18 19 21 25 31 33]; I42:[42];
j400102_6,2157.059876909433,I1:[1]; I10:[10]; A1:[2 3 4 5 6 7 8 9 12 13 15 16]; I18:[18]; A2:[11 14 17 20 21 26 27 29 39 40 41]; I35:[35]; I25:[25]; I38:[38]; I22:[22]; I24:[24]; A3:[19 23 28 33 36 37]; A4:[31 32 34]; I30:[30]; I42:[42];
j400102_7,2149.857802272549,I1:[1]; I39:[39]; I13:[13]; A1:[2 3 4 5 6 7 8 9 10 11 12 14 15 17 18 20 27 29 31]; A3:[34 38 40 41]; I32:[32]; I35:[35]; I36:[36]; I26:[26]; I33:[33]; A2:[16 19 22 23 24 25 28 30 37]; I21:[21]; I42:[42];
j400102_8,2439.8499789343246,I1:[1]; I9:[9]; I16:[16]; I3:[3]; I7:[7]; A1:[2 4 5 8 10 11 14 15 24 33 39 40 41]; I23:[23]; I32:[32]; I20:[20]; A2:[6 12 13 17 18 19 21 34 35 37 38]; I28:[28]; A3:[22 25 26 27 29 30 31 36]; I42:[42];
j400102_9,2032.8733301954383,I1:[1]; I18:[18]; I37:[37]; I23:[23]; I27:[27]; I17:[17]; I19:[19]; I12:[12]; A1:[2 3 4 5 6 8 9 10 11 13 14 15 16 20 21 22 24 25 26 28 29 30 31 32 33 34 35 36 38 39 40 41]; I7:[7]; I42:[42];
j400102_10,2263.831311900127,I1:[1]; I3:[3]; I21:[21]; I6:[6]; I2:[2]; I9:[9]; A1:[4 5 7 8 10 12 28 41]; I27:[27]; I14:[14]; A2:[11 13 15 16 17 18 19 20 23 24 25 26 33 36 39 40]; I32:[32]; A3:[22 29 30 31 34 35 37 38]; I42:[42];
j400202_1,2312.416235960155,I1:[1]; I14:[14]; I37:[37]; I38:[38]; A1:[2 6 8 12 13 15 16 31 32 33 34 35 36 39 40 41]; I30:[30]; I24:[24]; I3:[3]; I26:[26]; A2:[4 5 7 9 10 11 17 18 20 21 22 23 25 27 28 29]; I19:[19]; I42:[42];
j400202_2,2335.1233371246403,I1:[1]; I8:[8]; A1:[2 3 4 5 6 7 9 10 11 13 14 26]; I21:[21]; I17:[17]; I23:[23]; I19:[19]; A2:[12 15 18 20 24 25]; A3:[16 22 27 28 30 32 35 36 40]; I38:[38]; A4:[29 34 37 39 41]; I31:[31]; I33:[33]; I42:[42];
j400202_3,2333.1597675742396,I1:[1]; A1:[2 4 15]; A2:[3 5 6 7 8 12 13 16 17 21 24]; I10:[10]; I9:[9]; I29:[29]; A3:[11 19 20 22 23 26 36]; I14:[14]; I18:[18]; I35:[35]; I38:[38]; A4:[25 28 32 34 37 39 40 41]; I27:[27]; A5:[30 31 33]; I42:[42];
j400202_4,2396.9770569263524,I1:[1]; A1:[2]; I9:[9]; I28:[28]; I10:[10]; I13:[13]; I4:[4]; A2:[3 5 6 7 11 16 17 23 25 26 27]; I19:[19]; A3:[8 14 15 21 22 24 34 36 39 40 41]; I12:[12]; I30:[30]; A4:[18 20 29 31 32 33 35 37 38]; I42:[42];
j400202_5,2327.809140161772,I1:[1]; I7:[7]; I18:[18]; A1:[2 3 4 5 6 8 10 11 12 13]; I19:[19]; A2:[9 14 16 21 25 27 41]; I15:[15]; I24:[24]; A3:[17 20 22 23 26 28 29 30 31 32 37 39]; I40:[40]; I35:[35]; I34:[34]; A4:[33 36 38]; I42:[42];
j400202_6,2416.958636766221,I1:[1]; I2:[2]; I5:[5]; A1:[3 4 6 7 9]; I13:[13]; A2:[8 11 12 14 15]; I10:[10]; A3:[16 17 18 19 21 22 23 24 26 31]; I20:[20]; I30:[30]; A4:[25 27 28 29]; I32:[32]; A5:[33 34 36 41]; I35:[35]; A6:[37 38 39 40]; I42:[42];
j400202_7,2474.4317663541824,I1:[1]; I8:[8]; A1:[2 3 4 5 6 7 9 11 13 14]; I15:[15]; A2:[10 12 16 17 18 20 21 22 23 25 27]; I24:[24]; I26:[26]; I30:[30]; A3:[19 28 29 41]; I36:[36]; I37:[37]; I38:[38]; A4:[31 32 33 34 35 39 40]; I42:[42];
j400202_8,2367.6350043629513,I1:[1]; I19:[19]; I2:[2]; I10:[10]; I22:[22]; A1:[3 4 5 6 7 8 11 13 14 16 17 18]; I24:[24]; I41:[41]; I20:[20]; A2:[9 12 15 21 23 25 28 29 31 32 40]; I35:[35]; A3:[26 27 30 33 34 36 37 38 39]; I42:[42];
j400202_9,2356.3755909344195,I1:[1]; I8:[8]; I4:[4]; I3:[3]; A1:[2 5 6 7 9 11 12 13 17]; I21:[21]; A2:[10]; A3:[14 16 19 20 22 24 28]; I27:[27]; I15:[15]; I41:[41]; A4:[18 23 25 26 29 30 31 32 33 34 36 37 38 39 40]; I35:[35]; I42:[42];
j400202_10,2139.803458967117,I1:[1]; A1:[2 5 12 13 15 16 19 28]; I6:[6]; A2:[3 4 7 10 14 21]; I8:[8]; I9:[9]; I11:[11]; A4:[18 20 23 24 25 39 41]; A3:[17 33 40]; I35:[35]; I27:[27]; A5:[22 31 32 34 36 37 38]; I30:[30]; I26:[26]; A6:[29]; I42:[42];
j400302_1,2477.9544124117524,I1:[1]; A1:[2 3 4 5 6 11 15 19 22]; I7:[7]; I14:[14]; A2:[8 9 10 12]; I13:[13]; I16:[16]; I26:[26]; A3:[17 18 20 21 24 40 41]; I23:[23]; I39:[39]; A4:[25 27 28 29 38]; I37:[37]; A5:[30 31 32 33 34 35 36]; I42:[42];
j400302_2,2501.0583274956552,I1:[1]; A1:[2 3 4 5 6 7 8]; I14:[14]; A2:[9 10 12 13 17]; I11:[11]; I15:[15]; A3:[16 18 19 20 21 22 24 25 28]; I23:[23]; A4:[26 27 30 31]; I29:[29]; I33:[33]; A5:[32 34 35 38]; I41:[41]; A7:[37]; A6:[36 40]; I39:[39]; I42:[42];
j400302_3,2337.472000829646,I1:[1]; I40:[40]; I2:[2]; A1:[3 5 14 15 16 17 32 33 34 35 36 37 38 39 41]; I4:[4]; I6:[6]; I27:[27]; A2:[7 8 9 10 11 12 20 21 22 23 24 25 28 29 30 31]; I19:[19]; I26:[26]; I13:[13]; A3:[18]; I42:[42];
j400302_4,2447.61416809646,I1:[1]; A1:[2 3 4 5 6 7 8 9 10 11 13 14 15 17 22 26 29 39 40]; I12:[12]; I25:[25]; I38:[38]; I18:[18]; I37:[37]; A2:[16 19 20 21 28 31 32 36 41]; I23:[23]; I33:[33]; A3:[24 34 35]; I27:[27]; A4:[30]; I42:[42];
j400302_5,2227.2918512076817,I1:[1]; A1:[2 3 4 5 6 7 8 12 16]; I15:[15]; A2:[9 10 11 13 14 18 19 21 23 31 39 40]; I17:[17]; I20:[20]; I29:[29]; I30:[30]; I22:[22]; I36:[36]; A3:[24 25 26 28 34 35 37 38 41]; I27:[27]; A4:[32 33]; I42:[42];
j400302_6,2367.0667936510667,I1:[1]; I24:[24]; A1:[2 3 4 5 6 7 8 10 11 12 14 16 20]; I13:[13]; A2:[9 15 17 18 21 26 41]; I39:[39]; I19:[19]; I40:[40]; A3:[22 23 25 27 28 29 31 34 35 36]; I37:[37]; I38:[38]; I32:[32]; A4:[30 33]; I42:[42];
j400302_7,2380.4871560555575,I1:[1]; I12:[12]; I3:[3]; A1:[2 4 6 17]; I7:[7]; A2:[5 8 9 10 11 13 14 15 18 20 22 41]; I16:[16]; I19:[19]; A3:[21 23 24 25 27 29 31 34 39 40]; I26:[26]; I37:[37]; A4:[28]; I30:[30]; A5:[32 35 36 38]; A6:[33]; I42:[42];
j400302_8,2197.7144940717562,I1:[1]; A1:[2 3 5 6 7 9 12 15 17]; I14:[14]; I4:[4]; I20:[20]; A2:[8 10 11 13 18 19 22 23 26 30 31 40 41]; I29:[29]; I16:[16]; I39:[39]; A3:[21 24 25 27 28 33 34 36 37 38]; I32:[32]; I35:[35]; I42:[42];
j400302_9,2335.734787186037,I1:[1]; I10:[10]; A1:[2 3 4 5 6 7 14]; I9:[9]; I8:[8]; A2:[11 12 13 15 16 17 18 19 20 23 25 29 31 38 39 40 41]; I22:[22]; I21:[21]; I27:[27]; I26:[26]; I33:[33]; A3:[24 28 30 32 34 35 36 37]; I42:[42];
j400302_10,2585.3086441854193,I1:[1]; A1:[2 5]; I3:[3]; I9:[9]; I14:[14]; A2:[4 6 7 8 10 11 15 16 17 23 38 40 41]; I39:[39]; I22:[22]; I19:[19]; I20:[20]; I26:[26]; A3:[12 13 18 21 28 29 36 37]; A4:[24 25 27 30 31 32 33 34 35]; I42:[42];
j400402_1,2252.257631710416,I1:[1]; A1:[2 3 4 5 7 9 16 19]; I6:[6]; I14:[14]; I11:[11]; A2:[8 17 30]; I10:[10]; I40:[40]; A3:[12 13 15 18 20 21 22 23 24 29 37 39 41]; I25:[25]; A4:[26 28 32 34 35 36 38]; I33:[33]; I27:[27]; A5:[31]; I42:[42];
j400402_2,2378.6246510193046,I1:[1]; A1:[2]; I3:[3]; I28:[28]; A2:[4 5 6 10 23 29 40 41]; I39:[39]; I7:[7]; I18:[18]; A3:[8 9 11 12 13 16 35 36 37 38]; I34:[34]; I14:[14]; A4:[15 17 19 20 21 22 24 25 27 30 31 32 33]; I26:[26]; I42:[42];
j400402_3,2353.3973498562505,I1:[1]; A1:[2 3 4 5 17 31 32 33 34 35 36 37 38 39 40 41]; I6:[6]; I28:[28]; I30:[30]; I29:[29]; I7:[7]; A2:[8 26 27]; I9:[9]; A3:[10 11 12 13 14 15 16 20 21 22 23 24 25]; I19:[19]; I18:[18]; I42:[42];
j400402_4,2500.640168937437,I1:[1]; I2:[2]; I3:[3]; A1:[4 5 6 7 8 12 15 41]; I13:[13]; A2:[9 10 11 14 16 17 24]; I29:[29]; I19:[19]; A3:[18 20 22 25 32 39 40]; A4:[21 23 28]; I27:[27]; A5:[26 30 34 35 38]; I31:[31]; A6:[33 36]; I37:[37]; I42:[42];
j400402_5,2415.4253311102584,I1:[1]; I11:[11]; A1:[2 3 4 5 6 8 10 14]; I9:[9]; I7:[7]; A2:[12 13 15 16 17 18 19 20 21 24 30 35]; I41:[41]; I22:[22]; I23:[23]; I40:[40]; A3:[25 26 27 31 34]; I28:[28]; A4:[29 32 33 36 37 38 39]; I42:[42];
j400402_6,2831.107670790205,I1:[1]; A1:[2 3 4 5 7 13 15 16]; I6:[6]; I9:[9]; I11:[11]; A2:[8 30]; I10:[10]; A3:[12 14 17 18 19 20 21 22 37 39 40 41]; I29:[29]; I38:[38]; A4:[23 24 25 28 34 35 36]; I26:[26]; I27:[27]; A5:[31 32 33]; I42:[42];
j400402_7,2161.7185858438506,I1:[1]; I36:[36]; I25:[25]; I23:[23]; I26:[26]; A1:[2 3 21 22 24 27 28 29 30 31 32 33 34 35 37 38 39 40 41]; I4:[4]; A2:[5]; I6:[6]; A3:[7 8 9 10 18 19 20]; I11:[11]; I12:[12]; A4:[13 14 15 16 17]; I42:[42];
j400402_8,2365.868343811012,I1:[1]; I33:[33]; I11:[11]; A1:[2 3 18 23 41]; I6:[6]; A2:[4 5 7 8 21 25 34 35]; I9:[9]; I17:[17]; I10:[10]; A3:[12 13 14 15 16 22 31 36 37 38 39 40]; I30:[30]; I28:[28]; A4:[19 20 24 26 27 29 32]; I42:[42];
j400402_9,2557.6145435029925,I1:[1]; A1:[2 5]; I3:[3]; A2:[4 6 7 8 9 10 11 12]; I13:[13]; I15:[15]; I21:[21]; A3:[14 16 17 18 19 20 24]; I35:[35]; I27:[27]; I22:[22]; A4:[23 25 26 28 29 30 31 32 33 34 36 37 38 40 41]; I39:[39]; I42:[42];
j400402_10,2363.849106301044,I1:[1]; I7:[7]; A1:[2 3 4 5 11 13 15 16]; I6:[6]; I30:[30]; A2:[8 9 10 12 14 17 18 22 39 40 41]; I38:[38]; I20:[20]; I29:[29]; A3:[19 21 23 24 25 26 28 32 33 34 35 37]; I36:[36]; I27:[27]; A4:[31]; I42:[42];
j400502_1,2510.6133265450035,I1:[1]; I41:[41]; A1:[2 3 4 38 39 40]; I5:[5]; I37:[37]; I34:[34]; A2:[6 7 8 9 10 11 12 13 24 25 27 28 30 31 35]; I14:[14]; I15:[15]; A3:[16 23 26 29 32 33 36]; I17:[17]; A4:[18 19 20 22]; I21:[21]; I42:[42];
j400502_2,2478.9342353556194,I1:[1]; I2:[2]; I41:[41]; A1:[3 4 5 6 7 10 11 15]; I8:[8]; I26:[26]; A2:[9 12 13 14 16 17 18 19 20 34 35 36 38 39]; I21:[21]; A3:[22 23 28 32 33 40]; I31:[31]; I24:[24]; I25:[25]; A4:[27 29 30 37]; I42:[42];
j400502_3,2833.4525237839744,I1:[1]; A1:[2 3 4 5 6 7 8 9 10 17]; I11:[11]; I12:[12]; A2:[13 14 15 16 18 19 20 21 22]; I24:[24]; I23:[23]; I28:[28]; A3:[25 26 27]; I29:[29]; I31:[31]; A4:[30 32 33 34 35 36 37]; I41:[41]; A5:[38 39 40]; I42:[42];
j400502_4,2567.0020543546084,I1:[1]; I7:[7]; A1:[2 3 4 5 6 8 9 12 13 41]; I16:[16]; I17:[17]; I18:[18]; A2:[10 11 15 26 40]; I19:[19]; A3:[14 20 21 22 23 27]; I24:[24]; A4:[25 28 29 30 32 34 39]; I31:[31]; A5:[33 36 37 38]; I35:[35]; I42:[42];
j400502_5,2797.908512464157,I1:[1]; I10:[10]; A1:[2]; I3:[3]; I41:[41]; A2:[4 5 7]; I6:[6]; I11:[11]; A3:[8 9 12 13 14 15 18 26 28 29 40]; I39:[39]; A4:[16 17 19 20 21 22 34 35 36 37 38]; I32:[32]; I23:[23]; A5:[24 25 27 30 31 33]; I42:[42];
j400502_6,2876.8766025604673,I1:[1]; A1:[2 3 4 5 6 7 8 12 23]; I9:[9]; I10:[10]; I15:[15]; A2:[11]; I13:[13]; I24:[24]; A3:[14 16]; I17:[17]; A4:[18 19 20 21 22 25 26 27 29 33 34 41]; I32:[32]; A5:[28 30 31 35 36 38 39 40]; I37:[37]; I42:[42];
j400502_7,2581.3016402626768,I1:[1]; A1:[2 3 4 39 40 41]; I5:[5]; A2:[6 7 8 9 14 18 21 25 35 37 38]; I10:[10]; I36:[36]; I11:[11]; A3:[12 13 15 16 17 19 20 22 23 24 26 29 30 31 34]; I28:[28]; I33:[33]; I32:[32]; I27:[27]; I42:[42];
j400502_8,2772.2328221853495,I1:[1]; I39:[39]; A6:[28 29 30 31 32 33 34 35 36 37 38 40 41]; A1:[2 3 4 5 6 7 27]; I8:[8]; I24:[24]; I26:[26]; A2:[9 10 11 22 23 25]; I12:[12]; A3:[13 14]; I15:[15]; A4:[16]; I17:[17]; A5:[18 19 20]; I21:[21]; I42:[42];
j400502_9,2785.0237952958696,I1:[1]; A1:[2]; I3:[3]; I4:[4]; A2:[5 6]; I9:[9]; I7:[7]; A3:[10 14]; I8:[8]; I13:[13]; A4:[11 12 15 18]; I16:[16]; A5:[17 19 20 21 22 23 24 25 26 27 28 29 30 31 32 33]; I34:[34]; A6:[35 36 37 38 39 40 41]; I42:[42];
j400502_10,2731.1725792606144,I1:[1]; A1:[2 3 4 5 6 7 8 11 14 18 27]; I9:[9]; A2:[10 12 13 23]; I15:[15]; I19:[19]; I32:[32]; A3:[16 17 22 26]; I20:[20]; A4:[21]; I40:[40]; I24:[24]; A5:[25 28 29 30 31 33 34 35 36 37 38 41]; I39:[39]; I42:[42];
j400602_1,2818.6195137441573,I1:[1]; A1:[2 9]; I3:[3]; A2:[4 5 6 7 8 10 12 14 15 19]; A3:[11 13 16 17 18 20 21 22 23 24 25 26 27 28 29]; I41:[41]; I30:[30]; A4:[31 36]; I32:[32]; I39:[39]; I40:[40]; I33:[33]; I38:[38]; A5:[34 35 37]; I42:[42];
j400602_2,2344.6656819342134,I1:[1]; I40:[40]; A1:[2 3 4 36 38 39 41]; I35:[35]; I5:[5]; A2:[6 7 32 33 34 37]; I8:[8]; I31:[31]; A3:[9 10 11 12 13 14 15 28 29 30]; I16:[16]; I26:[26]; I17:[17]; A4:[18 19 20 21 22 23 24 25 27]; I42:[42];
j400602_3,2780.9582536959692,I1:[1]; A1:[2 3 4 5 7 9 16]; I6:[6]; I32:[32]; I8:[8]; A2:[10 11 12 41]; I13:[13]; A3:[14 15 24 25 31]; I17:[17]; I29:[29]; I21:[21]; A4:[18 19 20 22 23 26 27 28 30 33 34 35 36 37 38 39]; I40:[40]; I42:[42];
j400602_4,2619.3513034759844,I1:[1]; A1:[2 3 4 5 6 7 8 9 10 11 12 13 21 26 28 40 41]; I15:[15]; I14:[14]; A2:[16 17 18 19 20 32 34 39]; I22:[22]; I31:[31]; I23:[23]; I37:[37]; A3:[24]; I25:[25]; A4:[27 29 36 38]; I30:[30]; A5:[33 35]; I42:[42];
j400602_5,3057.193926251393,I1:[1]; A1:[2]; I5:[5]; A2:[3 4]; A3:[6 7 8 9 10 11 12]; I13:[13]; I16:[16]; A4:[14 15 17 18 19]; A5:[20 22]; I21:[21]; A6:[23 24 25]; I28:[28]; I26:[26]; A7:[27 29 30 31 32 33]; I35:[35]; I38:[38]; A8:[34 36 37 39 40 41]; I42:[42];
j400602_6,2926.280961488111,I1:[1]; A1:[2 3]; I4:[4]; I7:[7]; A2:[5 6 8 17]; I11:[11]; A3:[9 10 12 13 41]; A4:[14 15 16 18 19 24 25 29 33 39 40]; I21:[21]; A5:[20 22 23 26 31 37]; I38:[38]; I27:[27]; A6:[28 30 32]; I34:[34]; I36:[36]; A7:[35]; I42:[42];
j400602_7,2794.4743145326793,I1:[1]; A1:[2 3 4 5 6 7 8 9 10 11 12 13 14 15 19]; I17:[17]; I16:[16]; I18:[18]; I26:[26]; A2:[20 21 22 23 24 25 27 31]; I28:[28]; I29:[29]; A3:[30 32 33 34 35 36 39 40 41]; I37:[37]; I38:[38]; I42:[42];
j400602_8,2970.966285971852,I1:[1]; A1:[2 7]; I3:[3]; A2:[4]; I5:[5]; A3:[6 8 10 12 14]; I9:[9]; A4:[11 13 15 16 18]; I17:[17]; I20:[20]; A5:[19 21 22]; I23:[23]; I25:[25]; A6:[24 26 27 28 29 30 31 32 34 41]; I33:[33]; A7:[35 36 37 38 39 40]; I42:[42];
j400602_9,2626.912291870626,I1:[1]; A1:[2 3 4 6]; I5:[5]; I11:[11]; A2:[7 8 9]; I10:[10]; A3:[12]; I13:[13]; A4:[14 15 16 17 18 19 20 21 22 23]; I25:[25]; I26:[26]; A5:[24 27 28 29 30 31 32 33]; I34:[34]; A6:[35 36 37 38 39 40]; I41:[41]; I42:[42];
j400602_10,2809.8538086549916,I1:[1]; A1:[2 3 4 5 6 7 8 11 17 39 41]; I12:[12]; I9:[9]; I40:[40]; I31:[31]; A2:[10 13 14 15 16 18 19 20 21 28 35 36 37 38]; I30:[30]; I22:[22]; I23:[23]; A3:[24 25 26 33 34]; I27:[27]; A4:[29 32]; I42:[42];
j400702_1,3002.5092549439005,I1:[1]; A1:[2 3 4 5 32 33 36 37 38 39 40 41]; I34:[34]; I35:[35]; I6:[6]; A2:[7 8 9]; I10:[10]; A3:[11 31]; I12:[12]; A4:[13 14 15 16 17 30]; I18:[18]; A5:[19 20]; I21:[21]; A6:[22 23 24 25]; I26:[26]; A7:[27 28 29]; I42:[42];
j400702_2,2094.52375963087,I1:[1]; A1:[2 3 7]; I4:[4]; A2:[5 6 8 9 10 11 12 13 14 15 17 33 41]; I16:[16]; I18:[18]; I40:[40]; A3:[19 20 21 39]; I22:[22]; I38:[38]; A4:[23 24 29 36 37]; I25:[25]; A5:[26 27 28 30 35]; I31:[31]; A6:[32 34]; I42:[42];
j400702_3,2840.6073728518554,I1:[1]; A1:[2 3 4 5 7]; I6:[6]; A2:[8 9 10 11]; I15:[15]; I12:[12]; A3:[13 14 16 17 18 19 20 21 22 37]; I33:[33]; I28:[28]; A4:[23 24 25 26 27 29]; I41:[41]; I30:[30]; A5:[31 32 34 35 36 38 39]; I40:[40]; I42:[42];
j400702_4,2847.525355680191,I1:[1]; A1:[2]; I3:[3]; I4:[4]; I5:[5]; A2:[6 7 8 9 10 11 38 39 40 41]; I37:[37]; A3:[12 13 14 15 16 17 18 19 20 21 22 23 24 25 32 33 34 35 36]; I31:[31]; I26:[26]; I27:[27]; A4:[28 29]; I30:[30]; I42:[42];
j400702_5,2559.5238106870665,I1:[1]; A1:[2]; I3:[3]; A2:[4 5 6 7 8]; I9:[9]; A3:[10 11 12 13 14 15]; I16:[16]; I17:[17]; A4:[18]; I20:[20]; A5:[19 21 22 40 41]; I23:[23]; A6:[24 30 39]; I25:[25]; A7:[26 27 28 29 31 35 38]; I32:[32]; A8:[33 34 36 37]; I42:[42];
j400702_6,2524.4033631930524,I1:[1]; I2:[2]; A1:[3]; I4:[4]; A2:[5 6 7 8 9 10 11 12 13 22 25]; A3:[14 15 16 17 18 19 20 21 23 24 26 27 28 29 30 31 41]; I35:[35]; I37:[37]; I32:[32]; I40:[40]; A4:[33 34 36]; I38:[38]; I39:[39]; I42:[42];
j400702_7,3025.4381512486407,I1:[1]; I38:[38]; A1:[2 3 4 5 34 35 36 37 39 40 41]; I6:[6]; I7:[7]; I33:[33]; A2:[8 9 10 11 12 31 32]; I13:[13]; A3:[14 15 16 17 18 19 30]; I20:[20]; A4:[21 22 23]; I24:[24]; A5:[25 26 27]; I28:[28]; A6:[29]; I42:[42];
j400702_8,2507.9298953736247,I1:[1]; A1:[2 39 40]; I41:[41]; I3:[3]; A2:[4 16 38]; I5:[5]; A3:[6 7 8 37]; I9:[9]; A4:[10 11]; I12:[12]; A5:[13 14 15 35 36]; I17:[17]; I18:[18]; A6:[19 20 21 22 23 24 25 26 27 28 29 30 32 33 34]; I31:[31]; I42:[42];
j400702_9,2904.760835423748,I1:[1]; A1:[2 3 4 37 38 39 40 41]; I5:[5]; A2:[6 34 35 36]; I33:[33]; I7:[7]; A3:[8 9 10]; I11:[11]; I12:[12]; A4:[13 14 31 32]; I15:[15]; A5:[16 17 30]; I18:[18]; A6:[19 20]; I21:[21]; A7:[22 23 24 25 26 27 28 29]; I42:[42];
j400702_10,3007.633552238069,I1:[1]; I2:[2]; A1:[3 4 5 11]; I6:[6]; A2:[7 8 9 10 12 38 39 40 41]; I13:[13]; I37:[37]; A3:[14 15 16]; I17:[17]; A4:[18 32 33 34 35 36]; I19:[19]; I20:[20]; A5:[21 22 23 24 31]; I25:[25]; A6:[26 27 28 29 30]; I42:[42];
j400802_1,2998.3275585243136,I1:[1]; A1:[2 3 4 5 6 7 8 9 10 12 19]; I11:[11]; A2:[13]; I14:[14]; I18:[18]; A3:[15 16 17 20]; I21:[21]; A4:[22 23]; I26:[26]; A5:[24 25 27 39]; I28:[28]; A6:[29 30]; I31:[31]; I41:[41]; A7:[32 33 34 35 36 37 38 40]; I42:[42];
j400802_2,2965.0904536439157,I1:[1]; A1:[2 3 4 5 6 7 19 35]; I8:[8]; A2:[9]; I21:[21]; I10:[10]; A3:[11 12]; I13:[13]; A4:[14 15 16 41]; I17:[17]; A5:[18 20 22 23 24 40]; I25:[25]; A6:[26 27 28 29 39]; I30:[30]; I31:[31]; A7:[32 33 34 36 37 38]; I42:[42];
j400802_3,2991.5084888558113,I1:[1]; A1:[2 38 39 41]; I40:[40]; I37:[37]; I3:[3]; A2:[4 5 6 7 8 9 10 11 12 13 14 15 16]; I36:[36]; I35:[35]; I17:[17]; A3:[18 19 20 21 34]; I22:[22]; A4:[23 24 25]; I26:[26]; A5:[27 28 29 30 31 32 33]; I42:[42];
j400802_4,2790.992075767206,I1:[1]; A1:[2 3 4 5 6 7 8 9 10 11 12 13 14 15 16 17 18 40]; I19:[19]; I41:[41]; I20:[20]; I21:[21]; I39:[39]; A2:[22 23 24 25 38]; I26:[26]; A3:[27 28 29 37]; I30:[30]; A4:[31 32 33 34]; I35:[35]; A5:[36]; I42:[42];
j400802_5,2722.718869216235,I1:[1]; I41:[41]; A1:[2 3 4 37 38 39 40]; I5:[5]; A2:[6 7 8 9 10 11 12 13 14 15 16 35 36]; I17:[17]; I18:[18]; I19:[19]; A3:[20 21 22 23 24 34]; I25:[25]; A4:[26 27 28 29]; I30:[30]; I31:[31]; A5:[32 33]; I42:[42];
j400802_6,2531.8891232530787,I1:[1]; A1:[2 3 4 5 6 8 41]; I7:[7]; A2:[9 10 11]; I40:[40]; I12:[12]; A3:[13 14 15 16 29]; I17:[17]; A4:[18 19 38 39]; I20:[20]; A5:[21 22 23 24 25 37]; I26:[26]; A6:[27 28]; I30:[30]; A7:[31]; I32:[32]; A8:[33 34 35 36]; I42:[42];
j400802_7,2943.8308069690474,I1:[1]; A1:[2 3 4 5]; I6:[6]; A2:[7]; I8:[8]; A3:[9 10]; I11:[11]; A4:[12 13 14 15 16 17 18 19 23]; I20:[20]; I21:[21]; I22:[22]; A5:[24 25]; I27:[27]; I26:[26]; A6:[28 29 30 31 32 33 34 35 36 37 38 39 40 41]; I42:[42];
j400802_8,2846.5156948628983,I1:[1]; A1:[2 3 4 5 6 7 8 16]; I9:[9]; A2:[10 11 13 14]; I12:[12]; I15:[15]; I20:[20]; A3:[17 18 19 21 22 23 24 25 26]; I27:[27]; I28:[28]; A4:[29 30 31 32 33 34 35 36 37 39]; I38:[38]; I40:[40]; A5:[41]; I42:[42];
j400802_9,2965.1753830476864,I1:[1]; A1:[2 3]; I41:[41]; I4:[4]; A2:[5 6 7 8 9 10 11 12 13 14 26 40]; I15:[15]; I18:[18]; A3:[16 17 19 20 21 22 23 24 36 37 39]; I25:[25]; I38:[38]; A4:[27 28]; I29:[29]; I30:[30]; A5:[31 32 33 34 35]; I42:[42];
j400802_10,2862.014733333287,I1:[1]; A1:[2]; I3:[3]; A2:[4 5 6 7 8 9 10 11 12 31]; I13:[13]; A3:[14 15 16 17 21]; I18:[18]; I28:[28]; A4:[19 20]; I25:[25]; I22:[22]; A5:[23 24 26 27 29 30 32 35]; I33:[33]; A6:[34 36 37 38 39 41]; I40:[40]; I42:[42];
j400902_1,2835.9931077783726,I1:[1]; A1:[2 3 4 5 6 7 8]; I9:[9]; A2:[10]; I11:[11]; A3:[12 13 14]; I15:[15]; I16:[16]; A4:[17 18 19 20 21 22 23]; I24:[24]; I25:[25]; A5:[26 27 28 29 30 31 41]; I32:[32]; A6:[33 34 35 36 37 38 39]; I40:[40]; I42:[42];
j400902_2,2847.1947776917827,I1:[1]; I2:[2]; A1:[3 40 41]; I4:[4]; A2:[5 6 7 8]; I9:[9]; I10:[10]; I39:[39]; A3:[11 12 13]; I14:[14]; A4:[15 16 17 18 19 20]; I38:[38]; A5:[21 22 23 24 25 26 27 28 29 30 31]; I32:[32]; A6:[33 34 35 36 37]; I42:[42];
j400902_3,2713.851180047655,I1:[1]; I2:[2]; A1:[3 4 5 6 7 8 9 10 11 12]; I13:[13]; A2:[14]; I15:[15]; A3:[16 17 18 19 32]; I20:[20]; I35:[35]; A4:[21 22 23 27]; I24:[24]; A5:[25 26]; I28:[28]; A6:[29 30 31 33 34]; I36:[36]; A7:[37 38 39 40 41]; I42:[42];
j400902_4,3068.60523074464,I1:[1]; A1:[2 3 4 5 40 41]; I39:[39]; I6:[6]; A2:[7 8 9 10 11 12 13 14 38]; I15:[15]; I16:[16]; A3:[17 18 19]; I20:[20]; A4:[21]; I22:[22]; A5:[23 24 25 26 27 28 29 30 31 32 33]; I34:[34]; A6:[35]; I36:[36]; A7:[37]; I42:[42];
j400902_5,2629.0886032023623,I1:[1]; A1:[2 3]; I4:[4]; I5:[5]; A2:[6 7 41]; I8:[8]; I9:[9]; I40:[40]; A3:[10 11 12]; I13:[13]; A4:[14 15 16 17]; I18:[18]; A5:[19 20 21 22 23 24 25 26 27 28 29 30]; I31:[31]; A6:[32 33 34 35 36 37 38 39]; I42:[42];
j400902_6,2988.16431071368,I1:[1]; A1:[2 3 4 5 6 7 8 9 10 11 12 13 14 15 16 17 41]; I18:[18]; A2:[19 20]; I21:[21]; A3:[22 23 24 34 40]; I25:[25]; A4:[26 27]; I28:[28]; I29:[29]; I30:[30]; A5:[31 32 33 35]; I36:[36]; A6:[37]; I38:[38]; A7:[39]; I42:[42];
j400902_7,3004.2245845242014,I1:[1]; A1:[2 3 4]; I5:[5]; A2:[6 7 8 9 10]; I11:[11]; A3:[12]; I13:[13]; A4:[14 15 16 17 18 19 20 21 22 23 24 25 26 27]; I28:[28]; I29:[29]; A5:[30]; I31:[31]; A6:[32 33 34 35 38]; I36:[36]; I37:[37]; A7:[39 40 41]; I42:[42];
j400902_8,3107.3204560598124,I1:[1]; I41:[41]; A1:[2 3 4]; I5:[5]; I6:[6]; I7:[7]; A2:[8 9 10 11 12 13 14 15 16 17 18 19 20 21 22 23 24]; I25:[25]; I26:[26]; A3:[27 28 29 31 40]; I30:[30]; A4:[32 33 34 35 36 39]; I37:[37]; A5:[38]; I42:[42];
j400902_9,2590.971792132131,I1:[1]; A1:[2 3 4 24]; I5:[5]; A2:[6]; I7:[7]; A3:[8 9 10 11 12 13 14 15]; I16:[16]; A4:[17 18 19 20 21 22 23 25 26 27 28 29 30]; I31:[31]; A5:[32 34]; I33:[33]; I35:[35]; I36:[36]; A6:[37 38]; I39:[39]; A7:[40 41]; I42:[42];
j400902_10,2891.81307342875,I1:[1]; A1:[2]; I3:[3]; A2:[4]; I5:[5]; A3:[6 7 8 9 10 11 12 13 14 15 16 39 41]; I17:[17]; I38:[38]; I40:[40]; A4:[18 19 20 21 22]; I23:[23]; A5:[24 25 26 27]; I28:[28]; A6:[29 30 31 32 33 34]; I35:[35]; A7:[36 37]; I42:[42];
j401002_1,3011.642254200657,I1:[1]; A1:[2 3 4 5 6 7 8 9 10 11]; I12:[12]; A2:[13]; I14:[14]; A3:[15]; I16:[16]; A4:[17 18 19 20 21 22 23]; I24:[24]; A5:[25 26 27 28 29]; I30:[30]; A6:[31]; I32:[32]; A7:[33]; I34:[34]; A8:[35 36 37 38 39]; I40:[40]; A9:[41]; I42:[42];
j401002_2,2935.146994518815,I1:[1]; A1:[2 3 4 5 6 7]; I8:[8]; A2:[9 10]; I11:[11]; I12:[12]; I13:[13]; A3:[14 15]; I16:[16]; A4:[17 18 19 20 21 22 23 24 25 26 27]; I28:[28]; A5:[29 30 31 32 33 34 35]; I36:[36]; A6:[37 38 39 40]; I41:[41]; I42:[42];
j401002_3,2814.0787013565614,I1:[1]; A1:[2]; I3:[3]; I4:[4]; A2:[5 6 7 8 9 10]; I11:[11]; A3:[12 13]; I14:[14]; A4:[15 16 17]; I18:[18]; A5:[19 20 21 22 23 24 25 26 27]; I28:[28]; I29:[29]; A6:[30 31 32 33]; I34:[34]; A7:[35 36 37 38 39 40 41]; I42:[42];
j401002_4,2867.9284486885495,I1:[1]; A1:[2]; I3:[3]; A2:[4 5 6 7]; I8:[8]; A3:[9 10 11 12 13 14 15 16]; I17:[17]; A4:[18 19 20 21 22 23 24 25 26 27 28 29 30]; I31:[31]; I32:[32]; A5:[33 34]; I35:[35]; I36:[36]; A6:[37 38 39]; I40:[40]; A7:[41]; I42:[42];
j401002_5,2986.7297034645476,I1:[1]; A1:[2 3 4 5 6 7 8]; I9:[9]; A2:[10]; I11:[11]; A3:[12 13 14]; I15:[15]; A4:[16]; I17:[17]; A5:[18 19 20 21 22 23 24 25 26 27 28]; I29:[29]; A6:[30]; I31:[31]; A7:[32 33]; I34:[34]; A8:[35 36 37]; I38:[38]; A9:[39 40 41]; I42:[42];
j401002_6,2964.7518032323073,I1:[1]; A1:[2 3 4]; I5:[5]; A2:[6]; I7:[7]; A3:[8 9 10]; I11:[11]; A4:[12 13]; I14:[14]; A5:[15 16 17 18]; I19:[19]; A6:[20 21 22 23 24]; I25:[25]; A7:[26 27 28]; I29:[29]; A8:[30 31 32 33 34 35 36]; I37:[37]; A9:[38 39 40 41]; I42:[42];
j401002_7,2925.2114361241083,I1:[1]; I2:[2]; A1:[3]; I4:[4]; A2:[5]; I6:[6]; A3:[7 8 9]; I10:[10]; A4:[11 12 13 14 15 16 17 18]; I19:[19]; A5:[20]; I21:[21]; I22:[22]; A6:[23 24 25 26 27 28 29 30 31 32 33 34 35 36 37 38 39 40]; I41:[41]; I42:[42];
j401002_8,2867.436810577222,I1:[1]; I2:[2]; I3:[3]; A1:[4 5 6 7]; I8:[8]; I9:[9]; I10:[10]; I11:[11]; A2:[12 13 14 15 16 17 18 19 20 21 22]; I23:[23]; A3:[24]; I25:[25]; A4:[26 27 28 29 30 31 32 33 34 35 36 37 38 39 40 41]; I42:[42];
j401002_9,2998.14162572851,I1:[1]; A1:[2 3 4]; I5:[5]; A2:[6 7 8 9 10 11]; I12:[12]; A3:[13]; I14:[14]; A4:[15 16 17]; I18:[18]; A5:[19 20 21 22 23 24 25 26 27 28 29 30 31]; I32:[32]; A6:[33]; I34:[34]; A7:[35 36 37 38]; I39:[39]; A8:[40]; I41:[41]; I42:[42];
j401002_10,2911.2766748252566,I1:[1]; A1:[2]; I3:[3]; A2:[4 5 6 7 8 9]; I10:[10]; A3:[11 12 13 14 15]; I16:[16]; A4:[17]; I18:[18]; A5:[19 20 21 22]; I23:[23]; I24:[24]; A6:[25 26 27]; I28:[28]; A7:[29 30]; I31:[31]; A8:[32 33 34 35 36 37 38 39 40 41]; I42:[42];
j200103_1,1240.1989456727385,I1:[1]; I16:[16]; I21:[21]; I18:[18]; I6:[6]; A1:[2 3 4 5 14 15 19 20]; I13:[13]; A2:[7 8 9 10 11 17]; I12:[12]; I22:[22];
j200103_2,1373.2308273287854,I1:[1]; A1:[2 4 6 7]; I3:[3]; I5:[5]; I20:[20]; I10:[10]; I11:[11]; I12:[12]; A2:[8 9 13 14 15 16 17 18 19 21]; I22:[22];
j200103_3,1193.8784214757507,I1:[1]; I6:[6]; I17:[17]; I10:[10]; I4:[4]; A1:[2 3 5 7 8 9 12 18 19 20 21]; I16:[16]; I11:[11]; A2:[13 14 15]; I22:[22];
j200103_4,1336.7324884803206,I1:[1]; I18:[18]; A1:[2 3 5 13 19 20 21]; I4:[4]; I6:[6]; I7:[7]; I10:[10]; I17:[17]; A2:[8 9 11 12 14 15 16]; I22:[22];
j200103_5,1420.013245151631,I1:[1]; I16:[16]; I15:[15]; I18:[18]; I2:[2]; A1:[3 11 12 13 14 17 19 20 21]; I5:[5]; I4:[4]; A2:[6 7 8 9 10]; I22:[22];
j200103_6,1476.7138986652647,I1:[1]; I15:[15]; I3:[3]; A1:[2 5 6 13 16 17 18 20]; I14:[14]; I21:[21]; I4:[4]; I11:[11]; A2:[7 8 9 10 12 19]; I22:[22];
j200103_7,1287.001632981599,I1:[1]; I3:[3]; I14:[14]; I19:[19]; A1:[4 5 10 12 13 17 21]; I2:[2]; I15:[15]; I8:[8]; A2:[6 7 9 11 16 18 20]; I22:[22];
j200103_8,1348.364793098048,I1:[1]; I7:[7]; I8:[8]; A1:[2 3 4 5 6 9 10 17 18 21]; I13:[13]; I19:[19]; A2:[12 14 15 16]; I20:[20]; I11:[11]; I22:[22];
j200103_9,1273.6270316272412,I1:[1]; I6:[6]; I4:[4]; I17:[17]; A2:[3 7 14 15 16 18 19 20]; A1:[2 5 9 12 13 21]; I10:[10]; I8:[8]; I11:[11]; I22:[22];
j200103_10,1189.77892187517,I1:[1]; I2:[2]; I7:[7]; I20:[20]; I5:[5]; A1:[3 4 6 8 18 19 21]; I14:[14]; I12:[12]; A2:[9 10 11 13 15 16 17]; I22:[22];
j200203_1,1320.6446069572494,I1:[1]; I9:[9]; I6:[6]; A1:[2 3 4 5 7 8 10 11 12 15 16 17]; I13:[13]; I20:[20]; A2:[14 21]; I19:[19]; I18:[18]; I22:[22];
j200203_2,1410.8446486908138,I1:[1]; I3:[3]; A1:[2 4 7 8]; I5:[5]; A2:[6]; I9:[9]; I10:[10]; I14:[14]; A3:[11 12 20 21]; I19:[19]; A4:[13 15 16 17 18]; I22:[22];
j200203_3,1287.3206181818887,I1:[1]; I8:[8]; I15:[15]; I2:[2]; A1:[3 6 16 17 18 19 20 21]; I13:[13]; I4:[4]; I12:[12]; A2:[5 7 9 10 11 14]; I22:[22];
j200203_4,1252.079883720368,I1:[1]; I4:[4]; I7:[7]; I6:[6]; I8:[8]; A1:[2 3 5 9 10 11 15]; I17:[17]; A2:[12 13 14 16 19 20 21]; I18:[18]; I22:[22];
j200203_5,1453.126204333661,I1:[1]; I3:[3]; A1:[5 7 10]; I2:[2]; A2:[6 8 9 12 15]; I4:[4]; I21:[21]; I13:[13]; A3:[11 14 20]; A4:[16 17 18]; I19:[19]; I22:[22];
j200203_6,974.6597419899731,I1:[1]; I5:[5]; A1:[2 3 4 6 7 8 9 11 19 20 21]; I14:[14]; I16:[16]; I18:[18]; A2:[12]; I10:[10]; I15:[15]; A3:[13 17]; I22:[22];
j200203_7,1425.7635896049046,I1:[1]; I3:[3]; I2:[2]; A1:[4 5 6 7 8]; A2:[10 11]; I9:[9]; A3:[12 13 14]; I19:[19]; I15:[15]; A4:[16 17 20 21]; I18:[18]; I22:[22];
j200203_8,1435.1240447362425,I1:[1]; I3:[3]; A2:[4]; A1:[2 5 8 9]; I7:[7]; I17:[17]; I21:[21]; I20:[20]; I19:[19]; A3:[6 10 11 12 13 14 15 16 18]; I22:[22];
j200203_9,1469.2819385795515,I1:[1]; I5:[5]; I2:[2]; A1:[3 6 9]; I4:[4]; I7:[7]; A2:[8 10 17]; I12:[12]; A3:[11]; I21:[21]; A4:[13 14 15 16 18 19 20]; I22:[22];
j200203_10,1251.0080339460603,I1:[1]; I20:[20]; I3:[3]; I17:[17]; I19:[19]; A1:[2 4 5 8 9 13 15 16 21]; A2:[6 7 14 18]; I11:[11]; I12:[12]; A3:[10]; I22:[22];
j200303_1,1132.2099836647492,I1:[1]; I13:[13]; I16:[16]; I20:[20]; I12:[12]; A1:[2 3 4 8 9 10 11 14 15 17 18 19 21]; I5:[5]; I6:[6]; A2:[7]; I22:[22];
j200303_2,1395.27736207607,I1:[1]; I2:[2]; A1:[3 4 5 7 8 17 18]; I15:[15]; I11:[11]; A2:[10 16]; I6:[6]; I9:[9]; A4:[13 14]; A3:[12 19 21]; I20:[20]; I22:[22];
j200303_3,1464.5824592977065,I1:[1]; I13:[13]; I7:[7]; I2:[2]; A1:[3 6]; I12:[12]; I8:[8]; A2:[4 5 9 10 19 20 21]; I15:[15]; A3:[11 14 16 17 18]; I22:[22];
j200303_4,1244.7157978295832,I1:[1]; I9:[9]; I6:[6]; A1:[2 3 4 5 7 10 14]; I20:[20]; I8:[8]; I21:[21]; I11:[11]; A2:[12 13 15 16 17 18 19]; I22:[22];
j200303_5,1298.0833878308797,I1:[1]; I5:[5]; A1:[2 4 8 9 12]; I13:[13]; I6:[6]; I18:[18]; I3:[3]; A2:[7 10 11 15 16 17 19 20 21]; I14:[14]; I22:[22];
j200303_6,1244.0045266516272,I1:[1]; I18:[18]; I2:[2]; I8:[8]; I16:[16]; I5:[5]; I9:[9]; A1:[3 4 14 17 19 20 21]; A2:[6 7 10 11 12 13 15]; I22:[22];
j200303_7,1378.754717014001,I1:[1]; I2:[2]; I5:[5]; A1:[3 4]; A2:[6 8 9 11 18]; I13:[13]; I21:[21]; I7:[7]; I10:[10]; A3:[12 14 15 16 17 19 20]; I22:[22];
j200303_8,1340.4344087534814,I1:[1]; A1:[2 3 4 5 6 7 8 9 10 11 12 13 18 20]; I15:[15]; I16:[16]; I17:[17]; I21:[21]; I19:[19]; I14:[14]; I22:[22];
j200303_9,1411.1785909042424,I1:[1]; A1:[2 3 4 5]; I8:[8]; I9:[9]; A2:[6 7 12]; I10:[10]; I11:[11]; I13:[13]; A3:[14 15 16]; A4:[17 18 20 21]; I19:[19]; I22:[22];
j200303_10,1328.4904602727197,I1:[1]; I18:[18]; A1:[2 3 6 8 10 16 17 19 20]; I4:[4]; I13:[13]; I15:[15]; I5:[5]; I7:[7]; A2:[9 11 12 14 21]; I22:[22];
j200403_1,1339.9066613171067,I1:[1]; A1:[2 3 4 5 6]; I9:[9]; I16:[16]; I7:[7]; I13:[13]; A2:[8 10 11 12]; I20:[20]; A3:[15 19 21]; I14:[14]; A4:[17 18]; I22:[22];
j200403_2,1306.452550736727,I1:[1]; I5:[5]; A1:[2 3 4 6 7]; I10:[10]; I9:[9]; A2:[8]; I17:[17]; A3:[11]; I13:[13]; I12:[12]; A4:[14 15 16 18 19 20 21]; I22:[22];
j200403_3,1218.2625276734889,I1:[1]; I2:[2]; A1:[3]; I4:[4]; I7:[7]; A2:[5 6 8 9 12 13]; I10:[10]; I16:[16]; I11:[11]; A3:[14 15 17 18 19 20 21]; I22:[22];
j200403_4,1619.328762919048,I1:[1]; I14:[14]; A1:[2 3 5 6 12]; I8:[8]; A2:[4 7]; A3:[9 11]; I10:[10]; A4:[15]; I13:[13]; I18:[18]; A5:[16 17]; I19:[19]; A6:[20 21]; I22:[22];
j200403_5,1197.6402920204675,I1:[1]; I20:[20]; I21:[21]; I19:[19]; A1:[2 3 5 12 13]; I4:[4]; I10:[10]; I18:[18]; A2:[6 7 8 9 11 14 15 16 17]; I22:[22];
j200403_6,1303.5720076508878,I1:[1]; A1:[2 3 4 5 6 7 8 11 14 19]; I17:[17]; I20:[20]; I21:[21]; I9:[9]; I10:[10]; I16:[16]; A2:[12 13 15 18]; I22:[22];
j200403_7,1422.9942188533287,I1:[1]; A1:[2 3 4 5 7]; I6:[6]; I9:[9]; A2:[8 10 11]; I13:[13]; I12:[12]; A3:[15]; I16:[16]; I14:[14]; A4:[17 18 19 20 21]; I22:[22];
j200403_8,1319.9794533332426,I1:[1]; I12:[12]; I20:[20]; I21:[21]; I2:[2]; A1:[3]; I18:[18]; I8:[8]; A2:[4 5 6 11 14 15 16 17 19]; A3:[7 9 10 13]; I22:[22];
j200403_9,1432.105924553186,I1:[1]; I3:[3]; A1:[2 5]; I4:[4]; A2:[6 8]; I7:[7]; I9:[9]; A3:[10 11]; I12:[12]; I13:[13]; A4:[14 15 16 17 18 19 20 21]; I22:[22];
j200403_10,1311.4099925830265,I1:[1]; I2:[2]; I3:[3]; A1:[4 5 6 7 8 9 14 21]; I10:[10]; I18:[18]; I13:[13]; A2:[11 12 17 19 20]; I16:[16]; A3:[15]; I22:[22];
j200503_1,1438.2591917691568,I1:[1]; A1:[2 3 4 5 6 19 20 21]; I12:[12]; I9:[9]; I7:[7]; I18:[18]; A2:[8 10 11 14 15 17]; I13:[13]; I16:[16]; I22:[22];
j200503_2,1372.9737499523533,I1:[1]; A1:[2]; I3:[3]; A2:[4 5 6 7 8 9 10 12]; I11:[11]; I15:[15]; A3:[13 14]; I16:[16]; I21:[21]; A4:[17 18 20]; I19:[19]; I22:[22];
j200503_3,1133.5927396338311,I1:[1]; I21:[21]; A1:[2 6 7 9]; I3:[3]; I17:[17]; A2:[4 5 8 10 11 12 13 14 20]; I15:[15]; I19:[19]; A3:[16]; I18:[18]; I22:[22];
j200503_4,1455.4642610079773,I1:[1]; I8:[8]; A1:[2 3 4 5 17]; I10:[10]; I21:[21]; I6:[6]; A2:[7 9 11 12 13 14 20]; I15:[15]; I16:[16]; A3:[18 19]; I22:[22];
j200503_5,1404.6217616931926,I1:[1]; I5:[5]; A1:[2 9]; I3:[3]; I21:[21]; A2:[4 6 10 12 17 20]; I7:[7]; I8:[8]; I11:[11]; A3:[13 14 15 16 18 19]; I22:[22];
j200503_6,1504.995657140364,I1:[1]; A1:[2]; I4:[4]; I3:[3]; A2:[6 7]; I5:[5]; A3:[8 9 10 11 12 15]; I14:[14]; A4:[13 16 17 18]; I21:[21]; A5:[20]; I19:[19]; I22:[22];
j200503_7,1509.372293896246,I1:[1]; A1:[2]; I3:[3]; I4:[4]; A2:[5 6 7]; I9:[9]; I8:[8]; A3:[10 12]; I13:[13]; A4:[14 15]; I11:[11]; A5:[16 17 18 19 20 21]; I22:[22];
j200503_8,1516.3378443026045,I1:[1]; I2:[2]; A1:[3 6]; I4:[4]; I8:[8]; I5:[5]; A2:[7 9 10 11 12 13 14 15 16 17 18 21]; I19:[19]; I20:[20]; I22:[22];
j200503_9,1192.9187150050675,I1:[1]; I2:[2]; I15:[15]; I3:[3]; A1:[4 5 14 16 17 18 19 20 21]; I6:[6]; I13:[13]; A2:[7 8 9 10 12]; I11:[11]; I22:[22];
j200503_10,1303.6232506512424,I1:[1]; I3:[3]; A1:[2 4 5 6 7 8 9 10]; I11:[11]; I15:[15]; A2:[12]; A3:[13 14 16]; A4:[19]; I17:[17]; I20:[20]; I18:[18]; A5:[21]; I22:[22];
j200603_1,1483.3887650146517,I1:[1]; A2:[4]; I2:[2]; A1:[3 5 6 7 9]; I8:[8]; A3:[10 12]; I11:[11]; I13:[13]; I14:[14]; A4:[15 16]; A5:[17 18 19]; I20:[20]; A6:[21]; I22:[22];
j200603_2,1326.9958425770596,I1:[1]; I4:[4]; A1:[2 3]; I11:[11]; A2:[5 6 7 8 9 10]; I13:[13]; I12:[12]; A3:[14 17]; I15:[15]; A4:[16 18 20 21]; I19:[19]; I22:[22];
j200603_3,1571.1168727301094,I1:[1]; I8:[8]; I2:[2]; A1:[3 19 20]; I4:[4]; A2:[5 6 11 13 18 21]; I7:[7]; I9:[9]; A3:[10 17]; I12:[12]; A4:[14 15 16]; I22:[22];
j200603_4,1338.4404626073524,I1:[1]; A1:[2 3 4 5 6 7 8 9 10 13 15 18]; I11:[11]; I12:[12]; I14:[14]; I16:[16]; A2:[20 21]; I17:[17]; I19:[19]; I22:[22];
j200603_5,1696.2173103488014,I1:[1]; A1:[2 3 4 5 6 7]; I9:[9]; I8:[8]; A2:[10 11 12]; I13:[13]; A3:[14 15]; I16:[16]; I17:[17]; A4:[18 20]; I19:[19]; A5:[21]; I22:[22];
j200603_6,1111.0377563487307,I1:[1]; I2:[2]; I5:[5]; A1:[3 4 6 7 8 9 10 11 12 13 14 15 16 18]; I17:[17]; I21:[21]; I19:[19]; I20:[20]; I22:[22];
j200603_7,1190.2675089778231,I1:[1]; I4:[4]; A1:[2 20]; I3:[3]; I19:[19]; A2:[5 6 7 8 18 21]; I17:[17]; I15:[15]; I16:[16]; A3:[9 10 11 12 13 14]; I22:[22];
j200603_8,1914.9047065565965,I1:[1]; A1:[2 3 5]; I4:[4]; I6:[6]; A2:[7 8 9]; I10:[10]; I11:[11]; I14:[14]; A3:[12 13 15 18]; I16:[16]; A4:[17 19 20 21]; I22:[22];
j200603_9,1324.2816416903584,I1:[1]; A1:[2 3]; I4:[4]; I6:[6]; A2:[5 7 8 12]; I9:[9]; I15:[15]; A3:[10 11 13 14 16 17 18 19]; I20:[20]; I21:[21]; I22:[22];
j200603_10,1247.1229061451927,I1:[1]; I21:[21]; A1:[2 3 4 5 6 7 8 9 17 20]; I10:[10]; I11:[11]; I16:[16]; I12:[12]; A2:[13 14 15 19]; I18:[18]; I22:[22];
j200703_1,1575.1275562773383,I1:[1]; A1:[2 3 5]; I4:[4]; I6:[6]; I10:[10]; A2:[7 8 9 11]; I12:[12]; A3:[13 14 15 16 17 18 20]; I19:[19]; I21:[21]; I22:[22];
j200703_2,1305.1421047743636,I1:[1]; A1:[2 6]; I3:[3]; A2:[4 5 7 8 9 10 12]; I16:[16]; I11:[11]; I13:[13]; I14:[14]; I18:[18]; A3:[15 17 19 20 21]; I22:[22];
j200703_3,1280.3461834197944,I1:[1]; I2:[2]; A1:[3 4 5 6 7 8]; I9:[9]; A2:[10 11 12 13 14]; I15:[15]; I18:[18]; A3:[16 17]; I19:[19]; I21:[21]; A4:[20]; I22:[22];
j200703_4,1382.3122545522685,I1:[1]; A1:[2 3 4 5 20 21]; I6:[6]; A2:[7 8 9 10 17 18 19]; I11:[11]; I16:[16]; A3:[12]; I13:[13]; I14:[14]; I15:[15]; I22:[22];
j200703_5,1614.589231298508,I1:[1]; I2:[2]; I3:[3]; A1:[4]; I5:[5]; I6:[6]; A2:[7 8 9 10 11 13 14]; I12:[12]; A3:[15 16 17 21]; I18:[18]; A4:[19 20]; I22:[22];
j200703_6,1414.2580809813958,I1:[1]; I2:[2]; A1:[3 4 5 8]; I6:[6]; A2:[7 9 13]; I10:[10]; I11:[11]; I12:[12]; A3:[14 15 16 17]; I19:[19]; A4:[18 21]; A5:[20]; I22:[22];
j200703_7,1361.9304258566203,I1:[1]; A1:[2 4]; I3:[3]; I5:[5]; A2:[6 7]; I8:[8]; I9:[9]; A3:[10 11 13 17]; I12:[12]; A4:[14 15 16 18]; I20:[20]; A5:[19 21]; I22:[22];
j200703_8,1462.1888743742425,I1:[1]; A1:[2]; I4:[4]; I3:[3]; I10:[10]; I5:[5]; A2:[6 7]; I8:[8]; A3:[9 11 12 13 14 15 16 17 19 21]; I18:[18]; A4:[20]; I22:[22];
j200703_9,1348.3297567445034,I1:[1]; I2:[2]; I3:[3]; A1:[4]; I5:[5]; A2:[6 7 8 9 10 11 12 16 17 18 19 20 21]; I13:[13]; I14:[14]; I15:[15]; I22:[22];
j200703_10,1501.871728629838,I1:[1]; A1:[2]; I3:[3]; A2:[4 5 6 7 8 9 13 18 20 21]; I10:[10]; I19:[19]; A3:[11]; I12:[12]; I14:[14]; A4:[15 17]; I16:[16]; I22:[22];
j200803_1,1527.346466902267,I1:[1]; A1:[2 3 7 9]; I4:[4]; I5:[5]; I6:[6]; A2:[8 10 11 12]; I13:[13]; A3:[14 15 16 18]; I17:[17]; I19:[19]; A4:[20 21]; I22:[22];
j200803_2,1123.8194091485811,I1:[1]; A1:[2 3 4 5 6 13]; I7:[7]; A2:[8 12]; I9:[9]; I10:[10]; I11:[11]; I14:[14]; A3:[15 16 17 18 19 20]; I21:[21]; I22:[22];
j200803_3,1360.6699367274884,I1:[1]; A1:[2 3 4 5]; I6:[6]; A2:[7 8 9]; I10:[10]; A3:[11 14]; I12:[12]; A4:[13 17]; I15:[15]; A5:[16]; I18:[18]; I21:[21]; A6:[19 20]; I22:[22];
j200803_4,1469.7135021635895,I1:[1]; I2:[2]; I21:[21]; A1:[3 4 5 6 7 8]; I10:[10]; I9:[9]; A2:[11 12 13 14 17]; I15:[15]; A3:[16 18 20]; I19:[19]; I22:[22];
j200803_5,1461.3346725801534,I1:[1]; A1:[2 3 13 20 21]; I4:[4]; A2:[5]; I6:[6]; I7:[7]; A3:[8]; I9:[9]; A4:[10 11 12 14]; I15:[15]; I16:[16]; A5:[17 18 19]; I22:[22];
j200803_6,1666.192431568044,I1:[1]; I2:[2]; A1:[3 4 10]; I5:[5]; A2:[6]; I7:[7]; I13:[13]; I8:[8]; A3:[9 11 12 14 15 17 19]; I16:[16]; A4:[18 20 21]; I22:[22];
j200803_7,1692.8103251040584,I1:[1]; A1:[2]; I3:[3]; A2:[4 5 6 12]; I7:[7]; A3:[8 9]; I10:[10]; I15:[15]; A4:[11 13]; I14:[14]; I21:[21]; A5:[16 17 18 19 20]; I22:[22];
j200803_8,1438.0942302252715,I1:[1]; I21:[21]; A1:[2 3 4 5 9]; I6:[6]; A2:[7]; I8:[8]; I10:[10]; I11:[11]; A3:[12 13 14 15 16 17 18 20]; I19:[19]; I22:[22];
j200803_9,1668.7088662615533,I1:[1]; A1:[2]; I3:[3]; A2:[4 5 6 7 8 17 20]; I9:[9]; I10:[10]; A3:[11 12 19 21]; I13:[13]; I14:[14]; I15:[15]; A4:[16 18]; I22:[22];
j200803_10,1788.2966387386791,I1:[1]; A1:[2 3 4]; I5:[5]; I6:[6]; A2:[7 9]; I8:[8]; A3:[10 11 12 13 14 15 16]; I18:[18]; I20:[20]; A4:[17 19]; I21:[21]; I22:[22];
j200903_1,1469.3860861277547,I1:[1]; I2:[2]; A1:[3]; I4:[4]; A2:[5 6 7 8 9 10 11 21]; I12:[12]; A3:[13]; I14:[14]; A4:[15]; I16:[16]; A5:[17]; I18:[18]; A6:[19 20]; I22:[22];
j200903_2,1571.1783601078744,I1:[1]; A1:[2 3 13]; I4:[4]; I5:[5]; I6:[6]; A2:[7 8]; I9:[9]; A3:[10 11 12 14 15 16 17 21]; I18:[18]; A4:[19]; I20:[20]; I22:[22];
j200903_3,1590.3287543162944,I1:[1]; I2:[2]; A1:[3 4 5 6 21]; I7:[7]; A2:[8]; I9:[9]; A3:[10]; I11:[11]; A4:[12]; I13:[13]; A5:[14 15 16 20]; I17:[17]; A6:[18 19]; I22:[22];
j200903_4,1677.7160559874824,I1:[1]; A1:[2 3 4]; I5:[5]; A2:[6 7 8 9]; I10:[10]; A3:[11]; I12:[12]; A4:[13]; I14:[14]; A5:[15 19]; I16:[16]; A6:[17 18 21]; I20:[20]; I22:[22];
j200903_5,1318.1357551475294,I1:[1]; I2:[2]; I3:[3]; I4:[4]; A1:[5 6 7 8 9 10 11 12 13]; I14:[14]; A2:[15 16 17 21]; I18:[18]; A3:[19]; I20:[20]; I22:[22];
j200903_6,1430.2293247306413,I1:[1]; I2:[2]; A1:[3 4 5 6 15]; I7:[7]; A2:[8]; I9:[9]; A3:[10 11]; I12:[12]; I13:[13]; A4:[14]; I16:[16]; A5:[17 18 19 20 21]; I22:[22];
j200903_7,1886.6712926835553,I1:[1]; A1:[2 3]; I4:[4]; A2:[5]; I6:[6]; A3:[7 8 9]; I10:[10]; A4:[11 12 13 17]; I14:[14]; I15:[15]; A5:[16 18 19 20]; I21:[21]; I22:[22];
j200903_8,1472.4246453365108,I1:[1]; A1:[2 3 4 5]; I6:[6]; A2:[7]; I8:[8]; I9:[9]; I10:[10]; A3:[11 12 13 14 16 18]; I15:[15]; A4:[17 19 20]; I21:[21]; I22:[22];
j200903_9,1190.7888632062272,I1:[1]; I2:[2]; I12:[12]; A1:[3]; I4:[4]; A2:[5 6 7 8 9 10]; I11:[11]; I13:[13]; A3:[14 15 16]; I17:[17]; A4:[18 19 20 21]; I22:[22];
j200903_10,1683.068930092621,I1:[1]; A1:[2 3]; I4:[4]; A2:[5 6 7]; I9:[9]; A3:[8 10 11 12]; I13:[13]; A4:[14]; I15:[15]; A5:[16]; I17:[17]; A6:[18 19]; I20:[20]; A7:[21]; I22:[22];
j201003_1,1606.345287595711,I1:[1]; A1:[2]; I3:[3]; A2:[4 5 6]; I7:[7]; A3:[8]; I9:[9]; A4:[10]; I11:[11]; A5:[12 13 14 15 16 17 18]; I19:[19]; I20:[20]; A6:[21]; I22:[22];
j201003_2,1643.1714123050738,I1:[1]; A1:[2 3]; I4:[4]; A2:[5 6 7 8 9 10]; I11:[11]; A3:[12]; I13:[13]; A4:[14 15 16]; I17:[17]; I18:[18]; A5:[19 20]; I21:[21]; I22:[22];
j201003_3,1516.0033690016471,I1:[1]; A1:[2]; I3:[3]; I4:[4]; A2:[5 6 7 8 9]; I10:[10]; A3:[11 12 13]; I14:[14]; I15:[15]; I16:[16]; A4:[17 18 19 20 21]; I22:[22];
j201003_4,1505.7689648714088,I1:[1]; A1:[2 3 4]; I5:[5]; A2:[6 7 8 9 10 11]; I12:[12]; A3:[13]; I14:[14]; I15:[15]; I16:[16]; A4:[17 18 19]; I20:[20]; A5:[21]; I22:[22];
j201003_5,1633.6708238735034,I1:[1]; A1:[2 3 4 5]; I6:[6]; A2:[7 8 9 10 11]; I12:[12]; I13:[13]; A3:[14]; I15:[15]; A4:[16]; I17:[17]; A5:[18]; I19:[19]; A6:[20 21]; I22:[22];
j201003_6,1545.7070993557882,I1:[1]; A1:[2]; I3:[3]; I4:[4]; A2:[5 6]; I7:[7]; A3:[8]; I9:[9]; A4:[10 11 12 13 14]; I15:[15]; I16:[16]; A5:[17 18 19 20 21]; I22:[22];
j201003_7,1613.8985671774412,I1:[1]; A1:[2]; I3:[3]; I4:[4]; A2:[5 6 7 8 9 10 11 12 13]; I14:[14]; A3:[15 16]; I17:[17]; A4:[18]; I19:[19]; I20:[20]; A5:[21]; I22:[22];
j201003_8,1482.561349758604,I1:[1]; I2:[2]; A1:[3]; I4:[4]; I5:[5]; A2:[6]; I7:[7]; A3:[8 9 10 11 12 13 14]; I15:[15]; I16:[16]; A4:[17 18 19 20 21]; I22:[22];
j201003_9,1585.270131612504,I1:[1]; A1:[2]; I3:[3]; A2:[4]; I5:[5]; A3:[6]; I7:[7]; A4:[8 9 10 11 12 13]; I14:[14]; I15:[15]; A5:[16 17]; I18:[18]; A6:[19 20 21]; I22:[22];
j201003_10,1503.3779857522304,I1:[1]; I2:[2]; I3:[3]; I4:[4]; A1:[5 6 7 8]; I9:[9]; A2:[10 11]; I12:[12]; A3:[13 14 15 16]; I17:[17]; A4:[18 19 20 21]; I22:[22];
j300103_1,1902.1410173155916,I1:[1]; I25:[25]; I30:[30]; I11:[11]; I4:[4]; I29:[29]; I3:[3]; I24:[24]; I27:[27]; A2:[6 7 8 10 13 14 26 31]; A1:[2 5 9 12 28]; I16:[16]; A3:[15 17 18 19 20 21 22 23]; I32:[32];
j300103_2,1574.9675874842676,I1:[1]; I8:[8]; I17:[17]; I9:[9]; I6:[6]; A1:[2 3 4 5 7 10 12 14 16 31]; I18:[18]; I24:[24]; I11:[11]; I26:[26]; I13:[13]; A3:[19 22 23 25 27 28 29 30]; A2:[15 20 21]; I32:[32];
j300103_3,1633.30765611709,I1:[1]; I28:[28]; A1:[2]; I20:[20]; I17:[17]; I31:[31]; I4:[4]; I16:[16]; I27:[27]; A2:[5 6 7 10 11 12 13 15 23 24 29 30]; I3:[3]; A3:[8 14 18 19 21 22 25 26]; I9:[9]; I32:[32];
j300103_4,1896.0235029647583,I1:[1]; I14:[14]; I17:[17]; I16:[16]; A1:[2 3 4 5 7 8 9 10 11 12 13 15 29 30 31]; I26:[26]; I6:[6]; I21:[21]; I28:[28]; I25:[25]; A2:[19 20 22 23 24 27]; I18:[18]; I32:[32];
j300103_5,1649.861895816333,I1:[1]; I3:[3]; I5:[5]; I21:[21]; I25:[25]; A1:[2 4 6 8 9 10 22 23 24 26 27 28 29 30]; I15:[15]; I7:[7]; I20:[20]; I11:[11]; I17:[17]; A2:[12 13 14 16 18 19 31]; I32:[32];
j300103_6,1847.0174842271372,I1:[1]; I30:[30]; I27:[27]; I8:[8]; I3:[3]; A1:[2 4 6 7 9 10 11 13 14 23 24 25 26 28 29 31]; I22:[22]; I17:[17]; I5:[5]; I12:[12]; A2:[15 18 19 20 21]; I16:[16]; I32:[32];
j300103_7,1884.7631752055008,I1:[1]; I17:[17]; I3:[3]; I16:[16]; A1:[2 4 5 6 8 9 18 19 31]; I10:[10]; I20:[20]; I11:[11]; I22:[22]; A2:[7 12 28 30]; A3:[13 14 15 29]; I25:[25]; I21:[21]; A4:[23 24 26 27]; I32:[32];
j300103_8,2015.7392562026916,I1:[1]; I18:[18]; I14:[14]; I19:[19]; I13:[13]; I29:[29]; I8:[8]; A1:[2 3 4 5 6 11 17 30 31]; I16:[16]; A2:[7 9 10 12 15 24 27]; A3:[20 22 23 26 28]; I25:[25]; I21:[21]; I32:[32];
j300103_9,1856.5055456946397,I1:[1]; I23:[23]; I12:[12]; I27:[27]; I10:[10]; I6:[6]; A1:[2 3 5 7 8 11 25 26 28 29 31]; A2:[4]; I9:[9]; I22:[22]; I21:[21]; I14:[14]; A3:[13 15 16 17 18 19 20 24 30]; I32:[32];
j300103_10,1739.1084099769528,I1:[1]; I7:[7]; I28:[28]; I27:[27]; I3:[3]; I31:[31]; A1:[2 5 12 22 30]; I26:[26]; I23:[23]; A2:[4 6 10 11 14 18 21 29]; I8:[8]; I25:[25]; A3:[9 13 15 16 17 19 20 24]; I32:[32];
j300203_1,1832.106418451198,I1:[1]; I16:[16]; I17:[17]; I2:[2]; A2:[4 5 6 11 12 27]; A1:[3 9 10 25 26 29 30 31]; I7:[7]; I14:[14]; I22:[22]; I15:[15]; A3:[8 18 23 24 28]; I13:[13]; A4:[19 21]; I20:[20]; I32:[32];
j300203_2,1778.3685961093431,I1:[1]; I12:[12]; I5:[5]; A1:[3 4 9 16]; I2:[2]; I21:[21]; I6:[6]; I13:[13]; A2:[7 8 10 11 15 19 20]; I22:[22]; I23:[23]; I14:[14]; A3:[17 18 24 25 26 27 28 29 30 31]; I32:[32];
j300203_3,1992.9537991109403,I1:[1]; I15:[15]; I4:[4]; I12:[12]; A1:[2 3 5 6 8 10]; I17:[17]; I18:[18]; A2:[7 9 11 13]; I14:[14]; I24:[24]; I30:[30]; A3:[19 20 21 23 29 31]; I16:[16]; A4:[22 25 26 27 28]; I32:[32];
j300203_4,2171.7303829429206,I1:[1]; I5:[5]; I16:[16]; I9:[9]; A1:[2 3 4 6 7 10]; I20:[20]; I12:[12]; I11:[11]; A2:[8 13 14 18 19 21]; A3:[15 17 22 23 24 29 31]; I25:[25]; I26:[26]; A4:[27 30]; I28:[28]; I32:[32];
j300203_5,1949.9405184311522,I1:[1]; I16:[16]; I10:[10]; A1:[2 3 4 5 6 7 8 11 13]; I12:[12]; A2:[15 18 21 22]; I14:[14]; I9:[9]; I23:[23]; I19:[19]; A3:[17 20 24 29 31]; I28:[28]; A4:[25 26 30]; I27:[27]; I32:[32];
j300203_6,2117.4326409644254,I1:[1]; I2:[2]; I4:[4]; I29:[29]; A1:[3 5 6 7 8 30 31]; I11:[11]; I10:[10]; A2:[9 13 14 17 26 27 28]; I12:[12]; I18:[18]; I25:[25]; I16:[16]; A3:[15 19 20 21 22 23 24]; I32:[32];
j300203_7,2209.8363663728646,I1:[1]; I5:[5]; I2:[2]; I6:[6]; A1:[3 4 7 10 15 17]; I12:[12]; A2:[8 9 11 14 19 20 24]; I18:[18]; A3:[13 16 21 22 23 31]; I29:[29]; I26:[26]; A4:[28 30]; I25:[25]; I27:[27]; I32:[32];
j300203_8,1822.0047713718973,I1:[1]; I3:[3]; I12:[12]; I4:[4]; A1:[2 5 13]; I10:[10]; I8:[8]; I15:[15]; A2:[6 7 9 11 14 17 18 24]; I16:[16]; I29:[29]; A3:[19 20 21 23 30 31]; I25:[25]; A4:[22 26 27 28]; I32:[32];
j300203_9,1656.8770091125498,I1:[1]; I12:[12]; I9:[9]; A1:[2 3 5 6 7 10 17]; A2:[4 8 14]; I11:[11]; I30:[30]; I13:[13]; A3:[15 18 19 20 23 29]; I16:[16]; I28:[28]; I26:[26]; A4:[21 22 24 27 31]; I25:[25]; I32:[32];
j300203_10,1702.1379955911632,I1:[1]; I7:[7]; I11:[11]; I13:[13]; A1:[2 3 4 5 6 8 9 10 12 17 18 19 20 21 25 26 30]; I15:[15]; I14:[14]; I28:[28]; I31:[31]; I24:[24]; I29:[29]; A2:[16 22 23 27]; I32:[32];
j300303_1,1980.1613662421964,I1:[1]; I12:[12]; I2:[2]; I31:[31]; A1:[3 4 5 6 7 9 11 13 16 26 28 29]; I18:[18]; I14:[14]; I30:[30]; I8:[8]; A3:[17 21]; I25:[25]; A2:[10 19 20 23 24 27]; I15:[15]; A4:[22]; I32:[32];
j300303_2,2146.257937135422,I1:[1]; I8:[8]; A1:[2 3 4 6 7 11 15]; I10:[10]; I5:[5]; A2:[9 12 31]; I18:[18]; I13:[13]; I23:[23]; A3:[16 17 30]; I14:[14]; A4:[19]; I20:[20]; I22:[22]; A5:[21 24 26 27 28 29]; A6:[25]; I32:[32];
j300303_3,1581.0303874783945,I1:[1]; I2:[2]; I6:[6]; I31:[31]; I3:[3]; I30:[30]; A1:[4 5 7 8 10 11 13 14 18 20 29]; I19:[19]; A2:[9 23 24 25 26 27 28]; I16:[16]; I12:[12]; A3:[15 17 22]; I21:[21]; I32:[32];
j300303_4,2010.894535629031,I1:[1]; I9:[9]; I8:[8]; A1:[2 3 4 5 6 7 13 14]; I10:[10]; I11:[11]; I19:[19]; A2:[12 17 18]; I15:[15]; I20:[20]; I21:[21]; A3:[16 22 23 24 25 27 28 29 30 31]; I26:[26]; I32:[32];
j300303_5,1989.2015142913365,I1:[1]; I8:[8]; I9:[9]; A1:[2 3 4 5 6 11]; I21:[21]; A2:[7 12 13]; I31:[31]; I17:[17]; A3:[10 15 20]; I14:[14]; I29:[29]; I25:[25]; A4:[16 18 19 23 24 26 27 28 30]; I22:[22]; I32:[32];
j300303_6,1846.444331313195,I1:[1]; I12:[12]; I3:[3]; A1:[2]; A2:[4 5 6 7 11 18 20]; I17:[17]; I10:[10]; A3:[8 9 13]; I22:[22]; A4:[14 15 16 19 21 23 24 30 31]; I25:[25]; I29:[29]; A5:[26]; I28:[28]; I27:[27]; I32:[32];
j300303_7,2143.1213482808744,I1:[1]; I30:[30]; I21:[21]; I28:[28]; I19:[19]; I27:[27]; I25:[25]; A1:[2 3 4 5 6 7 11 14 16 17 23 24 26 31]; I15:[15]; I13:[13]; I18:[18]; A2:[8 9 10 12 20 22 29]; I32:[32];
j300303_8,2192.4225199162506,I1:[1]; I18:[18]; I4:[4]; I10:[10]; I2:[2]; I3:[3]; A1:[5 6 7 8 9 11 12 14 16 17 22 23 24 28]; I13:[13]; I27:[27]; I21:[21]; I15:[15]; A2:[19 20 25 26 29 30 31]; I32:[32];
j300303_9,2110.4822812768325,I1:[1]; A1:[2 4 6 10]; A2:[3]; I7:[7]; A3:[5 8 9 11 12 13 17]; I15:[15]; A4:[14 16 18 19 20 25]; I21:[21]; A5:[24]; I23:[23]; I22:[22]; I30:[30]; I27:[27]; A6:[26 28]; I31:[31]; I29:[29]; I32:[32];
j300303_10,2113.1597754338045,I1:[1]; I2:[2]; A1:[3 4 5 6 7 8 9 10 12 13 16 18]; A2:[14 19 22 23]; I11:[11]; I15:[15]; I21:[21]; I17:[17]; I31:[31]; A3:[20 24 26 29]; I25:[25]; I28:[28]; A4:[30]; I27:[27]; I32:[32];
j300403_1,1927.6204294405811,I1:[1]; I3:[3]; A1:[2 5 6 8 9]; I4:[4]; I7:[7]; A2:[10 11 14 16]; I12:[12]; A3:[13 17]; I26:[26]; A4:[15 18 19 20 23 24]; I28:[28]; I21:[21]; I22:[22]; I25:[25]; A5:[27 29 30 31]; I32:[32];
j300403_2,2447.152127352935,I1:[1]; I4:[4]; A1:[2 3 5]; I10:[10]; A2:[6 7 9]; I8:[8]; A3:[11]; I17:[17]; I12:[12]; I20:[20]; A4:[13 14 15 16 31]; I19:[19]; I22:[22]; A5:[18 21 23]; I29:[29]; A6:[24 25 26 27 28 30]; I32:[32];
j300403_3,2060.2394038266657,I1:[1]; I6:[6]; I5:[5]; A1:[2 3 11 14]; I4:[4]; I31:[31]; A2:[7 8 9 10 13 17 18 30]; I21:[21]; I15:[15]; I12:[12]; I22:[22]; A3:[16 19 20 23 24 25 27 28 29]; I26:[26]; I32:[32];
j300403_4,1891.891907016242,I1:[1]; I6:[6]; A1:[2 3 4 5 7 8 9 14 15 17 18 19 28 31]; I24:[24]; I30:[30]; I25:[25]; I29:[29]; I26:[26]; A2:[10 11 12 13 16 22 27]; I20:[20]; I23:[23]; I21:[21]; I32:[32];
j300403_5,2199.827046170574,I1:[1]; I2:[2]; I4:[4]; A1:[3 5 6 7 10]; I9:[9]; I8:[8]; A2:[11 13 31]; I16:[16]; A3:[12 14 17 20]; A4:[15 18 19 23 29]; I21:[21]; I22:[22]; I26:[26]; I28:[28]; A5:[24 25 27 30]; I32:[32];
j300403_6,2169.0981017719423,I1:[1]; I26:[26]; I27:[27]; I28:[28]; A1:[2 3 10 14 15 24 25 29 30 31]; I22:[22]; I23:[23]; I4:[4]; I19:[19]; A2:[5 20 21]; I6:[6]; I7:[7]; A3:[8 9 11 12 13 16 17 18]; I32:[32];
j300403_7,2233.0032409748783,I1:[1]; I4:[4]; I5:[5]; A1:[2]; A2:[3 6 7 9 10 11 14]; I8:[8]; A3:[12]; A4:[13 17]; I16:[16]; I20:[20]; I15:[15]; A5:[18 19 21 22 23 24 25]; I26:[26]; I29:[29]; I27:[27]; A6:[28 30 31]; I32:[32];
j300403_8,2093.201578945928,I1:[1]; A1:[2 6]; A2:[4]; I3:[3]; I11:[11]; A3:[5 7 8 9 10 31]; I15:[15]; A4:[12 13]; A5:[17 18]; I20:[20]; I14:[14]; I16:[16]; I29:[29]; A6:[19 21 22 23 24 26 28 30]; I27:[27]; I25:[25]; I32:[32];
j300403_9,2252.637911305139,I1:[1]; A1:[2 3 4 5 6 7]; I9:[9]; I8:[8]; I11:[11]; I16:[16]; A2:[10 12 13]; I14:[14]; I15:[15]; A3:[17 18 19 20 21 25 26 27]; I22:[22]; I23:[23]; A4:[24]; I28:[28]; A5:[29 30 31]; I32:[32];
j300403_10,1789.56760202703,I1:[1]; I5:[5]; A1:[2 7 8 13]; I3:[3]; A2:[4 6 9 10 11 20 24 29 30 31]; I23:[23]; I17:[17]; I12:[12]; I22:[22]; A3:[14 15 16 18 19 21 28]; I25:[25]; I26:[26]; I27:[27]; I32:[32];
j300503_1,2163.8703978349145,I1:[1]; A1:[2 3 7 14 16 30 31]; I4:[4]; A2:[5 6 8 9 10 19]; I11:[11]; I29:[29]; I12:[12]; A3:[13 15 17 25 27 28]; I24:[24]; I26:[26]; I18:[18]; I23:[23]; I20:[20]; A4:[21 22]; I32:[32];
j300503_2,2330.8319383509884,I1:[1]; A1:[2 3]; I5:[5]; A2:[6 7 8]; I4:[4]; I9:[9]; A3:[10 11 13]; I12:[12]; I15:[15]; I14:[14]; I17:[17]; A4:[16 18 19]; I21:[21]; A5:[20]; A6:[22 23 24 25 26]; I30:[30]; A7:[27 28 29]; A8:[31]; I32:[32];
j300503_3,1945.200227963031,I1:[1]; A1:[2]; I3:[3]; A2:[4 5 6 7 10]; I13:[13]; A3:[9]; I8:[8]; I11:[11]; A4:[12 14 15 16 17 22]; I18:[18]; I20:[20]; I19:[19]; I28:[28]; A5:[21 23 24 25 26 31]; I27:[27]; A6:[29 30]; I32:[32];
j300503_4,1898.8329076773346,I1:[1]; I2:[2]; I31:[31]; I18:[18]; A1:[3 4 5 6 7 16 17 19 25 26 28 30]; I29:[29]; I8:[8]; I27:[27]; A2:[9 10 11]; I24:[24]; I22:[22]; A3:[12 13 14 15 20 23]; I21:[21]; I32:[32];
j300503_5,2178.9906303032926,I1:[1]; I16:[16]; A1:[2 3 4 27 28 30 31]; I5:[5]; A2:[6 7 23 24 26 29]; I25:[25]; I8:[8]; A3:[9 10 11 12 13 20 22]; I18:[18]; I21:[21]; I14:[14]; I19:[19]; I15:[15]; A4:[17]; I32:[32];
j300503_6,2170.606559294352,I1:[1]; A1:[2 28 29 31]; I3:[3]; A2:[4 5 24 25 26 27 30]; I6:[6]; A3:[7 8 23]; I22:[22]; I9:[9]; A4:[10]; I21:[21]; I11:[11]; I12:[12]; I19:[19]; I18:[18]; A5:[13 14 15 16 17 20]; I32:[32];
j300503_7,1932.9656602225573,I1:[1]; I3:[3]; I31:[31]; I2:[2]; I4:[4]; A1:[5 6 7 8 12 30]; I9:[9]; I29:[29]; A2:[10 11 13 14 15 19 22 23]; I16:[16]; A3:[17 18 20 21 24 26 28]; I27:[27]; I25:[25]; I32:[32];
j300503_8,1904.3645041393675,I1:[1]; A1:[2 3 4 6 8]; I5:[5]; I10:[10]; I7:[7]; A2:[9 11 12 13 26]; I17:[17]; I14:[14]; A3:[15 16 18 19 20 21 23 31]; I22:[22]; I29:[29]; I30:[30]; A4:[24 25 27]; I28:[28]; I32:[32];
j300503_9,2043.4720374302756,I1:[1]; A1:[2 7]; I3:[3]; I5:[5]; I6:[6]; A2:[4 8 9 10 12 14]; I11:[11]; I13:[13]; A3:[15 16]; I17:[17]; A4:[18 19 20 22 25]; I24:[24]; A5:[21]; I23:[23]; A6:[26 28 29 30]; I27:[27]; A7:[31]; I32:[32];
j300503_10,1896.5544932543203,I1:[1]; I16:[16]; A1:[2 3 4 29 30 31]; I28:[28]; I5:[5]; I27:[27]; A2:[6 7 8 9 10 23 25 26]; I24:[24]; I11:[11]; I21:[21]; I22:[22]; A3:[12 13 14 15 17 18 20]; I19:[19]; I32:[32];
j300603_1,2168.300471266747,I1:[1]; A1:[2 13]; I3:[3]; I22:[22]; A2:[4 5 6 10 18 31]; I7:[7]; I8:[8]; A3:[9 11 12 14 26]; I15:[15]; I17:[17]; I20:[20]; A4:[16 19 21 23 24 30]; I25:[25]; I27:[27]; A5:[28 29]; I32:[32];
j300603_2,1961.3864776360142,I1:[1]; A1:[2 3 31]; I17:[17]; I4:[4]; I5:[5]; A2:[6 7 8 9 10 28 29 30]; I27:[27]; I11:[11]; A3:[12]; I13:[13]; I24:[24]; I14:[14]; A4:[15 16 18 19 21 22 23 25 26]; I20:[20]; I32:[32];
j300603_3,1950.3487659987302,I1:[1]; I2:[2]; A1:[3 4 5 20 24 31]; I30:[30]; I6:[6]; A2:[7 11]; I8:[8]; A4:[12 29]; A3:[9]; I16:[16]; I10:[10]; A5:[13 14 15 17 18 22 28]; I19:[19]; A6:[21]; I23:[23]; I25:[25]; A7:[26 27]; I32:[32];
j300603_4,2230.8964888913497,I1:[1]; A1:[2 3 4 5 6 9 10 11]; I7:[7]; I8:[8]; A2:[12 13 14 20 31]; I15:[15]; I30:[30]; A3:[16 17 18 19 29]; I22:[22]; I21:[21]; I28:[28]; A4:[23 26 27]; I24:[24]; I25:[25]; I32:[32];
j300603_5,2013.995384588501,I1:[1]; I19:[19]; A1:[2 3 13 15 24 31]; I4:[4]; I7:[7]; I5:[5]; I6:[6]; I30:[30]; A2:[8 9 18]; I10:[10]; A3:[11 12 14 16 17 29]; I20:[20]; A4:[21 22 23 25 27 28]; I26:[26]; I32:[32];
j300603_6,2192.891844123663,I1:[1]; I2:[2]; A1:[3 4 5 6 7 13]; I12:[12]; I8:[8]; A2:[9 10 11 14 19 25]; I31:[31]; I15:[15]; A3:[16]; I30:[30]; I21:[21]; A4:[17 18 20 22 24 27 28 29]; I23:[23]; I26:[26]; I32:[32];
j300603_7,1814.9878081817465,I1:[1]; I28:[28]; I30:[30]; A1:[2 3 4 29 31]; I27:[27]; I5:[5]; I6:[6]; A2:[7 8 9 10 11 12 13 14 20 21 23 25 26]; I22:[22]; I24:[24]; I15:[15]; I16:[16]; A3:[17 18 19]; I32:[32];
j300603_8,2311.791636335789,I1:[1]; I13:[13]; I2:[2]; A1:[3 4 10 17]; I5:[5]; I7:[7]; I8:[8]; A2:[6 9 11 12 14 15 16 18]; I19:[19]; I23:[23]; A3:[20 21 30 31]; I22:[22]; A4:[24 25 26 29]; I27:[27]; A5:[28]; I32:[32];
j300603_9,2208.881723466932,I1:[1]; A1:[2 3]; I4:[4]; I6:[6]; I8:[8]; A2:[5]; I7:[7]; I10:[10]; A3:[9 11 12]; I13:[13]; A4:[14 15 16 17 18 19]; I21:[21]; A5:[20 22 23 24 26 31]; I25:[25]; A6:[27 29 30]; I28:[28]; I32:[32];
j300603_10,2034.5385644715584,I1:[1]; A1:[2 3 4 5 6 7 8 26 28 29 30 31]; I27:[27]; I9:[9]; A2:[10]; I11:[11]; A3:[12 13 22 23 24 25]; I21:[21]; I14:[14]; I15:[15]; I20:[20]; A4:[16]; I17:[17]; I18:[18]; A5:[19]; I32:[32];
j300703_1,2107.0619671268587,I1:[1]; I2:[2]; A1:[3]; I4:[4]; I19:[19]; A2:[5 6 7 8 9 10 11 24]; I12:[12]; I23:[23]; A3:[13 14 17 31]; I15:[15]; A4:[16]; I18:[18]; A5:[20 21 22 25 30]; I29:[29]; I26:[26]; A6:[27 28]; I32:[32];
j300703_2,2232.312310825561,I1:[1]; I2:[2]; A1:[3 4 5 6 7 11]; I8:[8]; I9:[9]; A2:[10 12 13 14 15 16 18 20 22 26]; I17:[17]; A3:[19 21]; I25:[25]; I23:[23]; A4:[24 27]; I28:[28]; I31:[31]; I29:[29]; A5:[30]; I32:[32];
j300703_3,2084.5322781386767,I1:[1]; A1:[2 3]; I4:[4]; A2:[5 6 9]; I14:[14]; I7:[7]; I8:[8]; A3:[10 30]; I11:[11]; A4:[12 13 15 16 18 21 31]; I17:[17]; A5:[19 20 22 23 27 28 29]; I24:[24]; I25:[25]; I26:[26]; I32:[32];
j300703_4,1936.9684427118511,I1:[1]; A1:[2 3]; I11:[11]; I31:[31]; I4:[4]; A2:[5 6 7 16 30]; I8:[8]; I22:[22]; I9:[9]; A3:[10]; I12:[12]; A4:[13 29]; I14:[14]; I15:[15]; A5:[17 18 19 20 21 23 24 25 26 27 28]; I32:[32];
j300703_5,2257.51422694637,I1:[1]; A1:[2]; I3:[3]; I17:[17]; A2:[4 5 6 7 19 31]; I8:[8]; I29:[29]; A3:[9 10 11 12 28 30]; I13:[13]; I27:[27]; A4:[14 15 26]; I16:[16]; I18:[18]; A5:[20 21 25]; I22:[22]; A6:[23 24]; I32:[32];
j300703_6,1722.8829450058831,I1:[1]; A1:[2 3 4 5 31]; I6:[6]; A2:[7]; I8:[8]; I27:[27]; I26:[26]; A3:[9 29 30]; I10:[10]; A4:[11]; I12:[12]; A5:[13 14 24 25 28]; I15:[15]; A6:[16 17 18 19 20 23]; I21:[21]; I22:[22]; I32:[32];
j300703_7,2059.0576154078126,I1:[1]; I30:[30]; A1:[2 27 28 29 31]; I3:[3]; A2:[4 5 6 26]; I7:[7]; A3:[8 9 10 11 23 24 25]; I12:[12]; A4:[13 14 15]; I16:[16]; A5:[17]; I18:[18]; I19:[19]; I20:[20]; I21:[21]; A6:[22]; I32:[32];
j300703_8,2230.246410285791,I1:[1]; A1:[2]; I3:[3]; A2:[4 5]; I6:[6]; A3:[7 8 9 11]; I10:[10]; A4:[12 13 14 15 16 17]; I18:[18]; A5:[19 20 21]; I22:[22]; I24:[24]; I23:[23]; I25:[25]; I26:[26]; A6:[27 28 29 30 31]; I32:[32];
j300703_9,2123.7743482173764,I1:[1]; A1:[2 3 4 5 6 7 13]; I10:[10]; A2:[8 9 11 12 16]; I20:[20]; I14:[14]; I15:[15]; I17:[17]; I28:[28]; A3:[18 21]; I19:[19]; A4:[22 31]; I23:[23]; I27:[27]; A5:[24 25 26 29 30]; I32:[32];
j300703_10,1853.5281701978106,I1:[1]; I2:[2]; A1:[3 4 15]; I5:[5]; I6:[6]; I29:[29]; I30:[30]; A2:[7 8 9 10 11 12 13 14 16 17 18 20 31]; I19:[19]; I27:[27]; I28:[28]; I26:[26]; A3:[21 22 23 24 25]; I32:[32];
j300803_1,2349.314961503575,I1:[1]; A1:[2 3 4 5 9 13 29]; I6:[6]; A2:[7 8]; I10:[10]; A3:[11]; I12:[12]; I25:[25]; A4:[14 23]; I15:[15]; I16:[16]; A5:[17 18 19 20]; I21:[21]; A6:[22]; I24:[24]; A7:[26]; I27:[27]; A8:[28 30 31]; I32:[32];
j300803_2,2076.845682299743,I1:[1]; I2:[2]; A1:[3 4 5 6 7 20]; I8:[8]; I9:[9]; I10:[10]; A2:[11]; I12:[12]; A3:[13 14 15 16 30]; I17:[17]; I31:[31]; I18:[18]; A4:[19 21 22 23 24 27 28 29]; I25:[25]; A5:[26]; I32:[32];
j300803_3,2043.757399445064,I1:[1]; I29:[29]; I30:[30]; I2:[2]; I28:[28]; A1:[3 4 5 6 7 8 9 27 31]; I10:[10]; A2:[11]; I12:[12]; A3:[13 14 15 16 17 26]; I18:[18]; A4:[19 20 21 22]; I23:[23]; A5:[24]; I25:[25]; I32:[32];
j300803_4,2067.836556988913,I1:[1]; A1:[2 3 4 5 23 30 31]; I29:[29]; I6:[6]; A2:[7 8]; I9:[9]; A3:[10 11]; I12:[12]; I28:[28]; A4:[13]; I14:[14]; A5:[15]; I27:[27]; I16:[16]; A6:[17 18]; I19:[19]; A7:[20 21 22 24 25 26]; I32:[32];
j300803_5,2114.942776460558,I1:[1]; I2:[2]; A1:[3 4 5 6 31]; I7:[7]; A2:[8 9 10 11 29 30]; I12:[12]; A3:[13]; I14:[14]; I15:[15]; I28:[28]; A4:[16 27]; I26:[26]; I17:[17]; A5:[18 19 20 21 22]; I23:[23]; A6:[24 25]; I32:[32];
j300803_6,2463.912950909858,I1:[1]; A1:[2 3 4 5 6 7 12]; I8:[8]; A2:[9 10]; I11:[11]; I13:[13]; A3:[14 16]; I15:[15]; I17:[17]; A4:[18]; I19:[19]; A5:[20 21 22 23 24 25 26]; I27:[27]; I29:[29]; A6:[28]; I30:[30]; A7:[31]; I32:[32];
j300803_7,2414.213856707776,I1:[1]; I31:[31]; A1:[2 3 4 26]; I5:[5]; A2:[6]; I7:[7]; A3:[8 12]; I9:[9]; A4:[10 11 14]; I13:[13]; I15:[15]; A5:[16]; I17:[17]; A6:[18 29 30]; I19:[19]; I20:[20]; A7:[21 22 23 24 25 27 28]; I32:[32];
j300803_8,2089.7422638689377,I1:[1]; I2:[2]; I4:[4]; I13:[13]; A1:[3 5 6 7 8 9 10]; I11:[11]; A2:[12]; I14:[14]; I15:[15]; A3:[16 17 28]; I18:[18]; A4:[19 20 31]; I21:[21]; A5:[22 23 30]; I24:[24]; A6:[25 26 27 29]; I32:[32];
j300803_9,2294.164965846496,I1:[1]; I30:[30]; A1:[2 3 4 5 6 7 8 9 10 26 28 29 31]; I11:[11]; I27:[27]; I12:[12]; A2:[13 14 15]; I16:[16]; I17:[17]; I18:[18]; A3:[19 20 21 22]; I23:[23]; A4:[24]; I25:[25]; I32:[32];
j300803_10,2437.625985414418,I1:[1]; A1:[2 3 4 5]; I6:[6]; A2:[7 8]; I9:[9]; I10:[10]; A3:[11 12]; I13:[13]; I14:[14]; A4:[15]; I16:[16]; A5:[17]; I18:[18]; A6:[19 20 21 22 24]; I23:[23]; I26:[26]; A7:[25 27 28 29 30 31]; I32:[32];
j300903_1,2249.1177218163707,I1:[1]; A1:[2 3 4 5]; I6:[6]; A2:[7 8]; I9:[9]; A3:[10 11]; I12:[12]; A4:[13 16]; I14:[14]; I15:[15]; A5:[17 18 19 20 21]; I22:[22]; I23:[23]; A6:[24 30]; I25:[25]; A7:[26]; I27:[27]; A8:[28 29 31]; I32:[32];
j300903_2,2196.2824318209146,I1:[1]; A1:[2 3 4 5 8]; I6:[6]; I7:[7]; I9:[9]; A2:[10 11 12 13]; I23:[23]; I14:[14]; A3:[15 16 17]; I18:[18]; A4:[19 20 21 31]; I22:[22]; A5:[24 25]; I26:[26]; A6:[27 28 29]; I30:[30]; I32:[32];
j300903_3,2419.87065134433,I1:[1]; A1:[2 7]; I3:[3]; A2:[4 5 6 8 9 10]; I11:[11]; I12:[12]; I13:[13]; A3:[14 15 31]; I16:[16]; A4:[17 25]; I18:[18]; A5:[19]; I20:[20]; A6:[21 22 23 24 26 27 28]; I29:[29]; I30:[30]; I32:[32];
j300903_4,2249.715386855981,I1:[1]; I2:[2]; I3:[3]; I4:[4]; A1:[5 6 7 8 9 10 11 12 28]; I13:[13]; I14:[14]; A2:[15 16 31]; I17:[17]; A3:[18 19 20 21]; I22:[22]; A4:[23 24 30]; I25:[25]; A5:[26]; I27:[27]; A6:[29]; I32:[32];
j300903_5,2544.4963576457685,I1:[1]; I2:[2]; A1:[3 4 5 6 7 8 9 20]; I10:[10]; I11:[11]; A2:[12]; I13:[13]; A3:[14]; I31:[31]; I15:[15]; A4:[16 17]; I18:[18]; I19:[19]; A5:[21 22 23 24 30]; I25:[25]; A6:[26 27 28 29]; I32:[32];
j300903_6,2440.2780734161697,I1:[1]; A1:[2 3 4 5 30]; I31:[31]; I6:[6]; A2:[7 8 9]; I10:[10]; I11:[11]; A3:[12 13 14 15 16 17 18 19 29]; I20:[20]; I21:[21]; A4:[22]; I23:[23]; A5:[24]; I25:[25]; I26:[26]; A6:[27 28]; I32:[32];
j300903_7,2359.5901462225306,I1:[1]; I2:[2]; A1:[3 6]; I4:[4]; A2:[5]; I7:[7]; A3:[8 9 10 11]; I12:[12]; A4:[13 14]; I15:[15]; A5:[16 17 18 19 20 21]; I22:[22]; A6:[23 24 25]; I26:[26]; I27:[27]; A7:[28 29 30]; I31:[31]; I32:[32];
j300903_8,2321.847437636532,I1:[1]; A1:[2]; I3:[3]; A2:[4 5 7]; I6:[6]; A3:[8]; I9:[9]; A4:[10 11]; I31:[31]; I12:[12]; A5:[13 14]; I15:[15]; A6:[16 17 18 19 23]; I20:[20]; A7:[21 22 24 25]; I26:[26]; A8:[27 28 29]; I30:[30]; I32:[32];
j300903_9,1975.7092394416586,I1:[1]; A1:[2 3 4 5 6 30 31]; I7:[7]; A2:[8 9 10 11]; I12:[12]; A3:[13]; I14:[14]; I15:[15]; I16:[16]; I29:[29]; A4:[17 18 19 20 21]; I22:[22]; A5:[23 24]; I25:[25]; A6:[26]; I27:[27]; A7:[28]; I32:[32];
j300903_10,2093.841293714277,I1:[1]; A1:[2 3 4 5 6 30 31]; I7:[7]; I8:[8]; I9:[9]; A2:[10]; I11:[11]; A3:[12 13 14]; I15:[15]; I16:[16]; A4:[17 29]; I18:[18]; A5:[19 20 21 22 23]; I24:[24]; A6:[25]; I26:[26]; A7:[27 28]; I32:[32];
j301003_1,2355.2048252513646,I1:[1]; I2:[2]; A1:[3 4 5 6 7 8 9 10 11 12 13 14]; I15:[15]; A2:[16]; I17:[17]; I18:[18]; A3:[19 20 21 22 23]; I24:[24]; I25:[25]; A4:[26]; I27:[27]; A5:[28 29]; I30:[30]; I31:[31]; I32:[32];
j301003_2,2441.011153357279,I1:[1]; A1:[2 3 4 5 6]; I7:[7]; A2:[8]; I9:[9]; I10:[10]; I11:[11]; I12:[12]; A3:[13 14 15 16 17 18]; I19:[19]; A4:[20]; I21:[21]; A5:[22 23]; I24:[24]; A6:[25 26 27 28 29]; I30:[30]; A7:[31]; I32:[32];
j301003_3,2499.2680419763624,I1:[1]; A1:[2 3 4]; I5:[5]; A2:[6 7 8 9 10 11 12]; I13:[13]; A3:[14 15 16]; I17:[17]; A4:[18 19 20]; I21:[21]; I22:[22]; I23:[23]; A5:[24 25]; I26:[26]; I27:[27]; A6:[28 29 30]; I31:[31]; I32:[32];
j301003_4,2547.0972527199806,I1:[1]; I2:[2]; A1:[3 4]; I5:[5]; A2:[6 7 8]; I9:[9]; I10:[10]; A3:[11 12 13]; I14:[14]; A4:[15 16 17 18]; I19:[19]; A5:[20]; I21:[21]; A6:[22 23 24 25]; I26:[26]; A7:[27 28]; I29:[29]; A8:[30 31]; I32:[32];
j301003_5,2426.661407907611,I1:[1]; A1:[2 3]; I4:[4]; A2:[5 6 7 8 9 10 11]; I12:[12]; A3:[13]; I14:[14]; A4:[15 16 17]; I18:[18]; I19:[19]; A5:[20 21 22 23 24]; I25:[25]; I26:[26]; I27:[27]; A6:[28 29]; I30:[30]; A7:[31]; I32:[32];
j301003_6,2543.333434275371,I1:[1]; I2:[2]; A1:[3]; I4:[4]; A2:[5]; I6:[6]; I7:[7]; A3:[8 9 10]; I11:[11]; I12:[12]; A4:[13 14 15]; I16:[16]; A5:[17 18 19 20 21]; I22:[22]; A6:[23 24 25 26 27 28 29]; I30:[30]; A7:[31]; I32:[32];
j301003_7,2492.7544358926248,I1:[1]; A1:[2 3 4 5 6 7 8 9 10 11 12 13 14]; I15:[15]; A2:[16]; I17:[17]; A3:[18]; I19:[19]; I20:[20]; I21:[21]; I22:[22]; A4:[23]; I24:[24]; A5:[25 26]; I27:[27]; A6:[28 29]; I30:[30]; A7:[31]; I32:[32];
j301003_8,2413.987379332423,I1:[1]; A1:[2 3 4]; I5:[5]; I6:[6]; A2:[7]; I8:[8]; A3:[9 10]; I11:[11]; I12:[12]; A4:[13 14 15 16]; I17:[17]; A5:[18 19 20 21]; I22:[22]; A6:[23 24]; I25:[25]; A7:[26 27 28]; I29:[29]; A8:[30 31]; I32:[32];
j301003_9,2664.876849092374,I1:[1]; A1:[2 3 4 5 6]; I7:[7]; A2:[8 9 10 11]; I12:[12]; A3:[13]; I14:[14]; A4:[15 16 17]; I18:[18]; A5:[19]; I20:[20]; A6:[21 22]; I23:[23]; A7:[24]; I25:[25]; A8:[26]; I27:[27]; A9:[28 29]; I30:[30]; A10:[31]; I32:[32];
j301003_10,2590.5383168575645,I1:[1]; A1:[2]; I3:[3]; A2:[4]; I5:[5]; I6:[6]; I7:[7]; A3:[8]; I9:[9]; A4:[10 11]; I12:[12]; A5:[13 14]; I15:[15]; A6:[16 17 18]; I19:[19]; A7:[20 21 22 23 24 25 26 27 28 29]; I30:[30]; A8:[31]; I32:[32];
j400103_1,2332.5176069259915,I1:[1]; I16:[16]; I5:[5]; I3:[3]; A1:[2 4 6 7 8 9 11 12 14 15 23 25 41]; I13:[13]; I18:[18]; I24:[24]; I26:[26]; I17:[17]; A2:[10 19 20 21 22 27 35 36 38 39 40]; I37:[37]; I32:[32]; I33:[33]; I34:[34]; A3:[28 29 30 31]; I42:[42];
j400103_2,2598.8991170120617,I1:[1]; I23:[23]; I3:[3]; I41:[41]; I10:[10]; I5:[5]; A2:[4 8 9 14 16]; A1:[2 6 7 11 12 18 22 35 38 40]; I39:[39]; I13:[13]; I19:[19]; I21:[21]; I17:[17]; I28:[28]; I33:[33]; A3:[15 20 24 25 26 27 29 30 31 32 34 36 37]; I42:[42];
j400103_3,2645.7823955020494,I1:[1]; I16:[16]; I40:[40]; I5:[5]; I14:[14]; I31:[31]; I2:[2]; I4:[4]; A1:[3 6 7 8 11 12 13 15 26 29 32 33 35 36 38 41]; I34:[34]; I9:[9]; I21:[21]; I18:[18]; A2:[10 19 20 22 23 24 25 27 28 30 37 39]; I17:[17]; I42:[42];
j400103_4,2462.535037367861,I1:[1]; I4:[4]; I2:[2]; I28:[28]; A1:[3 5 7 8 9 10 12 16 21 41]; I6:[6]; I27:[27]; I18:[18]; I36:[36]; A2:[13 14 17 22 24 25 26]; I11:[11]; I19:[19]; I37:[37]; I31:[31]; I23:[23]; A3:[15 20 30 34 38 39 40]; A4:[29 32 33 35]; I42:[42];
j400103_5,2374.1260593123106,I1:[1]; I40:[40]; I14:[14]; I33:[33]; I26:[26]; I27:[27]; I28:[28]; I37:[37]; A1:[2 3 4 5 10 11 12 13 21 23 30 31 32 34 35 36 38 39 41]; I22:[22]; I18:[18]; I24:[24]; I6:[6]; A2:[8 9 15 16 19 20 25 29]; I7:[7]; A3:[17]; I42:[42];
j400103_6,2514.8636486044134,I1:[1]; A1:[2 3 4 5 6 7 10 12 13 15 16]; I8:[8]; I9:[9]; I26:[26]; I18:[18]; I29:[29]; A2:[11 14 17 21 27 35 39 40 41]; I20:[20]; I25:[25]; I22:[22]; I24:[24]; I37:[37]; A3:[19 23 28 36 38]; I33:[33]; I34:[34]; A4:[30 31 32]; I42:[42];
j400103_7,2703.992443083168,I1:[1]; I19:[19]; I12:[12]; I14:[14]; I8:[8]; A1:[2 4 5 6 7 9 10 37 39]; I38:[38]; A2:[3 13 20 41]; I40:[40]; I18:[18]; I11:[11]; I29:[29]; I36:[36]; I33:[33]; A3:[15 16 17 23 27 28 31 34]; I21:[21]; A4:[22 24 25 26 30 32 35]; I42:[42];
j400103_8,2672.9976741241417,I1:[1]; I15:[15]; I24:[24]; I3:[3]; I5:[5]; A1:[2 4 7 8 9 10 11 14 16 33 39 40 41]; I13:[13]; I19:[19]; I37:[37]; I34:[34]; I18:[18]; I21:[21]; I6:[6]; A2:[12 17 20 23 32 35 36 38]; A3:[22 25 26 27 28 29 30]; I31:[31]; I42:[42];
j400103_9,2216.3921950653976,I1:[1]; I18:[18]; I20:[20]; I22:[22]; I37:[37]; I15:[15]; I33:[33]; I41:[41]; I13:[13]; I2:[2]; I38:[38]; I19:[19]; I40:[40]; A1:[3 4 5 6 7 8 9 10 11 12 14 16 17 21 23 24 25 26 27 28 29 30 31 32 34 35 36 39]; I42:[42];
j400103_10,2566.414112585121,I1:[1]; I3:[3]; I21:[21]; I6:[6]; I8:[8]; I28:[28]; A1:[2 4 5 7 9 10 12 17 41]; I13:[13]; I18:[18]; I19:[19]; I39:[39]; I11:[11]; A2:[14 16 20 23 24 25 26 27 36 40]; I35:[35]; I38:[38]; A3:[15 22 29 30 31 32 33 34 37]; I42:[42];
j400203_1,2470.158732117715,I1:[1]; I35:[35]; I39:[39]; I13:[13]; I15:[15]; I34:[34]; A1:[2 6 8 12 14 16 28 31 32 33 36 37 38 40 41]; I24:[24]; I29:[29]; A2:[3 4 5 7 9 10 18 21 22 25 26 27 30]; I23:[23]; I19:[19]; I11:[11]; I20:[20]; I17:[17]; I42:[42];
j400203_2,2473.3307555333413,I1:[1]; I2:[2]; I3:[3]; I11:[11]; I23:[23]; A1:[4 5 6 7 8 9 10 12 13 14 15 17 18 19 20 21 24]; I26:[26]; I27:[27]; A2:[16 22 25 28 32 40]; I36:[36]; I35:[35]; I29:[29]; A3:[30 37 38 39 41]; I31:[31]; I34:[34]; I33:[33]; I42:[42];
j400203_3,2473.3464056844023,I1:[1]; A1:[2 4]; I15:[15]; I6:[6]; I7:[7]; A2:[3 5 8 12 13 16 21]; I10:[10]; I9:[9]; I29:[29]; A3:[11 14 17 19 20 22 23 24 26 36]; I39:[39]; I18:[18]; I32:[32]; I38:[38]; I25:[25]; I30:[30]; A4:[27 28 31 33 34 35 37 40 41]; I42:[42];
j400203_4,2848.3169388731967,I1:[1]; I25:[25]; I11:[11]; I28:[28]; A1:[2 3 4 5 6 7 9 13 16 17 26 27]; I10:[10]; I23:[23]; I14:[14]; A2:[8 15 19 22 24 39 40]; I21:[21]; I12:[12]; I37:[37]; A3:[18 31 34]; A4:[32 33 35 36 38 41]; I30:[30]; I20:[20]; I29:[29]; I42:[42];
j400203_5,2505.880900610904,I1:[1]; I2:[2]; I11:[11]; I10:[10]; A1:[3 5 6 7 8 12 13 18]; A2:[4]; I25:[25]; I9:[9]; I16:[16]; A3:[15 19 21 22 27]; I14:[14]; I17:[17]; I32:[32]; I23:[23]; A4:[20 24 26 29 41]; I37:[37]; I39:[39]; A5:[28 30 31 33 34 35 36 38 40]; I42:[42];
j400203_6,2521.5782852866155,I1:[1]; I4:[4]; I9:[9]; A1:[2 5 6]; I7:[7]; I3:[3]; A2:[8 10 11 12 13 14 18]; I16:[16]; I15:[15]; I22:[22]; I17:[17]; A3:[19]; I20:[20]; A4:[21 23 24 25 26 27 28 29 30 31]; I34:[34]; A5:[32 33 36]; I35:[35]; I41:[41]; A6:[37 38 39 40]; I42:[42];
j400203_7,2814.892204875393,I1:[1]; I2:[2]; I9:[9]; I3:[3]; A1:[4 5 7 8 11 13]; I6:[6]; I20:[20]; A2:[10 12 14 15 16 17 18 21 22 25 27]; I26:[26]; I24:[24]; A3:[19 23 28 30 41]; I35:[35]; I29:[29]; I32:[32]; I38:[38]; A4:[31 34 36 37 39 40]; I33:[33]; I42:[42];
j400203_8,2782.7466942310716,I1:[1]; I14:[14]; I19:[19]; I7:[7]; I2:[2]; I10:[10]; I13:[13]; I22:[22]; A1:[3 4 5 6 8 11 17 18]; I21:[21]; A2:[9 12 16 20 24 29 31 32 41]; I28:[28]; I23:[23]; A3:[15 40]; I25:[25]; I26:[26]; A4:[27 30 33 34 35 36 37 38 39]; I42:[42];
j400203_9,2665.921195032196,I1:[1]; I12:[12]; A1:[2 3 4 5 6 7 8 9 10 11 13 16 17 21]; I27:[27]; I28:[28]; A2:[14 19 20 22 24 25]; I15:[15]; I18:[18]; I29:[29]; A3:[23 30 38 40 41]; I26:[26]; I39:[39]; I35:[35]; I37:[37]; I31:[31]; I32:[32]; A4:[33 34 36]; I42:[42];
j400203_10,2254.0042701789616,I1:[1]; I19:[19]; A1:[2 3 5 6 12 13 15 16 28]; A2:[4 10 14]; I7:[7]; I21:[21]; A3:[8 9 20 23 24 25 27 41]; I35:[35]; I11:[11]; I18:[18]; I33:[33]; A4:[17]; I37:[37]; I22:[22]; A5:[30 31 34 36 38 39 40]; I32:[32]; I26:[26]; I29:[29]; I42:[42];
j400303_1,2747.7030220854667,I1:[1]; A1:[2 3 4 5 6 7 15 22]; I19:[19]; I8:[8]; I10:[10]; I12:[12]; I9:[9]; A2:[11 13 14 16 18 40 41]; I26:[26]; A4:[21 24]; I17:[17]; I29:[29]; A3:[20 23 27 39]; I31:[31]; I25:[25]; I35:[35]; A5:[28 30 34 36 37 38]; A6:[32]; I33:[33]; I42:[42];
j400303_2,2994.319270454538,I1:[1]; I2:[2]; I6:[6]; I7:[7]; A1:[3 4 5 8]; I9:[9]; A2:[10 12 14]; A3:[11]; I15:[15]; A4:[13 16 17 19 25]; I20:[20]; I28:[28]; A5:[18 21]; A6:[22 23 24]; A7:[27 29 30 31]; I26:[26]; I38:[38]; I35:[35]; A8:[32 33]; I34:[34]; I37:[37]; A9:[36 39 40 41]; I42:[42];
j400303_3,2574.328225099077,I1:[1]; I16:[16]; I37:[37]; I39:[39]; A1:[2 3 5 14 15 17 32 34 35 36 38 40 41]; I33:[33]; A2:[4 6 7 8 26 27 29 30 31]; I24:[24]; I22:[22]; I25:[25]; I28:[28]; I9:[9]; I10:[10]; A3:[11 12 19 20 21 23]; I13:[13]; I18:[18]; I42:[42];
j400303_4,2583.74588840819,I1:[1]; I6:[6]; I17:[17]; A1:[2 3 8 9 16]; I13:[13]; I18:[18]; I26:[26]; I4:[4]; I41:[41]; A2:[5 7 10 11 12 14 15 19 20 22 25 28 29 31 36 37 38 39 40]; I23:[23]; I21:[21]; I34:[34]; I24:[24]; I32:[32]; A3:[27 30 33 35]; I42:[42];
j400303_5,2364.292178555349,I1:[1]; I2:[2]; A2:[5 6 7 12]; A1:[3 4]; I8:[8]; I16:[16]; A3:[9 10 11 13 14 15 18 19 21 29 31 39 40]; I17:[17]; I20:[20]; I23:[23]; I26:[26]; I30:[30]; I22:[22]; I24:[24]; I33:[33]; I35:[35]; A4:[25 27 28 32 34 36 37 38 41]; I42:[42];
j400303_6,2533.7625343174486,I1:[1]; I24:[24]; A1:[2 3 5 6 16 20]; I4:[4]; A2:[7 8 9 10 11 12 13 14 15 18 41]; I17:[17]; I21:[21]; I26:[26]; I19:[19]; I39:[39]; A3:[22 23 25 27 29 31 34 35 40]; I37:[37]; I38:[38]; I28:[28]; I36:[36]; A4:[30 32]; I33:[33]; I42:[42];
j400303_7,2524.8390876228505,I1:[1]; I17:[17]; A1:[2 3 4 6 12]; I5:[5]; A2:[7 10 18]; I11:[11]; I9:[9]; A3:[8]; I15:[15]; A4:[13 14 16 19 20 22 25 39 40 41]; I24:[24]; I29:[29]; A5:[21 23 27 34]; I26:[26]; I37:[37]; I38:[38]; A6:[28 30 31 35 36]; I33:[33]; I32:[32]; I42:[42];
j400303_8,2578.7659892449647,I1:[1]; I7:[7]; I2:[2]; I5:[5]; I6:[6]; A1:[3 4 8 9 11 12 14 15 18 22 31 40 41]; I17:[17]; I19:[19]; I10:[10]; I30:[30]; I13:[13]; A2:[20 23 26 29 39]; I16:[16]; I21:[21]; I36:[36]; A3:[24 25 27 28 32 33 34 35 37 38]; I42:[42];
j400303_9,2514.1776598382994,I1:[1]; I7:[7]; A1:[2 10]; I9:[9]; I3:[3]; I12:[12]; I17:[17]; A2:[4 5 6 8 11 13 14 16 40 41]; I39:[39]; A3:[15 18 19 20 22 23 26 27 31 38]; I25:[25]; I29:[29]; I21:[21]; I24:[24]; I33:[33]; A4:[28 30 34 35 36 37]; I32:[32]; I42:[42];
j400303_10,2788.1884828664142,I1:[1]; I5:[5]; A1:[2 3 4 6 10 15 17 41]; I7:[7]; I11:[11]; A2:[8 9 12 13 14 16 18 23 38]; I40:[40]; I22:[22]; I19:[19]; I28:[28]; I36:[36]; I20:[20]; I26:[26]; I21:[21]; I33:[33]; A3:[24 25 27 29 30 31 32 34 35 37 39]; I42:[42];
j400403_1,2452.2056605371313,I1:[1]; I16:[16]; A1:[2 3 4 5 7 9 11 14 19]; I6:[6]; A2:[8]; I30:[30]; I10:[10]; I12:[12]; A3:[13 15 17 18 20 21 23 40]; I22:[22]; I36:[36]; I37:[37]; I29:[29]; A4:[24 25 26 35 38 39 41]; I32:[32]; A5:[27 31 34]; I28:[28]; I33:[33]; I42:[42];
j400403_2,2560.64936476179,I1:[1]; I23:[23]; A1:[2 3 4 5 6 10 28 39 41]; I38:[38]; I29:[29]; I7:[7]; I8:[8]; I9:[9]; I16:[16]; I14:[14]; A2:[11 12 18 31 33 35 36 37 40]; I32:[32]; I13:[13]; I19:[19]; A3:[15 17 20 21 22 24 25 26 27 34]; I30:[30]; I42:[42];
j400403_3,2614.8819083129906,I1:[1]; I36:[36]; I37:[37]; I33:[33]; A1:[2 3 4 17 31 32 34 35 38 39 40 41]; I5:[5]; I30:[30]; I6:[6]; I26:[26]; A2:[7 8 9 25 27 28 29]; I10:[10]; I23:[23]; I24:[24]; A3:[11 12 13 14 19 20 21 22]; I15:[15]; A4:[16]; I18:[18]; I42:[42];
j400403_4,3008.5413368325576,I1:[1]; A1:[2 4]; I3:[3]; A2:[5 6 7 12 13 15]; I8:[8]; I10:[10]; A3:[9 24]; I29:[29]; A4:[14 16 17 18 41]; I11:[11]; I22:[22]; I25:[25]; I39:[39]; I19:[19]; A5:[20 40]; I32:[32]; A6:[21 23 26 27 28 34 35 38]; I30:[30]; A7:[31 36]; I33:[33]; A8:[37]; I42:[42];
j400403_5,2554.3963990694033,I1:[1]; I11:[11]; A1:[2 3 4 5 10]; I6:[6]; A2:[7 8 9 14]; I15:[15]; I12:[12]; I18:[18]; A3:[13 16 17 19 20 21 22 23 24 25 26 27 28 30 31 34 41]; I35:[35]; I29:[29]; I40:[40]; I39:[39]; A4:[32 37]; I33:[33]; I36:[36]; I38:[38]; I42:[42];
j400403_6,3140.1285317400434,I1:[1]; I2:[2]; I7:[7]; I13:[13]; I11:[11]; A1:[3 4 5 6 8 15 22 30]; I16:[16]; I9:[9]; I19:[19]; A2:[10 12 14 18 39 40 41]; I17:[17]; I38:[38]; I20:[20]; A3:[21 23 24 29 35 36 37]; I34:[34]; A4:[25 26 27 28 31 33]; I32:[32]; I42:[42];
j400403_7,2665.2180769182737,I1:[1]; I39:[39]; I25:[25]; I24:[24]; I37:[37]; I41:[41]; A1:[2 21 22 23 26 27 28 29 30 31 32 33 35 36 38 40]; I34:[34]; I3:[3]; A2:[4 5 6 7 8 19 20]; I9:[9]; I18:[18]; A3:[10 11]; I12:[12]; A4:[13]; I14:[14]; A5:[15]; I16:[16]; A6:[17]; I42:[42];
j400403_8,2603.743527759322,I1:[1]; I41:[41]; I11:[11]; A1:[2 3 4 5 6 7 8 9 17 18 23 25 33 34 35 36]; I22:[22]; I39:[39]; I10:[10]; I21:[21]; I38:[38]; I40:[40]; I12:[12]; A2:[13 14 15 37]; I16:[16]; I28:[28]; I27:[27]; A3:[19 20 24 26 29 30 31 32]; I42:[42];
j400403_9,2960.5116757822934,I1:[1]; A1:[2 3 5 6 9 12]; I4:[4]; I14:[14]; I8:[8]; I7:[7]; A2:[10 11 13 15 16 17 18 21 24]; I19:[19]; A3:[20 22 27]; I36:[36]; I23:[23]; I31:[31]; A4:[25 26 32 35 41]; I28:[28]; I40:[40]; A5:[29 30]; I33:[33]; I34:[34]; A6:[37 38 39]; I42:[42];
j400403_10,2643.717530365382,I1:[1]; I13:[13]; A1:[2 4 7 11 15]; I3:[3]; A2:[5 6 9 16 22]; I14:[14]; I8:[8]; A3:[10 12 17 18 19 20 21 29 30 39 40 41]; I36:[36]; I38:[38]; I23:[23]; I37:[37]; I24:[24]; A4:[25 28 33 34 35]; I26:[26]; I32:[32]; I27:[27]; A5:[31]; I42:[42];
j400503_1,2968.936079518843,I1:[1]; A1:[2]; I39:[39]; I3:[3]; A2:[4 5 37 38 40 41]; I36:[36]; I6:[6]; I35:[35]; A3:[7 8 32 33 34]; I9:[9]; I28:[28]; I30:[30]; I10:[10]; I11:[11]; A4:[12 13 14 15 16 17 22 23 24 25 26 27 29 31]; I18:[18]; A5:[19]; I20:[20]; A6:[21]; I42:[42];
j400503_2,2890.3062025009403,I1:[1]; A1:[2 3 4 10 41]; I5:[5]; I7:[7]; A2:[6 11 15]; I8:[8]; I12:[12]; I33:[33]; A3:[9 13 26]; I19:[19]; I34:[34]; A4:[14 16 17 18 28 35 39 40]; I20:[20]; I37:[37]; I38:[38]; I32:[32]; A5:[21 36]; I22:[22]; A6:[23 24 25 27 29 30 31]; I42:[42];
j400503_3,3285.0561382418127,I1:[1]; I3:[3]; A1:[2 4 6]; I5:[5]; I7:[7]; I9:[9]; I17:[17]; A2:[8 10 11 12 13 14 15 16]; I18:[18]; I19:[19]; A3:[20 21 22 23 26]; I24:[24]; I28:[28]; I25:[25]; A4:[27 29 30]; I31:[31]; A5:[32 33 34 35 36]; I37:[37]; A6:[38 39 40 41]; I42:[42];
j400503_4,2786.7547319232563,I1:[1]; A1:[2 3 4 5 7]; I41:[41]; I16:[16]; I12:[12]; A2:[6 8 9 13 40]; I15:[15]; I17:[17]; I18:[18]; I26:[26]; A3:[10 11 14 19 20 23]; I21:[21]; I22:[22]; A4:[24 25 27]; I28:[28]; A5:[29 30 31 32 39]; I34:[34]; I38:[38]; A6:[33 35 36 37]; I42:[42];
j400503_5,2949.3813174094844,I1:[1]; A1:[2 3 10]; I4:[4]; I41:[41]; I14:[14]; A2:[5 6 7 8 9 11 12 13 26]; I29:[29]; I15:[15]; A3:[16 17 18 28 37 38 39 40]; I19:[19]; A4:[20 34 35 36]; I21:[21]; I33:[33]; I22:[22]; I32:[32]; I23:[23]; A5:[24 25 30]; I27:[27]; A6:[31]; I42:[42];
j400503_6,2989.184347898715,I1:[1]; A1:[2 3 6]; I4:[4]; A2:[5 7 8 9 10 12 23]; I11:[11]; I14:[14]; I15:[15]; I13:[13]; I16:[16]; A3:[17 18 19 22 24 26 27 41]; I29:[29]; I20:[20]; I21:[21]; A4:[25 28 30 31 32 33 34 38]; I40:[40]; I35:[35]; A5:[36 39]; I37:[37]; I42:[42];
j400503_7,2836.3812113059075,I1:[1]; A1:[2 3 4 39 40 41]; I5:[5]; I38:[38]; A2:[6 14]; I37:[37]; I36:[36]; I7:[7]; I18:[18]; I8:[8]; I25:[25]; A3:[9 10 11 12 21 34 35]; I16:[16]; I23:[23]; A4:[13 15 17 19 20 22 31 32 33]; I24:[24]; I28:[28]; A5:[26 27 29 30]; I42:[42];
j400503_8,3011.353221125919,I1:[1]; I32:[32]; I38:[38]; I31:[31]; I34:[34]; I36:[36]; A1:[2 3 4 5 6 7 26 28 30 33 35 39 40 41]; I27:[27]; I8:[8]; A2:[9 10 23 24 25 29 37]; I11:[11]; A3:[12]; I13:[13]; A4:[14]; I15:[15]; A5:[16]; I17:[17]; A6:[18 19 22]; I20:[20]; A7:[21]; I42:[42];
j400503_9,3038.738837089616,I1:[1]; I3:[3]; A1:[2 4 5 6]; I7:[7]; A2:[8 9 10 14]; I13:[13]; A3:[11 12]; I15:[15]; A4:[16 17 18]; I19:[19]; A5:[20 21 22 23]; I26:[26]; I24:[24]; I28:[28]; A6:[25 27 31]; I29:[29]; I32:[32]; A7:[30]; I33:[33]; I35:[35]; A8:[34 36 37 38 39 40 41]; I42:[42];
j400503_10,2865.9382185032787,I1:[1]; A1:[2]; I3:[3]; I6:[6]; A2:[4 5 7 8 9 10 11 12 13 27]; I23:[23]; I15:[15]; I14:[14]; I18:[18]; I32:[32]; A3:[16 17 19 20 22 26 29]; I21:[21]; I36:[36]; I41:[41]; A4:[24 25 28 30 31 33 34 35 39 40]; I38:[38]; I37:[37]; I42:[42];
j400603_1,2945.099064079039,I1:[1]; I9:[9]; I2:[2]; I3:[3]; I15:[15]; I14:[14]; A1:[4 5 6 7 8 10 12 19]; I11:[11]; A2:[13]; I16:[16]; A3:[17 18 20 21 22 23 24 25 27 29]; I26:[26]; A4:[28 30 31 32 33 36 40]; I41:[41]; I39:[39]; I34:[34]; I35:[35]; A5:[37 38]; I42:[42];
j400603_2,2732.082569130719,I1:[1]; I2:[2]; I38:[38]; I3:[3]; A1:[4]; I5:[5]; I33:[33]; I32:[32]; A2:[6 7 8 9 30 31 34 35 36 37 39 40 41]; I10:[10]; A3:[11]; I29:[29]; I28:[28]; I12:[12]; A4:[13 14 15 16 17 18 19 20 21 22 23 24 27]; I25:[25]; I26:[26]; I42:[42];
j400603_3,3083.91457156668,I1:[1]; A1:[2 3]; I4:[4]; I9:[9]; A2:[5 16]; I7:[7]; I6:[6]; A3:[8 10 11 32]; I12:[12]; I25:[25]; A4:[13 14 15 17 24 29 41]; I21:[21]; I31:[31]; A5:[18 19 20 22 23 26 28 34 39]; I40:[40]; I27:[27]; A6:[30]; I33:[33]; A7:[35 38]; I36:[36]; A8:[37]; I42:[42];
j400603_4,3111.0176129844385,I1:[1]; A1:[2 3 4 5 15 21]; I6:[6]; I12:[12]; I40:[40]; I7:[7]; A2:[8]; I9:[9]; A3:[10 11 13 14 16 17 18 19 20 22 23 41]; I24:[24]; I31:[31]; I28:[28]; I32:[32]; I37:[37]; A4:[25 26 27 34 38 39]; I36:[36]; I29:[29]; A5:[30 33 35]; I42:[42];
j400603_5,3266.171745494359,I1:[1]; A1:[2]; I5:[5]; A2:[3 4]; A3:[6 7 8 9 10]; I13:[13]; I11:[11]; A4:[12 14 15 16 17 18 19]; I22:[22]; A5:[21]; I20:[20]; I23:[23]; A6:[24 25 26 27 28]; I29:[29]; I30:[30]; A7:[31 32 33]; I35:[35]; I38:[38]; I34:[34]; A8:[36 37 39 40]; I41:[41]; I42:[42];
j400603_6,3226.130000867147,I1:[1]; A1:[2 3 4]; I17:[17]; I5:[5]; A2:[6 7 8 9 10 11]; I12:[12]; I41:[41]; I25:[25]; A3:[13 40]; I14:[14]; A4:[15 16 24]; I33:[33]; I18:[18]; A5:[19 21 29 39]; I20:[20]; A6:[22 38]; I23:[23]; A7:[26 27 28 31 37]; I30:[30]; A8:[32 36]; I34:[34]; A9:[35]; I42:[42];
j400603_7,3019.2358378409162,I1:[1]; I2:[2]; I15:[15]; A1:[3 4 16]; I5:[5]; I13:[13]; A2:[6 7 8 9 10 11 12 14 17 19 24 26]; I18:[18]; I21:[21]; I28:[28]; A3:[20 22 23 25 27 31]; I29:[29]; I41:[41]; I30:[30]; I40:[40]; A4:[32 33 34 35 36 37 39]; I38:[38]; I42:[42];
j400603_8,2934.385257454165,I1:[1]; A1:[2]; I3:[3]; A2:[4 5 6 7 12]; I8:[8]; A3:[9 10 11 14]; I13:[13]; A4:[15 18]; I16:[16]; A5:[17 19 20 21 22 23 25 26 28]; I24:[24]; A6:[27 29 30]; I31:[31]; I32:[32]; I34:[34]; I33:[33]; I35:[35]; I36:[36]; A7:[38 39 40 41]; I37:[37]; I42:[42];
j400603_9,3000.953280121002,I1:[1]; A1:[2]; I3:[3]; A2:[4 5 6 7 8 10]; I11:[11]; I9:[9]; I12:[12]; A3:[13]; A4:[14]; I15:[15]; A5:[16 20]; I17:[17]; A6:[18]; I19:[19]; I22:[22]; I23:[23]; A7:[21 24]; I25:[25]; I29:[29]; A8:[26 27 28 30 31 32 33 34]; I36:[36]; A9:[35 37 38 39 40 41]; I42:[42];
j400603_10,3380.8836687265893,I1:[1]; I2:[2]; A1:[3 4]; I5:[5]; I40:[40]; A2:[6 12 17 41]; I7:[7]; A3:[8 9 11 39]; I10:[10]; A4:[13 31 38]; I14:[14]; I28:[28]; A5:[15]; I16:[16]; I30:[30]; I18:[18]; A6:[19 21 37]; I20:[20]; A7:[22 23 24 25 26 27 29 32 34 35 36]; I33:[33]; I42:[42];
j400703_1,3028.8517689823902,I1:[1]; I40:[40]; A1:[2 3 4 5 33 35 36 37 38 39 41]; I34:[34]; I32:[32]; I6:[6]; A2:[7 8]; I9:[9]; I10:[10]; I31:[31]; A3:[11 12 13 30]; I14:[14]; A4:[15 16 17 18 19 20 21 22]; I23:[23]; A5:[24 25]; I26:[26]; I27:[27]; A6:[28]; I29:[29]; I42:[42];
j400703_2,2444.1151153827377,I1:[1]; A1:[2 3 4 7]; I5:[5]; I6:[6]; A2:[8]; I9:[9]; A3:[10 11 15]; I12:[12]; I17:[17]; I13:[13]; I33:[33]; A4:[14 41]; I16:[16]; A5:[18]; I19:[19]; A6:[20 21 22 23 24 25 26 27 28 29 30 31 32 35 36 37 40]; I39:[39]; I34:[34]; I38:[38]; I42:[42];
j400703_3,2961.6810424485157,I1:[1]; I2:[2]; I3:[3]; A1:[4 5 7]; I6:[6]; I8:[8]; A2:[9 10 11 12 15]; I13:[13]; I14:[14]; I19:[19]; A3:[16 17 18 20 21 33]; I22:[22]; A4:[23 28 37]; I24:[24]; I35:[35]; A5:[25 26 27 29]; I41:[41]; I30:[30]; A6:[31 32 34 36 38 39 40]; I42:[42];
j400703_4,3049.4135818874374,I1:[1]; I2:[2]; I3:[3]; I4:[4]; A1:[5 6 9 40 41]; I38:[38]; I7:[7]; A2:[8 10 11 12 13 39]; I37:[37]; I14:[14]; A3:[15 16]; I17:[17]; I18:[18]; A4:[19 20 21 22 23 24 25 26 27 28 29 31 32 34 36]; I35:[35]; I30:[30]; I33:[33]; I42:[42];
j400703_5,2773.9701274738372,I1:[1]; A1:[2]; I3:[3]; A2:[4 5 6 7]; I8:[8]; I9:[9]; I10:[10]; I15:[15]; I11:[11]; A3:[12 13 14 16 17 18 19 20 21 22 40 41]; I23:[23]; A4:[24 25 26 27 28 29 30 35 38 39]; I31:[31]; I32:[32]; A5:[33]; I37:[37]; I34:[34]; I36:[36]; I42:[42];
j400703_6,2789.204084334521,I1:[1]; A1:[2 3 4]; I6:[6]; I5:[5]; A2:[7 8 10 11 22]; I9:[9]; A3:[12 13 14 15 16 20 25]; I17:[17]; A4:[18]; I19:[19]; A5:[21 23 24 27]; I26:[26]; I28:[28]; A6:[29 30 35]; I31:[31]; I37:[37]; I32:[32]; A7:[33 40 41]; I34:[34]; A8:[36 38]; I39:[39]; I42:[42];
j400703_7,3363.595172562365,I1:[1]; I38:[38]; I2:[2]; I41:[41]; I40:[40]; I3:[3]; I35:[35]; A1:[4 34 36 37 39]; I5:[5]; A2:[6]; I7:[7]; A3:[8 9 33]; I10:[10]; A4:[11 12 13 14 15 30 31 32]; I16:[16]; A5:[17]; I18:[18]; A6:[19 20 21 22 23 24 25 26 27]; I28:[28]; A7:[29]; I42:[42];
j400703_8,2915.8629738113395,I1:[1]; I39:[39]; I41:[41]; A1:[2 3 4 16 38 40]; I5:[5]; A2:[6]; I7:[7]; A3:[8 9]; I10:[10]; A4:[11 12 36 37]; I13:[13]; A5:[14 15]; I17:[17]; I18:[18]; A6:[19 20 21 33 34 35]; I32:[32]; I22:[22]; I23:[23]; A7:[24 25 26 27 28 29 31]; I30:[30]; I42:[42];
j400703_9,3156.477701428563,I1:[1]; A1:[2 38 39 40 41]; I3:[3]; A2:[4 5 6 34 36 37]; I35:[35]; I7:[7]; A3:[8 9 33]; I10:[10]; A4:[11 12 13 14 31 32]; I30:[30]; I15:[15]; I16:[16]; A5:[17 18]; I19:[19]; A6:[20 21 22]; I23:[23]; I24:[24]; A7:[25 26]; I27:[27]; I28:[28]; A8:[29]; I42:[42];
j400703_10,3220.5675526483174,I1:[1]; A1:[2]; I3:[3]; A2:[4 5 6 7 8 11 41]; I9:[9]; I39:[39]; A3:[10 12 13 14 40]; I37:[37]; I38:[38]; I15:[15]; A4:[16 17]; I18:[18]; I36:[36]; A5:[19 32 33 34 35]; I20:[20]; A6:[21 22 23 24]; I25:[25]; I31:[31]; A7:[26 27 28]; I29:[29]; A8:[30]; I42:[42];
j400803_1,3291.739385506155,I1:[1]; A1:[2 3 4 5 6 19]; I7:[7]; A2:[8 9 10 11 12 13]; I14:[14]; I18:[18]; A3:[15 16]; I17:[17]; A4:[20 21]; I22:[22]; A5:[23 24 25 26]; I27:[27]; I28:[28]; A6:[29 39]; I30:[30]; I31:[31]; A7:[32 33 34 35 41]; I36:[36]; A8:[37]; I38:[38]; I40:[40]; I42:[42];
j400803_2,2994.5621130943587,I1:[1]; A1:[2 3 4 5 6]; I19:[19]; I7:[7]; I8:[8]; I9:[9]; I21:[21]; I10:[10]; I11:[11]; A2:[12]; I13:[13]; A3:[14 35 41]; I15:[15]; I16:[16]; A4:[17 18 20 22 23 24 25 26 27 28 29 30 31 32 37 39 40]; I33:[33]; I34:[34]; A5:[36 38]; I42:[42];
j400803_3,3217.6433299764903,I1:[1]; I40:[40]; A1:[2 3 37 38 39 41]; I4:[4]; A2:[5 6 7 8]; I9:[9]; A3:[10]; I11:[11]; I12:[12]; I36:[36]; I13:[13]; A4:[14 15 16 17 18]; I19:[19]; I34:[34]; I35:[35]; A5:[20 21 22 23]; I24:[24]; A6:[25 26 27 28]; I29:[29]; A7:[30 31 32 33]; I42:[42];
j400803_4,2965.0546305094913,I1:[1]; A1:[2 3 4 5 10]; I6:[6]; A2:[7 8 9 11 14 40 41]; I12:[12]; I13:[13]; A3:[15]; I16:[16]; A4:[17 18 19 20 21 22 23 24]; I39:[39]; I25:[25]; A5:[26 37 38]; I27:[27]; I28:[28]; I29:[29]; I30:[30]; I31:[31]; A6:[32 33 34]; I35:[35]; A7:[36]; I42:[42];
j400803_5,2986.725031735116,I1:[1]; I39:[39]; A1:[2 3 37 38 40 41]; I4:[4]; I5:[5]; I6:[6]; I7:[7]; A2:[8]; I9:[9]; A3:[10 11 36]; I12:[12]; A4:[13 14 15 16 17 18 19 20 21 35]; I34:[34]; I22:[22]; I23:[23]; A5:[24 25]; I26:[26]; A6:[27]; I28:[28]; A7:[29 30 31 32 33]; I42:[42];
j400803_6,3067.813576731514,I1:[1]; A1:[2 3 4 5 8]; I41:[41]; I6:[6]; A2:[7 9]; I10:[10]; A3:[11 40]; I12:[12]; I29:[29]; A4:[13]; I14:[14]; A5:[15 16 17 18 39]; I19:[19]; A6:[20 21 37 38]; I22:[22]; A7:[23 24 25 26]; I27:[27]; A8:[28 30]; I31:[31]; I36:[36]; A9:[32 33]; I34:[34]; A10:[35]; I42:[42];
j400803_7,3245.2789411941344,I1:[1]; A1:[2]; I3:[3]; A2:[4 5]; I6:[6]; A3:[7]; I8:[8]; A4:[9 10 11]; I23:[23]; I12:[12]; I13:[13]; I16:[16]; A5:[14 15 18]; I17:[17]; A6:[19 20 21 22 24]; I25:[25]; A7:[26 27 28 29 30 31 32 34]; I33:[33]; A8:[35 36 37 38 39]; I41:[41]; I40:[40]; I42:[42];
j400803_8,3117.893886434005,I1:[1]; I5:[5]; A1:[2 3 4 6 7]; I8:[8]; I9:[9]; A2:[10 11 12 13 16]; I14:[14]; A3:[15 20]; I17:[17]; I22:[22]; I18:[18]; A4:[19 21 23 24 25 27]; I26:[26]; I28:[28]; A5:[29]; I30:[30]; A6:[31 32]; I33:[33]; A7:[34 35 36 37 38 39 40]; I41:[41]; I42:[42];
j400803_9,3376.706296785048,I1:[1]; A1:[2 3 4 5 6 40 41]; I7:[7]; A2:[8 9 10 18 39]; I11:[11]; A3:[12]; I13:[13]; I14:[14]; I15:[15]; A4:[16]; I17:[17]; A5:[19 26 38]; I20:[20]; I21:[21]; I37:[37]; A6:[22 23 24 36]; I25:[25]; A7:[27]; I28:[28]; I29:[29]; A8:[30 31 32 33 34 35]; I42:[42];
j400803_10,3283.6897059341236,I1:[1]; I6:[6]; A1:[2 3]; I4:[4]; I5:[5]; A2:[7 8 9]; I10:[10]; A3:[11]; I12:[12]; A4:[13 14 15 16 17 21 31]; I18:[18]; I19:[19]; A5:[20 25]; I22:[22]; A6:[23 24 26 27 28 35]; I29:[29]; A7:[30 32 33]; I34:[34]; A8:[36 37]; I38:[38]; I39:[39]; A9:[40 41]; I42:[42];
j400903_1,3377.398801081789,I1:[1]; I2:[2]; A1:[3 4]; I5:[5]; A2:[6]; I7:[7]; A3:[8]; I9:[9]; I10:[10]; A4:[11 12 13 14]; I15:[15]; I23:[23]; A5:[16 17 18]; I19:[19]; A6:[20 21 22 24]; I25:[25]; A7:[26 27 28 29 30 31 32]; I33:[33]; I41:[41]; A8:[34 35 36]; I37:[37]; A9:[38 39 40]; I42:[42];
j400903_2,3279.797837595852,I1:[1]; A1:[2 40 41]; I3:[3]; I4:[4]; A2:[5 6 7 8 9 10 11 39]; I12:[12]; A3:[13]; I14:[14]; A4:[15 16 17 38]; I18:[18]; A5:[19 20 21 22 23]; I24:[24]; I25:[25]; I26:[26]; I27:[27]; A6:[28 29]; I30:[30]; I31:[31]; A7:[32 33]; I34:[34]; A8:[35 36 37]; I42:[42];
j400903_3,3006.455879936353,I1:[1]; A1:[2 3 4 5 6 9]; I7:[7]; A2:[8]; I10:[10]; A3:[11 12 13 14]; I15:[15]; A4:[16]; I17:[17]; A5:[18]; I32:[32]; I19:[19]; A6:[20 21 22 23 35]; I24:[24]; I27:[27]; A7:[25 26 28]; I29:[29]; A8:[30 31]; I33:[33]; I34:[34]; A9:[36 37 38]; I39:[39]; A10:[40 41]; I42:[42];
j400903_4,3400.31990439939,I1:[1]; A1:[2 3 4 40 41]; I5:[5]; A2:[6 7 8 9 38 39]; I10:[10]; I11:[11]; A3:[12]; I13:[13]; A4:[14]; I15:[15]; I16:[16]; A5:[17]; I18:[18]; A6:[19 20]; I21:[21]; I22:[22]; A7:[23 24 25 26 27]; I28:[28]; A8:[29 30 31 32]; I33:[33]; I34:[34]; A9:[35 36 37]; I42:[42];
j400903_5,2842.823239727625,I1:[1]; I2:[2]; A1:[3 4 5]; I6:[6]; A2:[7 8 9 10 11 12 40 41]; I13:[13]; I14:[14]; A3:[15 16]; I17:[17]; A4:[18 19]; I20:[20]; A5:[21 22]; I23:[23]; I24:[24]; I25:[25]; A6:[26]; I27:[27]; A7:[28 29 30]; I31:[31]; I32:[32]; A8:[33 34 35 36 37 38 39]; I42:[42];
j400903_6,3127.311348327507,I1:[1]; I2:[2]; A1:[3 4]; I5:[5]; A2:[6 7 8 11]; I9:[9]; A3:[10 12 13 14 15 16]; I17:[17]; A4:[18 19 41]; I20:[20]; I21:[21]; I34:[34]; A5:[22 23 24 40]; I25:[25]; A6:[26 27]; I28:[28]; A7:[29]; I30:[30]; A8:[31 32 33 35 36]; I37:[37]; A9:[38]; I39:[39]; I42:[42];
j400903_7,3069.669233464627,I1:[1]; A1:[2]; I3:[3]; I4:[4]; A2:[5 6 7 8 9 10 11 12 13]; I14:[14]; A3:[15]; I16:[16]; A4:[17 18 19 20 21]; I22:[22]; I25:[25]; I23:[23]; A5:[24 26]; I27:[27]; A6:[28]; I29:[29]; A7:[30]; I31:[31]; A8:[32]; I33:[33]; I34:[34]; A9:[35 36 37 38 39 40 41]; I42:[42];
j400903_8,3375.0495712517977,I1:[1]; I2:[2]; A1:[3 4 41]; I5:[5]; I6:[6]; I7:[7]; I8:[8]; I9:[9]; A2:[10 11 12 13 14 15 16 17 18 19 31]; I20:[20]; I40:[40]; A3:[21 22]; I23:[23]; A4:[24]; I25:[25]; A5:[26 27 28 29 30]; I32:[32]; A6:[33 34 35 39]; I36:[36]; A7:[37 38]; I42:[42];
j400903_9,2926.8637014201263,I1:[1]; I3:[3]; A1:[2 4 5 24]; I6:[6]; I7:[7]; A2:[8 9 10 11]; I12:[12]; A3:[13 14 15 16 17 18 19 20 21]; I26:[26]; I22:[22]; I23:[23]; A4:[25 27 28]; I29:[29]; I30:[30]; A5:[31 34]; I32:[32]; A6:[33 35]; I36:[36]; A7:[37]; I38:[38]; A8:[39 40 41]; I42:[42];
j400903_10,3262.2004994014596,I1:[1]; A1:[2 3]; I4:[4]; I5:[5]; I41:[41]; A2:[6 7]; I8:[8]; A3:[9]; I10:[10]; A4:[11 12 13 40]; I14:[14]; I39:[39]; I15:[15]; A5:[16]; I17:[17]; A6:[18 38]; I19:[19]; A7:[20 21 22 23 24 25 26 27 28]; I29:[29]; A8:[30 31 32]; I33:[33]; A9:[34 35 36 37]; I42:[42];
j401003_1,3274.544667502648,I1:[1]; I2:[2]; A1:[3 4]; I5:[5]; A2:[6 7]; I8:[8]; I9:[9]; A3:[10 11 12 13]; I14:[14]; A4:[15 16 17 18 19 20 21]; I22:[22]; I23:[23]; I24:[24]; A5:[25]; I26:[26]; A6:[27]; I28:[28]; A7:[29 30]; I31:[31]; A8:[32 33 34 35 36 37 38 39 40]; I41:[41]; I42:[42];
j401003_2,3073.589633137516,I1:[1]; I2:[2]; A1:[3 4]; I5:[5]; I6:[6]; I7:[7]; A2:[8]; I9:[9]; I10:[10]; A3:[11]; I12:[12]; A4:[13 14 15 16 17 18 19 20 21 22 23 24 25 26]; I27:[27]; I28:[28]; A5:[29 30 31]; I32:[32]; I33:[33]; A6:[34 35]; I36:[36]; A7:[37 38 39 40 41]; I42:[42];
j401003_3,3046.912835061597,I1:[1]; A1:[2 3]; I4:[4]; A2:[5 6 7 8 9 10 11]; I12:[12]; A3:[13 14 15]; I16:[16]; I17:[17]; A4:[18 19 20 21 22 23 24 25]; I26:[26]; I27:[27]; A5:[28 29 30]; I31:[31]; I32:[32]; A6:[33 34]; I35:[35]; I36:[36]; A7:[37 38 39]; I40:[40]; I41:[41]; I42:[42];
j401003_4,3234.8572429937994,I1:[1]; I2:[2]; I3:[3]; A1:[4 5]; I6:[6]; A2:[7]; I8:[8]; I9:[9]; A3:[10 11 12 13 14 15 16]; I17:[17]; A4:[18]; I19:[19]; A5:[20 21 22 23]; I24:[24]; I25:[25]; A6:[26 27 28 29 30 31 32]; I33:[33]; A7:[34]; I35:[35]; A8:[36]; I37:[37]; A9:[38 39 40 41]; I42:[42];
j401003_5,3170.5561684385602,I1:[1]; I2:[2]; A1:[3 4 5 6 7 8]; I9:[9]; I10:[10]; A2:[11 12]; I13:[13]; A3:[14]; I15:[15]; A4:[16 17 18]; I19:[19]; A5:[20]; I21:[21]; A6:[22 23 24 25 26 27 28]; I29:[29]; A7:[30 31]; I32:[32]; A8:[33]; I34:[34]; A9:[35 36 37 38]; I39:[39]; A10:[40]; I41:[41]; I42:[42];
j401003_6,3179.1752057890985,I1:[1]; I2:[2]; A1:[3 4 5 6 7 8 9]; I10:[10]; A2:[11]; I12:[12]; A3:[13 14 15 16 17 18 19]; I20:[20]; I21:[21]; A4:[22]; I23:[23]; A5:[24 25 26]; I27:[27]; I28:[28]; A6:[29 30]; I31:[31]; A7:[32 33 34]; I35:[35]; I36:[36]; A8:[37 38 39]; I40:[40]; A9:[41]; I42:[42];
j401003_7,3121.4820784614403,I1:[1]; A1:[2]; I3:[3]; I4:[4]; A2:[5 6 7 8]; I9:[9]; I10:[10]; I11:[11]; A3:[12 13]; I14:[14]; I15:[15]; I16:[16]; A4:[17]; I18:[18]; A5:[19 20 21]; I22:[22]; A6:[23 24 25 26 27 28 29 30 31]; I32:[32]; A7:[33 34 35 36 37 38]; I39:[39]; A8:[40 41]; I42:[42];
j401003_8,3049.332721414104,I1:[1]; A1:[2 3 4 5 6 7]; I8:[8]; A2:[9 10]; I11:[11]; A3:[12 13]; I14:[14]; I15:[15]; A4:[16 17 18 19 20]; I21:[21]; I22:[22]; A5:[23]; I24:[24]; A6:[25 26 27]; I28:[28]; I29:[29]; A7:[30]; I31:[31]; I32:[32]; I33:[33]; A8:[34 35 36 37 38 39 40 41]; I42:[42];
j401003_9,3139.328362404877,I1:[1]; A1:[2 3 4 5 6 7 8 9 10 11]; I12:[12]; A2:[13]; I14:[14]; A3:[15 16]; I17:[17]; A4:[18]; I19:[19]; A5:[20 21 22 23 24 25]; I26:[26]; I27:[27]; A6:[28]; I29:[29]; I30:[30]; I31:[31]; I32:[32]; I33:[33]; I34:[34]; A7:[35 36 37 38 39 40 41]; I42:[42];
j401003_10,3376.646895512351,I1:[1]; A1:[2 3 4]; I5:[5]; A2:[6]; I7:[7]; I8:[8]; A3:[9]; I10:[10]; A4:[11 12 13 14 15]; I16:[16]; I17:[17]; A5:[18 19 20 21 22 23 24 25]; I26:[26]; A6:[27 28]; I29:[29]; I30:[30]; A7:[31 32 33]; I34:[34]; A8:[35]; I36:[36]; A9:[37]; I38:[38]; A10:[39 40 41]; I42:[42];
j200104_1,1320.4102668327318,I1:[1]; I16:[16]; I21:[21]; I17:[17]; I3:[3]; I19:[19]; I18:[18]; I15:[15]; A1:[2 4 5 6 14 20]; I8:[8]; A2:[7 9 10 11 12 13]; I22:[22];
j200104_2,1408.7745736766378,I1:[1]; I4:[4]; I2:[2]; A1:[5 6 7]; I3:[3]; I15:[15]; I8:[8]; I10:[10]; I17:[17]; I12:[12]; A2:[9 11 13 14 16 18 19 20 21]; I22:[22];
j200104_3,1354.1239715190047,I1:[1]; I19:[19]; I9:[9]; I17:[17]; I8:[8]; I3:[3]; A1:[2 4 5 6 10 16 18 20 21]; I7:[7]; I13:[13]; I14:[14]; A2:[11 12 15]; I22:[22];
j200104_4,1478.2692011646977,I1:[1]; I18:[18]; I3:[3]; I20:[20]; I19:[19]; A1:[2 5]; I21:[21]; I4:[4]; I12:[12]; I10:[10]; A2:[6 7 8 9 11 13 14 15 16 17]; I22:[22];
j200104_5,1521.4604402806744,I1:[1]; I11:[11]; I16:[16]; I15:[15]; I2:[2]; A1:[3 12 13 17 18 19 20 21]; I14:[14]; I9:[9]; I5:[5]; I4:[4]; A2:[6 7 8 10]; I22:[22];
j200104_6,1563.896657107464,I1:[1]; I5:[5]; I17:[17]; I15:[15]; I16:[16]; I3:[3]; A1:[2 4 6 13 18 20]; I14:[14]; I21:[21]; I12:[12]; A2:[7 8 9 10 11 19]; I22:[22];
j200104_7,1482.9862069398196,I1:[1]; I10:[10]; I14:[14]; A1:[3 4 5 12 13 17 19 21]; I2:[2]; I18:[18]; I15:[15]; I20:[20]; I8:[8]; I7:[7]; A2:[6 9 11 16]; I22:[22];
j200104_8,1472.3526571511504,I1:[1]; I10:[10]; I3:[3]; I5:[5]; A1:[2 4 6 7 8 9 17 21]; I13:[13]; I15:[15]; I16:[16]; A2:[12 18 19 20]; I14:[14]; I11:[11]; I22:[22];
j200104_9,1444.054377780963,I1:[1]; I16:[16]; A1:[2 4 5 6 7 15 18 19 20]; I14:[14]; I17:[17]; I3:[3]; I21:[21]; I8:[8]; I9:[9]; I10:[10]; A2:[11 12 13]; I22:[22];
j200104_10,1245.5598559484806,I1:[1]; I2:[2]; I8:[8]; I18:[18]; A1:[3 5 6 7 19 20 21]; I4:[4]; I16:[16]; I13:[13]; I10:[10]; I12:[12]; A2:[9 11 14 15 17]; I22:[22];
j200204_1,1420.8648016900015,I1:[1]; I21:[21]; I11:[11]; A1:[3 5 7 8 9]; I2:[2]; I4:[4]; I6:[6]; I17:[17]; I13:[13]; A2:[10 15 16 20]; I12:[12]; A3:[14 18 19]; I22:[22];
j200204_2,1543.0054720658688,I1:[1]; I2:[2]; A1:[3 4 8]; I5:[5]; I7:[7]; A2:[6]; A3:[9]; I10:[10]; A4:[11 12 14 20 21]; I13:[13]; A5:[18 19]; I17:[17]; I15:[15]; I16:[16]; I22:[22];
j200204_3,1417.6015612165972,I1:[1]; I7:[7]; I15:[15]; I18:[18]; A1:[2 3 6 8 11 12 13 20 21]; I16:[16]; I17:[17]; I19:[19]; I4:[4]; I9:[9]; A2:[5 10 14]; I22:[22];
j200204_4,1416.1653080669782,I1:[1]; I5:[5]; I11:[11]; I7:[7]; A1:[2 3 4 6 8 9 10 15]; I17:[17]; I13:[13]; I14:[14]; A2:[12 20 21]; I19:[19]; A3:[16]; I18:[18]; I22:[22];
j200204_5,1667.7841612834738,I1:[1]; I10:[10]; I7:[7]; A1:[2 3 5]; I15:[15]; I9:[9]; A2:[6 8 12]; I4:[4]; I21:[21]; A3:[11 13 14 20]; I18:[18]; A4:[16 17]; I19:[19]; I22:[22];
j200204_6,1095.1050544116558,I1:[1]; A2:[4]; I5:[5]; A1:[2 3 6 7 11 19]; I21:[21]; I9:[9]; I8:[8]; I18:[18]; I20:[20]; I17:[17]; A3:[10 12 14 15 16]; I13:[13]; I22:[22];
j200204_7,1503.084304551855,I1:[1]; I7:[7]; I5:[5]; A1:[2 3 6 8]; I4:[4]; A2:[10 11]; I9:[9]; I14:[14]; A3:[12 13]; I17:[17]; I19:[19]; I15:[15]; A4:[16 18 20 21]; I22:[22];
j200204_8,1528.8185751436954,I1:[1]; I3:[3]; I6:[6]; A1:[2 4 5 7 9 21]; I20:[20]; A3:[12]; I8:[8]; I10:[10]; A4:[13 19]; I18:[18]; I16:[16]; A2:[11 15 17]; I14:[14]; I22:[22];
j200204_9,1572.179167154641,I1:[1]; A1:[2 3 5 6 9 10]; I4:[4]; I7:[7]; I8:[8]; I14:[14]; A2:[12 16 17]; I11:[11]; I13:[13]; A4:[20 21]; I15:[15]; A3:[19]; I18:[18]; I22:[22];
j200204_10,1220.6347930730733,I1:[1]; I9:[9]; I2:[2]; A1:[3 4 6 14 17 19 20]; I18:[18]; I21:[21]; A2:[5 8 12 15 16]; I13:[13]; I7:[7]; I10:[10]; I11:[11]; I22:[22];
j200304_1,1240.5281736541328,I1:[1]; I15:[15]; I2:[2]; I21:[21]; I20:[20]; A2:[9 10 11 12 13 14 16 17 18 19]; I3:[3]; I8:[8]; I4:[4]; I5:[5]; A1:[6 7]; I22:[22];
j200304_2,1377.3150041347321,I1:[1]; A1:[2]; I17:[17]; I8:[8]; I4:[4]; I5:[5]; I3:[3]; A2:[7 10 11 15 16 18]; I6:[6]; A3:[9 12 13 14 21]; I19:[19]; I20:[20]; I22:[22];
j200304_3,1571.3870606235046,I1:[1]; I13:[13]; I7:[7]; I4:[4]; A1:[2 3 5 6]; I9:[9]; I12:[12]; I8:[8]; A2:[10 16 18 19 20 21]; I17:[17]; A3:[11 15]; I14:[14]; I22:[22];
j200304_4,1297.8748986540365,I1:[1]; I5:[5]; I2:[2]; I7:[7]; I10:[10]; A1:[3 4 6 8 9 11 14 19 20]; I18:[18]; I21:[21]; I17:[17]; I16:[16]; A2:[12 13 15]; I22:[22];
j200304_5,1505.6075583272445,I1:[1]; I12:[12]; I9:[9]; I4:[4]; I5:[5]; I2:[2]; A1:[3 6 8 13 18 20]; I7:[7]; I19:[19]; A2:[10 11 15 16 17 21]; I14:[14]; I22:[22];
j200304_6,1414.1604165432118,I1:[1]; A1:[2 17 18]; I8:[8]; I19:[19]; I5:[5]; I3:[3]; A2:[4]; I14:[14]; I13:[13]; I12:[12]; A3:[6 7 9 11 15 16 20 21]; I10:[10]; I22:[22];
j200304_7,1460.3519885991186,I1:[1]; A1:[2 3]; I5:[5]; I4:[4]; I8:[8]; A2:[9 11]; I6:[6]; I13:[13]; I21:[21]; I12:[12]; I7:[7]; A3:[10 14 15 16 17 18 19 20]; I22:[22];
j200304_8,1532.944791304356,I1:[1]; I4:[4]; I8:[8]; I7:[7]; I2:[2]; I19:[19]; I21:[21]; A1:[3 5 6 11 12 13 15 16]; I17:[17]; I9:[9]; A2:[10 14 18 20]; I22:[22];
j200304_9,1419.6767685439427,I1:[1]; A1:[3 5]; I2:[2]; I7:[7]; A2:[4 6 8 9]; A3:[10 12]; I11:[11]; I14:[14]; I16:[16]; A4:[13 15]; I17:[17]; I21:[21]; I20:[20]; A5:[18 19]; I22:[22];
j200304_10,1586.1658746139665,I1:[1]; I18:[18]; I2:[2]; A1:[3 8 10 16 17 19 20]; I6:[6]; I21:[21]; I4:[4]; I15:[15]; I13:[13]; A2:[5 7 14]; I9:[9]; A3:[11 12]; I22:[22];
j200404_1,1429.3907092826423,I1:[1]; I4:[4]; I2:[2]; I3:[3]; I16:[16]; A1:[5 9]; I6:[6]; I10:[10]; A2:[7 8 11 12 13 20]; I15:[15]; A3:[14 19 21]; A4:[18]; I17:[17]; I22:[22];
j200404_2,1526.2185581030728,I1:[1]; I2:[2]; A1:[4 5]; I3:[3]; A2:[6]; A3:[7 8 10 17]; I9:[9]; I13:[13]; I16:[16]; I21:[21]; A4:[11 12 15 18]; I14:[14]; I20:[20]; A5:[19]; I22:[22];
j200404_3,1349.969995645762,I1:[1]; I13:[13]; I2:[2]; I5:[5]; A1:[3 4 12]; I6:[6]; I8:[8]; I7:[7]; A2:[9 10]; I16:[16]; A3:[11 14 15 17 19 20 21]; I18:[18]; I22:[22];
j200404_4,1795.2056326447218,I1:[1]; I12:[12]; I3:[3]; A1:[2 5 6 14]; I4:[4]; A3:[8]; A2:[7]; I10:[10]; A4:[9 11]; I15:[15]; A5:[13 17]; I18:[18]; I16:[16]; A6:[19 20]; I21:[21]; I22:[22];
j200404_5,1280.6125035895632,I1:[1]; A1:[2 5 19 20 21]; I13:[13]; I3:[3]; I17:[17]; A2:[4 6 7 10 12 15 16]; I8:[8]; I18:[18]; I9:[9]; I11:[11]; I14:[14]; I22:[22];
j200404_6,1441.899575385595,I1:[1]; I2:[2]; I3:[3]; I4:[4]; A1:[5 9 21]; I6:[6]; I7:[7]; I8:[8]; I18:[18]; A2:[10 11 13 14 17 20]; I16:[16]; A3:[12 15 19]; I22:[22];
j200404_7,1657.1786514809905,I1:[1]; I4:[4]; I5:[5]; I2:[2]; A1:[3]; I7:[7]; I6:[6]; A2:[8 9 10 12]; I11:[11]; A3:[13]; I16:[16]; A4:[14]; I15:[15]; A5:[17 18 19 20 21]; I22:[22];
j200404_8,1390.7223879939065,I1:[1]; I19:[19]; I20:[20]; I2:[2]; I18:[18]; A1:[3 4 5 6 11 12 15 16 21]; I14:[14]; I7:[7]; I17:[17]; I8:[8]; A2:[9 10 13]; I22:[22];
j200404_9,1705.845862570833,I1:[1]; I2:[2]; I5:[5]; A1:[3 4]; I8:[8]; A2:[6]; I7:[7]; A3:[9 10 11]; I12:[12]; A5:[14]; A4:[13]; I16:[16]; I15:[15]; I17:[17]; A6:[18 19 20 21]; I22:[22];
j200404_10,1459.1645107793438,I1:[1]; I5:[5]; I8:[8]; A1:[2 3 4 6 9]; I17:[17]; I7:[7]; I14:[14]; I21:[21]; A2:[10 13 18]; I11:[11]; I12:[12]; A3:[15 16 19 20]; I22:[22];
j200504_1,1644.6958483854248,I1:[1]; I21:[21]; A1:[2]; I3:[3]; A2:[4 5 6 9 19 20]; I12:[12]; I7:[7]; I18:[18]; I8:[8]; I16:[16]; A3:[10 11 13 15 17]; I14:[14]; I22:[22];
j200504_2,1562.0212043515785,I1:[1]; A1:[2]; I3:[3]; A2:[4 5 6 7 8]; I11:[11]; I10:[10]; A3:[9]; I12:[12]; I15:[15]; I14:[14]; A4:[13]; I18:[18]; A5:[16]; I17:[17]; A6:[19 20 21]; I22:[22];
j200504_3,1236.3727699409815,I1:[1]; I6:[6]; I21:[21]; I7:[7]; A1:[2 3 9]; I4:[4]; I12:[12]; I5:[5]; A2:[8 11 14 17]; I10:[10]; I13:[13]; A3:[15 16 18 19 20]; I22:[22];
j200504_4,1620.8008004792327,I1:[1]; I5:[5]; I8:[8]; A1:[2 3]; I4:[4]; I10:[10]; I21:[21]; A2:[6 17]; I11:[11]; I20:[20]; A3:[7 9 12 13 14 16 19]; I15:[15]; A4:[18]; I22:[22];
j200504_5,1664.1198279213286,I1:[1]; A1:[2 5 9 17]; I3:[3]; I12:[12]; I21:[21]; I4:[4]; I10:[10]; I6:[6]; A2:[7 14 16 20]; I8:[8]; A3:[11 13 19]; I15:[15]; A4:[18]; I22:[22];
j200504_6,1572.234926457099,I1:[1]; I6:[6]; I2:[2]; A1:[3 4 5 7 8 9]; I15:[15]; I10:[10]; I11:[11]; A2:[12]; I17:[17]; A3:[13 14 16 18]; I21:[21]; A4:[20]; I19:[19]; I22:[22];
j200504_7,1604.0939953195184,I1:[1]; A1:[2]; I3:[3]; I5:[5]; A2:[4 6 7 8 9 10]; I15:[15]; I12:[12]; I13:[13]; A3:[11 14]; I17:[17]; I20:[20]; A4:[16 18 21]; I19:[19]; I22:[22];
j200504_8,1688.7776475932055,I1:[1]; I3:[3]; A1:[2 4 6]; I5:[5]; I8:[8]; A2:[7 9 11 13 15]; I10:[10]; I12:[12]; I16:[16]; I18:[18]; A3:[14 17 21]; I19:[19]; A4:[20]; I22:[22];
j200504_9,1337.8854677433858,I1:[1]; I2:[2]; I19:[19]; I18:[18]; I16:[16]; I3:[3]; A1:[4 5 14 15 17 20 21]; I6:[6]; I13:[13]; A2:[7]; I8:[8]; A3:[9 10 11 12]; I22:[22];
j200504_10,1298.7985991194323,I1:[1]; A1:[2 3 4 5 6 7 10]; I8:[8]; I9:[9]; I12:[12]; I11:[11]; I15:[15]; A2:[13 14]; I16:[16]; A3:[17 19]; I20:[20]; I18:[18]; A4:[21]; I22:[22];
j200604_1,1587.121096714024,I1:[1]; I4:[4]; A1:[2 3]; I5:[5]; A2:[6 7 9]; I8:[8]; A3:[12]; I10:[10]; I11:[11]; A4:[13 14 15 16]; I17:[17]; A5:[19]; I20:[20]; I18:[18]; A6:[21]; I22:[22];
j200604_2,1382.9724670372302,I1:[1]; I2:[2]; A1:[3 4 5 10 11]; I6:[6]; I8:[8]; I7:[7]; A2:[9 12 13]; I17:[17]; I14:[14]; A3:[15 16 18 21]; I19:[19]; I20:[20]; I22:[22];
j200604_3,1594.0177381167869,I1:[1]; I8:[8]; I13:[13]; A1:[2 3 4 11 18 19 20 21]; I5:[5]; A2:[6]; I17:[17]; I7:[7]; I9:[9]; A3:[10 12]; I14:[14]; I15:[15]; A4:[16]; I22:[22];
j200604_4,1557.9005609273581,I1:[1]; A1:[2 4]; I3:[3]; I15:[15]; I5:[5]; A2:[6 7 8 11 18]; I13:[13]; I9:[9]; I10:[10]; A3:[12]; I14:[14]; A4:[16 20 21]; I17:[17]; A5:[19]; I22:[22];
j200604_5,1933.3436212500178,I1:[1]; A1:[2 3]; A2:[6 7]; I4:[4]; I5:[5]; I9:[9]; A3:[8 10]; A4:[11 12]; I13:[13]; I15:[15]; A5:[14]; A6:[17]; I16:[16]; I18:[18]; I19:[19]; A7:[20 21]; I22:[22];
j200604_6,1305.3161515856018,I1:[1]; A1:[2]; I5:[5]; I3:[3]; A2:[4 10]; I13:[13]; I6:[6]; I7:[7]; A3:[8 9 15 18]; I11:[11]; A4:[12 14 16 17 19]; I20:[20]; I21:[21]; I22:[22];
j200604_7,1287.8176448054842,I1:[1]; I20:[20]; A1:[2 3 4 5 6 17 18 19 21]; I7:[7]; I16:[16]; I8:[8]; I15:[15]; A2:[9 10]; I11:[11]; I12:[12]; I13:[13]; A3:[14]; I22:[22];
j200604_8,1889.3617241010745,I1:[1]; A1:[2 3]; I5:[5]; I4:[4]; A2:[6 7 9]; I8:[8]; A3:[10 11 12 15]; I13:[13]; I14:[14]; I18:[18]; A4:[16 17 19]; I21:[21]; I20:[20]; I22:[22];
j200604_9,1461.8644863115273,I1:[1]; I3:[3]; A1:[2 4 5 6 12]; I7:[7]; A2:[8 9 10 14 15]; I11:[11]; I13:[13]; A3:[16 17]; I19:[19]; I18:[18]; I20:[20]; I21:[21]; I22:[22];
j200604_10,1366.8769529658614,I1:[1]; I9:[9]; I2:[2]; I3:[3]; A1:[4 10 17 21]; I5:[5]; I6:[6]; I7:[7]; A2:[8 11 13 16 20]; I19:[19]; I12:[12]; A3:[14 15 18]; I22:[22];
j200704_1,1727.8940062107893,I1:[1]; I2:[2]; A1:[3 4 5 6 7]; I8:[8]; I10:[10]; A2:[9]; I11:[11]; A3:[12 13 17]; I14:[14]; A4:[16]; I15:[15]; I18:[18]; I19:[19]; A5:[20 21]; I22:[22];
j200704_2,1660.1742603829675,I1:[1]; I2:[2]; I6:[6]; A1:[3 4 12]; I5:[5]; I7:[7]; A2:[8 9 10 11 16]; I19:[19]; I13:[13]; A3:[14 18 21]; I15:[15]; I17:[17]; A4:[20]; I22:[22];
j200704_3,1488.4625813317878,I1:[1]; A1:[2 3 4 5 6]; I7:[7]; A2:[8 9 10]; I11:[11]; I12:[12]; I14:[14]; I13:[13]; A3:[15]; A4:[18]; I16:[16]; I17:[17]; I21:[21]; A5:[19 20]; I22:[22];
j200704_4,1554.820085020227,I1:[1]; A1:[2 3 21]; I20:[20]; I4:[4]; I5:[5]; I6:[6]; I7:[7]; A2:[8 9 18 19]; I10:[10]; I16:[16]; A3:[11 12 13 14 17]; I15:[15]; I22:[22];
j200704_5,1599.051098742775,I1:[1]; A1:[2 3 4 5 9]; I14:[14]; I7:[7]; I6:[6]; A2:[8]; I10:[10]; A3:[11 12 13 15 17]; I16:[16]; I21:[21]; A4:[18]; I19:[19]; I20:[20]; I22:[22];
j200704_6,1413.2930654476722,I1:[1]; A1:[2]; I5:[5]; I8:[8]; I3:[3]; I4:[4]; I6:[6]; A2:[7]; I9:[9]; A3:[10 11 12 13 14 16]; I15:[15]; I19:[19]; A4:[17 18 20 21]; I22:[22];
j200704_7,1549.5941538291318,I1:[1]; I4:[4]; A1:[2 3 5]; I6:[6]; A2:[7 8]; I11:[11]; I9:[9]; I10:[10]; A3:[12 13]; I14:[14]; I15:[15]; A4:[16 17]; I18:[18]; A5:[19 20 21]; I22:[22];
j200704_8,1444.622202584479,I1:[1]; I2:[2]; I3:[3]; I5:[5]; A1:[4 6 7 10]; I8:[8]; A2:[9]; I11:[11]; I19:[19]; I12:[12]; I13:[13]; A3:[14 15 16 17 18 20 21]; I22:[22];
j200704_9,1482.2501488218431,I1:[1]; A1:[2 3 20 21]; I4:[4]; I5:[5]; I18:[18]; A2:[6 7 17 19]; I8:[8]; I9:[9]; A3:[10 11 16]; I12:[12]; I13:[13]; I14:[14]; A4:[15]; I22:[22];
j200704_10,1419.9818705569228,I1:[1]; A1:[2 3 4 13]; I5:[5]; I6:[6]; A2:[7 18 20 21]; I8:[8]; I9:[9]; I10:[10]; A3:[11 12 17 19]; I14:[14]; I15:[15]; I16:[16]; I22:[22];
j200804_1,1514.2077896012722,I1:[1]; I9:[9]; A1:[2 3 4 7]; I5:[5]; I6:[6]; A2:[8 10 11]; I12:[12]; I13:[13]; A3:[14 15 16 18]; I17:[17]; I19:[19]; A4:[20]; I21:[21]; I22:[22];
j200804_2,1254.6645326822654,I1:[1]; I2:[2]; I13:[13]; A1:[3]; I4:[4]; I5:[5]; I6:[6]; A2:[7 8 9 10 12]; I11:[11]; I20:[20]; A3:[14 15 16 17 18 19]; I21:[21]; I22:[22];
j200804_3,1348.0607115311661,I1:[1]; I2:[2]; I3:[3]; I5:[5]; A1:[4 6]; I7:[7]; I8:[8]; A2:[9]; I10:[10]; A3:[11 12 13 14 17]; I15:[15]; A4:[16 18 19 21]; I20:[20]; I22:[22];
j200804_4,1719.7970579214339,I1:[1]; I21:[21]; A1:[2 3 4]; I5:[5]; A2:[6 7 8]; I10:[10]; I9:[9]; A3:[11 17]; I12:[12]; A4:[13]; I14:[14]; A5:[15]; I20:[20]; I16:[16]; A6:[18 19]; I22:[22];
j200804_5,1641.9603102063334,I1:[1]; I13:[13]; A1:[2 3 4 5 6 20 21]; I7:[7]; I8:[8]; I9:[9]; A2:[10]; I11:[11]; A3:[12]; I14:[14]; A4:[15 19]; I16:[16]; A5:[17]; I18:[18]; I22:[22];
j200804_6,1898.9773945681734,I1:[1]; A1:[2 3 10]; I4:[4]; A2:[5 6]; I7:[7]; A3:[8 9 13]; I11:[11]; A4:[12 17]; I19:[19]; I14:[14]; I15:[15]; A5:[16]; I18:[18]; A6:[20]; I21:[21]; I22:[22];
j200804_7,1826.769449335628,I1:[1]; A1:[2]; I3:[3]; I4:[4]; A2:[5 12]; I6:[6]; I7:[7]; I8:[8]; A3:[9]; I10:[10]; I15:[15]; A4:[11 13]; I14:[14]; A5:[16 17 18 19 20 21]; I22:[22];
j200804_8,1536.5807791868242,I1:[1]; I9:[9]; A1:[2 3 4 21]; I5:[5]; A2:[6 7 8 10]; I11:[11]; I12:[12]; I13:[13]; I14:[14]; I19:[19]; A3:[15 16 20]; I17:[17]; A4:[18]; I22:[22];
j200804_9,1738.7596590370335,I1:[1]; A1:[2 3 4 5 6 7 17]; I8:[8]; I20:[20]; I21:[21]; I9:[9]; A2:[10]; I11:[11]; I12:[12]; A3:[13 14 15 19]; I16:[16]; I18:[18]; I22:[22];
j200804_10,1764.8318338060444,I1:[1]; A1:[2]; I3:[3]; I4:[4]; A2:[5 6 7 8 9 10]; I11:[11]; I12:[12]; I13:[13]; I16:[16]; I14:[14]; A3:[15 17 18 19 20]; I21:[21]; I22:[22];
j200904_1,1461.1204644231923,I1:[1]; I2:[2]; A1:[3 4]; I5:[5]; I6:[6]; A2:[7]; I8:[8]; A3:[9 10 11 12 13 21]; I14:[14]; A4:[15 16]; I17:[17]; I20:[20]; A5:[18]; I19:[19]; I22:[22];
j200904_2,1654.6645212631108,I1:[1]; A1:[2 3]; I13:[13]; I4:[4]; A2:[5 6 7]; I8:[8]; A3:[9]; I10:[10]; I11:[11]; A4:[12 14 15 21]; I16:[16]; I17:[17]; I18:[18]; A5:[19 20]; I22:[22];
j200904_3,1614.7808629068718,I1:[1]; A1:[2]; I3:[3]; I4:[4]; A2:[5 6 21]; I7:[7]; I8:[8]; A3:[9]; I10:[10]; A4:[11 12 13 14 15 16]; I17:[17]; I20:[20]; A5:[18]; I19:[19]; I22:[22];
j200904_4,1774.8411312717453,I1:[1]; I2:[2]; A1:[3 4]; I5:[5]; A2:[6 7]; I8:[8]; I9:[9]; A3:[10 11 12 13 14 19]; I15:[15]; I16:[16]; A4:[17 18]; I21:[21]; I20:[20]; I22:[22];
j200904_5,1639.8497528473065,I1:[1]; A1:[2 3 4]; I5:[5]; A2:[6 7 8 9]; I12:[12]; I10:[10]; A3:[11]; I13:[13]; A4:[14]; I15:[15]; A5:[16 21]; I17:[17]; I18:[18]; I19:[19]; A6:[20]; I22:[22];
j200904_6,1563.0017505851345,I1:[1]; A1:[2]; I3:[3]; A2:[4 5 6 7 15]; I8:[8]; I9:[9]; A3:[10 11 12 13]; I14:[14]; A4:[16]; I21:[21]; I17:[17]; I18:[18]; A5:[19]; I20:[20]; I22:[22];
j200904_7,1776.5507115374962,I1:[1]; A1:[2 3 4]; I5:[5]; I6:[6]; I7:[7]; I8:[8]; A2:[9 10 11 12 14]; I13:[13]; A3:[15 17]; I16:[16]; I18:[18]; I19:[19]; A4:[20 21]; I22:[22];
j200904_8,1633.9396157660324,I1:[1]; A1:[2]; I3:[3]; I4:[4]; I5:[5]; A2:[6]; I7:[7]; A3:[8 9 10 11]; I16:[16]; I12:[12]; I13:[13]; A4:[14 15 17 18 19 20]; I21:[21]; I22:[22];
j200904_9,1224.7572571510364,I1:[1]; I2:[2]; I12:[12]; I3:[3]; A1:[4 5]; I6:[6]; A2:[7 8 9 10 11 13 14 15]; I16:[16]; A3:[17 18]; I21:[21]; I19:[19]; I20:[20]; I22:[22];
j200904_10,1669.2688764773197,I1:[1]; I2:[2]; I3:[3]; A1:[4]; I5:[5]; A2:[6 7 9]; I8:[8]; A3:[10 11]; I12:[12]; I13:[13]; A4:[14 15 16]; I17:[17]; A5:[18]; I19:[19]; A6:[20 21]; I22:[22];
j201004_1,1834.1312733029563,I1:[1]; A1:[2]; I3:[3]; A2:[4]; I5:[5]; A3:[6 7 8 9]; I10:[10]; A4:[11]; I12:[12]; A5:[13]; I14:[14]; A6:[15]; I16:[16]; I17:[17]; A7:[18 19]; I20:[20]; A8:[21]; I22:[22];
j201004_2,1761.3368383292604,I1:[1]; I2:[2]; I3:[3]; A1:[4 5 6 7 8]; I9:[9]; A2:[10]; I11:[11]; I12:[12]; A3:[13]; I14:[14]; A4:[15]; I16:[16]; A5:[17 18]; I19:[19]; A6:[20 21]; I22:[22];
j201004_3,1724.0474921672778,I1:[1]; I2:[2]; A1:[3 4 5]; I6:[6]; A2:[7]; I8:[8]; I9:[9]; I10:[10]; A3:[11]; I12:[12]; A4:[13 14 15]; I16:[16]; A5:[17 18]; I19:[19]; A6:[20 21]; I22:[22];
j201004_4,1551.4180851217463,I1:[1]; A1:[2 3 4 5 6 7]; I8:[8]; I9:[9]; I10:[10]; A2:[11 12 13]; I14:[14]; I15:[15]; A3:[16 17]; I18:[18]; I19:[19]; A4:[20]; I21:[21]; I22:[22];
j201004_5,1625.2862800829166,I1:[1]; I2:[2]; A1:[3 4 5]; I6:[6]; I7:[7]; I8:[8]; A2:[9]; I10:[10]; I11:[11]; A3:[12 13]; I14:[14]; A4:[15 16 17]; I18:[18]; A5:[19 20 21]; I22:[22];
j201004_6,1762.4475123773746,I1:[1]; I2:[2]; A1:[3]; I4:[4]; A2:[5 6]; I7:[7]; I8:[8]; A3:[9 10]; I11:[11]; I12:[12]; A4:[13 14 15 16 17]; I18:[18]; A5:[19]; I20:[20]; A6:[21]; I22:[22];
j201004_7,1625.908150588695,I1:[1]; I2:[2]; A1:[3 4]; I5:[5]; A2:[6 7 8 9 10]; I11:[11]; I12:[12]; I13:[13]; A3:[14 15 16 17]; I18:[18]; I19:[19]; A4:[20]; I21:[21]; I22:[22];
j201004_8,1872.479172178892,I1:[1]; A1:[2]; I3:[3]; I4:[4]; A2:[5 6]; I7:[7]; A3:[8]; I9:[9]; A4:[10]; I11:[11]; A5:[12]; I13:[13]; A6:[14]; I15:[15]; A7:[16 17]; I18:[18]; A8:[19 20 21]; I22:[22];
j201004_9,1568.0425561670677,I1:[1]; A1:[2]; I3:[3]; I4:[4]; I5:[5]; A2:[6 7 8 9 10]; I11:[11]; A3:[12 13 14 15 16 17]; I18:[18]; I19:[19]; I20:[20]; I21:[21]; I22:[22];
j201004_10,1774.184992040065,I1:[1]; A1:[2 3]; I4:[4]; A2:[5 6]; I7:[7]; A3:[8 9]; I10:[10]; A4:[11 12]; I13:[13]; I14:[14]; A5:[15]; I16:[16]; A6:[17 18]; I19:[19]; I20:[20]; A7:[21]; I22:[22];
j300104_1,2067.478275103862,I1:[1]; I25:[25]; I28:[28]; I9:[9]; I2:[2]; A1:[3 4 11 12 29 30]; I14:[14]; I26:[26]; I6:[6]; I7:[7]; I8:[8]; I10:[10]; A2:[13 24 27 31]; I5:[5]; I18:[18]; A3:[15 16 17 19 20 21 22 23]; I32:[32];
j300104_2,1819.6799848655478,I1:[1]; I7:[7]; I8:[8]; I10:[10]; I17:[17]; I9:[9]; A1:[2 4 5 6 14 31]; A2:[3 18]; I12:[12]; I11:[11]; I29:[29]; I25:[25]; I28:[28]; I27:[27]; A3:[13 15 16 19 21 22 23 24 26 30]; I20:[20]; I32:[32];
j300104_3,1771.746504536248,I1:[1]; I23:[23]; I28:[28]; I17:[17]; I25:[25]; I26:[26]; I31:[31]; I6:[6]; I22:[22]; I27:[27]; I30:[30]; I11:[11]; I5:[5]; A1:[2 3 4 8 9 10 12 13 14 15 16 18 19 20 21 24 29]; A2:[7]; I32:[32];
j300104_4,2091.144086664443,I1:[1]; I10:[10]; I4:[4]; I11:[11]; A1:[2 5 9 14 17]; I30:[30]; A2:[3 15 16 29 31]; I8:[8]; I12:[12]; I6:[6]; I24:[24]; A3:[7 13 26 27 28]; I21:[21]; I25:[25]; I22:[22]; A4:[18 20 23]; I19:[19]; I32:[32];
j300104_5,1820.5250111582898,I1:[1]; I24:[24]; I3:[3]; I9:[9]; I8:[8]; I21:[21]; I31:[31]; A1:[2 4 5 6 15 22 23 25 26 27 28 29]; I11:[11]; I7:[7]; I20:[20]; I12:[12]; I10:[10]; A2:[14 16 17 18 19 30]; I13:[13]; I32:[32];
j300104_6,2063.3727587886397,I1:[1]; I14:[14]; I10:[10]; I4:[4]; I9:[9]; I31:[31]; I13:[13]; I8:[8]; I11:[11]; A1:[2 3 7 25 27 28 29 30]; I6:[6]; I24:[24]; I23:[23]; A2:[5 12 15 17 18 19 20 21 22 26]; I16:[16]; I32:[32];
j300104_7,2005.9034944410314,I1:[1]; I19:[19]; I9:[9]; I18:[18]; I8:[8]; I20:[20]; I11:[11]; I12:[12]; A1:[2 3 4 5 6 7 10 13 16 17 30]; I15:[15]; I29:[29]; I25:[25]; I22:[22]; A2:[14 21 23 24 26 27 31]; I28:[28]; I32:[32];
j300104_8,2096.1608225106093,I1:[1]; I31:[31]; I11:[11]; I13:[13]; I29:[29]; I17:[17]; I8:[8]; A1:[2 3 4 5 6 12 14 18 19 30]; I16:[16]; I27:[27]; A2:[7 9 15 24]; I10:[10]; I26:[26]; I23:[23]; I25:[25]; A3:[20 21 22 28]; I32:[32];
j300104_9,2034.2494421537053,I1:[1]; I24:[24]; I12:[12]; I27:[27]; I28:[28]; I31:[31]; I8:[8]; A1:[2 3 6 10 11 23 25 26 29 30]; I5:[5]; I7:[7]; I9:[9]; I17:[17]; I21:[21]; I15:[15]; A2:[4 13 14 16 18 19 20 22]; I32:[32];
j300104_10,1986.5477996216173,I1:[1]; I5:[5]; A1:[2 3 7 12 22 26 27 28 30]; I11:[11]; I31:[31]; I4:[4]; I8:[8]; I10:[10]; A2:[6 18 21 23]; I25:[25]; I19:[19]; I17:[17]; A3:[9 14 20 24 29]; I15:[15]; I16:[16]; I13:[13]; I32:[32];
j300204_1,1897.0598972805024,I1:[1]; I31:[31]; I10:[10]; I5:[5]; A1:[2 6 9 12 16 17 25 26 29 30]; A2:[4 11 15 28]; I27:[27]; I3:[3]; I24:[24]; I7:[7]; I8:[8]; I14:[14]; I22:[22]; A3:[13 19 20 23]; I21:[21]; I18:[18]; I32:[32];
j300204_2,2097.286827756873,I1:[1]; I12:[12]; I4:[4]; A1:[2 3 5 9 16]; I6:[6]; I10:[10]; A2:[7 8 13 19 21]; I11:[11]; I18:[18]; I20:[20]; I23:[23]; A3:[14 15 22 31]; I17:[17]; I29:[29]; I26:[26]; A4:[24 25 28 30]; I27:[27]; I32:[32];
j300204_3,2321.665049219244,I1:[1]; I5:[5]; I2:[2]; I10:[10]; I12:[12]; I3:[3]; A1:[4 6 15]; I8:[8]; I13:[13]; A2:[7 9 11 17 18]; I14:[14]; I19:[19]; I24:[24]; I29:[29]; A3:[16 20 21 23 30 31]; I22:[22]; A4:[25 26 27 28]; I32:[32];
j300204_4,2295.1345408654042,I1:[1]; I5:[5]; I2:[2]; A1:[3 4 9 10 16]; I7:[7]; I13:[13]; I21:[21]; A2:[6 8 11 12 14 18 20 24]; I19:[19]; I23:[23]; I31:[31]; I15:[15]; A3:[22]; I17:[17]; I26:[26]; I25:[25]; A4:[27 28 29 30]; I32:[32];
j300204_5,2110.089940101009,I1:[1]; I10:[10]; A1:[2 3 4 5 6 8 11 12 16]; I13:[13]; I7:[7]; I15:[15]; A2:[9 14]; I22:[22]; I21:[21]; I24:[24]; I17:[17]; I31:[31]; A3:[18 19 20 29]; I23:[23]; I28:[28]; I25:[25]; A4:[26 27 30]; I32:[32];
j300204_6,2321.289200077454,I1:[1]; I2:[2]; I4:[4]; I7:[7]; I5:[5]; A1:[3 6 29 30 31]; I10:[10]; I8:[8]; I14:[14]; A2:[9 11 17 28]; I26:[26]; I27:[27]; I16:[16]; A3:[12 13 18 25]; I15:[15]; I19:[19]; A4:[20 21 22 23 24]; I32:[32];
j300204_7,2209.610260865642,I1:[1]; I2:[2]; I4:[4]; I3:[3]; A1:[5 10 15]; I17:[17]; I7:[7]; I6:[6]; I12:[12]; A2:[8 9 11 14 19 20 24]; A3:[13 21 23 31]; I18:[18]; I22:[22]; I16:[16]; I26:[26]; A4:[25 28 29 30]; I27:[27]; I32:[32];
j300204_8,2145.2575089782395,I1:[1]; I13:[13]; I5:[5]; A1:[2 3 4 8 10 12]; I14:[14]; I6:[6]; I17:[17]; I7:[7]; A2:[9 15]; A3:[11]; I21:[21]; I18:[18]; I30:[30]; I31:[31]; A5:[20 24 29]; A4:[16 19 23 28]; I22:[22]; I25:[25]; A6:[26 27]; I32:[32];
j300204_9,1906.495717432163,I1:[1]; I12:[12]; A1:[2 4]; I6:[6]; I5:[5]; A2:[7 9 10 14 17]; I3:[3]; I8:[8]; I16:[16]; I19:[19]; A3:[11]; I15:[15]; I23:[23]; A4:[13 20 28 29 30]; I18:[18]; I27:[27]; A5:[21 22 24 26 31]; I25:[25]; I32:[32];
j300204_10,1913.558279085892,I1:[1]; I2:[2]; I8:[8]; I19:[19]; I11:[11]; I4:[4]; A1:[3 6 7 17 18 20 30]; I31:[31]; I5:[5]; I27:[27]; A2:[10 12 13 21 26 28]; I25:[25]; I9:[9]; I14:[14]; A3:[15 16 23 24 29]; I22:[22]; I32:[32];
j300304_1,2086.438133850894,I1:[1]; I5:[5]; A1:[2 3 9 12 13 30 31]; A2:[4 14 18 29]; I11:[11]; I16:[16]; I6:[6]; I17:[17]; I7:[7]; I27:[27]; A3:[8 10 21 23 25 26 28]; I20:[20]; I15:[15]; I24:[24]; I19:[19]; I22:[22]; I32:[32];
j300304_2,2464.5010610628797,I1:[1]; I6:[6]; I8:[8]; A1:[2 3 4 5 7 11]; I12:[12]; A2:[9 10 13 15 18 31]; I23:[23]; I16:[16]; I30:[30]; A3:[14 17]; I19:[19]; I29:[29]; I28:[28]; A4:[20 26 27]; I21:[21]; I22:[22]; I24:[24]; A5:[25]; I32:[32];
j300304_3,1811.4554243648056,I1:[1]; I8:[8]; I20:[20]; A1:[2]; I3:[3]; I4:[4]; A2:[5 6 7 10 11 13 14 18 29 31]; I19:[19]; I23:[23]; I28:[28]; I30:[30]; I9:[9]; I16:[16]; I22:[22]; A3:[12 15 24 25 26 27]; I17:[17]; A4:[21]; I32:[32];
j300304_4,2310.1527227935494,I1:[1]; I2:[2]; I8:[8]; A1:[3 4 7 9]; I5:[5]; I14:[14]; I6:[6]; I10:[10]; A2:[11 12 13 16 17 18 19 22 25]; I15:[15]; I29:[29]; I20:[20]; I21:[21]; I24:[24]; I27:[27]; A3:[23 28 30 31]; A4:[26]; I32:[32];
j300304_5,2165.7847695319633,I1:[1]; I2:[2]; A2:[4 6 8 9]; I11:[11]; A1:[3]; I5:[5]; I13:[13]; I17:[17]; A3:[7 10 12 14 15 21 31]; I18:[18]; I20:[20]; I28:[28]; I27:[27]; A4:[16 19 25 26 29 30]; I23:[23]; I22:[22]; I24:[24]; I32:[32];
j300304_6,2092.2291848469213,I1:[1]; I5:[5]; A1:[3 11 12]; I2:[2]; I6:[6]; I20:[20]; I7:[7]; A2:[4 18]; I17:[17]; A3:[8 9 10 13 16]; I15:[15]; I22:[22]; I14:[14]; A4:[19 21 23 24 30 31]; I25:[25]; I29:[29]; I28:[28]; A5:[26 27]; I32:[32];
j300304_7,2207.4082954935157,I1:[1]; I7:[7]; I23:[23]; I20:[20]; I27:[27]; I25:[25]; I26:[26]; A1:[2 3 4 11 16 17 19 22 24 28 29 31]; I15:[15]; I5:[5]; I18:[18]; A2:[6 8 13 14 21 30]; I9:[9]; I10:[10]; I12:[12]; I32:[32];
j300304_8,2186.010866479999,I1:[1]; I30:[30]; I5:[5]; I18:[18]; I31:[31]; I14:[14]; I28:[28]; A1:[2 3 4 7 10 16 17 29]; I27:[27]; I6:[6]; I26:[26]; A2:[8 9 12 24]; I22:[22]; I25:[25]; I11:[11]; A3:[13 15 19 20 21 23]; I32:[32];
j300304_9,2337.764047580806,I1:[1]; I4:[4]; I10:[10]; A1:[2 3 5 6]; I7:[7]; I9:[9]; A2:[8 12 13 17]; I11:[11]; I14:[14]; A3:[15 18 21]; I16:[16]; I25:[25]; I19:[19]; I20:[20]; A4:[23 24]; I22:[22]; A5:[26 27 28 30 31]; I29:[29]; I32:[32];
j300304_10,2184.8092880138784,I1:[1]; I12:[12]; I13:[13]; I2:[2]; I8:[8]; A1:[3 5 7 9 10 16 18]; I4:[4]; I6:[6]; I22:[22]; A2:[14 19 23]; I11:[11]; I15:[15]; A3:[17 20 21 24 26]; I29:[29]; I28:[28]; I31:[31]; A4:[25 27 30]; I32:[32];
j300404_1,2267.0908938862776,I1:[1]; I5:[5]; A1:[2 3]; I8:[8]; I6:[6]; A2:[4 7 9 10 11 14]; I16:[16]; I12:[12]; I17:[17]; I13:[13]; A3:[15 19]; I18:[18]; I20:[20]; A4:[21 22 23 24 26 28]; I25:[25]; I31:[31]; I27:[27]; A5:[29 30]; I32:[32];
j300404_2,2604.5600139573053,I1:[1]; A1:[2 3 4 5]; A2:[6]; I7:[7]; A3:[9 10]; I8:[8]; I11:[11]; I16:[16]; I12:[12]; I14:[14]; A4:[13 15 17 20 31]; I19:[19]; I23:[23]; A5:[18 21 22]; I29:[29]; I27:[27]; I28:[28]; I26:[26]; A6:[24 25 30]; I32:[32];
j300404_3,2294.5025278312387,I1:[1]; A1:[2 6]; I5:[5]; I3:[3]; I4:[4]; A2:[7 8 11 13 14]; I31:[31]; I9:[9]; I18:[18]; I30:[30]; A3:[10 12 15 17 22]; I16:[16]; I28:[28]; I19:[19]; A4:[20 21 24 26 27 29]; I25:[25]; I23:[23]; I32:[32];
j300404_4,2195.6997097314165,I1:[1]; I6:[6]; A1:[2 3]; I15:[15]; I5:[5]; I19:[19]; I4:[4]; I31:[31]; I29:[29]; A2:[7 14 30]; I28:[28]; I8:[8]; I17:[17]; A3:[9 10 11 12 13 16 18 20 22 23 24 25 26]; I27:[27]; I21:[21]; I32:[32];
j300404_5,2304.828053731707,I1:[1]; A1:[2 3 4 5 7 10]; I9:[9]; I6:[6]; A2:[8 11 31]; I12:[12]; I13:[13]; I20:[20]; A3:[14]; A4:[16 17 19 21]; I15:[15]; I18:[18]; I22:[22]; I30:[30]; I24:[24]; A5:[23 27 28 29]; I26:[26]; I25:[25]; I32:[32];
j300404_6,2288.148300592765,I1:[1]; I26:[26]; I31:[31]; I27:[27]; I14:[14]; I29:[29]; I30:[30]; A1:[2 3 4 5 6 7 8 10 15 19 20 22 23 24 25 28]; I18:[18]; I9:[9]; I21:[21]; I11:[11]; I17:[17]; I12:[12]; A2:[13 16]; I32:[32];
j300404_7,2247.8247069123727,I1:[1]; I2:[2]; I3:[3]; I9:[9]; A1:[4 5 6 7 8 10 11 14]; I12:[12]; A2:[13 16 17]; I20:[20]; I15:[15]; I21:[21]; A3:[18 19 22 25]; I24:[24]; I23:[23]; A4:[27 29]; I26:[26]; A5:[28]; I30:[30]; I31:[31]; I32:[32];
j300404_8,2336.852682824293,I1:[1]; I6:[6]; A1:[2]; A2:[4]; I3:[3]; I8:[8]; A3:[5 7 9 11]; I31:[31]; I10:[10]; A4:[12]; A5:[15 17 18 19 20 22]; I13:[13]; I14:[14]; I16:[16]; I24:[24]; I21:[21]; I29:[29]; I23:[23]; A6:[25 26 27 28 30]; I32:[32];
j300404_9,2224.5987013402223,I1:[1]; I2:[2]; I4:[4]; I3:[3]; I6:[6]; A1:[5 7 8 9]; I10:[10]; I11:[11]; I15:[15]; A2:[12 13 14 16 18]; I27:[27]; I20:[20]; A3:[17 19 23]; I21:[21]; I22:[22]; I24:[24]; A4:[25 26 28 29 30 31]; I32:[32];
j300404_10,1993.7907282658427,I1:[1]; I7:[7]; I5:[5]; A1:[2 8]; I10:[10]; I3:[3]; I31:[31]; A2:[4 6 11 13 29 30]; I23:[23]; I17:[17]; I9:[9]; A3:[12 19 20 22 24 28]; I14:[14]; A4:[15]; I16:[16]; I27:[27]; I26:[26]; A5:[18 21 25]; I32:[32];
j300504_1,2204.868064750665,I1:[1]; I7:[7]; I30:[30]; A1:[2 3 4 5 16 31]; I9:[9]; I6:[6]; I19:[19]; A2:[8 10 11 12 13 14 15 28 29]; I25:[25]; I27:[27]; I17:[17]; I26:[26]; I18:[18]; I23:[23]; I20:[20]; A3:[21 22 24]; I32:[32];
j300504_2,2646.2489225674703,I1:[1]; A1:[2 3]; I7:[7]; I6:[6]; I8:[8]; A2:[4 5]; I9:[9]; A3:[10 11]; I13:[13]; I12:[12]; I15:[15]; A4:[14]; A5:[16 17 18 19]; I21:[21]; A6:[20]; I22:[22]; A7:[23 24 25]; I26:[26]; I27:[27]; A8:[28 29 30]; I31:[31]; I32:[32];
j300504_3,2055.786247755904,I1:[1]; A1:[2]; I7:[7]; A2:[3 4 5 10]; I6:[6]; I8:[8]; I12:[12]; A3:[9 11 13 14 15 16 20]; I21:[21]; I17:[17]; I19:[19]; I18:[18]; I22:[22]; I23:[23]; I28:[28]; A4:[24 25 26 30 31]; I27:[27]; A5:[29]; I32:[32];
j300504_4,2188.0328654709124,I1:[1]; I19:[19]; A1:[2 3 4 18 30 31]; I5:[5]; I17:[17]; I16:[16]; A2:[6 7 8 28 29]; I26:[26]; I25:[25]; I9:[9]; I24:[24]; I10:[10]; I11:[11]; A3:[12 22 23 27]; I13:[13]; I14:[14]; A4:[15 20 21]; I32:[32];
j300504_5,2373.182145948449,I1:[1]; A1:[2]; I31:[31]; I3:[3]; I28:[28]; I4:[4]; A2:[5 16 27 30]; I26:[26]; I6:[6]; A3:[7 8 9 10 22 24 25 29]; I23:[23]; I11:[11]; I21:[21]; I12:[12]; A4:[13 18 19 20]; I14:[14]; I15:[15]; A5:[17]; I32:[32];
j300504_6,2405.6065515584705,I1:[1]; I31:[31]; I28:[28]; I2:[2]; I30:[30]; A1:[3 4 5 24 25 26 27 29]; I6:[6]; A2:[7 8 9 22 23]; I10:[10]; I21:[21]; I11:[11]; A3:[12 13 19]; I17:[17]; I14:[14]; I18:[18]; I15:[15]; A4:[16 20]; I32:[32];
j300504_7,2275.727038136971,I1:[1]; I3:[3]; I31:[31]; A1:[2 4 5 6 8 30]; I12:[12]; I7:[7]; A2:[9 23]; I10:[10]; I11:[11]; I22:[22]; A3:[13 14 15 19 29]; I16:[16]; I28:[28]; A4:[17]; I18:[18]; I26:[26]; A5:[20 21 24 27]; I25:[25]; I32:[32];
j300504_8,2104.52875513528,I1:[1]; I2:[2]; I8:[8]; A1:[3]; I5:[5]; A2:[4 6 7 10 12 26]; I11:[11]; I9:[9]; A3:[13 14 15 16 17]; I18:[18]; I31:[31]; I19:[19]; I20:[20]; I21:[21]; I30:[30]; A4:[22 23 24 28 29]; I25:[25]; A5:[27]; I32:[32];
j300504_9,2245.797394011528,I1:[1]; I7:[7]; A1:[2]; I3:[3]; I4:[4]; I5:[5]; I9:[9]; A2:[6 8 10 11 12 14]; I13:[13]; A3:[15 16 17]; I18:[18]; A4:[19 20 22 25]; I24:[24]; I21:[21]; A5:[23]; I28:[28]; I26:[26]; A6:[29 30]; I27:[27]; A7:[31]; I32:[32];
j300504_10,2246.662107732684,I1:[1]; A1:[2 3 4 16 27 29 30 31]; I5:[5]; I28:[28]; A2:[6 7 26]; I24:[24]; I8:[8]; A3:[9 10 23 25]; I11:[11]; I21:[21]; I22:[22]; I12:[12]; I19:[19]; A4:[13 18 20]; I14:[14]; I15:[15]; I17:[17]; I32:[32];
j300604_1,2339.198009958288,I1:[1]; I13:[13]; I2:[2]; I3:[3]; I4:[4]; A1:[5]; I6:[6]; A2:[7 10 12 18 22 26 31]; I8:[8]; A3:[9 11 14 15 16 17 19 20 21]; I30:[30]; I23:[23]; I24:[24]; I25:[25]; I27:[27]; I29:[29]; A4:[28]; I32:[32];
j300604_2,2262.610939284413,I1:[1]; I31:[31]; I17:[17]; A1:[2 3 4 29]; I30:[30]; I5:[5]; A2:[6 28]; I7:[7]; I8:[8]; A3:[9 10 11 27]; I12:[12]; A4:[13 14 15 22 23 24 25 26]; I16:[16]; I18:[18]; I21:[21]; I19:[19]; I20:[20]; I32:[32];
j300604_3,2076.1676920100463,I1:[1]; I2:[2]; I31:[31]; I3:[3]; A1:[4 5 6 20 24 30]; I11:[11]; I7:[7]; A2:[8]; I9:[9]; A3:[12 17 29]; I10:[10]; I28:[28]; I13:[13]; I14:[14]; I15:[15]; A4:[16 18 22]; I19:[19]; A5:[21 23 25 26 27]; I32:[32];
j300604_4,2385.368155585068,I1:[1]; I9:[9]; A1:[2 3 4]; I10:[10]; I5:[5]; I11:[11]; A2:[6]; I7:[7]; A4:[14 31]; I8:[8]; I20:[20]; I12:[12]; A3:[13 15 16]; I17:[17]; I30:[30]; A5:[18 19 21 22 23 26 27 28 29]; I24:[24]; I25:[25]; I32:[32];
j300604_5,2310.149461731898,I1:[1]; I19:[19]; I24:[24]; A1:[2 3 4 5 15 18 31]; I13:[13]; I7:[7]; I6:[6]; I8:[8]; A2:[9 10 30]; I11:[11]; I12:[12]; I14:[14]; I28:[28]; A3:[16 17 20 21 22 23 29]; I25:[25]; I27:[27]; A4:[26]; I32:[32];
j300604_6,2258.4404983508152,I1:[1]; I6:[6]; A1:[2 3 4 13]; I5:[5]; I19:[19]; A2:[7 8 9 10 12 25]; I11:[11]; I31:[31]; I14:[14]; I15:[15]; I30:[30]; A3:[16 17 18]; I20:[20]; I21:[21]; I29:[29]; I22:[22]; A4:[23 24 26 27 28]; I32:[32];
j300604_7,2137.8189399603384,I1:[1]; I28:[28]; I31:[31]; A1:[2 3 4 27 29 30]; I5:[5]; A2:[6 26]; I7:[7]; I8:[8]; A3:[9 10 11 23 24 25]; I12:[12]; I21:[21]; I22:[22]; A4:[13 14]; I15:[15]; I20:[20]; A5:[16]; I17:[17]; I18:[18]; A6:[19]; I32:[32];
j300604_8,2413.2871757224157,I1:[1]; I10:[10]; A1:[3]; I13:[13]; I2:[2]; I4:[4]; I6:[6]; A2:[5 7 8 9 11 15 17]; I12:[12]; A3:[14 23]; I16:[16]; A4:[18]; I19:[19]; I20:[20]; I30:[30]; A5:[21 22 24 25 31]; I29:[29]; I26:[26]; A6:[27 28]; I32:[32];
j300604_9,2528.136710760713,I1:[1]; A1:[2]; I3:[3]; A2:[4]; I8:[8]; A3:[5 6 7 9 10 12]; I16:[16]; I11:[11]; A4:[13]; I18:[18]; A5:[14 15 17 21]; I26:[26]; I19:[19]; I20:[20]; A6:[22]; I24:[24]; I23:[23]; A7:[25]; I29:[29]; I27:[27]; A8:[28 30 31]; I32:[32];
j300604_10,2224.1358918530696,I1:[1]; I31:[31]; A1:[2 3]; I30:[30]; I28:[28]; I4:[4]; I5:[5]; A2:[6 26 27 29]; I7:[7]; I8:[8]; A3:[9 25]; I10:[10]; I11:[11]; I12:[12]; A4:[13 22 23 24]; I14:[14]; A5:[15 16 20 21]; I17:[17]; A6:[18 19]; I32:[32];
j300704_1,2360.174131335536,I1:[1]; A1:[2 3]; I4:[4]; I8:[8]; I11:[11]; A2:[5 6 7 9 10 12 19]; I13:[13]; I24:[24]; I17:[17]; I31:[31]; A3:[14 23]; I15:[15]; A4:[16 18]; I20:[20]; I29:[29]; A5:[21 30]; I22:[22]; A6:[25 26 27]; I28:[28]; I32:[32];
j300704_2,2530.219629143111,I1:[1]; A1:[2 3 4]; I5:[5]; A2:[6]; I11:[11]; I7:[7]; A3:[8 9 12 18]; I10:[10]; A4:[13 14 15 22]; I16:[16]; I26:[26]; I20:[20]; A5:[17]; I19:[19]; I21:[21]; A6:[23 25]; I24:[24]; I27:[27]; I28:[28]; A7:[29 30 31]; I32:[32];
j300704_3,2242.025689147856,I1:[1]; I2:[2]; I3:[3]; I4:[4]; A1:[5 9]; I6:[6]; A2:[7 8 14 18 30 31]; I10:[10]; I11:[11]; I12:[12]; I13:[13]; A3:[15 16 17 19 20 21 22 23 29]; I27:[27]; I24:[24]; I28:[28]; I25:[25]; A4:[26]; I32:[32];
j300704_4,2086.937791849057,I1:[1]; I2:[2]; I3:[3]; A1:[4 16 31]; I5:[5]; A2:[6]; I7:[7]; I8:[8]; I22:[22]; A3:[9 10 11 30]; I29:[29]; I12:[12]; I28:[28]; I13:[13]; A4:[14]; I15:[15]; A5:[17 18 19 20 21 26 27]; I23:[23]; A6:[24 25]; I32:[32];
j300704_5,2264.2893945931573,I1:[1]; I2:[2]; A1:[3 4 5 17 19 31]; I6:[6]; I7:[7]; I29:[29]; I30:[30]; I8:[8]; I9:[9]; I10:[10]; I11:[11]; A2:[12 13 14 15 16 18 25 26 27 28]; I20:[20]; A3:[21 22]; I23:[23]; I24:[24]; I32:[32];
j300704_6,1926.403035249397,I1:[1]; A1:[2 3 4 31]; I5:[5]; A2:[6]; I29:[29]; I7:[7]; A3:[8]; I28:[28]; I26:[26]; I9:[9]; A4:[10 11 12 13 14 15 16 17 27 30]; I23:[23]; I24:[24]; I25:[25]; I18:[18]; I19:[19]; A5:[20 21]; I22:[22]; I32:[32];
j300704_7,2351.831706508309,I1:[1]; I27:[27]; I28:[28]; A1:[2 3 4 26 29 30 31]; I5:[5]; I6:[6]; A2:[7]; I8:[8]; A3:[9 10 11 23 24 25]; I12:[12]; I13:[13]; I14:[14]; A4:[15]; I16:[16]; A5:[17 18]; I19:[19]; A6:[20]; I21:[21]; I22:[22]; I32:[32];
j300704_8,2427.8869420012434,I1:[1]; A1:[2 3]; I5:[5]; I4:[4]; A2:[6 7 8 9 10 11 12]; I13:[13]; I14:[14]; I17:[17]; I15:[15]; A3:[16 18]; I19:[19]; I20:[20]; I21:[21]; I24:[24]; A4:[22 23 25 26 27 29]; I28:[28]; A5:[30]; I31:[31]; I32:[32];
j300704_9,2399.649339087973,I1:[1]; I2:[2]; A1:[3]; I7:[7]; I4:[4]; A2:[5 6 10 13]; I8:[8]; I9:[9]; I16:[16]; A3:[11 20]; I12:[12]; I14:[14]; A4:[15]; I17:[17]; I18:[18]; A5:[19 21 28]; I22:[22]; I31:[31]; A6:[23 24 25 26 27 29 30]; I32:[32];
j300704_10,2102.751209900215,I1:[1]; I2:[2]; A1:[3 4 5 15 20]; I31:[31]; I6:[6]; I29:[29]; I7:[7]; I8:[8]; A2:[9]; I10:[10]; A3:[11 12 28 30]; I13:[13]; I14:[14]; A4:[16 27]; I17:[17]; I18:[18]; A5:[19 21 22 23 24 25]; I26:[26]; I32:[32];
j300804_1,2456.01494789798,I1:[1]; A1:[2 3 4 5 9 29]; I6:[6]; I13:[13]; A2:[7]; I8:[8]; I23:[23]; I10:[10]; A3:[11 12 14]; I15:[15]; I25:[25]; A4:[16]; I17:[17]; I18:[18]; A5:[19]; I20:[20]; I21:[21]; A6:[22 24 26 31]; I27:[27]; A7:[28 30]; I32:[32];
j300804_2,2396.7426905852853,I1:[1]; I2:[2]; I3:[3]; I4:[4]; A1:[5 6 7 20]; I8:[8]; A2:[9 10 11 12 13]; I14:[14]; I15:[15]; A3:[16 31]; I30:[30]; I17:[17]; A4:[18]; I19:[19]; I28:[28]; I21:[21]; A5:[22 23 27 29]; I24:[24]; A6:[25 26]; I32:[32];
j300804_3,2293.426089871914,I1:[1]; I2:[2]; I3:[3]; A1:[4 5 6 27 28 29 30 31]; I7:[7]; A2:[8 9]; I10:[10]; A3:[11 26]; I12:[12]; I13:[13]; I14:[14]; I15:[15]; A4:[16]; I17:[17]; I18:[18]; I19:[19]; A5:[20]; I21:[21]; A6:[22 23 24 25]; I32:[32];
j300804_4,2377.8124438096656,I1:[1]; I30:[30]; I31:[31]; A1:[2]; I3:[3]; I4:[4]; I5:[5]; A2:[6 23 29]; I7:[7]; A3:[8 9]; I10:[10]; A4:[11 12]; I28:[28]; I13:[13]; A5:[14]; I15:[15]; A6:[16 17 18 19 20 27]; I21:[21]; A7:[22 24]; I25:[25]; A8:[26]; I32:[32];
j300804_5,2200.5210500231724,I1:[1]; I31:[31]; I2:[2]; A1:[3 4]; I5:[5]; A2:[6 7 8]; I9:[9]; I10:[10]; A3:[11 12 29 30]; I13:[13]; A4:[14 15 16 17 26 27 28]; I18:[18]; I19:[19]; I20:[20]; I21:[21]; I22:[22]; A5:[23]; I24:[24]; A6:[25]; I32:[32];
j300804_6,2241.1799344405,I1:[1]; A1:[2 3 4 5 6 7]; I12:[12]; I8:[8]; I10:[10]; A2:[9]; I11:[11]; I16:[16]; I13:[13]; I14:[14]; I15:[15]; I17:[17]; I18:[18]; A3:[19 20 21 22 23 24 26]; I29:[29]; I25:[25]; A4:[27 28 30 31]; I32:[32];
j300804_7,2543.888922968061,I1:[1]; I2:[2]; A1:[3 4 5 26 31]; I6:[6]; I12:[12]; I7:[7]; A2:[8 14]; I9:[9]; I10:[10]; A3:[11 13 15 16 17 18]; I29:[29]; I30:[30]; I19:[19]; A4:[20 21]; I22:[22]; A5:[23]; I24:[24]; A6:[25 27]; I28:[28]; I32:[32];
j300804_8,2381.4180618293626,I1:[1]; I4:[4]; A1:[2 10]; I3:[3]; A2:[5 6 7 8 13]; I9:[9]; I11:[11]; A3:[12]; I14:[14]; A4:[15 16 28]; I17:[17]; A5:[18]; I19:[19]; I20:[20]; I30:[30]; A6:[21 22 31]; I23:[23]; A7:[24 25 26]; I27:[27]; I29:[29]; I32:[32];
j300804_9,2496.04137116534,I1:[1]; I31:[31]; I2:[2]; A1:[3 28 29 30]; I4:[4]; A2:[5 6 7 8 9 10 26]; I11:[11]; I27:[27]; A3:[12 13 14]; I15:[15]; I16:[16]; I17:[17]; I18:[18]; I19:[19]; A4:[20 21]; I22:[22]; A5:[23]; I24:[24]; A6:[25]; I32:[32];
j300804_10,2531.663308330039,I1:[1]; I2:[2]; A1:[3 4]; I5:[5]; A2:[6 7]; I8:[8]; A3:[9 12]; I10:[10]; I11:[11]; I13:[13]; A4:[14 15 16 17 18 19 20 21]; I23:[23]; I24:[24]; I22:[22]; A5:[25]; I26:[26]; I27:[27]; I29:[29]; A6:[28 30 31]; I32:[32];
j300904_1,2487.926976971863,I1:[1]; I5:[5]; A1:[2]; I3:[3]; A2:[4]; I6:[6]; A3:[7 8 9 10 11]; I12:[12]; I13:[13]; I14:[14]; I15:[15]; A4:[16 17 18]; I19:[19]; I20:[20]; A5:[21 22 23 24 25 30]; I26:[26]; I27:[27]; A6:[28]; I29:[29]; A7:[31]; I32:[32];
j300904_2,2353.892257123637,I1:[1]; I8:[8]; A1:[2 3 4 5 6 7 9]; I10:[10]; A2:[11 12 13 14]; I15:[15]; I23:[23]; I16:[16]; I17:[17]; I18:[18]; I19:[19]; A3:[20]; I21:[21]; A4:[22 24 31]; I25:[25]; A5:[26 27 28]; I29:[29]; I30:[30]; I32:[32];
j300904_3,2626.548520267186,I1:[1]; I7:[7]; A1:[2 3 4 5 6]; I8:[8]; I9:[9]; I10:[10]; A2:[11 12]; I13:[13]; A3:[14 31]; I15:[15]; I25:[25]; A4:[16 17 18]; I19:[19]; I20:[20]; A5:[21 22]; I23:[23]; I24:[24]; A6:[26]; I27:[27]; A7:[28 29 30]; I32:[32];
j300904_4,2614.6303394170473,I1:[1]; A1:[2]; I3:[3]; A2:[4 5]; I28:[28]; I6:[6]; A3:[7 8 9]; I10:[10]; A4:[11]; I12:[12]; I13:[13]; A5:[14]; I15:[15]; A6:[16 17 18 19 31]; I20:[20]; A7:[21 22]; I23:[23]; A8:[24 25]; I30:[30]; I26:[26]; A9:[27]; I29:[29]; I32:[32];
j300904_5,2754.1017318883864,I1:[1]; A1:[2]; I3:[3]; I4:[4]; I5:[5]; A2:[6]; I7:[7]; I8:[8]; I20:[20]; A3:[9 10]; I11:[11]; A4:[12 13 14 15 31]; I16:[16]; A5:[17]; I30:[30]; I18:[18]; A6:[19]; I21:[21]; A7:[22 23 24 25 26 27 28]; I29:[29]; I32:[32];
j300904_6,2569.0224183495793,I1:[1]; I2:[2]; A1:[3]; I30:[30]; I31:[31]; I4:[4]; A2:[5 6 7]; I8:[8]; A3:[9]; I10:[10]; A4:[11 12 13]; I14:[14]; A5:[15 16 17 18 29]; I19:[19]; I20:[20]; I21:[21]; A6:[22 23 24 25]; I26:[26]; I27:[27]; A7:[28]; I32:[32];
j300904_7,2592.9494881193195,I1:[1]; I2:[2]; A1:[3 4 5 6 7]; I8:[8]; I9:[9]; A2:[10 11]; I12:[12]; A3:[13 14]; I15:[15]; I16:[16]; A4:[17]; I18:[18]; A5:[19 20 21]; I22:[22]; A6:[23 24]; I25:[25]; I26:[26]; I27:[27]; I28:[28]; A7:[29 30 31]; I32:[32];
j300904_8,2285.7883905306735,I1:[1]; I2:[2]; I3:[3]; I4:[4]; I5:[5]; A1:[6 7 8 9]; I10:[10]; I11:[11]; A2:[12 13 14 15 31]; I16:[16]; A3:[17 18 19 23]; I20:[20]; I21:[21]; A4:[22]; I24:[24]; A5:[25]; I26:[26]; I27:[27]; A6:[28 29 30]; I32:[32];
j300904_9,2059.349818208072,I1:[1]; I2:[2]; I3:[3]; I4:[4]; A1:[5 31]; I30:[30]; I6:[6]; I7:[7]; A2:[8]; I9:[9]; A3:[10 11]; I12:[12]; A4:[13 14]; I15:[15]; A5:[16 17]; I18:[18]; I29:[29]; A6:[19]; I20:[20]; A7:[21 22 23 24 25 26 27 28]; I32:[32];
j300904_10,2264.638466727612,I1:[1]; I2:[2]; I3:[3]; I4:[4]; A1:[5]; I6:[6]; I7:[7]; A2:[8]; I9:[9]; I10:[10]; A3:[11 12 30 31]; I13:[13]; A4:[14 15 16 17 18 19 29]; I20:[20]; I21:[21]; A5:[22 23 24 25]; I26:[26]; A6:[27]; I28:[28]; I32:[32];
j301004_1,2671.807566853846,I1:[1]; I2:[2]; A1:[3 4]; I5:[5]; I6:[6]; A2:[7]; I8:[8]; I9:[9]; I10:[10]; A3:[11 12 13]; I14:[14]; A4:[15 16]; I17:[17]; A5:[18 19]; I20:[20]; A6:[21]; I22:[22]; I23:[23]; A7:[24 25 26 27 28 29]; I30:[30]; A8:[31]; I32:[32];
j301004_2,2802.3568958756523,I1:[1]; I2:[2]; A1:[3 4 5]; I6:[6]; A2:[7]; I8:[8]; I9:[9]; A3:[10]; I11:[11]; A4:[12 13]; I14:[14]; A5:[15]; I16:[16]; I17:[17]; I18:[18]; A6:[19 20 21 22]; I23:[23]; A7:[24 25 26]; I27:[27]; I28:[28]; A8:[29 30 31]; I32:[32];
j301004_3,2758.220651307293,I1:[1]; I2:[2]; A1:[3]; I4:[4]; A2:[5]; I6:[6]; A3:[7 8]; I9:[9]; A4:[10 11]; I12:[12]; A5:[13 14]; I15:[15]; I16:[16]; I17:[17]; A6:[18 19 20 21 22]; I23:[23]; A7:[24 25 26]; I27:[27]; A8:[28]; I29:[29]; I30:[30]; A9:[31]; I32:[32];
j301004_4,2570.939883390367,I1:[1]; I2:[2]; A1:[3 4 5]; I6:[6]; I7:[7]; I8:[8]; A2:[9 10]; I11:[11]; I12:[12]; I13:[13]; I14:[14]; A3:[15 16 17]; I18:[18]; I19:[19]; A4:[20 21 22 23 24 25]; I26:[26]; A5:[27 28 29]; I30:[30]; A6:[31]; I32:[32];
j301004_5,2484.9141997319903,I1:[1]; I2:[2]; A1:[3]; I4:[4]; I5:[5]; A2:[6 7 8 9 10]; I11:[11]; A3:[12]; I13:[13]; I14:[14]; I15:[15]; I16:[16]; A4:[17 18 19 20]; I21:[21]; I22:[22]; A5:[23 24 25 26]; I27:[27]; A6:[28 29 30]; I31:[31]; I32:[32];
j301004_6,2903.0019863604675,I1:[1]; I2:[2]; I3:[3]; A1:[4 5 6]; I7:[7]; A2:[8]; I9:[9]; A3:[10 11]; I12:[12]; A4:[13]; I14:[14]; A5:[15 16 17]; I18:[18]; A6:[19 20]; I21:[21]; A7:[22]; I23:[23]; I24:[24]; A8:[25 26]; I27:[27]; A9:[28]; I29:[29]; A10:[30 31]; I32:[32];
j301004_7,2754.796523196972,I1:[1]; A1:[2 3]; I4:[4]; A2:[5]; I6:[6]; I7:[7]; A3:[8 9 10 11 12]; I13:[13]; A4:[14]; I15:[15]; I16:[16]; I17:[17]; A5:[18 19]; I20:[20]; I21:[21]; A6:[22]; I23:[23]; A7:[24]; I25:[25]; A8:[26 27]; I28:[28]; A9:[29 30 31]; I32:[32];
j301004_8,2734.8190763629373,I1:[1]; I2:[2]; A1:[3 4]; I5:[5]; I6:[6]; A2:[7]; I8:[8]; A3:[9 10 11]; I12:[12]; I13:[13]; A4:[14 15]; I16:[16]; I17:[17]; A5:[18 19 20]; I21:[21]; A6:[22]; I23:[23]; A7:[24]; I25:[25]; A8:[26 27 28 29]; I30:[30]; A9:[31]; I32:[32];
j301004_9,2492.733000437703,I1:[1]; I2:[2]; I3:[3]; A1:[4 5 6 7 8]; I9:[9]; A2:[10 11 12]; I13:[13]; I14:[14]; I15:[15]; I16:[16]; A3:[17 18 19]; I20:[20]; I21:[21]; A4:[22 23]; I24:[24]; A5:[25]; I26:[26]; A6:[27 28]; I29:[29]; A7:[30 31]; I32:[32];
j301004_10,2778.6126344565364,I1:[1]; I2:[2]; A1:[3]; I4:[4]; A2:[5]; I6:[6]; A3:[7 8 9]; I10:[10]; I11:[11]; I12:[12]; A4:[13 14 15]; I16:[16]; A5:[17 18]; I19:[19]; A6:[20 21 22 23]; I24:[24]; A7:[25]; I26:[26]; A8:[27]; I28:[28]; A9:[29 30]; I31:[31]; I32:[32];
j400104_1,2696.3409976210696,I1:[1]; I2:[2]; I6:[6]; I9:[9]; I3:[3]; I11:[11]; I15:[15]; A1:[4 5 7 8 12 16]; I14:[14]; I41:[41]; I13:[13]; I24:[24]; I18:[18]; I20:[20]; I36:[36]; I21:[21]; I35:[35]; A2:[10 17 19 22 25 26 27 38 39 40]; A3:[23 28 29 30 32 33 34 37]; I31:[31]; I42:[42];
j400104_2,2806.4844798136423,I1:[1]; I7:[7]; I14:[14]; I41:[41]; A1:[2 3 4 5 6 11 12 22 23]; I10:[10]; I39:[39]; I36:[36]; I19:[19]; I21:[21]; I16:[16]; I40:[40]; A2:[8 13 18 20 35 37 38]; I9:[9]; A3:[15 17]; I26:[26]; I30:[30]; I28:[28]; I29:[29]; I24:[24]; A4:[25 27 31 32 33 34]; I42:[42];
j400104_3,2909.133770337834,I1:[1]; I15:[15]; I13:[13]; I16:[16]; I35:[35]; I11:[11]; I14:[14]; I8:[8]; I32:[32]; A1:[2 3 4 5 7 12 28 30 31 33 34 36 37 38 39 40 41]; I29:[29]; I6:[6]; I27:[27]; I19:[19]; I18:[18]; I25:[25]; I9:[9]; A2:[10 20 21 22 23 24 26]; I17:[17]; I42:[42];
j400104_4,2606.853727434759,I1:[1]; I5:[5]; I10:[10]; I7:[7]; I28:[28]; I9:[9]; I3:[3]; A1:[2 4 6 8 12 17 21 41]; I27:[27]; I25:[25]; I18:[18]; I39:[39]; I20:[20]; A2:[11 13 14 16 19 22 24 26 33 36 40]; I38:[38]; I37:[37]; I31:[31]; I34:[34]; A3:[15 23 29 32 35]; I30:[30]; I42:[42];
j400104_5,2618.9647209154145,I1:[1]; I11:[11]; I30:[30]; I32:[32]; I14:[14]; I3:[3]; I33:[33]; I41:[41]; I27:[27]; I13:[13]; I34:[34]; A1:[2 4 5 12 22 26 28 31 35 36 37 38 39 40]; I21:[21]; I24:[24]; I23:[23]; I9:[9]; I6:[6]; A3:[8 10 15 16 18 19 20 25 29]; A2:[7]; I17:[17]; I42:[42];
j400104_6,2747.8513827256925,I1:[1]; I12:[12]; I10:[10]; A1:[2 4 5 6 7 8 9 16]; I13:[13]; I3:[3]; I15:[15]; I26:[26]; I27:[27]; I11:[11]; I14:[14]; I21:[21]; I39:[39]; I41:[41]; A2:[17 18 19 20 29 35 38 40]; I25:[25]; I36:[36]; I37:[37]; A3:[22 24 33 34]; A4:[23 28 30 32]; I31:[31]; I42:[42];
j400104_7,2860.911792709813,I1:[1]; I19:[19]; I9:[9]; I4:[4]; I14:[14]; I10:[10]; I2:[2]; I8:[8]; A1:[3 6 7 12 13 37 38 39 40]; I20:[20]; I41:[41]; I18:[18]; A2:[5]; I17:[17]; I16:[16]; I35:[35]; I33:[33]; I31:[31]; I29:[29]; A3:[11 15 21 22 27 34]; A4:[23 24 25 26 28 30 32 36]; I42:[42];
j400104_8,2646.298327089895,I1:[1]; I15:[15]; I40:[40]; I16:[16]; I3:[3]; I8:[8]; I39:[39]; I2:[2]; I5:[5]; A1:[4 7 9 10 11 24]; I14:[14]; I41:[41]; I34:[34]; I36:[36]; I18:[18]; I6:[6]; A2:[12 13 17 19 20 21 23 32 33 35 37 38]; I28:[28]; A3:[22 26 27 29 30 31]; I25:[25]; I42:[42];
j400104_9,2347.8500466377914,I1:[1]; I22:[22]; I32:[32]; I39:[39]; I11:[11]; I41:[41]; I13:[13]; I28:[28]; I2:[2]; I17:[17]; I19:[19]; A1:[5 6 10 12 14 15 16 18 20 21 23 24 25 26 27 29 30 31 33 34 35 36 37 38]; I40:[40]; I9:[9]; I3:[3]; I8:[8]; I4:[4]; I7:[7]; I42:[42];
j400104_10,2713.854804783584,I1:[1]; I3:[3]; I41:[41]; I8:[8]; I7:[7]; I5:[5]; A1:[2 4 6 9 10 12 21 28]; I27:[27]; I13:[13]; I17:[17]; I23:[23]; I40:[40]; I26:[26]; A2:[11 14 16 18 20 24 25 36 39]; I19:[19]; I33:[33]; I34:[34]; I35:[35]; I31:[31]; A3:[15 22 29 30 32 37 38]; I42:[42];
j400204_1,2791.22193128473,I1:[1]; I12:[12]; I40:[40]; I13:[13]; I16:[16]; I15:[15]; I33:[33]; I36:[36]; A2:[6 8 14 28 31 32 34 35 37 38 39 41]; I2:[2]; I27:[27]; I3:[3]; I26:[26]; A1:[4 5 7 23 24 25 30]; I9:[9]; I19:[19]; I10:[10]; I18:[18]; A3:[11 20 21 22 29]; I17:[17]; I42:[42];
j400204_2,2814.251024627343,I1:[1]; I14:[14]; I4:[4]; I7:[7]; I3:[3]; A1:[2 5 6 8 9 11 13]; I12:[12]; I18:[18]; I10:[10]; I26:[26]; I17:[17]; I20:[20]; A2:[15 19 21 23 24 25]; I16:[16]; I22:[22]; I30:[30]; I41:[41]; A3:[27 28 32 35 39]; I38:[38]; I37:[37]; A4:[29 31 33 34 36 40]; I42:[42];
j400204_3,2672.912829169212,I1:[1]; I13:[13]; I3:[3]; I2:[2]; I12:[12]; I16:[16]; A1:[4 5 6 7 8 9 10 15 21 23 24 29]; I17:[17]; I26:[26]; I20:[20]; A2:[11 14 18 19 22]; I32:[32]; I35:[35]; I36:[36]; I39:[39]; I40:[40]; I25:[25]; I28:[28]; I30:[30]; A3:[27 31 33 34 37 38 41]; I42:[42];
j400204_4,2862.726668758187,I1:[1]; A1:[2]; I25:[25]; I7:[7]; A2:[3 6 9 11 16 17 26 27 28]; I10:[10]; I13:[13]; I4:[4]; I5:[5]; I41:[41]; I40:[40]; I8:[8]; I39:[39]; I19:[19]; I36:[36]; I21:[21]; A3:[12 14 15 18 22 23 24 37]; I34:[34]; I35:[35]; I32:[32]; A4:[20 29 30 31 33 38]; I42:[42];
j400204_5,2756.2308943006797,I1:[1]; I12:[12]; I6:[6]; A1:[2 4 5 7 8 10 11 13 18]; I3:[3]; I19:[19]; I9:[9]; I15:[15]; I27:[27]; A3:[16 21 22 25]; A2:[14]; I24:[24]; I17:[17]; I41:[41]; A4:[20 23 26 32]; I29:[29]; I28:[28]; I37:[37]; I40:[40]; I39:[39]; I34:[34]; A5:[30 31 33 35 36 38]; I42:[42];
j400204_6,2788.9471458728353,I1:[1]; I4:[4]; I2:[2]; I9:[9]; I5:[5]; I6:[6]; I7:[7]; A1:[3]; A2:[8 12 13 14]; I11:[11]; I10:[10]; I15:[15]; I21:[21]; A3:[16 17 18 19 22]; I29:[29]; A4:[20 23 24 25 26 28 31]; I27:[27]; I30:[30]; A5:[32 33 35]; I34:[34]; I39:[39]; I40:[40]; A6:[36 37 38 41]; I42:[42];
j400204_7,2952.6886902062292,I1:[1]; I4:[4]; A1:[2 3 5 8 9 11 13 14]; I7:[7]; I6:[6]; I15:[15]; I17:[17]; I12:[12]; I20:[20]; A2:[10 16 22 23 25 27]; I19:[19]; I18:[18]; I21:[21]; I30:[30]; A3:[24 26 28 29 41]; I36:[36]; I31:[31]; I37:[37]; I32:[32]; I34:[34]; A4:[33 35 38 39 40]; I42:[42];
j400204_8,2923.537675887498,I1:[1]; I19:[19]; I7:[7]; I2:[2]; I4:[4]; I5:[5]; I13:[13]; I6:[6]; A1:[3 8 10 11 14 16 18 22]; I9:[9]; I17:[17]; I41:[41]; I28:[28]; A2:[12 20 21 24 29 31 32]; I40:[40]; A3:[23 25]; I15:[15]; I35:[35]; A4:[26 27]; I36:[36]; I30:[30]; A5:[33 34 37 38 39]; I42:[42];
j400204_9,2775.9668468149293,I1:[1]; I11:[11]; I13:[13]; I17:[17]; I4:[4]; I3:[3]; A1:[2 5 6 7 8 9 12]; I10:[10]; I14:[14]; I20:[20]; I24:[24]; I28:[28]; A2:[16 19 21 22]; I15:[15]; I29:[29]; I23:[23]; A3:[18 25 27 30 41]; I40:[40]; I37:[37]; I26:[26]; A4:[31 32 33 34 35 36 38 39]; I42:[42];
j400204_10,2480.1041380770516,I1:[1]; I15:[15]; I2:[2]; I6:[6]; I14:[14]; A1:[3 4 5 7 9 10 12 13 19 28]; A2:[8]; I25:[25]; I16:[16]; I20:[20]; I21:[21]; I11:[11]; A3:[18 23 24 27 35 41]; I17:[17]; I39:[39]; I38:[38]; I37:[37]; A4:[22 30 32 33 34 36 40]; I31:[31]; I26:[26]; I29:[29]; I42:[42];
j400304_1,3057.475745352714,I1:[1]; A1:[2 4 6 15]; I3:[3]; I7:[7]; A2:[5]; I12:[12]; I11:[11]; I10:[10]; A3:[8 9 19 22]; I14:[14]; I41:[41]; I16:[16]; A4:[13 17 18 21 24 26 39]; I40:[40]; I20:[20]; I29:[29]; I27:[27]; A5:[23]; I25:[25]; I34:[34]; I35:[35]; I36:[36]; A6:[28 30 31 32 33 37 38]; I42:[42];
j400304_2,3228.2869901120625,I1:[1]; I8:[8]; A1:[2 3 4 5 6 7]; A2:[9 11 12 14]; I10:[10]; I17:[17]; A3:[15]; I13:[13]; A4:[16]; I19:[19]; I20:[20]; A5:[18 25 28]; I21:[21]; I23:[23]; I24:[24]; I31:[31]; A6:[22]; I27:[27]; A7:[26 30]; A8:[29]; A9:[32 38]; I35:[35]; I33:[33]; I34:[34]; I41:[41]; I36:[36]; A10:[37 39 40]; I42:[42];
j400304_3,2751.633492970078,I1:[1]; I38:[38]; I17:[17]; I14:[14]; I40:[40]; I39:[39]; A1:[2 5 16 36 37 41]; I15:[15]; I3:[3]; I35:[35]; I33:[33]; I4:[4]; I6:[6]; A2:[7 8 9 23 24 25 27 28 29 30 31 32 34]; I10:[10]; I22:[22]; I26:[26]; I21:[21]; I20:[20]; A3:[11 12 13 18 19]; I42:[42];
j400304_4,2975.648785715737,I1:[1]; I9:[9]; I6:[6]; A1:[2 17]; I13:[13]; I16:[16]; I3:[3]; I26:[26]; A2:[4 8 11 15 40 41]; I39:[39]; I5:[5]; I20:[20]; A3:[7 10 12 14 18 22 28 29 38]; I21:[21]; I36:[36]; I33:[33]; I34:[34]; I19:[19]; I23:[23]; A4:[24 25 27 31 32 35 37]; I30:[30]; I42:[42];
j400304_5,2823.6469021406297,I1:[1]; I5:[5]; A1:[2 3 7 12]; I6:[6]; I4:[4]; I15:[15]; I18:[18]; A2:[8 9 10 11 13 14 16 19 20 23 31 40]; I17:[17]; I21:[21]; I39:[39]; I29:[29]; I26:[26]; I41:[41]; I28:[28]; I36:[36]; I37:[37]; A3:[22 24 30 38]; I35:[35]; I34:[34]; A4:[25 27 32 33]; I42:[42];
j400304_6,2773.850015719192,I1:[1]; A1:[2 3 4 5 6 16 24]; I12:[12]; I20:[20]; I10:[10]; I7:[7]; A2:[8 9 11 13 14 21]; I26:[26]; I15:[15]; I41:[41]; I18:[18]; I23:[23]; I17:[17]; I29:[29]; A3:[19 27 35 39]; I22:[22]; I25:[25]; A4:[31 34 36 38 40]; I28:[28]; I30:[30]; I32:[32]; A5:[33 37]; I42:[42];
j400304_7,2621.499226566251,I1:[1]; A1:[3 4 12 17]; I6:[6]; I2:[2]; I10:[10]; I18:[18]; A2:[5 7 8 9 11 14]; I15:[15]; I13:[13]; I20:[20]; I41:[41]; A3:[16 19 21 22 25 39 40]; I24:[24]; I23:[23]; I29:[29]; I31:[31]; A4:[26 27 28 35]; I38:[38]; I34:[34]; I32:[32]; I36:[36]; A5:[30 33 37]; I42:[42];
j400304_8,2806.0008315940704,I1:[1]; I7:[7]; A1:[2 3 5 6 9 15]; I11:[11]; I14:[14]; I4:[4]; I41:[41]; I40:[40]; I19:[19]; A2:[8 10 12 17 18 20 22 29 31]; I30:[30]; I23:[23]; I39:[39]; I13:[13]; I16:[16]; I33:[33]; A3:[21 26 28 34 36 38]; I37:[37]; I24:[24]; I35:[35]; A4:[25 27 32]; I42:[42];
j400304_9,2713.5937332846725,I1:[1]; I10:[10]; I6:[6]; A1:[2 3 4 5 7 8 9 12 13 17 40 41]; I14:[14]; I20:[20]; I22:[22]; I16:[16]; I11:[11]; I25:[25]; I39:[39]; I27:[27]; I31:[31]; A2:[15 18 19 21 23 24 26 37 38]; I29:[29]; I35:[35]; I28:[28]; I34:[34]; I36:[36]; A3:[30 32 33]; I42:[42];
j400304_10,3093.0173818538733,I1:[1]; A1:[2 5]; I10:[10]; I6:[6]; I17:[17]; I3:[3]; I15:[15]; A2:[4 9 11 16 18 23 39 41]; I14:[14]; I40:[40]; I7:[7]; A3:[8 22 38]; I19:[19]; I12:[12]; I13:[13]; I37:[37]; I35:[35]; I34:[34]; A4:[20 21 26 28 29 32 33 36]; I24:[24]; A5:[25 27 31]; I30:[30]; I42:[42];
j400404_1,2656.5697125728097,I1:[1]; I2:[2]; I11:[11]; A1:[3 4 7 16 19]; I14:[14]; I5:[5]; I23:[23]; A2:[6]; A3:[8 9 10 12 17 30]; I13:[13]; I41:[41]; I40:[40]; I15:[15]; I38:[38]; I39:[39]; A4:[18 20 21 22 24 25 29 35 36]; I26:[26]; I37:[37]; I28:[28]; I27:[27]; I33:[33]; A5:[31 32 34]; I42:[42];
j400404_2,2829.321911341238,I1:[1]; I23:[23]; I2:[2]; A1:[3]; I28:[28]; I4:[4]; I40:[40]; A2:[5 6 7 10 29 39]; I41:[41]; I8:[8]; I38:[38]; I37:[37]; A3:[9 18 33 36]; I11:[11]; I34:[34]; A4:[12 14 16 31 32 35]; I13:[13]; I15:[15]; A5:[17 19 20 21 22 25 26]; I30:[30]; I27:[27]; I24:[24]; I42:[42];
j400404_3,2817.9084692987435,I1:[1]; I36:[36]; I37:[37]; I17:[17]; I39:[39]; I34:[34]; I40:[40]; A1:[2 3 4 32 33 35 38 41]; I31:[31]; I5:[5]; I29:[29]; I28:[28]; A2:[6 7 8 26 27 30]; I9:[9]; A3:[10 22 23 24 25]; I11:[11]; I12:[12]; I13:[13]; I19:[19]; I14:[14]; A4:[15 16 18 20 21]; I42:[42];
j400404_4,2965.3198842911497,I1:[1]; A1:[2 3 4 5 12]; I6:[6]; I13:[13]; I41:[41]; I7:[7]; I15:[15]; A2:[8 9 10 24]; I11:[11]; A3:[14 16 17 19 20 22 25 29 32 40]; I18:[18]; I39:[39]; I21:[21]; I23:[23]; A4:[27 28]; I26:[26]; I35:[35]; I34:[34]; I30:[30]; I31:[31]; A5:[33 37 38]; I36:[36]; I42:[42];
j400404_5,2721.008522747962,I1:[1]; I5:[5]; I11:[11]; A1:[2 3 4 10]; I6:[6]; I7:[7]; I14:[14]; A2:[8 9]; I18:[18]; A3:[12 13 15 16 17 19 21]; I20:[20]; I24:[24]; I34:[34]; I22:[22]; I35:[35]; I30:[30]; I23:[23]; A4:[25 26 28 29 31 39 40 41]; I27:[27]; A5:[32 33 36]; I37:[37]; I38:[38]; I42:[42];
j400404_6,3209.36883383451,I1:[1]; A1:[2 15]; I7:[7]; I4:[4]; I3:[3]; I9:[9]; A2:[5 6 8 11 13 16 22 30]; I18:[18]; I10:[10]; I14:[14]; I41:[41]; A3:[12 17 19 38 39 40]; I20:[20]; I37:[37]; A4:[21 23 29 36]; I24:[24]; I34:[34]; A5:[25 26 28 35]; I32:[32]; I27:[27]; I33:[33]; I31:[31]; I42:[42];
j400404_7,2589.209027339606,I1:[1]; I31:[31]; I32:[32]; I23:[23]; I29:[29]; I30:[30]; I2:[2]; I21:[21]; I26:[26]; I40:[40]; I3:[3]; I20:[20]; A1:[4 22 24 25 27 28 33 34 35 36 37 38 39 41]; I5:[5]; I6:[6]; A2:[7 8 18 19]; I9:[9]; I10:[10]; A3:[11 12 13 14]; I15:[15]; A4:[16 17]; I42:[42];
j400404_8,2816.426865221084,I1:[1]; I33:[33]; I11:[11]; A1:[2 3 4 18 23 41]; I5:[5]; I34:[34]; I6:[6]; I25:[25]; I22:[22]; I17:[17]; A2:[7 9 21 35 39]; I8:[8]; A3:[10]; I40:[40]; I12:[12]; A4:[13 14 15 36 37 38]; I16:[16]; I29:[29]; I28:[28]; I19:[19]; A5:[20 24 27 30 31 32]; I26:[26]; I42:[42];
j400404_9,3168.6724495988115,I1:[1]; I2:[2]; I5:[5]; I12:[12]; I3:[3]; A1:[4 6 7 9 11]; I13:[13]; I8:[8]; A2:[10]; I18:[18]; I16:[16]; A3:[14 15 17 20 21 24]; I19:[19]; I27:[27]; I22:[22]; A4:[23 32 35 36]; I41:[41]; I25:[25]; A5:[26 31]; I40:[40]; I29:[29]; A6:[28 33]; I30:[30]; A7:[34 37 38 39]; I42:[42];
j400404_10,2860.3764105100727,I1:[1]; I13:[13]; I15:[15]; A1:[2 3 5 7 11 16]; I4:[4]; I22:[22]; I6:[6]; A2:[8 9 14 30 41]; I10:[10]; I20:[20]; I40:[40]; I18:[18]; I38:[38]; I12:[12]; A3:[17 19 21 23 29 39]; I36:[36]; I24:[24]; I37:[37]; A4:[25 28 34 35]; I26:[26]; I32:[32]; A5:[27 31 33]; I42:[42];
j400504_1,3115.883111556007,I1:[1]; A1:[2]; I40:[40]; I3:[3]; I38:[38]; I37:[37]; A2:[4 5 6 7 8 9 32 33 34 39 41]; I36:[36]; I29:[29]; I31:[31]; I35:[35]; I30:[30]; I10:[10]; A3:[11 12 13 24 25 26 27 28]; I14:[14]; I15:[15]; I23:[23]; A4:[16]; I17:[17]; A5:[18 19 22]; I20:[20]; I21:[21]; I42:[42];
j400504_2,3052.5987621009003,I1:[1]; A1:[2]; I3:[3]; I7:[7]; A2:[4 5 6 8 9 10 11 33 41]; I15:[15]; I13:[13]; I12:[12]; I19:[19]; I34:[34]; A3:[14 16 26 35]; I28:[28]; I17:[17]; I36:[36]; I39:[39]; A4:[18 20 38 40]; I32:[32]; I21:[21]; I31:[31]; A5:[22 23 24 37]; I25:[25]; I27:[27]; A6:[29 30]; I42:[42];
j400504_3,3742.5755864603616,I1:[1]; I3:[3]; A1:[2 4]; I5:[5]; I6:[6]; I17:[17]; I10:[10]; I7:[7]; A2:[8 9]; A3:[11 13]; I12:[12]; A4:[14 18]; I15:[15]; A5:[16 20]; I19:[19]; A6:[21 24]; I22:[22]; I23:[23]; I25:[25]; A7:[26 27 29]; A8:[28 31]; I30:[30]; A9:[32 33 35]; I34:[34]; I36:[36]; A10:[37 39]; I38:[38]; A11:[40 41]; I42:[42];
j400504_4,2945.365693319402,I1:[1]; I2:[2]; I7:[7]; I3:[3]; I4:[4]; A1:[5 16 41]; I6:[6]; I12:[12]; A2:[8 9 13 15 40]; I10:[10]; I23:[23]; A3:[11 14 17 18 19 20 21 26 27]; I22:[22]; A4:[24]; I25:[25]; A5:[28]; I32:[32]; I39:[39]; I29:[29]; A6:[30]; I31:[31]; I38:[38]; A7:[33 34 35 37]; I36:[36]; I42:[42];
j400504_5,3026.5993805281046,I1:[1]; A1:[2 3 10]; I7:[7]; I4:[4]; I5:[5]; I26:[26]; A2:[6 11 14 41]; I8:[8]; A3:[9 12 13 15 16 17 19 20 29 36 39]; I18:[18]; I37:[37]; I28:[28]; I40:[40]; I21:[21]; I34:[34]; I33:[33]; I22:[22]; I32:[32]; I23:[23]; A4:[24 25 27 30 35 38]; I31:[31]; I42:[42];
j400504_6,3224.1482019023815,I1:[1]; I6:[6]; A1:[2]; I3:[3]; I4:[4]; I5:[5]; I10:[10]; A2:[7 8 9 11 12 15 23]; I13:[13]; I14:[14]; A3:[16 17 18 22 24]; I19:[19]; A4:[20 26 27 41]; I21:[21]; I29:[29]; I25:[25]; I34:[34]; I40:[40]; A5:[28 30 32 33]; I31:[31]; I38:[38]; I35:[35]; A6:[36 37 39]; I42:[42];
j400504_7,3041.748448738191,I1:[1]; A1:[2]; I41:[41]; I3:[3]; A2:[4 5 6 14 39 40]; I7:[7]; I38:[38]; I21:[21]; A3:[8 9 18 35 36 37]; I10:[10]; I16:[16]; I25:[25]; A4:[11 12 23 34]; I13:[13]; I33:[33]; I15:[15]; I17:[17]; A5:[19 20 22 24 26 31 32]; I28:[28]; I30:[30]; I27:[27]; I29:[29]; I42:[42];
j400504_8,2868.0605570514244,I1:[1]; I32:[32]; I35:[35]; I37:[37]; I38:[38]; I30:[30]; I33:[33]; A1:[2 28 29 31 34 39 40 41]; I36:[36]; I3:[3]; A2:[4]; I5:[5]; I26:[26]; A3:[6 7 8 9 10 23 25 27]; I11:[11]; I24:[24]; I12:[12]; I13:[13]; I14:[14]; A4:[15 16 17 18 19 20 22]; I21:[21]; I42:[42];
j400504_9,3369.13138709763,I1:[1]; I3:[3]; A1:[2 4 5 6]; I9:[9]; I14:[14]; A2:[7 8 10]; I12:[12]; I13:[13]; A3:[11]; I18:[18]; A4:[15 16]; I17:[17]; I20:[20]; I19:[19]; I21:[21]; I24:[24]; A5:[22 23 25 26 27 28 29 31]; A6:[30 33]; I32:[32]; I36:[36]; A7:[34]; I35:[35]; I37:[37]; A8:[38 39 41]; I40:[40]; I42:[42];
j400504_10,3124.4077624571046,I1:[1]; I2:[2]; I5:[5]; A1:[3 4 6 7 8 14 18]; I9:[9]; I27:[27]; I11:[11]; I10:[10]; I12:[12]; A2:[13 23]; I15:[15]; I19:[19]; A3:[16 17 20 22 26 29 32 36]; I21:[21]; I31:[31]; I24:[24]; I25:[25]; A4:[28 34 40 41]; I38:[38]; I30:[30]; I33:[33]; A5:[35 37 39]; I42:[42];
j400604_1,3293.6016281521297,I1:[1]; A1:[2 9]; I3:[3]; I4:[4]; I5:[5]; I12:[12]; I8:[8]; I6:[6]; A2:[7 10 11 14 15]; I19:[19]; I13:[13]; I16:[16]; I21:[21]; A3:[17]; I18:[18]; I29:[29]; A4:[20 23 25]; I22:[22]; A5:[24 26 27 28]; I30:[30]; A6:[31 32 33 34 36 38 40 41]; I39:[39]; I35:[35]; A7:[37]; I42:[42];
j400604_2,3089.474750645204,I1:[1]; A1:[2]; I41:[41]; I36:[36]; I40:[40]; I34:[34]; I35:[35]; I37:[37]; I3:[3]; A2:[4 5 6 32 33 38 39]; I7:[7]; I8:[8]; A3:[9]; I10:[10]; A4:[11 12 29 30 31]; I28:[28]; I13:[13]; A5:[14]; I15:[15]; I26:[26]; A6:[16 17 18 19 20 21 27]; I22:[22]; A7:[23 24]; I25:[25]; I42:[42];
j400604_3,3298.4174146001687,I1:[1]; A1:[2]; I3:[3]; A2:[4 5 6 9 16]; I10:[10]; I7:[7]; A3:[8 11 12 13 32 41]; I14:[14]; I25:[25]; I15:[15]; A4:[17 24 29 31]; I21:[21]; I18:[18]; I19:[19]; I20:[20]; I40:[40]; A5:[22 28 34]; I39:[39]; I23:[23]; A6:[26]; I27:[27]; A7:[30 33 35 36]; I37:[37]; I38:[38]; I42:[42];
j400604_4,3205.738876662553,I1:[1]; I2:[2]; A1:[3 4]; I15:[15]; I5:[5]; I6:[6]; A2:[7 8 9 11 12 21 40 41]; I26:[26]; I10:[10]; I28:[28]; A3:[13 14]; I16:[16]; I32:[32]; A4:[17 18 19 20 34 39]; I22:[22]; I38:[38]; I23:[23]; I24:[24]; I25:[25]; A5:[27 29 31 37]; I30:[30]; I36:[36]; A6:[33 35]; I42:[42];
j400604_5,3561.7906102261604,I1:[1]; A1:[2]; I3:[3]; A3:[5]; A2:[4 6]; I7:[7]; A4:[8 9 10 11 13]; I12:[12]; I14:[14]; A5:[15 16]; I17:[17]; A6:[18]; I19:[19]; I20:[20]; A7:[21 22 23 24 25 26 27 28]; I29:[29]; I30:[30]; A8:[31]; I38:[38]; I32:[32]; I33:[33]; I35:[35]; A9:[34 36]; I37:[37]; A10:[40]; I39:[39]; I41:[41]; I42:[42];
j400604_6,3404.886765494267,I1:[1]; A1:[2]; I3:[3]; A2:[4 5 8 17]; I7:[7]; I6:[6]; A3:[9 11 41]; I10:[10]; A4:[12]; I25:[25]; I13:[13]; A5:[14 15 24 40]; I16:[16]; I33:[33]; A6:[18]; I21:[21]; I29:[29]; I19:[19]; A7:[20 22 23 31 37 38 39]; I26:[26]; I27:[27]; A8:[28 30]; I36:[36]; I32:[32]; A9:[34]; I35:[35]; I42:[42];
j400604_7,3514.306459700995,I1:[1]; I2:[2]; A1:[3 15]; I13:[13]; I4:[4]; A2:[5 6 7 8 9 11 16]; I10:[10]; A3:[12 14 19]; I26:[26]; I17:[17]; I21:[21]; A4:[18 24]; I20:[20]; I31:[31]; I22:[22]; A5:[23 28]; I25:[25]; A6:[27]; I29:[29]; I41:[41]; A7:[30 32 39 40]; I33:[33]; I34:[34]; A8:[35 37 38]; I36:[36]; I42:[42];
j400604_8,3189.402641417513,I1:[1]; A1:[2 7]; I3:[3]; I4:[4]; I5:[5]; I14:[14]; I10:[10]; A2:[6 8 9 12]; I11:[11]; I18:[18]; A3:[13 15 16 17 19 20 21 25 26]; I28:[28]; I22:[22]; I23:[23]; I24:[24]; A4:[27 29]; I30:[30]; I41:[41]; I31:[31]; A5:[32 33 34]; I35:[35]; I38:[38]; A6:[36 37 39 40]; I42:[42];
j400604_9,3356.2319292440443,I1:[1]; A1:[2]; I3:[3]; A2:[4]; I5:[5]; A3:[6 7 8 11]; I9:[9]; A4:[10 12 13]; I14:[14]; A5:[15 16 20]; I17:[17]; I18:[18]; I19:[19]; A6:[22 23]; I21:[21]; A7:[24]; I25:[25]; I27:[27]; I29:[29]; A8:[26 28 30]; I31:[31]; I32:[32]; A9:[33]; I34:[34]; A10:[35]; I36:[36]; A11:[37]; I40:[40]; A12:[38 39 41]; I42:[42];
j400604_10,3192.3990119812506,I1:[1]; I2:[2]; A1:[3 4 5 12 17 41]; I6:[6]; I7:[7]; A2:[8 9 11 39 40]; I10:[10]; I31:[31]; I13:[13]; I37:[37]; A3:[14 15 16 18 30 38]; I28:[28]; I19:[19]; I21:[21]; I36:[36]; I20:[20]; I35:[35]; I22:[22]; I23:[23]; A4:[24 25 26 27 29 32 34]; I33:[33]; I42:[42];
j400704_1,3284.5661707415015,I1:[1]; I39:[39]; I37:[37]; I40:[40]; A1:[2 3 4 5 6 7 8 9 32 33 35 36 38 41]; I34:[34]; I10:[10]; I11:[11]; A2:[12]; I30:[30]; I13:[13]; A3:[14 15 16 31]; I17:[17]; I18:[18]; A4:[19 20 21]; I22:[22]; A5:[23]; I24:[24]; I25:[25]; A6:[26]; I27:[27]; I28:[28]; I29:[29]; I42:[42];
j400704_2,2638.918164492508,I1:[1]; I7:[7]; A1:[2 3 4 5]; I6:[6]; I15:[15]; A2:[8 9 10 11]; I12:[12]; I17:[17]; A3:[13 14 16]; I33:[33]; I18:[18]; I19:[19]; I20:[20]; I39:[39]; A4:[21 40 41]; I22:[22]; I23:[23]; I36:[36]; I24:[24]; A5:[25 26 29 37 38]; I27:[27]; A6:[28 30 31 32 35]; I34:[34]; I42:[42];
j400704_3,3385.452762477556,I1:[1]; A1:[2 3]; I7:[7]; I4:[4]; I5:[5]; A2:[6]; I8:[8]; I9:[9]; I15:[15]; I10:[10]; A3:[11]; I14:[14]; I12:[12]; A4:[13 16]; I17:[17]; I19:[19]; A5:[18 20 37]; I21:[21]; A6:[22 33]; I23:[23]; I24:[24]; A7:[25 26 27 28 29 30 39 41]; I35:[35]; A8:[31 32 34 36 38]; I40:[40]; I42:[42];
j400704_4,3304.291308872699,I1:[1]; I40:[40]; A1:[2 3 4 5 6 7 9 38 39 41]; I8:[8]; A2:[10]; I37:[37]; I11:[11]; A3:[12]; I13:[13]; I14:[14]; I15:[15]; I16:[16]; I36:[36]; A4:[17 18 19 20 21 22]; I34:[34]; I23:[23]; I35:[35]; I33:[33]; A5:[24 32]; I25:[25]; I26:[26]; I27:[27]; A6:[28 29 30 31]; I42:[42];
j400704_5,3049.3577477293948,I1:[1]; I2:[2]; I7:[7]; I3:[3]; A1:[4 5 6 8 9]; I14:[14]; I10:[10]; A2:[11 15]; I12:[12]; A3:[13]; I16:[16]; I17:[17]; A4:[18 19 40]; I20:[20]; I21:[21]; I22:[22]; I30:[30]; A5:[23 24 25 26 27 28 29 38 39 41]; I31:[31]; I32:[32]; I33:[33]; I34:[34]; A6:[35 36 37]; I42:[42];
j400704_6,3325.7324337439477,I1:[1]; A1:[2 3 4 5 7 11]; I10:[10]; I6:[6]; I22:[22]; I8:[8]; I9:[9]; I12:[12]; A2:[13 25]; I14:[14]; A3:[15 16 17 18 19 20]; I21:[21]; A4:[23 27]; I24:[24]; A5:[26]; I28:[28]; A6:[29]; I35:[35]; I30:[30]; A7:[31 41]; I32:[32]; I33:[33]; A8:[34 37]; I36:[36]; I38:[38]; A9:[39 40]; I42:[42];
j400704_7,3574.743266381225,I1:[1]; I39:[39]; A1:[2 37 38]; I41:[41]; I3:[3]; I35:[35]; I36:[36]; I4:[4]; A2:[5 6 34 40]; I7:[7]; I33:[33]; A3:[8 9 10 11 12 13 31 32]; I14:[14]; A4:[15 16 17 30]; I18:[18]; I19:[19]; I20:[20]; A5:[21 22]; I23:[23]; I24:[24]; A6:[25]; I26:[26]; A7:[27 28]; I29:[29]; I42:[42];
j400704_8,3160.616412845885,I1:[1]; I40:[40]; I2:[2]; A1:[3 39]; I38:[38]; I4:[4]; I5:[5]; A2:[6]; I7:[7]; A3:[8 9 41]; I10:[10]; A4:[11 12 13 14 16 37]; I15:[15]; I36:[36]; I17:[17]; I18:[18]; I34:[34]; I19:[19]; A5:[20 21 32 33 35]; I22:[22]; A6:[23 24 31]; I25:[25]; A7:[26 27 28]; I29:[29]; A8:[30]; I42:[42];
j400704_9,3278.7268305578405,I1:[1]; I41:[41]; I2:[2]; I3:[3]; A1:[4 5 6 7 8 9 34 36 37 38 39 40]; I33:[33]; I10:[10]; I35:[35]; I11:[11]; I32:[32]; A2:[12 13 14]; I30:[30]; I31:[31]; I15:[15]; I16:[16]; A3:[17]; I18:[18]; A4:[19]; I20:[20]; I21:[21]; A5:[22 23 24]; I25:[25]; A6:[26 27 28 29]; I42:[42];
j400704_10,3509.8603732774945,I1:[1]; A1:[2 3 4 5 6 11 41]; I7:[7]; A2:[8]; I9:[9]; A3:[10]; I12:[12]; A4:[13 38 39 40]; I14:[14]; I15:[15]; A5:[16 17 37]; I18:[18]; I36:[36]; I33:[33]; I32:[32]; I19:[19]; A6:[20 21 34 35]; I22:[22]; A7:[23 24 31]; I25:[25]; A8:[26]; I27:[27]; I28:[28]; I29:[29]; I30:[30]; I42:[42];
j400804_1,3470.181408385507,I1:[1]; I2:[2]; I6:[6]; A1:[3 4 5 7]; I8:[8]; I19:[19]; I12:[12]; A2:[9 10 11 13 14 16]; I15:[15]; I18:[18]; I17:[17]; A3:[20 21]; I22:[22]; A4:[23 24 25 26]; I27:[27]; I39:[39]; I28:[28]; I29:[29]; A5:[30 31 32 33 41]; I34:[34]; A6:[35]; I36:[36]; A7:[37 38]; I40:[40]; I42:[42];
j400804_2,3382.8200016995597,I1:[1]; I2:[2]; A1:[3 4 5 6 7 19]; I35:[35]; I8:[8]; A2:[9 10 11 21]; I12:[12]; A3:[13 14]; I41:[41]; I15:[15]; A4:[16]; I17:[17]; A5:[18 20 22 23 40]; I24:[24]; A6:[25 26 39]; I27:[27]; I28:[28]; I29:[29]; A7:[30 31 32]; I37:[37]; I33:[33]; I34:[34]; I36:[36]; I38:[38]; I42:[42];
j400804_3,3667.0055985442,I1:[1]; I38:[38]; I2:[2]; I40:[40]; A1:[3 4 5 37 39 41]; I6:[6]; A2:[7]; I8:[8]; A3:[9]; I10:[10]; A4:[11]; I12:[12]; I13:[13]; A5:[14]; I15:[15]; I16:[16]; I34:[34]; A6:[17 18 35 36]; I19:[19]; A7:[20 21]; I22:[22]; A8:[23]; I24:[24]; A9:[25 26 27]; I28:[28]; A10:[29 30]; I31:[31]; A11:[32 33]; I42:[42];
j400804_4,3285.3069011938433,I1:[1]; A1:[2 3 10]; I4:[4]; A2:[5]; I6:[6]; I7:[7]; I14:[14]; A3:[8 9 11 12 41]; I13:[13]; A4:[15 18 40]; I16:[16]; I17:[17]; I19:[19]; A5:[20]; I21:[21]; I39:[39]; A6:[22]; I23:[23]; I24:[24]; A7:[25 26 37 38]; I27:[27]; A8:[28 29]; I30:[30]; I31:[31]; A9:[32 33]; I34:[34]; A10:[35 36]; I42:[42];
j400804_5,3449.39863065568,I1:[1]; I39:[39]; I40:[40]; I41:[41]; A1:[2 3 37 38]; I4:[4]; A2:[5]; I6:[6]; A3:[7]; I8:[8]; A4:[9]; I10:[10]; A5:[11]; I12:[12]; A6:[13 36]; I14:[14]; A7:[15 16]; I17:[17]; A8:[18 35]; I19:[19]; I20:[20]; A9:[21 22 23 24 34]; I25:[25]; A10:[26 27 28 29]; I30:[30]; I31:[31]; A11:[32]; I33:[33]; I42:[42];
j400804_6,2918.264344637452,I1:[1]; A1:[2 3 4 8 41]; I5:[5]; I6:[6]; I7:[7]; A2:[9 10 11 12 13]; I14:[14]; I40:[40]; I29:[29]; A3:[15 16]; I17:[17]; I18:[18]; I19:[19]; I37:[37]; A4:[20 21 22 38 39]; I23:[23]; A5:[24 25]; I26:[26]; A6:[27 28]; I30:[30]; I31:[31]; A7:[32 33 36]; I34:[34]; I35:[35]; I42:[42];
j400804_7,3293.8524963302702,I1:[1]; I2:[2]; I5:[5]; A1:[3 4 6]; I7:[7]; A2:[8]; I9:[9]; A3:[10 11 12 13]; I23:[23]; I16:[16]; I18:[18]; A4:[14 15 17]; I19:[19]; A5:[20]; I25:[25]; I21:[21]; I22:[22]; I27:[27]; A6:[24 26 28 29]; I34:[34]; A7:[30 31 32 33 35 36]; I37:[37]; A8:[38 41]; I39:[39]; I40:[40]; I42:[42];
j400804_8,3295.1420052024805,I1:[1]; A1:[2]; I5:[5]; I3:[3]; I4:[4]; I6:[6]; I7:[7]; I8:[8]; A2:[9 10 16]; I11:[11]; I12:[12]; I13:[13]; A3:[14 15 17 18 20]; I22:[22]; I19:[19]; I21:[21]; A4:[23 24]; I25:[25]; A5:[26 27 28 29 30 31 32]; I33:[33]; I34:[34]; A6:[35 36 37 38 39 41]; I40:[40]; I42:[42];
j400804_9,3422.435238175808,I1:[1]; A1:[2]; I3:[3]; A2:[4 5 6 7 8 9 41]; I18:[18]; I10:[10]; I40:[40]; A3:[11]; I12:[12]; I26:[26]; A4:[13 39]; I14:[14]; A5:[15]; I16:[16]; I17:[17]; A6:[19 38]; I20:[20]; A7:[21 22 23 24 25 27 28 36 37]; I29:[29]; A8:[30]; I31:[31]; I32:[32]; I33:[33]; I34:[34]; I35:[35]; I42:[42];
j400804_10,3489.661770942317,I1:[1]; I6:[6]; A1:[2 3 4 5 7]; I8:[8]; A2:[9]; I10:[10]; A3:[11]; I31:[31]; I12:[12]; A4:[13]; I14:[14]; A5:[15 17 21]; I16:[16]; A6:[18]; I19:[19]; I20:[20]; I22:[22]; A7:[23 24 25 28 35]; I26:[26]; A8:[27]; I29:[29]; A9:[30 32]; I33:[33]; I34:[34]; A10:[36 37]; I41:[41]; I38:[38]; A11:[39 40]; I42:[42];
j400904_1,3377.3987813707727,I1:[1]; A1:[2 3 4]; I5:[5]; I6:[6]; A2:[7 8 9 10 11 14]; I12:[12]; A3:[13]; I15:[15]; A4:[16 17 18 23]; I19:[19]; A5:[20]; I21:[21]; I22:[22]; A6:[24]; I25:[25]; I29:[29]; I26:[26]; I27:[27]; A7:[28 30 31 32 33 34 41]; I35:[35]; I36:[36]; I37:[37]; I38:[38]; A8:[39]; I40:[40]; I42:[42];
j400904_2,3624.980363418431,I1:[1]; A1:[2 3 40 41]; I4:[4]; I5:[5]; A2:[6 7]; I8:[8]; I9:[9]; A3:[10]; I39:[39]; I11:[11]; A4:[12 13]; I14:[14]; A5:[15 16 17 18 19 38]; I20:[20]; A6:[21]; I22:[22]; I23:[23]; I24:[24]; A7:[25 26]; I27:[27]; A8:[28 29]; I30:[30]; A9:[31]; I32:[32]; I33:[33]; A10:[34 35]; I36:[36]; A11:[37]; I42:[42];
j400904_3,3397.809356744752,I1:[1]; I2:[2]; A1:[3]; I4:[4]; A2:[5]; I6:[6]; A3:[7 8 9 10 11 12 13]; I14:[14]; A4:[15 16]; I17:[17]; A5:[18]; I32:[32]; I19:[19]; A6:[20]; I21:[21]; I22:[22]; I27:[27]; I23:[23]; A7:[24 35]; I25:[25]; A8:[26]; I28:[28]; A9:[29 30 31]; I33:[33]; A10:[34]; I36:[36]; A11:[37 38 39 40]; I41:[41]; I42:[42];
j400904_4,3522.436515599865,I1:[1]; I2:[2]; A1:[3]; I40:[40]; I4:[4]; A2:[5 6 7 38 39 41]; I8:[8]; I9:[9]; A3:[10 11]; I12:[12]; A4:[13 14 15]; I16:[16]; I17:[17]; A5:[18]; I19:[19]; I20:[20]; I21:[21]; A6:[22]; I23:[23]; A7:[24 25 26 27 28 29]; I30:[30]; A8:[31]; I32:[32]; I33:[33]; A9:[34]; I35:[35]; A10:[36 37]; I42:[42];
j400904_5,3006.1344362272603,I1:[1]; I2:[2]; I3:[3]; A1:[4 5 6 7 8 9 10 11 12 13 41]; I14:[14]; I40:[40]; A2:[15 16 17 18 19]; I20:[20]; I21:[21]; A3:[22]; I23:[23]; I24:[24]; A4:[25 26 27]; I28:[28]; A5:[29 30 31 32]; I39:[39]; I33:[33]; I34:[34]; I35:[35]; I38:[38]; I36:[36]; I37:[37]; I42:[42];
j400904_6,3404.0246839992324,I1:[1]; A1:[2 3]; I4:[4]; A2:[5 6]; I7:[7]; A3:[8 11]; I9:[9]; A4:[10 12]; I13:[13]; I14:[14]; A5:[15 16 17 18 19]; I20:[20]; I41:[41]; A6:[21 22 23 24 34 40]; I25:[25]; I26:[26]; A7:[27 28 29]; I30:[30]; I31:[31]; I32:[32]; I33:[33]; A8:[35 36]; I37:[37]; I38:[38]; I39:[39]; I42:[42];
j400904_7,3201.979826973302,I1:[1]; A1:[2]; I3:[3]; A2:[4 5 6]; I7:[7]; I8:[8]; I9:[9]; A3:[10 11 12 13 14 15 16 17]; I19:[19]; I18:[18]; I20:[20]; I21:[21]; A4:[22]; I23:[23]; A5:[24 25]; I26:[26]; A6:[27 28 29 30 31]; I32:[32]; I33:[33]; A7:[34 35 37]; I36:[36]; I38:[38]; I39:[39]; I40:[40]; A8:[41]; I42:[42];
j400904_8,3728.027631141202,I1:[1]; I41:[41]; A1:[2 3 4]; I5:[5]; A2:[6 7]; I8:[8]; I9:[9]; A3:[10 11 12]; I13:[13]; I14:[14]; A4:[15 16 17 18 19 20 40]; I31:[31]; I21:[21]; A5:[22]; I23:[23]; A6:[24]; I25:[25]; I26:[26]; I27:[27]; A7:[28 29]; I30:[30]; A8:[32 33 34 39]; I35:[35]; I36:[36]; A9:[37]; I38:[38]; I42:[42];
j400904_9,3017.398321098439,I1:[1]; I2:[2]; A1:[3 4 5 6 7 8 9 10 11]; I24:[24]; I12:[12]; I13:[13]; I14:[14]; I15:[15]; I16:[16]; A2:[17 18 19 20]; I21:[21]; I22:[22]; A3:[23 25 26 27]; I28:[28]; A4:[29]; I30:[30]; I34:[34]; A5:[31]; I32:[32]; A6:[33 35 36]; I37:[37]; A7:[38]; I39:[39]; A8:[40]; I41:[41]; I42:[42];
j400904_10,3618.8630248300983,I1:[1]; A1:[2]; I3:[3]; A2:[4]; I5:[5]; A3:[6]; I41:[41]; I7:[7]; A4:[8]; I9:[9]; I40:[40]; I10:[10]; A5:[11 12 13 14 15 39]; I16:[16]; I38:[38]; A6:[17 18 19 20 21 22]; I23:[23]; A7:[24 25]; I26:[26]; A8:[27]; I28:[28]; I29:[29]; A9:[30 31 32]; I33:[33]; I34:[34]; I35:[35]; A10:[36 37]; I42:[42];
j401004_1,3440.9012175911803,I1:[1]; A1:[2]; I3:[3]; A2:[4 5]; I6:[6]; A3:[7 8 9 10 11]; I12:[12]; I13:[13]; I14:[14]; I15:[15]; A4:[16]; I17:[17]; I18:[18]; A5:[19]; I20:[20]; I21:[21]; I22:[22]; A6:[23 24]; I25:[25]; I26:[26]; I27:[27]; A7:[28 29 30]; I31:[31]; A8:[32 33 34 35 36 37 38 39]; I40:[40]; A9:[41]; I42:[42];
j401004_2,3655.1057113166326,I1:[1]; I2:[2]; I3:[3]; A1:[4]; I5:[5]; I6:[6]; A2:[7 8 9]; I10:[10]; A3:[11 12]; I13:[13]; A4:[14 15 16 17 18]; I19:[19]; A5:[20]; I21:[21]; A6:[22 23]; I24:[24]; A7:[25 26]; I27:[27]; A8:[28 29 30]; I31:[31]; A9:[32 33]; I34:[34]; I35:[35]; A10:[36]; I37:[37]; I38:[38]; A11:[39]; I40:[40]; A12:[41]; I42:[42];
j401004_3,3535.151059093987,I1:[1]; A1:[2 3 4]; I5:[5]; A2:[6 7]; I8:[8]; I9:[9]; I10:[10]; A3:[11]; I12:[12]; A4:[13]; I14:[14]; A5:[15 16 17 18 19]; I20:[20]; A6:[21 22 23]; I24:[24]; A7:[25]; I26:[26]; I27:[27]; I28:[28]; A8:[29 30 31]; I32:[32]; A9:[33]; I34:[34]; I35:[35]; A10:[36 37]; I38:[38]; A11:[39 40]; I41:[41]; I42:[42];
j401004_4,3517.946818265941,I1:[1]; A1:[2 3 4]; I5:[5]; I6:[6]; A2:[7 8 9]; I10:[10]; A3:[11 12]; I13:[13]; I14:[14]; A4:[15]; I16:[16]; I17:[17]; I18:[18]; A5:[19 20]; I21:[21]; I22:[22]; A6:[23 24]; I25:[25]; A7:[26]; I27:[27]; A8:[28 29 30 31]; I32:[32]; I33:[33]; A9:[34]; I35:[35]; A10:[36]; I37:[37]; A11:[38 39 40 41]; I42:[42];
j401004_5,3639.877061619176,I1:[1]; I2:[2]; A1:[3 4 5 6]; I7:[7]; A2:[8]; I9:[9]; A3:[10 11 12 13 14]; I15:[15]; A4:[16 17 18]; I19:[19]; A5:[20]; I21:[21]; A6:[22]; I23:[23]; A7:[24]; I25:[25]; A8:[26]; I27:[27]; A9:[28]; I29:[29]; A10:[30 31]; I32:[32]; A11:[33]; I34:[34]; I35:[35]; I36:[36]; I37:[37]; A12:[38 39 40]; I41:[41]; I42:[42];
j401004_6,3523.715064127113,I1:[1]; I2:[2]; I3:[3]; I4:[4]; A1:[5 6 7 8 9 10]; I11:[11]; I12:[12]; I13:[13]; A2:[14]; I15:[15]; A3:[16]; I17:[17]; I18:[18]; A4:[19 20 21]; I22:[22]; A5:[23]; I24:[24]; I25:[25]; I26:[26]; A6:[27]; I28:[28]; A7:[29 30 31]; I32:[32]; A8:[33]; I34:[34]; A9:[35 36 37 38 39 40 41]; I42:[42];
j401004_7,3500.234246648402,I1:[1]; I2:[2]; A1:[3]; I4:[4]; A2:[5 6]; I7:[7]; A3:[8 9]; I10:[10]; A4:[11 12]; I13:[13]; A5:[14]; I15:[15]; A6:[16 17]; I18:[18]; A7:[19]; I20:[20]; A8:[21 22]; I23:[23]; I24:[24]; A9:[25]; I26:[26]; I27:[27]; I28:[28]; I29:[29]; A10:[30 31 32 33 34]; I35:[35]; A11:[36 37 38]; I39:[39]; A12:[40 41]; I42:[42];
j401004_8,3435.8987956895608,I1:[1]; A1:[2 3 4]; I5:[5]; I6:[6]; A2:[7 8 9 10 11]; I12:[12]; A3:[13 14 15]; I16:[16]; A4:[17]; I18:[18]; A5:[19 20]; I21:[21]; A6:[22]; I23:[23]; I24:[24]; I25:[25]; A7:[26]; I27:[27]; I28:[28]; A8:[29]; I30:[30]; A9:[31 32 33 34]; I35:[35]; I36:[36]; I37:[37]; A10:[38 39 40]; I41:[41]; I42:[42];
j401004_9,3276.1434882856097,I1:[1]; I2:[2]; A1:[3 4 5 6 7]; I8:[8]; A2:[9 10 11 12]; I13:[13]; I14:[14]; I15:[15]; I16:[16]; A3:[17 18 19 20 21 22 23 24]; I25:[25]; A4:[26]; I27:[27]; A5:[28]; I29:[29]; I30:[30]; A6:[31 32 33]; I34:[34]; I35:[35]; I36:[36]; I37:[37]; I38:[38]; A7:[39 40]; I41:[41]; I42:[42];
j401004_10,3531.1078393225835,I1:[1]; I2:[2]; A1:[3 4]; I5:[5]; I6:[6]; A2:[7]; I8:[8]; A3:[9]; I10:[10]; A4:[11]; I12:[12]; A5:[13 14 15 16 17]; I18:[18]; A6:[19 20]; I21:[21]; I22:[22]; I23:[23]; I24:[24]; I25:[25]; A7:[26 27 28]; I29:[29]; A8:[30 31 32 33 34]; I35:[35]; I36:[36]; A9:[37 38 39]; I40:[40]; A10:[41]; I42:[42];
j200105_1,1317.4234252018955,I1:[1]; I16:[16]; I14:[14]; I3:[3]; I5:[5]; I15:[15]; A1:[2 4 6 17 18 19 20 21]; I12:[12]; I9:[9]; I8:[8]; I7:[7]; I13:[13]; A2:[10 11]; I22:[22];
j200105_2,1544.2488722522014,I1:[1]; I7:[7]; I6:[6]; A1:[2 3 4]; I5:[5]; I16:[16]; I15:[15]; I8:[8]; I10:[10]; I21:[21]; I12:[12]; I18:[18]; A2:[9 11 13 14 17 19 20]; I22:[22];
j200105_3,1382.9724014209814,I1:[1]; I19:[19]; I2:[2]; I6:[6]; I17:[17]; I8:[8]; I4:[4]; A1:[3 9 10 18 20 21]; I5:[5]; I7:[7]; I12:[12]; I13:[13]; A2:[11 14 15 16]; I22:[22];
j200105_4,1587.3770889750197,I1:[1]; I3:[3]; A1:[5 18 20]; I19:[19]; I2:[2]; I21:[21]; I4:[4]; I14:[14]; I12:[12]; I9:[9]; I10:[10]; A2:[6 7 11 13 15 16 17]; I8:[8]; I22:[22];
j200105_5,1597.2339420545825,I1:[1]; I17:[17]; I19:[19]; I13:[13]; I2:[2]; I21:[21]; I3:[3]; I8:[8]; A1:[7 9 10 11 12 14 15 16 18 20]; I5:[5]; I6:[6]; I4:[4]; I22:[22];
j200105_6,1680.777451622319,I1:[1]; I6:[6]; I16:[16]; I18:[18]; I3:[3]; A1:[2 4 5 15 17 19 21]; I13:[13]; I14:[14]; I20:[20]; I12:[12]; A2:[7 8 11]; I10:[10]; I9:[9]; I22:[22];
j200105_7,1569.2366090264868,I1:[1]; I17:[17]; I13:[13]; A1:[3 4 8 10 12 14]; I19:[19]; I21:[21]; I5:[5]; I2:[2]; I11:[11]; I15:[15]; I16:[16]; I9:[9]; A2:[6 7 18 20]; I22:[22];
j200105_8,1500.0987349940337,I1:[1]; I3:[3]; I7:[7]; I21:[21]; I8:[8]; A1:[2 4 5 6 10 17]; I9:[9]; A2:[12 15 16 18]; I19:[19]; I14:[14]; I20:[20]; I11:[11]; I13:[13]; I22:[22];
j200105_9,1500.4568809431353,I1:[1]; I19:[19]; I6:[6]; I18:[18]; I2:[2]; I20:[20]; I4:[4]; I7:[7]; A1:[3 5 14 15 16 17]; I12:[12]; I8:[8]; I9:[9]; A2:[10 11 13 21]; I22:[22];
j200105_10,1445.6528536865826,I1:[1]; I2:[2]; I3:[3]; I5:[5]; I6:[6]; I4:[4]; I17:[17]; I14:[14]; I13:[13]; I10:[10]; A1:[7 8 9 12 15 16 18 19 20 21]; I11:[11]; I22:[22];
j200205_1,1539.6871095424685,I1:[1]; I11:[11]; I5:[5]; I8:[8]; A1:[3 4 6 7 9 21]; I2:[2]; I10:[10]; I15:[15]; I16:[16]; I12:[12]; I17:[17]; A2:[13 14 19 20]; I18:[18]; I22:[22];
j200205_2,1691.6706405850693,I1:[1]; I4:[4]; I3:[3]; A1:[2 8]; I5:[5]; I7:[7]; I6:[6]; A2:[9 10]; A3:[11 13]; I14:[14]; I12:[12]; I15:[15]; I18:[18]; I16:[16]; A4:[17 19 20 21]; I22:[22];
j200205_3,1624.221030076232,I1:[1]; I7:[7]; I8:[8]; I15:[15]; I21:[21]; I18:[18]; A1:[2 3 4 6 13 19 20]; I16:[16]; I17:[17]; I12:[12]; I11:[11]; I14:[14]; A2:[5 9 10]; I22:[22];
j200205_4,1573.0228858412047,I1:[1]; I11:[11]; I2:[2]; A1:[4 5 6 7 8 9 10]; I15:[15]; I3:[3]; I14:[14]; I21:[21]; I13:[13]; A2:[12 17 20]; I16:[16]; I19:[19]; I18:[18]; I22:[22];
j200205_5,1661.7828402983664,I1:[1]; A1:[3]; I7:[7]; I2:[2]; I5:[5]; A2:[6 8 9 10 12 15]; I4:[4]; I14:[14]; I13:[13]; I20:[20]; I11:[11]; I17:[17]; I16:[16]; A3:[18 19 21]; I22:[22];
j200205_6,1133.7676694545492,I1:[1]; I3:[3]; I5:[5]; I7:[7]; I2:[2]; I21:[21]; A1:[4 6 9 11 19]; I8:[8]; I20:[20]; A2:[10 14 15 16 18]; I17:[17]; I12:[12]; I13:[13]; I22:[22];
j200205_7,1649.3434970825754,I1:[1]; I7:[7]; A1:[3 6 8]; I5:[5]; I2:[2]; I4:[4]; A2:[9 11]; I10:[10]; I12:[12]; A3:[13 14]; I21:[21]; I15:[15]; A4:[17 19 20]; I16:[16]; I18:[18]; I22:[22];
j200205_8,1726.762196658593,I1:[1]; A2:[3]; I4:[4]; A1:[2 6 7]; I20:[20]; I5:[5]; A3:[8 12 21]; I9:[9]; I10:[10]; I19:[19]; I17:[17]; I11:[11]; I16:[16]; A4:[13 15 18]; I14:[14]; I22:[22];
j200205_9,1681.404116421279,I1:[1]; I5:[5]; I2:[2]; I4:[4]; I7:[7]; A1:[3 6 9 10]; I17:[17]; I8:[8]; A3:[12 14]; I16:[16]; A2:[11]; I13:[13]; A4:[15 20 21]; I19:[19]; I18:[18]; I22:[22];
j200205_10,1367.2895986848534,I1:[1]; I9:[9]; I3:[3]; I6:[6]; I18:[18]; I21:[21]; A1:[2 4 5 8 13 16 17 19 20]; I14:[14]; I7:[7]; I11:[11]; I15:[15]; I12:[12]; A2:[10]; I22:[22];
j200305_1,1317.1296521549136,I1:[1]; A1:[2]; I15:[15]; I21:[21]; I16:[16]; I18:[18]; I20:[20]; I9:[9]; I3:[3]; A2:[4 8 10 11 12 13 14 17 19]; I5:[5]; I6:[6]; I7:[7]; I22:[22];
j200305_2,1470.8439460973132,I1:[1]; I2:[2]; I18:[18]; I8:[8]; I5:[5]; A1:[3 4 7 17]; I16:[16]; I11:[11]; I10:[10]; I6:[6]; I21:[21]; I13:[13]; A2:[9 12 14 15 19 20]; I22:[22];
j200305_3,1643.4097516768509,I1:[1]; I7:[7]; I4:[4]; A1:[2 13]; I6:[6]; A2:[3 5 10]; I19:[19]; I20:[20]; I9:[9]; A3:[8 18 21]; I12:[12]; I16:[16]; A4:[11 17]; I15:[15]; I14:[14]; I22:[22];
j200305_4,1519.0320135345744,I1:[1]; I5:[5]; I10:[10]; I6:[6]; A1:[2 3 4 7 9]; I14:[14]; A2:[8 11]; I13:[13]; I19:[19]; I17:[17]; I18:[18]; A3:[12 20 21]; I16:[16]; I15:[15]; I22:[22];
j200305_5,1551.5311456314103,I1:[1]; I4:[4]; I5:[5]; I8:[8]; A1:[2 9 12 13]; I6:[6]; I20:[20]; I18:[18]; I16:[16]; I3:[3]; I15:[15]; I21:[21]; A2:[7 10 11 14 17 19]; I22:[22];
j200305_6,1550.9030235451419,I1:[1]; A1:[2]; I21:[21]; I8:[8]; A2:[5 16 17 18 19]; I3:[3]; I4:[4]; I14:[14]; I13:[13]; I6:[6]; I12:[12]; A3:[7 9 15 20]; I11:[11]; I10:[10]; I22:[22];
j200305_7,1748.7551305907125,I1:[1]; I3:[3]; A1:[2 4]; I5:[5]; I6:[6]; A2:[8 9 11]; I7:[7]; I18:[18]; I13:[13]; I12:[12]; I19:[19]; I10:[10]; I17:[17]; A3:[14 15 16 20 21]; I22:[22];
j200305_8,1562.6317845285737,I1:[1]; I6:[6]; I8:[8]; I7:[7]; A1:[2 4 11 12 13]; I19:[19]; I21:[21]; I3:[3]; I17:[17]; A2:[5 9 15 16 20]; I10:[10]; I18:[18]; I14:[14]; I22:[22];
j200305_9,1575.6347479764345,I1:[1]; I5:[5]; A1:[3 4]; I2:[2]; I7:[7]; I8:[8]; A2:[6 9]; I10:[10]; I11:[11]; I12:[12]; I13:[13]; A3:[14 15 16]; A4:[17 19 21]; I20:[20]; I18:[18]; I22:[22];
j200305_10,1592.8091295860797,I1:[1]; I2:[2]; I20:[20]; I19:[19]; I17:[17]; I16:[16]; I6:[6]; I8:[8]; I21:[21]; I15:[15]; A1:[3 4 5 10 14 18]; I13:[13]; A2:[7 9 11 12]; I22:[22];
j200405_1,1670.9054721215302,I1:[1]; I2:[2]; I3:[3]; I9:[9]; A1:[4 5 6]; I16:[16]; I7:[7]; A2:[8 10 13]; I12:[12]; I11:[11]; I19:[19]; I14:[14]; A3:[15 20 21]; I18:[18]; A4:[17]; I22:[22];
j200405_2,1483.1520579863036,I1:[1]; I5:[5]; A1:[2]; I4:[4]; I3:[3]; I7:[7]; I17:[17]; I8:[8]; A2:[6 9]; I10:[10]; I21:[21]; I11:[11]; A3:[12 13 15 16 18]; I20:[20]; A4:[14 19]; I22:[22];
j200405_3,1546.5350775531501,I1:[1]; I12:[12]; A1:[2 3 5 13]; I4:[4]; I7:[7]; I8:[8]; A2:[6 9]; I17:[17]; I10:[10]; I16:[16]; A3:[11]; I20:[20]; I21:[21]; I15:[15]; A4:[14 18]; A5:[19]; I22:[22];
j200405_4,1798.6183469135817,I1:[1]; I2:[2]; A1:[3 6 14]; I12:[12]; I5:[5]; A2:[4]; I8:[8]; A3:[7 10 11]; I9:[9]; I15:[15]; A4:[13 17]; I18:[18]; I16:[16]; I19:[19]; A5:[21]; I20:[20]; I22:[22];
j200405_5,1418.1650659647416,I1:[1]; I20:[20]; I2:[2]; I13:[13]; I19:[19]; I10:[10]; A1:[3 5 21]; I8:[8]; A2:[4 6 7 12 15 17 18]; I16:[16]; I9:[9]; I11:[11]; I14:[14]; I22:[22];
j200405_6,1607.2107759844375,I1:[1]; A1:[2]; I3:[3]; I5:[5]; I4:[4]; A2:[6 7 9 11 21]; I14:[14]; I19:[19]; I8:[8]; I17:[17]; I10:[10]; A3:[13 16 18 20]; I12:[12]; I15:[15]; I22:[22];
j200405_7,1733.2903336675708,I1:[1]; I5:[5]; I2:[2]; A1:[3 4]; A2:[7]; I8:[8]; I6:[6]; A3:[9 10 11 12]; I13:[13]; I16:[16]; I14:[14]; I15:[15]; I17:[17]; A4:[18 19 21]; I20:[20]; I22:[22];
j200405_8,1435.9193845804562,I1:[1]; I6:[6]; I19:[19]; A1:[2 3 12 20 21]; I17:[17]; I4:[4]; I11:[11]; I8:[8]; I16:[16]; I5:[5]; A2:[7 14 15 18]; I9:[9]; A3:[10]; I13:[13]; I22:[22];
j200405_9,1679.4933965173764,I1:[1]; I3:[3]; A1:[2]; I5:[5]; I4:[4]; I8:[8]; A2:[6 7 11]; I10:[10]; I9:[9]; A3:[12]; I14:[14]; I13:[13]; I19:[19]; A4:[15 16 17 18]; A5:[20]; I21:[21]; I22:[22];
j200405_10,1418.4426578034772,I1:[1]; I2:[2]; I6:[6]; I9:[9]; I8:[8]; I14:[14]; A1:[3 4 5 21]; I13:[13]; I17:[17]; I7:[7]; I20:[20]; I19:[19]; A2:[10 11 12 15 16 18]; I22:[22];
j200505_1,1635.1657363165584,I1:[1]; I21:[21]; A1:[2 3]; I4:[4]; I5:[5]; I12:[12]; A2:[6 7 9 19 20]; I18:[18]; I17:[17]; I8:[8]; A3:[10 11 15]; I16:[16]; I14:[14]; I13:[13]; I22:[22];
j200505_2,1642.7679125782663,I1:[1]; A1:[2]; I3:[3]; I5:[5]; I4:[4]; I6:[6]; I8:[8]; I7:[7]; I12:[12]; A2:[9 10 11]; I13:[13]; I14:[14]; A3:[15 16]; I17:[17]; A4:[18 19 20 21]; I22:[22];
j200505_3,1295.7774044197765,I1:[1]; I7:[7]; I2:[2]; I3:[3]; I4:[4]; A1:[5 6 9 12 17 21]; I11:[11]; I8:[8]; I14:[14]; I10:[10]; I20:[20]; A2:[13 15 16 19]; I18:[18]; I22:[22];
j200505_4,1690.8177341386813,I1:[1]; I2:[2]; I5:[5]; I3:[3]; I4:[4]; I21:[21]; I6:[6]; A1:[7 8 9 10 11 17 20]; I12:[12]; I14:[14]; A2:[13 16]; I19:[19]; I15:[15]; A3:[18]; I22:[22];
j200505_5,1640.2640272199362,I1:[1]; I9:[9]; A1:[2 5 17]; I3:[3]; I21:[21]; I4:[4]; I10:[10]; I20:[20]; I6:[6]; A2:[7 8 12]; I16:[16]; A3:[11 13 14 19]; I15:[15]; I18:[18]; I22:[22];
j200505_6,1681.7296657537731,I1:[1]; I6:[6]; I2:[2]; A1:[4]; I3:[3]; I7:[7]; I5:[5]; A2:[8]; I11:[11]; I9:[9]; I15:[15]; A3:[10 12]; I17:[17]; A4:[13 14 16 18]; A5:[20 21]; I19:[19]; I22:[22];
j200505_7,1719.0765521203343,I1:[1]; I2:[2]; A1:[3 4]; I5:[5]; A2:[6 7]; I9:[9]; I8:[8]; I12:[12]; A3:[10]; A4:[13 14 15]; I11:[11]; I16:[16]; I17:[17]; I20:[20]; I18:[18]; A5:[19 21]; I22:[22];
j200505_8,1753.194344897899,I1:[1]; A1:[2 3]; I6:[6]; A2:[4]; I8:[8]; I5:[5]; I11:[11]; A3:[7 15]; I9:[9]; A4:[10 12 13 14 16]; I21:[21]; I17:[17]; I18:[18]; I19:[19]; I20:[20]; I22:[22];
j200505_9,1506.231716265071,I1:[1]; I20:[20]; I19:[19]; A1:[2 3 15 18 21]; I16:[16]; I17:[17]; I4:[4]; I14:[14]; I5:[5]; A2:[6 7 13]; I12:[12]; I8:[8]; A3:[9 10]; I11:[11]; I22:[22];
j200505_10,1520.0595510501516,I1:[1]; A1:[3]; I2:[2]; I6:[6]; I4:[4]; I10:[10]; A2:[5 8 9]; I7:[7]; I12:[12]; A3:[11]; I15:[15]; A4:[13 14 16]; I19:[19]; I17:[17]; A5:[18 20]; I21:[21]; I22:[22];
j200605_1,1519.7358065068865,I1:[1]; I4:[4]; A1:[2 3]; I9:[9]; I7:[7]; A2:[5 6]; I8:[8]; A3:[10 11 12]; I13:[13]; A4:[14 15 16]; I17:[17]; I19:[19]; I20:[20]; I18:[18]; I21:[21]; I22:[22];
j200605_2,1501.6265343468706,I1:[1]; A1:[2 3 4]; A2:[5 6 7 10 11]; I8:[8]; I13:[13]; I9:[9]; I12:[12]; A3:[14 17]; I15:[15]; I21:[21]; I16:[16]; I20:[20]; I18:[18]; I19:[19]; I22:[22];
j200605_3,1757.2808847953495,I1:[1]; I8:[8]; I20:[20]; A1:[2]; I11:[11]; I13:[13]; I19:[19]; I3:[3]; A2:[4 18 21]; I5:[5]; A3:[6]; I17:[17]; I7:[7]; A4:[9 10 12]; I14:[14]; A5:[15 16]; I22:[22];
j200605_4,1630.9345269088276,I1:[1]; I4:[4]; A1:[2]; I3:[3]; A2:[7 11 15]; I5:[5]; I6:[6]; I13:[13]; I8:[8]; I9:[9]; I10:[10]; A3:[12 14 18]; I20:[20]; I21:[21]; A4:[16 17 19]; I22:[22];
j200605_5,1941.576966478657,I1:[1]; I2:[2]; A1:[3]; I6:[6]; I4:[4]; I7:[7]; I5:[5]; I9:[9]; A2:[8 10 12]; I11:[11]; A3:[13 14 15]; A4:[17]; I16:[16]; I18:[18]; I19:[19]; A5:[20 21]; I22:[22];
j200605_6,1407.1371223554147,I1:[1]; I2:[2]; I3:[3]; I18:[18]; I4:[4]; I13:[13]; I6:[6]; A1:[5 7]; I8:[8]; A2:[9 10 11 14 15 17]; I12:[12]; I16:[16]; A4:[21]; A3:[19]; I20:[20]; I22:[22];
j200605_7,1449.7757308465555,I1:[1]; I20:[20]; I21:[21]; A1:[2 3 4 5 6]; I17:[17]; I18:[18]; I19:[19]; I7:[7]; I16:[16]; I8:[8]; I15:[15]; A2:[9 10 11 12]; I13:[13]; A3:[14]; I22:[22];
j200605_8,2073.420323483031,I1:[1]; I2:[2]; A1:[3 4 5 7 9]; I8:[8]; A2:[6]; A3:[15]; I10:[10]; I11:[11]; I14:[14]; I18:[18]; I12:[12]; I13:[13]; I16:[16]; A4:[17 19 20]; I21:[21]; I22:[22];
j200605_9,1613.5647929531394,I1:[1]; A1:[2 3 6]; I12:[12]; I4:[4]; I5:[5]; A2:[7 8]; I9:[9]; I10:[10]; A3:[11 14 15]; I16:[16]; I13:[13]; A4:[17 19]; I18:[18]; I20:[20]; I21:[21]; I22:[22];
j200605_10,1553.9651229535234,I1:[1]; I21:[21]; A1:[2 9]; I17:[17]; I3:[3]; I10:[10]; I4:[4]; A2:[5 6 7 20]; I8:[8]; I11:[11]; I12:[12]; A3:[13 14 16]; I19:[19]; I15:[15]; A4:[18]; I22:[22];
j200705_1,1755.9533701280986,I1:[1]; I2:[2]; A1:[3 5]; I4:[4]; A2:[6 7]; I8:[8]; I10:[10]; I9:[9]; I11:[11]; A3:[12 17]; I13:[13]; I14:[14]; A4:[15]; I16:[16]; I18:[18]; A5:[19 20 21]; I22:[22];
j200705_2,1630.7107211136995,I1:[1]; A1:[2 6]; I3:[3]; A2:[4 5 7 12]; I8:[8]; I9:[9]; A3:[10 16]; I19:[19]; I11:[11]; I13:[13]; I21:[21]; I18:[18]; A4:[14 15]; I17:[17]; I20:[20]; I22:[22];
j200705_3,1447.2122047851342,I1:[1]; I2:[2]; I3:[3]; I4:[4]; A1:[5 6 7 8 9]; I10:[10]; I12:[12]; I11:[11]; I13:[13]; I14:[14]; I15:[15]; A2:[16 17 18 21]; I19:[19]; A3:[20]; I22:[22];
j200705_4,1830.3450236721062,I1:[1]; I21:[21]; I20:[20]; A1:[2 3 4]; I5:[5]; I6:[6]; I19:[19]; I18:[18]; I7:[7]; A2:[8]; I9:[9]; A3:[10 17]; I11:[11]; A4:[12 16]; I13:[13]; A5:[14 15]; I22:[22];
j200705_5,1782.9104308443261,I1:[1]; A1:[2]; I3:[3]; A2:[4]; I9:[9]; I5:[5]; A3:[6]; I7:[7]; I8:[8]; A4:[10 11 13 14]; I12:[12]; I17:[17]; I15:[15]; I21:[21]; A5:[16 18 19]; I20:[20]; I22:[22];
j200705_6,1615.9656998170187,I1:[1]; A1:[2 3 5]; I8:[8]; A2:[4 6 7]; A3:[9 10]; I13:[13]; I11:[11]; I16:[16]; I12:[12]; I14:[14]; I15:[15]; I19:[19]; A4:[17 20]; I18:[18]; I21:[21]; I22:[22];
j200705_7,1519.9091968681994,I1:[1]; I4:[4]; I2:[2]; A1:[3 5]; I6:[6]; I7:[7]; A2:[8 9 11 13]; I10:[10]; I17:[17]; A3:[12 14 15]; I16:[16]; A4:[18]; I20:[20]; I19:[19]; I21:[21]; I22:[22];
j200705_8,1643.629221355402,I1:[1]; I2:[2]; I4:[4]; A1:[3]; I10:[10]; I5:[5]; A2:[6]; I7:[7]; I9:[9]; A3:[8 11]; A4:[12 13 19]; I14:[14]; I15:[15]; I21:[21]; A5:[16 17]; I18:[18]; A6:[20]; I22:[22];
j200705_9,1608.1928393453716,I1:[1]; I2:[2]; I20:[20]; I3:[3]; I19:[19]; A1:[4 5 6 7 8 21]; I9:[9]; I17:[17]; I18:[18]; I10:[10]; A2:[11 12 16]; I13:[13]; A3:[14]; I15:[15]; I22:[22];
j200705_10,1520.4935599468652,I1:[1]; A1:[2]; I13:[13]; I3:[3]; I4:[4]; A2:[5 6 7 21]; I8:[8]; I20:[20]; I19:[19]; A3:[9 10 11 17 18]; I12:[12]; I14:[14]; I15:[15]; I16:[16]; I22:[22];
j200805_1,1819.0447114679446,I1:[1]; I2:[2]; I4:[4]; A1:[3 5 9]; I7:[7]; I6:[6]; A2:[8 10 11]; I12:[12]; I18:[18]; I13:[13]; A3:[14]; I15:[15]; I16:[16]; A4:[17]; I19:[19]; A5:[20 21]; I22:[22];
j200805_2,1587.154530687776,I1:[1]; I2:[2]; I13:[13]; A1:[3]; I4:[4]; I5:[5]; A2:[6]; I7:[7]; I8:[8]; A3:[9 12 20]; I10:[10]; I11:[11]; A4:[14 18]; I15:[15]; A5:[16]; I17:[17]; A6:[19 21]; I22:[22];
j200805_3,1626.8965981330846,I1:[1]; A1:[2]; I3:[3]; A2:[4 5]; I6:[6]; I7:[7]; I8:[8]; A3:[9]; I10:[10]; A4:[11 12 13 14]; I15:[15]; I17:[17]; I16:[16]; I18:[18]; I19:[19]; A5:[20 21]; I22:[22];
j200805_4,1821.5602775697469,I1:[1]; I2:[2]; I3:[3]; A1:[4 21]; I5:[5]; A2:[6]; I10:[10]; I7:[7]; I17:[17]; A3:[8]; I9:[9]; A4:[11]; I12:[12]; A5:[13 14]; I15:[15]; I16:[16]; A6:[18 19 20]; I22:[22];
j200805_5,1680.7179337088028,I1:[1]; A1:[2]; I13:[13]; I20:[20]; I3:[3]; I4:[4]; A2:[5 6 7 21]; I8:[8]; I9:[9]; A3:[10 11]; I12:[12]; A4:[14 15]; I19:[19]; I16:[16]; A5:[17]; I18:[18]; I22:[22];
j200805_6,1922.135613647687,I1:[1]; A1:[2 3 10]; I4:[4]; A2:[5]; I6:[6]; A3:[7]; I13:[13]; I8:[8]; I9:[9]; I11:[11]; I12:[12]; A4:[14 17 19]; I15:[15]; I16:[16]; I18:[18]; A5:[20 21]; I22:[22];
j200805_7,1844.5866909439765,I1:[1]; I2:[2]; I3:[3]; A1:[4]; I5:[5]; A2:[6 12]; I7:[7]; A3:[8 9]; I10:[10]; I11:[11]; A4:[13 14 15 16 17]; I18:[18]; I20:[20]; I21:[21]; I19:[19]; I22:[22];
j200805_8,1649.5852937233171,I1:[1]; A1:[2 3 4 5 9 21]; I6:[6]; I7:[7]; A2:[8]; I10:[10]; I11:[11]; I12:[12]; I13:[13]; I14:[14]; I19:[19]; A3:[15 20]; I16:[16]; A4:[17]; I18:[18]; I22:[22];
j200805_9,1921.8427510390056,I1:[1]; I2:[2]; A1:[3]; I4:[4]; A2:[5 6 17]; I7:[7]; I8:[8]; I19:[19]; I9:[9]; I10:[10]; A3:[11 20 21]; I12:[12]; A4:[13]; I14:[14]; A5:[15 16]; I18:[18]; I22:[22];
j200805_10,1930.5075758592852,I1:[1]; A1:[2]; I3:[3]; I4:[4]; A2:[5]; I6:[6]; I9:[9]; A3:[7]; A4:[8 10 11]; I12:[12]; I13:[13]; I14:[14]; A5:[15 16 18]; I20:[20]; I17:[17]; I19:[19]; A6:[21]; I22:[22];
j200905_1,1606.5659804153279,I1:[1]; I2:[2]; I3:[3]; I4:[4]; A1:[5 6]; I7:[7]; A2:[8]; I9:[9]; A3:[10 21]; I11:[11]; A4:[12]; I13:[13]; I14:[14]; I15:[15]; A5:[16 17 20]; I18:[18]; A6:[19]; I22:[22];
j200905_2,1786.7437656417437,I1:[1]; I2:[2]; I13:[13]; A1:[3 4]; I5:[5]; I6:[6]; A2:[7 8]; I9:[9]; A3:[10]; I11:[11]; I12:[12]; I14:[14]; I15:[15]; I16:[16]; A4:[17 18 19 20 21]; I22:[22];
j200905_3,1662.7971655547976,I1:[1]; A1:[2]; I3:[3]; I4:[4]; I5:[5]; I21:[21]; A2:[6 7 8 9 10]; I11:[11]; A3:[12]; I13:[13]; I14:[14]; A4:[15 20]; I16:[16]; I17:[17]; A5:[18]; I19:[19]; I22:[22];
j200905_4,2003.5525544653647,I1:[1]; I2:[2]; A1:[3]; I4:[4]; I5:[5]; I6:[6]; A2:[7]; I8:[8]; I19:[19]; A3:[9 10 11 12]; I13:[13]; A4:[14 15]; I16:[16]; A5:[17 18]; I21:[21]; I20:[20]; I22:[22];
j200905_5,1682.736129620108,I1:[1]; A1:[2]; I3:[3]; I4:[4]; I5:[5]; A2:[6]; I7:[7]; I12:[12]; A3:[8 9]; I10:[10]; A4:[11]; I13:[13]; A5:[14 15 16 21]; I17:[17]; I18:[18]; A6:[19]; I20:[20]; I22:[22];
j200905_6,1688.6788810533155,I1:[1]; I2:[2]; A1:[3 4 15]; I5:[5]; I6:[6]; A2:[7 8 9 10]; I11:[11]; I12:[12]; A3:[13]; I14:[14]; I16:[16]; I21:[21]; I17:[17]; A4:[18]; I19:[19]; A5:[20]; I22:[22];
j200905_7,2022.7700928811346,I1:[1]; A1:[2 3 4 5]; I6:[6]; I7:[7]; I8:[8]; A2:[9]; I10:[10]; I11:[11]; A3:[12 14 17]; I13:[13]; I15:[15]; I16:[16]; I18:[18]; A4:[19]; I20:[20]; A5:[21]; I22:[22];
j200905_8,1812.6330786486556,I1:[1]; A1:[2]; I3:[3]; I4:[4]; A2:[5]; I6:[6]; I7:[7]; A3:[8 9]; I10:[10]; A4:[11 12 13 16]; I14:[14]; I18:[18]; I15:[15]; I17:[17]; A5:[19]; I20:[20]; A6:[21]; I22:[22];
j200905_9,1449.0187443747964,I1:[1]; A1:[2]; I12:[12]; I3:[3]; I4:[4]; I5:[5]; I6:[6]; A2:[7]; I8:[8]; A3:[9]; I10:[10]; A4:[11 13]; I14:[14]; I15:[15]; A5:[16 17 18 19 20]; I21:[21]; I22:[22];
j200905_10,1812.9107447407168,I1:[1]; I2:[2]; I3:[3]; I4:[4]; I5:[5]; A1:[6 7 9]; I8:[8]; I10:[10]; A2:[12]; I11:[11]; I13:[13]; I14:[14]; A3:[15 16 17]; I18:[18]; A4:[19 20 21]; I22:[22];
j201005_1,1820.6328563992445,I1:[1]; I2:[2]; A1:[3]; I4:[4]; A2:[5]; I6:[6]; I7:[7]; I8:[8]; A3:[9 10 11]; I12:[12]; A4:[13 14]; I15:[15]; A5:[16]; I17:[17]; I18:[18]; I19:[19]; A6:[20 21]; I22:[22];
j201005_2,1815.406392628914,I1:[1]; I2:[2]; A1:[3]; I4:[4]; I5:[5]; A2:[6]; I7:[7]; A3:[8 9 10]; I11:[11]; A4:[12]; I13:[13]; I14:[14]; A5:[15]; I16:[16]; A6:[17 18]; I19:[19]; I20:[20]; A7:[21]; I22:[22];
j201005_3,1813.5117795612337,I1:[1]; A1:[2 3]; I4:[4]; A2:[5 6]; I7:[7]; I8:[8]; A3:[9 10]; I11:[11]; A4:[12 13]; I14:[14]; I15:[15]; I16:[16]; A5:[17]; I18:[18]; I19:[19]; I20:[20]; A6:[21]; I22:[22];
j201005_4,1857.7818291713204,I1:[1]; A1:[2 3]; I4:[4]; I5:[5]; A2:[6 7 8 9]; I10:[10]; I11:[11]; I12:[12]; I13:[13]; A3:[14]; I15:[15]; A4:[16]; I17:[17]; I18:[18]; A5:[19]; I20:[20]; A6:[21]; I22:[22];
j201005_5,1864.1662330314762,I1:[1]; I2:[2]; A1:[3 4 5]; I6:[6]; I7:[7]; A2:[8]; I9:[9]; A3:[10 11 12]; I13:[13]; I14:[14]; A4:[15]; I16:[16]; A5:[17]; I18:[18]; I19:[19]; A6:[20]; I21:[21]; I22:[22];
j201005_6,1706.949222374877,I1:[1]; A1:[2 3 4 5]; I6:[6]; I7:[7]; I8:[8]; I9:[9]; I10:[10]; A2:[11]; I12:[12]; I13:[13]; I14:[14]; A3:[15]; I16:[16]; A4:[17 18 19 20]; I21:[21]; I22:[22];
j201005_7,1835.3683944905483,I1:[1]; A1:[2 3]; I4:[4]; I5:[5]; I6:[6]; I7:[7]; A2:[8 9]; I10:[10]; A3:[11 12]; I13:[13]; I14:[14]; I15:[15]; A4:[16 17]; I18:[18]; A5:[19]; I20:[20]; A6:[21]; I22:[22];
j201005_8,1816.8450360200231,I1:[1]; I2:[2]; A1:[3]; I4:[4]; A2:[5]; I6:[6]; A3:[7]; I8:[8]; A4:[9 10 11]; I12:[12]; I13:[13]; A5:[14 15]; I16:[16]; I17:[17]; A6:[18 19]; I20:[20]; I21:[21]; I22:[22];
j201005_9,1798.0603446793245,I1:[1]; I2:[2]; I3:[3]; A1:[4]; I5:[5]; A2:[6]; I7:[7]; A3:[8 9]; I10:[10]; I11:[11]; I12:[12]; A4:[13 14]; I15:[15]; A5:[16 17]; I18:[18]; A6:[19]; I20:[20]; A7:[21]; I22:[22];
j201005_10,1860.971183659528,I1:[1]; I2:[2]; A1:[3]; I4:[4]; I5:[5]; A2:[6]; I7:[7]; A3:[8]; I9:[9]; A4:[10 11]; I12:[12]; A5:[13 14]; I15:[15]; A6:[16 17]; I18:[18]; A7:[19]; I20:[20]; I21:[21]; I22:[22];
j300105_1,2260.8416439452562,I1:[1]; I4:[4]; I9:[9]; I29:[29]; A1:[2 3 6 7 11 25 26 28 30]; I14:[14]; I8:[8]; I10:[10]; I24:[24]; I27:[27]; I13:[13]; I31:[31]; I12:[12]; I5:[5]; I20:[20]; I15:[15]; I19:[19]; A2:[16 17 18 21 22 23]; I32:[32];
j300105_2,1987.9702986036896,I1:[1]; I14:[14]; I7:[7]; I31:[31]; I4:[4]; I9:[9]; I6:[6]; A1:[2 5 8 10 11 16 17 18]; I3:[3]; I12:[12]; I25:[25]; I28:[28]; I22:[22]; I15:[15]; I26:[26]; A2:[13 23 27 29]; I30:[30]; I24:[24]; A3:[19 20 21]; I32:[32];
j300105_3,1920.0220877148297,I1:[1]; I23:[23]; I24:[24]; I28:[28]; A1:[2]; I17:[17]; I29:[29]; I18:[18]; I25:[25]; I31:[31]; I16:[16]; I30:[30]; I10:[10]; I12:[12]; A2:[4 6 9 11 14 15 20 22 26]; I5:[5]; I3:[3]; A3:[8 13 19 21 27]; I7:[7]; I32:[32];
j300105_4,2366.64214203212,I1:[1]; I11:[11]; A2:[4 5 9 10 14 17]; I2:[2]; I30:[30]; I15:[15]; I16:[16]; A1:[3 29 31]; I12:[12]; I8:[8]; I27:[27]; I26:[26]; I6:[6]; I24:[24]; A3:[7 13 22 28]; I21:[21]; I20:[20]; A4:[23 25]; I18:[18]; I19:[19]; I32:[32];
j300105_5,1971.5881622657896,I1:[1]; I24:[24]; I4:[4]; I21:[21]; I31:[31]; I28:[28]; I30:[30]; I22:[22]; I25:[25]; I29:[29]; A1:[2 7 19 27]; A2:[3 5 6 8 9 10 12 15 16 23 26]; I11:[11]; I14:[14]; I13:[13]; I20:[20]; I17:[17]; I18:[18]; I32:[32];
j300105_6,2093.5243504410055,I1:[1]; I14:[14]; I25:[25]; I7:[7]; I9:[9]; I31:[31]; I13:[13]; I29:[29]; I3:[3]; A1:[4 6 8 10 11 27 28 30]; I2:[2]; I26:[26]; I23:[23]; I5:[5]; I12:[12]; I15:[15]; I19:[19]; A2:[16 17 18 20 21 22 24]; I32:[32];
j300105_7,2261.7115178665754,I1:[1]; I31:[31]; I19:[19]; I5:[5]; I9:[9]; A1:[2 4]; I3:[3]; I18:[18]; I8:[8]; I20:[20]; A2:[6 10 11 16 17]; I12:[12]; I30:[30]; I7:[7]; I29:[29]; I14:[14]; I22:[22]; A3:[13 15 25 27 28]; A4:[23 24 26]; I21:[21]; I32:[32];
j300105_8,2504.4388740448912,I1:[1]; I18:[18]; I12:[12]; I14:[14]; I19:[19]; I5:[5]; I11:[11]; I17:[17]; I8:[8]; A1:[2 3 6 13 16 29 30 31]; I4:[4]; I27:[27]; I15:[15]; A2:[9 10 24]; I7:[7]; I28:[28]; I26:[26]; I20:[20]; A3:[21 22 23 25]; I32:[32];
j300105_9,2115.5702483764244,I1:[1]; I24:[24]; I12:[12]; I26:[26]; I27:[27]; I28:[28]; I31:[31]; I6:[6]; I8:[8]; A1:[2 3 5 10 11 23 25 29 30]; I7:[7]; I4:[4]; I9:[9]; I17:[17]; I22:[22]; I21:[21]; I15:[15]; A2:[13 14 16 18 19 20]; I32:[32];
j300105_10,2045.315330923934,I1:[1]; I2:[2]; I5:[5]; I30:[30]; I3:[3]; I29:[29]; I31:[31]; I26:[26]; A1:[4 7 8 10 11 12 27 28]; I24:[24]; I6:[6]; I9:[9]; I14:[14]; I22:[22]; I19:[19]; I20:[20]; I13:[13]; A2:[15 16 17 18 21 23 25]; I32:[32];
j300205_1,2054.1103651350413,I1:[1]; I31:[31]; I10:[10]; I30:[30]; I9:[9]; A1:[2 5 16 17 29]; I12:[12]; I6:[6]; I4:[4]; I26:[26]; I25:[25]; I27:[27]; I3:[3]; I24:[24]; A2:[7 8 11 14 23 28]; I15:[15]; I22:[22]; A3:[13 18 19 20]; I21:[21]; I32:[32];
j300205_2,2302.852418792556,I1:[1]; I3:[3]; I5:[5]; I4:[4]; A1:[2 9 12 16]; I21:[21]; I6:[6]; I10:[10]; I7:[7]; I19:[19]; I11:[11]; I20:[20]; A2:[8 13 15]; I18:[18]; A3:[14 17 22 23 24 31]; I27:[27]; A4:[25 28]; I29:[29]; I26:[26]; I30:[30]; I32:[32];
j300205_3,2367.4517213341487,I1:[1]; I15:[15]; I2:[2]; I12:[12]; I3:[3]; I6:[6]; A1:[4 5 7 8 9 10 11 14 17]; I21:[21]; I24:[24]; I29:[29]; I31:[31]; I18:[18]; A2:[13 20 30]; I16:[16]; I19:[19]; I28:[28]; I22:[22]; I26:[26]; A3:[23 25 27]; I32:[32];
j300205_4,2519.5606172807984,I1:[1]; I10:[10]; I16:[16]; A1:[2 3 4 5 9]; I20:[20]; A2:[6 12 13]; I21:[21]; I7:[7]; I11:[11]; I18:[18]; I8:[8]; I23:[23]; I22:[22]; I19:[19]; I31:[31]; A3:[14 15 17 24]; I26:[26]; I29:[29]; A4:[25 28 30]; I27:[27]; I32:[32];
j300205_5,2233.40782704347,I1:[1]; I10:[10]; I4:[4]; A1:[2 3 6 11 12 16]; I5:[5]; I7:[7]; I8:[8]; A2:[9 13 14 15]; I18:[18]; I24:[24]; I29:[29]; I17:[17]; I19:[19]; I31:[31]; I20:[20]; A3:[21 22 23]; I28:[28]; I26:[26]; A4:[25 30]; I27:[27]; I32:[32];
j300205_6,2484.6411017376845,I1:[1]; I2:[2]; I4:[4]; I7:[7]; I3:[3]; A1:[5 11 28 29 30 31]; I8:[8]; I6:[6]; I27:[27]; I13:[13]; I10:[10]; I18:[18]; I9:[9]; A2:[12 14 15 16 17 25 26]; A3:[22 23]; I19:[19]; I20:[20]; I21:[21]; I24:[24]; I32:[32];
j300205_7,2432.671078267871,I1:[1]; I2:[2]; I4:[4]; I15:[15]; I3:[3]; I10:[10]; I17:[17]; I7:[7]; A1:[5 6]; I12:[12]; I14:[14]; A2:[8 9 11 19 20 24]; A3:[13 18 21 23 31]; I22:[22]; I28:[28]; I16:[16]; I29:[29]; I30:[30]; A4:[25 26]; I27:[27]; I32:[32];
j300205_8,2333.3067042150124,I1:[1]; I13:[13]; I5:[5]; A1:[3 4 10 12]; I2:[2]; I14:[14]; I8:[8]; A2:[6 7 17]; I15:[15]; I9:[9]; I11:[11]; I21:[21]; I30:[30]; A3:[18 24 29 31]; I20:[20]; I16:[16]; A4:[19 23]; I22:[22]; I27:[27]; I26:[26]; A5:[25 28]; I32:[32];
j300205_9,2008.258040922618,I1:[1]; I10:[10]; I4:[4]; I6:[6]; A1:[2 5 9 12 17]; I7:[7]; I14:[14]; I3:[3]; A2:[8 13 16 19]; I11:[11]; A3:[15]; I29:[29]; I20:[20]; I23:[23]; I27:[27]; I22:[22]; I28:[28]; I18:[18]; A4:[21 30 31]; A5:[24 26]; I25:[25]; I32:[32];
j300205_10,2246.8584015311567,I1:[1]; I2:[2]; I8:[8]; I6:[6]; I19:[19]; I11:[11]; I10:[10]; A3:[13 20 21]; I30:[30]; A1:[3 4 7 17 18 31]; I5:[5]; I27:[27]; I26:[26]; A2:[12 16 28]; I29:[29]; I15:[15]; I9:[9]; I23:[23]; I24:[24]; A4:[14 22 25]; I32:[32];
j300305_1,2359.913318728906,I1:[1]; A1:[2]; I31:[31]; A3:[5 12 13]; I9:[9]; I3:[3]; I14:[14]; A2:[4 11 18 29 30]; I16:[16]; I6:[6]; I17:[17]; I26:[26]; I7:[7]; I27:[27]; I8:[8]; I10:[10]; I24:[24]; I19:[19]; A4:[15 20 21 23 25 28]; I22:[22]; I32:[32];
j300305_2,2386.693762398391,I1:[1]; I11:[11]; I6:[6]; A1:[2 3 4 7 8]; A2:[5 10 15]; I31:[31]; I12:[12]; I9:[9]; I17:[17]; I18:[18]; I16:[16]; A3:[13 14 19 23]; I29:[29]; I20:[20]; I28:[28]; I30:[30]; I22:[22]; I24:[24]; A4:[21 26 27]; I25:[25]; I32:[32];
j300305_3,1859.5092846187567,I1:[1]; I10:[10]; I8:[8]; I20:[20]; I2:[2]; I6:[6]; I31:[31]; A1:[3]; I18:[18]; I4:[4]; I5:[5]; A2:[7 11 13 14 19 23 25 27 30]; I28:[28]; I9:[9]; I26:[26]; I29:[29]; I12:[12]; A3:[15 16 17 22 24]; I21:[21]; I32:[32];
j300305_4,2497.4164789058536,I1:[1]; I3:[3]; I2:[2]; I8:[8]; A1:[4 5 9]; I7:[7]; A2:[6 10 11 13 14 17]; I19:[19]; I18:[18]; I12:[12]; I16:[16]; I15:[15]; I25:[25]; I29:[29]; I20:[20]; I21:[21]; I24:[24]; A3:[22 23 27 30 31]; I28:[28]; A4:[26]; I32:[32];
j300305_5,2314.4857386399754,I1:[1]; I8:[8]; I2:[2]; I4:[4]; I11:[11]; A1:[3 5 6]; I21:[21]; I7:[7]; I12:[12]; I31:[31]; A2:[9 13]; A3:[10 14]; I17:[17]; I15:[15]; I16:[16]; I29:[29]; I26:[26]; I25:[25]; A4:[18 19 20 22 24 27 28 30]; I23:[23]; I32:[32];
j300305_6,2234.508949154815,I1:[1]; I5:[5]; A1:[2 3 11 12]; I18:[18]; I20:[20]; I7:[7]; A2:[4 6]; I8:[8]; I17:[17]; A3:[9 10]; I22:[22]; I16:[16]; A4:[13 14]; I24:[24]; I15:[15]; A5:[19 23 29 30 31]; I21:[21]; I25:[25]; I26:[26]; I28:[28]; I27:[27]; I32:[32];
j300305_7,2451.626694668914,I1:[1]; I7:[7]; A1:[2 11 21 22 23 27 28 29 30]; I19:[19]; I20:[20]; I24:[24]; I26:[26]; I31:[31]; I3:[3]; I18:[18]; I14:[14]; I15:[15]; I16:[16]; A2:[4 17 25]; I5:[5]; I6:[6]; I13:[13]; I8:[8]; A3:[9 10 12]; I32:[32];
j300305_8,2432.3800338200676,I1:[1]; I14:[14]; I10:[10]; I2:[2]; A2:[4 5 16 17 18 28 29 30 31]; A1:[3]; I7:[7]; I24:[24]; I12:[12]; I6:[6]; I26:[26]; I8:[8]; I25:[25]; I9:[9]; I23:[23]; I11:[11]; I13:[13]; I15:[15]; A3:[19 20 21 22 27]; I32:[32];
j300305_9,2403.1705769000296,I1:[1]; I4:[4]; I10:[10]; I2:[2]; I3:[3]; A1:[5 6]; I7:[7]; I8:[8]; I13:[13]; I9:[9]; A2:[11 12 14 15 16 17 18 19]; I25:[25]; I20:[20]; I21:[21]; I24:[24]; A3:[22 23]; I26:[26]; I27:[27]; A4:[28 30 31]; I29:[29]; I32:[32];
j300305_10,2498.3078113230667,I1:[1]; I12:[12]; A1:[2 10 16]; I13:[13]; I8:[8]; I5:[5]; I3:[3]; I18:[18]; I4:[4]; A2:[7]; I6:[6]; A3:[9 14 19 22 23]; I11:[11]; A4:[15]; I26:[26]; I21:[21]; I17:[17]; I28:[28]; A5:[20 24 29 31]; I25:[25]; I30:[30]; A6:[27]; I32:[32];
j300405_1,2473.3596706089893,I1:[1]; I5:[5]; I2:[2]; I3:[3]; I6:[6]; A1:[4 8]; I7:[7]; I9:[9]; I11:[11]; I10:[10]; I14:[14]; I16:[16]; I17:[17]; A2:[12 13 15]; A3:[19 20 23 26 28]; I18:[18]; I24:[24]; A4:[21 22 25]; I27:[27]; I31:[31]; A5:[29 30]; I32:[32];
j300405_2,2764.0202255811973,I1:[1]; I5:[5]; I2:[2]; I4:[4]; A1:[3]; I6:[6]; I9:[9]; A2:[7 8 10]; I31:[31]; I13:[13]; A3:[11 12 16]; I17:[17]; I14:[14]; I18:[18]; I20:[20]; I21:[21]; A4:[15]; I19:[19]; I22:[22]; A5:[23 28 29 30]; I27:[27]; A6:[24 25 26]; I32:[32];
j300405_3,2405.3796041242263,I1:[1]; A1:[2 3 4 5 6 7 8 11 13 14 17 18]; I21:[21]; I9:[9]; I15:[15]; I30:[30]; I31:[31]; I10:[10]; I12:[12]; I28:[28]; I16:[16]; I29:[29]; I27:[27]; I19:[19]; A2:[22 24 26]; I20:[20]; I25:[25]; I23:[23]; I32:[32];
j300405_4,2278.706895907099,I1:[1]; I2:[2]; I15:[15]; A1:[5 6]; I19:[19]; I3:[3]; I14:[14]; I4:[4]; I7:[7]; A2:[8 9 10 18 28 29 30 31]; I11:[11]; I25:[25]; I17:[17]; I26:[26]; I23:[23]; I22:[22]; A3:[12 13 16 21 27]; I24:[24]; I20:[20]; I32:[32];
j300405_5,2381.7636127671826,I1:[1]; I2:[2]; I5:[5]; A1:[3 4 10]; I7:[7]; I9:[9]; I6:[6]; A2:[8 11 12 31]; I20:[20]; I13:[13]; I14:[14]; I16:[16]; A3:[15 17]; I19:[19]; I21:[21]; I18:[18]; I23:[23]; I28:[28]; A4:[22 24 25 27 29 30]; I26:[26]; I32:[32];
j300405_6,2435.2068897522654,I1:[1]; I24:[24]; I31:[31]; I27:[27]; A1:[2 3 4 10 14 15 25 26 28 29 30]; I22:[22]; I23:[23]; I21:[21]; I5:[5]; I6:[6]; I7:[7]; I8:[8]; I9:[9]; I11:[11]; I17:[17]; I12:[12]; A2:[13 18 19 20]; I16:[16]; I32:[32];
j300405_7,2446.7594803436596,I1:[1]; I4:[4]; I2:[2]; A1:[3 5 11]; I6:[6]; I9:[9]; I7:[7]; I10:[10]; A2:[8 14]; I12:[12]; I17:[17]; I13:[13]; I16:[16]; I21:[21]; A3:[15 18 19 20]; I22:[22]; I25:[25]; I27:[27]; A4:[23 24 26 29]; A5:[28 30]; I31:[31]; I32:[32];
j300405_8,2518.370390831945,I1:[1]; I6:[6]; I2:[2]; A1:[4]; I3:[3]; A2:[5]; I8:[8]; I7:[7]; A3:[9 11 31]; I15:[15]; I10:[10]; I22:[22]; A4:[12 13 18]; I17:[17]; I20:[20]; I14:[14]; I16:[16]; I29:[29]; A5:[19 21 24]; I23:[23]; A6:[26 27 28 30]; I25:[25]; I32:[32];
j300405_9,2360.662760731189,I1:[1]; I2:[2]; I3:[3]; I5:[5]; A1:[4 7 8]; I6:[6]; I9:[9]; I10:[10]; I11:[11]; I12:[12]; I15:[15]; A2:[13 16]; I27:[27]; I14:[14]; I20:[20]; A3:[17 18 19 21 23 26]; I22:[22]; I25:[25]; I24:[24]; A4:[28 29 30 31]; I32:[32];
j300405_10,2024.0743281524633,I1:[1]; I7:[7]; I8:[8]; I5:[5]; I2:[2]; A1:[3 10 13]; I30:[30]; I4:[4]; I31:[31]; I29:[29]; I6:[6]; I17:[17]; A2:[9 11 12 14 19 20 24]; I23:[23]; I28:[28]; I15:[15]; I27:[27]; A3:[16 18 21 22 25]; I26:[26]; I32:[32];
j300505_1,2464.3678191777735,I1:[1]; I2:[2]; I31:[31]; I3:[3]; A1:[4 7 14 16 30]; I5:[5]; I11:[11]; I9:[9]; I6:[6]; I8:[8]; I28:[28]; A2:[10 12 13 19]; I27:[27]; I15:[15]; I29:[29]; I24:[24]; I17:[17]; A3:[18 20 23 25 26]; I21:[21]; A4:[22]; I32:[32];
j300505_2,2615.9223137109543,I1:[1]; A1:[2 3]; I7:[7]; I6:[6]; I5:[5]; I8:[8]; A2:[4]; A3:[9 10 11 12]; I13:[13]; I15:[15]; I14:[14]; A4:[16]; I17:[17]; I18:[18]; A5:[19 20 21 22 24]; I23:[23]; I26:[26]; I25:[25]; I30:[30]; A6:[27]; I28:[28]; I29:[29]; A7:[31]; I32:[32];
j300505_3,2094.6659318155403,I1:[1]; I2:[2]; I3:[3]; A1:[4 7 8 10]; I5:[5]; I13:[13]; I6:[6]; I12:[12]; I9:[9]; A2:[16]; I11:[11]; I14:[14]; A4:[19 20]; I15:[15]; I21:[21]; A3:[17 18]; I22:[22]; I25:[25]; I31:[31]; A5:[23 24 26 28]; I27:[27]; A6:[29 30]; I32:[32];
j300505_4,2245.7306861166453,I1:[1]; I30:[30]; A1:[2 3 4 19 31]; I18:[18]; I5:[5]; I28:[28]; I29:[29]; I16:[16]; A2:[6 7 8 17 26 27]; I25:[25]; I9:[9]; I24:[24]; A3:[10 11 12]; I23:[23]; I13:[13]; I22:[22]; A4:[14]; I21:[21]; I15:[15]; I20:[20]; I32:[32];
j300505_5,2511.2721976539888,I1:[1]; A1:[2]; I31:[31]; I16:[16]; I3:[3]; I4:[4]; A2:[5 6 7 8 9 26 27 28 29 30]; I23:[23]; I24:[24]; I10:[10]; I25:[25]; I11:[11]; A3:[12 21 22]; I20:[20]; I13:[13]; I19:[19]; I18:[18]; A4:[14]; I15:[15]; I17:[17]; I32:[32];
j300505_6,2359.4168088078186,I1:[1]; I28:[28]; I30:[30]; A1:[2 3 4 29 31]; I24:[24]; I25:[25]; I27:[27]; I5:[5]; I23:[23]; I6:[6]; I7:[7]; I8:[8]; I9:[9]; I10:[10]; I11:[11]; I19:[19]; A2:[12 17 18 20 21 22 26]; I13:[13]; A3:[14 15 16]; I32:[32];
j300505_7,2524.753275411394,I1:[1]; I31:[31]; I2:[2]; A1:[3 4 5 6 7 8 12]; I9:[9]; I29:[29]; I30:[30]; I10:[10]; A2:[15 22 23]; I11:[11]; I13:[13]; I19:[19]; I14:[14]; I16:[16]; I17:[17]; I27:[27]; I18:[18]; I21:[21]; A3:[20 24 25 26 28]; I32:[32];
j300505_8,2186.416976573636,I1:[1]; A1:[2 8]; I3:[3]; I6:[6]; A2:[4]; I5:[5]; I10:[10]; I7:[7]; A3:[9 11 12 26]; I13:[13]; I14:[14]; I17:[17]; I15:[15]; I31:[31]; A4:[16]; I18:[18]; I19:[19]; A5:[20 21 22 23 24 28 29]; I25:[25]; I30:[30]; I27:[27]; I32:[32];
j300505_9,2395.0738484391195,I1:[1]; A1:[2 3 5 6 7]; I4:[4]; I9:[9]; I8:[8]; I14:[14]; I10:[10]; I11:[11]; A2:[12 13]; I15:[15]; I17:[17]; A3:[16]; I18:[18]; I25:[25]; I19:[19]; I20:[20]; A4:[22 24]; I21:[21]; I23:[23]; A5:[26 28 29 30]; I27:[27]; A6:[31]; I32:[32];
j300505_10,2172.2094793527276,I1:[1]; I31:[31]; I2:[2]; I3:[3]; I27:[27]; I4:[4]; I5:[5]; I26:[26]; A1:[6 7 16 29 30]; I23:[23]; I8:[8]; A2:[9 10 24 25 28]; I11:[11]; I22:[22]; I12:[12]; I13:[13]; I14:[14]; I15:[15]; A3:[17 18 19 20 21]; I32:[32];
j300605_1,2414.4060959512776,I1:[1]; A1:[2 3 13 18]; I4:[4]; I5:[5]; I6:[6]; I7:[7]; I8:[8]; I9:[9]; A2:[10 12 14 22 26 31]; I11:[11]; I17:[17]; I15:[15]; A3:[16 20 30]; I19:[19]; I21:[21]; I23:[23]; I24:[24]; A4:[25 29]; I27:[27]; I28:[28]; I32:[32];
j300605_2,2461.6376367264807,I1:[1]; A1:[2 31]; I3:[3]; I29:[29]; A2:[4 5 6 17 30]; I28:[28]; I7:[7]; I27:[27]; I8:[8]; I9:[9]; A3:[10]; I11:[11]; A4:[12]; I26:[26]; I13:[13]; I14:[14]; I23:[23]; A5:[15 16 22 24 25]; I18:[18]; I21:[21]; I19:[19]; A6:[20]; I32:[32];
j300605_3,2271.606466763104,I1:[1]; I31:[31]; I20:[20]; A1:[2 3]; I4:[4]; I5:[5]; I6:[6]; I11:[11]; A2:[7 8 24 30]; I9:[9]; I29:[29]; A3:[12 17]; I10:[10]; I28:[28]; I13:[13]; A4:[14 15 16]; I22:[22]; I18:[18]; I19:[19]; A5:[21 23 25 27]; I26:[26]; I32:[32];
j300605_4,2445.2478504107216,I1:[1]; I9:[9]; A1:[2 3]; I4:[4]; I10:[10]; I5:[5]; A2:[6 7 11 31]; I14:[14]; I8:[8]; I12:[12]; A3:[13 15 20]; I16:[16]; I29:[29]; A4:[17 18 30]; I22:[22]; I19:[19]; I28:[28]; A5:[21 23 27]; I24:[24]; I26:[26]; I25:[25]; I32:[32];
j300605_5,2430.7789794394525,I1:[1]; I2:[2]; I15:[15]; I24:[24]; I3:[3]; I13:[13]; I4:[4]; I7:[7]; A1:[5 18 19 31]; I6:[6]; I8:[8]; A2:[9 10 11 12 30]; I14:[14]; I16:[16]; A3:[17 20 28 29]; I27:[27]; I21:[21]; A4:[22]; I23:[23]; A5:[25]; I26:[26]; I32:[32];
j300605_6,2421.5560086860655,I1:[1]; A1:[2 6]; I3:[3]; A2:[4 13]; I5:[5]; A3:[7]; I12:[12]; I8:[8]; A4:[9 10 11 19 25]; I14:[14]; A5:[15 31]; I16:[16]; I21:[21]; I17:[17]; I18:[18]; I24:[24]; I20:[20]; I28:[28]; I22:[22]; I29:[29]; A6:[23 27 30]; I26:[26]; I32:[32];
j300605_7,2132.678014117572,I1:[1]; I28:[28]; I29:[29]; A1:[2 30 31]; I3:[3]; I4:[4]; I5:[5]; I6:[6]; I7:[7]; I8:[8]; I25:[25]; I24:[24]; A2:[9 26 27]; I10:[10]; I11:[11]; A3:[12 13 23]; I21:[21]; I22:[22]; I14:[14]; A4:[15 16 17 18 19 20]; I32:[32];
j300605_8,2478.4925810909367,I1:[1]; I3:[3]; I13:[13]; I2:[2]; I4:[4]; I6:[6]; I5:[5]; I9:[9]; A1:[7 8 10 15]; I11:[11]; I12:[12]; I14:[14]; A2:[16 17 18 19 23]; I20:[20]; A3:[21 22 24 30 31]; I25:[25]; I29:[29]; I26:[26]; A4:[27]; I28:[28]; I32:[32];
j300605_9,2632.287141315874,I1:[1]; A1:[2]; I3:[3]; I6:[6]; A2:[4]; I12:[12]; I8:[8]; A3:[5 7 9 10 11]; I13:[13]; I16:[16]; A4:[14]; I18:[18]; I15:[15]; I17:[17]; A5:[21]; I19:[19]; I20:[20]; I22:[22]; I31:[31]; A6:[23 24 26]; I25:[25]; I30:[30]; A7:[27 28 29]; I32:[32];
j300605_10,2378.11167442702,I1:[1]; I2:[2]; I29:[29]; I30:[30]; A1:[3]; I4:[4]; I27:[27]; A2:[5 6 26 28 31]; I7:[7]; A3:[8 9 25]; I10:[10]; I23:[23]; I11:[11]; I12:[12]; I13:[13]; A4:[14 21 22 24]; I15:[15]; I16:[16]; A5:[17 20]; I18:[18]; I19:[19]; I32:[32];
j300705_1,2360.469170548745,I1:[1]; I2:[2]; I3:[3]; I8:[8]; I11:[11]; A1:[4 5 19]; I6:[6]; I7:[7]; A2:[9 10 12 17 24]; I13:[13]; I23:[23]; A3:[14 31]; I15:[15]; I16:[16]; I18:[18]; I30:[30]; A4:[20 21 22 25 29]; I26:[26]; I27:[27]; I28:[28]; I32:[32];
j300705_2,2799.988956540339,I1:[1]; A1:[2]; I3:[3]; A2:[4]; I5:[5]; A3:[6]; I11:[11]; I7:[7]; A4:[8 9 18]; I10:[10]; I12:[12]; I13:[13]; A5:[14 15 20]; I16:[16]; I26:[26]; I22:[22]; I17:[17]; I19:[19]; A6:[21 23 25]; I24:[24]; I27:[27]; A7:[28 29 31]; I30:[30]; I32:[32];
j300705_3,2465.039003951915,I1:[1]; A1:[2]; I3:[3]; A2:[4]; I9:[9]; I5:[5]; I14:[14]; A3:[6 7 8 10 11 30 31]; I18:[18]; I12:[12]; I13:[13]; A4:[21]; I15:[15]; I16:[16]; I17:[17]; I19:[19]; I20:[20]; I22:[22]; A5:[23 24 27 28 29]; I25:[25]; I26:[26]; I32:[32];
j300705_4,2098.917745136544,I1:[1]; I2:[2]; I11:[11]; I3:[3]; A1:[4 5 6 7 8 9 16 31]; I22:[22]; I30:[30]; I10:[10]; I29:[29]; A2:[12]; I13:[13]; I14:[14]; I15:[15]; I27:[27]; A3:[17 18 19 26 28]; I20:[20]; I21:[21]; I23:[23]; I24:[24]; A4:[25]; I32:[32];
j300705_5,2434.803063669664,I1:[1]; A1:[2]; I3:[3]; I17:[17]; A2:[4 5 19 31]; I6:[6]; I7:[7]; I29:[29]; A3:[8]; I9:[9]; I10:[10]; I28:[28]; A4:[11 27 30]; I12:[12]; A5:[13]; I26:[26]; I14:[14]; I15:[15]; I16:[16]; A6:[18 20 25]; I21:[21]; I22:[22]; A7:[23 24]; I32:[32];
j300705_6,2091.6918603851973,I1:[1]; I2:[2]; I3:[3]; I4:[4]; A1:[5 31]; I30:[30]; I6:[6]; I29:[29]; A2:[7]; I8:[8]; I26:[26]; I9:[9]; I10:[10]; I11:[11]; I12:[12]; A3:[13 24 25 27 28]; I14:[14]; A4:[15 16 17 18 19 20 21]; I23:[23]; I22:[22]; I32:[32];
j300705_7,2446.9640694837744,I1:[1]; I29:[29]; I27:[27]; I30:[30]; I2:[2]; A1:[3 4 5 28 31]; I26:[26]; I6:[6]; A2:[7]; I24:[24]; I8:[8]; A3:[9 10 25]; I11:[11]; I23:[23]; I12:[12]; I13:[13]; A4:[14]; I15:[15]; A5:[16 17 18]; I19:[19]; A6:[20 21]; I22:[22]; I32:[32];
j300705_8,2584.623896025141,I1:[1]; I2:[2]; I5:[5]; A1:[3 4]; I6:[6]; I7:[7]; I8:[8]; I10:[10]; I11:[11]; A2:[9]; I13:[13]; I12:[12]; I17:[17]; A3:[14]; I15:[15]; A4:[16]; I20:[20]; I18:[18]; A5:[19]; I21:[21]; A6:[22 23 24 25 26 27 28 29]; I30:[30]; A7:[31]; I32:[32];
j300705_9,2530.753684475335,I1:[1]; A1:[2 3]; I4:[4]; I7:[7]; I5:[5]; I10:[10]; I13:[13]; I6:[6]; I8:[8]; I9:[9]; A2:[11 12 16 20]; I14:[14]; A3:[15 21]; I17:[17]; A4:[18 28]; I19:[19]; I22:[22]; I31:[31]; A5:[23 24 25 27]; I26:[26]; A6:[29]; I30:[30]; I32:[32];
j300705_10,2545.9140914797154,I1:[1]; I2:[2]; I15:[15]; A1:[3 4]; I31:[31]; I5:[5]; A2:[6]; I29:[29]; I7:[7]; I30:[30]; A3:[8 9 10]; I11:[11]; A4:[12 20 28]; I13:[13]; A5:[14]; I27:[27]; I16:[16]; A6:[17]; I18:[18]; A7:[19]; I21:[21]; I26:[26]; A8:[22 25]; I23:[23]; A9:[24]; I32:[32];
j300805_1,2443.305253703046,I1:[1]; I29:[29]; A1:[2 9]; I3:[3]; I4:[4]; A2:[5]; I13:[13]; I6:[6]; A3:[7 8 10]; I11:[11]; I23:[23]; I12:[12]; I25:[25]; A4:[14]; I15:[15]; I16:[16]; A5:[17 18 19 20]; I21:[21]; A6:[22 24 31]; I26:[26]; A7:[27]; I28:[28]; I30:[30]; I32:[32];
j300805_2,2507.1592161583467,I1:[1]; I2:[2]; I20:[20]; I3:[3]; I4:[4]; A1:[5 6 7]; I8:[8]; A2:[9 10]; I11:[11]; A3:[12]; I13:[13]; I31:[31]; A4:[14 15 16 17 18]; I19:[19]; I30:[30]; A5:[21]; I27:[27]; I22:[22]; A6:[23 28 29]; I24:[24]; I25:[25]; I26:[26]; I32:[32];
j300805_3,2359.5574866253146,I1:[1]; I2:[2]; I31:[31]; A1:[3 4 28 29 30]; I5:[5]; A2:[6 27]; I7:[7]; I8:[8]; I9:[9]; A3:[10 26]; I11:[11]; A4:[12]; I13:[13]; I14:[14]; I15:[15]; I16:[16]; A5:[17 18 19]; I20:[20]; I21:[21]; I22:[22]; I23:[23]; A6:[24 25]; I32:[32];
j300805_4,2369.7470877413934,I1:[1]; I30:[30]; I31:[31]; I2:[2]; A1:[3 4 23]; I5:[5]; A2:[6 29]; I7:[7]; A3:[8]; I9:[9]; I10:[10]; I11:[11]; I12:[12]; I28:[28]; I13:[13]; A4:[14 15]; I16:[16]; A5:[17 18 19 27]; I20:[20]; I21:[21]; A6:[22 24 25]; I26:[26]; I32:[32];
j300805_5,2551.4752726794422,I1:[1]; I31:[31]; I2:[2]; I3:[3]; A1:[4 5]; I6:[6]; A2:[7]; I8:[8]; A3:[9]; I29:[29]; I10:[10]; A4:[11 30]; I12:[12]; I13:[13]; A5:[14]; I15:[15]; I28:[28]; I16:[16]; I26:[26]; A6:[17 27]; I18:[18]; A7:[19 20 21]; I22:[22]; A8:[23 24 25]; I32:[32];
j300805_6,2582.0820537608133,I1:[1]; I2:[2]; A1:[3 7]; I4:[4]; A2:[5 12]; I6:[6]; I10:[10]; A3:[8 9 11]; I13:[13]; A4:[14 16]; I15:[15]; I17:[17]; I18:[18]; A5:[19]; I26:[26]; I20:[20]; I29:[29]; A6:[21 22 23]; I24:[24]; A7:[25]; I27:[27]; A8:[28]; I30:[30]; I31:[31]; I32:[32];
j300805_7,2504.32042239515,I1:[1]; I2:[2]; I31:[31]; I3:[3]; I4:[4]; I12:[12]; A1:[5 6 7 26]; I14:[14]; I8:[8]; I9:[9]; A2:[10 11]; I13:[13]; A3:[15 16]; I17:[17]; I18:[18]; I19:[19]; I20:[20]; I21:[21]; A4:[22 23 29 30]; I24:[24]; A5:[25 27 28]; I32:[32];
j300805_8,2428.5856386901414,I1:[1]; A1:[2 3 4 10]; I13:[13]; I5:[5]; I6:[6]; I7:[7]; A2:[8]; I9:[9]; I11:[11]; A3:[12]; I14:[14]; I15:[15]; A4:[16 17 18 28]; I19:[19]; I20:[20]; I21:[21]; I22:[22]; I23:[23]; I24:[24]; A5:[25 26 27 30 31]; I29:[29]; I32:[32];
j300805_9,2784.0975422470474,I1:[1]; I30:[30]; I31:[31]; I28:[28]; I2:[2]; A1:[3 29]; I4:[4]; I5:[5]; A2:[6 7 8 27]; I26:[26]; I9:[9]; A3:[10 11]; I12:[12]; I13:[13]; A4:[14]; I15:[15]; A5:[16 17]; I18:[18]; A6:[19]; I20:[20]; A7:[21 22]; I23:[23]; A8:[24]; I25:[25]; I32:[32];
j300805_10,2566.2924490002324,I1:[1]; A1:[2 3 4 5 6]; I7:[7]; I8:[8]; I9:[9]; I10:[10]; A2:[11 12]; I13:[13]; I14:[14]; A3:[15 16 17 18 19 20 24]; I21:[21]; I22:[22]; I23:[23]; I26:[26]; I25:[25]; A4:[27]; I29:[29]; I28:[28]; I30:[30]; I31:[31]; I32:[32];
j300905_1,2532.6682377184698,I1:[1]; A1:[2 3 5]; I4:[4]; A2:[6 7]; I8:[8]; I9:[9]; I10:[10]; I11:[11]; I12:[12]; I13:[13]; I14:[14]; A3:[15 16]; I17:[17]; A4:[18 19]; I20:[20]; I21:[21]; A5:[22]; I30:[30]; I23:[23]; A6:[24 25]; I26:[26]; A7:[27 28 29]; I31:[31]; I32:[32];
j300905_2,2577.7053564736257,I1:[1]; I8:[8]; A1:[2 3]; I4:[4]; A2:[5]; I6:[6]; A3:[7]; I9:[9]; I10:[10]; I11:[11]; A4:[12 13 14 23]; I15:[15]; I16:[16]; I17:[17]; A5:[18 19 20]; I31:[31]; I21:[21]; I22:[22]; I24:[24]; A6:[25]; I26:[26]; A7:[27 28 29]; I30:[30]; I32:[32];
j300905_3,2865.631215146902,I1:[1]; I2:[2]; A1:[3]; I4:[4]; A2:[5 6 7 8]; I9:[9]; A3:[10 11]; I12:[12]; I31:[31]; A4:[13 14]; I15:[15]; I16:[16]; I25:[25]; A5:[17 18]; I19:[19]; I20:[20]; A6:[21]; I22:[22]; I23:[23]; I24:[24]; A7:[26]; I27:[27]; A8:[28 29]; I30:[30]; I32:[32];
j300905_4,2446.616048633059,I1:[1]; A1:[2 3 4]; I5:[5]; I6:[6]; A2:[7 8 9 10 28]; I11:[11]; I12:[12]; I13:[13]; A3:[14]; I15:[15]; I31:[31]; I16:[16]; A4:[17 18 19 20]; I21:[21]; I22:[22]; A5:[23]; I24:[24]; I30:[30]; I25:[25]; A6:[26]; I27:[27]; I29:[29]; I32:[32];
j300905_5,2791.0262594891747,I1:[1]; I2:[2]; A1:[3 4 5 6 7 8]; I9:[9]; A2:[10 11 12 13 20]; I14:[14]; I31:[31]; A3:[15]; I16:[16]; I17:[17]; I18:[18]; A4:[19]; I21:[21]; I22:[22]; I23:[23]; A5:[24 30]; I25:[25]; I26:[26]; I27:[27]; I28:[28]; I29:[29]; I32:[32];
j300905_6,2749.5796676635473,I1:[1]; I2:[2]; I3:[3]; I30:[30]; I4:[4]; A1:[5 6 7 8 9 10 31]; I11:[11]; I12:[12]; A2:[13 14 29]; I15:[15]; I16:[16]; I17:[17]; I18:[18]; A3:[19]; I20:[20]; A4:[21 22]; I23:[23]; A5:[24 25]; I26:[26]; I27:[27]; I28:[28]; I32:[32];
j300905_7,2596.6418734518006,I1:[1]; I2:[2]; A1:[3 4 6]; I5:[5]; I7:[7]; I8:[8]; I9:[9]; I10:[10]; I11:[11]; I14:[14]; I12:[12]; A2:[13 15]; I16:[16]; A3:[17 18 21]; I19:[19]; A4:[20]; I22:[22]; I23:[23]; A5:[24 25 26]; I27:[27]; A6:[28]; I29:[29]; A7:[30 31]; I32:[32];
j300905_8,2537.7513492534613,I1:[1]; A1:[2]; I3:[3]; A2:[4 5 6 7]; I8:[8]; I9:[9]; I10:[10]; I11:[11]; I31:[31]; A3:[12]; I13:[13]; I14:[14]; A4:[15 16]; I23:[23]; I17:[17]; I18:[18]; A5:[19]; I20:[20]; A6:[21]; I22:[22]; A7:[24 25 26]; I27:[27]; I28:[28]; A8:[29 30]; I32:[32];
j300905_9,2314.474499492002,I1:[1]; I2:[2]; I31:[31]; I3:[3]; A1:[4]; I5:[5]; I30:[30]; A2:[6 7]; I8:[8]; A3:[9 10]; I11:[11]; A4:[12]; I13:[13]; I14:[14]; A5:[15 16 17 18 29]; I19:[19]; I20:[20]; I21:[21]; I22:[22]; A6:[23]; I24:[24]; I25:[25]; A7:[26 27 28]; I32:[32];
j300905_10,2389.9227308865648,I1:[1]; A1:[2]; I3:[3]; I4:[4]; A2:[5]; I6:[6]; I7:[7]; A3:[8 9 30 31]; I10:[10]; I11:[11]; A4:[12 13]; I14:[14]; I29:[29]; A5:[15]; I16:[16]; A6:[17]; I18:[18]; I19:[19]; I20:[20]; I21:[21]; A7:[22]; I23:[23]; A8:[24 25 26 27]; I28:[28]; I32:[32];
j301005_1,2875.5098561683917,I1:[1]; A1:[2]; I3:[3]; I4:[4]; I5:[5]; A2:[6 7 8]; I9:[9]; I10:[10]; A3:[11 12 13]; I14:[14]; I15:[15]; A4:[16 17]; I18:[18]; A5:[19 20 21]; I22:[22]; I23:[23]; I24:[24]; A6:[25 26]; I27:[27]; I28:[28]; I29:[29]; I30:[30]; A7:[31]; I32:[32];
j301005_2,2820.3105856392094,I1:[1]; I2:[2]; I3:[3]; I4:[4]; I5:[5]; A1:[6 7]; I8:[8]; I9:[9]; A2:[10 11]; I12:[12]; I13:[13]; A3:[14 15]; I16:[16]; I17:[17]; A4:[18 19 20]; I21:[21]; I22:[22]; A5:[23 24]; I25:[25]; I26:[26]; A6:[27 28 29 30]; I31:[31]; I32:[32];
j301005_3,2727.509466547752,I1:[1]; A1:[2]; I3:[3]; A2:[4 5]; I6:[6]; A3:[7]; I8:[8]; I9:[9]; I10:[10]; I11:[11]; A4:[12 13]; I14:[14]; I15:[15]; I16:[16]; A5:[17]; I18:[18]; I19:[19]; I20:[20]; I21:[21]; A6:[22]; I23:[23]; A7:[24 25 26]; I27:[27]; A8:[28 29 30 31]; I32:[32];
j301005_4,2853.038450754147,I1:[1]; A1:[2]; I3:[3]; A2:[4 5]; I6:[6]; A3:[7]; I8:[8]; I9:[9]; A4:[10]; I11:[11]; I12:[12]; A5:[13]; I14:[14]; A6:[15 16]; I17:[17]; I18:[18]; I19:[19]; A7:[20]; I21:[21]; A8:[22]; I23:[23]; I24:[24]; A9:[25 26 27 28 29]; I30:[30]; I31:[31]; I32:[32];
j301005_5,2677.728960401746,I1:[1]; I2:[2]; I3:[3]; I4:[4]; A1:[5]; I6:[6]; I7:[7]; A2:[8]; I9:[9]; A3:[10]; I11:[11]; I12:[12]; A4:[13 14 15 16]; I17:[17]; A5:[18 19 20]; I21:[21]; I22:[22]; I23:[23]; I24:[24]; I25:[25]; A6:[26 27 28 29 30]; I31:[31]; I32:[32];
j301005_6,2937.638676962776,I1:[1]; I2:[2]; A1:[3]; I4:[4]; A2:[5 6]; I7:[7]; A3:[8]; I9:[9]; A4:[10 11 12 13 14]; I15:[15]; A5:[16]; I17:[17]; I18:[18]; A6:[19]; I20:[20]; I21:[21]; I22:[22]; I23:[23]; I24:[24]; I25:[25]; I26:[26]; A7:[27 28 29]; I30:[30]; A8:[31]; I32:[32];
j301005_7,3058.1040504288485,I1:[1]; I2:[2]; A1:[3]; I4:[4]; I5:[5]; A2:[6]; I7:[7]; A3:[8 9]; I10:[10]; I11:[11]; A4:[12]; I13:[13]; A5:[14 15]; I16:[16]; I17:[17]; A6:[18]; I19:[19]; I20:[20]; A7:[21]; I22:[22]; I23:[23]; A8:[24]; I25:[25]; A9:[26 27 28]; I29:[29]; A10:[30 31]; I32:[32];
j301005_8,2818.787331402906,I1:[1]; I2:[2]; I3:[3]; A1:[4 5 6]; I7:[7]; I8:[8]; A2:[9 10 11 12]; I13:[13]; I14:[14]; I15:[15]; A3:[16]; I17:[17]; I18:[18]; A4:[19]; I20:[20]; A5:[21 22]; I23:[23]; A6:[24 25]; I26:[26]; I27:[27]; A7:[28 29]; I30:[30]; I31:[31]; I32:[32];
j301005_9,3027.084848972379,I1:[1]; I2:[2]; A1:[3]; I4:[4]; I5:[5]; A2:[6]; I7:[7]; A3:[8]; I9:[9]; A4:[10 11 12]; I13:[13]; A5:[14]; I15:[15]; I16:[16]; A6:[17]; I18:[18]; A7:[19 20]; I21:[21]; A8:[22]; I23:[23]; A9:[24 25]; I26:[26]; I27:[27]; I28:[28]; A10:[29 30]; I31:[31]; I32:[32];
j301005_10,2799.7034101594536,I1:[1]; I2:[2]; I3:[3]; I4:[4]; A1:[5]; I6:[6]; A2:[7]; I8:[8]; I9:[9]; I10:[10]; A3:[11 12 13 14 15]; I16:[16]; I17:[17]; I18:[18]; I19:[19]; A4:[20 21]; I22:[22]; I23:[23]; A5:[24 25 26]; I27:[27]; A6:[28 29]; I30:[30]; A7:[31]; I32:[32];
j400105_1,2959.9248820977564,I1:[1]; I16:[16]; I4:[4]; I6:[6]; A1:[2 5 7 9 12]; I3:[3]; I15:[15]; I8:[8]; I39:[39]; I14:[14]; I23:[23]; I41:[41]; I25:[25]; A2:[10 11 19]; I13:[13]; I21:[21]; I35:[35]; I38:[38]; I18:[18]; I20:[20]; A3:[17 26 27 40]; I24:[24]; I22:[22]; I30:[30]; A4:[28 29 31 32 33 34 36 37]; I42:[42];
j400105_2,2982.8657994558007,I1:[1]; I11:[11]; I23:[23]; I3:[3]; I7:[7]; I2:[2]; I41:[41]; I10:[10]; I4:[4]; I5:[5]; A1:[8 12 14 22]; I40:[40]; I6:[6]; I13:[13]; I20:[20]; I16:[16]; A2:[9 19 21 31 35 37 38 39]; I18:[18]; I32:[32]; I27:[27]; I34:[34]; A3:[15 17 24 25 26 28 30 36]; I29:[29]; I33:[33]; I42:[42];
j400105_3,3080.7242560224145,I1:[1]; I15:[15]; I39:[39]; I7:[7]; I40:[40]; I5:[5]; I11:[11]; I31:[31]; I8:[8]; I12:[12]; I28:[28]; A1:[2 3 4 13 14 16 30 32 33 35 36 37 38 41]; I29:[29]; I34:[34]; I6:[6]; I26:[26]; I27:[27]; I22:[22]; I24:[24]; I18:[18]; I9:[9]; A2:[10 19 20 21 23 25]; I17:[17]; I42:[42];
j400105_4,2903.6678008045483,I1:[1]; I21:[21]; I5:[5]; I10:[10]; I4:[4]; I41:[41]; I7:[7]; I2:[2]; I28:[28]; I3:[3]; A1:[6 8 9 12]; I17:[17]; I27:[27]; I19:[19]; I16:[16]; I24:[24]; I20:[20]; I22:[22]; A2:[11 13 14 18 25 26 36 39 40]; I33:[33]; I31:[31]; A3:[15 23 30 34 35 37 38]; I29:[29]; I32:[32]; I42:[42];
j400105_5,2779.5048836584206,I1:[1]; I5:[5]; I30:[30]; I32:[32]; I39:[39]; I3:[3]; I35:[35]; I26:[26]; I27:[27]; I31:[31]; I12:[12]; I13:[13]; I37:[37]; A1:[2 11 14 21 22 28 33 34 36 40 41]; I38:[38]; I4:[4]; I29:[29]; I23:[23]; I9:[9]; I18:[18]; I19:[19]; A2:[6 7]; A3:[8 10 15 16 20 24 25]; I17:[17]; I42:[42];
j400105_6,2881.352593427201,I1:[1]; I12:[12]; I7:[7]; I4:[4]; I10:[10]; I6:[6]; A1:[2 3 5 15 16]; I13:[13]; I8:[8]; I9:[9]; I26:[26]; I17:[17]; I27:[27]; A2:[11 18 21 29 35 40 41]; I14:[14]; I20:[20]; I39:[39]; I19:[19]; I38:[38]; I36:[36]; I28:[28]; I22:[22]; A3:[23 24 25 33 34 37]; I31:[31]; A4:[30 32]; I42:[42];
j400105_7,2852.05153554133,I1:[1]; I6:[6]; I10:[10]; I7:[7]; I38:[38]; A1:[2 3 4 5 8 9 12 14 18 19 39 40 41]; I13:[13]; I20:[20]; I37:[37]; I16:[16]; I32:[32]; I35:[35]; I33:[33]; I11:[11]; I23:[23]; I28:[28]; A2:[15 17 25 27 30 31 36]; I29:[29]; I34:[34]; I24:[24]; I21:[21]; I22:[22]; I26:[26]; I42:[42];
j400105_8,3031.2791812330815,I1:[1]; I24:[24]; I40:[40]; I16:[16]; I8:[8]; I7:[7]; I39:[39]; I5:[5]; A1:[2 3 4 9 10 11 15]; I14:[14]; I41:[41]; I19:[19]; I32:[32]; I33:[33]; I37:[37]; I35:[35]; I13:[13]; I18:[18]; A2:[12 20 21 23 34 36]; I38:[38]; I6:[6]; I17:[17]; I22:[22]; A3:[25 26 27 28 29 30]; A4:[31]; I42:[42];
j400105_9,2749.1750145193373,I1:[1]; I20:[20]; I22:[22]; I37:[37]; I29:[29]; I33:[33]; I6:[6]; I13:[13]; I28:[28]; I36:[36]; I2:[2]; I27:[27]; I34:[34]; I30:[30]; I17:[17]; I26:[26]; I12:[12]; I8:[8]; I3:[3]; A1:[5 9 10 11 14 15 16 18 19 21 23 24 25 31 32 35 38 39 40 41]; I4:[4]; I7:[7]; I42:[42];
j400105_10,2891.9660549433547,I1:[1]; I3:[3]; I10:[10]; I21:[21]; I6:[6]; A1:[2 4 5 7 8 9 41]; I12:[12]; I28:[28]; I27:[27]; I13:[13]; I17:[17]; I26:[26]; I24:[24]; I11:[11]; I18:[18]; A2:[14 16 20 23 25 36 39 40]; I19:[19]; I15:[15]; I30:[30]; I37:[37]; A3:[32 33 34 35 38]; I22:[22]; I31:[31]; I29:[29]; I42:[42];
j400205_1,3020.7469892208983,I1:[1]; I39:[39]; I14:[14]; I37:[37]; I40:[40]; I13:[13]; I16:[16]; I8:[8]; I15:[15]; I34:[34]; I33:[33]; I2:[2]; I27:[27]; I30:[30]; I25:[25]; I29:[29]; A1:[3 6 12 24 28 31 32 35 36 38 41]; I4:[4]; I9:[9]; I20:[20]; A2:[5 7 10 11 19 21 22 23 26]; I18:[18]; I17:[17]; I42:[42];
j400205_2,2910.8985621089832,I1:[1]; I4:[4]; I8:[8]; A1:[2 3 5 6 7 9 14]; I10:[10]; I26:[26]; I11:[11]; I23:[23]; I12:[12]; A2:[13 18 19 24 25]; I20:[20]; I21:[21]; I17:[17]; I32:[32]; I15:[15]; I16:[16]; I27:[27]; A3:[22 28 30 35]; I40:[40]; I31:[31]; I41:[41]; I36:[36]; I39:[39]; I37:[37]; A4:[29 33 34 38]; I42:[42];
j400205_3,2967.099373494214,I1:[1]; I3:[3]; I12:[12]; I16:[16]; I7:[7]; I5:[5]; A1:[2 4 6 9 13 15 23 26]; I8:[8]; I17:[17]; I10:[10]; I11:[11]; I21:[21]; I24:[24]; I14:[14]; I20:[20]; I22:[22]; A2:[18 19 28 29 36 40]; I41:[41]; I38:[38]; I25:[25]; I34:[34]; I27:[27]; A3:[30 32 33 35 37 39]; I31:[31]; I42:[42];
j400205_4,3183.900759495491,I1:[1]; A1:[2]; I25:[25]; I17:[17]; I7:[7]; I16:[16]; I6:[6]; I9:[9]; I13:[13]; I4:[4]; A2:[3 5 8 10 11 23 26 27 28]; I41:[41]; I15:[15]; I12:[12]; I14:[14]; I40:[40]; I39:[39]; I36:[36]; A3:[19 21 22 24 31 37 38]; I18:[18]; I30:[30]; A4:[20 34 35]; I33:[33]; I32:[32]; I29:[29]; I42:[42];
j400205_5,2888.748978222245,I1:[1]; I2:[2]; I11:[11]; I10:[10]; A1:[5 6 7 8 12 13 18]; I3:[3]; I4:[4]; I22:[22]; A2:[9 19]; I15:[15]; I21:[21]; I14:[14]; I17:[17]; A3:[16 24 25 26 27 41]; I20:[20]; I23:[23]; I29:[29]; I32:[32]; I28:[28]; I31:[31]; I36:[36]; A4:[30 34 37 39 40]; I33:[33]; I38:[38]; I35:[35]; I42:[42];
j400205_6,3083.2129507004274,I1:[1]; I4:[4]; I2:[2]; I5:[5]; A1:[6 7 9]; I3:[3]; I12:[12]; I8:[8]; A2:[10 11 13 14]; A3:[15]; I19:[19]; I21:[21]; A4:[16 17 18 22]; I24:[24]; I23:[23]; I31:[31]; I25:[25]; I29:[29]; A5:[20 26 28]; I27:[27]; I30:[30]; I33:[33]; A6:[32 35]; I34:[34]; I41:[41]; I38:[38]; I40:[40]; A7:[36 37 39]; I42:[42];
j400205_7,3176.104497054945,I1:[1]; I2:[2]; I3:[3]; A1:[4 5 8 9 11 13]; I7:[7]; I6:[6]; I15:[15]; I25:[25]; I10:[10]; I17:[17]; I20:[20]; I21:[21]; I22:[22]; A2:[12 14 16 18 27]; I19:[19]; I30:[30]; A3:[23 24 26 29 41]; I28:[28]; I36:[36]; I40:[40]; I38:[38]; I31:[31]; I32:[32]; A4:[34 35 37 39]; I33:[33]; I42:[42];
j400205_8,3094.2030865427732,I1:[1]; I7:[7]; A1:[2 3 14 19]; I10:[10]; I8:[8]; I5:[5]; I22:[22]; I6:[6]; I18:[18]; I17:[17]; I20:[20]; A2:[4 9 11 12 13 16 24 28 32]; I29:[29]; I41:[41]; I21:[21]; I23:[23]; I15:[15]; I35:[35]; A3:[25 26 27 30 31 37 40]; I36:[36]; I34:[34]; I33:[33]; I38:[38]; I39:[39]; I42:[42];
j400205_9,2956.420469840772,I1:[1]; I13:[13]; I17:[17]; I2:[2]; I8:[8]; A1:[3 4 5 9 11 12]; I7:[7]; I6:[6]; I14:[14]; I24:[24]; A3:[16]; I22:[22]; A2:[10 15 20 21 27 28]; I19:[19]; I41:[41]; I18:[18]; I23:[23]; I25:[25]; A4:[26 29 30 32 35 38 40]; I31:[31]; I37:[37]; I33:[33]; I36:[36]; I39:[39]; I34:[34]; I42:[42];
j400205_10,2600.731826616406,I1:[1]; I12:[12]; A1:[2]; I28:[28]; I6:[6]; A2:[3 4 5 7 9 13 14 15 19]; I8:[8]; I25:[25]; I10:[10]; I16:[16]; I20:[20]; A3:[21 23 24 27 41]; I11:[11]; I18:[18]; I33:[33]; I17:[17]; I40:[40]; I38:[38]; I37:[37]; I30:[30]; A4:[22 34 35 36 39]; I31:[31]; I32:[32]; I26:[26]; I29:[29]; I42:[42];
j400305_1,3014.853272222522,I1:[1]; I4:[4]; I2:[2]; A1:[3 6 15]; I22:[22]; I5:[5]; I7:[7]; A2:[10 11 12 14 19]; I8:[8]; I9:[9]; I41:[41]; I26:[26]; A3:[13 16 17 18 20 21 24 40]; I23:[23]; I39:[39]; I29:[29]; I27:[27]; I25:[25]; I28:[28]; I36:[36]; I37:[37]; I31:[31]; I34:[34]; A4:[30 33 35 38]; I32:[32]; I42:[42];
j400305_2,3266.971458718289,I1:[1]; I2:[2]; A1:[3 4 5 6 7 8 9 10 12 14]; I11:[11]; A2:[13 17]; I15:[15]; A3:[16 25]; I19:[19]; I20:[20]; I18:[18]; I28:[28]; I21:[21]; I24:[24]; I22:[22]; I30:[30]; A4:[23 26 27 31]; I29:[29]; A5:[32]; I38:[38]; I35:[35]; I33:[33]; I34:[34]; I41:[41]; I37:[37]; I36:[36]; A6:[39]; I40:[40]; I42:[42];
j400305_3,2940.9999141923927,I1:[1]; I16:[16]; I41:[41]; I17:[17]; I5:[5]; I2:[2]; I15:[15]; A1:[3 14 32 33 35 36 37 38 39 40]; I30:[30]; I34:[34]; I4:[4]; I28:[28]; I29:[29]; I6:[6]; I27:[27]; A2:[7 8 9 22 23 24 25 26 31]; I10:[10]; I21:[21]; I20:[20]; I11:[11]; I19:[19]; A3:[12]; I13:[13]; I18:[18]; I42:[42];
j400305_4,3172.8269462072712,I1:[1]; I6:[6]; A1:[2 3 9 16 17]; I8:[8]; I13:[13]; I4:[4]; I14:[14]; I40:[40]; I5:[5]; I22:[22]; I7:[7]; I38:[38]; I21:[21]; A2:[10 11 15 18 25 26 39 41]; I28:[28]; I12:[12]; I37:[37]; I32:[32]; I36:[36]; I19:[19]; A3:[20 33 34 35]; I23:[23]; A4:[24 29]; I31:[31]; I27:[27]; A5:[30]; I42:[42];
j400305_5,2926.2258090567893,I1:[1]; I5:[5]; I12:[12]; A1:[2 3 7]; I6:[6]; I4:[4]; I11:[11]; I40:[40]; I9:[9]; A2:[8]; I10:[10]; I21:[21]; I19:[19]; I31:[31]; A3:[14 15 16 18 20 39 41]; I13:[13]; I17:[17]; I23:[23]; I29:[29]; I26:[26]; I28:[28]; I37:[37]; A4:[22 24 30 38]; I25:[25]; I34:[34]; A5:[27 32 33 35 36]; I42:[42];
j400305_6,2969.0017706818344,I1:[1]; I24:[24]; A1:[2 3 4 5 6 16 20]; I12:[12]; I10:[10]; I7:[7]; I8:[8]; A2:[9 11]; I41:[41]; I18:[18]; A3:[13 14 15 17 21]; I23:[23]; I26:[26]; I19:[19]; I40:[40]; I27:[27]; I29:[29]; I34:[34]; A4:[22 25 35 39]; I31:[31]; I37:[37]; I38:[38]; I28:[28]; I36:[36]; A5:[30 32]; I33:[33]; I42:[42];
j400305_7,2993.317988600024,I1:[1]; I12:[12]; I3:[3]; I4:[4]; A1:[2 6 17]; I5:[5]; I18:[18]; I7:[7]; I9:[9]; A2:[8 10 11 13]; I22:[22]; I15:[15]; I41:[41]; I14:[14]; I16:[16]; I25:[25]; A3:[19 20 21 24 27 39 40]; I29:[29]; I34:[34]; I37:[37]; I23:[23]; I31:[31]; A4:[26]; I35:[35]; I28:[28]; A5:[30 32 33 36 38]; I42:[42];
j400305_8,2820.5866782694475,I1:[1]; I7:[7]; I15:[15]; A1:[2 3 5 6 9]; I12:[12]; I17:[17]; I14:[14]; I40:[40]; A2:[4 8 10 11 18 19 20 22 31 39 41]; I30:[30]; I29:[29]; I23:[23]; I26:[26]; I13:[13]; I16:[16]; I38:[38]; I28:[28]; I21:[21]; I33:[33]; I36:[36]; I37:[37]; I34:[34]; A3:[24 25 35]; I27:[27]; A4:[32]; I42:[42];
j400305_9,3077.972482222878,I1:[1]; I10:[10]; I4:[4]; A1:[2 3 5 6 7 8 11 13 17]; I14:[14]; I9:[9]; I15:[15]; I16:[16]; I12:[12]; I40:[40]; I25:[25]; I39:[39]; I27:[27]; I18:[18]; I19:[19]; I29:[29]; I21:[21]; A2:[20 22 23 31 37 38 41]; I26:[26]; I35:[35]; A3:[24]; I36:[36]; I28:[28]; A5:[33 34]; I30:[30]; A4:[32]; I42:[42];
j400305_10,3156.9251772576968,I1:[1]; I5:[5]; I10:[10]; A1:[2 3 6 15 17]; I11:[11]; I4:[4]; I16:[16]; I9:[9]; I14:[14]; I23:[23]; I40:[40]; I7:[7]; I39:[39]; I22:[22]; A2:[8 12 18 20 28 38 41]; I29:[29]; I13:[13]; I19:[19]; I35:[35]; I36:[36]; I21:[21]; A3:[26 31 32 33 34 37]; I24:[24]; I25:[25]; A4:[27 30]; I42:[42];
j400405_1,2878.6283826801678,I1:[1]; I19:[19]; A1:[2 3 4 5 6 7 8 9 16 23]; I10:[10]; I14:[14]; I17:[17]; I11:[11]; I30:[30]; I18:[18]; A3:[13]; I41:[41]; A2:[12]; I40:[40]; I15:[15]; I38:[38]; I20:[20]; I21:[21]; A4:[22]; I36:[36]; I24:[24]; I25:[25]; I34:[34]; I28:[28]; A5:[26 27 29 32 35 37 39]; I33:[33]; I31:[31]; I42:[42];
j400405_2,3072.1277281230914,I1:[1]; I23:[23]; I5:[5]; A1:[2 3 4 6 28 39]; I29:[29]; I10:[10]; I40:[40]; I7:[7]; A2:[8]; I37:[37]; I9:[9]; I35:[35]; I16:[16]; A3:[11 18 36 38 41]; I14:[14]; I12:[12]; I31:[31]; I32:[32]; I34:[34]; I13:[13]; I19:[19]; A4:[15 17 20 21 26 27 30 33]; I25:[25]; I22:[22]; I24:[24]; I42:[42];
j400405_3,3046.930032749493,I1:[1]; A1:[2]; I35:[35]; I36:[36]; I34:[34]; I41:[41]; I38:[38]; I3:[3]; I31:[31]; I4:[4]; I29:[29]; A2:[5 6 17 32 37 39]; I27:[27]; I28:[28]; I7:[7]; A3:[8 26 30 33 40]; I24:[24]; I9:[9]; I10:[10]; I11:[11]; I22:[22]; I12:[12]; I20:[20]; I13:[13]; A4:[14 15 16 18 19 21 23 25]; I42:[42];
j400405_4,3253.2894223901344,I1:[1]; I2:[2]; A1:[4 6]; I12:[12]; I3:[3]; I41:[41]; I15:[15]; I5:[5]; I7:[7]; I8:[8]; I24:[24]; I9:[9]; A2:[10 13 14]; I11:[11]; I16:[16]; I29:[29]; A3:[17 18 19 20 21 22 25 32 39 40]; I23:[23]; I28:[28]; A4:[26 27 35]; I38:[38]; I34:[34]; I30:[30]; I31:[31]; A5:[33 36]; I37:[37]; I42:[42];
j400405_5,3117.520050449494,I1:[1]; I10:[10]; I2:[2]; I11:[11]; A1:[4 5]; I3:[3]; I9:[9]; I6:[6]; A2:[7 8 12 14 15 24]; I21:[21]; I16:[16]; I13:[13]; A3:[17 18]; I20:[20]; I30:[30]; I41:[41]; I19:[19]; I34:[34]; I22:[22]; A4:[23 35]; I25:[25]; I26:[26]; A5:[27 28 31 32 39 40]; I29:[29]; I33:[33]; I36:[36]; A6:[37 38]; I42:[42];
j400405_6,3574.136245854536,I1:[1]; I15:[15]; A1:[2]; I7:[7]; I3:[3]; I16:[16]; I5:[5]; A2:[4 6 9 11 13]; I30:[30]; I8:[8]; I22:[22]; I18:[18]; A3:[10 14 19]; I40:[40]; I39:[39]; I12:[12]; I38:[38]; A4:[17 20 29 41]; I21:[21]; I37:[37]; I23:[23]; I35:[35]; A5:[24 25 34 36]; I26:[26]; I28:[28]; A6:[27 31 32]; I33:[33]; I42:[42];
j400405_7,3000.1394312073007,I1:[1]; I22:[22]; I27:[27]; I28:[28]; I32:[32]; I38:[38]; I39:[39]; I41:[41]; I26:[26]; I35:[35]; I40:[40]; A1:[2 3 21 23 24 25 29 30 31 33 34 36 37]; I4:[4]; I5:[5]; I19:[19]; I18:[18]; A2:[6]; I7:[7]; A3:[8]; I9:[9]; A4:[10 20]; I11:[11]; I12:[12]; A5:[13 14]; I15:[15]; I16:[16]; A6:[17]; I42:[42];
j400405_8,3214.8058769803365,I1:[1]; I18:[18]; I33:[33]; I11:[11]; I2:[2]; A1:[3 4 6 23 41]; I22:[22]; I5:[5]; I34:[34]; I25:[25]; I35:[35]; A2:[7 9 17 21 39]; I36:[36]; I8:[8]; A3:[10]; I38:[38]; I12:[12]; I13:[13]; A4:[14]; I15:[15]; I16:[16]; I28:[28]; A6:[27 29 30 31 32 37 40]; I19:[19]; A5:[20]; I24:[24]; I26:[26]; I42:[42];
j400405_9,3459.629916477071,I1:[1]; I2:[2]; I12:[12]; A1:[4 5 9]; I3:[3]; I11:[11]; I7:[7]; I6:[6]; A2:[8]; I10:[10]; I15:[15]; A3:[13 14 18]; A4:[16]; I21:[21]; I17:[17]; A5:[19 24]; I20:[20]; I36:[36]; I27:[27]; I35:[35]; I22:[22]; A6:[23 25 31 32]; I41:[41]; I26:[26]; I40:[40]; I29:[29]; A7:[28 30 33 37]; I34:[34]; A8:[38 39]; I42:[42];
j400405_10,3181.4846866852413,I1:[1]; I13:[13]; I2:[2]; I11:[11]; A1:[3 4 7 15]; I16:[16]; I5:[5]; I22:[22]; A2:[6 9]; I41:[41]; I14:[14]; I8:[8]; I30:[30]; A3:[10 20]; I40:[40]; I18:[18]; I12:[12]; A4:[17 19 29 38 39]; I21:[21]; I37:[37]; I23:[23]; I24:[24]; I25:[25]; A5:[26 28 32 33 34 35 36]; I27:[27]; I31:[31]; I42:[42];
j400505_1,3214.1677961805717,I1:[1]; A1:[2]; I39:[39]; I41:[41]; I3:[3]; I4:[4]; I36:[36]; I5:[5]; I35:[35]; I33:[33]; I6:[6]; I34:[34]; I7:[7]; A2:[8 32 37 38 40]; I9:[9]; I29:[29]; I31:[31]; I30:[30]; A3:[10 11 27 28]; I26:[26]; I12:[12]; A4:[13 14 15 16 17 22 23 24 25]; I18:[18]; I19:[19]; A5:[20]; I21:[21]; I42:[42];
j400505_2,3216.423537359664,I1:[1]; I2:[2]; I3:[3]; I41:[41]; A1:[4 5 6 7 10 11 15]; I8:[8]; I26:[26]; I9:[9]; A2:[12 13 33]; I28:[28]; I14:[14]; I34:[34]; I16:[16]; I17:[17]; I40:[40]; I38:[38]; A3:[18 19 35]; I39:[39]; I20:[20]; I37:[37]; A4:[21 22 23 32 36]; I24:[24]; I31:[31]; A5:[25 29]; I27:[27]; I30:[30]; I42:[42];
j400505_3,3726.7212447941347,I1:[1]; A1:[3]; I2:[2]; I4:[4]; I5:[5]; I6:[6]; I7:[7]; A2:[9 10 17]; I8:[8]; I13:[13]; I11:[11]; I12:[12]; I18:[18]; A3:[14 15]; I16:[16]; A4:[19 20]; I21:[21]; I22:[22]; I23:[23]; I24:[24]; A5:[25 26]; I28:[28]; I27:[27]; A6:[29 30 31 32 33]; I35:[35]; I34:[34]; A7:[36 37 38 39 40]; I41:[41]; I42:[42];
j400505_4,3282.9809254892098,I1:[1]; I2:[2]; I7:[7]; I3:[3]; I4:[4]; I16:[16]; A1:[5 6 41]; I8:[8]; I12:[12]; I13:[13]; A2:[9 15 40]; I26:[26]; I10:[10]; I23:[23]; A3:[11 14 17 18 19 20 27]; I21:[21]; I22:[22]; I24:[24]; A4:[25]; I28:[28]; A5:[29 32 39]; I30:[30]; I34:[34]; I36:[36]; A6:[31 33 38]; I37:[37]; I35:[35]; I42:[42];
j400505_5,3225.6730034025372,I1:[1]; I10:[10]; A1:[2]; I3:[3]; I41:[41]; A2:[4 5 7]; I6:[6]; A3:[8 11 14 26]; I12:[12]; I9:[9]; I39:[39]; I28:[28]; A4:[13 29]; I15:[15]; A5:[16 18]; I37:[37]; I17:[17]; I38:[38]; I35:[35]; I19:[19]; A6:[20 34 36]; I21:[21]; I33:[33]; I22:[22]; I23:[23]; A7:[24 32 40]; I30:[30]; I25:[25]; A8:[27 31]; I42:[42];
j400505_6,3300.0132512566506,I1:[1]; A1:[2 6]; I3:[3]; I4:[4]; I5:[5]; I23:[23]; I12:[12]; A2:[7 10]; I8:[8]; A3:[9]; I11:[11]; I24:[24]; A4:[13 14 15]; I16:[16]; I17:[17]; I19:[19]; I18:[18]; A5:[22 26 27]; I20:[20]; I41:[41]; I29:[29]; I21:[21]; I33:[33]; I25:[25]; I34:[34]; A6:[28 30 31 32 35 36 38 39 40]; I37:[37]; I42:[42];
j400505_7,3424.9682606340416,I1:[1]; I2:[2]; I41:[41]; I3:[3]; A1:[4 39 40]; I5:[5]; I38:[38]; A2:[6 7 14 36 37]; I21:[21]; I8:[8]; I18:[18]; I9:[9]; I25:[25]; A3:[10]; I11:[11]; I23:[23]; A4:[12 16 34 35]; I13:[13]; I33:[33]; I15:[15]; A5:[17 32]; I19:[19]; I20:[20]; I22:[22]; I24:[24]; I28:[28]; A6:[26 27 29 30 31]; I42:[42];
j400505_8,3220.431202635443,I1:[1]; I28:[28]; I41:[41]; I39:[39]; I37:[37]; I38:[38]; I30:[30]; I40:[40]; A1:[2 3 29 31 32 33 34 35 36]; I4:[4]; I5:[5]; I27:[27]; A2:[6 26]; I7:[7]; I25:[25]; I8:[8]; I23:[23]; A3:[9]; I10:[10]; I22:[22]; A4:[11 12 13 24]; I14:[14]; I15:[15]; I16:[16]; I17:[17]; A5:[18 19 20 21]; I42:[42];
j400505_9,3759.9993115703564,I1:[1]; I2:[2]; I3:[3]; A1:[4]; A2:[6]; I5:[5]; I10:[10]; A3:[7 8 9 14]; I12:[12]; A4:[11 13]; A5:[15]; I18:[18]; I16:[16]; A6:[17 19]; I20:[20]; I21:[21]; A7:[22 23 24 26]; I25:[25]; I28:[28]; I27:[27]; A9:[31]; A8:[29 30]; I32:[32]; I33:[33]; I35:[35]; I36:[36]; I34:[34]; I37:[37]; I39:[39]; I41:[41]; A10:[38 40]; I42:[42];
j400505_10,3459.9964524051306,I1:[1]; A1:[2 5]; I3:[3]; I4:[4]; I14:[14]; I11:[11]; A2:[6 7 8 9 10 27]; I23:[23]; A3:[13]; I18:[18]; I12:[12]; I15:[15]; I16:[16]; A4:[19 22 26 32]; I17:[17]; A5:[20 29]; I36:[36]; I41:[41]; I21:[21]; I31:[31]; A6:[24 34 40]; I25:[25]; I28:[28]; I38:[38]; A7:[30 39]; I33:[33]; I35:[35]; I37:[37]; I42:[42];
j400605_1,3667.2283300945037,I1:[1]; A1:[2 3 9]; I14:[14]; I4:[4]; A2:[5]; I12:[12]; I6:[6]; A3:[7 8 10 15]; I19:[19]; I11:[11]; A4:[13 16]; I21:[21]; I17:[17]; I18:[18]; I23:[23]; I29:[29]; A5:[20 22 25 27]; I24:[24]; I26:[26]; I28:[28]; I41:[41]; A6:[30]; I31:[31]; I36:[36]; A7:[32 33 34]; I40:[40]; I38:[38]; I35:[35]; A8:[37 39]; I42:[42];
j400605_2,3064.9630259985524,I1:[1]; I38:[38]; I36:[36]; I39:[39]; I40:[40]; I34:[34]; I35:[35]; A1:[2 3 4 5 6 7 8 37 41]; I33:[33]; I32:[32]; I9:[9]; I31:[31]; I10:[10]; I11:[11]; I29:[29]; A2:[12 28 30]; I13:[13]; I14:[14]; A3:[15]; I16:[16]; A4:[17 26 27]; I18:[18]; A5:[19 20 21]; I22:[22]; I23:[23]; A6:[24]; I25:[25]; I42:[42];
j400605_3,3504.8015439437418,I1:[1]; A1:[2]; I3:[3]; A2:[4 5 7 9]; I16:[16]; I6:[6]; I8:[8]; A3:[10 11 12 13 14 32]; I41:[41]; I15:[15]; I25:[25]; I24:[24]; I17:[17]; I29:[29]; I21:[21]; A4:[18 31]; I19:[19]; I28:[28]; I20:[20]; I40:[40]; I34:[34]; A5:[22 23 26 39]; I27:[27]; I30:[30]; A6:[33 38]; I35:[35]; I36:[36]; A7:[37]; I42:[42];
j400605_4,3483.377716470397,I1:[1]; I2:[2]; I3:[3]; I4:[4]; A1:[5 12 15 21]; I6:[6]; I40:[40]; I11:[11]; A2:[7]; I8:[8]; I9:[9]; A3:[10 13 14 26 41]; I16:[16]; I28:[28]; A4:[17 20 32 39]; I18:[18]; I19:[19]; I22:[22]; I31:[31]; I38:[38]; A5:[23 34 37]; I24:[24]; A6:[25 27]; I36:[36]; I29:[29]; I30:[30]; I33:[33]; A7:[35]; I42:[42];
j400605_5,3638.5781476769516,I1:[1]; I2:[2]; A1:[3 4 5 6 7 8]; I9:[9]; A2:[11 13]; I10:[10]; I12:[12]; I14:[14]; I16:[16]; I15:[15]; A3:[17 18]; I19:[19]; I22:[22]; A4:[21]; I20:[20]; I23:[23]; A5:[24 25 26 27 28]; I29:[29]; A6:[30]; I31:[31]; I38:[38]; I32:[32]; A7:[33 34 35]; I37:[37]; I36:[36]; I40:[40]; I39:[39]; I41:[41]; I42:[42];
j400605_6,3532.1145728393276,I1:[1]; A1:[2 3 4]; I7:[7]; I8:[8]; I17:[17]; I5:[5]; I41:[41]; I6:[6]; A2:[9 11]; I10:[10]; I40:[40]; I12:[12]; I13:[13]; A3:[14]; I15:[15]; A4:[16]; I33:[33]; I18:[18]; I29:[29]; A5:[19 20 21 22 24 25 38 39]; I37:[37]; I23:[23]; A6:[26]; I27:[27]; I28:[28]; A7:[30 31 36]; I32:[32]; I34:[34]; A8:[35]; I42:[42];
j400605_7,3563.772930689068,I1:[1]; I15:[15]; A1:[2 3 4 5]; I11:[11]; I13:[13]; I16:[16]; I6:[6]; I7:[7]; A2:[8 9]; I10:[10]; I19:[19]; I12:[12]; I14:[14]; I17:[17]; I21:[21]; I18:[18]; A3:[20 24 26 28]; I31:[31]; I22:[22]; A4:[23]; I25:[25]; I27:[27]; A5:[29 30 41]; I32:[32]; I39:[39]; A6:[33 34 35 37 38 40]; I36:[36]; I42:[42];
j400605_8,3515.563267805378,I1:[1]; I7:[7]; I2:[2]; I3:[3]; A1:[4]; I12:[12]; I6:[6]; I5:[5]; I8:[8]; A2:[9 10 11 13 14 15 18]; I16:[16]; I17:[17]; A3:[19 20]; I21:[21]; I26:[26]; I25:[25]; A4:[22 23]; I28:[28]; I24:[24]; A5:[27 29]; I30:[30]; A6:[31 41]; I32:[32]; I34:[34]; I33:[33]; A7:[35 38 39 40]; I36:[36]; I37:[37]; I42:[42];
j400605_9,3341.9511220135855,I1:[1]; A1:[2 3]; I4:[4]; I6:[6]; A2:[5 7]; I8:[8]; I10:[10]; A3:[9]; I11:[11]; I12:[12]; I13:[13]; I14:[14]; I15:[15]; I16:[16]; A4:[17 18 19 20 22 23]; I21:[21]; I24:[24]; A5:[25 26 27 28 29 30]; I31:[31]; I32:[32]; I33:[33]; A6:[34 36]; I35:[35]; A7:[37]; I38:[38]; I40:[40]; I39:[39]; I41:[41]; I42:[42];
j400605_10,3652.2638212141733,I1:[1]; I2:[2]; I3:[3]; A1:[4]; I41:[41]; I5:[5]; A2:[6 12 17 40]; I39:[39]; I7:[7]; I8:[8]; I9:[9]; I31:[31]; A3:[10 11 13 38]; I14:[14]; I15:[15]; A4:[16 21 28 37]; I18:[18]; I19:[19]; A5:[20 35 36]; I22:[22]; A6:[23 30 34]; I24:[24]; I25:[25]; I33:[33]; I26:[26]; I27:[27]; I29:[29]; A7:[32]; I42:[42];
j400705_1,3488.762518751786,I1:[1]; I39:[39]; I37:[37]; I40:[40]; I2:[2]; I3:[3]; I34:[34]; A1:[4 5 32 33 35 36 38 41]; I6:[6]; I7:[7]; I8:[8]; A2:[9]; I10:[10]; I31:[31]; I11:[11]; A3:[12 13 14 30]; I15:[15]; A4:[16]; I17:[17]; A5:[18 19]; I20:[20]; I21:[21]; A6:[22 23]; I24:[24]; A7:[25 26]; I27:[27]; I28:[28]; I29:[29]; I42:[42];
j400705_2,2833.280906381583,I1:[1]; A1:[2]; I7:[7]; I3:[3]; I4:[4]; I5:[5]; I6:[6]; I8:[8]; I9:[9]; A2:[10 11 12 15]; I13:[13]; I17:[17]; I14:[14]; A3:[16 18 33 41]; I19:[19]; I20:[20]; I39:[39]; A4:[21 40]; I22:[22]; I23:[23]; I29:[29]; I37:[37]; A5:[24 25 26 27 28 30 36 38]; I35:[35]; I31:[31]; I32:[32]; A6:[34]; I42:[42];
j400705_3,3627.712733567539,I1:[1]; A1:[2 3]; I7:[7]; I4:[4]; I5:[5]; A2:[6 8]; I9:[9]; I15:[15]; I10:[10]; I11:[11]; I14:[14]; I12:[12]; A3:[13 16]; I17:[17]; I19:[19]; A4:[18 37]; I20:[20]; I33:[33]; A5:[21 22 23]; I24:[24]; I28:[28]; A6:[25 27]; I35:[35]; I41:[41]; I26:[26]; I39:[39]; A7:[29 30 31 32 34 36 40]; I38:[38]; I42:[42];
j400705_4,3741.8513098052904,I1:[1]; A1:[2]; I41:[41]; I3:[3]; I9:[9]; A2:[4 5 40]; I39:[39]; I6:[6]; I7:[7]; I8:[8]; I10:[10]; I11:[11]; I12:[12]; A3:[13 14 37 38]; I15:[15]; A4:[16]; I17:[17]; A5:[18 19 20 35 36]; I34:[34]; I21:[21]; I22:[22]; I32:[32]; A6:[23 24]; I25:[25]; I31:[31]; A7:[26 27 33]; I28:[28]; I29:[29]; A8:[30]; I42:[42];
j400705_5,3391.2844956611398,I1:[1]; A1:[2 3 4 7]; I5:[5]; I6:[6]; I8:[8]; A2:[9]; I14:[14]; I10:[10]; I15:[15]; A3:[11 12]; I13:[13]; I16:[16]; I19:[19]; A4:[17 18]; I41:[41]; I20:[20]; I21:[21]; A5:[22 23 40]; I30:[30]; I24:[24]; A6:[25 27 35 39]; I26:[26]; A7:[28]; I29:[29]; I31:[31]; I32:[32]; I37:[37]; A8:[33 34 38]; I36:[36]; I42:[42];
j400705_6,3206.4045461443984,I1:[1]; A1:[2 3 4]; I10:[10]; I5:[5]; I11:[11]; A2:[6 7 8]; I9:[9]; I22:[22]; A3:[12]; I13:[13]; I14:[14]; A4:[15 16 17 20 25]; I18:[18]; I19:[19]; A5:[21 23 24]; I26:[26]; I27:[27]; A6:[28]; I29:[29]; I30:[30]; I31:[31]; I32:[32]; I33:[33]; I34:[34]; A7:[35 36 37 41]; I38:[38]; I39:[39]; I40:[40]; I42:[42];
j400705_7,3651.042628837263,I1:[1]; I37:[37]; I38:[38]; A1:[2 39 41]; I40:[40]; I3:[3]; I34:[34]; A2:[4 5 35 36]; I6:[6]; I33:[33]; A3:[7 8 9 10]; I32:[32]; I11:[11]; A4:[12 13 14 15 31]; I16:[16]; I30:[30]; I17:[17]; I18:[18]; I19:[19]; I20:[20]; I21:[21]; I22:[22]; A5:[23 24 25 26]; I27:[27]; I28:[28]; I29:[29]; I42:[42];
j400705_8,3470.8437620579452,I1:[1]; I40:[40]; I39:[39]; I2:[2]; I3:[3]; I38:[38]; A1:[4 16 41]; I5:[5]; I37:[37]; A2:[6 7]; I8:[8]; A3:[9]; I10:[10]; I11:[11]; I12:[12]; A4:[13 36]; I14:[14]; I15:[15]; A5:[17 18 19 20 21 33 34 35]; I32:[32]; I22:[22]; A6:[23]; I24:[24]; I31:[31]; I25:[25]; I26:[26]; A7:[27]; I28:[28]; A8:[29 30]; I42:[42];
j400705_9,3466.4139557521244,I1:[1]; I38:[38]; A1:[2 39 40 41]; I3:[3]; I37:[37]; A2:[4 5]; I35:[35]; I6:[6]; I33:[33]; I7:[7]; A3:[8]; I9:[9]; A4:[10 11 12 13 14 34 36]; I30:[30]; I31:[31]; I32:[32]; I15:[15]; I16:[16]; A5:[17]; I18:[18]; I19:[19]; A6:[20]; I21:[21]; I22:[22]; A7:[23 24 25]; I26:[26]; I27:[27]; A8:[28]; I29:[29]; I42:[42];
j400705_10,3729.931846178904,I1:[1]; I2:[2]; I11:[11]; A1:[3]; I4:[4]; I5:[5]; A2:[6 7 41]; I8:[8]; A3:[9 10 12 38 39 40]; I13:[13]; A4:[14]; I37:[37]; I15:[15]; I16:[16]; I17:[17]; A5:[18]; I36:[36]; I32:[32]; I34:[34]; I35:[35]; I19:[19]; I20:[20]; A6:[21]; I22:[22]; A7:[23 24 25 31 33]; I26:[26]; I27:[27]; I28:[28]; A8:[29 30]; I42:[42];
j400805_1,3870.922891848987,I1:[1]; I2:[2]; I3:[3]; A1:[4 5 6 19]; I7:[7]; I8:[8]; I12:[12]; I9:[9]; I10:[10]; A2:[11 13]; I16:[16]; I14:[14]; A3:[15 18]; I17:[17]; I20:[20]; A4:[21]; I22:[22]; A5:[23 26]; I24:[24]; I25:[25]; A6:[27]; I28:[28]; I29:[29]; A7:[30 31 39 41]; I32:[32]; A8:[33]; I34:[34]; I35:[35]; A9:[36 37 38]; I40:[40]; I42:[42];
j400805_2,3673.060945217496,I1:[1]; I3:[3]; I2:[2]; I19:[19]; I4:[4]; I5:[5]; I35:[35]; A1:[6 7 8]; I9:[9]; A2:[10 21]; I11:[11]; A3:[12 13]; I14:[14]; A4:[15]; I16:[16]; I17:[17]; I18:[18]; A5:[20 22 41]; I23:[23]; I24:[24]; A6:[25 26 39 40]; I27:[27]; A7:[28]; I29:[29]; I30:[30]; I37:[37]; I31:[31]; A8:[32 33 34]; I36:[36]; A9:[38]; I42:[42];
j400805_3,3910.581650474649,I1:[1]; I2:[2]; I40:[40]; I3:[3]; A1:[4]; I5:[5]; I6:[6]; I7:[7]; A2:[8 38 39]; I9:[9]; A3:[10 11 12 13 36 37 41]; I14:[14]; A4:[15]; I16:[16]; I34:[34]; A5:[17 35]; I18:[18]; A6:[19 20]; I21:[21]; I22:[22]; A7:[23]; I24:[24]; I25:[25]; I26:[26]; I27:[27]; A8:[28]; I29:[29]; I30:[30]; I31:[31]; A9:[32 33]; I42:[42];
j400805_4,3509.4983749087523,I1:[1]; I2:[2]; A1:[3 10]; I4:[4]; A2:[5 6 41]; I7:[7]; I8:[8]; A3:[9 11 12 14]; I40:[40]; I13:[13]; A4:[15 18]; I16:[16]; I17:[17]; I19:[19]; I20:[20]; A5:[21]; I39:[39]; I22:[22]; I23:[23]; A6:[24 25 26 37 38]; I27:[27]; A7:[28]; I29:[29]; I30:[30]; I31:[31]; I32:[32]; A8:[33]; I34:[34]; I35:[35]; A9:[36]; I42:[42];
j400805_5,3657.8709367786646,I1:[1]; I37:[37]; I38:[38]; A1:[2 3 4 39 40 41]; I5:[5]; I6:[6]; I7:[7]; A2:[8]; I9:[9]; I36:[36]; A3:[10 11 12]; I13:[13]; A4:[14]; I35:[35]; I15:[15]; I16:[16]; I34:[34]; I17:[17]; I18:[18]; I19:[19]; A5:[20]; I21:[21]; A6:[22]; I23:[23]; A7:[24]; I25:[25]; I26:[26]; A8:[27 28 29]; I30:[30]; A9:[31 32 33]; I42:[42];
j400805_6,3246.512873285441,I1:[1]; A1:[2]; I8:[8]; I41:[41]; I3:[3]; A2:[4]; I5:[5]; A3:[6 7 9]; I10:[10]; I11:[11]; A4:[12 13 14 15 40]; I29:[29]; I16:[16]; I17:[17]; I39:[39]; I38:[38]; I18:[18]; A5:[19 20 37]; I21:[21]; I22:[22]; A6:[23 24]; I25:[25]; A7:[26]; I27:[27]; I28:[28]; I30:[30]; I31:[31]; I32:[32]; A8:[33 34 35 36]; I42:[42];
j400805_7,3827.0153320617715,I1:[1]; I2:[2]; I3:[3]; A1:[4 5 6]; I7:[7]; A2:[8 9]; I10:[10]; A3:[11]; I23:[23]; I12:[12]; I18:[18]; A4:[13]; I16:[16]; I14:[14]; A5:[15]; I17:[17]; A6:[19 20 21 25 27]; I22:[22]; I24:[24]; I26:[26]; I34:[34]; A7:[28 29]; I30:[30]; A8:[31]; I32:[32]; A9:[33]; I35:[35]; A10:[36]; I37:[37]; A11:[38 41]; I39:[39]; I40:[40]; I42:[42];
j400805_8,3581.770987317056,I1:[1]; A1:[2 5]; I3:[3]; I4:[4]; I6:[6]; A2:[7 8 9 10 11 12 13]; I16:[16]; I14:[14]; A3:[15 20]; I17:[17]; A4:[18 22]; I19:[19]; A5:[21]; I23:[23]; I24:[24]; I27:[27]; I25:[25]; I26:[26]; I28:[28]; I29:[29]; I30:[30]; A6:[31 32]; I33:[33]; A7:[34 39]; I35:[35]; A8:[36]; I37:[37]; A9:[38]; I40:[40]; I41:[41]; I42:[42];
j400805_9,3895.2654445692415,I1:[1]; A1:[2 3 4 5 6]; I41:[41]; I40:[40]; I7:[7]; I18:[18]; I8:[8]; A2:[9 10]; I39:[39]; I11:[11]; A3:[12]; I26:[26]; I13:[13]; I14:[14]; A4:[15 16]; I17:[17]; I19:[19]; I20:[20]; I21:[21]; A5:[22 23 38]; I37:[37]; I36:[36]; I24:[24]; A6:[25 27]; I28:[28]; A7:[29 30 31 32 33]; I34:[34]; I35:[35]; I42:[42];
j400805_10,3621.3419476414115,I1:[1]; I6:[6]; A1:[2 3 4]; I5:[5]; A2:[7]; I8:[8]; I9:[9]; A3:[10]; I11:[11]; I31:[31]; A4:[12]; I21:[21]; I13:[13]; I17:[17]; A5:[14 15 16]; I18:[18]; I19:[19]; I25:[25]; A6:[20 22 23 24 28]; I26:[26]; I35:[35]; I27:[27]; A7:[29 30]; I32:[32]; A8:[33]; I34:[34]; A9:[36 37 38]; I39:[39]; I41:[41]; I40:[40]; I42:[42];
j400905_1,3790.9052033402604,I1:[1]; I2:[2]; A1:[3]; I4:[4]; I5:[5]; I6:[6]; A2:[7]; I8:[8]; I9:[9]; A3:[10 14]; I11:[11]; I12:[12]; I13:[13]; I15:[15]; A4:[16 17 18 23]; I19:[19]; I20:[20]; A5:[21]; I22:[22]; A6:[24]; I25:[25]; A7:[26 27 28 29]; I30:[30]; I41:[41]; A8:[31]; I32:[32]; A9:[33 34]; I35:[35]; I36:[36]; A10:[37 38]; I39:[39]; A11:[40]; I42:[42];
j400905_2,3915.35288832117,I1:[1]; A1:[2]; I41:[41]; I40:[40]; I3:[3]; A2:[4]; I5:[5]; I6:[6]; A3:[7]; I8:[8]; A4:[9 10 11 39]; I12:[12]; I13:[13]; A5:[14]; I15:[15]; A6:[16 17 18 19]; I20:[20]; I38:[38]; A7:[21 22]; I23:[23]; A8:[24]; I25:[25]; I26:[26]; A9:[27]; I28:[28]; I29:[29]; I30:[30]; I31:[31]; A10:[32]; I33:[33]; I34:[34]; A11:[35 36 37]; I42:[42];
j400905_3,3601.9268677518503,I1:[1]; A1:[2]; I3:[3]; I4:[4]; I9:[9]; A2:[5]; I6:[6]; A3:[7 8]; I10:[10]; A4:[11]; I12:[12]; A5:[13 14 15 16 17]; I18:[18]; I32:[32]; I19:[19]; I20:[20]; I35:[35]; A6:[21 22]; I23:[23]; I27:[27]; A7:[24 25 26]; I28:[28]; A8:[29 30]; I31:[31]; A9:[33 34]; I36:[36]; I37:[37]; I38:[38]; I39:[39]; A10:[40]; I41:[41]; I42:[42];
j400905_4,3851.9145378062217,I1:[1]; I41:[41]; A1:[2 3 4 5 6 38]; I40:[40]; I7:[7]; I39:[39]; A2:[8 9]; I10:[10]; I11:[11]; A3:[12 13]; I14:[14]; I15:[15]; I16:[16]; I17:[17]; A4:[18 19]; I20:[20]; A5:[21]; I22:[22]; I23:[23]; I24:[24]; A6:[25 26 27 28]; I29:[29]; I30:[30]; A7:[31]; I32:[32]; A8:[33]; I34:[34]; I35:[35]; A9:[36]; I37:[37]; I42:[42];
j400905_5,3297.6365330910567,I1:[1]; I2:[2]; A1:[3]; I4:[4]; I5:[5]; I6:[6]; A2:[7 8 41]; I9:[9]; I10:[10]; I40:[40]; A3:[11]; I12:[12]; I13:[13]; I14:[14]; I15:[15]; A4:[16]; I17:[17]; A5:[18 19 20]; I21:[21]; A6:[22]; I23:[23]; I24:[24]; A7:[25 26]; I27:[27]; I28:[28]; A8:[29]; I30:[30]; A9:[31 32 33 34 35 36 39]; I37:[37]; I38:[38]; I42:[42];
j400905_6,3503.487573875286,I1:[1]; A1:[2]; I3:[3]; A2:[4 5 6 11]; I7:[7]; A3:[8 9]; I10:[10]; A4:[12]; I13:[13]; I14:[14]; I15:[15]; I16:[16]; I41:[41]; A5:[17 18 19]; I20:[20]; I40:[40]; I21:[21]; I34:[34]; I22:[22]; I23:[23]; I24:[24]; A6:[25]; I26:[26]; A7:[27]; I28:[28]; A8:[29]; I30:[30]; I31:[31]; A9:[32 33 35 36 37 38]; I39:[39]; I42:[42];
j400905_7,3680.915934390081,I1:[1]; I2:[2]; I3:[3]; I4:[4]; A1:[5]; I6:[6]; I7:[7]; A2:[8]; I9:[9]; A3:[10]; I11:[11]; A4:[12 13]; I14:[14]; I15:[15]; A5:[16 17]; I19:[19]; I18:[18]; I20:[20]; I21:[21]; A6:[22 23 25]; I24:[24]; I26:[26]; A7:[27 28 29 30 31]; I32:[32]; A8:[33]; I34:[34]; A9:[35 37 38]; I36:[36]; I39:[39]; I40:[40]; A10:[41]; I42:[42];
j400905_8,3958.6127423484854,I1:[1]; A1:[2 41]; I3:[3]; I4:[4]; I5:[5]; A2:[6]; I7:[7]; I8:[8]; I9:[9]; A3:[10]; I11:[11]; A4:[12 13]; I14:[14]; A5:[15 16 17 18 19]; I20:[20]; I40:[40]; I31:[31]; I21:[21]; I22:[22]; A6:[23 24 25]; I26:[26]; A7:[27]; I28:[28]; I29:[29]; A8:[30 32 33]; I34:[34]; I39:[39]; I35:[35]; A9:[36]; I37:[37]; A10:[38]; I42:[42];
j400905_9,3490.3939619657485,I1:[1]; A1:[2 3]; I4:[4]; I5:[5]; I6:[6]; I7:[7]; I8:[8]; A2:[9 24]; I10:[10]; A3:[11]; I12:[12]; A4:[13]; I14:[14]; A5:[15]; I16:[16]; A6:[17 18]; I19:[19]; I20:[20]; I26:[26]; I21:[21]; I22:[22]; I23:[23]; A7:[25 27 28 29 30]; I34:[34]; I31:[31]; A8:[32 33 35]; I36:[36]; A9:[37 38]; I39:[39]; I40:[40]; A10:[41]; I42:[42];
j400905_10,3878.789349178417,I1:[1]; A1:[2 3 4]; I5:[5]; I6:[6]; I41:[41]; A2:[7]; I8:[8]; I9:[9]; I40:[40]; A3:[10 11]; I12:[12]; A4:[13]; I14:[14]; A5:[15]; I16:[16]; A6:[17]; I18:[18]; A7:[19 38 39]; I20:[20]; I21:[21]; A8:[22]; I23:[23]; I24:[24]; A9:[25 26 27]; I28:[28]; I29:[29]; A10:[30]; I31:[31]; A11:[32]; I33:[33]; I34:[34]; I35:[35]; A12:[36 37]; I42:[42];
j401005_1,3608.6456692474794,I1:[1]; I2:[2]; I3:[3]; I4:[4]; I5:[5]; I6:[6]; A1:[7]; I8:[8]; I9:[9]; I10:[10]; I11:[11]; I12:[12]; A2:[13 14 15 16]; I17:[17]; A3:[18]; I19:[19]; A4:[20]; I21:[21]; A5:[22 23 24]; I25:[25]; A6:[26]; I27:[27]; A7:[28 29]; I30:[30]; A8:[31 32]; I33:[33]; I34:[34]; A9:[35 36 37 38 39]; I40:[40]; I41:[41]; I42:[42];
j401005_2,3664.844758732703,I1:[1]; A1:[2]; I3:[3]; A2:[4]; I5:[5]; I6:[6]; I7:[7]; I8:[8]; I9:[9]; I10:[10]; I11:[11]; A3:[12 13 14 15]; I16:[16]; I17:[17]; A4:[18]; I19:[19]; A5:[20 21]; I22:[22]; I23:[23]; I24:[24]; A6:[25 26 27 28 29 30 31 32]; I33:[33]; I34:[34]; I35:[35]; I36:[36]; A7:[37 38]; I39:[39]; A8:[40]; I41:[41]; I42:[42];
j401005_3,3659.747175059818,I1:[1]; I2:[2]; A1:[3 4 5 6]; I7:[7]; A2:[8 9]; I10:[10]; I11:[11]; I12:[12]; I13:[13]; A3:[14 15]; I16:[16]; I17:[17]; I18:[18]; A4:[19 20]; I21:[21]; I22:[22]; A5:[23 24]; I25:[25]; I26:[26]; I27:[27]; A6:[28 29]; I30:[30]; I31:[31]; I32:[32]; A7:[33]; I34:[34]; A8:[35 36 37 38]; I39:[39]; A9:[40]; I41:[41]; I42:[42];
j401005_4,3509.4198881801185,I1:[1]; A1:[2 3]; I4:[4]; I5:[5]; A2:[6]; I7:[7]; A3:[8 9 10 11 12 13]; I14:[14]; I15:[15]; A4:[16]; I17:[17]; A5:[18 19]; I20:[20]; I21:[21]; I22:[22]; A6:[23 24]; I25:[25]; I26:[26]; I27:[27]; A7:[28 29]; I30:[30]; I31:[31]; A8:[32]; I33:[33]; I34:[34]; A9:[35 36 37]; I38:[38]; I39:[39]; I40:[40]; I41:[41]; I42:[42];
j401005_5,3651.1291238466692,I1:[1]; I2:[2]; I3:[3]; I4:[4]; I5:[5]; A1:[6 7]; I8:[8]; A2:[9]; I10:[10]; I11:[11]; I12:[12]; I13:[13]; I14:[14]; A3:[15 16 17 18 19 20]; I21:[21]; A4:[22 23 24 25 26]; I27:[27]; I28:[28]; I29:[29]; A5:[30 31]; I32:[32]; I33:[33]; A6:[34]; I35:[35]; I36:[36]; A7:[37 38]; I39:[39]; I40:[40]; A8:[41]; I42:[42];
j401005_6,3547.593651184991,I1:[1]; I2:[2]; I3:[3]; I4:[4]; A1:[5 6]; I7:[7]; A2:[8 9]; I10:[10]; I11:[11]; I12:[12]; A3:[13 14 15]; I16:[16]; I17:[17]; I18:[18]; A4:[19 20 21]; I22:[22]; I23:[23]; A5:[24 25]; I26:[26]; I27:[27]; A6:[28 29]; I30:[30]; I31:[31]; I32:[32]; A7:[33]; I34:[34]; I35:[35]; A8:[36 37 38 39]; I40:[40]; A9:[41]; I42:[42];
j401005_7,3723.0804348474167,I1:[1]; I2:[2]; I3:[3]; I4:[4]; A1:[5]; I6:[6]; I7:[7]; A2:[8 9]; I10:[10]; A3:[11]; I12:[12]; I13:[13]; A4:[14 15 16]; I17:[17]; A5:[18 19 20 21]; I22:[22]; A6:[23 24]; I25:[25]; I26:[26]; I27:[27]; A7:[28]; I29:[29]; A8:[30]; I31:[31]; A9:[32 33 34]; I35:[35]; I36:[36]; I37:[37]; A10:[38 39]; I40:[40]; I41:[41]; I42:[42];
j401005_8,3788.8014550007892,I1:[1]; I2:[2]; I3:[3]; A1:[4 5]; I6:[6]; A2:[7]; I8:[8]; A3:[9 10]; I11:[11]; A4:[12]; I13:[13]; A5:[14]; I15:[15]; A6:[16]; I17:[17]; I18:[18]; A7:[19 20]; I21:[21]; A8:[22 23]; I24:[24]; I25:[25]; I26:[26]; I27:[27]; A9:[28 29 30]; I31:[31]; A10:[32 33 34]; I35:[35]; A11:[36]; I37:[37]; I38:[38]; I39:[39]; I40:[40]; A12:[41]; I42:[42];
j401005_9,3745.2654383261815,I1:[1]; I2:[2]; I3:[3]; I4:[4]; I5:[5]; I6:[6]; I7:[7]; I8:[8]; I9:[9]; I10:[10]; A1:[11 12 13]; I14:[14]; A2:[15 16 17 18]; I19:[19]; A3:[20]; I21:[21]; A4:[22]; I23:[23]; A5:[24 25]; I26:[26]; I27:[27]; A6:[28 29]; I30:[30]; I31:[31]; A7:[32 33]; I34:[34]; A8:[35 36]; I37:[37]; A9:[38]; I39:[39]; A10:[40 41]; I42:[42];
j401005_10,3575.273305248853,I1:[1]; I2:[2]; A1:[3 4 5]; I6:[6]; I7:[7]; A2:[8 9 10 11]; I12:[12]; A3:[13 14 15]; I16:[16]; I17:[17]; I18:[18]; I19:[19]; A4:[20 21]; I22:[22]; I23:[23]; A5:[24]; I25:[25]; I26:[26]; A6:[27]; I28:[28]; I29:[29]; A7:[30 31 32]; I33:[33]; I34:[34]; I35:[35]; I36:[36]; A8:[37]; I38:[38]; A9:[39 40]; I41:[41]; I42:[42];
