Slurm job ID    : 1658
Array task ID   : 35
Host            : 23037696r-i7809a0b3cd
Start time      : 2026-08-10T20:11:03+08:00
Instance        : /home/23037696r/Documents/research/or_benchmark/wp/instances/inactive_0.1/j30_supp/j300701_5.sm
Output JSON     : /home/23037696r/Documents/research/or_benchmark/wp/results/inactivate_0.1/j30//j300701_5.json
Gurobi log      : /home/23037696r/Documents/research/or_benchmark/wp/results/inactivate_0.1/j30//logs/gurobi/j300701_5.log
Allocated CPUs  : 4
Running with command-line arguments
-----------------------------------
Instance file: /home/23037696r/Documents/research/or_benchmark/wp/instances/inactive_0.1/j30_supp/j300701_5.sm
Instance summary
----------------
Tasks:          32
Active tasks:   27
Inactive tasks: 5
Arcs:           42
Total duration: 164
Total work:     264
Active work:    223
Delta (singleton critical-path makespan): 116
Chosen deadline: 128
Feasible by singleton schedule: yes
Deadline rule: automatic: d = ceil(1.1 * Delta) = 128
Set parameter Username
Set parameter LicenseID to value 2851961
Academic license - for non-commercial use only - expires 2027-08-07
Set parameter MIPGap to value 1e-06
Set parameter TimeLimit to value 82800
Set parameter Threads to value 4
Set parameter LogFile to value "/home/23037696r/Documents/research/or_benchmark/wp/results/inactivate_0.1/j30/logs/gurobi/j300701_5.log"
Set parameter NumericFocus to value 1
Gurobi Optimizer version 13.0.2 build v13.0.2rc1 (linux64 - "Ubuntu 22.04.3 LTS")

CPU model: Intel Xeon Processor (Cascadelake), instruction set [SSE2|AVX|AVX2|AVX512]
Thread count: 46 physical cores, 46 logical processors, using up to 4 threads

Non-default parameters:
TimeLimit  82800
MIPGap  1e-06
NumericFocus  1
Threads  4

Optimize a model with 37336 rows, 15562 columns and 132626 nonzeros (Min)
Model fingerprint: 0x1202f153
Model has 9888 linear objective coefficients and an objective constant of 3.6475378422817363e+02
Variable types: 3483 continuous, 12079 integer (11924 binary)
Coefficient statistics:
  Matrix range     [1e+00, 2e+02]
  Objective range  [1e-02, 1e+03]
  Bounds range     [1e+00, 2e+02]
  RHS range        [1e+00, 2e+02]

Presolve removed 26982 rows and 4733 columns
Presolve time: 1.51s
Presolved: 10354 rows, 10829 columns, 69113 nonzeros
Variable types: 0 continuous, 10829 integer (7376 binary)
Found heuristic solution: objective 3122.4860646

Root relaxation: objective 1.602091e+03, 4302 iterations, 0.43 seconds (0.44 work units)

    Nodes    |    Current Node    |     Objective Bounds      |     Work
 Expl Unexpl |  Obj  Depth IntInf | Incumbent    BestBd   Gap | It/Node Time

     0     0 1602.09099    0   17 3122.48606 1602.09099  48.7%     -    2s
     0     0 1602.15123    0   16 3122.48606 1602.15123  48.7%     -    2s
H    0     0                    1858.7275575 1602.15123  13.8%     -    2s
H    0     0                    1823.1911685 1602.15123  12.1%     -    2s
     0     0 1602.85053    0   89 1823.19117 1602.85053  12.1%     -    2s
     0     0 1602.85053    0   92 1823.19117 1602.85053  12.1%     -    2s
     0     0 1602.85066    0   92 1823.19117 1602.85066  12.1%     -    2s
     0     0 1602.85066    0   92 1823.19117 1602.85066  12.1%     -    2s
     0     0 1602.85066    0   92 1823.19117 1602.85066  12.1%     -    2s
     0     0 1602.85066    0   92 1823.19117 1602.85066  12.1%     -    2s
     0     0 1602.85066    0   92 1823.19117 1602.85066  12.1%     -    2s
     0     0 1603.64393    0   93 1823.19117 1603.64393  12.0%     -    3s
     0     0 1603.96585    0  110 1823.19117 1603.96585  12.0%     -    3s
     0     0 1604.30304    0  111 1823.19117 1604.30304  12.0%     -    3s
     0     0 1604.34326    0  114 1823.19117 1604.34326  12.0%     -    3s
     0     0 1604.36111    0  115 1823.19117 1604.36111  12.0%     -    3s
     0     0 1604.36300    0  119 1823.19117 1604.36300  12.0%     -    3s
     0     0 1604.36300    0  119 1823.19117 1604.36300  12.0%     -    3s
     0     0 1605.58704    0  128 1823.19117 1605.58704  11.9%     -    4s
     0     0 1605.68535    0  129 1823.19117 1605.68535  11.9%     -    4s
     0     0 1605.68700    0  130 1823.19117 1605.68700  11.9%     -    4s
     0     0 1605.69698    0  133 1823.19117 1605.69698  11.9%     -    4s
     0     0 1605.70013    0  131 1823.19117 1605.70013  11.9%     -    4s
     0     0 1607.32311    0  160 1823.19117 1607.32311  11.8%     -    4s
     0     0 1607.32311    0  160 1823.19117 1607.32311  11.8%     -    4s
     0     0 1607.32311    0  160 1823.19117 1607.32311  11.8%     -    4s
     0     0 1607.32311    0  160 1823.19117 1607.32311  11.8%     -    4s
     0     0 1607.32311    0  160 1823.19117 1607.32311  11.8%     -    4s
     0     0 1608.14225    0  134 1823.19117 1608.14225  11.8%     -    4s
     0     0 1608.85267    0  147 1823.19117 1608.85267  11.8%     -    5s
     0     0 1609.15408    0  156 1823.19117 1609.15408  11.7%     -    5s
     0     0 1609.37288    0  158 1823.19117 1609.37288  11.7%     -    5s
     0     0 1609.54617    0  164 1823.19117 1609.54617  11.7%     -    5s
     0     0 1609.70662    0  156 1823.19117 1609.70662  11.7%     -    5s
     0     0 1609.73265    0  163 1823.19117 1609.73265  11.7%     -    5s
     0     0 1609.73268    0  164 1823.19117 1609.73268  11.7%     -    5s
     0     0 1611.86942    0  160 1823.19117 1611.86942  11.6%     -    5s
     0     0 1611.90288    0  170 1823.19117 1611.90288  11.6%     -    5s
     0     0 1611.90288    0  171 1823.19117 1611.90288  11.6%     -    5s
     0     0 1612.98240    0  160 1823.19117 1612.98240  11.5%     -    5s
     0     0 1612.99446    0  159 1823.19117 1612.99446  11.5%     -    5s
     0     0 1612.99626    0  160 1823.19117 1612.99626  11.5%     -    5s
     0     0 1613.30685    0  160 1823.19117 1613.30685  11.5%     -    6s
     0     0 1613.45954    0  157 1823.19117 1613.45954  11.5%     -    6s
     0     0 1613.48360    0  159 1823.19117 1613.48360  11.5%     -    6s
     0     0 1613.84384    0  169 1823.19117 1613.84384  11.5%     -    6s
     0     0 1613.84752    0  172 1823.19117 1613.84752  11.5%     -    6s
     0     0 1614.53525    0  150 1823.19117 1614.53525  11.4%     -    6s
     0     0 1614.54603    0  150 1823.19117 1614.54603  11.4%     -    6s
     0     0 1614.55298    0  150 1823.19117 1614.55298  11.4%     -    6s
     0     0 1614.55478    0  150 1823.19117 1614.55478  11.4%     -    7s
     0     0 1614.58766    0  153 1823.19117 1614.58766  11.4%     -    7s
     0     0 1614.58766    0  152 1823.19117 1614.58766  11.4%     -    7s
     0     0 1614.58844    0  152 1823.19117 1614.58844  11.4%     -    7s
     0     0 1614.58863    0  157 1823.19117 1614.58863  11.4%     -    7s
     0     0 1614.58865    0  157 1823.19117 1614.58865  11.4%     -    7s
     0     0 1614.59333    0  158 1823.19117 1614.59333  11.4%     -    7s
     0     0 1614.59333    0  155 1823.19117 1614.59333  11.4%     -    7s
     0     0 1614.61246    0  155 1823.19117 1614.61246  11.4%     -    7s
     0     0 1614.61246    0  154 1823.19117 1614.61246  11.4%     -    7s
     0     2 1614.61246    0  154 1823.19117 1614.61246  11.4%     -    7s
    62    42 1650.76466   14  134 1823.19117 1614.94352  11.4%   141   10s
  1047   679 1653.39369   61   42 1823.19117 1649.94378  9.50%  54.8   15s
  1348   809 1725.57709   74  154 1823.19117 1649.94378  9.50%  51.1   29s
  1350   810 1650.51251   17  109 1823.19117 1649.94378  9.50%  51.0   30s
  1360   818 1776.41527  114  154 1823.19117 1649.94378  9.50%  57.1   35s
  1379   836 1699.64242   25   87 1823.19117 1649.94378  9.50%  63.6   40s
  1510   880 1651.23046   28  100 1823.19117 1649.94378  9.50%  77.4   45s
  1806   944 1668.86642   38   96 1823.19117 1649.94387  9.50%  82.6   50s
  2276   994 1782.05824   47   67 1823.19117 1650.25510  9.49%  90.3   55s
  2763  1021 1798.29539   35   90 1823.19117 1651.30714  9.43%  97.4   60s
  3317  1000 1784.19487   35  126 1823.19117 1652.00749  9.39%   102   65s
  3808  1079 1766.01067   45   29 1823.19117 1652.69865  9.35%   105   70s
  4800  1393 1702.35304   38  110 1823.19117 1657.93009  9.06%  99.2   75s
  5878  1747 1805.58565   39   47 1823.19117 1663.02554  8.78%  92.5   81s
  6878  2232 1730.60066   31   74 1823.19117 1664.51240  8.70%  88.7   86s
  7635  2471 infeasible   44      1823.19117 1665.38014  8.66%  86.6   90s
  9106  2975 infeasible   42      1823.19117 1666.60738  8.59%  84.1   97s
  9976  3124 1670.42680   41   27 1823.19117 1669.00141  8.46%  82.8  101s
 10352  3241 infeasible   41      1823.19117 1669.51265  8.43%  83.8  117s
 11200  3323 1784.83795   45   44 1823.19117 1677.84623  7.97%  83.7  121s
 11833  3426 infeasible   44      1823.19117 1699.74295  6.77%  83.6  126s
 12355  3666 1782.33143   42   72 1823.19117 1700.41918  6.73%  85.1  132s
 12792  3764 1775.83689   45   37 1823.19117 1700.48906  6.73%  85.1  135s
 13155  3875 1759.92101   46   67 1823.19117 1700.82476  6.71%  86.8  141s
 14073  4178 1715.71985   41   30 1823.19117 1701.92593  6.65%  87.0  147s
 14723  4307 1754.57968   41  101 1823.19117 1702.11333  6.64%  86.3  150s
 15632  4621 1747.64686   39   69 1823.19117 1702.41182  6.62%  85.9  156s
 16559  4932 infeasible   60      1823.19117 1702.69531  6.61%  85.2  162s
 17535  5211 infeasible   42      1823.19117 1702.89142  6.60%  84.7  167s
 17987  5356     cutoff   40      1823.19117 1702.93146  6.60%  84.6  170s
 19095  5705 1733.73256   45   60 1823.19117 1703.15727  6.58%  84.2  175s
 20073  5956 infeasible   59      1823.19117 1703.41652  6.57%  84.3  181s
 20969  6120 1757.17626   54  154 1823.19117 1703.64611  6.56%  84.0  264s
 20971  6121 1766.68238   51  429 1823.19117 1703.64611  6.56%  84.0  266s
 20978  6126 1704.76084   38  484 1823.19117 1703.64611  6.56%  84.0  272s
 20982  6129 1787.28259   43  412 1823.19117 1703.64611  6.56%  83.9  276s
 20985  6131 1717.98300   47  425 1823.19117 1703.64611  6.56%  83.9  283s
 20987  6132 1755.05280   43  430 1823.19117 1703.64611  6.56%  83.9  285s
 20991  6135 1708.18316   43  505 1823.19117 1703.64611  6.56%  83.9  290s
 20994  6137 1747.07568   43  495 1823.19117 1703.64611  6.56%  83.9  295s
 20998  6139 1755.23033   47  564 1823.19117 1703.64611  6.56%  83.9  300s
 21003  6143 1762.14462   49  437 1823.19117 1703.64611  6.56%  83.9  307s
 21005  6144 1756.93442   44  447 1823.19117 1703.64611  6.56%  83.9  310s
 21011  6148 1757.21811   52  447 1823.19117 1703.64611  6.56%  83.8  315s
 21014  6150 1742.32909   45  445 1823.19117 1703.64611  6.56%  83.8  320s
 21019  6158 1703.64611   39  317 1823.19117 1703.64611  6.56%  84.7  325s
 21027  6167 1703.64611   41  287 1823.19117 1703.64611  6.56%  85.0  331s
 21050  6174 1703.64611   45  284 1823.19117 1703.64611  6.56%  85.6  335s
 21142  6181 1754.30740   67  208 1823.19117 1703.64611  6.56%  86.6  341s
 21185  6176 1783.69893   74  237 1823.19117 1703.64611  6.56%  87.2  345s
 21260  6182 1714.97758   45   76 1823.19117 1703.64611  6.56%  88.1  350s
 21421  6191 1729.26975   48  216 1823.19117 1703.64611  6.56%  89.3  355s
 21556  6232 1703.64611   49  216 1823.19117 1703.64611  6.56%  90.4  360s
 21651  6227 1703.64611   64  242 1823.19117 1703.64611  6.56%  90.8  365s
 21909  6255 1715.63638   45   91 1823.19117 1703.64611  6.56%  91.6  370s
 22126  6266 1819.46847   79   30 1823.19117 1703.64611  6.56%  93.0  375s
 22307  6229 1785.60428   69  147 1823.19117 1703.64611  6.56%  93.8  381s
 22427  6232 1791.21649   85   51 1823.19117 1703.64611  6.56%  94.2  385s
 22710  6187 1703.64611   48  275 1823.19117 1703.64611  6.56%  95.9  390s
 23068  6207 1815.02245   68  166 1823.19117 1703.64611  6.56%  96.0  395s
 23775  6173 1717.20904   48  255 1823.19117 1703.64611  6.56%  95.8  402s
 24166  6132 1811.41216   85  119 1823.19117 1703.64611  6.56%  95.9  406s
 24290  6171 1703.64611   46  228 1823.19117 1703.64611  6.56%  96.1  411s
 24557  6298 1707.18334   54  197 1823.19117 1703.64611  6.56%  96.3  416s
 25188  6321 1707.81362   54  296 1823.19117 1703.64611  6.56%  95.4  421s
 25639  6385     cutoff   75      1823.19117 1703.64611  6.56%  96.3  426s
 26321  6431     cutoff   63      1823.19117 1703.64611  6.56%  96.0  432s
 26550  6382 1761.96317   62  152 1823.19117 1703.84085  6.55%  96.4  435s
 26816  6593 1707.54952   57  237 1823.19117 1703.84577  6.55%  96.3  443s
 27665  6401 1820.08978   74    5 1823.19117 1704.35018  6.52%  95.3  446s
 28039  6358 1761.60405   58  154 1823.19117 1704.86003  6.49%  95.4  450s
 28877  6332     cutoff   57      1823.19117 1705.30007  6.47%  95.6  458s
 29644  6108 1711.50499   53  327 1823.19117 1706.14995  6.42%  95.6  461s
 29989  6057 1820.74579   60  190 1823.19117 1707.36457  6.35%  96.5  466s
 30294  6129 1743.65301   58  124 1823.19117 1708.01758  6.32%  96.7  470s
 31021  6189 1712.69338   52  195 1823.19117 1709.09323  6.26%  97.7  478s
 31464  6205     cutoff   89      1823.19117 1710.61592  6.17%  98.9  491s
 31877  6460     cutoff   92      1823.19117 1711.00657  6.15%  99.5  496s
 32979  6476     cutoff   65      1823.19117 1711.37664  6.13%   101  503s
 33728  6264     cutoff   60      1823.19117 1711.68403  6.12%   101  506s
 34614  6181     cutoff   55      1823.19117 1712.36411  6.08%   101  512s
 34784  6299 1795.70899   58  216 1823.19117 1712.37195  6.08%   102  515s
 35492  6281     cutoff   67      1823.19117 1712.63279  6.06%   102  521s
 36111  6124 1805.68393   67  117 1823.19117 1712.89624  6.05%   102  525s
 36622  6197 1783.71562   80  215 1823.19117 1713.21538  6.03%   102  531s
 37299  6329 1773.85481   73  193 1823.19117 1713.64204  6.01%   103  537s
 37904  6186 infeasible   65      1823.19117 1713.76287  6.00%   103  540s
 38680  6301     cutoff   69      1823.19117 1714.60069  5.96%   103  546s
 39879  6300     cutoff   53      1823.19117 1715.93882  5.88%   103  551s
 40714  6448     cutoff   64      1823.19117 1716.57546  5.85%   102  556s
 41390  6574 1795.46172   55   80 1823.19117 1716.89044  5.83%   102  561s
 41933  6818 1789.62749   67   65 1823.19117 1717.34040  5.81%   103  573s
 42273  7034 1796.79835   65   72 1823.19117 1717.60886  5.79%   103  578s
 43069  7080 infeasible   54      1823.19117 1717.82572  5.78%   103  581s
 43251  7289 1741.18989   60  248 1823.19117 1718.04902  5.77%   104  586s
 44275  7629 1719.23856   59  232 1823.19117 1718.36964  5.75%   104  593s
 45068  7632 1759.13338   63  183 1823.19117 1718.64609  5.73%   104  596s
 45667  7731     cutoff   69      1823.19117 1719.09949  5.71%   104  601s
 45731  7730     cutoff   55      1823.19117 1719.16165  5.71%   105  607s
 45851  7725 infeasible   79      1823.19117 1719.33566  5.70%   105  611s
 46447  7766     cutoff   58      1823.19117 1719.76621  5.67%   106  617s
 46582  7766 1762.39992   63  193 1823.19117 1720.05375  5.66%   106  620s
 47427  7866 1771.30581   57  149 1823.19117 1721.64109  5.57%   107  628s
 47632  8057 1723.87374   61  396 1823.19117 1723.46141  5.47%   107  632s
 48365  8216 1770.48786   70  405 1823.19117 1725.36241  5.37%   106  635s
 49124  8346 1747.14560   57  441 1823.19117 1729.13061  5.16%   107  642s
 49396  8368 1793.26046   66  272 1823.19117 1729.30834  5.15%   106  645s
 49549  8459 1819.09538   65  132 1823.19117 1729.30834  5.15%   107  652s
 49744  8714 1752.28221   68   59 1823.19117 1729.51925  5.14%   107  656s
 51004  9094 1784.76145   60  223 1823.19117 1729.95173  5.11%   107  664s
 52016  9147 infeasible   60      1823.19117 1730.16010  5.10%   106  667s
 52242  9559 1756.53912   67  212 1823.19117 1730.47151  5.09%   106  679s
 53629  9559 1808.56165   59  152 1823.19117 1731.14412  5.05%   105  680s
 54248  9729 1823.07768   86  227 1823.19117 1731.52000  5.03%   105  686s
 54820  9912 1799.54564   74  105 1823.19117 1731.69072  5.02%   105  690s
 55381  9932 infeasible   67      1823.19117 1732.01134  5.00%   105  695s
 56178 10230 1795.37705   61  140 1823.19117 1732.43025  4.98%   105  701s
 56738 10471 infeasible   64      1823.19117 1732.59437  4.97%   105  705s
 58187 10701     cutoff   72      1823.19117 1733.76710  4.90%   104  710s
 59407 11157 1817.29354   60   66 1823.19117 1734.27400  4.88%   103  715s
 60746 11592 1770.53834   71  121 1823.19117 1734.82851  4.85%   103  721s
 61855 11815 1758.22762   78   87 1823.19117 1737.42654  4.70%   102  726s
 62448 12001 infeasible   65      1823.19117 1739.41694  4.59%   102  737s
 63439 12099 1787.11390   69  178 1823.19117 1741.46319  4.48%   101  742s
 64018 12079 infeasible   54      1823.19117 1742.42670  4.43%   101  747s
 64678 12215 infeasible   56      1823.19117 1743.91830  4.35%   101  753s
 65405 12198 1776.73591   56  232 1823.19117 1744.95373  4.29%   101  755s
 66283 12251 infeasible  102      1823.19117 1746.22341  4.22%   101  760s
 67322 12459 1752.39609   58  169 1823.19117 1748.52396  4.10%   100  766s
 68321 12778     cutoff   62      1823.19117 1749.11756  4.06%   100  771s
 69063 12868     cutoff   71      1823.19117 1749.95463  4.02%  99.4  776s
 70166 13095     cutoff   70      1823.19117 1750.44813  3.99%  98.8  781s
 70872 13242 1810.62284   58   60 1823.19117 1751.14944  3.95%  98.7  786s
 71747 13468 1808.08697   67   59 1823.19117 1751.30752  3.94%  98.4  791s
 72576 13641 1802.21402   74  284 1823.19117 1751.84980  3.91%  97.9  795s
 72742 13635 1802.21402   75  283 1823.19117 1751.84980  3.91%  97.9  804s
 72905 13736 infeasible   75      1823.19117 1752.00027  3.90%  97.9  814s
 73488 14236 1755.05621   64  222 1823.19117 1752.20161  3.89%  97.8  820s
 74952 14285 1753.19413   50  206 1823.19117 1752.91390  3.85%  97.8  826s
 75318 14370 infeasible   75      1823.19117 1752.91392  3.85%  98.4  832s
 75462 14494     cutoff   67      1823.19117 1752.93584  3.85%  98.6  836s
 75886 14530     cutoff   56      1823.19117 1752.95514  3.85%  98.7  840s
 76297 14650 1806.93601   60  241 1823.19117 1753.16012  3.84%  99.4  847s
 76479 14867 1810.81678   77  259 1823.19117 1753.19215  3.84%   100  851s
 77399 15186 1800.58825   52  297 1823.19117 1753.51193  3.82%   100  858s
 78299 15264 1768.55924   76   99 1823.19117 1753.86917  3.80%  99.3  862s
 78484 15534 1764.84978   63  195 1823.19117 1753.99478  3.80%  99.3  865s
 79639 16095     cutoff   63      1823.19117 1754.36695  3.77%  99.1  872s
 80689 16143 1808.03819   58  249 1823.19117 1754.39761  3.77%  98.7  875s
 81834 16750 1811.16797   68  173 1823.19117 1754.60191  3.76%  98.3  881s
 82534 17177 1765.11088   67   85 1823.19117 1754.76764  3.75%  98.3  887s
 83345 17284     cutoff   64      1823.19117 1754.85861  3.75%  98.1  897s
 83624 17837 infeasible   53      1823.19117 1754.92474  3.74%  98.1  903s
 85079 17868 infeasible   58      1823.19117 1755.05352  3.74%  97.8  905s
 86037 18280 1764.35792   55  179 1823.19117 1755.27060  3.73%  97.6  910s
 86685 18528 1800.70503   63  175 1823.19117 1755.37163  3.72%  97.5  915s
 88051 18861     cutoff   75      1823.19117 1755.44702  3.72%  97.2  921s
 88163 19011     cutoff   60      1823.19117 1755.46274  3.71%  97.2  925s
 89132 19465 1817.28569   67  143 1823.19117 1755.63136  3.71%  96.9  931s
 90437 19692 1795.88169   58  208 1823.19117 1755.82906  3.69%  96.5  936s
 91171 20013 1818.15769   63  140 1823.19117 1755.85493  3.69%  96.3  940s
 91979 20433 infeasible   72      1823.19117 1755.97410  3.69%  96.1  945s
 93319 20901     cutoff   66      1823.19117 1756.07786  3.68%  95.6  952s
 93883 20970 1822.67851   85   71 1823.19117 1756.12364  3.68%  95.4  962s
 94051 22051     cutoff   72      1823.19117 1756.14241  3.68%  95.3  970s
 96944 22131 1758.45559   69  154 1823.19117 1756.41559  3.66%  94.5  975s
 97967 22549 1757.80295   60  139 1823.19117 1756.47446  3.66%  94.1  980s
 99189 23165 1790.16853   79  162 1823.19117 1756.58722  3.65%  93.6  986s
 100482 23474 1808.74813   68  253 1823.19117 1756.62826  3.65%  93.1  991s
 101638 23869 1768.89796   61  195 1823.19117 1756.73478  3.65%  92.8  996s
 102245 24149 infeasible   66      1823.19117 1756.78698  3.64%  92.7 1000s
 103246 24446 infeasible   81      1823.19117 1756.84437  3.64%  92.2 1005s
 103274 24453 1782.23837   63  122 1823.19117 1756.85390  3.64%  92.2 1010s
 103387 24511     cutoff   79      1823.19117 1756.86288  3.64%  92.2 1016s
 103885 24883     cutoff   66      1823.19117 1756.90454  3.64%  92.0 1021s
 104435 25055 1764.04181   66  205 1823.19117 1756.93410  3.63%  91.9 1031s
 104848 25573     cutoff   68      1823.19117 1756.97063  3.63%  91.8 1035s
 107124 26129 1765.21922   64  206 1823.19117 1757.12055  3.62%  91.0 1041s
 107954 26295     cutoff   76      1823.19117 1757.18511  3.62%  90.7 1045s
 109205 26718 1796.12217   66  145 1823.19117 1757.28465  3.61%  90.3 1050s
 110134 27262 1765.24138   77   99 1823.19117 1757.32222  3.61%  89.9 1055s
 111489 27548 infeasible   83      1823.19117 1757.40562  3.61%  89.5 1060s
 112462 27965     cutoff   53      1823.19117 1757.46961  3.60%  89.2 1065s
 113326 28133 1759.15402   65  164 1823.19117 1757.51299  3.60%  89.1 1070s
 114668 28686 1758.47376   67   96 1823.19117 1757.60835  3.60%  88.6 1082s
 115101 29036 1813.07660   73  176 1823.19117 1757.64887  3.59%  88.5 1087s
 116497 29405 1758.41251   75  172 1823.19117 1757.74316  3.59%  88.1 1090s
 117255 29692     cutoff   81      1823.19117 1757.77913  3.59%  87.9 1095s
 118845 30247 1775.65290   58  118 1823.19117 1757.86275  3.58%  87.3 1100s
 120259 30574 1812.70439   57  115 1823.19117 1757.93398  3.58%  87.0 1105s
 121343 30979     cutoff   87      1823.19117 1758.00733  3.58%  86.7 1110s
 122646 31596 1795.40648   67  141 1823.19117 1758.05318  3.57%  86.5 1116s
 123643 31935 1793.98811   75  125 1823.19117 1758.13773  3.57%  86.3 1120s
 124763 32322     cutoff   83      1823.19117 1758.19596  3.56%  86.1 1125s
 125171 32370 1811.86305   75   95 1823.19117 1758.20682  3.56%  86.0 1134s
 125314 32776 1759.96706   74  167 1823.19117 1758.20824  3.56%  86.0 1142s
 126595 33206 1762.26437   57  191 1823.19117 1758.29949  3.56%  85.8 1145s
 128692 33572 1799.44124   67   93 1823.19117 1758.42672  3.55%  85.3 1152s
 129476 33780 1790.37515   63  135 1823.19117 1758.46214  3.55%  85.1 1156s
 130114 34065 infeasible   65      1823.19117 1758.49947  3.55%  85.0 1160s
 131440 34606 1811.72978   75  105 1823.19117 1758.57775  3.54%  84.7 1166s
 132068 34840     cutoff   61      1823.19117 1758.59476  3.54%  84.6 1170s
 133427 35265 1766.77344   56  225 1823.19117 1758.69279  3.54%  84.3 1176s
 134821 35702 1814.12395   78   72 1823.19117 1758.76013  3.53%  83.9 1181s
 135396 36034 1802.55033   71   43 1823.19117 1758.84530  3.53%  83.9 1190s
 136916 36299     cutoff   77      1823.19117 1758.91375  3.53%  83.6 1196s
 137507 36593 1778.25943   67  201 1823.19117 1758.96625  3.52%  83.4 1200s
 138042 36589     cutoff   61      1823.19117 1758.99727  3.52%  83.4 1205s
 138286 36719     cutoff   68      1823.19117 1759.00250  3.52%  83.4 1211s
 138900 36998 1798.37782   65  120 1823.19117 1759.02792  3.52%  83.3 1216s
 139462 37200 1777.35642   75  231 1823.19117 1759.08241  3.52%  83.3 1220s
 140220 37302 1793.59317   62  104 1823.19117 1759.12877  3.51%  83.2 1225s
 141224 37568 1809.33693   73   42 1823.19117 1759.19742  3.51%  83.0 1230s
 142359 37993 1812.98625   81  220 1823.19117 1759.28970  3.50%  83.0 1236s
 143588 38255 1816.07808   72  217 1823.19117 1759.36927  3.50%  82.8 1242s
 144177 38468 1819.34507   69  210 1823.19117 1759.42128  3.50%  82.8 1246s
 145022 38628     cutoff   90      1823.19117 1759.46154  3.50%  82.8 1250s
 145808 38815 1816.36052   63  114 1823.19117 1759.49044  3.49%  82.7 1261s
 145957 39553 1773.55141   75  219 1823.19117 1759.54069  3.49%  82.7 1269s
 148400 39585 1795.63049   65  219 1823.19117 1759.69407  3.48%  82.5 1271s
 149441 39928 infeasible   65      1823.19117 1759.79822  3.48%  82.3 1276s
 150665 40190     cutoff   75      1823.19117 1759.91605  3.47%  82.0 1281s
 151547 40416 1821.38653   72  125 1823.19117 1760.00002  3.47%  81.8 1285s
 152468 40753 1800.10995   75  201 1823.19117 1760.08250  3.46%  81.7 1290s
 153464 41151 1766.03211   58  219 1823.19117 1760.16071  3.46%  81.6 1296s
 154509 41263     cutoff   66      1823.19117 1760.25768  3.45%  81.5 1300s
 155180 41590 1816.30530   61  246 1823.19117 1760.33343  3.45%  81.5 1305s
 156411 41828 1819.46171   70  120 1823.19117 1760.43683  3.44%  81.3 1318s
 156733 42159 1820.18674   83  206 1823.19117 1760.50519  3.44%  81.3 1323s
 158105 42338 1784.36854   64  110 1823.19117 1760.61001  3.43%  81.1 1327s
 158782 42533 1798.26349   78   65 1823.19117 1760.67048  3.43%  81.0 1330s
 159943 42811 1812.93684   85  177 1823.19117 1760.79753  3.42%  80.9 1335s
 161051 43011 1818.93400   90  128 1823.19117 1760.92345  3.42%  80.8 1340s
 161923 43178 1761.44234   62  192 1823.19117 1761.03251  3.41%  80.8 1345s
 162959 43649 1773.53713   59   58 1823.19117 1761.24359  3.40%  80.7 1352s
 163785 43885 1763.80320   72  162 1823.19117 1761.34466  3.39%  80.6 1356s
 164470 44090     cutoff   71      1823.19117 1761.40907  3.39%  80.6 1360s
 165658 44371 infeasible   64      1823.19117 1761.55542  3.38%  80.5 1366s
 166226 44396 1788.71455   66   98 1823.19117 1761.59965  3.38%  80.4 1371s
 166542 44645 1765.35008   64  209 1823.19117 1761.67679  3.37%  80.4 1376s
 167175 44734     cutoff   62      1823.19117 1761.73198  3.37%  80.4 1384s
 167611 44822 1766.06686   73  125 1823.19117 1761.77544  3.37%  80.4 1387s
 167981 44885 1823.01259  110  236 1823.19117 1761.83558  3.37%  80.3 1390s
 168852 45235 1768.42787   77  132 1823.19117 1761.96307  3.36%  80.3 1396s
 169799 45438     cutoff   64      1823.19117 1762.03921  3.35%  80.3 1400s
 170482 45702 1815.56522   65  256 1823.19117 1762.12702  3.35%  80.4 1405s
 171631 45854 1822.95763   88  188 1823.19117 1762.19164  3.35%  80.3 1410s
 172608 46211 1772.74513   86   21 1823.19117 1762.33429  3.34%  80.3 1417s
 173247 46344 1798.14278   55  209 1823.19117 1762.43009  3.33%  80.2 1420s
 173920 46609 1807.27101   82  104 1823.19117 1762.49726  3.33%  80.2 1425s
 175361 46979 1774.75427   70  156 1823.19117 1762.65070  3.32%  80.0 1430s
 176825 47286 1812.46173   76  147 1823.19117 1762.77451  3.31%  79.8 1436s
 177429 47606 1820.75179   70  108 1823.19117 1762.85309  3.31%  79.8 1446s
 179013 47888 1790.95939   68  103 1823.19117 1763.01676  3.30%  79.6 1451s
 179710 48179 1799.55348   75  159 1823.19117 1763.07176  3.30%  79.6 1456s
 180979 48451     cutoff   67      1823.19117 1763.15060  3.29%  79.4 1460s
 181870 48831 1764.07406   81  236 1823.19117 1763.28935  3.29%  79.3 1466s
 183083 49063     cutoff   62      1823.19117 1763.35060  3.28%  79.2 1471s
 184210 49319 1776.59355   91  243 1823.19117 1763.47551  3.28%  79.1 1476s
 184704 49567     cutoff   71      1823.19117 1763.50438  3.27%  79.1 1480s
 185961 49968 1774.72141   88   59 1823.19117 1763.66539  3.26%  78.9 1486s
 186610 50176 1809.01104   69  174 1823.19117 1763.70771  3.26%  78.9 1490s
 188110 50469     cutoff   76      1823.19117 1763.84402  3.26%  78.7 1502s
 188285 51320     cutoff   71      1823.19117 1763.85672  3.25%  78.7 1510s
 191192 51569 1822.86559   97  278 1823.19117 1764.05029  3.24%  78.3 1515s
 192205 51906 infeasible   68      1823.19117 1764.12873  3.24%  78.2 1520s
 193264 52005 1804.50010   66   84 1823.19117 1764.15438  3.24%  78.1 1525s
 193958 52275     cutoff   82      1823.19117 1764.24626  3.23%  78.1 1530s
 195151 52578 1795.50948   74  218 1823.19117 1764.31643  3.23%  78.0 1536s
 196114 52966 1797.43151   76  123 1823.19117 1764.42551  3.22%  78.0 1541s
 197000 53286 1767.85438   84  124 1823.19117 1764.51635  3.22%  77.9 1546s
 198126 53516 1817.13342   80  112 1823.19117 1764.59476  3.21%  77.8 1550s
 198650 53751 1819.64500   76  118 1823.19117 1764.64236  3.21%  77.7 1561s
 199354 53967 1766.51976   77   57 1823.19117 1764.70575  3.21%  77.7 1566s
 200487 54208 1806.68721   71  112 1823.19117 1764.77883  3.20%  77.6 1570s
 201677 54630 infeasible   78      1823.19117 1764.86779  3.20%  77.5 1576s
 202428 54858 1796.76562   64  178 1823.19117 1764.92532  3.20%  77.4 1581s
 203214 55018 1817.64881   70  172 1823.19117 1764.99588  3.19%  77.4 1585s
 204362 55224 infeasible   68      1823.19117 1765.04249  3.19%  77.3 1591s
 205304 55576 1786.51070   67  183 1823.19117 1765.10669  3.19%  77.2 1596s
 206204 55941 1789.87001   63   91 1823.19117 1765.16731  3.18%  77.1 1602s
 207154 56068     cutoff   68      1823.19117 1765.21819  3.18%  77.0 1605s
 208128 56233     cutoff   73      1823.19117 1765.30814  3.17%  77.0 1610s
 208858 56561 infeasible   84      1823.19117 1765.36756  3.17%  77.0 1621s
 209773 56716 1820.70115   82  170 1823.19117 1765.41177  3.17%  76.9 1625s
 209923 56766 1812.23256   74  103 1823.19117 1765.42449  3.17%  76.9 1631s
 210187 57134 1812.23783   79   76 1823.19117 1765.46828  3.17%  76.9 1637s
 212189 57300 1818.47352   70  233 1823.19117 1765.60787  3.16%  76.8 1641s
 212575 57523     cutoff   77      1823.19117 1765.64146  3.16%  76.7 1646s
 213511 57749     cutoff   81      1823.19117 1765.73352  3.15%  76.7 1650s
 215100 58235 1766.27740   68   46 1823.19117 1765.87317  3.14%  76.6 1656s
 216006 58513     cutoff   82      1823.19117 1765.91228  3.14%  76.5 1660s
 217515 58970 1818.12460   74  193 1823.19117 1765.96791  3.14%  76.3 1666s
 218681 59150 1792.64011   65   50 1823.19117 1766.04397  3.13%  76.2 1670s
 219408 59430 infeasible   79      1823.19117 1766.06878  3.13%  76.1 1680s
 220465 59585 1803.03528   74   99 1823.19117 1766.14136  3.13%  76.2 1685s
 221689 59916     cutoff   81      1823.19117 1766.24181  3.12%  76.0 1690s
 222577 60251 1803.25508   70  144 1823.19117 1766.29301  3.12%  76.0 1696s
 223482 60327 1813.26852   68  119 1823.19117 1766.36296  3.12%  76.0 1700s
 224263 60622 infeasible   70      1823.19117 1766.39878  3.11%  76.1 1706s
 225402 60894     cutoff   82      1823.19117 1766.45730  3.11%  75.9 1711s
 226413 61237     cutoff   84      1823.19117 1766.53282  3.11%  75.9 1716s
 227577 61375 infeasible   74      1823.19117 1766.60365  3.10%  75.9 1720s
 228560 61827 1786.87289   71  154 1823.19117 1766.65549  3.10%  75.9 1725s
 229767 62003 1823.07752  100  163 1823.19117 1766.70577  3.10%  75.8 1737s
 230094 62186 1821.04008   72  165 1823.19117 1766.73390  3.10%  75.8 1740s
 231747 62277 1803.97713   81  182 1823.19117 1766.84611  3.09%  75.8 1745s
 232047 62406 1816.28224   76  208 1823.19117 1766.84611  3.09%  75.8 1751s
 232814 62695 1807.43905   80   53 1823.19117 1766.90269  3.09%  75.7 1756s
 233628 62798 1767.32531   72  151 1823.19117 1766.96787  3.08%  75.7 1761s
 234567 62936 infeasible   64      1823.19117 1767.04769  3.08%  75.6 1766s
 235152 62992     cutoff   65      1823.19117 1767.11133  3.08%  75.7 1770s
 235196 63025     cutoff   59      1823.19117 1767.11257  3.08%  75.7 1776s
 235376 63075 infeasible   66      1823.19117 1767.11412  3.08%  75.7 1781s
 235739 63145     cutoff   72      1823.19117 1767.12673  3.08%  75.7 1785s
 236348 63333 1769.62022   66  140 1823.19117 1767.16735  3.07%  75.7 1791s
 237231 63681 1775.60517   86  156 1823.19117 1767.17093  3.07%  75.7 1796s
 238223 64070     cutoff  101      1823.19117 1767.18668  3.07%  75.7 1800s
 239162 64555 1821.29132   82  105 1823.19117 1767.25509  3.07%  75.6 1807s
 240362 64783 1810.04347   77  153 1823.19117 1767.33953  3.06%  75.6 1818s
 240716 65025 1819.59341   80  181 1823.19117 1767.36167  3.06%  75.6 1821s
 241677 65256 1771.24918   72  179 1823.19117 1767.40725  3.06%  75.5 1826s
 242746 65519 infeasible   66      1823.19117 1767.47478  3.06%  75.4 1830s
 244173 65629 1792.19875   69  189 1823.19117 1767.58352  3.05%  75.3 1836s
 244825 65783     cutoff   89      1823.19117 1767.64250  3.05%  75.3 1840s
 245839 65921 1767.98016   65  156 1823.19117 1767.71593  3.04%  75.3 1845s
 246665 66219 1808.68767   85  229 1823.19117 1767.78953  3.04%  75.3 1851s
 247646 66336 1771.82680   91  168 1823.19117 1767.81613  3.04%  75.3 1855s
 248534 66675 1821.02668   81   99 1823.19117 1767.86681  3.03%  75.3 1860s
 249804 66852 infeasible   67      1823.19117 1767.92485  3.03%  75.2 1865s
 250592 67193 1787.00663   81  220 1823.19117 1767.96211  3.03%  75.1 1875s
 251140 67265 1768.92639   68   67 1823.19117 1767.99208  3.03%  75.1 1880s
 252547 67668 infeasible   67      1823.19117 1768.05129  3.02%  75.1 1886s
 253364 67824 1792.04046   70  216 1823.19117 1768.10861  3.02%  75.1 1890s
 254129 68083     cutoff   64      1823.19117 1768.14972  3.02%  75.1 1895s
 255283 68256     cutoff   95      1823.19117 1768.24912  3.01%  75.1 1901s
 255783 68298 infeasible   66      1823.19117 1768.29054  3.01%  75.1 1906s
 256470 68378 infeasible   68      1823.19117 1768.32752  3.01%  75.1 1910s
 257300 68494 infeasible   74      1823.19117 1768.39888  3.01%  75.1 1915s
 258410 68796 1769.14462   64  114 1823.19117 1768.49469  3.00%  75.0 1921s
 259489 68897 1768.72240   59  103 1823.19117 1768.55845  3.00%  75.0 1925s
 260274 69150 1793.81264   71  448 1823.19117 1768.59833  2.99%  75.0 1930s
 260794 69360 infeasible   86      1823.19117 1768.62047  2.99%  75.0 1940s
 261916 69438 1770.15714   84  201 1823.19117 1768.70863  2.99%  75.0 1945s
 262368 69602 infeasible   68      1823.19117 1768.71697  2.99%  75.0 1950s
 263761 69794     cutoff   74      1823.19117 1768.79714  2.98%  74.9 1955s
 264999 69984 1770.63982   70  269 1823.19117 1768.89040  2.98%  74.9 1961s
 265930 70161 infeasible   66      1823.19117 1768.94616  2.98%  74.9 1966s
 266690 70308 1821.92134   89  135 1823.19117 1768.99228  2.97%  74.9 1971s
 267697 70338     cutoff   75      1823.19117 1769.05092  2.97%  74.9 1975s
 268705 70421 1769.64842   70  138 1823.19117 1769.13266  2.97%  74.9 1981s
 268847 70446     cutoff   72      1823.19117 1769.13291  2.97%  74.9 1985s
 269252 70533     cutoff   90      1823.19117 1769.14925  2.96%  74.8 1991s
 270211 70738 1812.64518   68  192 1823.19117 1769.21458  2.96%  74.8 1997s
 270852 70749     cutoff   72      1823.19117 1769.24884  2.96%  74.8 2000s
 271298 70758 1820.66017   89   87 1823.19117 1769.26429  2.96%  74.8 2008s
 271428 70686 1812.41291   81  113 1823.19117 1769.27203  2.96%  74.8 2017s
 272835 70953     cutoff   63      1823.19117 1769.36445  2.95%  74.7 2023s
 273837 70998 1808.42673   78  123 1823.19117 1769.41037  2.95%  74.7 2025s
 274915 71205 1822.87032   83  122 1823.19117 1769.47367  2.95%  74.6 2030s
 276136 71387     cutoff   75      1823.19117 1769.55947  2.94%  74.6 2035s
 276899 71566 1821.39854   79   15 1823.19117 1769.59658  2.94%  74.6 2040s
 277960 71652     cutoff   92      1823.19117 1769.65086  2.94%  74.7 2045s
 278718 71769 1770.14636   55   99 1823.19117 1769.71389  2.93%  74.8 2051s
 279225 71906 infeasible   70      1823.19117 1769.72936  2.93%  74.8 2055s
 280950 71975 1770.80621   66   98 1823.19117 1769.82559  2.93%  74.7 2060s
 281916 72041     cutoff   65      1823.19117 1769.92402  2.92%  74.7 2070s
 282902 72157 infeasible   86      1823.19117 1769.98199  2.92%  74.8 2077s
 283059 72456 1770.56636   73   93 1823.19117 1770.00481  2.92%  74.8 2080s
 284989 72598     cutoff   59      1823.19117 1770.07493  2.91%  74.7 2086s
 285767 72700 1821.14253   87  194 1823.19117 1770.15372  2.91%  74.7 2090s
 286682 72787 1811.84892   75  170 1823.19117 1770.20482  2.91%  74.6 2096s
 287908 72845 1803.13877   79  162 1823.19117 1770.31662  2.90%  74.6 2101s
 288822 73070 1793.11067   67  126 1823.19117 1770.33589  2.90%  74.6 2105s
 289683 73259 1773.16185   67  225 1823.19117 1770.37257  2.90%  74.6 2112s
 290663 73353 infeasible   69      1823.19117 1770.45094  2.89%  74.6 2115s
 291835 73399     cutoff   68      1823.19117 1770.52274  2.89%  74.5 2120s
 292640 73441 infeasible   91      1823.19117 1770.59594  2.88%  74.5 2130s
 293507 73534 infeasible   74      1823.19117 1770.63914  2.88%  74.6 2136s
 293659 73544 1771.63357   79  172 1823.19117 1770.64932  2.88%  74.6 2141s
 293797 73599 1811.82502   73   59 1823.19117 1770.64948  2.88%  74.6 2145s
 295473 73689 1814.47008   88  185 1823.19117 1770.75928  2.88%  74.5 2151s
 296147 73761 infeasible   65      1823.19117 1770.82613  2.87%  74.6 2157s
 296329 73811     cutoff   87      1823.19117 1770.84882  2.87%  74.7 2160s
 297509 73874 1771.38717   83  167 1823.19117 1770.95866  2.86%  74.6 2165s
 298489 73971 infeasible   61      1823.19117 1771.04263  2.86%  74.7 2170s
 300196 74033 1771.85873   66   69 1823.19117 1771.16974  2.85%  74.6 2176s
 301003 74034 infeasible   88      1823.19117 1771.25780  2.85%  74.6 2181s
 301597 74060 infeasible   73      1823.19117 1771.33152  2.84%  74.7 2185s
 302740 74149 1788.36419   78  188 1823.19117 1771.42390  2.84%  74.7 2191s
 303406 74114 1811.38011   67  106 1823.19117 1771.49228  2.84%  74.7 2198s
 303570 73903 infeasible   66      1823.19117 1771.50898  2.83%  74.7 2203s
 305020 73918 1790.25556   63   97 1823.19117 1771.65395  2.83%  74.7 2206s
 305871 73943     cutoff   81      1823.19117 1771.74615  2.82%  74.6 2210s
 306610 73926 1791.54485   74  245 1823.19117 1771.82051  2.82%  74.7 2215s
 308100 73974 1808.78881   84  124 1823.19117 1772.03749  2.81%  74.6 2220s
 308835 73981     cutoff   55      1823.19117 1772.18145  2.80%  74.6 2225s
 309904 73938     cutoff   64      1823.19117 1772.34717  2.79%  74.6 2230s
 310847 73970 1775.87656   66   84 1823.19117 1772.53576  2.78%  74.6 2235s
 311761 73848     cutoff  100      1823.19117 1772.76511  2.77%  74.6 2240s
 312589 73836 1801.87258   63  158 1823.19117 1772.97168  2.75%  74.6 2246s
 313294 73832 1812.25489   70   72 1823.19117 1773.07454  2.75%  74.6 2250s
 314060 73782     cutoff   77      1823.19117 1773.29975  2.74%  74.6 2256s
 314817 73749     cutoff   81      1823.19117 1773.43823  2.73%  74.6 2264s
 315098 73696 infeasible   67      1823.19117 1773.49899  2.73%  74.6 2268s
 316275 73691 1810.79257   71  124 1823.19117 1773.68371  2.72%  74.5 2272s
 316659 73717 1776.51070   79   84 1823.19117 1773.71698  2.71%  74.5 2276s
 317433 73775     cutoff   68      1823.19117 1773.82489  2.71%  74.5 2280s
 318213 73671 infeasible   87      1823.19117 1773.98402  2.70%  74.6 2287s
 319013 73750 infeasible  105      1823.19117 1774.11419  2.69%  74.6 2290s
 320128 73738 1798.18358   60   51 1823.19117 1774.23221  2.69%  74.6 2296s
 320548 73680 infeasible   59      1823.19117 1774.28352  2.68%  74.6 2301s
 320755 73594 infeasible   70      1823.19117 1774.32822  2.68%  74.6 2306s
 321566 73500 infeasible   72      1823.19117 1774.46074  2.67%  74.7 2311s
 322444 73409 infeasible   68      1823.19117 1774.59199  2.67%  74.7 2316s
 322983 73269 1811.76022   69   72 1823.19117 1774.70064  2.66%  74.7 2321s
 323743 73094 infeasible   67      1823.19117 1774.82616  2.65%  74.7 2326s
 324205 73044 infeasible   69      1823.19117 1774.91910  2.65%  74.7 2331s
 324988 72982 1814.49124   65  162 1823.19117 1775.00831  2.64%  74.7 2335s
 325833 72879 infeasible   65      1823.19117 1775.17081  2.63%  74.7 2341s
 325954 72862 1782.27826   64  176 1823.19117 1775.21604  2.63%  74.7 2345s
 326146 72845 1782.28034   66  176 1823.19117 1775.22505  2.63%  74.7 2350s
 327100 72792 infeasible   86      1823.19117 1775.33073  2.63%  74.7 2355s
 327979 72624     cutoff   67      1823.19117 1775.46401  2.62%  74.7 2360s
 329164 72551 1795.61360   76  163 1823.19117 1775.69516  2.61%  74.7 2368s
 329243 72534     cutoff   74      1823.19117 1775.70542  2.60%  74.7 2371s
 330018 72413 infeasible   70      1823.19117 1775.78259  2.60%  74.7 2376s
 330556 72421 1777.81134   70  179 1823.19117 1775.95141  2.59%  74.7 2381s
 331279 72358 1814.48888   65   57 1823.19117 1776.03450  2.59%  74.7 2389s
 331478 72275 1821.93244   67   51 1823.19117 1776.03674  2.59%  74.7 2395s
 331890 72175     cutoff   68      1823.19117 1776.08503  2.58%  74.7 2400s
 333472 72206 1776.88774   60  180 1823.19117 1776.51485  2.56%  74.6 2407s
 333690 72202 infeasible   76      1823.19117 1776.55568  2.56%  74.6 2411s
 335263 72160 1818.40061   72  105 1823.19117 1776.78752  2.55%  74.5 2417s
 335572 72110     cutoff   94      1823.19117 1776.87097  2.54%  74.5 2420s
 336492 72094 1794.85402   71  215 1823.19117 1777.06134  2.53%  74.5 2425s
 337717 72030 1812.83119   65   93 1823.19117 1777.34266  2.51%  74.4 2430s
 338427 71862 infeasible   64      1823.19117 1777.55001  2.50%  74.4 2435s
 339414 71924 1810.30975   80  139 1823.19117 1777.82558  2.49%  74.3 2440s
 340910 71975     cutoff   96      1823.19117 1778.17912  2.47%  74.3 2445s
 341694 71965     cutoff   72      1823.19117 1778.33815  2.46%  74.2 2454s
 342045 71992     cutoff   71      1823.19117 1778.37615  2.46%  74.2 2457s
 343289 71897 1779.01036   74  193 1823.19117 1778.74498  2.44%  74.2 2460s
 344342 71886     cutoff   72      1823.19117 1779.00548  2.42%  74.1 2465s
 345051 71916 infeasible   67      1823.19117 1779.27135  2.41%  74.1 2470s
 346577 71947 infeasible   61      1823.19117 1779.56423  2.39%  74.0 2475s
 347603 71961 infeasible   76      1823.19117 1779.87953  2.38%  74.0 2482s
 348442 72090 infeasible   77      1823.19117 1780.04646  2.37%  73.9 2486s
 349309 72117 1819.45099   82   88 1823.19117 1780.26950  2.35%  73.9 2491s
 350503 72153 1821.92783   70   15 1823.19117 1780.60401  2.34%  73.8 2496s
 350995 72161 1817.27014   65  131 1823.19117 1780.72841  2.33%  73.8 2500s
 351796 72168 1817.54075   81   84 1823.19117 1780.96828  2.32%  73.8 2505s
 352288 72141     cutoff   70      1823.19117 1781.05270  2.31%  73.8 2512s
 352690 72129 1781.69682   60  171 1823.19117 1781.06612  2.31%  73.8 2516s
 352826 72176 infeasible   74      1823.19117 1781.13130  2.31%  73.8 2520s
 353865 72115 infeasible   68      1823.19117 1781.26143  2.30%  73.8 2525s
 355169 72233 1784.64556   74   95 1823.19117 1781.72085  2.27%  73.7 2532s
 356216 72293 1809.69829   75  105 1823.19117 1781.95025  2.26%  73.6 2535s
 357729 72320     cutoff   79      1823.19117 1782.21466  2.25%  73.6 2541s
 358612 72382 1806.53039   65  175 1823.19117 1782.40126  2.24%  73.5 2546s
 359401 72317 1813.86757   71  128 1823.19117 1782.57111  2.23%  73.5 2550s
 359882 72318 infeasible   68      1823.19117 1782.68373  2.22%  73.5 2556s
 359944 72330 1783.94980   71  159 1823.19117 1782.70084  2.22%  73.5 2560s
 360056 72330 1784.21803   73  160 1823.19117 1782.71150  2.22%  73.5 2565s
 360135 72350 infeasible   75      1823.19117 1782.72821  2.22%  73.5 2571s
 360378 72423 infeasible   68      1823.19117 1782.74925  2.22%  73.5 2575s
 362023 72488 1809.33114   65  199 1823.19117 1782.98561  2.21%  73.3 2581s
 362630 72473 1801.58369   75  158 1823.19117 1783.06842  2.20%  73.3 2590s
 362785 72340 1821.09232   61  110 1823.19117 1783.09986  2.20%  73.3 2598s
 364831 72341 infeasible   64      1823.19117 1783.26703  2.19%  73.2 2600s
 365819 72430 1785.57676   73  134 1823.19117 1783.35801  2.18%  73.1 2606s
 366059 72523 infeasible   82      1823.19117 1783.37875  2.18%  73.1 2610s
 367476 72675 1807.59403   69   83 1823.19117 1783.56427  2.17%  73.0 2615s
 368586 72726 1783.70306   67  109 1823.19117 1783.70306  2.17%  73.0 2620s
 370163 72880 1816.00408   66   58 1823.19117 1783.88331  2.16%  72.9 2626s
 370224 72894 1816.46174   67   58 1823.19117 1783.88331  2.16%  72.9 2630s
 370883 72964 infeasible   62      1823.19117 1783.93967  2.15%  72.8 2635s
 371897 73156 1784.56266   74  191 1823.19117 1784.02236  2.15%  72.8 2641s
 373348 73309 1790.34307   68  174 1823.19117 1784.20794  2.14%  72.7 2652s
 373841 73336 1820.99592   81   61 1823.19117 1784.22442  2.14%  72.7 2658s
 373994 73400 1805.22109   76  184 1823.19117 1784.24120  2.14%  72.7 2662s
 374638 73488 infeasible   78      1823.19117 1784.30032  2.13%  72.6 2666s
 376008 73652 infeasible   82      1823.19117 1784.44662  2.13%  72.6 2670s
 377892 73780 1807.97892   68   90 1823.19117 1784.60909  2.12%  72.4 2675s
 378751 73889 1791.11151   76  166 1823.19117 1784.68338  2.11%  72.4 2680s
 379879 73993 1810.91191   79   80 1823.19117 1784.82306  2.10%  72.3 2686s
 379982 73993 1820.30885   82   95 1823.19117 1784.83131  2.10%  72.3 2692s
 380066 73992 1820.19484   64   85 1823.19117 1784.84334  2.10%  72.3 2696s
 380323 74005 1808.81833   79  227 1823.19117 1784.88766  2.10%  72.3 2700s
 380886 74015 1788.69052   76  207 1823.19117 1784.93533  2.10%  72.3 2705s
 381004 74029 1803.45565   80   59 1823.19117 1784.94120  2.10%  72.3 2711s
 381239 74075 infeasible   59      1823.19117 1784.95402  2.10%  72.3 2716s
 382198 74110 1785.15976   71  130 1823.19117 1785.05400  2.09%  72.2 2721s
 383226 74152 1809.10887   73   80 1823.19117 1785.14320  2.09%  72.2 2726s
 383867 74158 1806.92893   84   66 1823.19117 1785.19485  2.08%  72.2 2735s
 384013 74190 1821.99553   82   59 1823.19117 1785.20722  2.08%  72.2 2745s
 387137 74141 1820.44719   76  138 1823.19117 1785.35240  2.08%  71.9 2751s
 387836 74078 infeasible   80      1823.19117 1785.44241  2.07%  71.9 2756s
 388099 74143 infeasible   85      1823.19117 1785.47969  2.07%  71.9 2760s
 389058 74129 1810.62634   79  109 1823.19117 1785.56780  2.06%  71.9 2765s
 389859 74162 infeasible   60      1823.19117 1785.63041  2.06%  71.9 2771s
 390615 74247 1808.46046   62  100 1823.19117 1785.67753  2.06%  71.8 2776s
 391328 74311 infeasible   81      1823.19117 1785.77109  2.05%  71.8 2780s
 392669 74456 infeasible   77      1823.19117 1785.86571  2.05%  71.7 2785s
 393368 74447 1813.61974   89   75 1823.19117 1785.93743  2.04%  71.7 2791s
 394247 74488 infeasible   60      1823.19117 1786.02743  2.04%  71.6 2802s
 394628 74628 1822.08469   85  102 1823.19117 1786.07220  2.04%  71.6 2806s
 395675 74653 1790.83054   62  252 1823.19117 1786.14029  2.03%  71.6 2811s
 396654 74660 1821.51680   76   93 1823.19117 1786.24787  2.03%  71.5 2816s
 397469 74650 1822.05250   56  162 1823.19117 1786.30698  2.02%  71.5 2820s
 398836 74627 infeasible   88      1823.19117 1786.42913  2.02%  71.4 2825s
 399487 74665 1799.57496   60  133 1823.19117 1786.48757  2.01%  71.4 2831s
 400210 74775 1820.65981   68  119 1823.19117 1786.55367  2.01%  71.4 2835s
 401691 74867 1795.12780   76  150 1823.19117 1786.63725  2.00%  71.3 2841s
 403130 74889 infeasible   59      1823.19117 1786.73555  2.00%  71.2 2846s
 403867 74991 1805.50702   71  151 1823.19117 1786.79409  2.00%  71.2 2850s
 404509 75017     cutoff   74      1823.19117 1786.82581  1.99%  71.1 2857s
 405018 75116 1805.06221   66  122 1823.19117 1786.88874  1.99%  71.1 2860s
 406505 75017 1821.34779   59   87 1823.19117 1787.04343  1.98%  71.1 2866s
 407278 75034 infeasible   77      1823.19117 1787.12938  1.98%  71.0 2870s
 407876 75096 1804.63598   66   74 1823.19117 1787.17017  1.98%  71.0 2876s
 409548 75192     cutoff   73      1823.19117 1787.27926  1.97%  70.9 2881s
 410487 75272     cutoff   89      1823.19117 1787.36311  1.97%  70.8 2886s
 411570 75203 infeasible   75      1823.19117 1787.45997  1.96%  70.8 2890s
 412531 75173 1791.41589   69  242 1823.19117 1787.54407  1.96%  70.7 2896s
 413429 75132 1818.27964   85  170 1823.19117 1787.64799  1.95%  70.7 2900s
 414374 75197 infeasible   71      1823.19117 1787.70185  1.95%  70.7 2906s
 415066 75196 1809.23511   80  225 1823.19117 1787.78308  1.94%  70.6 2915s
 415155 74936 1819.87609   86   56 1823.19117 1787.78308  1.94%  70.6 2928s
 417378 74919 infeasible   56      1823.19117 1787.85853  1.94%  70.5 2930s
 418320 74904     cutoff   84      1823.19117 1787.92917  1.93%  70.5 2936s
 419581 74885 1805.13715   76  103 1823.19117 1788.05100  1.93%  70.4 2940s
 420662 74855 infeasible   67      1823.19117 1788.14773  1.92%  70.4 2945s
 421934 74908 1797.85425   71  166 1823.19117 1788.28460  1.91%  70.3 2951s
 422758 74811     cutoff   63      1823.19117 1788.37981  1.91%  70.3 2955s
 424270 74733 1791.04756   65  172 1823.19117 1788.54068  1.90%  70.2 2961s
 425301 74653 1810.35383   87   81 1823.19117 1788.65126  1.89%  70.1 2965s
 426052 74644 1805.72078   82  128 1823.19117 1788.72975  1.89%  70.1 2976s
 426188 74379 1822.13952   63   63 1823.19117 1788.74091  1.89%  70.1 2980s
 427793 74404 infeasible   56      1823.19117 1788.89236  1.88%  70.0 2985s
 428523 74355 infeasible   68      1823.19117 1788.96777  1.88%  70.0 2990s
 429786 74292 infeasible   72      1823.19117 1789.11371  1.87%  69.9 2995s
 430399 74138 infeasible   71      1823.19117 1789.16560  1.87%  69.9 3001s
 431008 74178 1797.94682   63   88 1823.19117 1789.24902  1.86%  69.9 3005s
 432151 74120 infeasible   69      1823.19117 1789.33092  1.86%  69.9 3010s
 433401 74038 1812.23949   72  103 1823.19117 1789.53090  1.85%  69.8 3015s
 434249 73970 infeasible   71      1823.19117 1789.62386  1.84%  69.8 3021s
 435002 73896 1814.12304   74   25 1823.19117 1789.74199  1.83%  69.8 3025s
 436357 73622 infeasible   63      1823.19117 1789.93724  1.82%  69.7 3031s
 437116 73534 1814.10812   66   70 1823.19117 1790.05554  1.82%  69.7 3035s
 438125 73516 1795.44363   65   82 1823.19117 1790.18331  1.81%  69.7 3041s
 439480 73492 infeasible   61      1823.19117 1790.31926  1.80%  69.6 3046s
 440512 73317 1812.51225   64   30 1823.19117 1790.46892  1.79%  69.6 3051s
 441004 73205 infeasible   60      1823.19117 1790.55713  1.79%  69.6 3055s
 442357 73013 infeasible   69      1823.19117 1790.80061  1.78%  69.5 3060s
 443320 72896 1810.21265   70  103 1823.19117 1790.95638  1.77%  69.5 3066s
 444132 72776 infeasible   57      1823.19117 1791.05471  1.76%  69.5 3070s
 445460 72731     cutoff   82      1823.19117 1791.23809  1.75%  69.4 3081s
 445681 72788 1811.48232   76  258 1823.19117 1791.31343  1.75%  69.4 3086s
 447733 72704 1819.68088   86  178 1823.19117 1791.51885  1.74%  69.3 3090s
 448581 72713 infeasible   74      1823.19117 1791.57974  1.73%  69.3 3095s
 449470 72610 1800.13090   77  134 1823.19117 1791.84777  1.72%  69.3 3101s
 450248 72494     cutoff   86      1823.19117 1791.97923  1.71%  69.2 3105s
 451521 72310     cutoff   63      1823.19117 1792.32578  1.69%  69.2 3110s
 452851 72270 1815.27363   93  107 1823.19117 1792.57719  1.68%  69.1 3115s
 453713 72287 1809.72371   65  242 1823.19117 1792.79404  1.67%  69.1 3120s
 453839 72254 1811.05853   68  226 1823.19117 1792.81985  1.67%  69.1 3125s
 454058 72221 1812.36448   73  229 1823.19117 1792.84968  1.66%  69.1 3130s
 454885 72153 1822.36706   90   88 1823.19117 1793.13046  1.65%  69.0 3135s
 455751 72071 1795.08873   91  111 1823.19117 1793.26042  1.64%  69.0 3140s
 456485 72101 1812.92237   87  110 1823.19117 1793.45475  1.63%  69.0 3149s
 456810 72175 infeasible   71      1823.19117 1793.53939  1.63%  69.0 3154s
 458186 72182 infeasible   61      1823.19117 1793.76161  1.61%  68.9 3155s
 458668 72197 infeasible   55      1823.19117 1793.84983  1.61%  68.9 3161s
 459513 72247 1809.40737   81  166 1823.19117 1794.00937  1.60%  68.8 3165s
 460709 72219 1800.80536   85  108 1823.19117 1794.30922  1.58%  68.8 3170s
 461867 72191 infeasible   62      1823.19117 1794.51549  1.57%  68.7 3175s
 462636 72196 infeasible   85      1823.19117 1794.69219  1.56%  68.7 3180s
 464028 72141 1808.92661   68   63 1823.19117 1794.98017  1.55%  68.7 3186s
 464711 72133 infeasible   64      1823.19117 1795.14511  1.54%  68.7 3190s
 465161 72151     cutoff   78      1823.19117 1795.27806  1.53%  68.7 3195s
 465713 72202 1800.36481   60  109 1823.19117 1795.32720  1.53%  68.7 3200s
 467070 72425 infeasible   88      1823.19117 1795.56858  1.52%  68.6 3211s
 468059 72536 1816.57068   72   80 1823.19117 1795.72549  1.51%  68.6 3215s
 469216 72561 infeasible   83      1823.19117 1795.94137  1.49%  68.5 3221s
 470157 72771 1805.32394   84   67 1823.19117 1796.05965  1.49%  68.5 3225s
 471445 72920 1802.22205   75   70 1823.19117 1796.18243  1.48%  68.4 3231s
 472795 73118 infeasible   64      1823.19117 1796.42917  1.47%  68.3 3236s
 473647 73322 1811.38775   69  124 1823.19117 1796.54087  1.46%  68.3 3240s
 474699 73713 1813.88679   73   86 1823.19117 1796.65333  1.46%  68.2 3245s
 475699 73823 1800.60377   76  128 1823.19117 1796.77466  1.45%  68.2 3250s
 476976 73927     cutoff   92      1823.19117 1796.93615  1.44%  68.2 3255s
 477809 74075 infeasible   54      1823.19117 1797.03699  1.43%  68.1 3265s
 478009 74646 1810.24605   59  170 1823.19117 1797.03873  1.43%  68.1 3270s
 480940 74714 infeasible   79      1823.19117 1797.30333  1.42%  68.0 3275s
 481794 74861 1812.93190   87   90 1823.19117 1797.43825  1.41%  67.9 3280s
 483144 74984 1798.07143   66   96 1823.19117 1797.65087  1.40%  67.9 3285s
 484159 75189 1812.75569   81   34 1823.19117 1797.72034  1.40%  67.8 3291s
 485363 75319 1798.70620   59  132 1823.19117 1797.95789  1.38%  67.8 3295s
 486729 75440 1809.81585   89  176 1823.19117 1798.15584  1.37%  67.7 3301s
 488040 75498     cutoff   82      1823.19117 1798.35893  1.36%  67.6 3311s
 489557 75750 1822.37003   70   54 1823.19117 1798.52507  1.35%  67.6 3316s
 491023 75811 infeasible   71      1823.19117 1798.73224  1.34%  67.5 3322s
 491212 75926     cutoff   84      1823.19117 1798.75533  1.34%  67.5 3325s
 492650 75991     cutoff   88      1823.19117 1798.92633  1.33%  67.5 3331s
 493650 76117     cutoff   58      1823.19117 1799.07933  1.32%  67.4 3336s
 494505 76143 1810.71153   75  148 1823.19117 1799.22239  1.31%  67.4 3341s
 495364 76257 infeasible   64      1823.19117 1799.30862  1.31%  67.3 3345s
 496236 76269 infeasible   74      1823.19117 1799.40600  1.30%  67.3 3351s
 496374 76258 infeasible   66      1823.19117 1799.44749  1.30%  67.3 3355s
 497578 76478 1807.86876   68   88 1823.19117 1799.60289  1.29%  67.2 3360s
 498426 76585 infeasible   73      1823.19117 1799.69005  1.29%  67.2 3370s
 498637 76743 1803.08600   66  141 1823.19117 1799.70384  1.29%  67.2 3375s
 499954 76686 1800.66395   61   12 1823.19117 1799.90386  1.28%  67.2 3381s
 501160 76777 infeasible   70      1823.19117 1800.06186  1.27%  67.1 3385s
 502080 76826 1811.13931   86   85 1823.19117 1800.16097  1.26%  67.1 3390s
 503518 77068     cutoff   93      1823.19117 1800.33126  1.25%  67.0 3396s
 504828 77068 1807.89660   89  127 1823.19117 1800.48914  1.25%  67.0 3401s
 505815 77254 1805.50168   89  127 1823.19117 1800.57672  1.24%  67.0 3406s
 506879 77265     cutoff  101      1823.19117 1800.69397  1.23%  66.9 3410s
 507791 77301 1811.88236   75   96 1823.19117 1800.81686  1.23%  66.9 3415s
 508880 77362 1803.24385   82  151 1823.19117 1800.93219  1.22%  66.9 3426s
 509498 77408 1804.60363   67  117 1823.19117 1801.00253  1.22%  66.9 3431s
 510607 77460 1802.08228   67  128 1823.19117 1801.11842  1.21%  66.8 3435s
 512082 77586 1813.07320   82  133 1823.19117 1801.28544  1.20%  66.8 3440s
 513438 77757 infeasible   89      1823.19117 1801.39585  1.20%  66.8 3448s
 513980 77874 1809.65923  102   99 1823.19117 1801.43022  1.19%  66.8 3451s
 515098 77910 infeasible   73      1823.19117 1801.53337  1.19%  66.8 3456s
 515296 77906 1805.61523   76   81 1823.19117 1801.55251  1.19%  66.8 3460s
 516088 77940 1809.92789   69  107 1823.19117 1801.63335  1.18%  66.8 3466s
 516951 77996 infeasible   69      1823.19117 1801.73767  1.18%  66.7 3470s
 517955 78097 1813.16217   66   76 1823.19117 1801.83931  1.17%  66.7 3476s
 518697 78190 1813.86672   68  144 1823.19117 1801.90632  1.17%  66.7 3480s
 519295 78206 infeasible   71      1823.19117 1801.95139  1.16%  66.7 3488s
 519485 78313 1810.76211   87  109 1823.19117 1801.97674  1.16%  66.7 3493s
 521472 78334 infeasible   84      1823.19117 1802.06280  1.16%  66.6 3496s
 522007 78435 1807.78495   84  265 1823.19117 1802.08465  1.16%  66.6 3500s
 522754 78541 1802.49982   64   98 1823.19117 1802.14077  1.15%  66.6 3505s
 524057 78626 infeasible   70      1823.19117 1802.25125  1.15%  66.5 3510s
 524923 78660 1812.04074   90   52 1823.19117 1802.31713  1.14%  66.5 3516s
 526133 78678     cutoff   66      1823.19117 1802.42790  1.14%  66.4 3521s
 526851 78757     cutoff   57      1823.19117 1802.48282  1.14%  66.4 3526s
 528003 79002 1809.68205   93  106 1823.19117 1802.57753  1.13%  66.4 3530s
 529356 79075 infeasible   67      1823.19117 1802.68583  1.12%  66.4 3535s
 530138 79133 1807.70112   85  135 1823.19117 1802.74308  1.12%  66.4 3540s
 530791 79148 1807.98494   84  135 1823.19117 1802.80378  1.12%  66.3 3549s
 531115 79273 1804.08247   79   54 1823.19117 1802.83160  1.12%  66.3 3553s
 532301 79262     cutoff   90      1823.19117 1802.91444  1.11%  66.3 3555s
 533017 79413 1804.43973   77   68 1823.19117 1802.98381  1.11%  66.3 3560s
 534509 79637     cutoff   74      1823.19117 1803.08129  1.10%  66.3 3565s
 535341 79733     cutoff   83      1823.19117 1803.13854  1.10%  66.2 3570s
 536780 80032 1812.77912   90  121 1823.19117 1803.24994  1.09%  66.2 3576s
 537881 80169 1816.74466   75   86 1823.19117 1803.32928  1.09%  66.1 3581s
 538451 80243 1822.69369   72  115 1823.19117 1803.36961  1.09%  66.1 3585s
 539545 80377     cutoff   80      1823.19117 1803.46009  1.08%  66.1 3590s
 540803 80488 1818.92411   92  170 1823.19117 1803.50747  1.08%  66.1 3595s
 541176 80513 infeasible   78      1823.19117 1803.50747  1.08%  66.1 3603s
 541479 80444     cutoff   79      1823.19117 1803.53380  1.08%  66.1 3606s
 543356 80573 1817.03058   79   44 1823.19117 1803.69128  1.07%  66.0 3611s
 544574 80828     cutoff   65      1823.19117 1803.75412  1.07%  66.0 3615s
 545971 80958 1804.84910   80   60 1823.19117 1803.86035  1.06%  65.9 3621s
 546761 80996     cutoff   75      1823.19117 1803.92542  1.06%  65.9 3626s
 546961 80973 1806.29619   74  121 1823.19117 1803.92941  1.06%  65.9 3631s
 547304 80997 1813.10658   77   81 1823.19117 1803.95332  1.06%  65.9 3636s
 547758 81053 1812.26056   68  115 1823.19117 1803.99131  1.05%  65.9 3641s
 547941 81129 1815.90534   69   90 1823.19117 1804.00427  1.05%  65.9 3646s
 548218 81171 1809.45540   69  168 1823.19117 1804.03832  1.05%  65.9 3651s
 549305 81302 infeasible   62      1823.19117 1804.11556  1.05%  65.8 3655s
 550851 81527 infeasible   73      1823.19117 1804.21755  1.04%  65.8 3661s
 551919 81679 infeasible   85      1823.19117 1804.29071  1.04%  65.7 3672s
 553143 81737 1807.95211   72  132 1823.19117 1804.36581  1.03%  65.7 3676s
 554245 81894 infeasible   74      1823.19117 1804.41985  1.03%  65.6 3680s
 555142 81901 1821.84941   79  196 1823.19117 1804.45920  1.03%  65.6 3685s
 556319 81938 infeasible   74      1823.19117 1804.53618  1.02%  65.6 3690s
 557748 82069     cutoff   83      1823.19117 1804.64316  1.02%  65.5 3695s
 558955 82049 1805.30585   69  126 1823.19117 1804.73572  1.01%  65.5 3701s
 559769 82055 1805.67724   80  121 1823.19117 1804.79987  1.01%  65.5 3706s
 560828 82052 1821.06175   77   24 1823.19117 1804.89066  1.00%  65.5 3710s
 561930 82042 infeasible   75      1823.19117 1804.97893  1.00%  65.4 3716s
 562600 82005 infeasible   67      1823.19117 1805.02190  1.00%  65.4 3720s
 563334 81998 infeasible   75      1823.19117 1805.06340  0.99%  65.4 3730s
 564676 81965 1806.57927   79   69 1823.19117 1805.12472  0.99%  65.4 3736s
 565335 81945 1819.30042   84  155 1823.19117 1805.16739  0.99%  65.4 3741s
 566319 81967 infeasible   82      1823.19117 1805.26498  0.98%  65.4 3746s
 567102 81990     cutoff   64      1823.19117 1805.30725  0.98%  65.4 3750s
 568371 81954 infeasible   75      1823.19117 1805.38213  0.98%  65.4 3755s
 569221 82042     cutoff   96      1823.19117 1805.43622  0.97%  65.4 3761s
 570241 82128 1808.18226   76  136 1823.19117 1805.50332  0.97%  65.4 3765s
 571734 82092 infeasible   77      1823.19117 1805.58417  0.97%  65.4 3770s
 572335 82080 1810.76279   61  222 1823.19117 1805.62524  0.96%  65.4 3777s
 573304 82088 1818.56964   70  126 1823.19117 1805.70074  0.96%  65.4 3781s
 574134 82053 1812.50259   84   81 1823.19117 1805.76705  0.96%  65.4 3791s
 574308 81906 1807.04461   74  132 1823.19117 1805.78942  0.95%  65.4 3798s
 575958 81950 infeasible   70      1823.19117 1805.84676  0.95%  65.4 3800s
 576641 81922 infeasible   61      1823.19117 1805.89629  0.95%  65.4 3806s
 577420 81938 1809.09310   80   85 1823.19117 1805.94811  0.95%  65.4 3811s
 578166 81940 1807.15652   66  269 1823.19117 1805.99871  0.94%  65.4 3815s
 579583 81854 infeasible   68      1823.19117 1806.09041  0.94%  65.3 3821s
 580323 81840 1807.99883   82  119 1823.19117 1806.13802  0.94%  65.3 3826s
 581104 81805 infeasible   76      1823.19117 1806.20153  0.93%  65.3 3831s
 581992 81821 1816.72258   77   74 1823.19117 1806.25090  0.93%  65.3 3835s
 582796 81908 1816.32948   82  144 1823.19117 1806.29401  0.93%  65.3 3841s
 583464 81877 1812.87465   79  194 1823.19117 1806.32101  0.93%  65.3 3846s
 584076 81955 1807.21836   61  292 1823.19117 1806.35158  0.92%  65.3 3850s
 584667 81955 1809.74994   77   48 1823.19117 1806.38627  0.92%  65.2 3858s
 584800 82461 1808.08700   92  188 1823.19117 1806.40705  0.92%  65.2 3868s
 587646 82486 1815.06669   68  196 1823.19117 1806.46717  0.92%  65.1 3871s
 588300 82517 1807.34791   76  108 1823.19117 1806.49131  0.92%  65.1 3875s
 589595 82498 infeasible   59      1823.19117 1806.55943  0.91%  65.1 3880s
 590262 82396 1815.76269   70   95 1823.19117 1806.59196  0.91%  65.1 3885s
 591276 82319 1811.15994   88   50 1823.19117 1806.67558  0.91%  65.1 3890s
 592132 82327     cutoff   86      1823.19117 1806.72542  0.90%  65.1 3895s
 592180 82322     cutoff   90      1823.19117 1806.73156  0.90%  65.1 3900s
 592219 82325 1814.11516   80   75 1823.19117 1806.73535  0.90%  65.1 3905s
 592321 82246     cutoff   77      1823.19117 1806.74390  0.90%  65.1 3910s
 592523 82237 infeasible   67      1823.19117 1806.77411  0.90%  65.1 3915s
 592685 82255 infeasible   74      1823.19117 1806.77711  0.90%  65.1 3920s
 592874 82257 infeasible   78      1823.19117 1806.78620  0.90%  65.1 3925s
 593059 82226 1816.50006   69   51 1823.19117 1806.78831  0.90%  65.1 3930s
 593371 82089 1808.18089   72  192 1823.19117 1806.81742  0.90%  65.1 3935s
 594235 82158     cutoff   67      1823.19117 1806.87120  0.90%  65.1 3940s
 594901 82093 infeasible   74      1823.19117 1806.91338  0.89%  65.1 3949s
 595107 82384 1813.54253   81   88 1823.19117 1806.93174  0.89%  65.1 3955s
 597418 82512 1807.16935   81  196 1823.19117 1807.00127  0.89%  65.1 3961s
 598226 82525 infeasible   86      1823.19117 1807.03887  0.89%  65.0 3965s
 599170 82601 infeasible   86      1823.19117 1807.09388  0.88%  65.1 3971s
 600058 82601 infeasible   89      1823.19117 1807.12406  0.88%  65.0 3976s
 600693 82680 1811.52017   61  133 1823.19117 1807.14731  0.88%  65.0 3980s
 601948 82830 infeasible   80      1823.19117 1807.20728  0.88%  65.0 3986s
 602593 82817 infeasible   77      1823.19117 1807.23547  0.88%  65.0 3990s
 603538 82790 1809.84188   70  260 1823.19117 1807.28038  0.87%  65.0 3996s
 604353 82794 1808.16678   70  134 1823.19117 1807.32022  0.87%  64.9 4000s
 605571 82761 infeasible   66      1823.19117 1807.36693  0.87%  64.9 4005s
 606465 82750 1811.95337   77  100 1823.19117 1807.40652  0.87%  64.9 4011s
 607641 82647 infeasible   86      1823.19117 1807.47100  0.86%  64.9 4016s
 607964 82675     cutoff   91      1823.19117 1807.49524  0.86%  64.9 4020s
 608655 82697     cutoff   82      1823.19117 1807.51460  0.86%  64.9 4028s
 608801 82949 1811.31338   87  102 1823.19117 1807.51745  0.86%  64.9 4036s
 611110 82976 1815.45034   79  184 1823.19117 1807.57524  0.86%  64.8 4040s
 612036 82914     cutoff   69      1823.19117 1807.61023  0.85%  64.8 4046s
 612629 82938 1807.66039   85   86 1823.19117 1807.64266  0.85%  64.8 4050s
 613935 82917 infeasible   82      1823.19117 1807.69753  0.85%  64.7 4056s
 614548 82889 1822.86959   84   11 1823.19117 1807.72802  0.85%  64.7 4060s
 615455 82879     cutoff   97      1823.19117 1807.76800  0.85%  64.7 4065s
 616656 82913     cutoff   86      1823.19117 1807.82882  0.84%  64.7 4071s
 617183 82913     cutoff   71      1823.19117 1807.84095  0.84%  64.7 4075s
 618491 82795 infeasible   94      1823.19117 1807.89516  0.84%  64.6 4080s
 619265 82808 1807.96868   87   77 1823.19117 1807.92500  0.84%  64.6 4085s
 619820 82830 1815.00760   92   49 1823.19117 1807.94252  0.84%  64.6 4097s
 619912 82949     cutoff   93      1823.19117 1807.94519  0.84%  64.6 4108s
 621234 82998 1810.72169   66   53 1823.19117 1807.96149  0.84%  64.5 4112s
 621415 82924 1820.67252   92   47 1823.19117 1807.97402  0.83%  64.5 4115s
 622994 82940 infeasible   78      1823.19117 1808.03492  0.83%  64.5 4122s
 623936 82912 1816.57046   93  150 1823.19117 1808.06970  0.83%  64.5 4127s
 625017 83061 1809.03724   93  195 1823.19117 1808.08724  0.83%  64.4 4130s
 626809 83174 infeasible   74      1823.19117 1808.15628  0.82%  64.3 4135s
 627846 83376 1819.01525   77  107 1823.19117 1808.17629  0.82%  64.3 4140s
 630047 83564 infeasible   64      1823.19117 1808.24529  0.82%  64.2 4151s
 630328 83978 1819.19516   66   57 1823.19117 1808.26119  0.82%  64.2 4155s
 632652 83950 infeasible   80      1823.19117 1808.33159  0.82%  64.1 4160s
 633494 84099     cutoff   69      1823.19117 1808.36117  0.81%  64.1 4165s
 634614 84143 1814.90403   88  177 1823.19117 1808.39672  0.81%  64.0 4170s
 635641 84455 1820.35250   93  174 1823.19117 1808.43567  0.81%  64.0 4176s
 636804 84517 1814.88994   73   93 1823.19117 1808.46760  0.81%  63.9 4181s
 637914 84506 infeasible   69      1823.19117 1808.50374  0.81%  63.9 4185s
 638680 84594 1817.60927   77  167 1823.19117 1808.53458  0.80%  63.9 4190s
 640216 84550 1815.77794   69  102 1823.19117 1808.58155  0.80%  63.8 4195s
 640411 84545 1809.92594   76  203 1823.19117 1808.58794  0.80%  63.8 4200s
 640846 84500     cutoff   85      1823.19117 1808.60939  0.80%  63.8 4206s
 642125 84686 1812.13297   87  110 1823.19117 1808.64024  0.80%  63.7 4218s
 642541 84751 1819.20807   96  155 1823.19117 1808.65593  0.80%  63.7 4221s
 643457 84855 1810.56854   90  191 1823.19117 1808.68287  0.80%  63.7 4225s
 645062 84744 infeasible   71      1823.19117 1808.74232  0.79%  63.6 4230s
 645749 85110 1809.02898   66  243 1823.19117 1808.75589  0.79%  63.6 4236s
 646584 85098     cutoff   91      1823.19117 1808.77215  0.79%  63.5 4240s
 646619 85093     cutoff   96      1823.19117 1808.77347  0.79%  63.5 4245s
 646660 85109 1813.43061   60  148 1823.19117 1808.77561  0.79%  63.5 4250s
 646853 85110 1812.16345   77  206 1823.19117 1808.78265  0.79%  63.5 4255s
 647107 85034     cutoff   68      1823.19117 1808.80090  0.79%  63.5 4260s
 647360 85032 1812.69124   74  260 1823.19117 1808.80445  0.79%  63.5 4265s
 648057 85020 1811.34573   82   74 1823.19117 1808.82040  0.79%  63.5 4271s
 649139 85145 1813.16412   75   97 1823.19117 1808.87171  0.79%  63.5 4275s
 650869 85225 1809.36609   95   93 1823.19117 1808.92022  0.78%  63.4 4281s
 652166 85214 1820.92039   86  139 1823.19117 1808.96852  0.78%  63.4 4286s
 653095 85177 1809.92510   82  238 1823.19117 1809.00577  0.78%  63.3 4291s
 653708 85211 infeasible   93      1823.19117 1809.01729  0.78%  63.3 4299s
 653863 86058 infeasible   64      1823.19117 1809.02190  0.78%  63.3 4307s
 657605 86150 1819.25015  103  161 1823.19117 1809.05255  0.78%  63.1 4310s
 658942 86171 1811.59454   93  188 1823.19117 1809.09182  0.77%  63.0 4315s
 659919 86354 1821.12654   97  146 1823.19117 1809.10995  0.77%  63.0 4320s
 661352 86411 infeasible   88      1823.19117 1809.15377  0.77%  62.9 4325s
 662627 86736 1814.39789   97  172 1823.19117 1809.17927  0.77%  62.8 4330s
 663969 86914     cutoff  104      1823.19117 1809.21104  0.77%  62.8 4341s
 664877 86886     cutoff   75      1823.19117 1809.24240  0.77%  62.8 4346s
 665948 86841 infeasible   99      1823.19117 1809.27648  0.76%  62.7 4350s
 666927 86977 infeasible   74      1823.19117 1809.30125  0.76%  62.7 4355s
 667919 87360 1818.25027   76  155 1823.19117 1809.32383  0.76%  62.7 4360s
 669633 87551 infeasible   68      1823.19117 1809.36359  0.76%  62.7 4365s
 671223 87727 1812.92537   85  209 1823.19117 1809.39350  0.76%  62.6 4370s
 672661 88061 1821.45792   81  191 1823.19117 1809.43297  0.75%  62.5 4375s
 674180 88258 1818.46928   72   59 1823.19117 1809.46002  0.75%  62.5 4385s
 675884 88433 1816.43184   56   93 1823.19117 1809.49507  0.75%  62.4 4390s
 677375 88706 infeasible   97      1823.19117 1809.52535  0.75%  62.4 4395s
 678724 89116 1819.90437   72  131 1823.19117 1809.55356  0.75%  62.3 4401s
 680138 89416 infeasible   81      1823.19117 1809.58477  0.75%  62.3 4406s
 681467 89551     cutoff   80      1823.19117 1809.61287  0.74%  62.2 4410s
 682926 89616 infeasible   95      1823.19117 1809.64866  0.74%  62.2 4416s
 683843 89792 infeasible   64      1823.19117 1809.67627  0.74%  62.1 4420s
 684477 89784 1810.75302   69  192 1823.19117 1809.68819  0.74%  62.1 4428s
 684683 90221 1810.68387   70  188 1823.19117 1809.69411  0.74%  62.1 4434s
 687084 90233 1814.18408   74  177 1823.19117 1809.72269  0.74%  62.0 4435s
 688363 90529 infeasible   81      1823.19117 1809.74296  0.74%  61.9 4441s
 689146 90705 1811.17624   80  125 1823.19117 1809.76181  0.74%  61.9 4445s
 690420 90915 infeasible   83      1823.19117 1809.78864  0.74%  61.8 4451s
 691693 91098     cutoff   86      1823.19117 1809.82042  0.73%  61.8 4455s
 693227 91351 1814.56012   84   85 1823.19117 1809.85267  0.73%  61.7 4461s
 694513 91412 1815.42311   80   84 1823.19117 1809.87766  0.73%  61.6 4466s
 694711 91522 1819.16288   87  157 1823.19117 1809.88536  0.73%  61.6 4474s
 695757 91508 infeasible   91      1823.19117 1809.90803  0.73%  61.6 4476s
 696603 91724 1817.33658   79  202 1823.19117 1809.93206  0.73%  61.6 4481s
 697410 91647     cutoff   73      1823.19117 1809.94576  0.73%  61.5 4485s
 697900 91645 1816.03802   76   86 1823.19117 1809.95153  0.73%  61.5 4490s
 698486 91699 1810.27938   63   74 1823.19117 1809.95815  0.73%  61.5 4495s
 699255 91671 1819.64723   72   97 1823.19117 1809.99088  0.72%  61.5 4501s
 699698 91764 infeasible   79      1823.19117 1810.00802  0.72%  61.5 4505s
 700966 91853     cutoff   94      1823.19117 1810.04228  0.72%  61.4 4510s
 702014 91931 1811.13356   73  221 1823.19117 1810.06166  0.72%  61.4 4515s
 703400 92131     cutoff   93      1823.19117 1810.10438  0.72%  61.3 4520s
 704712 92422     cutoff   77      1823.19117 1810.12619  0.72%  61.3 4525s
 705512 92452 infeasible   59      1823.19117 1810.14731  0.72%  61.2 4532s
 705860 92487 1821.72066   55  163 1823.19117 1810.15430  0.72%  61.2 4536s
 707917 92616 1820.31425   78  166 1823.19117 1810.18684  0.71%  61.1 4540s
 709165 92855 1816.33266  111  187 1823.19117 1810.21020  0.71%  61.1 4545s
 710064 92885     cutoff   73      1823.19117 1810.22499  0.71%  61.1 4551s
 710145 92890 1813.38038   77  224 1823.19117 1810.22499  0.71%  61.1 4555s
 710233 92877     cutoff   80      1823.19117 1810.22700  0.71%  61.0 4560s
 710359 92846     cutoff   80      1823.19117 1810.23347  0.71%  61.0 4565s
 710538 92870 1812.07536   67  129 1823.19117 1810.24210  0.71%  61.0 4570s
 711818 92980 1810.77858   88  235 1823.19117 1810.26773  0.71%  61.0 4575s
 713773 93201 infeasible   82      1823.19117 1810.31229  0.71%  60.9 4581s
 715721 93466 1820.13245   90  157 1823.19117 1810.35394  0.70%  60.8 4593s
 717019 93426 1810.56059   71   72 1823.19117 1810.37868  0.70%  60.8 4595s
 718207 93630 infeasible   84      1823.19117 1810.40296  0.70%  60.7 4600s
 719448 93856 1815.57612   66  183 1823.19117 1810.43282  0.70%  60.7 4605s
 720839 94204     cutoff   86      1823.19117 1810.45265  0.70%  60.6 4610s
 722137 94317 1813.69375   76  151 1823.19117 1810.47201  0.70%  60.6 4616s
 723396 94441 infeasible   77      1823.19117 1810.50000  0.70%  60.5 4620s
 724774 94740 1811.80498   61  124 1823.19117 1810.51872  0.70%  60.5 4626s
 726168 94900 infeasible   81      1823.19117 1810.53990  0.69%  60.4 4637s
 726465 95104 1811.02394  113  223 1823.19117 1810.54447  0.69%  60.4 4641s
 727828 95292 1819.67244   88  269 1823.19117 1810.56962  0.69%  60.3 4645s
 729844 95576 1813.40641   62  248 1823.19117 1810.59813  0.69%  60.3 4650s
 731010 95936 1813.76187   86   93 1823.19117 1810.61299  0.69%  60.2 4656s
 732679 96167     cutoff  107      1823.19117 1810.64067  0.69%  60.2 4660s
 733867 96445 1821.68172   74  183 1823.19117 1810.66435  0.69%  60.1 4666s
 735215 96568 infeasible   86      1823.19117 1810.68192  0.69%  60.1 4670s
 736702 96675     cutoff  101      1823.19117 1810.70845  0.68%  60.0 4683s
 737104 96767 infeasible   57      1823.19117 1810.72357  0.68%  60.0 4686s
 738953 96958 1813.82633   79  193 1823.19117 1810.74701  0.68%  59.9 4690s
 740342 97242 infeasible   88      1823.19117 1810.76530  0.68%  59.8 4695s
 741457 97413 1811.92291   92   66 1823.19117 1810.78711  0.68%  59.8 4701s
 742531 97520 infeasible  100      1823.19117 1810.80334  0.68%  59.8 4705s
 744015 97739 infeasible   78      1823.19117 1810.82327  0.68%  59.7 4711s
 744772 97942 1810.96456   80  205 1823.19117 1810.83707  0.68%  59.7 4715s
 746698 98284 1812.38462   68  194 1823.19117 1810.87104  0.68%  59.6 4720s
 747261 98300 1813.37676   77  213 1823.19117 1810.87890  0.68%  59.6 4727s
 747492 98602 1819.77931   86   64 1823.19117 1810.88456  0.68%  59.6 4731s
 750471 98561     cutoff   80      1823.19117 1810.92246  0.67%  59.4 4735s
 751745 98703 1818.77762   72  160 1823.19117 1810.95605  0.67%  59.4 4741s
 752917 98814 1820.96568  101  168 1823.19117 1810.97334  0.67%  59.3 4746s
 754255 98905 1822.71524   68  100 1823.19117 1810.99733  0.67%  59.3 4750s
 755822 99085 infeasible   80      1823.19117 1811.02996  0.67%  59.2 4755s
 756926 99136 1822.22972   73  199 1823.19117 1811.05278  0.67%  59.2 4760s
 757834 99219 infeasible   71      1823.19117 1811.06674  0.67%  59.1 4771s
 758641 99247 1814.52648   74  126 1823.19117 1811.08219  0.66%  59.1 4775s
 760318 99269 infeasible   80      1823.19117 1811.11462  0.66%  59.1 4780s
 761961 99462 1814.72092   95  133 1823.19117 1811.14286  0.66%  59.0 4785s
 762964 99575 1812.30112   81  221 1823.19117 1811.16386  0.66%  58.9 4791s
 763804 99673 1811.20110   87  216 1823.19117 1811.18220  0.66%  58.9 4795s
 765735 99928 1813.01221  104  221 1823.19117 1811.20973  0.66%  58.8 4801s
 766963 100107 1816.06528   74  110 1823.19117 1811.22682  0.66%  58.8 4805s
 768058 100333 1822.20793   82   66 1823.19117 1811.24233  0.66%  58.7 4815s
 770196 100569 1819.62782  104  153 1823.19117 1811.26912  0.65%  58.6 4820s
 771066 100655 1812.30227   82  209 1823.19117 1811.28277  0.65%  58.6 4825s
 772436 100648 infeasible   97      1823.19117 1811.30961  0.65%  58.6 4830s
 773477 100630 1822.49802   77  178 1823.19117 1811.33120  0.65%  58.5 4835s
 775333 100770 infeasible   93      1823.19117 1811.36448  0.65%  58.5 4840s
 776811 100812 1811.89105   93  216 1823.19117 1811.39283  0.65%  58.4 4845s
 778328 100985     cutoff   85      1823.19117 1811.41324  0.65%  58.4 4858s
 778707 101225 1813.89600  101  203 1823.19117 1811.42166  0.65%  58.3 4860s
 780558 101270 1822.57110  100  168 1823.19117 1811.45247  0.64%  58.3 4865s
 782650 101379 1815.24222   75   71 1823.19117 1811.48927  0.64%  58.2 4870s
 783930 101350 1821.05845   87  203 1823.19117 1811.51566  0.64%  58.1 4875s
 785220 101539 infeasible   80      1823.19117 1811.53578  0.64%  58.1 4880s
 786565 101660 infeasible   87      1823.19117 1811.55985  0.64%  58.0 4885s
 787910 101889 1813.20868   64   99 1823.19117 1811.58263  0.64%  58.0 4891s
 788908 101884 1820.62490  100  213 1823.19117 1811.59632  0.64%  58.0 4899s
 789143 101934 1820.53699  107  149 1823.19117 1811.60117  0.64%  57.9 4904s
 791088 101936 1812.37641   65  105 1823.19117 1811.62263  0.63%  57.9 4905s
 792410 102131 1820.18217   88  182 1823.19117 1811.63897  0.63%  57.8 4910s
 793434 102157 1812.66731   79   89 1823.19117 1811.65186  0.63%  57.8 4915s
 794649 102252 1813.73159   96  166 1823.19117 1811.67364  0.63%  57.7 4921s
 795955 102278 1812.45529   75   68 1823.19117 1811.69806  0.63%  57.7 4925s
 796885 102371 1812.83341   75  106 1823.19117 1811.71683  0.63%  57.7 4930s
 798527 102341 1814.28474  113  157 1823.19117 1811.74777  0.63%  57.6 4935s
 799257 102423 infeasible   81      1823.19117 1811.76062  0.63%  57.6 4946s
 799414 102611 1813.28613   90  161 1823.19117 1811.76509  0.63%  57.6 4955s
 802414 102696 1821.64250   78   55 1823.19117 1811.78460  0.63%  57.4 4960s
 803658 102849 1813.98414   80  105 1823.19117 1811.80148  0.62%  57.4 4965s
 805138 102877 1818.80611   88  105 1823.19117 1811.83102  0.62%  57.3 4970s
 806834 103023 1811.88422   75  195 1823.19117 1811.85968  0.62%  57.3 4975s
 807544 103134 1822.29563   78  216 1823.19117 1811.87837  0.62%  57.2 4980s
 809254 103209 1822.57176   87   30 1823.19117 1811.90733  0.62%  57.2 4985s
 809729 103216 infeasible   89      1823.19117 1811.91574  0.62%  57.2 4995s
 809987 103492 infeasible   93      1823.19117 1811.92243  0.62%  57.2 5000s
 812655 103549 1812.94592   88  232 1823.19117 1811.95716  0.62%  57.1 5006s
 813889 103683 infeasible   88      1823.19117 1811.97208  0.62%  57.0 5010s
 814907 103917 1815.13254   84  161 1823.19117 1811.98417  0.61%  57.0 5016s
 816347 103918 1815.09046   70  209 1823.19117 1812.01009  0.61%  56.9 5020s
 817633 104047 1817.52670   82  167 1823.19117 1812.03030  0.61%  56.9 5026s
 818831 104206 1822.00671  101  161 1823.19117 1812.05421  0.61%  56.8 5030s
 820112 104197     cutoff   94      1823.19117 1812.07430  0.61%  56.8 5041s
 820283 104606 1819.01469   78   86 1823.19117 1812.07760  0.61%  56.8 5046s
 823046 104602 1821.33528   78  135 1823.19117 1812.09767  0.61%  56.7 5050s
 824654 104717 1813.04171   85  200 1823.19117 1812.12270  0.61%  56.6 5055s
 826076 104785 1820.42557   77  181 1823.19117 1812.14260  0.61%  56.6 5060s
 827400 104923 1822.68264   82  112 1823.19117 1812.16505  0.60%  56.5 5065s
 828664 104982 infeasible   94      1823.19117 1812.18226  0.60%  56.5 5070s
 828866 104988 1821.02434   85  133 1823.19117 1812.18301  0.60%  56.5 5075s
 829210 105003 infeasible   89      1823.19117 1812.19044  0.60%  56.5 5080s
 829741 105054 1812.76837   60  148 1823.19117 1812.19725  0.60%  56.5 5085s
 830317 105223 1815.85126   85  150 1823.19117 1812.20618  0.60%  56.5 5096s
 832018 105255 1822.14187  110   88 1823.19117 1812.23199  0.60%  56.4 5101s
 833220 105262 infeasible   95      1823.19117 1812.25008  0.60%  56.4 5105s
 834526 105379 infeasible   79      1823.19117 1812.26801  0.60%  56.3 5110s
 835427 105452     cutoff   82      1823.19117 1812.28632  0.60%  56.3 5115s
 836826 105443     cutoff   95      1823.19117 1812.30821  0.60%  56.3 5120s
 838109 105456 1814.14441  111  212 1823.19117 1812.33706  0.60%  56.2 5126s
 839634 105483 infeasible   72      1823.19117 1812.36003  0.59%  56.2 5130s
 841131 105428 1822.67012   86  202 1823.19117 1812.38849  0.59%  56.1 5136s
 842228 105383 infeasible  114      1823.19117 1812.40686  0.59%  56.1 5140s
 843810 105376 1814.83551   88  163 1823.19117 1812.43848  0.59%  56.0 5151s
 843989 105476     cutoff   81      1823.19117 1812.44123  0.59%  56.0 5158s
 846775 105439     cutoff   77      1823.19117 1812.46027  0.59%  55.9 5160s
 848151 105535 infeasible  103      1823.19117 1812.48214  0.59%  55.9 5165s
 848891 105713 1816.31718   72  175 1823.19117 1812.49303  0.59%  55.8 5170s
 850487 105713     cutoff   94      1823.19117 1812.51672  0.59%  55.8 5176s
 851760 105667 1821.62294   96  139 1823.19117 1812.53336  0.58%  55.7 5181s
 852881 105689     cutoff   79      1823.19117 1812.55693  0.58%  55.7 5185s
 854022 105668 1813.78518   84  200 1823.19117 1812.57304  0.58%  55.7 5190s
 855210 105620 infeasible   77      1823.19117 1812.59891  0.58%  55.6 5201s
 855525 105686 infeasible   97      1823.19117 1812.60633  0.58%  55.6 5205s
 857884 105732 infeasible   85      1823.19117 1812.64103  0.58%  55.5 5210s
 859349 105718 1812.95906   69   24 1823.19117 1812.66760  0.58%  55.5 5215s
 860672 105803 1813.50980  101  230 1823.19117 1812.68442  0.58%  55.4 5220s
 862625 105966 infeasible  113      1823.19117 1812.71417  0.57%  55.4 5225s
 864573 105965     cutoff   86      1823.19117 1812.74667  0.57%  55.3 5231s
 865951 105873 1813.67641   96  181 1823.19117 1812.77022  0.57%  55.3 5235s
 867486 105823 1822.52011   98  216 1823.19117 1812.80073  0.57%  55.2 5240s
 868703 105790 1813.60217  107  228 1823.19117 1812.82961  0.57%  55.2 5245s
 870069 105918 infeasible   69      1823.19117 1812.84677  0.57%  55.2 5257s
 870997 105957 1813.68081   88  180 1823.19117 1812.86273  0.57%  55.1 5261s
 871740 105973 1814.55042   85  197 1823.19117 1812.87816  0.57%  55.1 5265s
 873398 105961 1818.68501  101   71 1823.19117 1812.90239  0.56%  55.1 5270s
 874613 105924 1818.21493   79  160 1823.19117 1812.92835  0.56%  55.0 5275s
 876022 105908 infeasible   79      1823.19117 1812.95691  0.56%  55.0 5280s
 877387 105863 infeasible   88      1823.19117 1812.98293  0.56%  54.9 5285s
 878855 105768 1813.54417   77   72 1823.19117 1813.01156  0.56%  54.9 5290s
 880126 105714 1814.95741   92  237 1823.19117 1813.03041  0.56%  54.8 5295s
 881524 105808 1814.33266   84  167 1823.19117 1813.05930  0.56%  54.8 5307s
 883193 105725     cutoff   80      1823.19117 1813.08467  0.55%  54.7 5310s
 884496 105662 1813.44862   83  235 1823.19117 1813.11230  0.55%  54.7 5316s
 885629 105635 1814.51596   76  154 1823.19117 1813.13678  0.55%  54.7 5320s
 886712 105660 1822.19188   81  159 1823.19117 1813.14493  0.55%  54.6 5325s
 887584 105653 infeasible   99      1823.19117 1813.16694  0.55%  54.6 5330s
 888216 105596     cutoff   91      1823.19117 1813.17842  0.55%  54.6 5335s
 888778 105590 1816.42643   76  181 1823.19117 1813.19477  0.55%  54.6 5340s
 889412 105581 1819.40223   77  201 1823.19117 1813.20645  0.55%  54.6 5345s
 890867 105660 infeasible  102      1823.19117 1813.22980  0.55%  54.5 5351s
 891592 105707 1813.85514  100  191 1823.19117 1813.24115  0.55%  54.5 5355s
 892407 105731     cutoff   92      1823.19117 1813.24975  0.55%  54.4 5364s
 893036 105736 infeasible   80      1823.19117 1813.26042  0.54%  54.4 5366s
 894152 105749 1817.63626   78  118 1823.19117 1813.27855  0.54%  54.4 5370s
 895425 105734     cutoff   93      1823.19117 1813.29940  0.54%  54.4 5376s
 896742 105686 1818.06157   87  192 1823.19117 1813.32538  0.54%  54.3 5380s
 898090 105718 1816.09314   91  188 1823.19117 1813.34415  0.54%  54.3 5385s
 899545 105679 infeasible   76      1823.19117 1813.36950  0.54%  54.2 5391s
 901542 105650 1813.45930   66  106 1823.19117 1813.40128  0.54%  54.2 5395s
 902755 105697 1815.70763   79  107 1823.19117 1813.42188  0.54%  54.1 5406s
 902963 105489 1820.69965   95  196 1823.19117 1813.42530  0.54%  54.1 5410s
 905353 105570 1815.42503   80  159 1823.19117 1813.44916  0.53%  54.0 5415s
 906948 105451     cutoff   91      1823.19117 1813.47747  0.53%  54.0 5420s
 908383 105410 1821.48993   91  112 1823.19117 1813.50894  0.53%  53.9 5426s
 909507 105371 1815.75906   96  159 1823.19117 1813.53242  0.53%  53.9 5431s
 910787 105385     cutoff  109      1823.19117 1813.55245  0.53%  53.8 5435s
 912197 105298 1814.00079  127  183 1823.19117 1813.57834  0.53%  53.8 5440s
 913503 105315 1815.84642  104  167 1823.19117 1813.60539  0.53%  53.8 5445s
 913859 105249 1821.67848   90  285 1823.19117 1813.61229  0.53%  53.7 5454s
 914370 105219 infeasible  106      1823.19117 1813.62272  0.52%  53.7 5456s
 915225 105173 1821.21161   88  174 1823.19117 1813.64343  0.52%  53.7 5460s
 916739 105187 1816.09323   82  180 1823.19117 1813.66939  0.52%  53.7 5465s
 918490 105194 infeasible   89      1823.19117 1813.69906  0.52%  53.6 5470s
 919960 105158 infeasible   88      1823.19117 1813.73368  0.52%  53.6 5476s
 920883 105097     cutoff   70      1823.19117 1813.75018  0.52%  53.5 5480s
 922319 105097 infeasible  108      1823.19117 1813.77591  0.52%  53.5 5485s
 923853 105045 infeasible   85      1823.19117 1813.80611  0.51%  53.4 5490s
 925238 104983 infeasible  119      1823.19117 1813.83337  0.51%  53.4 5495s
 926237 104781 infeasible   83      1823.19117 1813.85713  0.51%  53.4 5500s
 927713 104863 infeasible   75      1823.19117 1813.88162  0.51%  53.3 5510s
 929318 104764 1814.17960  105  226 1823.19117 1813.90600  0.51%  53.3 5516s
 930642 104863 1822.08660  101  198 1823.19117 1813.92733  0.51%  53.2 5521s
 932337 104925 1814.55992   92  165 1823.19117 1813.95069  0.51%  53.2 5525s
 933654 104927     cutoff  102      1823.19117 1813.97482  0.51%  53.1 5530s
 934991 104872 infeasible   96      1823.19117 1813.99532  0.50%  53.1 5535s
 936251 104822 1814.28035  103  216 1823.19117 1814.02285  0.50%  53.1 5540s
 937922 104704 infeasible   70      1823.19117 1814.05881  0.50%  53.0 5545s
 939103 104710 1820.94211   76   35 1823.19117 1814.07699  0.50%  53.0 5556s
 939349 104629 1816.30182   85  219 1823.19117 1814.08054  0.50%  53.0 5561s
 941987 104592 infeasible  102      1823.19117 1814.12263  0.50%  52.9 5565s
 943412 104657 infeasible  114      1823.19117 1814.14822  0.50%  52.8 5570s
 945065 104611 1820.43198   95  183 1823.19117 1814.17865  0.49%  52.8 5575s
 946412 104467 1815.88834   96  129 1823.19117 1814.21038  0.49%  52.7 5580s
 947705 104436 infeasible   78      1823.19117 1814.23615  0.49%  52.7 5585s
 949116 104315 1816.06462   71   99 1823.19117 1814.26779  0.49%  52.7 5590s
 951099 104191 1819.90668   81  185 1823.19117 1814.30256  0.49%  52.6 5595s
 951787 104084 1823.16994   86  120 1823.19117 1814.31209  0.49%  52.6 5604s
 952353 104068     cutoff   94      1823.19117 1814.32713  0.49%  52.6 5605s
 953623 103970 1817.39930  105  160 1823.19117 1814.35241  0.48%  52.6 5611s
 955207 103929 1814.77715   93  121 1823.19117 1814.39184  0.48%  52.5 5616s
 956805 103877 1819.85827   84  216 1823.19117 1814.42240  0.48%  52.5 5620s
 958049 103825 1822.60651  101  163 1823.19117 1814.44344  0.48%  52.4 5625s
 959033 103683 1822.37560   90  148 1823.19117 1814.46391  0.48%  52.4 5630s
 960443 103638 infeasible   89      1823.19117 1814.49531  0.48%  52.4 5635s
 961228 103499 1821.46962   93  165 1823.19117 1814.51866  0.48%  52.3 5640s
 962882 103350 1815.39329  113  161 1823.19117 1814.56734  0.47%  52.3 5645s
 963492 103249 infeasible   93      1823.19117 1814.57789  0.47%  52.3 5650s
 964518 103143 1815.77199   84  210 1823.19117 1814.60363  0.47%  52.2 5655s
 965953 103035 1817.63606  115  232 1823.19117 1814.64553  0.47%  52.2 5660s
 967760 102977     cutoff   98      1823.19117 1814.68685  0.47%  52.1 5665s
 969369 102845 1821.19215   78  181 1823.19117 1814.72039  0.46%  52.1 5670s
 970573 102769     cutoff   74      1823.19117 1814.74631  0.46%  52.1 5675s
 971529 102762 1819.34718   83   46 1823.19117 1814.76515  0.46%  52.0 5684s
 971861 102661 infeasible   86      1823.19117 1814.77058  0.46%  52.0 5687s
 973774 102576 infeasible  101      1823.19117 1814.80767  0.46%  52.0 5690s
 975148 102572 1815.97538  106  238 1823.19117 1814.83447  0.46%  51.9 5695s
 976548 102422 infeasible   81      1823.19117 1814.86956  0.46%  51.9 5700s
 977767 102319 1819.66985   88  193 1823.19117 1814.90145  0.45%  51.9 5705s
 979164 102299     cutoff   87      1823.19117 1814.93339  0.45%  51.8 5711s
 980880 102268 1815.82789   88  166 1823.19117 1814.97188  0.45%  51.8 5715s
 982023 102252 infeasible   81      1823.19117 1814.99256  0.45%  51.7 5725s
 982221 102064     cutoff   94      1823.19117 1815.00299  0.45%  51.7 5730s
 984660 101985 infeasible   67      1823.19117 1815.04397  0.45%  51.7 5735s
 986061 101948 1822.42862  102   95 1823.19117 1815.07257  0.45%  51.6 5740s
 986913 101881     cutoff   95      1823.19117 1815.09448  0.44%  51.6 5745s
 988759 101797 infeasible   88      1823.19117 1815.13003  0.44%  51.6 5751s
 990295 101647 infeasible   93      1823.19117 1815.16666  0.44%  51.5 5756s
 991776 101592 1816.44978  114  163 1823.19117 1815.20439  0.44%  51.5 5760s
 993016 101507 1816.33928   83   71 1823.19117 1815.23326  0.44%  51.4 5765s
 994395 101334 1817.87154   99  172 1823.19117 1815.26810  0.43%  51.4 5770s
 996158 101060 1816.74460   88  187 1823.19117 1815.31130  0.43%  51.4 5776s
 997466 100983 1821.74169   85   88 1823.19117 1815.34546  0.43%  51.3 5780s
 998786 100903 1821.16970   75  205 1823.19117 1815.37163  0.43%  51.3 5785s
 1000189 100818 1820.72306   90  127 1823.19117 1815.41104  0.43%  51.2 5790s
 1001020 100836 infeasible   88      1823.19117 1815.42965  0.43%  51.2 5799s
 1002077 100822 infeasible   82      1823.19117 1815.44996  0.42%  51.2 5800s
 1003172 100802 1821.15476   98  160 1823.19117 1815.47047  0.42%  51.2 5805s
 1004570 100682 1822.24656  101   57 1823.19117 1815.50461  0.42%  51.1 5810s
 1006054 100730 1815.68021   77   76 1823.19117 1815.53989  0.42%  51.1 5815s
 1007335 100660 1820.71202   74   91 1823.19117 1815.57648  0.42%  51.0 5820s
 1008716 100611 infeasible   57      1823.19117 1815.60561  0.42%  51.0 5825s
 1010010 100576 infeasible   89      1823.19117 1815.63740  0.41%  51.0 5830s
 1011673 100425 infeasible   85      1823.19117 1815.66675  0.41%  50.9 5843s
 1012543 100311 1822.14030   76  196 1823.19117 1815.68919  0.41%  50.9 5846s
 1013991 100278 infeasible   82      1823.19117 1815.72127  0.41%  50.9 5851s
 1015242 100193 1815.84413   74   35 1823.19117 1815.75295  0.41%  50.8 5855s
 1016513 100047 1817.26401   85  183 1823.19117 1815.78218  0.41%  50.8 5861s
 1017861 99879     cutoff   67      1823.19117 1815.81555  0.40%  50.8 5865s
 1019247 99706 1821.17370   79  212 1823.19117 1815.85527  0.40%  50.7 5870s
 1020290 99691 1818.12725   68  183 1823.19117 1815.87173  0.40%  50.7 5875s
 1021332 99594 1818.61696   88  205 1823.19117 1815.89279  0.40%  50.7 5880s
 1022232 99492 1819.93645  104  154 1823.19117 1815.91212  0.40%  50.6 5885s
 1023792 99262 1817.88641   76  210 1823.19117 1815.97470  0.40%  50.6 5890s
 1025262 99124 1817.30543   72  211 1823.19117 1816.01054  0.39%  50.6 5896s
 1026189 99013 1820.10304   77  187 1823.19117 1816.03634  0.39%  50.5 5901s
 1027521 98985     cutoff  108      1823.19117 1816.06369  0.39%  50.5 5905s
 1028289 99006     cutoff   71      1823.19117 1816.08114  0.39%  50.5 5914s
 1028449 99109 infeasible   75      1823.19117 1816.08610  0.39%  50.5 5920s
 1031785 99108 infeasible   92      1823.19117 1816.11954  0.39%  50.4 5925s
 1033176 98995 1816.57276  118  194 1823.19117 1816.14629  0.39%  50.3 5931s
 1034313 99002 infeasible   76      1823.19117 1816.17610  0.38%  50.3 5935s
 1035468 98872 1823.17079   94   82 1823.19117 1816.20388  0.38%  50.3 5940s
 1036769 98764 infeasible   63      1823.19117 1816.24259  0.38%  50.2 5945s
 1038831 98657 infeasible   78      1823.19117 1816.28807  0.38%  50.2 5957s
 1039044 98959 1816.71583   69  231 1823.19117 1816.29430  0.38%  50.2 5962s
 1041501 98943 1822.85969   90  186 1823.19117 1816.31787  0.38%  50.1 5965s
 1042909 98821 1818.55806   66  205 1823.19117 1816.35239  0.38%  50.1 5970s
 1043627 98727 1820.14604   97  162 1823.19117 1816.36171  0.37%  50.1 5976s
 1044482 98612 infeasible   70      1823.19117 1816.38951  0.37%  50.0 5980s
 1046067 98596 infeasible   95      1823.19117 1816.42541  0.37%  50.0 5985s
 1047383 98430 infeasible   77      1823.19117 1816.46102  0.37%  50.0 5991s
 1048365 98413     cutoff   89      1823.19117 1816.48486  0.37%  49.9 5995s
 1049757 98346     cutoff  102      1823.19117 1816.50721  0.37%  49.9 6005s
 1051508 98269 1817.58195   66  218 1823.19117 1816.55064  0.36%  49.8 6011s
 1052602 98234 infeasible   76      1823.19117 1816.57841  0.36%  49.8 6015s
 1054345 98211     cutoff   76      1823.19117 1816.61321  0.36%  49.8 6021s
 1055835 98130 1821.85559   98  121 1823.19117 1816.64384  0.36%  49.7 6025s
 1057378 98076 infeasible   83      1823.19117 1816.68637  0.36%  49.7 6030s
 1058938 97901 1818.68960   60  103 1823.19117 1816.72685  0.35%  49.7 6035s
 1060412 97840 1822.04928   93   91 1823.19117 1816.75556  0.35%  49.6 6040s
 1061740 97754     cutoff   97      1823.19117 1816.78776  0.35%  49.6 6045s
 1063326 97789 1822.37569   81   70 1823.19117 1816.81635  0.35%  49.5 6050s
 1064008 97765 infeasible   88      1823.19117 1816.82644  0.35%  49.5 6058s
 1064200 98000 1817.40655  106  118 1823.19117 1816.82839  0.35%  49.5 6064s
 1066815 97987 infeasible   97      1823.19117 1816.85166  0.35%  49.4 6065s
 1067623 97965 1817.22356   71  232 1823.19117 1816.86506  0.35%  49.4 6070s
 1069425 97929 1817.43237   76  105 1823.19117 1816.89887  0.35%  49.4 6075s
 1070998 97965 1816.91846   76  102 1823.19117 1816.91846  0.34%  49.3 6081s
 1071781 97886 1818.62308   79  105 1823.19117 1816.93658  0.34%  49.3 6086s
 1072281 97870 1818.62308   82  105 1823.19117 1816.95142  0.34%  49.3 6090s
 1073281 97869 1819.37088   77  170 1823.19117 1816.97054  0.34%  49.3 6095s
 1074525 97898 infeasible   89      1823.19117 1817.00188  0.34%  49.2 6106s
 1075349 97857 1822.13056   97   87 1823.19117 1817.01905  0.34%  49.2 6110s
 1077208 97898 1817.10510   73   46 1823.19117 1817.05345  0.34%  49.2 6115s
 1079080 97723 1817.79868   84  214 1823.19117 1817.09781  0.33%  49.1 6120s
 1080500 97664 1821.71237   92  176 1823.19117 1817.12767  0.33%  49.1 6125s
 1081952 97721 infeasible   83      1823.19117 1817.15462  0.33%  49.0 6130s
 1083418 97608 infeasible   95      1823.19117 1817.19017  0.33%  49.0 6135s
 1085212 97459 infeasible   75      1823.19117 1817.22752  0.33%  48.9 6140s
 1085952 97566 infeasible   78      1823.19117 1817.23960  0.33%  48.9 6149s
 1086229 97675 1820.65304   98  185 1823.19117 1817.24136  0.33%  48.9 6152s
 1088432 97709 1817.95394   85   56 1823.19117 1817.26482  0.33%  48.9 6155s
 1089763 97867 1820.85646   75  158 1823.19117 1817.28386  0.32%  48.8 6160s
 1091640 97810 infeasible   80      1823.19117 1817.32063  0.32%  48.8 6165s
 1093492 97773 1818.45318   65   85 1823.19117 1817.35224  0.32%  48.7 6170s
 1094614 97706     cutoff   93      1823.19117 1817.38147  0.32%  48.7 6175s
 1096535 97618 infeasible  100      1823.19117 1817.41926  0.32%  48.6 6186s
 1096859 97537 infeasible   63      1823.19117 1817.42375  0.32%  48.6 6190s
 1099041 97470 infeasible   84      1823.19117 1817.45634  0.31%  48.6 6195s
 1100472 97445     cutoff  105      1823.19117 1817.47861  0.31%  48.5 6200s
 1101946 97337 1818.20916   82  195 1823.19117 1817.51501  0.31%  48.5 6206s
 1103804 97323 1820.07459   79  184 1823.19117 1817.54483  0.31%  48.4 6210s
 1104957 97300 1819.13645   66  140 1823.19117 1817.56894  0.31%  48.4 6215s
 1106442 97291 1818.18191   93  141 1823.19117 1817.59250  0.31%  48.4 6220s
 1107879 97249 1820.92981   78  163 1823.19117 1817.62158  0.31%  48.3 6225s
 1109157 97199 1818.78289  113  153 1823.19117 1817.64293  0.30%  48.3 6230s
 1109416 97136 infeasible   96      1823.19117 1817.64734  0.30%  48.3 6235s
 1110093 97010     cutoff   78      1823.19117 1817.65718  0.30%  48.3 6240s
 1111298 97027 1820.41832   78  149 1823.19117 1817.68543  0.30%  48.2 6245s
 1111415 97136 1822.86969   81  139 1823.19117 1817.68806  0.30%  48.2 6254s
 1112476 97122 infeasible  120      1823.19117 1817.70438  0.30%  48.2 6255s
 1113741 97127 1818.86940   76  193 1823.19117 1817.72703  0.30%  48.2 6260s
 1114928 97175 1819.16437   98  108 1823.19117 1817.74686  0.30%  48.2 6265s
 1116537 97278     cutoff   79      1823.19117 1817.77494  0.30%  48.1 6270s
 1118052 97273 1819.67241   90  206 1823.19117 1817.80298  0.30%  48.1 6275s
 1118614 97316 1818.95755   73  231 1823.19117 1817.81014  0.30%  48.1 6281s
 1119109 97257 1819.95024   71  208 1823.19117 1817.81665  0.29%  48.0 6285s
 1119854 97315     cutoff   92      1823.19117 1817.82164  0.29%  48.0 6290s
 1120661 97260 1818.35390   92  182 1823.19117 1817.84569  0.29%  48.0 6296s
 1122304 97215 infeasible   74      1823.19117 1817.87430  0.29%  48.0 6300s
 1123234 97275 1817.91439   91  238 1823.19117 1817.88904  0.29%  47.9 6305s
 1123968 97256 1818.82462   88  210 1823.19117 1817.89773  0.29%  47.9 6313s
 1124085 97231 1822.50397   85  439 1823.19117 1817.89939  0.29%  47.9 6321s
 1127752 97210 1823.08477   95   63 1823.19117 1817.91713  0.29%  47.8 6325s
 1128884 97202     cutoff   96      1823.19117 1817.93689  0.29%  47.8 6330s
 1130624 97218     cutoff   89      1823.19117 1817.96577  0.29%  47.7 6335s
 1131836 97228 infeasible   71      1823.19117 1817.98140  0.29%  47.7 6340s
 1133247 97002 1820.58665   90  162 1823.19117 1818.00607  0.28%  47.7 6345s
 1134554 96951 1820.34015   74  193 1823.19117 1818.02672  0.28%  47.6 6350s
 1135700 96994 infeasible   78      1823.19117 1818.04439  0.28%  47.6 6360s
 1135838 97085     cutoff   72      1823.19117 1818.05015  0.28%  47.6 6366s
 1138859 97040 infeasible   76      1823.19117 1818.07106  0.28%  47.5 6370s
 1140206 97164 1822.03461   85  112 1823.19117 1818.09042  0.28%  47.5 6375s
 1141937 97028 infeasible   89      1823.19117 1818.11600  0.28%  47.4 6380s
 1143821 97041 1820.04966   93   85 1823.19117 1818.14774  0.28%  47.4 6385s
 1145675 97019 infeasible  106      1823.19117 1818.17591  0.28%  47.3 6390s
 1146857 97110 1819.49626   84  124 1823.19117 1818.19204  0.27%  47.3 6400s
 1148565 97015 infeasible   66      1823.19117 1818.22291  0.27%  47.3 6406s
 1150396 97068 infeasible   85      1823.19117 1818.24647  0.27%  47.2 6410s
 1151992 97099 infeasible   98      1823.19117 1818.26927  0.27%  47.2 6415s
 1153338 97180 1819.49890   78  185 1823.19117 1818.28923  0.27%  47.2 6420s
 1155600 97166 infeasible   79      1823.19117 1818.32108  0.27%  47.1 6425s
 1157388 97226 1822.26718   89  177 1823.19117 1818.34932  0.27%  47.0 6430s
 1158020 97211 1820.25593   78  181 1823.19117 1818.35915  0.27%  47.0 6438s
 1158448 97280 1820.64405   90  173 1823.19117 1818.36692  0.26%  47.0 6441s
 1160405 97428 1820.73015   99  131 1823.19117 1818.38440  0.26%  47.0 6445s
 1162341 97471 infeasible   93      1823.19117 1818.40774  0.26%  46.9 6450s
 1163790 97444 1821.84513   89  211 1823.19117 1818.43474  0.26%  46.9 6455s
 1165099 97385 1819.47299   84  190 1823.19117 1818.45325  0.26%  46.8 6460s
 1166543 97452 1820.36551   87  197 1823.19117 1818.47157  0.26%  46.8 6465s
 1168138 97523 infeasible   76      1823.19117 1818.48902  0.26%  46.8 6470s
 1169569 97406 infeasible   96      1823.19117 1818.51364  0.26%  46.7 6475s
 1170718 97339 infeasible   91      1823.19117 1818.52824  0.26%  46.7 6480s
 1171416 97271 infeasible   65      1823.19117 1818.54015  0.26%  46.7 6490s
 1172807 97332 1819.86138   88  157 1823.19117 1818.56153  0.25%  46.7 6496s
 1174561 97408 1819.09761   78  146 1823.19117 1818.57953  0.25%  46.6 6500s
 1176188 97526 infeasible   86      1823.19117 1818.60080  0.25%  46.6 6505s
 1177401 97602 1820.81375   80  207 1823.19117 1818.61732  0.25%  46.5 6510s
 1178922 97510 1821.10972   73   95 1823.19117 1818.63746  0.25%  46.5 6515s
 1180136 97490 infeasible   84      1823.19117 1818.65005  0.25%  46.5 6520s
 1182172 97492 infeasible   91      1823.19117 1818.67837  0.25%  46.4 6532s
 1183355 97401 infeasible  108      1823.19117 1818.69641  0.25%  46.4 6535s
 1185333 97546 infeasible   88      1823.19117 1818.71978  0.25%  46.4 6540s
 1186915 97574 1822.75100   79  171 1823.19117 1818.73944  0.24%  46.3 6545s
 1188368 97539 1818.85978   86  197 1823.19117 1818.75723  0.24%  46.3 6551s
 1189473 97535 1820.56445   91  154 1823.19117 1818.77359  0.24%  46.2 6555s
 1191547 97618 infeasible  117      1823.19117 1818.79885  0.24%  46.2 6560s
 1193094 97600 1820.55971   74   83 1823.19117 1818.81558  0.24%  46.2 6573s
 1193441 97619 infeasible   74      1823.19117 1818.81779  0.24%  46.2 6577s
 1194883 97564 1820.13102   83  229 1823.19117 1818.83069  0.24%  46.1 6580s
 1196682 97603 1822.17956   91  106 1823.19117 1818.85068  0.24%  46.1 6585s
 1198085 97654 1819.96976   77  193 1823.19117 1818.86382  0.24%  46.0 6591s
 1199232 97729 1819.89879   76  226 1823.19117 1818.87527  0.24%  46.0 6595s
 1200429 97777 1822.16580   85  215 1823.19117 1818.89023  0.24%  46.0 6600s
 1201870 97799 1819.46646   84  147 1823.19117 1818.90694  0.23%  45.9 6605s
 1203533 97902 1821.51024  100  180 1823.19117 1818.92414  0.23%  45.9 6615s
 1205513 97978 infeasible   90      1823.19117 1818.93968  0.23%  45.8 6620s
 1206879 98086 1819.32399   61  108 1823.19117 1818.95431  0.23%  45.8 6626s
 1208296 98108 1818.97124   59  187 1823.19117 1818.97001  0.23%  45.8 6630s
 1209705 98161 infeasible   79      1823.19117 1818.98378  0.23%  45.7 6635s
 1211445 98317     cutoff   66      1823.19117 1819.00049  0.23%  45.7 6640s
 1213237 98377 1822.68534   82  139 1823.19117 1819.01858  0.23%  45.7 6645s
 1213756 98358 infeasible   79      1823.19117 1819.02279  0.23%  45.6 6652s
 1213957 98168 1820.10237   77  157 1823.19117 1819.02457  0.23%  45.6 6655s
 1216655 98053 1820.08908   85  228 1823.19117 1819.04870  0.23%  45.6 6660s
 1218652 98070 infeasible   89      1823.19117 1819.07623  0.23%  45.5 6665s
 1220681 97981 infeasible   87      1823.19117 1819.10101  0.22%  45.5 6670s
 1222791 98079 1819.40947   83  153 1823.19117 1819.12422  0.22%  45.4 6675s
 1224128 98026 1821.59416   89  192 1823.19117 1819.13799  0.22%  45.4 6684s
 1224351 97890     cutoff  100      1823.19117 1819.14164  0.22%  45.4 6688s
 1226142 97829 1821.87726   85  175 1823.19117 1819.15432  0.22%  45.3 6690s
 1227655 97897 1821.25796   97  171 1823.19117 1819.17351  0.22%  45.3 6695s
 1229764 97852 infeasible  115      1823.19117 1819.19622  0.22%  45.2 6700s
 1231479 97864 infeasible   80      1823.19117 1819.21489  0.22%  45.2 6705s
 1232832 97889 infeasible   99      1823.19117 1819.23209  0.22%  45.2 6710s
 1234817 97894 1820.28330   77  172 1823.19117 1819.25545  0.22%  45.1 6722s
 1234963 97661 1820.12207   80  193 1823.19117 1819.25672  0.22%  45.1 6726s
 1237519 97631 1822.65981   95  170 1823.19117 1819.27361  0.21%  45.1 6730s
 1239463 97581 1820.73220   85  173 1823.19117 1819.29602  0.21%  45.0 6735s
 1241057 97674 infeasible   90      1823.19117 1819.31313  0.21%  45.0 6740s
 1242895 97496 1821.47223   88  103 1823.19117 1819.33460  0.21%  44.9 6745s
 1244482 97344 1821.17355   73  197 1823.19117 1819.35388  0.21%  44.9 6750s
 1245790 97326 infeasible   91      1823.19117 1819.36743  0.21%  44.9 6760s
 1247839 97265 infeasible   84      1823.19117 1819.38136  0.21%  44.8 6765s
 1249190 97253 1819.96562   89  206 1823.19117 1819.39457  0.21%  44.8 6770s
 1250903 97129 1820.82618   77  153 1823.19117 1819.41523  0.21%  44.7 6775s
 1252745 97184 infeasible   79      1823.19117 1819.43065  0.21%  44.7 6780s
 1254354 97049 1820.74431  101   78 1823.19117 1819.45019  0.21%  44.7 6785s
 1255726 97056 infeasible   65      1823.19117 1819.46565  0.20%  44.6 6790s
 1257190 97012 1822.67729   77  178 1823.19117 1819.47947  0.20%  44.6 6802s
 1257897 96944 infeasible   86      1823.19117 1819.48648  0.20%  44.6 6806s
 1258494 96885 1823.07330   72  170 1823.19117 1819.49078  0.20%  44.6 6810s
 1260039 96852 1820.66150   74  213 1823.19117 1819.49501  0.20%  44.5 6815s
 1261096 96785 1820.66327   96  168 1823.19117 1819.51634  0.20%  44.5 6821s
 1263225 96689 1822.11850   82  177 1823.19117 1819.53528  0.20%  44.5 6825s
 1264668 96514 infeasible   81      1823.19117 1819.55456  0.20%  44.4 6831s
 1266214 96584 1821.10326   80  184 1823.19117 1819.56896  0.20%  44.4 6835s
 1267943 96494 1819.93022   82   87 1823.19117 1819.58789  0.20%  44.4 6840s
 1269706 96538 1820.57206   87  222 1823.19117 1819.60260  0.20%  44.3 6845s
 1270418 96517 1820.36030   74  216 1823.19117 1819.60821  0.20%  44.3 6853s
 1270682 96372 1820.00553   83  187 1823.19117 1819.61100  0.20%  44.3 6856s
 1272890 96365 infeasible   85      1823.19117 1819.62626  0.20%  44.2 6860s
 1274790 96372 1821.07360   66  181 1823.19117 1819.64394  0.19%  44.2 6865s
 1276824 96290 infeasible   77      1823.19117 1819.66782  0.19%  44.1 6870s
 1278327 96159 1821.38885   82  190 1823.19117 1819.68793  0.19%  44.1 6875s
 1280273 96114 infeasible   82      1823.19117 1819.70925  0.19%  44.1 6880s
 1280997 96115 infeasible   89      1823.19117 1819.71406  0.19%  44.1 6890s
 1282315 95943 infeasible   86      1823.19117 1819.72946  0.19%  44.0 6896s
 1283319 95882 1822.96416   91  112 1823.19117 1819.74239  0.19%  44.0 6901s
 1284428 95930 infeasible   80      1823.19117 1819.75065  0.19%  44.0 6905s
 1285342 95856 infeasible   94      1823.19117 1819.75950  0.19%  44.0 6911s
 1286922 95850 1821.25040  104  144 1823.19117 1819.77501  0.19%  43.9 6916s
 1288556 95838 1820.54710   93  118 1823.19117 1819.78958  0.19%  43.9 6920s
 1290683 95711 infeasible   72      1823.19117 1819.80950  0.19%  43.8 6925s
 1291529 95688 1820.51652   84  173 1823.19117 1819.81722  0.19%  43.8 6934s
 1291668 95419 infeasible   80      1823.19117 1819.81809  0.19%  43.8 6938s
 1294175 95392 1821.75751   81  167 1823.19117 1819.82983  0.18%  43.8 6940s
 1295539 95436 1821.39172   83  217 1823.19117 1819.84235  0.18%  43.7 6945s
 1297526 95280     cutoff   85      1823.19117 1819.86183  0.18%  43.7 6950s
 1298752 95070 1820.41721   59  226 1823.19117 1819.87754  0.18%  43.7 6955s
 1300170 95048 1822.40682   88  207 1823.19117 1819.89027  0.18%  43.6 6960s
 1301931 94975 1820.69283   73  131 1823.19117 1819.90653  0.18%  43.6 6965s
 1303767 94929 infeasible   76      1823.19117 1819.92059  0.18%  43.5 6970s
 1305240 94915 1823.16036   95  133 1823.19117 1819.93173  0.18%  43.5 6975s
 1305867 94831 infeasible   75      1823.19117 1819.93585  0.18%  43.5 6982s
 1306223 94803 1822.21676   85  225 1823.19117 1819.93864  0.18%  43.5 6985s
 1308480 94703 infeasible   84      1823.19117 1819.95814  0.18%  43.4 6990s
 1309799 94568 1819.99916   85  190 1823.19117 1819.96244  0.18%  43.4 6995s
 1311287 94454 infeasible   86      1823.19117 1819.98230  0.18%  43.4 7000s
 1312746 94423 1821.08625   81  132 1823.19117 1819.99677  0.18%  43.3 7005s
 1314241 94345 infeasible   79      1823.19117 1820.01077  0.17%  43.3 7010s
 1315592 94247     cutoff   98      1823.19117 1820.02103  0.17%  43.3 7015s
 1317087 94134 1822.77877   82  119 1823.19117 1820.03433  0.17%  43.2 7020s
 1318281 94090 infeasible  102      1823.19117 1820.04223  0.17%  43.2 7030s
 1318448 93995 1820.67332   92  190 1823.19117 1820.04285  0.17%  43.2 7035s
 1320112 93953 1820.91557   92  178 1823.19117 1820.05269  0.17%  43.2 7040s
 1321752 93810 infeasible   86      1823.19117 1820.07125  0.17%  43.1 7045s
 1322865 93672 1822.41471   84  171 1823.19117 1820.08645  0.17%  43.1 7050s
 1324764 93558 1822.27720   83   90 1823.19117 1820.10398  0.17%  43.1 7055s
 1326576 93417 1820.74626   85  204 1823.19117 1820.11871  0.17%  43.0 7060s
 1328322 93357 1820.47144   73  140 1823.19117 1820.13348  0.17%  43.0 7065s
 1329794 93270     cutoff  119      1823.19117 1820.14390  0.17%  43.0 7075s
 1331199 93020 1822.28427  101  170 1823.19117 1820.16090  0.17%  42.9 7080s
 1332876 92802 1820.56094  100  158 1823.19117 1820.17697  0.17%  42.9 7085s
 1334784 92703 1821.74187   95  145 1823.19117 1820.19299  0.16%  42.9 7090s
 1336542 92530 1822.20978   85  139 1823.19117 1820.20694  0.16%  42.8 7095s
 1338276 92316     cutoff   92      1823.19117 1820.22195  0.16%  42.8 7101s
 1339941 92196 1821.51200   99  124 1823.19117 1820.23534  0.16%  42.8 7105s
 1341611 92106 infeasible   69      1823.19117 1820.25015  0.16%  42.7 7115s
 1341731 91833     cutoff   92      1823.19117 1820.25218  0.16%  42.7 7120s
 1344712 91761 1820.97074   77  211 1823.19117 1820.26646  0.16%  42.7 7125s
 1346427 91582 infeasible   80      1823.19117 1820.28389  0.16%  42.6 7130s
 1348271 91405 infeasible   90      1823.19117 1820.30061  0.16%  42.6 7135s
 1349924 91183 1820.61535   96  155 1823.19117 1820.31518  0.16%  42.5 7141s
 1351398 91021 1822.20654   85  200 1823.19117 1820.32877  0.16%  42.5 7145s
 1352857 90873 1822.34623   79  194 1823.19117 1820.34233  0.16%  42.5 7150s
 1352883 90874 1820.87769   95  169 1823.19117 1820.34244  0.16%  42.5 7155s
 1352935 90863 1821.12668   58  219 1823.19117 1820.34254  0.16%  42.5 7160s
 1352957 90865 1821.86369   61  225 1823.19117 1820.34254  0.16%  42.5 7166s
 1353065 90807 1820.61734   87  136 1823.19117 1820.34377  0.16%  42.5 7170s
 1353454 90628 infeasible   67      1823.19117 1820.34827  0.16%  42.5 7175s
 1353981 90424 infeasible   96      1823.19117 1820.35627  0.16%  42.5 7180s
 1356182 90299 1821.38697   79  170 1823.19117 1820.37162  0.15%  42.4 7185s
 1357768 90069 infeasible   84      1823.19117 1820.38768  0.15%  42.4 7190s
 1359437 89827 1822.09952   79  106 1823.19117 1820.40194  0.15%  42.4 7196s
 1360935 89612 infeasible   77      1823.19117 1820.41686  0.15%  42.3 7201s
 1362524 89305 infeasible   81      1823.19117 1820.43085  0.15%  42.3 7205s
 1364704 89084 infeasible   81      1823.19117 1820.45200  0.15%  42.2 7210s
 1366344 88909 infeasible  106      1823.19117 1820.46514  0.15%  42.2 7215s
 1367010 88865 1822.85609   99  101 1823.19117 1820.46838  0.15%  42.2 7220s
 1367533 88776 1821.86483   90   97 1823.19117 1820.47233  0.15%  42.2 7225s
 1368445 88565     cutoff   84      1823.19117 1820.48011  0.15%  42.2 7231s
 1369975 88278 infeasible   87      1823.19117 1820.49770  0.15%  42.1 7235s
 1371602 88084 infeasible   98      1823.19117 1820.51276  0.15%  42.1 7240s
 1373187 87934 1821.71836   84  110 1823.19117 1820.52562  0.15%  42.1 7245s
 1375446 87591 infeasible  103      1823.19117 1820.54889  0.14%  42.0 7250s
 1377251 87446     cutoff  102      1823.19117 1820.56425  0.14%  42.0 7255s
 1378907 87342     cutoff  114      1823.19117 1820.57667  0.14%  42.0 7266s
 1380743 87132 infeasible   84      1823.19117 1820.58713  0.14%  41.9 7270s
 1382312 87034 infeasible  121      1823.19117 1820.59561  0.14%  41.9 7275s
 1383764 86907 infeasible   80      1823.19117 1820.60561  0.14%  41.9 7280s
 1385771 86634 1821.43912   83  169 1823.19117 1820.62316  0.14%  41.8 7285s
 1387775 86483 1821.69637  109  139 1823.19117 1820.63597  0.14%  41.8 7290s
 1389573 86214 1821.78755   75  200 1823.19117 1820.65193  0.14%  41.7 7295s
 1390930 86109 infeasible   86      1823.19117 1820.66293  0.14%  41.7 7300s
 1392937 85838 infeasible  128      1823.19117 1820.67813  0.14%  41.7 7305s
 1394802 85664 1821.36429   98  133 1823.19117 1820.69196  0.14%  41.6 7311s
 1396791 85356 infeasible   88      1823.19117 1820.70729  0.14%  41.6 7315s
 1398189 85105 infeasible   91      1823.19117 1820.72004  0.14%  41.6 7320s
 1400196 84942 infeasible   91      1823.19117 1820.73632  0.13%  41.5 7325s
 1401511 84692 infeasible   79      1823.19117 1820.74680  0.13%  41.5 7330s
 1403390 84528 infeasible   63      1823.19117 1820.76203  0.13%  41.5 7335s
 1404673 84374 1821.38397  102   57 1823.19117 1820.77052  0.13%  41.4 7340s
 1406409 84150 infeasible   78      1823.19117 1820.78514  0.13%  41.4 7345s
 1408064 83860 1820.90160   94  117 1823.19117 1820.79973  0.13%  41.4 7350s
 1409505 83690 1822.16956   93  187 1823.19117 1820.81098  0.13%  41.3 7355s
 1411014 83406 1821.72220   92  131 1823.19117 1820.82383  0.13%  41.3 7360s
 1412812 83173 infeasible   87      1823.19117 1820.84014  0.13%  41.3 7365s
 1414163 82995 infeasible   80      1823.19117 1820.84940  0.13%  41.2 7370s
 1415525 82643 1821.83979  112  185 1823.19117 1820.86175  0.13%  41.2 7375s
 1417662 82406 infeasible   85      1823.19117 1820.87786  0.13%  41.2 7380s
 1419176 82092 1822.54065   95   83 1823.19117 1820.89061  0.13%  41.1 7385s
 1421167 81889 infeasible  120      1823.19117 1820.90354  0.13%  41.1 7390s
 1422626 81561 infeasible   98      1823.19117 1820.91698  0.12%  41.1 7395s
 1424590 81357 infeasible  104      1823.19117 1820.93161  0.12%  41.0 7400s
 1426175 81053 1822.42648   81  187 1823.19117 1820.94496  0.12%  41.0 7405s
 1428017 80775 infeasible   90      1823.19117 1820.95857  0.12%  41.0 7411s
 1428713 80589 infeasible  104      1823.19117 1820.96261  0.12%  41.0 7415s
 1430626 80140 infeasible   95      1823.19117 1820.97795  0.12%  40.9 7420s
 1432071 79741 1821.91165  103  131 1823.19117 1820.99401  0.12%  40.9 7426s
 1433369 79431 infeasible   87      1823.19117 1821.00492  0.12%  40.9 7431s
 1434857 79034 infeasible  102      1823.19117 1821.02085  0.12%  40.8 7435s
 1436238 78779     cutoff  102      1823.19117 1821.03032  0.12%  40.8 7440s
 1437667 78523     cutoff   69      1823.19117 1821.04157  0.12%  40.8 7445s
 1439192 78170 1821.80387  101  186 1823.19117 1821.05478  0.12%  40.8 7451s
 1440585 77800 infeasible   98      1823.19117 1821.06822  0.12%  40.7 7455s
 1442496 77546 infeasible   83      1823.19117 1821.08258  0.12%  40.7 7460s
 1443762 77170 1821.27410  100  201 1823.19117 1821.09313  0.12%  40.7 7466s
 1445124 76847 infeasible   82      1823.19117 1821.10358  0.11%  40.7 7470s
 1446400 76499 infeasible   90      1823.19117 1821.11513  0.11%  40.6 7475s
 1447728 76150 infeasible   93      1823.19117 1821.12564  0.11%  40.6 7480s
 1449237 75768 1822.38045   94  148 1823.19117 1821.13815  0.11%  40.6 7486s
 1450700 75360 infeasible   74      1823.19117 1821.14958  0.11%  40.5 7491s
 1452300 75050 infeasible   78      1823.19117 1821.16336  0.11%  40.5 7495s
 1453750 74499 infeasible   86      1823.19117 1821.17841  0.11%  40.5 7500s
 1455582 74052 infeasible  101      1823.19117 1821.19626  0.11%  40.5 7505s
 1456984 73733 1821.48682   65   70 1823.19117 1821.20680  0.11%  40.4 7510s
 1458402 73398 infeasible   79      1823.19117 1821.21827  0.11%  40.4 7515s
 1459902 73143 infeasible   93      1823.19117 1821.22879  0.11%  40.4 7520s
 1461458 72726 1822.49209   89  139 1823.19117 1821.24098  0.11%  40.3 7526s
 1462942 72363 infeasible   89      1823.19117 1821.25360  0.11%  40.3 7530s
 1464877 71926 1822.17448   91  225 1823.19117 1821.26794  0.11%  40.3 7535s
 1466270 71560 1821.64122  112  160 1823.19117 1821.27965  0.10%  40.3 7540s
 1467628 71158 infeasible   63      1823.19117 1821.29194  0.10%  40.2 7545s
 1469151 70775 infeasible  104      1823.19117 1821.30418  0.10%  40.2 7550s
 1470574 70401 1821.95779   89  210 1823.19117 1821.31704  0.10%  40.2 7555s
 1471934 70006 1821.32943   79  145 1823.19117 1821.32904  0.10%  40.2 7560s
 1473059 69651 infeasible   82      1823.19117 1821.33944  0.10%  40.1 7565s
 1474416 69190 infeasible   96      1823.19117 1821.35206  0.10%  40.1 7570s
 1475722 68698 infeasible   97      1823.19117 1821.36424  0.10%  40.1 7575s
 1476896 68275 infeasible   98      1823.19117 1821.37859  0.10%  40.1 7580s
 1478590 67745 infeasible   99      1823.19117 1821.39416  0.10%  40.0 7585s
 1479798 67361 infeasible   91      1823.19117 1821.40250  0.10%  40.0 7590s
 1480099 67189 1821.93856  101  127 1823.19117 1821.40784  0.10%  40.0 7595s
 1480560 66917     cutoff   81      1823.19117 1821.41257  0.10%  40.0 7600s
 1481070 66530 infeasible   98      1823.19117 1821.42093  0.10%  40.0 7605s
 1482765 65881 infeasible   84      1823.19117 1821.43736  0.10%  40.0 7611s
 1483993 65428 1821.56405   96   86 1823.19117 1821.45168  0.10%  39.9 7615s
 1485092 64896     cutoff   69      1823.19117 1821.46430  0.09%  39.9 7620s
 1486321 64497 infeasible   77      1823.19117 1821.47590  0.09%  39.9 7625s
 1487091 64107 infeasible   91      1823.19117 1821.48384  0.09%  39.9 7630s
 1488901 63540 1822.02798   95   98 1823.19117 1821.49999  0.09%  39.9 7635s
 1490480 62982 1821.76996   86  171 1823.19117 1821.51561  0.09%  39.8 7640s
 1491910 62351 infeasible  105      1823.19117 1821.53131  0.09%  39.8 7646s
 1492894 61849 infeasible   89      1823.19117 1821.54433  0.09%  39.8 7650s
 1494047 61328 1822.68158   79  138 1823.19117 1821.55508  0.09%  39.8 7655s
 1495483 60889     cutoff   93      1823.19117 1821.56967  0.09%  39.7 7660s
 1496561 60412 1821.88839   93  139 1823.19117 1821.57909  0.09%  39.7 7665s
 1497999 59770 1821.81092   80  159 1823.19117 1821.59365  0.09%  39.7 7671s
 1499117 59381 1822.11198   80  163 1823.19117 1821.60494  0.09%  39.7 7675s
 1500706 58807 infeasible   73      1823.19117 1821.61948  0.09%  39.7 7680s
 1502269 58215 1823.18682   92  164 1823.19117 1821.63633  0.09%  39.6 7685s
 1503698 57602 1822.88829  101  162 1823.19117 1821.64954  0.08%  39.6 7691s
 1505201 57260 infeasible   88      1823.19117 1821.66139  0.08%  39.6 7695s
 1506189 56799 infeasible  101      1823.19117 1821.67186  0.08%  39.6 7700s
 1507338 56207 1821.78762   74  189 1823.19117 1821.68613  0.08%  39.5 7705s
 1508946 55626 infeasible   90      1823.19117 1821.70104  0.08%  39.5 7710s
 1509889 54972 infeasible   75      1823.19117 1821.71401  0.08%  39.5 7715s
 1511120 54213 infeasible   87      1823.19117 1821.73266  0.08%  39.5 7720s
 1512307 53505 1822.12737   93  195 1823.19117 1821.74726  0.08%  39.5 7726s
 1513560 52910 infeasible   63      1823.19117 1821.76071  0.08%  39.4 7730s
 1514308 52386 infeasible   77      1823.19117 1821.77003  0.08%  39.4 7735s
 1515624 51572     cutoff   66      1823.19117 1821.79052  0.08%  39.4 7741s
 1516601 50966 1822.32678   90  171 1823.19117 1821.80320  0.08%  39.4 7745s
 1517502 50332     cutoff   80      1823.19117 1821.81668  0.08%  39.4 7750s
 1518590 49357 infeasible   85      1823.19117 1821.83748  0.07%  39.4 7756s
 1519265 48813 infeasible   81      1823.19117 1821.84842  0.07%  39.4 7761s
 1520035 48043 infeasible   93      1823.19117 1821.86070  0.07%  39.4 7765s
 1521043 47088 infeasible   88      1823.19117 1821.88021  0.07%  39.3 7771s
 1522095 45989 infeasible   77      1823.19117 1821.90134  0.07%  39.3 7777s
 1523150 45156 infeasible   74      1823.19117 1821.91642  0.07%  39.3 7782s
 1524052 44154 infeasible   85      1823.19117 1821.93671  0.07%  39.3 7786s
 1525194 42896 infeasible   83      1823.19117 1821.95689  0.07%  39.3 7791s
 1525895 42107 infeasible   77      1823.19117 1821.97484  0.07%  39.3 7795s
 1527497 40380 infeasible   94      1823.19117 1822.00893  0.06%  39.3 7802s
 1528460 39393 1822.23204   74  199 1823.19117 1822.02989  0.06%  39.2 7806s
 1529476 38230 infeasible   86      1823.19117 1822.04803  0.06%  39.2 7810s
 1530661 37457 infeasible   87      1823.19117 1822.07783  0.06%  39.2 7816s
 1531441 36464 infeasible  100      1823.19117 1822.08325  0.06%  39.2 7823s
 1532448 35255 infeasible   85      1823.19117 1822.10145  0.06%  39.2 7829s
 1533673 33742 infeasible   77      1823.19117 1822.11543  0.06%  39.2 7837s
 1535210 31870 infeasible   83      1823.19117 1822.16285  0.06%  39.1 7844s
 1537103 29866 infeasible   83      1823.19117 1822.21629  0.05%  39.1 7850s
 1539130 27862 infeasible   96      1823.19117 1822.26507  0.05%  39.1 7855s
 1541154 25858 infeasible   80      1823.19117 1822.31324  0.05%  39.0 7861s
 1543186 23854 infeasible   81      1823.19117 1822.36091  0.05%  39.0 7867s
 1545214 21850 infeasible   85      1823.19117 1822.41099  0.04%  39.0 7873s
 1547239 19846 infeasible   85      1823.19117 1822.46164  0.04%  38.9 7879s
 1549259 17842 infeasible   93      1823.19117 1822.51702  0.04%  38.9 7884s
 1551279 15838 infeasible  104      1823.19117 1822.57688  0.03%  38.9 7889s
 1553298 13834 infeasible   69      1823.19117 1822.63764  0.03%  38.8 7895s
 1555319 11830 infeasible   88      1823.19117 1822.69704  0.03%  38.8 7901s
 1557348  9826 infeasible   79      1823.19117 1822.76213  0.02%  38.7 7907s
 1559369  7822 infeasible   89      1823.19117 1822.82392  0.02%  38.7 7912s
 1561380  5818 infeasible   65      1823.19117 1822.89137  0.02%  38.7 7917s
 1563391  3814 infeasible   97      1823.19117 1822.96339  0.01%  38.6 7922s
 1565402  1810 infeasible   84      1823.19117 1823.03773  0.01%  38.6 7926s
 1567410     0 infeasible   79      1823.19117 1823.11778  0.00%  38.6 7930s

Cutting planes:
  Learned: 1
  Gomory: 3
  Cover: 5
  Implied bound: 59
  Projected implied bound: 3
  Clique: 4
  MIR: 46
  StrongCG: 3
  Flow cover: 12
  GUB cover: 11
  Zero half: 5
  RLT: 34
  Relax-and-lift: 26

Explored 1569223 nodes (60466478 simplex iterations) in 7930.35 seconds (8550.26 work units)
Thread count was 4 (of 46 available processors)

Solution count 4: 1823.19 1823.19 1858.73 3122.49 

Optimal solution found (tolerance 1.00e-06)
Best objective 1.823191168537e+03, best bound 1.823191168537e+03, gap 0.0000%

Solve summary
-------------
Status code:       2
Objective:         1823.191168536656
Objective bound:   1823.191168536656
MIP gap:           0.0
Has cycle:         False
Is acyclic:        True
Packages selected: 2 active packages

Packages
--------
   I1 | inactive_singleton | S=  0, C=  0, x=  0 | tasks=[1]
   A1 | active             | S=  0, C= 28, x= 64 | tasks=[2, 3, 4, 5, 6, 7, 8, 17, 19, 29, 30, 31]
   I9 | inactive_singleton | S= 28, C= 38, x= 19 | tasks=[9]
   A2 | active             | S= 38, C=101, x=159 | tasks=[10, 11, 12, 13, 14, 15, 16, 18, 20, 21, 22, 25, 26, 27, 28]
  I23 | inactive_singleton | S=101, C=107, x= 11 | tasks=[23]
  I24 | inactive_singleton | S=107, C=117, x= 11 | tasks=[24]
  I32 | inactive_singleton | S=128, C=128, x=  0 | tasks=[32]

Solution JSON saved to: /home/23037696r/Documents/research/or_benchmark/wp/results/inactivate_0.1/j30/j300701_5.json
Finish time     : 2026-08-10T22:23:15+08:00
