Slurm job ID    : 1669
Array task ID   : 46
Host            : 23037696r-i7809a0b3cd
Start time      : 2026-08-10T21:53:50+08:00
Instance        : /home/23037696r/Documents/research/or_benchmark/wp/instances/inactive_0.1/j30_supp/j300901_6.sm
Output JSON     : /home/23037696r/Documents/research/or_benchmark/wp/results/inactivate_0.1/j30//j300901_6.json
Gurobi log      : /home/23037696r/Documents/research/or_benchmark/wp/results/inactivate_0.1/j30//logs/gurobi/j300901_6.log
Allocated CPUs  : 4
Running with command-line arguments
-----------------------------------
Instance file: /home/23037696r/Documents/research/or_benchmark/wp/instances/inactive_0.1/j30_supp/j300901_6.sm
Instance summary
----------------
Tasks:          32
Active tasks:   27
Inactive tasks: 5
Arcs:           34
Total duration: 175
Total work:     266
Active work:    235
Delta (singleton critical-path makespan): 167
Chosen deadline: 184
Feasible by singleton schedule: yes
Deadline rule: automatic: d = ceil(1.1 * Delta) = 184
Set parameter Username
Set parameter LicenseID to value 2851961
Academic license - for non-commercial use only - expires 2027-08-07
Set parameter MIPGap to value 1e-06
Set parameter TimeLimit to value 82800
Set parameter Threads to value 4
Set parameter LogFile to value "/home/23037696r/Documents/research/or_benchmark/wp/results/inactivate_0.1/j30/logs/gurobi/j300901_6.log"
Set parameter NumericFocus to value 1
Gurobi Optimizer version 13.0.2 build v13.0.2rc1 (linux64 - "Ubuntu 22.04.3 LTS")

CPU model: Intel Xeon Processor (Cascadelake), instruction set [SSE2|AVX|AVX2|AVX512]
Thread count: 46 physical cores, 46 logical processors, using up to 4 threads

Non-default parameters:
TimeLimit  82800
MIPGap  1e-06
NumericFocus  1
Threads  4

Optimize a model with 38325 rows, 19190 columns and 136840 nonzeros (Min)
Model fingerprint: 0x34530231
Model has 11892 linear objective coefficients and an objective constant of 3.1516326073475659e+02
Variable types: 4995 continuous, 14195 integer (14040 binary)
Coefficient statistics:
  Matrix range     [1e+00, 2e+02]
  Objective range  [1e-02, 1e+03]
  Bounds range     [1e+00, 2e+02]
  RHS range        [1e+00, 2e+02]

Presolve removed 27542 rows and 6997 columns
Presolve time: 2.62s
Presolved: 10783 rows, 12193 columns, 67368 nonzeros
Variable types: 0 continuous, 12193 integer (7741 binary)
Found heuristic solution: objective 3190.6615315

Root relaxation: objective 1.697378e+03, 3432 iterations, 0.36 seconds (0.26 work units)

    Nodes    |    Current Node    |     Objective Bounds      |     Work
 Expl Unexpl |  Obj  Depth IntInf | Incumbent    BestBd   Gap | It/Node Time

     0     0 1697.37818    0   33 3190.66153 1697.37818  46.8%     -    3s
     0     0 1699.90903    0   52 3190.66153 1699.90903  46.7%     -    3s
H    0     0                    2077.1402241 1699.90903  18.2%     -    3s
H    0     0                    2073.5834980 1699.90903  18.0%     -    3s
H    0     0                    2056.9261983 1699.90903  17.4%     -    3s
     0     0 1703.37942    0  107 2056.92620 1703.37942  17.2%     -    3s
     0     0 1703.38007    0  105 2056.92620 1703.38007  17.2%     -    3s
     0     0 1703.95864    0   98 2056.92620 1703.95864  17.2%     -    4s
     0     0 1704.06340    0   98 2056.92620 1704.06340  17.2%     -    4s
     0     0 1704.06345    0  101 2056.92620 1704.06345  17.2%     -    4s
     0     0 1705.15868    0   58 2056.92620 1705.15868  17.1%     -    4s
H    0     0                    2051.5415282 1705.16021  16.9%     -    4s
     0     0 1705.20390    0   56 2051.54153 1705.20390  16.9%     -    4s
     0     0 1705.20390    0   57 2051.54153 1705.20390  16.9%     -    4s
     0     0 1706.27837    0  200 2051.54153 1706.27837  16.8%     -    5s
     0     0 1706.27837    0  203 2051.54153 1706.27837  16.8%     -    5s
H    0     0                    2051.3680745 1706.27847  16.8%     -    5s
     0     0 1706.38136    0  282 2051.36807 1706.38136  16.8%     -    5s
     0     0 1706.38139    0  276 2051.36807 1706.38139  16.8%     -    5s
H    0     0                    2040.1662185 1706.54817  16.4%     -    5s
H    0     0                    2038.1815316 1706.54817  16.3%     -    5s
H    0     0                    2032.2215134 1706.54817  16.0%     -    5s
H    0     0                    2031.2273076 1706.54817  16.0%     -    5s
     0     0 1706.54817    0  282 2031.22731 1706.54817  16.0%     -    6s
     0     0 1706.60278    0  361 2031.22731 1706.60278  16.0%     -    6s
H    0     0                    2030.2328532 1706.64251  15.9%     -    6s
     0     0 1706.64251    0  357 2030.23285 1706.64251  15.9%     -    6s
     0     0 1706.64944    0  364 2030.23285 1706.64944  15.9%     -    6s
     0     0 1706.64944    0  364 2030.23285 1706.64944  15.9%     -    6s
H    0     0                    2028.8696363 1706.64944  15.9%     -    6s
H    0     0                    2028.7117219 1706.64944  15.9%     -    6s
H    0     0                    2026.7220671 1706.64944  15.8%     -    6s
     0     0 1707.99253    0  166 2026.72207 1707.99253  15.7%     -    7s
     0     0 1707.99261    0  125 2026.72207 1707.99261  15.7%     -    7s
     0     0 1708.86832    0  222 2026.72207 1708.86832  15.7%     -    8s
     0     0 1708.96375    0  249 2026.72207 1708.96375  15.7%     -    8s
     0     0 1709.00466    0  318 2026.72207 1709.00466  15.7%     -    8s
     0     0 1709.03567    0  326 2026.72207 1709.03567  15.7%     -    8s
     0     0 1709.04392    0  327 2026.72207 1709.04392  15.7%     -    8s
     0     0 1709.04864    0  326 2026.72207 1709.04864  15.7%     -    8s
     0     0 1709.06748    0  325 2026.72207 1709.06748  15.7%     -    8s
     0     0 1709.06769    0  324 2026.72207 1709.06769  15.7%     -    8s
     0     0 1711.59632    0  163 2026.72207 1711.59632  15.5%     -    9s
     0     0 1716.93913    0  165 2026.72207 1716.93913  15.3%     -    9s
     0     0 1717.76165    0   56 2026.72207 1717.76165  15.2%     -    9s
     0     0 1717.84894    0  170 2026.72207 1717.84894  15.2%     -    9s
     0     0 1717.95712    0  177 2026.72207 1717.95712  15.2%     -    9s
     0     0 1717.98447    0  180 2026.72207 1717.98447  15.2%     -    9s
     0     0 1717.99408    0  178 2026.72207 1717.99408  15.2%     -    9s
     0     0 1718.03117    0  175 2026.72207 1718.03117  15.2%     -    9s
     0     0 1718.03503    0  178 2026.72207 1718.03503  15.2%     -    9s
     0     0 1718.03673    0  179 2026.72207 1718.03673  15.2%     -    9s
     0     0 1718.17096    0  185 2026.72207 1718.17096  15.2%     -   10s
     0     0 1718.19172    0  187 2026.72207 1718.19172  15.2%     -   10s
     0     0 1718.19172    0  188 2026.72207 1718.19172  15.2%     -   10s
     0     0 1718.43438    0  183 2026.72207 1718.43438  15.2%     -   11s
     0     0 1718.64844    0  189 2026.72207 1718.64844  15.2%     -   11s
     0     0 1719.63732    0  188 2026.72207 1719.63732  15.2%     -   11s
     0     0 1719.70344    0  190 2026.72207 1719.70344  15.1%     -   11s
     0     0 1719.71379    0  194 2026.72207 1719.71379  15.1%     -   11s
     0     0 1719.71691    0  194 2026.72207 1719.71691  15.1%     -   11s
     0     0 1726.68322    0  154 2026.72207 1726.68322  14.8%     -   12s
     0     0 1727.00275    0  186 2026.72207 1727.00275  14.8%     -   12s
     0     0 1727.17548    0  352 2026.72207 1727.17548  14.8%     -   12s
     0     0 1727.25422    0  197 2026.72207 1727.25422  14.8%     -   13s
     0     0 1727.31655    0  204 2026.72207 1727.31655  14.8%     -   13s
     0     0 1727.37145    0  207 2026.72207 1727.37145  14.8%     -   13s
     0     0 1727.39559    0  210 2026.72207 1727.39559  14.8%     -   13s
     0     0 1727.41763    0  211 2026.72207 1727.41763  14.8%     -   13s
     0     0 1727.44593    0  212 2026.72207 1727.44593  14.8%     -   13s
     0     0 1727.45856    0  217 2026.72207 1727.45856  14.8%     -   13s
     0     0 1727.46100    0  218 2026.72207 1727.46100  14.8%     -   13s
     0     0 1727.78734    0  217 2026.72207 1727.78734  14.7%     -   13s
     0     0 1727.79701    0  218 2026.72207 1727.79701  14.7%     -   13s
     0     0 1728.45874    0  214 2026.72207 1728.45874  14.7%     -   13s
     0     0 1728.74485    0  211 2026.72207 1728.74485  14.7%     -   13s
     0     0 1728.77799    0  216 2026.72207 1728.77799  14.7%     -   13s
     0     0 1728.83012    0  215 2026.72207 1728.83012  14.7%     -   14s
     0     0 1728.83049    0  215 2026.72207 1728.83049  14.7%     -   14s
     0     0 1729.10863    0  221 2026.72207 1729.10863  14.7%     -   14s
     0     0 1729.16785    0  219 2026.72207 1729.16785  14.7%     -   14s
     0     0 1729.16928    0  221 2026.72207 1729.16928  14.7%     -   14s
     0     0 1729.16956    0  220 2026.72207 1729.16956  14.7%     -   14s
     0     0 1729.17679    0  220 2026.72207 1729.17679  14.7%     -   14s
     0     0 1729.17679    0  222 2026.72207 1729.17679  14.7%     -   15s
     0     0 1729.17679    0  223 2026.72207 1729.17679  14.7%     -   15s
     0     0 1729.25292    0  218 2026.72207 1729.25292  14.7%     -   15s
     0     0 1729.27235    0  220 2026.72207 1729.27235  14.7%     -   15s
     0     0 1729.27236    0  220 2026.72207 1729.27236  14.7%     -   15s
     0     0 1729.27386    0  223 2026.72207 1729.27386  14.7%     -   15s
     0     0 1729.28717    0  225 2026.72207 1729.28717  14.7%     -   16s
     0     0 1729.28717    0  223 2026.72207 1729.28717  14.7%     -   16s
     0     0 1729.28717    0  223 2026.72207 1729.28717  14.7%     -   16s
     0     0 1729.28717    0  221 2026.72207 1729.28717  14.7%     -   16s
     0     2 1729.80886    0  220 2026.72207 1729.80886  14.6%     -   17s
   121    83 1863.19138   25   83 2026.72207 1731.04070  14.6%   149   20s
  1075   657 1816.56560  104   22 2026.72207 1756.67530  13.3%  55.9   25s
  1455   829 2001.09305   13  221 2026.72207 1759.82779  13.2%  64.3   44s
  1457   830 1860.86131  108   71 2026.72207 1759.82779  13.2%  64.2   48s
  1459   832 1922.43128   59  167 2026.72207 1759.82779  13.2%  64.1   50s
  1468   838 1815.97223   87  217 2026.72207 1759.82779  13.2%  63.7   55s
  1473   841 1765.63236   29  237 2026.72207 1759.82779  13.2%  63.5   60s
  1476   846 1759.82779   10  284 2026.72207 1759.82779  13.2%  74.8   67s
  1515   860 1808.97419   15  107 2026.72207 1759.82779  13.2%  78.9   73s
  1580   869 1814.52791   21   34 2026.72207 1759.82779  13.2%  79.0   75s
  1729   941 1922.38164   41   24 2026.72207 1760.60698  13.1%  82.1   80s
  1806   958 1772.40705   18   47 2026.72207 1763.35905  13.0%  90.6   85s
  1947   998 1773.02218   29   21 2026.72207 1764.69931  12.9%  98.1   90s
  2144  1058 1773.86508   39   37 2026.72207 1765.43035  12.9%   102   95s
  2410  1102 1960.42950   24   37 2026.72207 1766.17673  12.9%   105  100s
  2598  1089 1880.26055   26  244 2026.72207 1766.34862  12.8%   105  105s
  2728  1100 infeasible   32      2026.72207 1766.57932  12.8%   105  111s
  2899  1104 1886.60618   31    3 2026.72207 1766.80819  12.8%   107  115s
  3201  1124 1886.42519   42   43 2026.72207 1766.99800  12.8%   105  120s
  3600  1084 infeasible   30      2026.72207 1767.29732  12.8%   105  125s
  3991   994 1878.82328   33   11 2026.72207 1767.68170  12.8%  98.0  130s
  4253  1064 infeasible   73      2026.72207 1767.79777  12.8%  94.6  135s
  4917  1325 1940.91447   39   32 2026.72207 1768.14707  12.8%  89.7  141s
  5359  1484 1922.17268   26   87 2026.72207 1768.28897  12.8%  86.6  146s
  5877  1605 1877.26865   36  163 2026.72207 1768.85606  12.7%  85.1  151s
  6167  1747 1946.70345   27   27 2026.72207 1769.40652  12.7%  83.8  155s
  6739  1777 1898.71527   32  153 2026.72207 1770.01177  12.7%  81.7  161s
  6924  1819 1934.02617   31   23 2026.72207 1771.75602  12.6%  81.2  165s
  7330  1967 1977.13103   33   17 2026.72207 1776.51162  12.3%  81.1  171s
  8101  2144 1963.88971   33   21 2026.72207 1778.02497  12.3%  78.4  178s
  8494  2189 1936.13345   30   10 2026.72207 1778.21060  12.3%  76.7  181s
  8734  2260 1927.12807   29  134 2026.72207 1778.25797  12.3%  75.5  185s
  9412  2469 1816.70705   32  129 2026.72207 1805.37797  10.9%  74.1  193s
  9823  2495 1989.15896   40   92 2026.72207 1805.98714  10.9%  73.8  197s
  9955  2600 1977.69872   29   49 2026.72207 1807.04792  10.8%  74.2  201s
 10217  2677 1865.07960   18  101 2026.72207 1809.20756  10.7%  74.6  240s
 10398  2853 1886.87303   24   52 2026.72207 1809.93473  10.7%  76.5  250s
 11245  2988 infeasible   27      2026.72207 1811.44198  10.6%  76.7  256s
 11907  3026 infeasible   19      2026.72207 1811.91561  10.6%  76.7  262s
 12194  3163 1866.98109   20  116 2026.72207 1812.66584  10.6%  78.2  267s
 12636  3347 1868.60126   19   68 2026.72207 1814.17427  10.5%  78.6  273s
 13503  3349 1831.54322   38   40 2026.72207 1815.22563  10.4%  77.8  278s
 13515  3373 1831.54331   40   41 2026.72207 1815.22563  10.4%  77.9  282s
 13714  3446 1860.61773   31   51 2026.72207 1815.57859  10.4%  77.9  286s
 13982  3513 infeasible   39      2026.72207 1816.03417  10.4%  77.9  291s
 14275  3577 1940.36149   20   25 2026.72207 1817.00314  10.3%  78.7  297s
 14638  3647 1822.20371   30   56 2026.72207 1817.28118  10.3%  79.2  302s
 14951  3722 infeasible   31      2026.72207 1817.80951  10.3%  79.7  308s
 15541  3961 1922.83768   46  153 2026.72207 1819.95660  10.2%  78.8  316s
 16410  4081 1962.63939   30   58 2026.72207 1821.09034  10.1%  77.3  323s
 17065  4182 1868.74803   21  105 2026.72207 1824.62644  10.0%  75.8  328s
 17674  4222 infeasible   37      2026.72207 1826.18985  9.89%  74.8  333s
 18090  4331 1889.53851   46  129 2026.72207 1828.94683  9.76%  74.8  337s
 18559  4458 1883.52370   44    8 2026.72207 1831.54325  9.63%  74.2  342s
 19335  4550 1897.61927   41   22 2026.72207 1832.06609  9.60%  72.4  346s
 20062  4605 1948.71809   38   21 2026.72207 1833.63318  9.53%  71.4  351s
 20499  4606 1888.62248   38  221 2026.72207 1835.35868  9.44%  71.4  516s
 20502  4608 1942.35125   32  376 2026.72207 1835.35868  9.44%  71.4  520s
 20511  4614 1889.55732   25  396 2026.72207 1835.35868  9.44%  71.4  526s
 20513  4615 1886.62624   31  641 2026.72207 1835.35868  9.44%  71.4  531s
 20514  4616 2006.61929   48  630 2026.72207 1835.35868  9.44%  71.4  535s
 20515  4617 1922.20894   29  633 2026.72207 1835.35868  9.44%  71.4  541s
 20516  4617 1934.70606   39  621 2026.72207 1835.35868  9.44%  71.4  545s
 20517  4618 1881.78149   32  657 2026.72207 1835.35868  9.44%  71.4  550s
 20519  4619 1862.56899   31  479 2026.72207 1835.35868  9.44%  71.4  557s
 20520  4620 1969.53802   41  670 2026.72207 1835.35868  9.44%  71.4  560s
 20521  4621 1977.51115   40  671 2026.72207 1835.35868  9.44%  71.4  565s
 20523  4622 1937.87045   42  685 2026.72207 1835.35868  9.44%  71.4  574s
 20524  4623 1888.00196   28  688 2026.72207 1835.35868  9.44%  71.4  577s
 20525  4623 1962.89897   41  689 2026.72207 1835.35868  9.44%  71.4  585s
 20527  4625 1958.51827   40  689 2026.72207 1835.35868  9.44%  71.3  594s
 20528  4625 1996.72357   24  689 2026.72207 1835.35868  9.44%  71.3  597s
 20529  4626 1855.13194   28  689 2026.72207 1835.35868  9.44%  71.3  600s
 20531  4627 1889.60907   41  699 2026.72207 1835.35868  9.44%  71.3  609s
 20532  4628 1957.33664   37  681 2026.72207 1835.35868  9.44%  71.3  614s
 20533  4629 1839.16563   36  684 2026.72207 1835.35868  9.44%  71.3  621s
 20534  4629 1931.37572   38  684 2026.72207 1835.35868  9.44%  71.3  625s
 20535  4630 1885.64004   22  685 2026.72207 1835.35868  9.44%  71.3  630s
 20536  4631 1953.57696   31  685 2026.72207 1835.35868  9.44%  71.3  640s
 20537  4631 1944.68771   33  683 2026.72207 1835.35868  9.44%  71.3  645s
 20539  4633 1876.79068   37  687 2026.72207 1835.35868  9.44%  71.3  654s
 20540  4633 1912.69353   23  685 2026.72207 1835.35868  9.44%  71.3  657s
 20541  4634 1982.10807   38  685 2026.72207 1835.35868  9.44%  71.3  660s
 20542  4635 1897.41379   35  693 2026.72207 1835.35868  9.44%  71.3  665s
 20543  4635 1998.65596   44  686 2026.72207 1835.35868  9.44%  71.3  671s
 20545  4637 2008.53357   44  689 2026.72207 1835.35868  9.44%  71.3  678s
 20546  4637 2017.49881   36  689 2026.72207 1835.35868  9.44%  71.3  683s
 20547  4638 1863.13505   19  688 2026.72207 1835.35868  9.44%  71.3  686s
 20548  4639 1917.39065   30  688 2026.72207 1835.35868  9.44%  71.3  691s
 20549  4639 1903.95956   18  687 2026.72207 1835.35868  9.44%  71.3  696s
 20551  4641 1923.71353   32  687 2026.72207 1835.35868  9.44%  71.3  700s
 20574  4659 1835.35868   31  252 2026.72207 1835.35868  9.44%  72.5  706s
 20593  4665     cutoff   35      2026.72207 1835.35868  9.44%  72.8  714s
 20601  4669 1882.11661   37   12 2026.72207 1835.35868  9.44%  72.9  715s
 20711  4685     cutoff   38      2026.72207 1835.35868  9.44%  73.3  720s
 20742  4692 infeasible   48      2026.72207 1835.35868  9.44%  73.4  725s
 20939  4721 1894.37577   43  212 2026.72207 1835.35868  9.44%  73.2  730s
 21134  4758 1835.35868   44  186 2026.72207 1835.35868  9.44%  73.0  735s
 21369  4763 1835.35868   43  266 2026.72207 1835.35868  9.44%  72.7  740s
 21432  4761 1863.26966   34  346 2026.72207 1835.35868  9.44%  72.9  745s
 21497  4818 1835.35868   40  245 2026.72207 1835.35868  9.44%  73.1  751s
 21597  4822 1931.10291   63  215 2026.72207 1835.35868  9.44%  73.7  757s
 21666  4850 1974.61955   75  105 2026.72207 1835.35868  9.44%  73.8  760s
 21913  4864 1915.76295   38  242 2026.72207 1835.35868  9.44%  73.6  765s
 21982  4884 infeasible   40      2026.72207 1835.35868  9.44%  74.2  770s
 22160  4879 1993.65462   44   94 2026.72207 1835.35868  9.44%  74.5  775s
 22446  4987 1939.77400   52  220 2026.72207 1835.35868  9.44%  74.5  781s
 22763  4977 1998.57995   56   39 2026.72207 1835.35868  9.44%  74.4  786s
 23099  5033 2002.59124   74   77 2026.72207 1835.35868  9.44%  74.6  791s
 23405  4998 1891.24157   46  195 2026.72207 1835.35868  9.44%  75.0  796s
 23722  4986 1987.62012   40  163 2026.72207 1835.35868  9.44%  75.1  803s
 23816  5082 1989.60835   38   81 2026.72207 1835.35868  9.44%  75.1  806s
 24582  5257 2000.36881   42  200 2026.72207 1835.35868  9.44%  74.4  811s
 25499  5400 infeasible  119      2026.72207 1835.35868  9.44%  73.0  816s
 26167  5543 1986.44440   53  481 2026.72207 1835.35868  9.44%  71.9  820s
 27408  5692 infeasible   72      2026.72207 1835.35868  9.44%  70.5  825s
 28668  6043 infeasible   62      2026.72207 1835.35868  9.44%  69.3  833s
 29164  6122 1925.10592   37  165 2026.72207 1835.35868  9.44%  68.8  837s
 29545  6668 1869.32952   49  120 2026.72207 1835.35868  9.44%  68.5  841s
 30778  7114 1870.07407   54  216 2026.72207 1835.35868  9.44%  67.0  860s
 32789  6881 1853.61886   45  186 2026.72207 1835.35868  9.44%  65.5  865s
 33369  6881 1944.13084   69  195 2026.72207 1835.35868  9.44%  65.7  872s
 33536  6840 infeasible   50      2026.72207 1835.35868  9.44%  66.0  875s
 33732  6961 1989.74242   53    5 2026.72207 1835.35868  9.44%  66.1  881s
 34043  7058 1999.93034   49    8 2026.72207 1835.35868  9.44%  66.5  886s
 34472  7087 1923.28036   49  247 2026.72207 1835.35868  9.44%  66.8  892s
 34731  7122 1835.35868   42  209 2026.72207 1835.35868  9.44%  67.0  895s
 35005  7263 infeasible   40      2026.72207 1835.35868  9.44%  67.3  902s
 35108  7496 1915.79437   40  216 2026.72207 1835.35868  9.44%  67.3  906s
 35958  7694 infeasible  102      2026.72207 1835.35868  9.44%  67.5  912s
 36041  7885 1982.50697   50  648 2026.72207 1835.35868  9.44%  67.6  915s
 36828  8255 1983.98367   42   17 2026.72207 1835.35868  9.44%  67.3  921s
 37484  8793 1991.37982   48  268 2026.72207 1836.20108  9.40%  67.4  927s
 38429  9036 1893.98571   51  244 2026.72207 1842.67009  9.08%  66.7  931s
 38978  9315 1990.75397   42   40 2026.72207 1847.91067  8.82%  66.1  935s
 39933  9636     cutoff   47      2026.72207 1851.99420  8.62%  65.6  940s
 41637 10220 2021.09957   44  210 2026.72207 1853.69833  8.54%  64.6  958s
 42248 10372 1925.32129   38  503 2026.72207 1854.24867  8.51%  64.2  962s
 42604 10677 1971.71593   56  621 2026.72207 1854.24867  8.51%  64.1  965s
 43886 11309 2001.49557   39   78 2026.72207 1856.06087  8.42%  63.2  971s
 44851 11454 infeasible   80      2026.72207 1862.11203  8.12%  63.0  977s
 45082 11559 infeasible   39      2026.72207 1862.11751  8.12%  63.7  983s
 45102 11664 1864.98882   39  281 2026.72207 1862.20370  8.12%  63.8  986s
 45386 11800 1871.62817   42  195 2026.72207 1862.39331  8.11%  64.2  991s
 45736 11928 1864.46729   37  396 2026.72207 1862.87754  8.08%  64.7  996s
 46145 12184     cutoff   53      2026.72207 1863.22974  8.07%  65.3 1001s
 46640 12393 1865.46727   49  284 2026.72207 1863.35002  8.06%  65.6 1006s
 47294 12557 1920.22386   46  279 2026.72207 1863.47799  8.05%  66.0 1011s
 47456 12627 1865.41870   50  281 2026.72207 1863.49729  8.05%  66.5 1017s
 47550 12928 1865.10937   44  283 2026.72207 1863.53433  8.05%  66.6 1020s
 48326 13215 infeasible   44      2026.72207 1863.63316  8.05%  66.5 1027s
 48969 13299 infeasible   63      2026.72207 1863.82606  8.04%  66.5 1030s
 49644 13577 1889.51220   42  176 2026.72207 1864.01532  8.03%  66.3 1036s
 49995 13769     cutoff   66      2026.72207 1864.16020  8.02%  66.7 1043s
 50476 13786 1904.09513   54  111 2026.72207 1864.21668  8.02%  66.9 1047s
 50550 14210 1909.70184   58  295 2026.72207 1864.35347  8.01%  67.2 1051s
 51527 14599 1938.18501   44  160 2026.72207 1864.46907  8.01%  66.9 1058s
 52420 14986 1865.20986   55  283 2026.72207 1864.59245  8.00%  66.7 1072s
 53370 15227 2004.92389   54   89 2026.72207 1864.77000  7.99%  66.6 1077s
 54056 15462 1995.79164   72  167 2026.72207 1864.92436  7.98%  66.5 1082s
 54635 15715 infeasible   46      2026.72207 1865.05563  7.98%  66.6 1087s
 55128 15822     cutoff   53      2026.72207 1865.06062  7.98%  66.4 1090s
 55991 16014 1871.55939   38   97 2026.72207 1865.21342  7.97%  66.3 1095s
 56431 16087 1990.36559   53   11 2026.72207 1865.28369  7.97%  66.2 1100s
 57495 16444 1885.31272   53  233 2026.72207 1865.42773  7.96%  65.7 1107s
 57643 16689 1994.58469   48  186 2026.72207 1865.46335  7.96%  65.7 1110s
 58559 16819 1950.76287   59  119 2026.72207 1865.68722  7.95%  65.4 1115s
 59408 17150     cutoff   48      2026.72207 1865.70739  7.94%  65.3 1120s
 60163 17424     cutoff   81      2026.72207 1865.78118  7.94%  65.1 1125s
 61009 17600     cutoff   63      2026.72207 1866.17162  7.92%  64.8 1130s
 62058 17757     cutoff   85      2026.72207 1866.46260  7.91%  64.3 1135s
 62905 17978 infeasible   59      2026.72207 1866.87956  7.89%  64.0 1152s
 63608 18210 2016.57527   52  193 2026.72207 1867.30905  7.87%  63.8 1158s
 64404 18283 infeasible   40      2026.72207 1867.66850  7.85%  63.6 1160s
 65428 18539 infeasible   43      2026.72207 1867.90414  7.84%  63.4 1165s
 65915 18649 infeasible   39      2026.72207 1868.03200  7.83%  63.4 1171s
 66241 18925 2006.33849   63  362 2026.72207 1868.13067  7.83%  63.5 1176s
 66901 19096 infeasible   47      2026.72207 1868.47154  7.81%  63.5 1181s
 67850 19408 infeasible   57      2026.72207 1868.62684  7.80%  63.4 1187s
 68218 19511 1869.88327   59  217 2026.72207 1868.72804  7.80%  63.6 1192s
 68304 19807 2013.23490   69   73 2026.72207 1868.76473  7.79%  63.7 1195s
 69674 20037 infeasible   55      2026.72207 1869.24443  7.77%  63.4 1201s
 70252 20290 1892.62076   71   82 2026.72207 1869.30292  7.77%  63.2 1206s
 71006 20582 1968.29718   47  262 2026.72207 1869.56417  7.75%  63.1 1212s
 71161 20870 1986.75554   54   72 2026.72207 1869.62228  7.75%  63.2 1215s
 72934 21405 1970.38870   58   56 2026.72207 1869.95498  7.74%  62.5 1222s
 73188 21897 1941.52677   36  104 2026.72207 1870.00537  7.73%  62.5 1235s
 74926 22197 1893.34723   44  175 2026.72207 1870.32059  7.72%  61.9 1240s
 75670 22684     cutoff   45      2026.72207 1870.40031  7.71%  61.8 1245s
 76785 23032     cutoff   68      2026.72207 1870.59416  7.70%  61.5 1250s
 77795 23529     cutoff   75      2026.72207 1870.79488  7.69%  61.2 1257s
 78419 23817     cutoff   55      2026.72207 1870.95220  7.69%  61.0 1261s
 79525 24093     cutoff   52      2026.72207 1871.10285  7.68%  60.7 1265s
 80460 24592 infeasible   45      2026.72207 1871.25984  7.67%  60.5 1270s
 81159 25109 1946.09472   46   59 2026.72207 1871.34806  7.67%  60.3 1275s
 82474 25468 1905.95121   53  198 2026.72207 1871.43534  7.66%  59.9 1280s
 83495 26148 2019.48938   63  133 2026.72207 1871.59170  7.65%  59.7 1296s
 84034 26456 1937.02130   51  191 2026.72207 1871.68465  7.65%  59.5 1300s
 85552 26790 1988.69006   56  175 2026.72207 1871.98937  7.63%  59.2 1306s
 86177 27029 infeasible   71      2026.72207 1872.08195  7.63%  59.1 1310s
 86814 27448 1872.36715   55  158 2026.72207 1872.23159  7.62%  59.1 1315s
 87849 27621     cutoff   72      2026.72207 1872.38628  7.62%  59.0 1321s
 88190 27799 1904.14896   61   94 2026.72207 1872.42381  7.61%  59.0 1326s
 88550 28147 1976.49215   45  269 2026.72207 1872.68546  7.60%  59.0 1331s
 90204 28516 infeasible   58      2026.72207 1872.93879  7.59%  58.6 1337s
 90335 28800 1975.27189   63  143 2026.72207 1872.95756  7.59%  58.6 1341s
 91106 29131 1964.60467   76   46 2026.72207 1873.12111  7.58%  58.5 1346s
 91841 29395 1889.75195   53  204 2026.72207 1873.40484  7.56%  58.5 1350s
 92762 29875 2022.65551   47  172 2026.72207 1873.63993  7.55%  58.4 1356s
 93511 30124 1948.17159   60   92 2026.72207 1873.96753  7.54%  58.3 1360s
 93996 30218 infeasible   41      2026.72207 1874.09514  7.53%  58.2 1372s
 94246 30775 1947.22624   46  382 2026.72207 1874.09514  7.53%  58.2 1378s
 95913 30788     cutoff   65      2026.72207 1874.58402  7.51%  58.0 1380s
 96673 31181 1904.90230   57  165 2026.72207 1874.76769  7.50%  57.9 1386s
 97290 31445 1938.60061   59  198 2026.72207 1874.93716  7.49%  57.8 1390s
 97848 31660 1989.17851   45  177 2026.72207 1875.10543  7.48%  57.7 1395s
 99184 31911 infeasible   37      2026.72207 1875.40342  7.47%  57.6 1401s
 99661 32105 1985.39607   60  218 2026.72207 1875.59235  7.46%  57.6 1405s
 100780 32598 1965.97684   57  225 2026.72207 1875.99769  7.44%  57.6 1411s
 101388 32805 1923.92818   50  216 2026.72207 1876.40744  7.42%  57.5 1415s
 101945 33032 1936.47328   44  114 2026.72207 1876.55797  7.41%  57.5 1420s
 103164 33363 infeasible   58      2026.72207 1876.93865  7.39%  57.3 1425s
 103859 33607 1999.79420   46  101 2026.72207 1877.76825  7.35%  57.3 1430s
 104276 33764 1943.64757   60  109 2026.72207 1877.92340  7.34%  57.3 1445s
 105550 33990 infeasible   58      2026.72207 1878.58743  7.31%  57.3 1452s
 106543 34234 2008.37233   81  166 2026.72207 1878.89869  7.29%  57.2 1457s
 107227 34497 1967.16631   63   92 2026.72207 1879.29775  7.27%  57.1 1461s
 107829 34511 1994.58832   52  112 2026.72207 1880.07833  7.24%  57.0 1465s
 108078 34526 2010.59192   55   78 2026.72207 1880.38942  7.22%  57.1 1472s
 108120 34523 2024.00412   54   64 2026.72207 1880.68075  7.21%  57.1 1475s
 108229 34582 1930.42216   70  235 2026.72207 1881.04893  7.19%  57.1 1480s
 108635 34844 1996.94701   52  175 2026.72207 1881.45924  7.17%  57.1 1485s
 109242 35008 1952.09576   55  323 2026.72207 1882.54853  7.11%  57.1 1491s
 110043 35141 1995.29616   55  187 2026.72207 1883.38249  7.07%  57.1 1496s
 110775 35321 1926.73863   49  211 2026.72207 1884.58416  7.01%  57.0 1502s
 111456 35366 1992.32296   57  102 2026.72207 1884.98393  6.99%  56.9 1505s
 112171 35427 2022.39420   73   33 2026.72207 1886.12430  6.94%  56.9 1511s
 112191 35429 1991.61966   54   11 2026.72207 1886.20478  6.93%  56.9 1516s
 112204 35442 1995.57391   56   69 2026.72207 1886.20478  6.93%  56.9 1520s
 112263 35491 1926.96661   55  178 2026.72207 1886.26048  6.93%  56.9 1525s
 112469 35699 1947.42569   67   73 2026.72207 1886.43734  6.92%  56.9 1530s
 113977 36130 infeasible   62      2026.72207 1887.24579  6.88%  56.6 1536s
 114936 36715     cutoff   48      2026.72207 1887.65565  6.86%  56.4 1552s
 115617 36773 infeasible   42      2026.72207 1887.94439  6.85%  56.3 1555s
 116616 37084 1895.16952   36  115 2026.72207 1888.24827  6.83%  56.2 1560s
 116914 37145 1961.01975   58  156 2026.72207 1888.35109  6.83%  56.1 1565s
 117182 37350 1954.09668   47  174 2026.72207 1888.51064  6.82%  56.1 1570s
 118305 37646 1901.61635   58   74 2026.72207 1889.11734  6.79%  55.9 1575s
 119717 38184     cutoff   46      2026.72207 1889.71960  6.76%  55.8 1582s
 120638 38826 1943.96992   74  396 2026.72207 1890.26352  6.73%  55.7 1587s
 121431 38834 1966.11724   68  178 2026.72207 1890.30539  6.73%  55.5 1590s
 122251 39373 1917.03626   59   70 2026.72207 1890.70013  6.71%  55.5 1596s
 122916 39643     cutoff   73      2026.72207 1890.89540  6.70%  55.5 1600s
 123586 39659 1943.87665   41   41 2026.72207 1890.95974  6.70%  55.4 1605s
 123991 39836 1954.47746   65  118 2026.72207 1891.13036  6.69%  55.4 1611s
 124823 40222 infeasible   55      2026.72207 1891.58301  6.67%  55.3 1615s
 125144 40361 infeasible   70      2026.72207 1891.68055  6.66%  55.2 1627s
 125626 40544 1951.94135   56  112 2026.72207 1891.92080  6.65%  55.2 1630s
 126281 41038 1897.64145   46   90 2026.72207 1892.27937  6.63%  55.1 1635s
 127695 41331     cutoff   66      2026.72207 1892.98926  6.60%  54.9 1640s
 128389 41629 1973.36933   54  184 2026.72207 1893.17090  6.59%  54.8 1645s
 129118 41824 1895.08898   58  156 2026.72207 1893.68820  6.56%  54.8 1650s
 130277 42221 1964.16573   66  188 2026.72207 1894.16780  6.54%  54.8 1657s
 131048 42445 infeasible   56      2026.72207 1894.53920  6.52%  54.8 1661s
 131773 42665 1900.95035   56  308 2026.72207 1894.85112  6.51%  54.7 1666s
 132843 42798 1998.93575   64   29 2026.72207 1895.32589  6.48%  54.6 1670s
 133764 43113 1991.93045   61  109 2026.72207 1895.76779  6.46%  54.6 1676s
 134362 43339     cutoff   70      2026.72207 1896.34222  6.43%  54.5 1681s
 135173 43523 1935.03236   54   77 2026.72207 1897.08409  6.40%  54.5 1685s
 135675 43526 infeasible   64      2026.72207 1897.31726  6.38%  54.5 1697s
 135787 44212 2014.33481   62  147 2026.72207 1897.39113  6.38%  54.5 1710s
 139661 44242 infeasible   67      2026.72207 1898.71405  6.32%  54.2 1715s
 140040 44492     cutoff   39      2026.72207 1899.07933  6.30%  54.2 1721s
 140635 44735 2018.51097   48  122 2026.72207 1899.81298  6.26%  54.2 1725s
 141707 45053 infeasible   61      2026.72207 1900.69404  6.22%  54.1 1731s
 142421 45181 2024.25802   65  164 2026.72207 1901.03024  6.20%  54.0 1735s
 143606 45328 2007.47941   57   12 2026.72207 1901.83719  6.16%  53.9 1742s
 144391 45678 infeasible   67      2026.72207 1901.95668  6.16%  53.8 1746s
 145295 45915 infeasible   69      2026.72207 1902.11460  6.15%  53.7 1750s
 146289 46158 infeasible   46      2026.72207 1902.57131  6.13%  53.5 1765s
 146533 46479     cutoff   61      2026.72207 1902.60713  6.12%  53.5 1770s
 147793 46863     cutoff   64      2026.72207 1903.22671  6.09%  53.3 1776s
 149471 47019 infeasible   75      2026.72207 1903.71463  6.07%  53.1 1782s
 150080 47137 infeasible   52      2026.72207 1903.95629  6.06%  53.0 1786s
 150699 47258     cutoff   58      2026.72207 1904.11841  6.05%  53.1 1790s
 151472 47510     cutoff   54      2026.72207 1904.49982  6.03%  53.0 1795s
 152604 47648 infeasible   80      2026.72207 1905.18626  6.00%  52.9 1800s
 153839 47952 infeasible   55      2026.72207 1905.62580  5.97%  52.9 1806s
 154598 48167 2004.45981   54   25 2026.72207 1906.04020  5.95%  52.8 1810s
 155818 48645 1988.31621   70  278 2026.72207 1906.39872  5.94%  52.6 1817s
 156501 48719 1987.74989   51  112 2026.72207 1906.97302  5.91%  52.5 1829s
 156989 48887 1982.37031   66    9 2026.72207 1907.18179  5.90%  52.5 1832s
 157811 49119 2016.77293   51  308 2026.72207 1907.60577  5.88%  52.4 1837s
 158289 49281 1950.72221   42   57 2026.72207 1907.80094  5.87%  52.3 1840s
 159059 49495 1938.82056   51  280 2026.72207 1908.04138  5.86%  52.3 1847s
 159798 49823 1929.45093   65  115 2026.72207 1908.43844  5.84%  52.2 1851s
 161018 49976 1909.51417   57  160 2026.72207 1908.86700  5.82%  52.1 1856s
 161535 50145 1957.94509   59  349 2026.72207 1909.13293  5.80%  52.1 1860s
 163040 50435     cutoff   72      2026.72207 1909.81830  5.77%  51.9 1866s
 163816 50836 1964.94702   81   82 2026.72207 1910.00432  5.76%  51.8 1871s
 164531 51071     cutoff   70      2026.72207 1910.28315  5.75%  51.8 1876s
 165622 51332 2003.88663   49  115 2026.72207 1910.63894  5.73%  51.7 1882s
 166714 51497     cutoff   57      2026.72207 1910.96714  5.71%  51.7 1895s
 166993 51943 2003.03131   86  152 2026.72207 1911.04361  5.71%  51.7 1901s
 169158 52133     cutoff   57      2026.72207 1911.60404  5.68%  51.5 1906s
 169801 52371 1969.27331   48  172 2026.72207 1911.74824  5.67%  51.5 1910s
 170533 52480 1990.09262   71  114 2026.72207 1911.97889  5.66%  51.5 1915s
 171488 52708 1934.50370   61  119 2026.72207 1912.23841  5.65%  51.5 1920s
 172142 53010 2010.20888   56  206 2026.72207 1912.44474  5.64%  51.5 1925s
 173861 53366 1969.66001   64   97 2026.72207 1912.96113  5.61%  51.3 1931s
 174634 53551 infeasible   65      2026.72207 1913.26260  5.60%  51.3 1936s
 175359 53887 1917.48291   51   84 2026.72207 1913.59167  5.58%  51.2 1940s
 176699 54127 infeasible   54      2026.72207 1914.17278  5.55%  51.1 1945s
 177449 54357 1981.69796   68  174 2026.72207 1914.51461  5.54%  51.0 1958s
 177703 54808 1947.21277   58  269 2026.72207 1914.65935  5.53%  51.0 1963s
 179417 54808 infeasible   56      2026.72207 1915.17978  5.50%  50.9 1965s
 180331 55020 1945.70092   55   48 2026.72207 1915.56152  5.48%  50.8 1970s
 181183 55265 infeasible   50      2026.72207 1915.72364  5.48%  50.8 1975s
 181983 55477 infeasible   44      2026.72207 1915.83629  5.47%  50.9 1981s
 182725 55702     cutoff   67      2026.72207 1916.06613  5.46%  51.0 1987s
 183315 55837 1916.70604   46  261 2026.72207 1916.20892  5.45%  51.0 1991s
 183944 56160 1919.50806   57  280 2026.72207 1916.33296  5.45%  51.0 1995s
 185542 56568 2018.58124   70   96 2026.72207 1916.57475  5.43%  50.9 2001s
 186236 56787 1978.68475   56  210 2026.72207 1916.66391  5.43%  50.9 2005s
 187457 56944 1974.55521   45  336 2026.72207 1916.86198  5.42%  50.9 2010s
 187966 57142 2006.76096   66  130 2026.72207 1916.95053  5.42%  50.9 2024s
 188169 57557 1922.20556   59  214 2026.72207 1916.99210  5.41%  50.9 2030s
 189638 57747 1962.26460   66  192 2026.72207 1917.16440  5.41%  50.9 2035s
 190212 58148 1919.03791   58  198 2026.72207 1917.22201  5.40%  50.9 2041s
 191301 58547 infeasible   77      2026.72207 1917.33486  5.40%  50.8 2047s
 192110 58797 1990.88111   50  119 2026.72207 1917.41183  5.39%  50.8 2050s
 193394 59184 infeasible   45      2026.72207 1917.53519  5.39%  50.7 2056s
 194134 59394 1919.58301   69  119 2026.72207 1917.62641  5.38%  50.6 2061s
 195438 59652 1918.06294   64  194 2026.72207 1917.77775  5.38%  50.5 2065s
 196411 60148 1919.27844   84  215 2026.72207 1917.84626  5.37%  50.5 2071s
 197008 60446 1918.26373   65  198 2026.72207 1917.88627  5.37%  50.4 2075s
 198453 60866 infeasible   54      2026.72207 1917.99147  5.36%  50.3 2091s
 199670 61211     cutoff   97      2026.72207 1918.06775  5.36%  50.2 2096s
 200518 61521 infeasible   61      2026.72207 1918.14612  5.36%  50.2 2101s
 201809 61883 infeasible   61      2026.72207 1918.23084  5.35%  50.1 2107s
 202413 62273 2022.73547   86  191 2026.72207 1918.25856  5.35%  50.0 2111s
 203243 62492 1958.22190   82  165 2026.72207 1918.30313  5.35%  50.0 2115s
 204044 62932 1999.61447   58   30 2026.72207 1918.38769  5.35%  49.9 2120s
 205520 63355 infeasible   58      2026.72207 1918.44320  5.34%  49.8 2125s
 206473 63954     cutoff   76      2026.72207 1918.48966  5.34%  49.7 2131s
 207197 64311 1993.96898   83  203 2026.72207 1918.54863  5.34%  49.6 2135s
 208496 64492 1969.00206   70  150 2026.72207 1918.60440  5.33%  49.5 2141s
 209057 64915 2000.72486   65    7 2026.72207 1918.64066  5.33%  49.5 2154s
 209685 64966     cutoff   82      2026.72207 1918.67304  5.33%  49.5 2155s
 210773 65345     cutoff   58      2026.72207 1918.71050  5.33%  49.4 2160s
 211653 65845 1994.52028   73  184 2026.72207 1918.76922  5.33%  49.3 2165s
 212272 65979     cutoff   69      2026.72207 1918.79088  5.33%  49.3 2170s
 213369 66529 2003.46901   63   48 2026.72207 1918.83955  5.32%  49.2 2176s
 214664 66856 1941.31796   77   66 2026.72207 1918.88600  5.32%  49.1 2181s
 215568 67190 1985.74680   68   63 2026.72207 1918.93494  5.32%  49.0 2185s
 216237 67550 infeasible   80      2026.72207 1918.95842  5.32%  48.9 2190s
 217107 67930 1959.57787   60  241 2026.72207 1919.03415  5.31%  48.9 2195s
 218359 68255     cutoff  108      2026.72207 1919.07247  5.31%  48.8 2201s
 219174 68581 2025.62115   66   98 2026.72207 1919.12434  5.31%  48.7 2206s
 219782 68988 1919.18119   76  230 2026.72207 1919.18119  5.31%  48.7 2218s
 220681 69257 1942.61482   66  106 2026.72207 1919.21134  5.30%  48.6 2221s
 221926 69737 1950.84894   58  277 2026.72207 1919.27920  5.30%  48.5 2226s
 223036 70199 1998.18841   65  247 2026.72207 1919.31098  5.30%  48.4 2230s
 224049 70535 2000.59858   52  256 2026.72207 1919.37047  5.30%  48.3 2235s
 225268 70993 1941.79071   52  157 2026.72207 1919.43411  5.29%  48.3 2240s
 226215 71222 1979.46128  100  263 2026.72207 1919.45537  5.29%  48.2 2245s
 227466 71740 infeasible   75      2026.72207 1919.49265  5.29%  48.1 2251s
 228645 72198 infeasible   52      2026.72207 1919.53289  5.29%  48.0 2255s
 229665 72575 infeasible   90      2026.72207 1919.56267  5.29%  48.0 2260s
 230307 72996 1971.54039   46  415 2026.72207 1919.58818  5.29%  47.9 2274s
 231092 73001 infeasible   69      2026.72207 1919.61826  5.28%  47.8 2275s
 232023 73510     cutoff   87      2026.72207 1919.66114  5.28%  47.8 2280s
 233185 73997     cutoff   83      2026.72207 1919.69306  5.28%  47.7 2285s
 234360 74396 1963.21962   58  455 2026.72207 1919.72800  5.28%  47.7 2290s
 235622 74766 1967.93604   63  192 2026.72207 1919.77604  5.28%  47.6 2295s
 236835 75220 infeasible   62      2026.72207 1919.82453  5.27%  47.5 2300s
 238068 75954 1924.69088   47  287 2026.72207 1919.85370  5.27%  47.4 2306s
 239299 76216     cutoff   86      2026.72207 1919.90015  5.27%  47.3 2310s
 240377 76715 1991.85737   68  215 2026.72207 1919.92963  5.27%  47.3 2315s
 240952 76775 2001.41130   76   94 2026.72207 1919.94784  5.27%  47.2 2326s
 241112 77864 2019.84479   61   25 2026.72207 1919.95337  5.27%  47.2 2334s
 243713 77868     cutoff   74      2026.72207 1920.02704  5.26%  47.0 2336s
 243771 78029 2023.13135   83  230 2026.72207 1920.02704  5.26%  47.0 2340s
 245309 78563 2022.73104  119   62 2026.72207 1920.06727  5.26%  46.9 2346s
 246500 79003 1961.00087   79  172 2026.72207 1920.09414  5.26%  46.8 2351s
 247638 79348 1965.73166   91  298 2026.72207 1920.12268  5.26%  46.7 2356s
 248804 79675 2000.40069   93  201 2026.72207 1920.15646  5.26%  46.7 2361s
 249737 80133 2023.81620   82   68 2026.72207 1920.18965  5.26%  46.6 2366s
 250838 80609 1926.81244   75   63 2026.72207 1920.24026  5.25%  46.5 2371s
 251272 80777 1920.77662   68  271 2026.72207 1920.24958  5.25%  46.5 2383s
 251649 81050     cutoff   84      2026.72207 1920.25086  5.25%  46.5 2387s
 252716 81342 1960.23808   60  248 2026.72207 1920.29846  5.25%  46.4 2390s
 253394 81376 2005.43591   99  225 2026.72207 1920.30982  5.25%  46.4 2395s
 254028 81850     cutoff   66      2026.72207 1920.33448  5.25%  46.4 2401s
 255308 82130 infeasible   85      2026.72207 1920.37746  5.25%  46.3 2405s
 256582 82659 1942.17032  103  212 2026.72207 1920.41226  5.25%  46.2 2410s
 257835 83213     cutoff   87      2026.72207 1920.45326  5.24%  46.1 2415s
 258855 83577 1974.71642   86  198 2026.72207 1920.47999  5.24%  46.0 2420s
 259897 84060 2017.55134   82  205 2026.72207 1920.50879  5.24%  46.0 2425s
 261735 84784 1986.60516   66  288 2026.72207 1920.57113  5.24%  45.8 2441s
 262528 85081     cutoff   85      2026.72207 1920.59221  5.24%  45.8 2445s
 264150 85444 1999.87047   79   64 2026.72207 1920.66060  5.23%  45.7 2450s
 265106 85936 1973.51233   50  354 2026.72207 1920.69026  5.23%  45.7 2456s
 266458 86346 2008.97784   60  181 2026.72207 1920.72857  5.23%  45.6 2461s
 267389 86803     cutoff   69      2026.72207 1920.77070  5.23%  45.5 2466s
 268440 87280 infeasible   76      2026.72207 1920.80192  5.23%  45.5 2470s
 269622 87586 1976.94522   78  221 2026.72207 1920.81341  5.23%  45.4 2475s
 270439 87818 infeasible   73      2026.72207 1920.84547  5.22%  45.4 2480s
 270823 88010 infeasible   83      2026.72207 1920.84609  5.22%  45.4 2485s
 271443 88417     cutoff   56      2026.72207 1920.86542  5.22%  45.4 2490s
 272065 88756 1968.92531   55  188 2026.72207 1920.88028  5.22%  45.4 2503s
 272957 88936 1999.62933  100  231 2026.72207 1920.90616  5.22%  45.3 2506s
 273490 89137 1956.72374   74   55 2026.72207 1920.92775  5.22%  45.3 2510s
 274535 89509 1959.22590   72  181 2026.72207 1920.97401  5.22%  45.3 2517s
 275661 89899 2014.28737   80  146 2026.72207 1921.00544  5.22%  45.2 2521s
 276734 90023 2002.84629   71  227 2026.72207 1921.04789  5.21%  45.2 2526s
 277467 90391 1988.38183   82  243 2026.72207 1921.07681  5.21%  45.2 2531s
 278287 90711 1941.12623   81  143 2026.72207 1921.10429  5.21%  45.2 2535s
 279423 91165 1995.59251   92  188 2026.72207 1921.14390  5.21%  45.1 2541s
 280083 91407 1933.41335   52  101 2026.72207 1921.16768  5.21%  45.1 2545s
 281338 91809 1971.45420   61  225 2026.72207 1921.19932  5.21%  45.0 2550s
 282329 91999 infeasible   53      2026.72207 1921.22994  5.21%  45.0 2564s
 282533 92616 2000.75774   87  108 2026.72207 1921.22994  5.21%  45.0 2570s
 285050 92907 1944.73824   65   93 2026.72207 1921.33279  5.20%  44.9 2576s
 285336 92948 1971.24429  100  186 2026.72207 1921.33723  5.20%  44.9 2580s
 285439 93233 1921.37181   59  115 2026.72207 1921.34087  5.20%  44.9 2585s
 286753 93623     cutoff   95      2026.72207 1921.39093  5.20%  44.9 2592s
 287314 93611 2012.87913   75  147 2026.72207 1921.42555  5.20%  44.9 2595s
 288565 93999     cutoff   90      2026.72207 1921.45344  5.19%  44.8 2600s
 289541 94474 1922.87704   90  256 2026.72207 1921.48754  5.19%  44.8 2605s
 290374 94719 1976.80332   88  288 2026.72207 1921.50262  5.19%  44.7 2610s
 290879 94992 1977.65264   91  224 2026.72207 1921.51951  5.19%  44.7 2616s
 291425 95059 1978.45223   94  213 2026.72207 1921.52628  5.19%  44.7 2620s
 291997 95434 2023.92764   94  222 2026.72207 1921.55425  5.19%  44.7 2626s
 292568 95523     cutoff   95      2026.72207 1921.57221  5.19%  44.7 2637s
 292845 96072 infeasible   68      2026.72207 1921.58952  5.19%  44.7 2642s
 294181 96077 infeasible   82      2026.72207 1921.60240  5.19%  44.6 2645s
 295278 96592 1992.22066   84  202 2026.72207 1921.63482  5.19%  44.6 2650s
 296470 97043 2025.30131   51  137 2026.72207 1921.66044  5.18%  44.5 2655s
 298108 97378 infeasible   78      2026.72207 1921.70547  5.18%  44.5 2660s
 298818 97814 1974.10904   66   51 2026.72207 1921.72342  5.18%  44.4 2665s
 300115 98068 1977.34990   84  220 2026.72207 1921.75426  5.18%  44.4 2671s
 301248 98536 1984.90013   86   18 2026.72207 1921.79756  5.18%  44.3 2676s
 301874 98710     cutoff   97      2026.72207 1921.80989  5.18%  44.3 2680s
 303059 99103 1948.93435   68  207 2026.72207 1921.83961  5.17%  44.2 2694s
 303455 99464 1985.35383   81   42 2026.72207 1921.84532  5.17%  44.2 2697s
 304436 99696 2004.92090   80  151 2026.72207 1921.86725  5.17%  44.2 2700s
 306242 100091 1970.91148   58  129 2026.72207 1921.90454  5.17%  44.1 2706s
 307080 100415 1992.26291   76  158 2026.72207 1921.92001  5.17%  44.1 2710s
 307903 100774 2024.87421   83  213 2026.72207 1921.94285  5.17%  44.1 2716s
 309008 101152 1977.91010   80   35 2026.72207 1921.97350  5.17%  44.0 2720s
 310278 101527 2007.24952   80  121 2026.72207 1922.00818  5.17%  44.0 2726s
 311446 101787 1991.19824   88  159 2026.72207 1922.04518  5.16%  44.0 2730s
 312627 102078 infeasible   46      2026.72207 1922.07885  5.16%  44.0 2735s
 313297 102488     cutoff   63      2026.72207 1922.09755  5.16%  43.9 2750s
 315074 102902 infeasible   67      2026.72207 1922.13966  5.16%  43.9 2756s
 316436 103368 infeasible   81      2026.72207 1922.18080  5.16%  43.9 2760s
 317209 103791 2002.18440   74  194 2026.72207 1922.20171  5.16%  43.9 2765s
 318812 104101 infeasible   51      2026.72207 1922.23648  5.16%  43.8 2770s
 319870 104494     cutoff   97      2026.72207 1922.27275  5.15%  43.8 2775s
 320809 104941     cutoff   68      2026.72207 1922.29578  5.15%  43.9 2781s
 322005 105348 1922.79132   64  182 2026.72207 1922.31359  5.15%  43.8 2786s
 323180 105578 1952.18341   64   29 2026.72207 1922.33624  5.15%  43.7 2791s
 323766 106026 1951.74227   92   94 2026.72207 1922.35720  5.15%  43.7 2804s
 324660 106041     cutoff   78      2026.72207 1922.36821  5.15%  43.7 2806s
 325668 106321 1927.90825  102  198 2026.72207 1922.38702  5.15%  43.7 2810s
 326505 106655 infeasible   88      2026.72207 1922.41276  5.15%  43.6 2815s
 327639 107004 1945.85920   54  191 2026.72207 1922.44065  5.15%  43.6 2820s
 329057 107430 1974.12074   81   51 2026.72207 1922.47181  5.14%  43.5 2825s
 330139 107805 2000.88098   89   44 2026.72207 1922.49482  5.14%  43.5 2830s
 331824 108380 1976.64895   45  273 2026.72207 1922.54055  5.14%  43.4 2836s
 332966 108662 2026.14778   92   95 2026.72207 1922.55985  5.14%  43.4 2841s
 333850 108825 2020.17788  118  138 2026.72207 1922.57825  5.14%  43.4 2846s
 334070 108949 2020.59977  109  106 2026.72207 1922.58562  5.14%  43.4 2857s
 334944 109411 1954.50591   60  203 2026.72207 1922.61447  5.14%  43.4 2861s
 335960 109626 1976.12463   77  160 2026.72207 1922.63531  5.14%  43.3 2866s
 337169 109976 1923.92530   74  211 2026.72207 1922.67013  5.13%  43.3 2871s
 338259 110172 1946.54757  117  160 2026.72207 1922.69103  5.13%  43.2 2875s
 339570 110539 infeasible   74      2026.72207 1922.72610  5.13%  43.2 2880s
 340795 110794     cutoff   68      2026.72207 1922.74477  5.13%  43.1 2885s
 341889 111314 2020.72786   85  151 2026.72207 1922.77138  5.13%  43.1 2890s
 343069 111521 2026.32297  120   64 2026.72207 1922.80261  5.13%  43.0 2895s
 343352 111569 2016.34252   49  114 2026.72207 1922.81087  5.13%  43.0 2901s
 343474 111604     cutoff   52      2026.72207 1922.81319  5.13%  43.0 2905s
 343534 111617     cutoff   57      2026.72207 1922.81568  5.13%  43.0 2911s
 343667 111671 1939.31481   60  266 2026.72207 1922.81568  5.13%  43.0 2915s
 343783 111703 1924.11780   43  213 2026.72207 1922.82737  5.13%  43.0 2921s
 344336 111876 1987.99583   74  180 2026.72207 1922.83413  5.13%  43.0 2934s
 344414 113020 infeasible   75      2026.72207 1922.83771  5.13%  43.0 2946s
 348213 113013     cutoff   83      2026.72207 1922.90296  5.12%  42.8 2950s
 348844 113158 1979.43920   79  289 2026.72207 1922.92207  5.12%  42.8 2955s
 349867 113453 1928.32939   94  166 2026.72207 1922.94749  5.12%  42.7 2960s
 350018 113459 2013.52546  100   88 2026.72207 1922.94782  5.12%  42.7 2965s
 350055 113457 infeasible  101      2026.72207 1922.94782  5.12%  42.7 2970s
 350080 113464     cutoff   80      2026.72207 1922.95871  5.12%  42.7 2975s
 350096 113459 2004.31979   81   85 2026.72207 1922.95871  5.12%  42.7 2980s
 350165 113488 2017.10014   93  174 2026.72207 1922.96004  5.12%  42.7 2987s
 350191 113493 2017.82561  104  238 2026.72207 1922.96004  5.12%  42.7 2990s
 350217 113514 1923.49922   77  185 2026.72207 1922.96052  5.12%  42.7 2996s
 350348 113509     cutoff   82      2026.72207 1922.96127  5.12%  42.7 3002s
 350382 113516 2011.18604   90  115 2026.72207 1922.96127  5.12%  42.7 3005s
 350494 113561 1925.38591   81  186 2026.72207 1922.97000  5.12%  42.7 3010s
 350667 113588 infeasible   62      2026.72207 1922.97475  5.12%  42.7 3015s
 351359 113753 1932.69706   65   68 2026.72207 1922.98354  5.12%  42.7 3020s
 352175 114005 infeasible   71      2026.72207 1923.01751  5.12%  42.7 3026s
 353116 114664     cutoff   70      2026.72207 1923.03828  5.12%  42.6 3030s
 354908 115222 2016.66238   83   43 2026.72207 1923.08296  5.11%  42.5 3046s
 356324 115471     cutoff   94      2026.72207 1923.10990  5.11%  42.5 3050s
 357630 115972 1976.83831   97   37 2026.72207 1923.15463  5.11%  42.5 3056s
 358678 116284     cutoff   87      2026.72207 1923.17138  5.11%  42.4 3060s
 359795 116588 1923.28687   43   80 2026.72207 1923.19908  5.11%  42.4 3065s
 361036 116973 2000.72421   62   46 2026.72207 1923.22936  5.11%  42.3 3071s
 362167 117299 1924.95609   63  270 2026.72207 1923.26293  5.10%  42.3 3075s
 363181 117635 1931.99526   90   37 2026.72207 1923.29697  5.10%  42.3 3080s
 364564 117970 infeasible   83      2026.72207 1923.32843  5.10%  42.2 3085s
 365547 118366 1924.94171   55  227 2026.72207 1923.35664  5.10%  42.2 3100s
 367202 118796 infeasible   80      2026.72207 1923.40337  5.10%  42.2 3105s
 367952 119166     cutoff   81      2026.72207 1923.43274  5.10%  42.1 3110s
 369643 119666 2014.73263   54  157 2026.72207 1923.48027  5.09%  42.1 3115s
 370699 120021 1963.10370   95   71 2026.72207 1923.50517  5.09%  42.0 3120s
 372051 120298 infeasible   87      2026.72207 1923.54467  5.09%  42.0 3126s
 372875 120587 2013.52925   78   77 2026.72207 1923.57283  5.09%  42.0 3130s
 373671 120876 1980.79393   72  204 2026.72207 1923.59728  5.09%  41.9 3135s
 374688 121182 1996.40487   58  138 2026.72207 1923.61757  5.09%  41.9 3140s
 375762 121618 2019.08840   93   63 2026.72207 1923.63551  5.09%  41.9 3156s
 376676 121904 1923.91243   77  209 2026.72207 1923.66913  5.08%  41.9 3160s
 377968 122327 1979.35107   84   87 2026.72207 1923.70656  5.08%  41.9 3166s
 378729 122553 2023.81642   52  159 2026.72207 1923.73768  5.08%  41.8 3170s
 380488 123072     cutoff   65      2026.72207 1923.78032  5.08%  41.7 3176s
 381509 123400 1945.91052   44  218 2026.72207 1923.80721  5.08%  41.7 3180s
 383101 123749 infeasible   74      2026.72207 1923.84904  5.08%  41.7 3186s
 383785 123947 1924.07845   56  211 2026.72207 1923.86776  5.07%  41.6 3190s
 383830 123973 2013.92490   60   75 2026.72207 1923.86776  5.07%  41.6 3195s
 383971 124042 1932.93836   84  149 2026.72207 1923.87458  5.07%  41.6 3200s
 384341 124161 infeasible   51      2026.72207 1923.87996  5.07%  41.6 3205s
 384827 124450 1993.63649   86  183 2026.72207 1923.89181  5.07%  41.6 3211s
 385863 124647 1964.89471   80  179 2026.72207 1923.91406  5.07%  41.6 3215s
 386450 124888     cutoff   92      2026.72207 1923.92530  5.07%  41.6 3229s
 386598 125303     cutoff   65      2026.72207 1923.92987  5.07%  41.5 3237s
 388216 125410 2013.17734   70  116 2026.72207 1923.94521  5.07%  41.5 3242s
 388888 125945 1993.76072   82  181 2026.72207 1923.98761  5.07%  41.5 3247s
 390056 126234 infeasible   75      2026.72207 1923.99835  5.07%  41.5 3251s
 391552 126710 1924.07971   49  234 2026.72207 1924.05733  5.07%  41.4 3256s
 392577 126855 infeasible   82      2026.72207 1924.06649  5.07%  41.4 3260s
 393745 127339     cutoff  107      2026.72207 1924.08926  5.06%  41.3 3265s
 394746 127812 1985.88039   85   42 2026.72207 1924.11581  5.06%  41.3 3271s
 396146 128111 1981.12683   69  150 2026.72207 1924.15247  5.06%  41.3 3275s
 396899 128442     cutoff  115      2026.72207 1924.17555  5.06%  41.3 3288s
 397337 128638 1932.08204   79  195 2026.72207 1924.18686  5.06%  41.3 3290s
 398107 128931 1977.23647   68  281 2026.72207 1924.20449  5.06%  41.2 3295s
 399700 129288 1925.50795   70  115 2026.72207 1924.25118  5.06%  41.2 3301s
 400977 129533 infeasible   91      2026.72207 1924.29796  5.05%  41.2 3306s
 401585 129924 2010.05034   52  153 2026.72207 1924.30801  5.05%  41.1 3310s
 402794 130335 1925.27098   74  227 2026.72207 1924.33083  5.05%  41.1 3316s
 403999 130760 2004.14083   61   67 2026.72207 1924.36754  5.05%  41.1 3320s
 405137 131187 2012.29006   69  131 2026.72207 1924.40403  5.05%  41.0 3325s
 406282 131549 infeasible   62      2026.72207 1924.42523  5.05%  41.0 3331s
 407407 131935 infeasible   39      2026.72207 1924.44832  5.05%  41.0 3345s
 408862 132507 2006.74262   66  177 2026.72207 1924.47970  5.04%  40.9 3350s
 410009 132821     cutoff   56      2026.72207 1924.51179  5.04%  40.9 3356s
 411416 133263     cutoff   87      2026.72207 1924.53787  5.04%  40.9 3361s
 412095 133493 1925.01169   70  201 2026.72207 1924.55179  5.04%  40.8 3365s
 413487 133797     cutoff  103      2026.72207 1924.58575  5.04%  40.8 3371s
 414500 134333 1924.84300   58  188 2026.72207 1924.60576  5.04%  40.8 3375s
 415855 134782 1936.78050   57  171 2026.72207 1924.63105  5.04%  40.7 3380s
 417353 135258 2000.07815   95   20 2026.72207 1924.66270  5.04%  40.7 3386s
 417916 135329 infeasible   84      2026.72207 1924.67678  5.03%  40.6 3397s
 418247 135687     cutoff   70      2026.72207 1924.68926  5.03%  40.6 3401s
 420074 135947     cutoff   57      2026.72207 1924.73825  5.03%  40.6 3405s
 420797 136443 1941.54325   72  129 2026.72207 1924.75788  5.03%  40.6 3410s
 421972 136792 2022.70442   59   34 2026.72207 1924.77387  5.03%  40.5 3415s
 423127 137013 1927.19075  103  222 2026.72207 1924.79526  5.03%  40.5 3420s
 424388 137322 infeasible   78      2026.72207 1924.82122  5.03%  40.5 3426s
 425707 137827 1997.28392   62  158 2026.72207 1924.85533  5.03%  40.4 3431s
 426741 138235 1944.34345   80  172 2026.72207 1924.87231  5.03%  40.4 3435s
 427625 138760 1933.30055   82   96 2026.72207 1924.88913  5.02%  40.4 3440s
 428149 139082 infeasible   74      2026.72207 1924.89995  5.02%  40.3 3451s
 429363 139380 1924.94977   76  207 2026.72207 1924.93773  5.02%  40.3 3456s
 430751 139762 1988.36991   91   42 2026.72207 1924.97241  5.02%  40.2 3460s
 431813 140208 1925.07007   61  227 2026.72207 1924.99153  5.02%  40.2 3465s
 433427 140648 1991.30895   81   27 2026.72207 1925.01731  5.02%  40.2 3471s
 434044 140871 1964.64721   75  183 2026.72207 1925.03536  5.02%  40.1 3475s
 435835 141381 2005.10137   69  138 2026.72207 1925.07571  5.02%  40.1 3481s
 436701 141849 1982.26946  110  133 2026.72207 1925.09580  5.01%  40.0 3485s
 437968 142256 1940.31544   68  214 2026.72207 1925.11853  5.01%  40.0 3491s
 438495 142669 1990.19077   89   92 2026.72207 1925.13025  5.01%  40.0 3504s
 439480 142672 1938.44330   76  198 2026.72207 1925.14168  5.01%  40.0 3505s
 440012 142983 2006.21281   59   29 2026.72207 1925.16035  5.01%  39.9 3510s
 441546 143341     cutoff   78      2026.72207 1925.19004  5.01%  39.9 3515s
 442663 143757 2019.37828   63   27 2026.72207 1925.19947  5.01%  39.9 3520s
 444024 144193 2014.51763   81  185 2026.72207 1925.23206  5.01%  39.8 3525s
 445152 144595 infeasible   56      2026.72207 1925.24833  5.01%  39.8 3530s
 446474 145049 1999.87938  106  196 2026.72207 1925.27089  5.01%  39.7 3536s
 447561 145412     cutoff   80      2026.72207 1925.28997  5.00%  39.7 3540s
 448662 145764 infeasible   94      2026.72207 1925.30797  5.00%  39.7 3545s
 448754 146056 1996.21780   94  301 2026.72207 1925.30920  5.00%  39.7 3557s
 450237 146410 1941.79544   64   73 2026.72207 1925.33929  5.00%  39.6 3560s
 451583 146886     cutoff  104      2026.72207 1925.35849  5.00%  39.6 3566s
 452632 147186 1926.17919   61  182 2026.72207 1925.37417  5.00%  39.6 3570s
 454220 147636 1988.30353   63   69 2026.72207 1925.41728  5.00%  39.5 3576s
 455171 147822     cutoff   63      2026.72207 1925.43762  5.00%  39.5 3580s
 456235 148238 1925.58976   61  163 2026.72207 1925.46146  5.00%  39.5 3586s
 457309 148429 1968.82566   90   92 2026.72207 1925.48483  5.00%  39.4 3590s
 458457 148992 1925.74140   63  204 2026.72207 1925.51433  4.99%  39.4 3596s
 459010 149096 2006.84902  100  154 2026.72207 1925.52014  4.99%  39.4 3607s
 459427 149401 2023.46622   85  182 2026.72207 1925.52840  4.99%  39.4 3610s
 461418 149880 1997.40904   73  182 2026.72207 1925.56894  4.99%  39.3 3615s
 462482 150058 2006.99233   92   25 2026.72207 1925.59038  4.99%  39.3 3620s
 462573 150209 1936.10155   87  181 2026.72207 1925.59348  4.99%  39.3 3625s
 463954 150515 infeasible   54      2026.72207 1925.62434  4.99%  39.2 3630s
 464756 150886     cutoff   62      2026.72207 1925.64821  4.99%  39.2 3635s
 466252 151461 1944.69384   70   91 2026.72207 1925.68547  4.99%  39.2 3641s
 467067 151767 2020.46997   67  115 2026.72207 1925.70324  4.98%  39.2 3645s
 468366 152169 1992.03958   50   84 2026.72207 1925.73577  4.98%  39.1 3650s
 469641 152607 1994.09371   76  287 2026.72207 1925.76401  4.98%  39.1 3666s
 471100 153056 2022.96198  107   35 2026.72207 1925.78882  4.98%  39.1 3670s
 472508 153318 1952.30297   74  173 2026.72207 1925.83025  4.98%  39.0 3675s
 473574 153675 2020.72530   74   91 2026.72207 1925.84434  4.98%  39.0 3681s
 474281 154073 1946.56580   73  284 2026.72207 1925.87235  4.98%  39.0 3685s
 476008 154404 2011.24566   89  206 2026.72207 1925.91598  4.97%  39.0 3690s
 477281 154918 1984.12790   62   17 2026.72207 1925.95646  4.97%  38.9 3696s
 478294 155156     cutoff  107      2026.72207 1925.98638  4.97%  38.9 3700s
 479376 155629 infeasible   55      2026.72207 1926.00551  4.97%  38.9 3705s
 479917 155736     cutoff   89      2026.72207 1926.01976  4.97%  38.9 3717s
 481103 156086 2018.65060   72  154 2026.72207 1926.04130  4.97%  38.8 3721s
 482065 156407 1966.50307  105   95 2026.72207 1926.06633  4.97%  38.8 3725s
 483420 156934 1927.89952   81  157 2026.72207 1926.10037  4.96%  38.8 3731s
 484765 157434 1968.07067   88  153 2026.72207 1926.13819  4.96%  38.8 3736s
 485950 157785 1952.92868   48  188 2026.72207 1926.16362  4.96%  38.7 3740s
 487501 158096 infeasible  106      2026.72207 1926.20874  4.96%  38.7 3745s
 488891 158497 infeasible   63      2026.72207 1926.24354  4.96%  38.6 3750s
 490150 159103 1988.99780   80   35 2026.72207 1926.28511  4.96%  38.6 3767s
 490863 159358 2014.34588   71   47 2026.72207 1926.30193  4.95%  38.6 3770s
 492391 159664 1932.52636   76  116 2026.72207 1926.34591  4.95%  38.6 3775s
 493951 160229 1948.71553   80  172 2026.72207 1926.39941  4.95%  38.5 3780s
 495119 160496     cutoff   69      2026.72207 1926.43609  4.95%  38.5 3785s
 496442 161141 1994.57720   96  150 2026.72207 1926.46529  4.95%  38.5 3791s
 497665 161577 1946.96288   76  187 2026.72207 1926.49509  4.95%  38.4 3795s
 499090 161980 2014.78911   82  172 2026.72207 1926.52756  4.94%  38.4 3800s
 500352 162185 1926.77033   85  201 2026.72207 1926.56041  4.94%  38.4 3815s
 500478 163500 2024.37817   66  201 2026.72207 1926.56704  4.94%  38.4 3826s
 504696 163693 1927.68420   98  189 2026.72207 1926.67181  4.94%  38.3 3830s
 505833 164047 1997.25613  111   48 2026.72207 1926.70571  4.93%  38.2 3835s
 506944 164497 1960.59292   87   51 2026.72207 1926.74108  4.93%  38.2 3840s
 508474 164798 infeasible   78      2026.72207 1926.78418  4.93%  38.2 3845s
 509712 165228 1947.36058   73  186 2026.72207 1926.82024  4.93%  38.2 3851s
 510555 165427 1938.49857   55  205 2026.72207 1926.83801  4.93%  38.1 3864s
 510930 165586 2002.28684   96  112 2026.72207 1926.86326  4.93%  38.1 3865s
 511763 166068 1980.88474   60   98 2026.72207 1926.87998  4.93%  38.1 3870s
 513653 166660 1981.49337   77  262 2026.72207 1926.92234  4.92%  38.1 3876s
 514980 167053     cutoff   72      2026.72207 1926.97830  4.92%  38.1 3881s
 516284 167362 1982.71683   81  203 2026.72207 1927.00878  4.92%  38.0 3885s
 517537 167787     cutoff   77      2026.72207 1927.04703  4.92%  38.0 3890s
 519234 168114     cutoff   73      2026.72207 1927.09377  4.92%  38.0 3895s
 520510 168719 2005.80053   80  140 2026.72207 1927.11756  4.91%  38.0 3901s
 521000 168726 infeasible   98      2026.72207 1927.12969  4.91%  38.0 3912s
 521133 169592 1944.40665   79  140 2026.72207 1927.13805  4.91%  38.0 3920s
 524013 169724 2026.09998  102   43 2026.72207 1927.23521  4.91%  37.9 3925s
 525267 170074 1966.60577   80  271 2026.72207 1927.27794  4.91%  37.9 3931s
 526344 170310     cutoff   74      2026.72207 1927.30626  4.91%  37.9 3936s
 527083 170577 2020.82411   79  136 2026.72207 1927.33883  4.90%  37.9 3941s
 528242 170920 infeasible   48      2026.72207 1927.38269  4.90%  37.9 3945s
 529795 171213     cutoff   67      2026.72207 1927.42461  4.90%  37.9 3951s
 530538 171580 1984.68858   56   80 2026.72207 1927.45539  4.90%  37.9 3955s
 531381 171834 2026.09108   80  169 2026.72207 1927.49024  4.90%  37.8 3967s
 532172 172040     cutoff   86      2026.72207 1927.53064  4.89%  37.8 3970s
 533404 172352     cutoff  104      2026.72207 1927.57640  4.89%  37.8 3975s
 534753 172745 1997.68124   87  204 2026.72207 1927.63208  4.89%  37.8 3980s
 536149 173232 infeasible   62      2026.72207 1927.68503  4.89%  37.7 3986s
 537316 173435     cutoff   67      2026.72207 1927.72575  4.88%  37.7 3990s
 538306 173709 2019.70910   97  189 2026.72207 1927.76065  4.88%  37.7 3995s
 539212 173966 1936.15824   37  501 2026.72207 1927.79356  4.88%  37.7 4001s
 539712 174195 1934.52387   82  169 2026.72207 1927.81029  4.88%  37.7 4005s
 540881 174466     cutoff  108      2026.72207 1927.81705  4.88%  37.7 4010s
 541667 174628 1928.35250   86  199 2026.72207 1927.88881  4.88%  37.7 4023s
 541983 174946 1928.11626  102  195 2026.72207 1927.90228  4.88%  37.7 4027s
 543109 175124 2021.86467   81   46 2026.72207 1927.93228  4.87%  37.7 4030s
 544387 175398 1973.15601   52   41 2026.72207 1927.99674  4.87%  37.7 4035s
 545032 175755 infeasible   90      2026.72207 1928.02870  4.87%  37.7 4040s
 546292 176145 2002.97919   72  247 2026.72207 1928.06523  4.87%  37.7 4045s
 547552 176446 1942.78282   38  274 2026.72207 1928.12161  4.87%  37.7 4050s
 549176 176773 1964.32328   87  135 2026.72207 1928.18539  4.86%  37.6 4056s
 550026 176922 infeasible   79      2026.72207 1928.22714  4.86%  37.6 4060s
 550817 177099     cutoff   90      2026.72207 1928.25830  4.86%  37.6 4065s
 550873 177158 1982.79636   58  101 2026.72207 1928.26146  4.86%  37.6 4070s
 551414 177257 2023.85488   66  198 2026.72207 1928.26750  4.86%  37.6 4076s
 551714 177344     cutoff  112      2026.72207 1928.28149  4.86%  37.6 4080s
 551934 177396 infeasible   66      2026.72207 1928.30897  4.86%  37.6 4092s
 552084 177537 2006.27101   91   27 2026.72207 1928.30980  4.86%  37.6 4098s
 552822 177574 2015.79548  100  140 2026.72207 1928.31649  4.86%  37.6 4102s
 553039 177979 infeasible   92      2026.72207 1928.33069  4.85%  37.6 4107s
 554758 178266 infeasible   71      2026.72207 1928.42852  4.85%  37.6 4111s
 556463 178549 2007.06793  116  155 2026.72207 1928.49813  4.85%  37.6 4115s
 557323 178903 infeasible   61      2026.72207 1928.52578  4.85%  37.5 4120s
 558643 179189 1999.92363   57  189 2026.72207 1928.56471  4.84%  37.5 4125s
 560279 179805 2005.04496  100   29 2026.72207 1928.63903  4.84%  37.5 4131s
 561629 179975 1961.22902   76   24 2026.72207 1928.69970  4.84%  37.4 4136s
 562511 180252 1996.21447  100   25 2026.72207 1928.73202  4.83%  37.4 4148s
 562676 181007 2004.19685   88  126 2026.72207 1928.74250  4.83%  37.4 4155s
 565081 181167 infeasible   64      2026.72207 1928.84394  4.83%  37.4 4160s
 566194 181317 infeasible   94      2026.72207 1928.89178  4.83%  37.4 4165s
 566913 181609     cutoff   93      2026.72207 1928.94074  4.82%  37.4 4171s
 568026 181845 1965.53612   75   16 2026.72207 1928.98687  4.82%  37.3 4175s
 569684 182054 1948.24834   70   30 2026.72207 1929.07537  4.82%  37.3 4181s
 570463 182409 1949.17382   72  138 2026.72207 1929.10457  4.82%  37.3 4185s
 571700 182698 1995.81792   84   72 2026.72207 1929.15779  4.81%  37.3 4190s
 572674 182975 1936.44270   85   59 2026.72207 1929.20182  4.81%  37.3 4195s
 573305 183272 1958.70552   84   29 2026.72207 1929.23359  4.81%  37.3 4206s
 574743 183453 1932.51799   63  229 2026.72207 1929.30386  4.81%  37.2 4210s
 575817 183771     cutoff   68      2026.72207 1929.36013  4.80%  37.2 4216s
 576981 184078 2004.78173   61  176 2026.72207 1929.43554  4.80%  37.2 4220s
 578254 184270     cutoff   70      2026.72207 1929.49402  4.80%  37.2 4225s
 579323 184644 1998.55774   97   69 2026.72207 1929.55534  4.79%  37.2 4230s
 580605 184834 1948.95280   69   90 2026.72207 1929.61957  4.79%  37.2 4237s
 581656 185032     cutoff   92      2026.72207 1929.65579  4.79%  37.2 4240s
 582690 185321 1998.07111   78  184 2026.72207 1929.73065  4.79%  37.2 4245s
 583571 185529 2010.89251   97   90 2026.72207 1929.77489  4.78%  37.1 4257s
 583734 185967 2021.95144   54  224 2026.72207 1929.78975  4.78%  37.1 4262s
 585697 185976 infeasible   69      2026.72207 1929.84123  4.78%  37.1 4265s
 586995 186285     cutoff   58      2026.72207 1929.96026  4.77%  37.1 4270s
 587828 186509 1958.75194   99   67 2026.72207 1929.99398  4.77%  37.1 4275s
 589121 186769 1978.91136   87  231 2026.72207 1930.08333  4.77%  37.1 4281s
 590400 187155 1930.81909   56  180 2026.72207 1930.15863  4.76%  37.1 4286s
 591058 187411 2000.87387   66    7 2026.72207 1930.19173  4.76%  37.1 4290s
 592261 187654 1999.24926   81  114 2026.72207 1930.30524  4.76%  37.0 4295s
 593291 187816 2007.43760   60  191 2026.72207 1930.37875  4.75%  37.0 4300s
 594290 188072 infeasible   76      2026.72207 1930.43051  4.75%  37.0 4314s
 594662 188146 2008.64116   69  131 2026.72207 1930.45744  4.75%  37.0 4316s
 595373 188377 1994.66675   48  220 2026.72207 1930.52814  4.75%  37.0 4321s
 597281 188663 infeasible   64      2026.72207 1930.63682  4.74%  37.0 4325s
 598027 188902 2007.56915   73  165 2026.72207 1930.70214  4.74%  37.0 4330s
 599260 189244 2013.97800   81   88 2026.72207 1930.79282  4.73%  37.0 4336s
 600629 189650 2020.52169   85   59 2026.72207 1930.85419  4.73%  37.0 4341s
 601312 189837 2007.17133   70  112 2026.72207 1930.89348  4.73%  37.0 4345s
 602727 190077 2019.78031   87  166 2026.72207 1930.97239  4.72%  37.0 4350s
 603895 190150 1994.05437   48  228 2026.72207 1931.03854  4.72%  37.0 4356s
 604542 190380 1931.50058   46  200 2026.72207 1931.10098  4.72%  37.0 4368s
 604791 190745 2014.70869   87  230 2026.72207 1931.12108  4.72%  37.0 4372s
 606252 190887 1977.68815   88  264 2026.72207 1931.21232  4.71%  37.0 4376s
 607543 191183 1948.03004   98   33 2026.72207 1931.28726  4.71%  37.0 4381s
 608637 191341 infeasible   76      2026.72207 1931.37267  4.70%  37.0 4386s
 609419 191655 1932.10054   78  222 2026.72207 1931.44219  4.70%  37.0 4391s
 610600 191849 1932.35286   60  183 2026.72207 1931.56711  4.70%  37.0 4395s
 611799 192218 1981.27983   88   59 2026.72207 1931.65008  4.69%  37.0 4400s
 613027 192432 2016.80446   65  163 2026.72207 1931.72160  4.69%  37.0 4406s
 614133 192661 1979.48470   71   49 2026.72207 1931.77888  4.68%  37.0 4411s
 614793 193052 2011.78409   76  169 2026.72207 1931.83837  4.68%  37.0 4423s
 615644 193256 1932.11444   77  223 2026.72207 1931.87443  4.68%  37.0 4426s
 617100 193579 infeasible   72      2026.72207 1931.95216  4.68%  37.0 4431s
 618134 193731 infeasible   76      2026.72207 1932.01980  4.67%  37.0 4435s
 618960 193990 2007.52738   64   69 2026.72207 1932.05604  4.67%  37.0 4440s
 620126 194234 infeasible   46      2026.72207 1932.14291  4.67%  37.0 4445s
 621715 194644     cutoff  109      2026.72207 1932.22588  4.66%  36.9 4450s
 623414 195103 2012.47189   92  123 2026.72207 1932.29132  4.66%  36.9 4455s
 624840 195466 2021.07945  100   26 2026.72207 1932.36341  4.66%  36.9 4460s
 625223 195565 2008.66469   90   78 2026.72207 1932.37069  4.66%  36.9 4471s
 626748 195910 infeasible   90      2026.72207 1932.45671  4.65%  36.9 4476s
 627842 196132     cutoff   61      2026.72207 1932.50266  4.65%  36.9 4480s
 629654 196536 infeasible   80      2026.72207 1932.57656  4.65%  36.9 4485s
 630755 196917 2023.28661   93  113 2026.72207 1932.61684  4.64%  36.8 4491s
 631789 197206     cutoff   52      2026.72207 1932.66523  4.64%  36.8 4496s
 633027 197478 1983.52510   56  281 2026.72207 1932.73623  4.64%  36.8 4501s
 634395 198031 1987.64846  111   54 2026.72207 1932.79763  4.63%  36.8 4506s
 635399 198103 infeasible   67      2026.72207 1932.84380  4.63%  36.8 4510s
 635615 198226 infeasible   94      2026.72207 1932.87021  4.63%  36.8 4520s
 637383 198656 1945.73658   95  240 2026.72207 1932.97462  4.63%  36.8 4526s
 638203 199062 1944.73114   72  183 2026.72207 1933.02246  4.62%  36.8 4531s
 638916 199171 1996.89219   91   45 2026.72207 1933.08512  4.62%  36.8 4535s
 640648 199564 infeasible   37      2026.72207 1933.18425  4.62%  36.8 4541s
 641642 199913     cutoff   95      2026.72207 1933.25062  4.61%  36.8 4546s
 642853 200245 2025.74399   70  185 2026.72207 1933.30036  4.61%  36.8 4550s
 643822 200336 1998.13467   85   25 2026.72207 1933.37139  4.61%  36.8 4555s
 644370 200587 1963.03468   67  118 2026.72207 1933.40585  4.60%  36.8 4561s
 645621 200889     cutoff  117      2026.72207 1933.49513  4.60%  36.8 4565s
 646054 200927 1955.13973   54  192 2026.72207 1933.51639  4.60%  36.8 4574s
 646229 201254     cutoff   67      2026.72207 1933.54351  4.60%  36.8 4579s
 647986 201274 1950.97641   75   41 2026.72207 1933.62735  4.59%  36.8 4581s
 648797 201596 infeasible   81      2026.72207 1933.73021  4.59%  36.8 4585s
 650122 201771 1934.52707   76   82 2026.72207 1933.80755  4.58%  36.7 4590s
 651006 202045     cutoff   89      2026.72207 1933.88561  4.58%  36.8 4595s
 652042 202378 1973.88768  107   67 2026.72207 1933.95913  4.58%  36.8 4600s
 653810 202577 infeasible   60      2026.72207 1934.09828  4.57%  36.8 4605s
 654553 202857     cutoff   66      2026.72207 1934.14849  4.57%  36.8 4610s
 656446 203171 infeasible   69      2026.72207 1934.31681  4.56%  36.7 4625s
 657622 203320 infeasible   87      2026.72207 1934.38918  4.56%  36.7 4631s
 658601 203511 2007.72053   96  148 2026.72207 1934.48311  4.55%  36.7 4635s
 659482 203775     cutoff   77      2026.72207 1934.55370  4.55%  36.7 4640s
 660572 204015 1941.23671   79  119 2026.72207 1934.65716  4.54%  36.7 4646s
 661903 204334 1948.73458   69   44 2026.72207 1934.77804  4.54%  36.7 4651s
 663216 204482 1946.07173   76  117 2026.72207 1934.86986  4.53%  36.7 4655s
 664179 204771 1978.36806   96   69 2026.72207 1934.96049  4.53%  36.7 4660s
 665312 204991 1977.33637   64  137 2026.72207 1935.06882  4.52%  36.7 4665s
 666767 205245 infeasible  109      2026.72207 1935.22621  4.51%  36.7 4679s
 666901 205833     cutoff  113      2026.72207 1935.22621  4.51%  36.7 4687s
 669545 206050 1935.83880   66  126 2026.72207 1935.45076  4.50%  36.7 4691s
 670742 206244 infeasible   73      2026.72207 1935.52240  4.50%  36.7 4696s
 671079 206341 1936.19263   55  255 2026.72207 1935.56568  4.50%  36.7 4700s
 672282 206565 1939.24404   53  164 2026.72207 1935.64902  4.49%  36.7 4705s
 673258 206708 infeasible   79      2026.72207 1935.72738  4.49%  36.7 4710s
 674162 207030 2001.04884   57  182 2026.72207 1935.81652  4.49%  36.6 4715s
 675465 207254 1976.42566   94  280 2026.72207 1935.88772  4.48%  36.6 4720s
 677123 207613 1951.41546   73   99 2026.72207 1936.00450  4.48%  36.6 4735s
 677820 207781 1936.24548   61  166 2026.72207 1936.07022  4.47%  36.6 4740s
 679368 207980     cutoff   62      2026.72207 1936.17953  4.47%  36.6 4745s
 679951 208200 1992.83818   98   53 2026.72207 1936.22557  4.47%  36.6 4750s
 681320 208415 infeasible   72      2026.72207 1936.29730  4.46%  36.6 4755s
 682436 208737 2004.42841   68  175 2026.72207 1936.38702  4.46%  36.6 4761s
 683202 208822 infeasible   61      2026.72207 1936.48220  4.45%  36.6 4765s
 684019 209012     cutoff   62      2026.72207 1936.55869  4.45%  36.6 4771s
 684658 209192 1939.70679   49  301 2026.72207 1936.60405  4.45%  36.6 4775s
 686108 209409 infeasible   57      2026.72207 1936.69938  4.44%  36.6 4781s
 687208 209619 infeasible   93      2026.72207 1936.79821  4.44%  36.6 4786s
 687544 209640     cutoff   78      2026.72207 1936.80814  4.44%  36.6 4795s
 688693 209786 1937.93984   91  252 2026.72207 1936.88174  4.43%  36.6 4800s
 690159 210210 infeasible   75      2026.72207 1937.03212  4.43%  36.6 4806s
 691324 210429 2020.01267   54  110 2026.72207 1937.11382  4.42%  36.6 4810s
 691465 210513 2011.58924   61  177 2026.72207 1937.11483  4.42%  36.6 4816s
 692098 210633 1959.74943   82   94 2026.72207 1937.17415  4.42%  36.6 4820s
 693562 210849 infeasible   85      2026.72207 1937.27974  4.41%  36.6 4825s
 695096 211320     cutoff  101      2026.72207 1937.40689  4.41%  36.6 4831s
 696368 211504 1948.85410   70  233 2026.72207 1937.53240  4.40%  36.6 4835s
 697703 211787 2020.51948   69  207 2026.72207 1937.59400  4.40%  36.6 4840s
 698203 211803 infeasible   66      2026.72207 1937.68681  4.39%  36.6 4850s
 698329 212530 2021.29914   93  168 2026.72207 1937.69239  4.39%  36.6 4858s
 701642 212530 2000.64578   92  153 2026.72207 1937.88831  4.38%  36.5 4861s
 702264 212682 1958.74872   79  166 2026.72207 1937.91528  4.38%  36.5 4866s
 703219 212831 1961.00908   96   67 2026.72207 1938.01902  4.38%  36.5 4870s
 704350 213081 1950.52689   64  207 2026.72207 1938.09741  4.37%  36.5 4876s
 705140 213380     cutoff   94      2026.72207 1938.15737  4.37%  36.5 4881s
 706554 213576 infeasible   62      2026.72207 1938.25048  4.37%  36.5 4885s
 707600 213847 2020.18393   73    8 2026.72207 1938.33086  4.36%  36.4 4890s
 708531 214005 infeasible   74      2026.72207 1938.41237  4.36%  36.4 4904s
 708929 214041 1942.94030   85   61 2026.72207 1938.41883  4.36%  36.4 4907s
 709305 214334 infeasible   90      2026.72207 1938.46575  4.35%  36.4 4910s
 711214 214540 1969.04056   78  127 2026.72207 1938.60055  4.35%  36.4 4915s
 712202 214861 2017.49899   61  108 2026.72207 1938.68403  4.34%  36.4 4920s
 713361 215051 2019.66818   78   76 2026.72207 1938.72639  4.34%  36.4 4925s
 714506 215278 infeasible   60      2026.72207 1938.82550  4.34%  36.4 4930s
 715879 215614 infeasible   54      2026.72207 1938.90403  4.33%  36.4 4935s
 717019 215884 2009.79179   76   39 2026.72207 1938.97463  4.33%  36.4 4940s
 718269 216311 1943.51886   82  128 2026.72207 1939.07228  4.32%  36.4 4946s
 718895 216330 2022.42860   56   58 2026.72207 1939.11924  4.32%  36.4 4956s
 718991 216738 infeasible   58      2026.72207 1939.13046  4.32%  36.4 4966s
 722295 216753 infeasible   57      2026.72207 1939.27251  4.31%  36.4 4970s
 722950 216870 2012.33063   82   36 2026.72207 1939.30584  4.31%  36.4 4976s
 723016 216881 2018.50616   84   38 2026.72207 1939.30592  4.31%  36.4 4981s
 723553 216984 infeasible   97      2026.72207 1939.33738  4.31%  36.4 4986s
 723589 216968 2015.04099  102  172 2026.72207 1939.34432  4.31%  36.4 4991s
 723692 216986 1994.49391  103  196 2026.72207 1939.35084  4.31%  36.4 4996s
 724518 217232 1977.54104  103   21 2026.72207 1939.39269  4.31%  36.4 5001s
 725312 217359 2009.31330   83  259 2026.72207 1939.45831  4.31%  36.4 5005s
 725967 217510 1949.61175   58  155 2026.72207 1939.49936  4.30%  36.3 5011s
 726559 217788 1959.01525   61  118 2026.72207 1939.56924  4.30%  36.4 5016s
 727407 217985 infeasible   84      2026.72207 1939.61157  4.30%  36.4 5020s
 728844 218247     cutoff   84      2026.72207 1939.70310  4.29%  36.4 5026s
 729615 218266 1941.87013   81  244 2026.72207 1939.74475  4.29%  36.3 5038s
 729710 219045 1941.89269   82  244 2026.72207 1939.75657  4.29%  36.4 5050s
 733660 219341 1963.04840   83   80 2026.72207 1939.92108  4.28%  36.4 5056s
 734932 219505 1993.36671   87  142 2026.72207 1939.99360  4.28%  36.3 5060s
 735804 219819 1990.20037   60  115 2026.72207 1940.06806  4.28%  36.3 5065s
 737115 220042 1945.39132   79   97 2026.72207 1940.13947  4.27%  36.3 5070s
 738161 220344 2004.54919   79  110 2026.72207 1940.21160  4.27%  36.3 5075s
 739635 220653 1941.75190   46  228 2026.72207 1940.28151  4.27%  36.3 5081s
 740110 220753 infeasible   85      2026.72207 1940.30365  4.26%  36.3 5091s
 741460 221013 2025.55526   82   39 2026.72207 1940.38447  4.26%  36.3 5095s
 742627 221204 1971.71840   78  243 2026.72207 1940.45551  4.26%  36.3 5100s
 743627 221405 infeasible   56      2026.72207 1940.50871  4.25%  36.4 5105s
 744553 221731     cutoff   59      2026.72207 1940.56488  4.25%  36.4 5110s
 746024 222093 1968.56937   70  155 2026.72207 1940.65139  4.25%  36.3 5115s
 747338 222176 1971.04245   58  181 2026.72207 1940.73081  4.24%  36.3 5120s
 748239 222522 1959.57100   70  140 2026.72207 1940.77367  4.24%  36.3 5125s
 748989 222671 1940.85203   88   91 2026.72207 1940.80002  4.24%  36.3 5130s
 750298 222857     cutoff   95      2026.72207 1940.84332  4.24%  36.3 5135s
 750390 223084 1942.84250   66  232 2026.72207 1940.86280  4.24%  36.3 5146s
 752151 223318 infeasible   70      2026.72207 1940.97401  4.23%  36.3 5150s
 753076 223503 2017.37334   86  121 2026.72207 1941.03489  4.23%  36.3 5155s
 754250 223746 1956.25967   85   60 2026.72207 1941.12154  4.22%  36.3 5160s
 755495 223951 1971.33524   79   94 2026.72207 1941.19126  4.22%  36.3 5165s
 756798 224008     cutoff   67      2026.72207 1941.30173  4.21%  36.3 5170s
 757890 224237 2003.27979   63  118 2026.72207 1941.34689  4.21%  36.3 5175s
 758942 224514 1983.80097   95   40 2026.72207 1941.41552  4.21%  36.3 5180s
 760188 224829 infeasible   62      2026.72207 1941.46323  4.21%  36.3 5185s
 760847 225094 1985.64118   92   59 2026.72207 1941.51592  4.20%  36.3 5196s
 761430 225108 infeasible   93      2026.72207 1941.53870  4.20%  36.3 5200s
 762320 225426 1944.31923   85  166 2026.72207 1941.63001  4.20%  36.3 5206s
 763732 225745 2014.66508   60  182 2026.72207 1941.71350  4.19%  36.3 5211s
 765113 226137     cutoff   90      2026.72207 1941.76192  4.19%  36.3 5216s
 766286 226409 1957.87336   63  213 2026.72207 1941.81861  4.19%  36.3 5220s
 767791 226784     cutoff   69      2026.72207 1941.90670  4.18%  36.3 5226s
 768927 226981 1949.82845   85   34 2026.72207 1941.96868  4.18%  36.3 5230s
 769947 227116 1942.03031   83   22 2026.72207 1942.00379  4.18%  36.3 5235s
 770960 227356 2019.25108   69   86 2026.72207 1942.05007  4.18%  36.3 5240s
 771588 227570 2021.81813   94   26 2026.72207 1942.09370  4.18%  36.3 5254s
 771850 227817 2025.81602  108  196 2026.72207 1942.11129  4.17%  36.3 5258s
 773145 227833 1944.23963   86  185 2026.72207 1942.16440  4.17%  36.3 5260s
 773871 228073 1997.27132   46  227 2026.72207 1942.21069  4.17%  36.3 5266s
 774965 228309 2014.44955   56   25 2026.72207 1942.24523  4.17%  36.2 5270s
 776073 228552 1983.60680   72  235 2026.72207 1942.28059  4.17%  36.2 5275s
 777181 228819 infeasible   67      2026.72207 1942.33805  4.16%  36.2 5280s
 778925 229114 2005.05464   81  229 2026.72207 1942.40314  4.16%  36.2 5285s
 780143 229426 1995.70011   80  144 2026.72207 1942.47270  4.16%  36.2 5291s
 780600 229528 1960.61671   67  181 2026.72207 1942.48295  4.16%  36.2 5295s
 781636 229723 infeasible   70      2026.72207 1942.53386  4.15%  36.2 5300s
 781800 229979 infeasible   72      2026.72207 1942.54642  4.15%  36.2 5310s
 783405 230077 2011.49739   77   10 2026.72207 1942.63404  4.15%  36.2 5315s
 784100 230288     cutoff   86      2026.72207 1942.66497  4.15%  36.2 5320s
 785713 230533     cutoff   99      2026.72207 1942.76374  4.14%  36.2 5327s
 786308 230782 2005.59774   85   43 2026.72207 1942.79074  4.14%  36.2 5330s
 787671 231095 1958.79531   61  211 2026.72207 1942.83597  4.14%  36.2 5336s
 788632 231247 1970.39119   76  161 2026.72207 1942.88345  4.14%  36.2 5340s
 789492 231533 1943.80923   78  176 2026.72207 1942.92567  4.13%  36.2 5345s
 790739 231770 1943.68498   77  268 2026.72207 1942.98845  4.13%  36.2 5350s
 792070 232002 2019.22301   63  176 2026.72207 1943.03385  4.13%  36.2 5363s
 792364 232302 2021.59356   83   97 2026.72207 1943.05327  4.13%  36.2 5366s
 793512 232436 2001.70609   95   86 2026.72207 1943.08863  4.13%  36.2 5370s
 795188 232653 infeasible   96      2026.72207 1943.18532  4.12%  36.2 5376s
 796335 232922 1963.07250   55   91 2026.72207 1943.22378  4.12%  36.2 5381s
 797049 233211 infeasible   43      2026.72207 1943.26639  4.12%  36.2 5386s
 798238 233441 infeasible   90      2026.72207 1943.33588  4.11%  36.2 5390s
 799467 233696 1960.87465   52   48 2026.72207 1943.40973  4.11%  36.2 5396s
 800723 233899 2011.02767   56   84 2026.72207 1943.44395  4.11%  36.2 5400s
 801298 234163 1989.72156   65  166 2026.72207 1943.46616  4.11%  36.2 5406s
 802549 234315 infeasible   74      2026.72207 1943.53193  4.10%  36.1 5418s
 802704 234808 1996.29944   62   19 2026.72207 1943.54015  4.10%  36.1 5424s
 803734 234808 1992.28107   75  251 2026.72207 1943.54283  4.10%  36.1 5425s
 805060 234968 infeasible   95      2026.72207 1943.66479  4.10%  36.1 5430s
 806398 235290 2016.51882   61  172 2026.72207 1943.70860  4.10%  36.1 5435s
 807223 235346 1960.67213   66  170 2026.72207 1943.74716  4.09%  36.1 5440s
 807451 235588     cutoff   89      2026.72207 1943.74896  4.09%  36.1 5446s
 808868 235777 2021.97816   85   42 2026.72207 1943.81833  4.09%  36.1 5450s
 809890 235999     cutoff   84      2026.72207 1943.85507  4.09%  36.1 5455s
 811235 236357 infeasible   84      2026.72207 1943.89736  4.09%  36.1 5461s
 812027 236641 1962.77955   80  198 2026.72207 1943.93598  4.08%  36.1 5466s
 813328 236830 infeasible   73      2026.72207 1943.98593  4.08%  36.1 5481s
 814843 237127 1962.24037   90  208 2026.72207 1944.03267  4.08%  36.1 5486s
 815456 237478 1944.15380   68  115 2026.72207 1944.05257  4.08%  36.1 5490s
 816759 237600 infeasible   98      2026.72207 1944.12614  4.08%  36.0 5495s
 817487 237896 2021.04314   75   92 2026.72207 1944.15924  4.07%  36.0 5500s
 819280 238251 1944.30105   80  170 2026.72207 1944.23881  4.07%  36.0 5505s
 820061 238500 1945.38205   74  218 2026.72207 1944.27916  4.07%  36.0 5510s
 821337 238777 1988.43753  103  122 2026.72207 1944.32184  4.07%  36.0 5516s
 822593 239045 2022.53803   74  140 2026.72207 1944.37160  4.06%  36.0 5520s
 823313 239313 infeasible  101      2026.72207 1944.39865  4.06%  36.0 5525s
 823981 239400 2010.07208   86  143 2026.72207 1944.43229  4.06%  36.0 5536s
 825327 239604 1945.01655   80  203 2026.72207 1944.48983  4.06%  36.0 5541s
 826531 240018     cutoff  102      2026.72207 1944.54150  4.05%  36.0 5546s
 827865 240170 infeasible   88      2026.72207 1944.58928  4.05%  36.0 5550s
 828937 240399 infeasible   49      2026.72207 1944.63085  4.05%  36.0 5555s
 830343 240633 infeasible   61      2026.72207 1944.67553  4.05%  36.0 5560s
 831362 240962     cutoff   73      2026.72207 1944.71007  4.05%  36.0 5565s
 833042 241564 1994.83861   74   78 2026.72207 1944.75647  4.04%  36.0 5570s
 833783 241670 1969.40709   92  147 2026.72207 1944.76657  4.04%  36.0 5575s
 834486 241789 1988.83925   88  204 2026.72207 1944.80630  4.04%  36.0 5587s
 834740 242017     cutoff   54      2026.72207 1944.80945  4.04%  36.0 5590s
 836899 242353 2017.77072   86  183 2026.72207 1944.89023  4.04%  36.0 5595s
 838240 242478 2021.03652   90   68 2026.72207 1944.94288  4.04%  35.9 5600s
 839639 242865     cutoff   82      2026.72207 1944.99983  4.03%  35.9 5606s
 840773 243093 infeasible   61      2026.72207 1945.04509  4.03%  35.9 5611s
 841766 243229 1986.42921   82  221 2026.72207 1945.08371  4.03%  35.9 5616s
 843127 243526 1993.84418   92   37 2026.72207 1945.13364  4.03%  35.9 5621s
 844190 243769 1952.85551   88  205 2026.72207 1945.16926  4.02%  35.9 5625s
 844846 244035 1992.43008   59  215 2026.72207 1945.19956  4.02%  35.9 5638s
 845549 244270 2012.79369   96   81 2026.72207 1945.22708  4.02%  35.9 5641s
 846896 244665 1949.24013   62   46 2026.72207 1945.27083  4.02%  35.9 5645s
 848692 245045     cutoff   83      2026.72207 1945.34409  4.02%  35.9 5650s
 849652 245261 infeasible   55      2026.72207 1945.37744  4.01%  35.9 5655s
 850196 245343 2021.40459   77  154 2026.72207 1945.37906  4.01%  35.9 5660s
 851210 245680 1991.30338   91  203 2026.72207 1945.42687  4.01%  35.9 5665s
 852004 245892 infeasible   51      2026.72207 1945.46676  4.01%  35.9 5670s
 853356 246160     cutoff   68      2026.72207 1945.52401  4.01%  35.9 5676s
 854335 246529 1994.80343   49   76 2026.72207 1945.56198  4.00%  35.9 5681s
 855301 246720     cutoff   59      2026.72207 1945.58683  4.00%  35.9 5693s
 855527 247056 1988.66308  101   97 2026.72207 1945.59595  4.00%  35.9 5697s
 857089 247178 2001.01442  103  214 2026.72207 1945.65619  4.00%  35.9 5701s
 858188 247334     cutoff   64      2026.72207 1945.69629  4.00%  35.9 5705s
 859066 247627 infeasible   66      2026.72207 1945.71253  4.00%  35.9 5711s
 859935 247862 2004.27437   70  205 2026.72207 1945.75447  4.00%  35.9 5715s
 861179 248008 infeasible   68      2026.72207 1945.80498  3.99%  35.9 5720s
 861927 248197 infeasible   91      2026.72207 1945.84514  3.99%  35.9 5726s
 863203 248443     cutoff  109      2026.72207 1945.90210  3.99%  35.9 5731s
 863889 248646 infeasible   56      2026.72207 1945.94956  3.99%  35.9 5735s
 864964 248905 2024.57847  122   27 2026.72207 1945.99787  3.98%  35.9 5740s
 865653 249086 infeasible  103      2026.72207 1946.05093  3.98%  35.9 5752s
 867181 249272 2010.45720   95   45 2026.72207 1946.10903  3.98%  35.9 5755s
 867999 249508 2007.67977   68  110 2026.72207 1946.15761  3.98%  35.9 5760s
 869275 249791 infeasible   75      2026.72207 1946.21453  3.97%  35.8 5766s
 869981 249868 infeasible  101      2026.72207 1946.23481  3.97%  35.9 5770s
 870991 250137     cutoff   50      2026.72207 1946.27091  3.97%  35.8 5775s
 871649 250286 1993.07122   60   22 2026.72207 1946.30555  3.97%  35.8 5781s
 872346 250595 2000.24237   91   46 2026.72207 1946.33098  3.97%  35.8 5785s
 873727 250790 2015.18401   67   96 2026.72207 1946.40165  3.96%  35.8 5790s
 875010 251021     cutoff   48      2026.72207 1946.46226  3.96%  35.8 5795s
 876082 251301 1994.09421   62   40 2026.72207 1946.50871  3.96%  35.8 5811s
 877073 251440 1990.88136   89  111 2026.72207 1946.54317  3.96%  35.8 5816s
 877214 251646 infeasible   96      2026.72207 1946.54665  3.96%  35.8 5820s
 878837 251822 1996.95300   54  182 2026.72207 1946.64831  3.95%  35.8 5825s
 880025 252094     cutoff  101      2026.72207 1946.71714  3.95%  35.8 5831s
 881509 252408 2024.14879   73   15 2026.72207 1946.80884  3.94%  35.8 5836s
 882961 252716 2002.11763   94   53 2026.72207 1946.86500  3.94%  35.8 5841s
 883663 252860 2005.96627   60  152 2026.72207 1946.89264  3.94%  35.8 5845s
 884949 253064 infeasible   93      2026.72207 1946.96384  3.94%  35.7 5850s
 886086 253277 1960.69447   82   29 2026.72207 1947.03622  3.93%  35.7 5855s
 886646 253320 1947.92283   79  172 2026.72207 1947.07339  3.93%  35.7 5865s
 888096 253520 infeasible  100      2026.72207 1947.15189  3.93%  35.7 5870s
 888717 253688 infeasible   57      2026.72207 1947.18405  3.92%  35.7 5875s
 889231 253701 2016.85036   96  222 2026.72207 1947.19646  3.92%  35.7 5880s
 890061 253880 1953.33201   68   33 2026.72207 1947.26414  3.92%  35.7 5886s
 890740 254042 1986.16759   62  186 2026.72207 1947.29391  3.92%  35.7 5891s
 891509 254188 1993.09214   86   48 2026.72207 1947.33762  3.92%  35.7 5895s
 893136 254413 1947.50361   81  164 2026.72207 1947.46493  3.91%  35.7 5901s
 894011 254554 1952.18286   60  225 2026.72207 1947.55227  3.91%  35.7 5905s
 895262 254789 2021.33842   69   63 2026.72207 1947.61302  3.90%  35.7 5910s
 896855 254995 infeasible   83      2026.72207 1947.72514  3.90%  35.7 5922s
 897191 255151 2001.08023   83  168 2026.72207 1947.73332  3.90%  35.7 5925s
 898902 255272 2023.93502   82  220 2026.72207 1947.84444  3.89%  35.6 5930s
 899929 255456     cutoff   63      2026.72207 1947.89555  3.89%  35.6 5935s
 900825 255598 2009.74697   76  174 2026.72207 1947.95750  3.89%  35.6 5940s
 902152 255765 1948.07199   74  130 2026.72207 1948.02544  3.88%  35.6 5945s
 902855 255821 1969.31868   74  201 2026.72207 1948.05701  3.88%  35.6 5950s
 904153 256087 infeasible   84      2026.72207 1948.12072  3.88%  35.6 5956s
 904938 256272 2022.15777  110  128 2026.72207 1948.15442  3.88%  35.6 5961s
 906028 256467 infeasible   83      2026.72207 1948.20481  3.87%  35.6 5966s
 906662 256528 infeasible   67      2026.72207 1948.25219  3.87%  35.6 5971s
 907191 256709 2011.71045   63   52 2026.72207 1948.28195  3.87%  35.6 5982s
 908123 256848 1973.29067   77  200 2026.72207 1948.32767  3.87%  35.6 5985s
 909621 257003 1998.82963   90   34 2026.72207 1948.40049  3.86%  35.6 5990s
 910386 257172 infeasible   45      2026.72207 1948.46335  3.86%  35.6 5995s
 911609 257350 2024.28335   87   32 2026.72207 1948.53298  3.86%  35.6 6000s
 912844 257456 2003.73631   69  180 2026.72207 1948.61053  3.85%  35.6 6005s
 913658 257586     cutoff   83      2026.72207 1948.65349  3.85%  35.6 6010s
 915244 257839 infeasible  104      2026.72207 1948.74450  3.85%  35.6 6016s
 915787 257978 1964.54299   86  173 2026.72207 1948.76789  3.85%  35.6 6020s
 916420 258172 1952.59640   91   61 2026.72207 1948.76789  3.85%  35.6 6025s
 917695 258257     cutoff  111      2026.72207 1948.85518  3.84%  35.6 6036s
 917788 258618 1951.06246   66  223 2026.72207 1948.85765  3.84%  35.6 6047s
 921256 258633 1995.86869   60   79 2026.72207 1948.96921  3.84%  35.6 6050s
 921942 258885 1950.80150   76  186 2026.72207 1948.99902  3.83%  35.6 6055s
 922703 258989 1982.57686   52   19 2026.72207 1949.03308  3.83%  35.6 6060s
 923652 259175 infeasible   47      2026.72207 1949.10156  3.83%  35.6 6065s
 924528 259396 2004.90307   73   62 2026.72207 1949.12413  3.83%  35.6 6070s
 924951 259462 2010.94401   77   39 2026.72207 1949.13532  3.83%  35.6 6075s
 925903 259620 1993.15774   87   71 2026.72207 1949.22081  3.82%  35.6 6080s
 926916 259793 2016.30076   59   47 2026.72207 1949.26994  3.82%  35.6 6085s
 928205 259931 1993.25968   64  147 2026.72207 1949.35803  3.82%  35.6 6101s
 928334 260472 1976.44582   70  164 2026.72207 1949.36728  3.82%  35.6 6109s
 930856 260472 infeasible  102      2026.72207 1949.47799  3.81%  35.5 6111s
 930981 260630 2012.78075   71  119 2026.72207 1949.48998  3.81%  35.5 6115s
 932445 260844 1981.87785   86   96 2026.72207 1949.56899  3.81%  35.5 6120s
 933681 261151 infeasible  100      2026.72207 1949.61935  3.80%  35.5 6126s
 935013 261318 1955.85060   40  113 2026.72207 1949.68066  3.80%  35.5 6131s
 936113 261459 1999.77118   60  142 2026.72207 1949.74400  3.80%  35.5 6136s
 937034 261690 infeasible   67      2026.72207 1949.77207  3.80%  35.5 6141s
 938145 261827 2009.42794   90   35 2026.72207 1949.82383  3.79%  35.5 6145s
 938863 261897 infeasible   70      2026.72207 1949.87123  3.79%  35.5 6159s
 938997 262129 2024.92762   64  218 2026.72207 1949.88510  3.79%  35.5 6167s
 941557 262138     cutoff   66      2026.72207 1949.98263  3.79%  35.5 6170s
 942637 262254 2015.86937   69   63 2026.72207 1950.04340  3.78%  35.5 6175s
 943506 262447 2010.28461   79  245 2026.72207 1950.07229  3.78%  35.5 6181s
 944721 262552     cutoff  120      2026.72207 1950.13922  3.78%  35.5 6185s
 945491 262768 1952.46940   63  271 2026.72207 1950.18522  3.78%  35.5 6190s
 947219 262908     cutoff   88      2026.72207 1950.27137  3.77%  35.5 6195s
 948532 263215 2013.90944   42  114 2026.72207 1950.33256  3.77%  35.5 6200s
 949138 263262 1982.31773   65  182 2026.72207 1950.37261  3.77%  35.5 6212s
 950018 263394 2013.60640   91   22 2026.72207 1950.41554  3.77%  35.5 6217s
 950236 263437 1981.99312   62   72 2026.72207 1950.43381  3.76%  35.5 6220s
 951908 263655 infeasible   74      2026.72207 1950.51484  3.76%  35.5 6226s
 952614 263781 infeasible   59      2026.72207 1950.54093  3.76%  35.5 6230s
 953586 263966 1991.26370   70  222 2026.72207 1950.60862  3.76%  35.5 6236s
 954444 264026     cutoff   99      2026.72207 1950.65195  3.75%  35.5 6240s
 955264 264024 infeasible   83      2026.72207 1950.67962  3.75%  35.5 6245s
 955957 264041 infeasible   71      2026.72207 1950.72649  3.75%  35.5 6251s
 956274 264074 infeasible   73      2026.72207 1950.76493  3.75%  35.5 6256s
 957356 264228 infeasible  104      2026.72207 1950.84405  3.74%  35.5 6260s
 958308 264501 1985.66778   68  140 2026.72207 1950.89245  3.74%  35.4 6265s
 959667 264711 2003.01077  108  159 2026.72207 1950.96716  3.74%  35.5 6281s
 960448 265006 1951.11413   73  127 2026.72207 1951.00600  3.74%  35.5 6285s
 961883 265130 infeasible   81      2026.72207 1951.09937  3.73%  35.5 6291s
 962805 265379 1975.83668  109  255 2026.72207 1951.14631  3.73%  35.4 6296s
 964193 265563 1980.02110   75  160 2026.72207 1951.23386  3.72%  35.4 6301s
 965295 265763 2023.98034  103  153 2026.72207 1951.30014  3.72%  35.4 6306s
 966609 265812     cutoff   63      2026.72207 1951.35843  3.72%  35.4 6310s
 967231 265994 2007.80976   81  122 2026.72207 1951.41268  3.72%  35.4 6315s
 968535 266185 2024.85221  102   45 2026.72207 1951.48713  3.71%  35.4 6320s
 970365 266477 1994.70666   76   43 2026.72207 1951.60884  3.71%  35.4 6335s
 971610 266508 2008.92697   74  116 2026.72207 1951.71035  3.70%  35.4 6341s
 972323 266642 infeasible   54      2026.72207 1951.74999  3.70%  35.4 6345s
 973209 266876     cutoff   90      2026.72207 1951.78433  3.70%  35.4 6350s
 974678 266956 2016.22516   74  148 2026.72207 1951.88806  3.69%  35.4 6355s
 975555 267216 2002.79915   76   55 2026.72207 1951.93705  3.69%  35.4 6360s
 977106 267300 1952.65284  103  155 2026.72207 1952.03860  3.68%  35.4 6366s
 978330 267438 1955.03169   66   93 2026.72207 1952.14533  3.68%  35.4 6372s
 979177 267545 infeasible   77      2026.72207 1952.20098  3.68%  35.4 6375s
 980096 267679 2021.47669   78   41 2026.72207 1952.25645  3.67%  35.4 6380s
 980681 267685 infeasible   63      2026.72207 1952.30036  3.67%  35.4 6390s
 981813 267809     cutoff   97      2026.72207 1952.42330  3.67%  35.4 6397s
 982818 267902     cutoff   96      2026.72207 1952.53003  3.66%  35.4 6401s
 984301 268160 infeasible   82      2026.72207 1952.64139  3.66%  35.4 6406s
 985325 268253 2019.29158   66   36 2026.72207 1952.67716  3.65%  35.4 6411s
 986118 268432 1963.70964   61   60 2026.72207 1952.73174  3.65%  35.4 6415s
 987899 268626     cutoff   99      2026.72207 1952.83954  3.65%  35.4 6420s
 988314 268713     cutoff   99      2026.72207 1952.84663  3.65%  35.4 6425s
 988651 268764 1953.84137   76  111 2026.72207 1952.87730  3.64%  35.4 6430s
 989506 268769 infeasible   78      2026.72207 1952.92180  3.64%  35.4 6435s
 990512 269085 1991.27457   86  160 2026.72207 1953.05008  3.64%  35.4 6440s
 991277 269139 2021.21024   80   53 2026.72207 1953.08408  3.63%  35.4 6452s
 992094 269242 2004.40163   75   19 2026.72207 1953.15028  3.63%  35.4 6456s
 992778 269409     cutoff   85      2026.72207 1953.18239  3.63%  35.4 6460s
 994381 269508 1990.21504   52   32 2026.72207 1953.30117  3.62%  35.4 6465s
 995634 269705 2014.84306   73  101 2026.72207 1953.37299  3.62%  35.4 6470s
 996661 269830 1953.60108  102   24 2026.72207 1953.42643  3.62%  35.4 6475s
 997886 269973 infeasible   69      2026.72207 1953.52320  3.61%  35.4 6481s
 999086 270078 2005.45260  104  110 2026.72207 1953.58699  3.61%  35.4 6486s
 1000203 270161 1965.81307   58   54 2026.72207 1953.65861  3.61%  35.4 6491s
 1001142 270303 1953.73635   92   20 2026.72207 1953.72579  3.60%  35.4 6495s
 1001992 270380     cutoff   46      2026.72207 1953.77524  3.60%  35.4 6507s
 1002159 270706 infeasible   67      2026.72207 1953.78558  3.60%  35.4 6513s
 1004009 270682 2021.05232   82   14 2026.72207 1953.90374  3.59%  35.4 6515s
 1004878 270922 2026.38213   95  187 2026.72207 1953.99460  3.59%  35.4 6520s
 1006146 271017 infeasible   41      2026.72207 1954.08324  3.58%  35.3 6525s
 1007087 271270     cutoff   58      2026.72207 1954.14557  3.58%  35.3 6532s
 1008024 271314 infeasible   86      2026.72207 1954.20484  3.58%  35.3 6535s
 1008914 271476 2013.13220   94   34 2026.72207 1954.26964  3.57%  35.3 6540s
 1010391 271626 2000.01161   99  158 2026.72207 1954.37498  3.57%  35.3 6545s
 1011510 271774 1980.82030   76  160 2026.72207 1954.44721  3.57%  35.3 6550s
 1012669 272025 2023.23796   77   47 2026.72207 1954.51195  3.56%  35.3 6564s
 1012912 272298 infeasible   56      2026.72207 1954.51765  3.56%  35.3 6569s
 1014371 272285 infeasible   90      2026.72207 1954.59397  3.56%  35.3 6570s
 1015296 272479 2004.46503   64  324 2026.72207 1954.67615  3.55%  35.3 6576s
 1016458 272491 2005.30129   87   30 2026.72207 1954.78845  3.55%  35.3 6580s
 1017381 272677 infeasible   52      2026.72207 1954.86349  3.55%  35.3 6585s
 1018771 272881 1987.73563   65   19 2026.72207 1954.92169  3.54%  35.3 6590s
 1019878 272989 infeasible   77      2026.72207 1954.99534  3.54%  35.3 6595s
 1020688 273155 infeasible   75      2026.72207 1955.05152  3.54%  35.3 6601s
 1022085 273347 1976.97679   97  157 2026.72207 1955.11437  3.53%  35.3 6606s
 1022893 273365 2001.32669   87  130 2026.72207 1955.19236  3.53%  35.3 6618s
 1023053 273552 infeasible   64      2026.72207 1955.20553  3.53%  35.3 6624s
 1024595 273562 2019.33049   73  140 2026.72207 1955.28617  3.52%  35.3 6627s
 1024710 273829 2021.69136   90  280 2026.72207 1955.29106  3.52%  35.3 6630s
 1025992 274017 1957.93572   53  251 2026.72207 1955.33945  3.52%  35.3 6635s
 1027475 274102     cutoff   69      2026.72207 1955.42573  3.52%  35.3 6640s
 1028289 274184 1997.50550   94   11 2026.72207 1955.48116  3.52%  35.3 6645s
 1029566 274315     cutoff   61      2026.72207 1955.56488  3.51%  35.2 6650s
 1030685 274624 1955.94723   91  190 2026.72207 1955.62912  3.51%  35.2 6655s
 1031907 274797 infeasible   80      2026.72207 1955.68768  3.50%  35.2 6660s
 1033085 274855 1956.41799   57  102 2026.72207 1955.75632  3.50%  35.2 6665s
 1033185 274937 1957.28978   65   79 2026.72207 1955.75632  3.50%  35.2 6676s
 1033738 275110 2025.88697   62   35 2026.72207 1955.78088  3.50%  35.2 6682s
 1035129 275251 1979.81168   90   57 2026.72207 1955.84868  3.50%  35.2 6686s
 1035887 275566 2007.08361   54  193 2026.72207 1955.87470  3.50%  35.2 6691s
 1037404 275862 1978.79683   76  168 2026.72207 1955.93897  3.49%  35.2 6696s
 1038565 276147 2009.41357   60  113 2026.72207 1955.98123  3.49%  35.2 6701s
 1039594 276344 1978.20752   89   18 2026.72207 1956.02637  3.49%  35.2 6705s
 1040492 276493     cutoff  105      2026.72207 1956.07769  3.49%  35.2 6710s
 1041740 276635 infeasible  103      2026.72207 1956.13851  3.48%  35.2 6715s
 1043172 276957 infeasible   39      2026.72207 1956.19447  3.48%  35.2 6721s
 1043738 277106 1956.24241   74   27 2026.72207 1956.23643  3.48%  35.2 6733s
 1044576 277166     cutoff  104      2026.72207 1956.26460  3.48%  35.2 6735s
 1045874 277362     cutoff   84      2026.72207 1956.33987  3.47%  35.2 6741s
 1046994 277442 1956.53491   89  236 2026.72207 1956.39724  3.47%  35.2 6745s
 1047601 277733 infeasible   67      2026.72207 1956.42303  3.47%  35.2 6750s
 1049372 277975     cutoff   82      2026.72207 1956.48150  3.47%  35.2 6755s
 1050552 278246     cutoff   81      2026.72207 1956.55082  3.46%  35.2 6761s
 1051547 278442 1967.61535   90  157 2026.72207 1956.60587  3.46%  35.1 6766s
 1052729 278620 1993.89889   86  177 2026.72207 1956.64859  3.46%  35.1 6770s
 1053813 278740 infeasible   87      2026.72207 1956.69653  3.46%  35.1 6775s
 1053939 278764 1989.36365   86  179 2026.72207 1956.69677  3.46%  35.1 6790s
 1054054 279232     cutoff   59      2026.72207 1956.70305  3.45%  35.1 6800s
 1057667 279323 2012.02363   60   60 2026.72207 1956.78731  3.45%  35.1 6805s
 1058585 279557 2025.25722  100  124 2026.72207 1956.81860  3.45%  35.1 6810s
 1060034 279767 1986.32693   67  142 2026.72207 1956.90879  3.44%  35.1 6816s
 1061070 279911 2012.94932   65   82 2026.72207 1956.94199  3.44%  35.1 6821s
 1062056 280101 1991.32249   85   82 2026.72207 1956.96464  3.44%  35.1 6826s
 1063180 280297 2011.44094   86   39 2026.72207 1957.01059  3.44%  35.1 6831s
 1064051 280434 infeasible   94      2026.72207 1957.07102  3.44%  35.1 6835s
 1064641 280461     cutoff   94      2026.72207 1957.09656  3.44%  35.1 6845s
 1064819 280727     cutoff  111      2026.72207 1957.10188  3.44%  35.1 6851s
 1066817 281007 2020.21830   82   86 2026.72207 1957.16168  3.43%  35.1 6855s
 1068357 281198 infeasible   58      2026.72207 1957.20725  3.43%  35.1 6860s
 1069348 281387 infeasible   61      2026.72207 1957.24306  3.43%  35.1 6865s
 1070473 281634 infeasible   72      2026.72207 1957.28276  3.43%  35.0 6870s
 1071493 281850 2021.72999   75   59 2026.72207 1957.31938  3.42%  35.0 6875s
 1072712 281969 1996.73645   92  169 2026.72207 1957.37665  3.42%  35.0 6880s
 1073448 282216     cutoff   85      2026.72207 1957.41044  3.42%  35.0 6885s
 1074732 282433     cutoff   67      2026.72207 1957.45117  3.42%  35.0 6890s
 1075269 282604 2018.40550   82   44 2026.72207 1957.46267  3.42%  35.0 6901s
 1075862 282662 1990.60748   76  127 2026.72207 1957.47971  3.42%  35.0 6905s
 1077236 282808     cutoff   60      2026.72207 1957.53698  3.41%  35.0 6910s
 1078593 283007 2012.42511   91  174 2026.72207 1957.59640  3.41%  35.0 6915s
 1079475 283313 1999.65740   87   83 2026.72207 1957.62998  3.41%  35.0 6920s
 1081061 283384 infeasible   96      2026.72207 1957.70789  3.41%  35.0 6926s
 1081764 283487     cutoff   75      2026.72207 1957.73016  3.40%  35.0 6930s
 1083171 283711 1958.54736   95   68 2026.72207 1957.80035  3.40%  35.0 6935s
 1085082 283912 1997.71738  104  134 2026.72207 1957.86542  3.40%  35.0 6940s
 1085767 284074 2023.49795   78   31 2026.72207 1957.88929  3.40%  35.0 6952s
 1086049 284253 2026.34396   72  149 2026.72207 1957.90778  3.40%  35.0 6956s
 1087877 284388 2013.07767   76   10 2026.72207 1957.96869  3.39%  35.0 6960s
 1088629 284541 2007.27771   76   84 2026.72207 1957.99079  3.39%  35.0 6965s
 1088705 284547 1990.15381   99  135 2026.72207 1957.99270  3.39%  35.0 6970s
 1089313 284698 2022.83381   68   98 2026.72207 1958.01233  3.39%  35.0 6976s
 1090691 284880 1994.36009   88  182 2026.72207 1958.06802  3.39%  35.0 6981s
 1091515 285046     cutoff   60      2026.72207 1958.10208  3.39%  35.0 6985s
 1092882 285102 infeasible   70      2026.72207 1958.18120  3.38%  35.0 6990s
 1093572 285174 1959.65092   64  214 2026.72207 1958.21589  3.38%  35.0 6995s
 1094300 285373 1963.90571   78   99 2026.72207 1958.24441  3.38%  35.0 7000s
 1096152 285744 infeasible   97      2026.72207 1958.30880  3.38%  35.0 7015s
 1097514 285801 2006.83143   52   98 2026.72207 1958.36158  3.37%  35.0 7021s
 1098518 285905 infeasible   94      2026.72207 1958.39509  3.37%  34.9 7025s
 1099629 286094 2026.22459   84   37 2026.72207 1958.44569  3.37%  34.9 7030s
 1100634 286378 1982.63849   79   66 2026.72207 1958.48051  3.37%  34.9 7035s
 1101981 286563 1958.68798   90  150 2026.72207 1958.50753  3.37%  34.9 7040s
 1102928 286713 1984.85197   72  186 2026.72207 1958.53914  3.36%  34.9 7045s
 1104167 286834 1993.95509   82  156 2026.72207 1958.58870  3.36%  34.9 7050s
 1105624 287150 1993.29245   86  122 2026.72207 1958.62158  3.36%  34.9 7055s
 1106830 287401 1995.06622   86   31 2026.72207 1958.68878  3.36%  34.9 7071s
 1108341 287604 1994.57032   44   13 2026.72207 1958.73753  3.35%  34.9 7076s
 1109441 287822 1993.45127   80  125 2026.72207 1958.78509  3.35%  34.9 7081s
 1110632 287906 infeasible   61      2026.72207 1958.82536  3.35%  34.9 7085s
 1111802 288067 2012.12848   73  161 2026.72207 1958.86719  3.35%  34.9 7090s
 1113007 288298 infeasible   48      2026.72207 1958.91765  3.35%  34.9 7095s
 1114050 288460 infeasible   76      2026.72207 1958.95140  3.34%  34.9 7100s
 1115710 288651 infeasible   74      2026.72207 1959.00532  3.34%  34.9 7105s
 1116569 288734 infeasible   57      2026.72207 1959.04017  3.34%  34.9 7110s
 1117508 288854 infeasible   69      2026.72207 1959.08248  3.34%  34.9 7123s
 1117724 289092 infeasible   96      2026.72207 1959.09428  3.34%  34.9 7127s
 1118872 289116 infeasible   97      2026.72207 1959.10973  3.34%  34.8 7130s
 1119870 289376     cutoff   70      2026.72207 1959.17009  3.33%  34.8 7137s
 1120740 289536 1992.72995   89   50 2026.72207 1959.20713  3.33%  34.8 7142s
 1121551 289602 2026.22408   65   46 2026.72207 1959.22760  3.33%  34.8 7146s
 1122749 289761 infeasible   53      2026.72207 1959.27992  3.33%  34.8 7152s
 1123436 289870     cutoff   66      2026.72207 1959.31281  3.33%  34.8 7155s
 1124885 289969     cutoff   61      2026.72207 1959.36391  3.32%  34.8 7160s
 1126286 290207 1965.73791   90  190 2026.72207 1959.41094  3.32%  34.8 7167s
 1126920 290308 infeasible   50      2026.72207 1959.43401  3.32%  34.8 7170s
 1128283 290417 1995.66350   89  203 2026.72207 1959.47601  3.32%  34.8 7185s
 1129362 290534     cutoff   98      2026.72207 1959.51769  3.32%  34.8 7190s
 1129669 290579 2012.90741   79   23 2026.72207 1959.53646  3.31%  34.8 7195s
 1129685 290582 1989.02212   81   85 2026.72207 1959.53646  3.31%  34.8 7201s
 1129811 290615 1995.56797   83  203 2026.72207 1959.54365  3.31%  34.8 7205s
 1131078 290835 2024.50647   92   77 2026.72207 1959.59756  3.31%  34.8 7210s
 1132048 291096 1994.44359  122   32 2026.72207 1959.62873  3.31%  34.8 7215s
 1133370 291285 1970.88941   42  107 2026.72207 1959.67204  3.31%  34.8 7221s
 1134206 291422     cutoff   73      2026.72207 1959.69985  3.31%  34.8 7225s
 1135204 291677 2006.47541   71  150 2026.72207 1959.73766  3.31%  34.8 7231s
 1136013 291795 1960.66333   47   88 2026.72207 1959.76635  3.30%  34.8 7235s
 1137347 291919     cutoff   97      2026.72207 1959.81543  3.30%  34.8 7240s
 1138351 292120 1966.86837   83   57 2026.72207 1959.84770  3.30%  34.8 7246s
 1139035 292159 infeasible   80      2026.72207 1959.86823  3.30%  34.7 7256s
 1139219 292406 infeasible   97      2026.72207 1959.87169  3.30%  34.8 7260s
 1141202 292580 1973.74166   60  188 2026.72207 1959.94181  3.29%  34.7 7265s
 1142493 292687 infeasible   89      2026.72207 1959.98648  3.29%  34.7 7272s
 1143131 292841 1961.47063   96  135 2026.72207 1960.00035  3.29%  34.7 7275s
 1144330 293106 2006.22220   76  151 2026.72207 1960.04523  3.29%  34.7 7280s
 1145294 293355 1960.08113   53   31 2026.72207 1960.08104  3.29%  34.7 7286s
 1145965 293456 1991.18278   43  100 2026.72207 1960.08865  3.29%  34.7 7290s
 1147236 293650     cutoff   81      2026.72207 1960.13352  3.29%  34.7 7295s
 1148534 293934 2017.89571   98  179 2026.72207 1960.16685  3.28%  34.7 7300s
 1149147 294088 1961.05504   85   66 2026.72207 1960.18065  3.28%  34.7 7305s
 1149671 294137 1960.99803   57   64 2026.72207 1960.20159  3.28%  34.7 7316s
 1150927 294327 2002.54208   87   29 2026.72207 1960.23603  3.28%  34.7 7322s
 1151828 294525     cutoff  101      2026.72207 1960.27793  3.28%  34.7 7325s
 1152702 294735 2025.12142   76   57 2026.72207 1960.30171  3.28%  34.7 7331s
 1153641 294878 infeasible   98      2026.72207 1960.32086  3.28%  34.7 7335s
 1154289 295030     cutoff   69      2026.72207 1960.33620  3.28%  34.7 7340s
 1155237 295252 1981.47544   77  191 2026.72207 1960.35777  3.27%  34.7 7346s
 1156474 295480 1973.29545   45  111 2026.72207 1960.38640  3.27%  34.7 7350s
 1157792 295811 1976.49713   79  186 2026.72207 1960.41295  3.27%  34.7 7355s
 1159088 296005 1960.45331   76  149 2026.72207 1960.44847  3.27%  34.7 7360s
 1159975 296256 1960.56176   70  191 2026.72207 1960.47695  3.27%  34.7 7374s
 1160742 296269 infeasible  105      2026.72207 1960.50084  3.27%  34.7 7377s
 1161353 296423     cutoff   52      2026.72207 1960.52394  3.27%  34.6 7381s
 1162383 296579 infeasible   54      2026.72207 1960.55556  3.26%  34.6 7385s
 1163166 296729 infeasible   90      2026.72207 1960.57326  3.26%  34.6 7390s
 1164687 296975 infeasible   73      2026.72207 1960.61746  3.26%  34.6 7396s
 1165281 297169 2006.84814   83  222 2026.72207 1960.63776  3.26%  34.6 7400s
 1166428 297406 infeasible   62      2026.72207 1960.66721  3.26%  34.6 7405s
 1167651 297545 infeasible   54      2026.72207 1960.69865  3.26%  34.6 7410s
 1168873 297635 2023.09673   72  146 2026.72207 1960.73366  3.26%  34.6 7415s
 1169697 297858 1970.90717   93   25 2026.72207 1960.76413  3.25%  34.6 7420s
 1170271 298059 infeasible   87      2026.72207 1960.77838  3.25%  34.6 7431s
 1171592 298194 1996.55808   54  173 2026.72207 1960.81018  3.25%  34.6 7436s
 1172649 298422     cutoff   76      2026.72207 1960.83658  3.25%  34.6 7441s
 1173648 298546 2002.93932   76   41 2026.72207 1960.85980  3.25%  34.6 7445s
 1174577 298766 1963.19148   88   87 2026.72207 1960.88447  3.25%  34.6 7450s
 1176257 298954 infeasible   64      2026.72207 1960.92914  3.25%  34.6 7456s
 1176870 299271 1981.75709   61  112 2026.72207 1960.94503  3.25%  34.6 7460s
 1178162 299514 2006.87950   91   41 2026.72207 1960.97594  3.24%  34.6 7465s
 1179308 299707 2005.14967   88   15 2026.72207 1961.00356  3.24%  34.6 7471s
 1180455 299738 1999.79533   70   43 2026.72207 1961.04133  3.24%  34.6 7476s
 1180602 299790 1963.30674   89  161 2026.72207 1961.05016  3.24%  34.6 7487s
 1181465 299905 2010.09717  100   45 2026.72207 1961.07946  3.24%  34.6 7490s
 1182554 300025 2020.06634   71   51 2026.72207 1961.11350  3.24%  34.6 7495s
 1183044 300220 2017.55504   88   76 2026.72207 1961.13643  3.24%  34.6 7500s
 1184568 300361     cutoff   54      2026.72207 1961.18257  3.23%  34.6 7505s
 1185958 300432 infeasible   76      2026.72207 1961.23791  3.23%  34.6 7511s
 1186771 300755 2014.31515   80  146 2026.72207 1961.25787  3.23%  34.6 7516s
 1187439 300914     cutoff   81      2026.72207 1961.26715  3.23%  34.6 7520s
 1188825 301093     cutoff   94      2026.72207 1961.30429  3.23%  34.6 7525s
 1190232 301322     cutoff   94      2026.72207 1961.33788  3.23%  34.5 7531s
 1190866 301501 2011.36722   66  148 2026.72207 1961.35743  3.23%  34.5 7543s
 1191730 301524 1983.14647   57  121 2026.72207 1961.38586  3.22%  34.5 7546s
 1192788 301744     cutoff   83      2026.72207 1961.42143  3.22%  34.5 7550s
 1193880 301800 1984.34312   99   32 2026.72207 1961.45064  3.22%  34.5 7555s
 1195154 302007 2009.63366   88   15 2026.72207 1961.47632  3.22%  34.5 7560s
 1196357 302129     cutoff  113      2026.72207 1961.51049  3.22%  34.5 7565s
 1197063 302182     cutoff   88      2026.72207 1961.53592  3.22%  34.5 7571s
 1198225 302433 2001.21050   85   39 2026.72207 1961.56788  3.21%  34.5 7575s
 1199385 302701 infeasible   60      2026.72207 1961.59318  3.21%  34.5 7580s
 1200506 302752 infeasible  111      2026.72207 1961.62804  3.21%  34.5 7585s
 1201352 302908 1993.64986   66   40 2026.72207 1961.64929  3.21%  34.5 7599s
 1201462 303266 infeasible   75      2026.72207 1961.65427  3.21%  34.5 7608s
 1204375 303285     cutoff   83      2026.72207 1961.71013  3.21%  34.5 7611s
 1205020 303662     cutoff   92      2026.72207 1961.72464  3.21%  34.5 7615s
 1206158 303908 2024.98545   92   58 2026.72207 1961.74328  3.21%  34.5 7620s
 1207812 304221 infeasible   70      2026.72207 1961.78119  3.20%  34.5 7626s
 1208729 304350 2012.62389   71   71 2026.72207 1961.80561  3.20%  34.5 7631s
 1209650 304484 infeasible   90      2026.72207 1961.82000  3.20%  34.5 7635s
 1210765 304699 infeasible   88      2026.72207 1961.86878  3.20%  34.5 7640s
 1211569 304990     cutoff   93      2026.72207 1961.88776  3.20%  34.5 7652s
 1211844 305217     cutoff   59      2026.72207 1961.89180  3.20%  34.5 7656s
 1213131 305234 2011.34627   64   21 2026.72207 1961.91677  3.20%  34.5 7660s
 1214411 305473 1967.92796  102  157 2026.72207 1961.96863  3.19%  34.4 7665s
 1215509 305597 2009.14041   90  124 2026.72207 1961.99933  3.19%  34.4 7670s
 1216741 305817 infeasible   78      2026.72207 1962.03676  3.19%  34.4 7676s
 1217581 306078 1962.58268  105  167 2026.72207 1962.05773  3.19%  34.4 7681s
 1218789 306249 1976.42379  103  137 2026.72207 1962.09121  3.19%  34.4 7686s
 1219429 306382 2010.17207   85   55 2026.72207 1962.10962  3.19%  34.4 7690s
 1220878 306528 2022.50240   86  128 2026.72207 1962.14788  3.19%  34.4 7696s
 1221705 306632 2017.43526   95  193 2026.72207 1962.19309  3.18%  34.4 7701s
 1221979 306654 infeasible   80      2026.72207 1962.19753  3.18%  34.4 7711s
 1222587 306894 1986.62013   61  226 2026.72207 1962.21335  3.18%  34.4 7716s
 1224435 306989 infeasible   63      2026.72207 1962.27699  3.18%  34.4 7720s
 1225311 307220 infeasible   80      2026.72207 1962.32082  3.18%  34.4 7725s
 1226532 307561 2004.12088  107   25 2026.72207 1962.34493  3.18%  34.4 7730s
 1227793 307769 2004.93664   88   43 2026.72207 1962.37435  3.17%  34.4 7735s
 1229721 308094 2011.94798   81  130 2026.72207 1962.42607  3.17%  34.4 7741s
 1230962 308345 1962.76876   90  177 2026.72207 1962.45974  3.17%  34.4 7745s
 1232222 308596     cutoff   86      2026.72207 1962.48496  3.17%  34.4 7760s
 1233665 308824 2018.86635   60  237 2026.72207 1962.52578  3.17%  34.4 7767s
 1234471 309066 infeasible   60      2026.72207 1962.53960  3.17%  34.4 7770s
 1235631 309196 1986.32484   83  150 2026.72207 1962.57488  3.17%  34.4 7775s
 1236854 309491 1985.53125   75  157 2026.72207 1962.59755  3.16%  34.4 7781s
 1237977 309584     cutoff   91      2026.72207 1962.62766  3.16%  34.3 7785s
 1238868 309840 2016.57551   94  176 2026.72207 1962.65558  3.16%  34.3 7791s
 1239799 309902 1972.14593   92   28 2026.72207 1962.67792  3.16%  34.3 7795s
 1241015 310104 infeasible   81      2026.72207 1962.72562  3.16%  34.3 7801s
 1241730 310224 infeasible   75      2026.72207 1962.74887  3.16%  34.3 7805s
 1242647 310369 infeasible   62      2026.72207 1962.78263  3.15%  34.3 7820s
 1244230 310590 infeasible   46      2026.72207 1962.84571  3.15%  34.3 7825s
 1245118 310871 2003.58565   83  159 2026.72207 1962.87856  3.15%  34.3 7831s
 1246367 311035 2003.38115   93  194 2026.72207 1962.92208  3.15%  34.3 7836s
 1247202 311113 1991.49674   66  218 2026.72207 1962.93315  3.15%  34.3 7840s
 1247800 311115 2002.21165   62   63 2026.72207 1962.95759  3.15%  34.3 7845s
 1249310 311411 1995.11481   86  201 2026.72207 1963.01591  3.14%  34.3 7851s
 1250086 311586 2004.06472   88   76 2026.72207 1963.05147  3.14%  34.3 7855s
 1251469 311763 infeasible   94      2026.72207 1963.08144  3.14%  34.3 7860s
 1252636 312059 1964.83415   79  231 2026.72207 1963.11602  3.14%  34.3 7865s
 1253327 312237 1964.87060   80   36 2026.72207 1963.13658  3.14%  34.3 7879s
 1253941 312250 1984.62058   74  181 2026.72207 1963.14387  3.14%  34.3 7881s
 1254725 312449 1976.13756   93   34 2026.72207 1963.18446  3.13%  34.3 7886s
 1255044 312564 1981.16484   76   23 2026.72207 1963.19380  3.13%  34.3 7892s
 1256229 312701 2023.95052   74  150 2026.72207 1963.23487  3.13%  34.3 7895s
 1257275 312986 2006.58033  102  158 2026.72207 1963.25944  3.13%  34.3 7901s
 1258261 313136 infeasible   85      2026.72207 1963.29954  3.13%  34.3 7905s
 1259758 313395 1982.21555   75  191 2026.72207 1963.36616  3.13%  34.3 7911s
 1260916 313599 1963.59536   74  180 2026.72207 1963.40816  3.12%  34.3 7916s
 1261691 313875 1999.17785   81   94 2026.72207 1963.42784  3.12%  34.2 7920s
 1263210 313941     cutoff  109      2026.72207 1963.47238  3.12%  34.2 7926s
 1263910 314022 infeasible   87      2026.72207 1963.50190  3.12%  34.2 7938s
 1264248 314039 2021.72248   87  153 2026.72207 1963.51397  3.12%  34.2 7941s
 1265526 314265     cutoff   77      2026.72207 1963.55919  3.12%  34.2 7946s
 1266363 314503 infeasible   89      2026.72207 1963.57384  3.12%  34.2 7951s
 1267083 314668 1978.95606   61  110 2026.72207 1963.59654  3.11%  34.2 7955s
 1268451 314886 1972.53919   77  178 2026.72207 1963.64823  3.11%  34.2 7961s
 1269198 315048 1986.33840   85  225 2026.72207 1963.65947  3.11%  34.2 7965s
 1270605 315310 infeasible   71      2026.72207 1963.70227  3.11%  34.2 7970s
 1272160 315470 1989.35004   67  153 2026.72207 1963.75541  3.11%  34.2 7975s
 1273356 315679 2005.07454   87  168 2026.72207 1963.80244  3.10%  34.2 7981s
 1274138 315876     cutoff   84      2026.72207 1963.82306  3.10%  34.2 7995s
 1275634 316062 infeasible   69      2026.72207 1963.87360  3.10%  34.2 8000s
 1276447 316131 1965.87647   72  162 2026.72207 1963.90099  3.10%  34.2 8005s
 1277820 316398 2007.84268   93  151 2026.72207 1963.93666  3.10%  34.2 8010s
 1279010 316570 1965.50005   79  161 2026.72207 1963.97485  3.10%  34.2 8015s
 1279812 316726 2022.70671   80   14 2026.72207 1963.99790  3.09%  34.2 8020s
 1280940 316908     cutoff  103      2026.72207 1964.03343  3.09%  34.2 8026s
 1281468 316986 infeasible   80      2026.72207 1964.04042  3.09%  34.2 8030s
 1282688 317214 2006.75929   69   91 2026.72207 1964.07657  3.09%  34.2 8035s
 1284015 317346 2007.75450   87  143 2026.72207 1964.11385  3.09%  34.2 8040s
 1284586 317435 1970.21335   58   95 2026.72207 1964.14002  3.09%  34.2 8050s
 1285943 317545 2019.31835  100  137 2026.72207 1964.17518  3.09%  34.1 8056s
 1286722 317694 1984.25593   59  210 2026.72207 1964.21710  3.08%  34.1 8060s
 1287758 317934 1996.44868   72   13 2026.72207 1964.23853  3.08%  34.1 8065s
 1289139 318051 infeasible  115      2026.72207 1964.28387  3.08%  34.1 8071s
 1289940 318262 2007.67548   60   30 2026.72207 1964.31272  3.08%  34.1 8076s
 1291285 318401 infeasible   60      2026.72207 1964.35301  3.08%  34.1 8080s
 1292242 318608 1964.92025   49  244 2026.72207 1964.38621  3.08%  34.1 8085s
 1293444 318700     cutoff   66      2026.72207 1964.44486  3.07%  34.1 8090s
 1294632 318784 infeasible   95      2026.72207 1964.48262  3.07%  34.1 8095s
 1294820 318902 2019.19615  101   93 2026.72207 1964.48918  3.07%  34.1 8106s
 1296185 319106 2010.46669  133   76 2026.72207 1964.53476  3.07%  34.1 8110s
 1297847 319396     cutoff   88      2026.72207 1964.57949  3.07%  34.1 8116s
 1298814 319538 2021.85577   88   37 2026.72207 1964.61548  3.06%  34.1 8121s
 1299568 319656 1977.35135   79  154 2026.72207 1964.65610  3.06%  34.1 8125s
 1300669 319809 infeasible   78      2026.72207 1964.68360  3.06%  34.1 8130s
 1302039 319935 1986.35265  106   43 2026.72207 1964.73915  3.06%  34.1 8135s
 1302853 320094 2026.53904   70   13 2026.72207 1964.75570  3.06%  34.1 8140s
 1303866 320205 1990.27670   65   72 2026.72207 1964.77771  3.06%  34.1 8145s
 1304951 320349     cutoff   87      2026.72207 1964.81090  3.05%  34.0 8151s
 1305467 320365 2025.61724   68  101 2026.72207 1964.82530  3.05%  34.0 8162s
 1305558 321033 1965.61464   78  169 2026.72207 1964.83474  3.05%  34.0 8175s
 1309320 321043     cutoff  101      2026.72207 1964.89070  3.05%  34.0 8180s
 1309974 321222     cutoff   87      2026.72207 1964.90628  3.05%  34.0 8185s
 1310476 321213 2024.02522   91  137 2026.72207 1964.91907  3.05%  34.0 8190s
 1310598 321285 infeasible   94      2026.72207 1964.91907  3.05%  34.0 8195s
 1311623 321337 1995.44495   47   23 2026.72207 1964.95269  3.05%  34.0 8200s
 1312447 321605 2026.05700   80   81 2026.72207 1964.97654  3.05%  34.0 8205s
 1313580 321680     cutoff   89      2026.72207 1965.00265  3.05%  34.0 8211s
 1313629 321689 1967.85762   94  158 2026.72207 1965.00265  3.05%  34.0 8216s
 1314358 321811     cutoff   75      2026.72207 1965.00821  3.05%  34.0 8221s
 1315279 321950 1972.02043  100  111 2026.72207 1965.03420  3.04%  34.0 8225s
 1316096 322111 2016.25913   93  120 2026.72207 1965.06236  3.04%  34.0 8239s
 1316236 322600 1988.91706   68  163 2026.72207 1965.06297  3.04%  34.0 8247s
 1318851 322611 infeasible   87      2026.72207 1965.11655  3.04%  34.0 8250s
 1320059 322888 2013.51594   73  407 2026.72207 1965.14427  3.04%  34.0 8256s
 1320696 322964 1989.16294   59  117 2026.72207 1965.15828  3.04%  34.0 8260s
 1321337 323080 1988.12424   92   80 2026.72207 1965.17888  3.04%  34.0 8265s
 1322376 323243 2013.37372   77   93 2026.72207 1965.22060  3.03%  34.0 8270s
 1323475 323391     cutoff   96      2026.72207 1965.24630  3.03%  34.0 8275s
 1324400 323581 2020.38845   89  221 2026.72207 1965.26976  3.03%  34.0 8280s
 1325870 323792 1977.34363   78  162 2026.72207 1965.32090  3.03%  33.9 8285s
 1326579 323890     cutoff  109      2026.72207 1965.33778  3.03%  33.9 8299s
 1326859 324005 1979.26999   73  154 2026.72207 1965.35253  3.03%  33.9 8303s
 1327786 324025 infeasible   63      2026.72207 1965.37439  3.03%  33.9 8305s
 1329385 324183 2025.76453   67  149 2026.72207 1965.41946  3.02%  33.9 8311s
 1330143 324315 1998.35119   85   13 2026.72207 1965.43690  3.02%  33.9 8315s
 1331116 324631     cutoff   87      2026.72207 1965.46553  3.02%  33.9 8320s
 1332342 324809 2024.30515   60   14 2026.72207 1965.48090  3.02%  33.9 8326s
 1333024 324875     cutoff   69      2026.72207 1965.49545  3.02%  33.9 8330s
 1334197 325030 infeasible   67      2026.72207 1965.53849  3.02%  33.9 8335s
 1335387 325187 2014.63981   86   49 2026.72207 1965.56904  3.02%  33.9 8340s
 1336335 325373 infeasible   55      2026.72207 1965.58904  3.02%  33.9 8345s
 1336933 325380 infeasible   80      2026.72207 1965.60092  3.02%  33.9 8356s
 1337087 325812 1983.33488   72  128 2026.72207 1965.60220  3.02%  33.9 8364s
 1339384 325811 2020.00114  105  144 2026.72207 1965.65461  3.01%  33.9 8365s
 1340104 325950 infeasible   76      2026.72207 1965.67220  3.01%  33.9 8371s
 1341244 326237 1967.65351   60   75 2026.72207 1965.69719  3.01%  33.9 8376s
 1342389 326397 1966.45563   69   92 2026.72207 1965.72403  3.01%  33.9 8381s
 1343563 326528     cutoff  101      2026.72207 1965.75952  3.01%  33.9 8386s
 1344109 326644 1966.29653   91   58 2026.72207 1965.77353  3.01%  33.8 8390s
 1345432 326871 2007.74326   97  204 2026.72207 1965.81625  3.01%  33.8 8396s
 1346518 326994 2025.23586   74   17 2026.72207 1965.82835  3.00%  33.8 8401s
 1347535 327075 infeasible   73      2026.72207 1965.87418  3.00%  33.8 8416s
 1347669 327640 infeasible   92      2026.72207 1965.87580  3.00%  33.8 8424s
 1350368 327657     cutoff   64      2026.72207 1965.91565  3.00%  33.8 8425s
 1351093 327793 2002.22782   74   37 2026.72207 1965.93599  3.00%  33.8 8431s
 1352219 328001 1989.28501   74   45 2026.72207 1965.96528  3.00%  33.8 8436s
 1352973 328079 2023.40624   66   46 2026.72207 1965.98564  3.00%  33.8 8440s
 1354209 328278     cutoff   85      2026.72207 1966.02024  3.00%  33.8 8445s
 1355365 328369 1996.80622  128  333 2026.72207 1966.04874  2.99%  33.8 8450s
 1356475 328579 1979.90507   71   84 2026.72207 1966.08148  2.99%  33.8 8455s
 1357290 328775 1972.12836   90   52 2026.72207 1966.10261  2.99%  33.8 8461s
 1357861 328767     cutoff   91      2026.72207 1966.11980  2.99%  33.8 8472s
 1357953 329014 infeasible   76      2026.72207 1966.12644  2.99%  33.8 8483s
 1360999 329005     cutoff  120      2026.72207 1966.17440  2.99%  33.8 8485s
 1361501 329225 1984.16535   80   23 2026.72207 1966.18235  2.99%  33.8 8491s
 1362104 329342     cutoff   77      2026.72207 1966.19573  2.99%  33.8 8495s
 1363393 329380 infeasible   97      2026.72207 1966.23320  2.98%  33.8 8500s
 1364484 329529 2002.38191   72   25 2026.72207 1966.26987  2.98%  33.8 8505s
 1365168 329586 1991.47559   71   74 2026.72207 1966.28977  2.98%  33.8 8510s
 1366596 329685     cutoff   74      2026.72207 1966.32153  2.98%  33.8 8515s
 1367660 329849 1968.29798   83   47 2026.72207 1966.35300  2.98%  33.8 8521s
 1368227 329905 infeasible   85      2026.72207 1966.37922  2.98%  33.8 8531s
 1369470 330015 2015.20356   84  117 2026.72207 1966.40302  2.98%  33.8 8535s
 1370277 330112 2007.78068   95  203 2026.72207 1966.42322  2.98%  33.7 8540s
 1371096 330244     cutoff  103      2026.72207 1966.46403  2.97%  33.7 8545s
 1372384 330389     cutoff   69      2026.72207 1966.48850  2.97%  33.7 8550s
 1373230 330640 1966.62161   82   51 2026.72207 1966.50277  2.97%  33.7 8556s
 1374577 330843 2007.52734   95  139 2026.72207 1966.53616  2.97%  33.7 8560s
 1375604 331087 infeasible   88      2026.72207 1966.55818  2.97%  33.7 8566s
 1376905 331282 1976.25166   83   11 2026.72207 1966.58595  2.97%  33.7 8570s
 1377773 331389 1983.42067  108  163 2026.72207 1966.60978  2.97%  33.7 8575s
 1378559 331467 1988.20355   95  148 2026.72207 1966.63798  2.96%  33.7 8587s
 1378658 331788 2025.85929   74   39 2026.72207 1966.64019  2.96%  33.7 8596s
 1380960 331946 2016.29997   74  248 2026.72207 1966.70172  2.96%  33.7 8601s
 1382336 332122 2007.55634   90   44 2026.72207 1966.72767  2.96%  33.7 8605s
 1383805 332287 1974.67399  103   60 2026.72207 1966.76360  2.96%  33.7 8611s
 1384640 332501 2020.00231   86  159 2026.72207 1966.78476  2.96%  33.7 8615s
 1385228 332636 1999.64635   91  148 2026.72207 1966.80291  2.96%  33.7 8620s
 1386227 332841 1967.99647   90   13 2026.72207 1966.81888  2.96%  33.7 8626s
 1387537 332985 infeasible   74      2026.72207 1966.84374  2.95%  33.7 8631s
 1388380 333118 1997.38922   70   99 2026.72207 1966.86244  2.95%  33.7 8635s
 1388958 333146 1990.10873   71  190 2026.72207 1966.88497  2.95%  33.7 8646s
 1389173 333368 2008.12269   74  155 2026.72207 1966.89389  2.95%  33.7 8650s
 1391241 333530 infeasible   89      2026.72207 1966.93642  2.95%  33.7 8656s
 1392140 333693 2024.17349   92  188 2026.72207 1966.96449  2.95%  33.7 8661s
 1393499 333785     cutoff   85      2026.72207 1966.98919  2.95%  33.7 8665s
 1394412 333897     cutoff   71      2026.72207 1967.02223  2.95%  33.7 8670s
 1395737 334028 2022.65035  102   83 2026.72207 1967.05986  2.94%  33.6 8676s
 1396927 334032 infeasible  104      2026.72207 1967.09756  2.94%  33.6 8681s
 1397706 334175 infeasible   65      2026.72207 1967.12911  2.94%  33.6 8685s
 1398692 334373 2001.43182   87   21 2026.72207 1967.15632  2.94%  33.6 8690s
 1399344 334512 2002.83337  110  167 2026.72207 1967.16981  2.94%  33.6 8703s
 1400173 334601 2025.57311  102  148 2026.72207 1967.18979  2.94%  33.6 8706s
 1401244 334772 2013.29699   88  109 2026.72207 1967.21704  2.94%  33.6 8711s
 1402368 334928 2018.50884   62  227 2026.72207 1967.24474  2.93%  33.6 8716s
 1402987 334973 2000.92477   52   12 2026.72207 1967.25816  2.93%  33.6 8720s
 1403814 335024 1980.77538   74   86 2026.72207 1967.27770  2.93%  33.6 8725s
 1404820 335158 1969.39375   51   20 2026.72207 1967.30659  2.93%  33.6 8731s
 1405940 335229 2002.20470  115   19 2026.72207 1967.33787  2.93%  33.6 8735s
 1406653 335467 2026.27076  103   74 2026.72207 1967.35568  2.93%  33.6 8740s
 1408014 335611 infeasible   64      2026.72207 1967.39814  2.93%  33.6 8746s
 1409391 335776 2003.59355   76   35 2026.72207 1967.43268  2.93%  33.6 8751s
 1410012 335902     cutoff  112      2026.72207 1967.43951  2.93%  33.6 8764s
 1410153 336199 infeasible   92      2026.72207 1967.44456  2.92%  33.6 8771s
 1411951 336205 infeasible   52      2026.72207 1967.47516  2.92%  33.6 8775s
 1413003 336343 1992.99790   83  152 2026.72207 1967.50895  2.92%  33.6 8781s
 1413350 336337 1995.44970   85   94 2026.72207 1967.51728  2.92%  33.6 8785s
 1413551 336361 1995.55079   86   94 2026.72207 1967.51960  2.92%  33.6 8790s
 1414030 336458 1969.63719   55  128 2026.72207 1967.54015  2.92%  33.6 8795s
 1414973 336598 infeasible  101      2026.72207 1967.55840  2.92%  33.6 8800s
 1416145 336790 1994.01472   79  136 2026.72207 1967.59672  2.92%  33.6 8806s
 1417104 336878 1967.66079   94  236 2026.72207 1967.61377  2.92%  33.6 8810s
 1418582 337191 2009.42307   88   59 2026.72207 1967.66357  2.91%  33.6 8816s
 1419677 337220 2012.07128   99  167 2026.72207 1967.69003  2.91%  33.6 8820s
 1420616 337325     cutoff   90      2026.72207 1967.72328  2.91%  33.6 8833s
 1420838 337492 2008.49516  115  163 2026.72207 1967.72732  2.91%  33.6 8838s
 1422154 337493 2018.99497  104  114 2026.72207 1967.76809  2.91%  33.6 8840s
 1423146 337592 2018.82965  122   47 2026.72207 1967.80711  2.91%  33.6 8845s
 1424104 337793 2007.78142   86   51 2026.72207 1967.83416  2.91%  33.6 8850s
 1425518 337914 1990.07577  104  143 2026.72207 1967.87061  2.90%  33.6 8855s
 1426388 338084 1992.82504   77   61 2026.72207 1967.89634  2.90%  33.6 8862s
 1427577 338158 2010.52980  115  134 2026.72207 1967.92652  2.90%  33.6 8865s
 1428477 338361 1975.39187   80  152 2026.72207 1967.95053  2.90%  33.6 8871s
 1429593 338436 2017.27611   84  126 2026.72207 1967.98287  2.90%  33.6 8875s
 1430540 338633 1968.49539   88   59 2026.72207 1968.01582  2.90%  33.6 8880s
 1431295 338631 2001.75989   79   36 2026.72207 1968.02923  2.90%  33.5 8890s
 1431391 339016 2022.91120   84  195 2026.72207 1968.03530  2.90%  33.5 8901s
 1434841 339046 2013.43022   71  188 2026.72207 1968.08260  2.89%  33.5 8905s
 1435657 339229 2011.76525   65   90 2026.72207 1968.11325  2.89%  33.5 8910s
 1436894 339305 2021.64247   93   26 2026.72207 1968.14757  2.89%  33.5 8915s
 1437910 339529 infeasible   73      2026.72207 1968.16885  2.89%  33.5 8920s
 1439093 339626 1984.45554   67   40 2026.72207 1968.19805  2.89%  33.5 8925s
 1439812 339763 infeasible   86      2026.72207 1968.21734  2.89%  33.5 8930s
 1440866 339778 2016.20733   95  182 2026.72207 1968.25249  2.88%  33.5 8936s
 1441596 339893 2017.94797  100   38 2026.72207 1968.27708  2.88%  33.5 8947s
 1442387 339919 2022.29179   95  213 2026.72207 1968.29023  2.88%  33.5 8950s
 1443953 339985 2007.18758   74   69 2026.72207 1968.35572  2.88%  33.5 8955s
 1444869 340069 1975.36785   52  179 2026.72207 1968.38333  2.88%  33.5 8960s
 1446101 340198 1969.15902   94  172 2026.72207 1968.42609  2.88%  33.5 8965s
 1447106 340268 2015.30378   81   39 2026.72207 1968.45702  2.87%  33.5 8971s
 1447747 340335 1972.57455   96  208 2026.72207 1968.47580  2.87%  33.5 8976s
 1448907 340463 1979.94521   89  112 2026.72207 1968.51144  2.87%  33.5 8981s
 1449936 340519 2007.59555   94   87 2026.72207 1968.54591  2.87%  33.5 8985s
 1450445 340554 1978.09220   85   19 2026.72207 1968.56582  2.87%  33.5 8991s
 1451363 340632 infeasible   97      2026.72207 1968.60063  2.87%  33.5 8995s
 1451850 340674 1970.37666   79  165 2026.72207 1968.62062  2.87%  33.5 9008s
 1452654 340716 1984.73654   90  180 2026.72207 1968.64836  2.87%  33.5 9011s
 1453834 340751 1978.83705   78  166 2026.72207 1968.68377  2.86%  33.5 9015s
 1455011 340917     cutoff  108      2026.72207 1968.71596  2.86%  33.5 9020s
 1456444 341041 infeasible   56      2026.72207 1968.76673  2.86%  33.5 9025s
 1457907 341187 infeasible   86      2026.72207 1968.82319  2.86%  33.5 9031s
 1459040 341411 2017.91482   97   71 2026.72207 1968.85267  2.86%  33.5 9035s
 1459742 341656 infeasible   87      2026.72207 1968.87167  2.85%  33.5 9040s
 1461101 341782     cutoff   57      2026.72207 1968.91161  2.85%  33.5 9046s
 1462419 341951 infeasible   86      2026.72207 1968.94113  2.85%  33.4 9059s
 1462559 342095 2011.76777   59  191 2026.72207 1968.95776  2.85%  33.4 9067s
 1465093 342101 1977.07036   74   86 2026.72207 1969.01008  2.85%  33.4 9070s
 1466343 342246 1990.81067   55  102 2026.72207 1969.05568  2.85%  33.4 9076s
 1467375 342404 2000.88808   75   38 2026.72207 1969.08234  2.84%  33.4 9080s
 1468777 342606 2015.80434   98  217 2026.72207 1969.13768  2.84%  33.4 9086s
 1470026 342668 infeasible   95      2026.72207 1969.18342  2.84%  33.4 9091s
 1470755 342697 2026.00272  109  150 2026.72207 1969.21555  2.84%  33.4 9095s
 1471676 342826 1977.53940   78  223 2026.72207 1969.25097  2.84%  33.4 9100s
 1472747 342943 1977.13704   96   15 2026.72207 1969.28248  2.83%  33.4 9111s
 1472967 343115 infeasible   89      2026.72207 1969.30006  2.83%  33.4 9116s
 1474614 343160 1978.85922   94   69 2026.72207 1969.34451  2.83%  33.4 9120s
 1476219 343251     cutoff   73      2026.72207 1969.40338  2.83%  33.4 9126s
 1477464 343387 infeasible   75      2026.72207 1969.45015  2.83%  33.4 9131s
 1478514 343540 1985.86749   98   19 2026.72207 1969.47725  2.82%  33.4 9135s
 1479358 343656 1978.70540   45  120 2026.72207 1969.50777  2.82%  33.4 9140s
 1480421 343758 2011.05179  114  113 2026.72207 1969.54551  2.82%  33.4 9145s
 1481078 343836 infeasible  100      2026.72207 1969.58044  2.82%  33.4 9151s
 1482233 343906 1982.13454   56  104 2026.72207 1969.61157  2.82%  33.4 9156s
 1482790 344011 2003.32180   80   76 2026.72207 1969.64088  2.82%  33.4 9160s
 1483350 344027     cutoff  109      2026.72207 1969.65157  2.82%  33.4 9172s
 1483543 344191     cutoff   78      2026.72207 1969.65862  2.82%  33.4 9178s
 1485331 344184 1993.56440  100  118 2026.72207 1969.70215  2.81%  33.3 9180s
 1486517 344365 2025.87125  102  146 2026.72207 1969.73015  2.81%  33.3 9185s
 1487591 344494     cutoff   87      2026.72207 1969.76255  2.81%  33.3 9190s
 1488936 344635 1993.05129   86  203 2026.72207 1969.81486  2.81%  33.3 9196s
 1489612 344616 1969.84289   83   33 2026.72207 1969.84060  2.81%  33.3 9200s
 1489891 344630 infeasible   53      2026.72207 1969.84747  2.81%  33.3 9206s
 1490251 344630 2022.84046   48   49 2026.72207 1969.84933  2.81%  33.3 9211s
 1490332 344654 1970.64837   85  146 2026.72207 1969.85621  2.81%  33.3 9215s
 1490672 344738     cutoff   72      2026.72207 1969.89704  2.80%  33.3 9221s
 1491610 344746 1993.68384   91   54 2026.72207 1969.91958  2.80%  33.3 9225s
 1493117 344901 2026.33828   77   76 2026.72207 1969.97178  2.80%  33.3 9231s
 1493726 344872     cutoff   96      2026.72207 1969.98973  2.80%  33.3 9242s
 1493856 344994 1997.22980   87  288 2026.72207 1969.99817  2.80%  33.3 9251s
 1496546 344973 2023.91648   63   34 2026.72207 1970.06787  2.80%  33.3 9255s
 1497507 345115 2002.92045   89  117 2026.72207 1970.09923  2.79%  33.3 9260s
 1498543 345109 infeasible   79      2026.72207 1970.16234  2.79%  33.3 9265s
 1499606 345151 infeasible  118      2026.72207 1970.20039  2.79%  33.3 9270s
 1500608 345261     cutoff   66      2026.72207 1970.22379  2.79%  33.3 9276s
 1501715 345322 infeasible   73      2026.72207 1970.25356  2.79%  33.3 9281s
 1502453 345368 1979.05338   45  534 2026.72207 1970.28332  2.78%  33.3 9285s
 1503650 345463 2013.39563   82   31 2026.72207 1970.33325  2.78%  33.3 9290s
 1504404 345605 2016.79321   67   90 2026.72207 1970.35959  2.78%  33.3 9304s
 1504654 345679 2007.61831   85   59 2026.72207 1970.36818  2.78%  33.3 9308s
 1505893 345669 infeasible   84      2026.72207 1970.42125  2.78%  33.3 9310s
 1506882 345830 1970.67431   83  168 2026.72207 1970.44752  2.78%  33.3 9316s
 1507646 345897 1979.10402  114   52 2026.72207 1970.47274  2.78%  33.3 9320s
 1508758 345959 2025.24694  114  150 2026.72207 1970.51303  2.77%  33.3 9326s
 1509464 345942 infeasible   96      2026.72207 1970.54322  2.77%  33.3 9330s
 1510375 345962 2018.57445   99   54 2026.72207 1970.58356  2.77%  33.3 9335s
 1511598 345913 2024.86049   74   72 2026.72207 1970.64158  2.77%  33.3 9340s
 1512603 346008 1994.16741   50  263 2026.72207 1970.68400  2.76%  33.3 9345s
 1514057 346019 1977.23050   90   13 2026.72207 1970.74228  2.76%  33.3 9350s
 1514932 346052 infeasible   82      2026.72207 1970.78426  2.76%  33.3 9363s
 1515078 346302 2014.54022   80  139 2026.72207 1970.78899  2.76%  33.3 9372s
 1517568 346289 1992.23268   76  177 2026.72207 1970.85641  2.76%  33.3 9375s
 1518569 346482 infeasible   71      2026.72207 1970.89711  2.75%  33.3 9381s
 1519767 346535 infeasible  116      2026.72207 1970.93044  2.75%  33.2 9386s
 1520937 346588 1992.24914  106   48 2026.72207 1970.97423  2.75%  33.2 9391s
 1521645 346729 1971.62686   92  143 2026.72207 1970.99220  2.75%  33.2 9396s
 1522604 346826 1975.02204   88   30 2026.72207 1971.03181  2.75%  33.2 9400s
 1523519 346886 2008.15065   93   32 2026.72207 1971.05271  2.75%  33.2 9405s
 1524691 346966 2000.59195   61   82 2026.72207 1971.10238  2.74%  33.2 9410s
 1525485 347036 1975.85736   89   60 2026.72207 1971.12762  2.74%  33.2 9424s
 1525643 347317 2012.80957   79  238 2026.72207 1971.13824  2.74%  33.2 9431s
 1527916 347453     cutoff   59      2026.72207 1971.19897  2.74%  33.2 9436s
 1529032 347622 1977.13164   79  261 2026.72207 1971.23657  2.74%  33.2 9441s
 1530332 347723     cutoff  112      2026.72207 1971.29001  2.74%  33.2 9445s
 1531175 347756 1975.97806   93  155 2026.72207 1971.33383  2.73%  33.2 9451s
 1531802 347839 infeasible  108      2026.72207 1971.35712  2.73%  33.2 9455s
 1533229 347874 infeasible   50      2026.72207 1971.41583  2.73%  33.2 9461s
 1533338 347880 1983.34643   79   27 2026.72207 1971.41877  2.73%  33.2 9465s
 1533937 347917 1983.34643   82   27 2026.72207 1971.43658  2.73%  33.2 9470s
 1534597 347896 1983.34643   85   27 2026.72207 1971.46250  2.73%  33.2 9475s
 1535131 348020 infeasible   88      2026.72207 1971.49008  2.73%  33.2 9480s
 1535795 348047 1983.60777   91   12 2026.72207 1971.52512  2.72%  33.2 9493s
 1536593 348100 2021.93218   69   22 2026.72207 1971.54614  2.72%  33.2 9495s
 1537865 348187 infeasible   93      2026.72207 1971.60544  2.72%  33.2 9500s
 1538793 348334 infeasible   84      2026.72207 1971.62923  2.72%  33.2 9505s
 1540019 348356 infeasible   99      2026.72207 1971.66559  2.72%  33.2 9510s
 1540763 348379 infeasible   60      2026.72207 1971.70933  2.71%  33.2 9515s
 1541544 348471 2011.60137   71   91 2026.72207 1971.73412  2.71%  33.2 9520s
 1542978 348605 2017.43867   57  121 2026.72207 1971.78287  2.71%  33.2 9525s
 1544241 348842 1999.88633   54   25 2026.72207 1971.81302  2.71%  33.2 9531s
 1545117 348966 infeasible  102      2026.72207 1971.84239  2.71%  33.2 9536s
 1546262 349202 1990.42307   68   55 2026.72207 1971.88688  2.71%  33.2 9552s
 1547046 349267 2010.19268   45   14 2026.72207 1971.90994  2.70%  33.2 9555s
 1548267 349367     cutoff   55      2026.72207 1971.93682  2.70%  33.2 9560s
 1549461 349430 infeasible   92      2026.72207 1971.99079  2.70%  33.2 9565s
 1550479 349481 1972.14700   54  315 2026.72207 1972.02148  2.70%  33.1 9570s
 1551453 349557 1988.07363   69  158 2026.72207 1972.04605  2.70%  33.1 9575s
 1552682 349587 2001.06379   65   10 2026.72207 1972.09097  2.70%  33.1 9581s
 1553486 349660     cutoff  112      2026.72207 1972.13001  2.69%  33.1 9585s
 1554149 349769 infeasible  106      2026.72207 1972.15062  2.69%  33.1 9590s
 1555427 349819 2007.49319   87  177 2026.72207 1972.20379  2.69%  33.1 9596s
 1555983 349891 1975.92757   63  108 2026.72207 1972.23047  2.69%  33.1 9600s
 1556555 349950     cutoff  109      2026.72207 1972.24585  2.69%  33.1 9612s
 1557321 350117 1998.47228   89  125 2026.72207 1972.26126  2.69%  33.1 9616s
 1558902 350211     cutoff  123      2026.72207 1972.31088  2.68%  33.1 9621s
 1558986 350217 2000.30393   51   79 2026.72207 1972.31088  2.68%  33.1 9626s
 1559324 350227 1982.69265   85   77 2026.72207 1972.32917  2.68%  33.1 9632s
 1560055 350289     cutoff   55      2026.72207 1972.34710  2.68%  33.1 9635s
 1561220 350339     cutoff   76      2026.72207 1972.39329  2.68%  33.1 9641s
 1561635 350300     cutoff   60      2026.72207 1972.39354  2.68%  33.1 9645s
 1562056 350306 infeasible   52      2026.72207 1972.40916  2.68%  33.1 9651s
 1562452 350287 infeasible   87      2026.72207 1972.41344  2.68%  33.1 9656s
 1562848 350316 2020.60696   88   92 2026.72207 1972.43357  2.68%  33.1 9660s
 1563232 350325 infeasible   90      2026.72207 1972.43941  2.68%  33.1 9665s
 1564558 350446 2010.59740   74  123 2026.72207 1972.49833  2.68%  33.1 9670s
 1565588 350478 2005.27710   77  143 2026.72207 1972.53891  2.67%  33.1 9676s
 1566602 350669     cutoff   82      2026.72207 1972.58664  2.67%  33.1 9682s
 1567390 350658 1972.62309   70   32 2026.72207 1972.60916  2.67%  33.1 9692s
 1567564 350719 2014.72657   66  142 2026.72207 1972.61726  2.67%  33.1 9697s
 1569213 350753 1976.34448   63  185 2026.72207 1972.66267  2.67%  33.1 9701s
 1570416 350834 infeasible   84      2026.72207 1972.70295  2.67%  33.1 9705s
 1571278 350988     cutoff   75      2026.72207 1972.73508  2.66%  33.1 9710s
 1573005 351074     cutoff  106      2026.72207 1972.78836  2.66%  33.1 9716s
 1573760 351232 2014.62173   72   53 2026.72207 1972.81279  2.66%  33.1 9720s
 1574943 351300 1973.76192   59  101 2026.72207 1972.85231  2.66%  33.0 9725s
 1576102 351343 1999.36284   90  124 2026.72207 1972.88619  2.66%  33.0 9730s
 1577085 351424     cutoff   51      2026.72207 1972.91603  2.65%  33.0 9735s
 1577637 351476     cutoff   97      2026.72207 1972.93713  2.65%  33.0 9744s
 1578093 351459     cutoff   81      2026.72207 1972.95400  2.65%  33.0 9747s
 1579116 351524 1994.07490   50  101 2026.72207 1972.97940  2.65%  33.0 9751s
 1580041 351733 1974.09265   57  179 2026.72207 1973.00666  2.65%  33.0 9756s
 1581376 351776 1990.65721   75  161 2026.72207 1973.05381  2.65%  33.0 9760s
 1582113 351876 infeasible   94      2026.72207 1973.08328  2.65%  33.0 9765s
 1583347 351970     cutoff   83      2026.72207 1973.12471  2.64%  33.0 9770s
 1584438 352030 1995.63563  113   26 2026.72207 1973.16289  2.64%  33.0 9775s
 1585624 352133 1990.95013   86   76 2026.72207 1973.20042  2.64%  33.0 9780s
 1586995 352310 infeasible   86      2026.72207 1973.23828  2.64%  33.0 9785s
 1588165 352342     cutoff   91      2026.72207 1973.26866  2.64%  33.0 9799s
 1588772 352360 2016.76642   72   77 2026.72207 1973.29521  2.64%  33.0 9800s
 1590191 352499 infeasible   48      2026.72207 1973.33085  2.63%  33.0 9806s
 1591125 352712 2016.37688   90   59 2026.72207 1973.35774  2.63%  33.0 9811s
 1591746 352768 1975.34094   83  148 2026.72207 1973.36756  2.63%  33.0 9815s
 1593122 352917 1973.58650   85  176 2026.72207 1973.39910  2.63%  33.0 9820s
 1594370 352982     cutoff   80      2026.72207 1973.43034  2.63%  33.0 9826s
 1595188 353066 infeasible   96      2026.72207 1973.45208  2.63%  33.0 9830s
 1596174 353139 1997.23547   85  173 2026.72207 1973.48092  2.63%  33.0 9835s
 1597328 353262 2010.38644   69   11 2026.72207 1973.51632  2.63%  32.9 9840s
 1598560 353280 infeasible  107      2026.72207 1973.55237  2.62%  32.9 9853s
 1599097 353428 infeasible   55      2026.72207 1973.56780  2.62%  32.9 9857s
 1600596 353620 2000.58857   70  203 2026.72207 1973.60902  2.62%  32.9 9861s
 1602033 353910 infeasible   73      2026.72207 1973.64713  2.62%  32.9 9865s
 1603510 354044 infeasible   86      2026.72207 1973.69877  2.62%  32.9 9871s
 1604778 354166 1985.98581   82   31 2026.72207 1973.73044  2.61%  32.9 9875s
 1605739 354334 infeasible   88      2026.72207 1973.76168  2.61%  32.9 9880s
 1606980 354429 infeasible   72      2026.72207 1973.78825  2.61%  32.9 9885s
 1608103 354582     cutoff  105      2026.72207 1973.81640  2.61%  32.9 9890s
 1609127 354737 infeasible   56      2026.72207 1973.84359  2.61%  32.9 9902s
 1609358 354975     cutoff   63      2026.72207 1973.85009  2.61%  32.9 9906s
 1611340 355015 infeasible   81      2026.72207 1973.90014  2.61%  32.9 9911s
 1612125 355100 infeasible   80      2026.72207 1973.91865  2.61%  32.9 9915s
 1613295 355338 2005.22597   62  138 2026.72207 1973.95704  2.60%  32.9 9921s
 1614676 355384 1982.25870   55   15 2026.72207 1973.98992  2.60%  32.9 9925s
 1615489 355582 1974.01379   83   52 2026.72207 1974.01379  2.60%  32.9 9930s
 1616828 355530 1995.33461   70  226 2026.72207 1974.04267  2.60%  32.9 9935s
 1618051 355620 infeasible   72      2026.72207 1974.07853  2.60%  32.8 9940s
 1618895 355685 2013.28972   78   39 2026.72207 1974.10193  2.60%  32.8 9945s
 1619449 355737 1975.17629   81  243 2026.72207 1974.11434  2.60%  32.8 9956s
 1620303 355828 1974.66644   65  220 2026.72207 1974.13715  2.59%  32.8 9960s
 1621452 356048     cutoff  101      2026.72207 1974.17129  2.59%  32.8 9965s
 1623224 356313 2016.20350   79   62 2026.72207 1974.20797  2.59%  32.8 9971s
 1624371 356387 2001.39328   67  110 2026.72207 1974.23224  2.59%  32.8 9976s
 1625432 356528 2001.17994   92  117 2026.72207 1974.25649  2.59%  32.8 9980s
 1626349 356600 1993.04462   54   29 2026.72207 1974.28629  2.59%  32.8 9985s
 1627667 356720 1991.93617  108  210 2026.72207 1974.32153  2.59%  32.8 9991s
 1628742 356909     cutoff   95      2026.72207 1974.34946  2.58%  32.8 9996s
 1629891 356946 2015.05821   75   70 2026.72207 1974.38246  2.58%  32.8 10009s
 1630410 356995 2009.76744   79  163 2026.72207 1974.39508  2.58%  32.8 10011s
 1631538 356974     cutoff   86      2026.72207 1974.42357  2.58%  32.8 10015s
 1632584 357082     cutoff   79      2026.72207 1974.45498  2.58%  32.8 10020s
 1633620 357290 1975.48119   60  226 2026.72207 1974.48712  2.58%  32.8 10026s
 1634454 357428 infeasible   98      2026.72207 1974.50511  2.58%  32.8 10030s
 1636193 357615 1975.15973   49  104 2026.72207 1974.53677  2.57%  32.8 10036s
 1637041 357638 1974.79968   70  207 2026.72207 1974.56284  2.57%  32.8 10040s
 1637472 357683 1974.88744   69  197 2026.72207 1974.56657  2.57%  32.8 10045s
 1638667 357739 infeasible   87      2026.72207 1974.60698  2.57%  32.8 10050s
 1639914 357794 2015.48440   83  151 2026.72207 1974.63602  2.57%  32.7 10055s
 1640365 357831 1994.23641   86  149 2026.72207 1974.65247  2.57%  32.7 10066s
 1640619 358061 1996.67154   72  195 2026.72207 1974.65619  2.57%  32.7 10070s
 1642669 358157 2009.73790   88   36 2026.72207 1974.70604  2.57%  32.7 10076s
 1643827 358268 infeasible   64      2026.72207 1974.73548  2.57%  32.7 10080s
 1645046 358505 2011.75981   67  166 2026.72207 1974.76590  2.56%  32.7 10086s
 1645994 358626 infeasible   96      2026.72207 1974.78871  2.56%  32.7 10091s
 1647266 358720 infeasible   89      2026.72207 1974.80956  2.56%  32.7 10095s
 1648331 358909     cutoff   80      2026.72207 1974.83683  2.56%  32.7 10100s
 1649178 358957 2006.81880   76   39 2026.72207 1974.85396  2.56%  32.7 10105s
 1650413 359095 1986.89949   72  215 2026.72207 1974.87875  2.56%  32.7 10110s
 1650768 359165 infeasible   89      2026.72207 1974.88617  2.56%  32.7 10119s
 1651175 359146 1983.96246   84   26 2026.72207 1974.88926  2.56%  32.7 10122s
 1651811 359320 infeasible   93      2026.72207 1974.90978  2.56%  32.7 10125s
 1653658 359457 1996.66994   81  133 2026.72207 1974.94657  2.55%  32.7 10131s
 1655070 359575 infeasible   95      2026.72207 1974.98571  2.55%  32.7 10136s
 1655779 359709 2013.58009   85  271 2026.72207 1975.00269  2.55%  32.7 10140s
 1657180 359916     cutoff  103      2026.72207 1975.03516  2.55%  32.7 10145s
 1658371 360027 infeasible   70      2026.72207 1975.05940  2.55%  32.6 10150s
 1659352 360458     cutoff   87      2026.72207 1975.07405  2.55%  32.6 10155s
 1660701 360595 1975.27598   97  227 2026.72207 1975.09944  2.55%  32.6 10160s
 1661265 360610 1975.36030   85  174 2026.72207 1975.11627  2.55%  32.6 10170s
 1661398 361281 1997.21113   72  109 2026.72207 1975.11708  2.55%  32.6 10178s
 1664222 361285 2014.40284   85  219 2026.72207 1975.14499  2.54%  32.6 10180s
 1665370 361471 infeasible   91      2026.72207 1975.16926  2.54%  32.6 10185s
 1666795 361763 infeasible   77      2026.72207 1975.19268  2.54%  32.6 10191s
 1667881 361845 2012.78614   78  176 2026.72207 1975.20840  2.54%  32.6 10195s
 1668965 361992 1993.05579   62  201 2026.72207 1975.22914  2.54%  32.6 10200s
 1670440 362122 1985.54514   81   56 2026.72207 1975.26960  2.54%  32.6 10205s
 1671608 362307     cutoff   79      2026.72207 1975.30017  2.54%  32.6 10220s
 1673671 362539 infeasible   87      2026.72207 1975.34651  2.53%  32.6 10225s
 1674998 362727 2017.12493   70  257 2026.72207 1975.36706  2.53%  32.5 10230s
 1676506 362920 2012.81079   91   33 2026.72207 1975.39996  2.53%  32.5 10235s
 1677780 362933 1995.35009   93  234 2026.72207 1975.42829  2.53%  32.5 10240s
 1678934 362997 2017.81769   70   93 2026.72207 1975.45499  2.53%  32.5 10245s
 1679987 363069 2010.51028   68  128 2026.72207 1975.47459  2.53%  32.5 10251s
 1680635 363225 2022.14620   93   46 2026.72207 1975.48966  2.53%  32.5 10255s
 1682371 363483     cutoff   56      2026.72207 1975.52313  2.53%  32.5 10270s
 1683753 363496 infeasible   91      2026.72207 1975.55929  2.52%  32.5 10276s
 1685098 363779 1986.30303   93  108 2026.72207 1975.57793  2.52%  32.5 10281s
 1686271 363820 infeasible   96      2026.72207 1975.60767  2.52%  32.5 10286s
 1687060 364009 2000.88470  101   91 2026.72207 1975.62109  2.52%  32.5 10290s
 1688261 364302 infeasible  102      2026.72207 1975.63888  2.52%  32.5 10295s
 1689948 364378 1983.04712   84  125 2026.72207 1975.67096  2.52%  32.5 10301s
 1690608 364610 2010.24024   76  125 2026.72207 1975.68278  2.52%  32.5 10305s
 1691902 364766     cutoff   78      2026.72207 1975.71045  2.52%  32.5 10310s
 1693019 364898 1979.16936  106  196 2026.72207 1975.72549  2.52%  32.5 10322s
 1693155 365286 1978.52132   79   28 2026.72207 1975.72666  2.52%  32.5 10329s
 1695667 365250 infeasible   78      2026.72207 1975.75280  2.51%  32.4 10330s
 1696327 365367     cutoff  103      2026.72207 1975.76818  2.51%  32.4 10335s
 1697532 365464 2019.48402   99  139 2026.72207 1975.79792  2.51%  32.4 10340s
 1698570 365760 2015.90911   78   15 2026.72207 1975.81535  2.51%  32.4 10346s
 1699230 365856 2021.39991   94   65 2026.72207 1975.82622  2.51%  32.4 10350s
 1700739 366031 1978.41852   89  147 2026.72207 1975.83977  2.51%  32.4 10355s
 1701904 366189 infeasible  100      2026.72207 1975.85849  2.51%  32.4 10360s
 1702399 366238 2015.11570   70   94 2026.72207 1975.86475  2.51%  32.4 10365s
 1702660 366219 2012.57836   72  172 2026.72207 1975.86814  2.51%  32.4 10371s
 1702745 366199 infeasible   88      2026.72207 1975.87731  2.51%  32.4 10375s
 1703527 366289     cutoff   73      2026.72207 1975.90028  2.51%  32.4 10387s
 1703670 366251 2016.24935   79   97 2026.72207 1975.90422  2.51%  32.4 10393s
 1705928 366251     cutoff   96      2026.72207 1975.93183  2.51%  32.4 10395s
 1707367 366549 infeasible  119      2026.72207 1975.95675  2.50%  32.4 10400s
 1708768 366745 2007.74255   99  116 2026.72207 1975.98170  2.50%  32.4 10405s
 1710193 367114 infeasible   96      2026.72207 1975.99903  2.50%  32.3 10410s
 1712268 367278 1982.84059   92   37 2026.72207 1976.04210  2.50%  32.3 10416s
 1713317 367279     cutoff  108      2026.72207 1976.06319  2.50%  32.3 10420s
 1714013 367524     cutoff   85      2026.72207 1976.07565  2.50%  32.3 10432s
 1714961 367548     cutoff   94      2026.72207 1976.09078  2.50%  32.3 10435s
 1716184 367728 2007.37556   85  204 2026.72207 1976.11204  2.50%  32.3 10440s
 1717332 367857 1990.24982   75   84 2026.72207 1976.13187  2.50%  32.3 10445s
 1718942 367850 1977.48874   86  181 2026.72207 1976.15496  2.50%  32.3 10451s
 1720014 368092 infeasible   94      2026.72207 1976.17888  2.49%  32.3 10455s
 1721281 368326 1992.30221   94   50 2026.72207 1976.20149  2.49%  32.3 10461s
 1722444 368420 2005.37390   60  176 2026.72207 1976.21748  2.49%  32.3 10466s
 1723498 368473 infeasible   88      2026.72207 1976.23618  2.49%  32.3 10470s
 1724215 368578 2013.30771   89  262 2026.72207 1976.25346  2.49%  32.3 10482s
 1724348 368717 infeasible   90      2026.72207 1976.25473  2.49%  32.3 10490s
 1725772 368775 1977.60444   83  187 2026.72207 1976.27808  2.49%  32.2 10495s
 1726697 369001 1996.70646   82   58 2026.72207 1976.28201  2.49%  32.2 10501s
 1727472 369162 1985.24336   71  208 2026.72207 1976.29416  2.49%  32.2 10505s
 1728644 369340 infeasible   93      2026.72207 1976.32046  2.49%  32.2 10511s
 1729322 369447 1976.40983   94   64 2026.72207 1976.32455  2.49%  32.2 10515s
 1730159 369591 2011.94250   88   66 2026.72207 1976.34617  2.49%  32.2 10520s
 1731782 369702 1987.92771   79  250 2026.72207 1976.37983  2.48%  32.2 10525s
 1733411 369898 1976.98122   88  254 2026.72207 1976.40462  2.48%  32.2 10531s
 1734193 370111 1995.93203   90   96 2026.72207 1976.41971  2.48%  32.2 10535s
 1734911 370103 infeasible   96      2026.72207 1976.43002  2.48%  32.2 10545s
 1735016 370485 1995.99909  103  126 2026.72207 1976.43002  2.48%  32.2 10554s
 1737535 370485 infeasible   99      2026.72207 1976.44126  2.48%  32.2 10555s
 1739129 370616 1986.01576   81  230 2026.72207 1976.47604  2.48%  32.1 10560s
 1740651 370852 1981.98157   72  215 2026.72207 1976.49647  2.48%  32.1 10566s
 1741791 371034     cutoff   75      2026.72207 1976.51676  2.48%  32.1 10570s
 1743094 371168 1980.50451   43   15 2026.72207 1976.53720  2.48%  32.1 10575s
 1744731 371355 1978.79923  101  176 2026.72207 1976.57700  2.47%  32.1 10580s
 1745323 371415     cutoff   91      2026.72207 1976.58671  2.47%  32.1 10591s
 1746810 371549 infeasible   82      2026.72207 1976.61604  2.47%  32.1 10596s
 1747640 371686 infeasible   51      2026.72207 1976.63107  2.47%  32.1 10601s
 1748327 371767     cutoff   64      2026.72207 1976.63759  2.47%  32.1 10605s
 1749673 371881 2001.12253   68  162 2026.72207 1976.65767  2.47%  32.1 10610s
 1750616 371985 2008.17397   67  190 2026.72207 1976.66907  2.47%  32.1 10615s
 1751870 372114 2002.66379   92   95 2026.72207 1976.70415  2.47%  32.1 10621s
 1753143 372278 1978.16904   61  244 2026.72207 1976.73302  2.47%  32.1 10626s
 1754163 372441 infeasible   93      2026.72207 1976.74740  2.47%  32.1 10630s
 1755461 372608 1997.06268   69   18 2026.72207 1976.77586  2.46%  32.1 10635s
 1755537 372746 infeasible   93      2026.72207 1976.77987  2.46%  32.1 10646s
 1757071 372915 2017.32211   93   64 2026.72207 1976.80087  2.46%  32.0 10650s
 1758312 373115 1976.98041   88   49 2026.72207 1976.81906  2.46%  32.0 10656s
 1759306 373268 infeasible   77      2026.72207 1976.83921  2.46%  32.0 10660s
 1760691 373446 2021.30972   94  120 2026.72207 1976.85578  2.46%  32.0 10666s
 1761814 373548 infeasible   99      2026.72207 1976.88233  2.46%  32.0 10670s
 1762721 373783 infeasible   88      2026.72207 1976.88955  2.46%  32.0 10675s
 1764230 373923 2012.52859   82  168 2026.72207 1976.91131  2.46%  32.0 10681s
 1765309 374070 infeasible   78      2026.72207 1976.92777  2.46%  32.0 10685s
 1766025 374160     cutoff   75      2026.72207 1976.94339  2.46%  32.0 10698s
 1766245 374307 1977.70990   67   48 2026.72207 1976.94813  2.46%  32.0 10703s
 1767767 374299 infeasible   69      2026.72207 1976.97402  2.45%  32.0 10705s
 1768528 374525 2008.97505   91  198 2026.72207 1976.98626  2.45%  32.0 10710s
 1769997 374705 infeasible   85      2026.72207 1977.00689  2.45%  32.0 10716s
 1771142 374846     cutoff   87      2026.72207 1977.02561  2.45%  32.0 10720s
 1772449 374973 1978.02756   89  174 2026.72207 1977.04720  2.45%  32.0 10725s
 1773981 375070     cutoff   97      2026.72207 1977.07710  2.45%  31.9 10730s
 1774906 375173 2010.67078   93  135 2026.72207 1977.10070  2.45%  31.9 10735s
 1776580 375320 2000.16921   73   52 2026.72207 1977.12774  2.45%  31.9 10749s
 1776706 375811     cutoff   59      2026.72207 1977.13381  2.45%  31.9 10758s
 1779731 375817 infeasible   80      2026.72207 1977.16385  2.45%  31.9 10761s
 1780457 375879 2003.94983  102  184 2026.72207 1977.18091  2.44%  31.9 10766s
 1781507 376093 2018.68683   65  192 2026.72207 1977.20415  2.44%  31.9 10770s
 1782388 376200 2019.92543   81  162 2026.72207 1977.22049  2.44%  31.9 10775s
 1784051 376459 infeasible   87      2026.72207 1977.24531  2.44%  31.9 10781s
 1785016 376595 2001.34461   91   50 2026.72207 1977.26120  2.44%  31.9 10785s
 1786214 376806 1997.67495   97  131 2026.72207 1977.27872  2.44%  31.9 10791s
 1787273 376869 2010.25674   97  192 2026.72207 1977.30341  2.44%  31.9 10803s
 1787345 377105 2021.88809   75   45 2026.72207 1977.30427  2.44%  31.9 10813s
 1790790 377100     cutoff   82      2026.72207 1977.33811  2.44%  31.8 10815s
 1791139 377241 infeasible   46      2026.72207 1977.34347  2.44%  31.8 10820s
 1792706 377382 infeasible   88      2026.72207 1977.36660  2.44%  31.8 10825s
 1793982 377561 1983.17626   81   13 2026.72207 1977.38898  2.43%  31.8 10830s
 1795262 377792 1977.70423   74  186 2026.72207 1977.41438  2.43%  31.8 10836s
 1796350 377905 2009.25575   89   23 2026.72207 1977.43449  2.43%  31.8 10841s
 1797485 378119     cutoff   98      2026.72207 1977.44986  2.43%  31.8 10855s
 1798885 378232 1979.17579   65  148 2026.72207 1977.47035  2.43%  31.8 10861s
 1800238 378293 1989.50668   71  197 2026.72207 1977.49682  2.43%  31.8 10865s
 1801400 378507     cutoff  120      2026.72207 1977.51229  2.43%  31.8 10870s
 1802552 378672 infeasible   77      2026.72207 1977.53526  2.43%  31.8 10875s
 1803952 378725 1997.32318   98  191 2026.72207 1977.56507  2.43%  31.8 10880s
 1805139 378832 infeasible   65      2026.72207 1977.59741  2.42%  31.7 10886s
 1806207 378935 1978.13237   89  160 2026.72207 1977.62098  2.42%  31.7 10890s
 1807164 378971 infeasible   92      2026.72207 1977.63812  2.42%  31.7 10895s
 1807753 378951 infeasible   94      2026.72207 1977.64811  2.42%  31.7 10906s
 1808023 379066 2011.52705   74  193 2026.72207 1977.65172  2.42%  31.7 10910s
 1809952 379177 infeasible   93      2026.72207 1977.68701  2.42%  31.7 10916s
 1810811 379210 2019.85133   87  125 2026.72207 1977.70212  2.42%  31.7 10920s
 1812130 379322 2005.25687   81  151 2026.72207 1977.73521  2.42%  31.7 10926s
 1812986 379358 1978.03466   60  150 2026.72207 1977.74624  2.42%  31.7 10930s
 1814230 379411 2003.28930   94  160 2026.72207 1977.77524  2.42%  31.7 10935s
 1815103 379516 2020.04390   65  175 2026.72207 1977.78716  2.41%  31.7 10940s
 1816300 379764 1995.85287   73  135 2026.72207 1977.81410  2.41%  31.7 10945s
 1817513 379766 1985.38255   59   93 2026.72207 1977.84709  2.41%  31.7 10951s
 1818011 379757 1998.09558   83  228 2026.72207 1977.84733  2.41%  31.7 10960s
 1818089 379796 2007.18400   85  219 2026.72207 1977.84869  2.41%  31.7 10973s
 1821486 379794 1991.78121   92  160 2026.72207 1977.88565  2.41%  31.7 10976s
 1822116 379844 1981.00579  101  177 2026.72207 1977.89439  2.41%  31.7 10980s
 1822776 379970 2013.47683   84   31 2026.72207 1977.91171  2.41%  31.6 10985s
 1823478 380064 1998.87820   76  242 2026.72207 1977.92373  2.41%  31.6 10990s
 1824686 380101 1985.03476   63   62 2026.72207 1977.95010  2.41%  31.6 10996s
 1825408 380171 2002.02712   91  193 2026.72207 1977.96149  2.41%  31.6 11000s
 1825761 380231 1978.35664   96  180 2026.72207 1977.96572  2.41%  31.6 11005s
 1826287 380294 infeasible  107      2026.72207 1977.97123  2.41%  31.6 11010s
 1826941 380312     cutoff   82      2026.72207 1977.98559  2.40%  31.6 11016s
 1827655 380459 infeasible   77      2026.72207 1978.00277  2.40%  31.6 11021s
 1828329 380468 infeasible   93      2026.72207 1978.01362  2.40%  31.6 11033s
 1828430 380805 2017.25186   72  142 2026.72207 1978.01461  2.40%  31.6 11042s
 1831723 380809 infeasible   79      2026.72207 1978.05265  2.40%  31.6 11045s
 1832575 380941 1978.63929   94  192 2026.72207 1978.07366  2.40%  31.6 11051s
 1833676 381075 1978.69337   87  237 2026.72207 1978.10207  2.40%  31.6 11055s
 1834225 381076 1993.51365   53   21 2026.72207 1978.11018  2.40%  31.6 11060s
 1834240 381084 1993.51365   55   20 2026.72207 1978.11018  2.40%  31.6 11065s
 1834266 381080 1979.20496   79   42 2026.72207 1978.11018  2.40%  31.6 11070s
 1834281 381089 1979.20496   82   42 2026.72207 1978.11018  2.40%  31.6 11075s
 1834316 381089 2003.81892   71  158 2026.72207 1978.11018  2.40%  31.6 11081s
 1834336 381065     cutoff   73      2026.72207 1978.11635  2.40%  31.6 11085s
 1834467 381068 infeasible   92      2026.72207 1978.11923  2.40%  31.6 11091s
 1834533 381078 1978.64734   68  222 2026.72207 1978.11993  2.40%  31.6 11095s
 1834622 381053 2014.64278   66  125 2026.72207 1978.12296  2.40%  31.6 11100s
 1834696 381069 1978.45481   81  211 2026.72207 1978.12587  2.40%  31.6 11105s
 1834897 381058 1993.54429   62  179 2026.72207 1978.13434  2.40%  31.6 11111s
 1834979 381062 2017.77968   89  197 2026.72207 1978.13586  2.40%  31.6 11116s
 1835144 381077 1985.38178   84  181 2026.72207 1978.13977  2.40%  31.6 11121s
 1835264 381076 1979.08946   89  118 2026.72207 1978.14170  2.40%  31.6 11125s
 1836019 381139 infeasible   60      2026.72207 1978.14995  2.40%  31.6 11131s
 1837306 381172 infeasible  113      2026.72207 1978.16824  2.40%  31.6 11136s
 1838174 381250     cutoff   71      2026.72207 1978.19741  2.39%  31.6 11142s
 1838737 381251 2011.56296   56  157 2026.72207 1978.20752  2.39%  31.6 11151s
 1838848 381302 1978.86596   89  215 2026.72207 1978.21199  2.39%  31.6 11158s
 1840740 381307 1999.25675   76  156 2026.72207 1978.22382  2.39%  31.6 11161s
 1840847 381289 2002.87228   95  178 2026.72207 1978.23557  2.39%  31.6 11166s
 1841960 381418 2017.18246   81  158 2026.72207 1978.26977  2.39%  31.6 11171s
 1842742 381577 2022.52140   79  167 2026.72207 1978.28413  2.39%  31.5 11175s
 1843307 381625 2023.67680   88  133 2026.72207 1978.28868  2.39%  31.5 11180s
 1844526 381720 1979.76617   93  148 2026.72207 1978.31640  2.39%  31.5 11185s
 1845880 381758 1978.36532   74  175 2026.72207 1978.34785  2.39%  31.5 11190s
 1847262 381894 infeasible   56      2026.72207 1978.37507  2.39%  31.5 11195s
 1848387 381981 1989.52550   53   77 2026.72207 1978.41178  2.38%  31.5 11200s
 1849054 381999 2000.94515  103  163 2026.72207 1978.43597  2.38%  31.5 11212s
 1850107 382024 1978.46311   94   13 2026.72207 1978.45803  2.38%  31.5 11216s
 1851335 382106 1979.92352   96  211 2026.72207 1978.48071  2.38%  31.5 11221s
 1852045 382112 1984.14269   71   37 2026.72207 1978.50165  2.38%  31.5 11225s
 1853516 382102 2024.67253   69  168 2026.72207 1978.54452  2.38%  31.5 11231s
 1854783 382156 infeasible   49      2026.72207 1978.57394  2.38%  31.5 11236s
 1855710 382247 2009.92624  102  113 2026.72207 1978.60231  2.37%  31.5 11241s
 1856790 382316 2021.89908   71   41 2026.72207 1978.62217  2.37%  31.5 11245s
 1858132 382421 infeasible  109      2026.72207 1978.64948  2.37%  31.5 11250s
 1858930 382484 infeasible   58      2026.72207 1978.66082  2.37%  31.5 11256s
 1859571 382552 2012.05126  110   46 2026.72207 1978.67648  2.37%  31.5 11268s
 1860372 382593 2012.16973   83   37 2026.72207 1978.69182  2.37%  31.5 11271s
 1861616 382692 infeasible   84      2026.72207 1978.72003  2.37%  31.5 11276s
 1862318 382680 2023.99937   65   16 2026.72207 1978.74291  2.37%  31.5 11280s
 1863378 382800 1978.77316   99   68 2026.72207 1978.77241  2.37%  31.5 11285s
 1863976 382826 1992.92108   94   57 2026.72207 1978.78291  2.37%  31.5 11291s
 1864042 382826 1992.92108   97   57 2026.72207 1978.78291  2.37%  31.5 11295s
 1864773 382932 1979.87546   87  195 2026.72207 1978.79768  2.36%  31.4 11301s
 1865577 383159 2014.26606   83  133 2026.72207 1978.81032  2.36%  31.4 11306s
 1867039 383239     cutoff  100      2026.72207 1978.84089  2.36%  31.4 11311s
 1867971 383322 1979.45534   84  248 2026.72207 1978.85717  2.36%  31.4 11316s
 1869323 383364 1979.41916   70  215 2026.72207 1978.88934  2.36%  31.4 11321s
 1869809 383371 infeasible   74      2026.72207 1978.90217  2.36%  31.4 11332s
 1870053 383539     cutoff   73      2026.72207 1978.90557  2.36%  31.4 11336s
 1871565 383547 2004.29511   72  182 2026.72207 1978.93570  2.36%  31.4 11340s
 1872714 383679 infeasible   86      2026.72207 1978.95403  2.36%  31.4 11345s
 1874174 383685     cutoff   77      2026.72207 1978.99421  2.35%  31.4 11351s
 1874313 383715 1980.20859   67  210 2026.72207 1978.99533  2.35%  31.4 11355s
 1875557 383834 2018.20052   70  157 2026.72207 1979.01631  2.35%  31.4 11361s
 1877047 383965 2006.12965   76  200 2026.72207 1979.04512  2.35%  31.4 11365s
 1878101 384010     cutoff   80      2026.72207 1979.07617  2.35%  31.4 11371s
 1879428 384139 1992.01705  110   51 2026.72207 1979.10534  2.35%  31.4 11376s
 1880196 384120 infeasible   78      2026.72207 1979.12413  2.35%  31.4 11387s
 1880307 384281 infeasible   86      2026.72207 1979.12974  2.35%  31.4 11397s
 1883084 384291 2014.79758   71    5 2026.72207 1979.15894  2.35%  31.4 11400s
 1884435 384383 2024.47034  102   99 2026.72207 1979.18695  2.35%  31.4 11406s
 1885406 384517 2024.32290   74   59 2026.72207 1979.20695  2.34%  31.4 11411s
 1886353 384718 1995.75580   67  167 2026.72207 1979.22325  2.34%  31.4 11415s
 1888047 384881 2025.00444   63  166 2026.72207 1979.25694  2.34%  31.3 11421s
 1888987 385118 1996.32059   60  221 2026.72207 1979.26977  2.34%  31.3 11425s
 1890746 385263 1980.93755   91   90 2026.72207 1979.31101  2.34%  31.3 11439s
 1891104 385290 2003.86194   89   49 2026.72207 1979.31884  2.34%  31.3 11441s
 1892017 385385 2014.87370   65   56 2026.72207 1979.34067  2.34%  31.3 11446s
 1893346 385466 2007.63042   95  235 2026.72207 1979.37042  2.34%  31.3 11450s
 1894623 385596 1988.66413   91  110 2026.72207 1979.40407  2.33%  31.3 11456s
 1895869 385642 infeasible   88      2026.72207 1979.42985  2.33%  31.3 11460s
 1897190 385841 1982.20005   94  148 2026.72207 1979.45878  2.33%  31.3 11466s
 1898207 385853 1996.94620   84  226 2026.72207 1979.48590  2.33%  31.3 11470s
 1899498 385968 2006.05187   96  113 2026.72207 1979.51518  2.33%  31.3 11476s
 1900465 386104 2013.94438   98   78 2026.72207 1979.54196  2.33%  31.3 11481s
 1901080 386143 1983.31675   81   34 2026.72207 1979.55582  2.33%  31.3 11492s
 1901801 386371 1980.98672   85   43 2026.72207 1979.56859  2.33%  31.3 11497s
 1902872 386444 2019.48928  106   55 2026.72207 1979.58632  2.33%  31.3 11500s
 1904256 386451 infeasible   97      2026.72207 1979.61532  2.32%  31.3 11506s
 1905132 386598 infeasible   92      2026.72207 1979.63758  2.32%  31.3 11510s
 1906337 386668 infeasible   90      2026.72207 1979.66479  2.32%  31.3 11516s
 1907604 386957 2020.36532  107  234 2026.72207 1979.69345  2.32%  31.3 11520s
 1908917 387087 infeasible   91      2026.72207 1979.71349  2.32%  31.2 11526s
 1910184 387238 2017.12075   56  167 2026.72207 1979.74641  2.32%  31.2 11530s
 1911335 387361 2018.94176   65   25 2026.72207 1979.76875  2.32%  31.2 11546s
 1912854 387407 infeasible   82      2026.72207 1979.80886  2.31%  31.2 11550s
 1914545 387588 1983.66720   74   63 2026.72207 1979.84317  2.31%  31.2 11555s
 1915653 387662 infeasible   99      2026.72207 1979.87018  2.31%  31.2 11560s
 1916987 387874 1996.50474   82   87 2026.72207 1979.89009  2.31%  31.2 11566s
 1917512 387975     cutoff   75      2026.72207 1979.89539  2.31%  31.2 11570s
 1918959 388077 1980.15268  107  231 2026.72207 1979.93709  2.31%  31.2 11575s
 1920056 388245 2015.83196   84  185 2026.72207 1979.95995  2.31%  31.2 11581s
 1921377 388270 infeasible   51      2026.72207 1979.98539  2.31%  31.2 11585s
 1921995 388361     cutoff  102      2026.72207 1980.00266  2.31%  31.2 11597s
 1922830 388405 1980.88134   52  150 2026.72207 1980.01664  2.30%  31.2 11601s
 1924393 388519 2015.21030   96   62 2026.72207 1980.05232  2.30%  31.2 11605s
 1925168 388595 infeasible   91      2026.72207 1980.06297  2.30%  31.2 11610s
 1927246 388683 infeasible   79      2026.72207 1980.10851  2.30%  31.1 11616s
 1928438 388778 infeasible   92      2026.72207 1980.13310  2.30%  31.1 11620s
 1929799 388875     cutoff   65      2026.72207 1980.15194  2.30%  31.1 11626s
 1930001 388899 2016.78852   83   65 2026.72207 1980.15323  2.30%  31.1 11630s
 1931078 389026 1998.39425   80   60 2026.72207 1980.18394  2.30%  31.1 11636s
 1932283 389075 1997.87545   75  277 2026.72207 1980.20929  2.29%  31.1 11648s
 1932440 389363 infeasible   61      2026.72207 1980.21277  2.29%  31.1 11656s
 1934997 389440 1981.02892  105   38 2026.72207 1980.24163  2.29%  31.1 11661s
 1936100 389485 1980.52960   87  100 2026.72207 1980.26417  2.29%  31.1 11666s
 1937422 389513     cutoff   64      2026.72207 1980.29193  2.29%  31.1 11670s
 1938655 389546 infeasible   83      2026.72207 1980.31249  2.29%  31.1 11676s
 1939341 389643 infeasible   60      2026.72207 1980.33470  2.29%  31.1 11680s
 1940655 389825 infeasible   81      2026.72207 1980.35894  2.29%  31.1 11685s
 1941884 389952 2002.38362   83  144 2026.72207 1980.38371  2.29%  31.1 11690s
 1942645 390035 2012.03443   72   33 2026.72207 1980.40034  2.29%  31.1 11701s
 1944120 390173 infeasible   76      2026.72207 1980.42469  2.28%  31.1 11706s
 1945086 390200 infeasible   90      2026.72207 1980.44644  2.28%  31.1 11710s
 1946407 390290 infeasible   99      2026.72207 1980.47488  2.28%  31.0 11716s
 1947268 390412 1993.17216   64   19 2026.72207 1980.49529  2.28%  31.0 11720s
 1948562 390465 infeasible   96      2026.72207 1980.51883  2.28%  31.0 11725s
 1949403 390452     cutoff   66      2026.72207 1980.53908  2.28%  31.0 11730s
 1950224 390552 infeasible   74      2026.72207 1980.55501  2.28%  31.0 11735s
 1950472 390563 2022.45643   92   35 2026.72207 1980.55806  2.28%  31.0 11740s
 1950501 390564 infeasible   96      2026.72207 1980.55806  2.28%  31.0 11745s
 1950532 390565 2023.32637   81  115 2026.72207 1980.55806  2.28%  31.0 11750s
 1950565 390556 2023.32637   85  120 2026.72207 1980.55901  2.28%  31.0 11756s
 1950604 390559 1987.32639   46   18 2026.72207 1980.56277  2.28%  31.0 11761s
 1950705 390546 infeasible  100      2026.72207 1980.56392  2.28%  31.0 11765s
 1951055 390558 2010.96818   83   58 2026.72207 1980.57562  2.28%  31.0 11770s
 1951551 390671 infeasible   75      2026.72207 1980.58662  2.28%  31.0 11775s
 1953331 390912     cutoff   71      2026.72207 1980.61461  2.27%  31.0 11792s
 1954166 390974 2024.67350  101   24 2026.72207 1980.62810  2.27%  31.0 11795s
 1955327 391135 1981.92086   97  218 2026.72207 1980.64852  2.27%  31.0 11800s
 1956985 391355 infeasible   58      2026.72207 1980.67400  2.27%  31.0 11805s
 1958087 391456 2018.33769   95  132 2026.72207 1980.69564  2.27%  31.0 11810s
 1959252 391544     cutoff   75      2026.72207 1980.71342  2.27%  31.0 11815s
 1960291 391599 1982.04879   95   38 2026.72207 1980.73611  2.27%  31.0 11820s
 1961148 391721 2011.29095   47  173 2026.72207 1980.74954  2.27%  31.0 11825s
 1962511 391771 infeasible   69      2026.72207 1980.78099  2.27%  31.0 11831s
 1963622 391908 infeasible   79      2026.72207 1980.81225  2.27%  31.0 11846s
 1964991 392008 1986.74764   78  107 2026.72207 1980.83500  2.26%  30.9 11851s
 1965090 391992 2004.31978   80   87 2026.72207 1980.83708  2.26%  30.9 11855s
 1965441 391987     cutoff  107      2026.72207 1980.84196  2.26%  30.9 11862s
 1965741 392068 1981.09305   93   62 2026.72207 1980.84908  2.26%  30.9 11865s
 1966491 392195 2019.89970  103   21 2026.72207 1980.84908  2.26%  30.9 11870s
 1967329 392319 2010.88541   72  156 2026.72207 1980.87808  2.26%  30.9 11876s
 1968856 392398 1997.04624   71   46 2026.72207 1980.91149  2.26%  30.9 11880s
 1969995 392562 1981.16481   85  173 2026.72207 1980.93670  2.26%  30.9 11886s
 1971250 392626 2022.23534   83   40 2026.72207 1980.95399  2.26%  30.9 11890s
 1972226 392800 infeasible   55      2026.72207 1980.96920  2.26%  30.9 11897s
 1973136 392881 2004.79042   95   14 2026.72207 1980.98487  2.26%  30.9 11900s
 1973859 392905 infeasible   74      2026.72207 1980.99679  2.26%  30.9 11910s
 1975577 393076 2008.49682   87   57 2026.72207 1981.02140  2.25%  30.9 11915s
 1976875 393228 infeasible   69      2026.72207 1981.03901  2.25%  30.9 11921s
 1978100 393407 1981.06408   86   29 2026.72207 1981.05953  2.25%  30.9 11925s
 1979029 393534 1993.73213  113  218 2026.72207 1981.07661  2.25%  30.9 11930s
 1980037 393581 1981.60554   69  200 2026.72207 1981.09366  2.25%  30.9 11936s
 1980664 393611 2004.70725   86  179 2026.72207 1981.10994  2.25%  30.9 11941s
 1981953 393718 1984.34407   86   37 2026.72207 1981.13124  2.25%  30.9 11946s
 1983013 393771 infeasible   74      2026.72207 1981.15413  2.25%  30.9 11951s
 1983863 393786 2013.46300   85   43 2026.72207 1981.17048  2.25%  30.9 11955s
 1984561 393871 infeasible   79      2026.72207 1981.18163  2.25%  30.9 11967s
 1985568 393957 2009.96428   65   52 2026.72207 1981.19412  2.25%  30.9 11970s
 1986869 394018 infeasible   85      2026.72207 1981.22686  2.24%  30.9 11976s
 1987023 394020 2014.94773   81  173 2026.72207 1981.22977  2.24%  30.9 11981s
 1987610 394192 2023.73145   89   23 2026.72207 1981.23419  2.24%  30.9 11987s
 1988437 394275 1992.14841   54  194 2026.72207 1981.25352  2.24%  30.9 11990s
 1990243 394401 2020.32874   97  102 2026.72207 1981.28598  2.24%  30.8 11995s
 1991209 394601 1981.37569   76  243 2026.72207 1981.30032  2.24%  30.8 12000s
 1992803 394620 2011.96801   68   25 2026.72207 1981.33077  2.24%  30.8 12005s
 1993771 394717 1982.60754   97  191 2026.72207 1981.34795  2.24%  30.8 12011s
 1995094 394867 1994.65329   64   30 2026.72207 1981.37682  2.24%  30.8 12025s
 1995885 394957 1984.41421   90   56 2026.72207 1981.39008  2.24%  30.8 12030s
 1997669 395151 2016.99316   82   24 2026.72207 1981.41257  2.24%  30.8 12036s
 1999107 395210 2025.16737   55   76 2026.72207 1981.44104  2.23%  30.8 12040s
 2000069 395425     cutoff  109      2026.72207 1981.45248  2.23%  30.8 12045s
 2001602 395478 infeasible  100      2026.72207 1981.48219  2.23%  30.8 12051s
 2002406 395644 2012.05012   90  176 2026.72207 1981.49654  2.23%  30.8 12055s
 2003703 395643 1982.52242   72  211 2026.72207 1981.52366  2.23%  30.8 12060s
 2005179 395768     cutoff  115      2026.72207 1981.54754  2.23%  30.8 12065s
 2005791 395913 1981.56567   94   29 2026.72207 1981.56156  2.23%  30.8 12077s
 2007214 396031 infeasible   95      2026.72207 1981.57982  2.23%  30.8 12080s
 2007951 396108 2024.49127   84  129 2026.72207 1981.60120  2.23%  30.8 12085s
 2009193 396230     cutoff   90      2026.72207 1981.61780  2.23%  30.8 12090s
 2010911 396364 infeasible   73      2026.72207 1981.64704  2.22%  30.8 12095s
 2012329 396539 2001.17827   81   18 2026.72207 1981.67207  2.22%  30.7 12101s
 2013117 396622 infeasible   66      2026.72207 1981.69186  2.22%  30.7 12106s
 2014364 396787 infeasible  108      2026.72207 1981.71971  2.22%  30.7 12110s
 2015563 396928 1982.97960   87  200 2026.72207 1981.73017  2.22%  30.7 12115s
 2016103 396937 2001.43056   80  195 2026.72207 1981.74068  2.22%  30.7 12126s
 2016244 397288 2001.58806   81  195 2026.72207 1981.74132  2.22%  30.7 12138s
 2018825 397304 2019.95697   80  240 2026.72207 1981.77308  2.22%  30.7 12140s
 2019519 397436 infeasible   93      2026.72207 1981.77896  2.22%  30.7 12147s
 2019844 397479 2020.30579   77   63 2026.72207 1981.78825  2.22%  30.7 12150s
 2020919 397453 2008.50939   55  434 2026.72207 1981.81173  2.22%  30.7 12155s
 2021676 397471 1983.12095   51   38 2026.72207 1981.82566  2.22%  30.7 12160s
 2022566 397586 2006.52311   78   81 2026.72207 1981.84231  2.21%  30.7 12166s
 2023867 397710 infeasible  101      2026.72207 1981.86108  2.21%  30.7 12170s
 2025103 397781 2004.44968   84   40 2026.72207 1981.88919  2.21%  30.7 12176s
 2026281 397869 2004.95253   94   91 2026.72207 1981.90914  2.21%  30.7 12181s
 2026410 397993 2019.51255   95  148 2026.72207 1981.90950  2.21%  30.7 12194s
 2027205 398005 2019.83678   91  200 2026.72207 1981.92474  2.21%  30.7 12195s
 2027929 398134 2014.17707   59  154 2026.72207 1981.93769  2.21%  30.7 12201s
 2028639 398157 2026.13779   64   22 2026.72207 1981.94939  2.21%  30.7 12205s
 2029457 398235 infeasible   52      2026.72207 1981.95906  2.21%  30.7 12211s
 2030832 398367     cutoff   70      2026.72207 1981.98240  2.21%  30.7 12215s
 2032320 398641 2010.01341   61  160 2026.72207 1982.00023  2.21%  30.7 12220s
 2033733 398901     cutoff   70      2026.72207 1982.02381  2.21%  30.7 12226s
 2035029 398921 1982.72814   56   28 2026.72207 1982.04578  2.20%  30.7 12232s
 2035660 398959 1999.23096   81   31 2026.72207 1982.06178  2.20%  30.7 12236s
 2036950 399115 1986.36845   58  170 2026.72207 1982.08233  2.20%  30.7 12258s
 2037698 399092 infeasible   62      2026.72207 1982.09206  2.20%  30.7 12260s
 2038579 399228     cutoff   60      2026.72207 1982.11230  2.20%  30.7 12265s
 2039731 399328 infeasible   74      2026.72207 1982.13256  2.20%  30.7 12270s
 2040990 399493 2004.41994   60   68 2026.72207 1982.16926  2.20%  30.7 12276s
 2041627 399567     cutoff   91      2026.72207 1982.18153  2.20%  30.7 12280s
 2043132 399670     cutoff   93      2026.72207 1982.20311  2.20%  30.7 12286s
 2043857 399790 2023.01560   99  130 2026.72207 1982.21736  2.20%  30.6 12291s
 2044930 399804 2019.28315   94  149 2026.72207 1982.23679  2.19%  30.6 12296s
 2045832 399966 2025.41148   79   45 2026.72207 1982.24952  2.19%  30.6 12301s
 2046854 399955 2006.83719   73  156 2026.72207 1982.26459  2.19%  30.6 12305s
 2047541 399980 1983.76943  105  191 2026.72207 1982.28087  2.19%  30.6 12320s
 2047628 400234 infeasible   83      2026.72207 1982.28399  2.19%  30.6 12334s
 2050960 400219 infeasible   90      2026.72207 1982.30996  2.19%  30.6 12336s
 2051091 400238 2000.42793   78  159 2026.72207 1982.31325  2.19%  30.6 12341s
 2051654 400259 1982.32514   61  194 2026.72207 1982.32474  2.19%  30.6 12345s
 2052835 400438 2020.10819   72   48 2026.72207 1982.34511  2.19%  30.6 12353s
 2053518 400393     cutoff  102      2026.72207 1982.35314  2.19%  30.6 12357s
 2054198 400478 infeasible   91      2026.72207 1982.37112  2.19%  30.6 12362s
 2054884 400507 1982.77764   77  176 2026.72207 1982.38055  2.19%  30.6 12367s
 2055610 400556 2026.58322   74   44 2026.72207 1982.39285  2.19%  30.6 12372s
 2056185 400737 2004.80951   70  156 2026.72207 1982.40300  2.19%  30.6 12376s
 2056938 400789 1999.78048   79  150 2026.72207 1982.41320  2.19%  30.6 12380s
 2058186 400907     cutoff   95      2026.72207 1982.43817  2.19%  30.6 12396s
 2058496 400946 2015.69076  103   18 2026.72207 1982.43999  2.18%  30.6 12401s
 2059433 401090 2021.92319   74   42 2026.72207 1982.45880  2.18%  30.6 12406s
 2060513 401137 2023.83548   74  143 2026.72207 1982.47618  2.18%  30.6 12411s
 2061321 401241 1988.40309   77  182 2026.72207 1982.49146  2.18%  30.6 12417s
 2062128 401376 infeasible   60      2026.72207 1982.50228  2.18%  30.6 12422s
 2062811 401389     cutoff  112      2026.72207 1982.51340  2.18%  30.6 12425s
 2063532 401467 1987.21420   64  115 2026.72207 1982.52811  2.18%  30.6 12430s
 2064402 401593 infeasible   88      2026.72207 1982.54083  2.18%  30.6 12435s
 2065246 401715     cutoff   84      2026.72207 1982.55390  2.18%  30.6 12440s
 2065907 401869 2025.52186   66   52 2026.72207 1982.56391  2.18%  30.6 12445s
 2066490 401966 2023.78353   75  161 2026.72207 1982.57113  2.18%  30.6 12450s
 2067796 402114 infeasible   81      2026.72207 1982.59280  2.18%  30.6 12457s
 2068396 402225 infeasible  111      2026.72207 1982.60033  2.18%  30.6 12467s
 2069281 402254 infeasible  102      2026.72207 1982.61317  2.18%  30.6 12471s
 2070361 402380     cutoff   80      2026.72207 1982.63414  2.18%  30.6 12475s
 2071286 402535 2018.97928   85   31 2026.72207 1982.64752  2.17%  30.5 12481s
 2071881 402560 1987.45239   88  186 2026.72207 1982.65513  2.17%  30.5 12485s
 2073033 402685     cutoff   67      2026.72207 1982.67807  2.17%  30.5 12491s
 2073709 402725 1989.79319   68  180 2026.72207 1982.69058  2.17%  30.5 12495s
 2075046 403070 infeasible   87      2026.72207 1982.71185  2.17%  30.5 12501s
 2076402 403114 infeasible   82      2026.72207 1982.73528  2.17%  30.5 12506s
 2077065 403193 1990.05100   87   49 2026.72207 1982.74526  2.17%  30.5 12511s
 2077684 403255 infeasible   92      2026.72207 1982.75768  2.17%  30.5 12516s
 2078749 403337     cutoff   75      2026.72207 1982.77840  2.17%  30.5 12544s
 2078874 403585 2016.01633   62  173 2026.72207 1982.78166  2.17%  30.5 12552s
 2081549 403577 2010.00873   95   47 2026.72207 1982.80322  2.17%  30.5 12555s
 2082180 403586 infeasible   86      2026.72207 1982.81634  2.17%  30.5 12560s
 2083456 403692 2015.55624   95   53 2026.72207 1982.83974  2.17%  30.5 12565s
 2084828 403906 infeasible   87      2026.72207 1982.85633  2.16%  30.5 12570s
 2085606 404057 infeasible   55      2026.72207 1982.87193  2.16%  30.5 12577s
 2086279 404149 2022.63312   59  150 2026.72207 1982.88515  2.16%  30.5 12580s
 2087584 404240 1992.73738   47  224 2026.72207 1982.90778  2.16%  30.5 12585s
 2088529 404381     cutoff   94      2026.72207 1982.92340  2.16%  30.5 12590s
 2089047 404404     cutoff   61      2026.72207 1982.92813  2.16%  30.5 12601s
 2090065 404433 2005.38714  114  200 2026.72207 1982.94577  2.16%  30.5 12606s
 2090359 404544     cutoff   83      2026.72207 1982.94959  2.16%  30.5 12610s
 2091304 404561 1983.21995   91  186 2026.72207 1982.96285  2.16%  30.5 12615s
 2091695 404665 1984.12339   95  101 2026.72207 1982.96412  2.16%  30.5 12622s
 2092262 404746 infeasible   95      2026.72207 1982.97148  2.16%  30.5 12627s
 2092809 404943     cutoff   81      2026.72207 1982.97955  2.16%  30.5 12632s
 2093893 405136     cutoff   90      2026.72207 1982.99589  2.16%  30.5 12638s
 2094690 405158 2008.97741   74   50 2026.72207 1983.00429  2.16%  30.5 12640s
 2095762 405406 1989.78913   78   35 2026.72207 1983.02078  2.16%  30.5 12647s
 2096418 405478 1983.11640  106  192 2026.72207 1983.03184  2.16%  30.5 12650s
 2097082 405598 1984.58930   50  247 2026.72207 1983.04263  2.16%  30.5 12656s
 2098022 405676 infeasible  108      2026.72207 1983.05903  2.15%  30.5 12661s
 2098862 405833 1988.09734   63  175 2026.72207 1983.07402  2.15%  30.5 12666s
 2099551 405842 1987.32596   96   44 2026.72207 1983.08496  2.15%  30.5 12679s
 2099867 405950     cutoff   60      2026.72207 1983.09403  2.15%  30.5 12686s
 2101757 406044 1999.47590   79  149 2026.72207 1983.12445  2.15%  30.5 12691s
 2102398 406282 infeasible   37      2026.72207 1983.13095  2.15%  30.4 12695s
 2103482 406336     cutoff   96      2026.72207 1983.14603  2.15%  30.4 12701s
 2104249 406395 2003.47536   81  150 2026.72207 1983.15983  2.15%  30.4 12705s
 2105276 406593 infeasible   87      2026.72207 1983.17600  2.15%  30.4 12711s
 2106491 406748 2007.77347   79  223 2026.72207 1983.19065  2.15%  30.4 12716s
 2107704 406846 2008.47246   99   84 2026.72207 1983.21120  2.15%  30.4 12720s
 2108913 406937 2017.27336   79  153 2026.72207 1983.22745  2.15%  30.4 12725s
 2110056 406988 1991.31744   74  216 2026.72207 1983.24870  2.15%  30.4 12741s
 2110810 407071 1993.82026   54  100 2026.72207 1983.26524  2.14%  30.4 12746s
 2111475 407118 2007.48320   85   42 2026.72207 1983.27321  2.14%  30.4 12750s
 2112746 407281 1983.29132   91   39 2026.72207 1983.28912  2.14%  30.4 12757s
 2113399 407378 2024.49784   69   71 2026.72207 1983.29940  2.14%  30.4 12761s
 2114691 407468     cutoff   86      2026.72207 1983.31645  2.14%  30.4 12766s
 2115948 407700 infeasible   72      2026.72207 1983.33360  2.14%  30.4 12771s
 2116613 407801 2000.75057   87  221 2026.72207 1983.34372  2.14%  30.4 12775s
 2117808 407964 2024.96959   89   38 2026.72207 1983.36224  2.14%  30.4 12781s
 2118997 408195 infeasible  111      2026.72207 1983.37696  2.14%  30.4 12786s
 2119867 408278 2014.99158  100   71 2026.72207 1983.38816  2.14%  30.4 12790s
 2120373 408271 infeasible   88      2026.72207 1983.39733  2.14%  30.4 12801s
 2120459 408229 1983.60804   94  124 2026.72207 1983.39733  2.14%  30.4 12818s
 2123971 408224 infeasible   84      2026.72207 1983.42421  2.14%  30.4 12820s
 2124772 408247     cutoff   69      2026.72207 1983.43489  2.14%  30.4 12825s
 2125501 408409 2023.11903   75   42 2026.72207 1983.44704  2.14%  30.4 12830s
 2127097 408548 2006.35777   70  140 2026.72207 1983.47453  2.13%  30.4 12838s
 2127689 408608 2006.61516   76   50 2026.72207 1983.48844  2.13%  30.4 12842s
 2128380 408652 1983.77865   81  208 2026.72207 1983.49545  2.13%  30.4 12846s
 2129365 408690 2020.17309  105  145 2026.72207 1983.51742  2.13%  30.4 12851s
 2130168 408721 infeasible   75      2026.72207 1983.52840  2.13%  30.4 12856s
 2130927 408838 infeasible   97      2026.72207 1983.54292  2.13%  30.4 12870s
 2131054 409221 2025.02137   96   93 2026.72207 1983.54486  2.13%  30.4 12880s
 2133899 409270 2000.10760   80  168 2026.72207 1983.56881  2.13%  30.4 12885s
 2135087 409354     cutoff   90      2026.72207 1983.58134  2.13%  30.4 12890s
 2135720 409406 infeasible  105      2026.72207 1983.59065  2.13%  30.3 12895s
 2136581 409545 2000.47671   81  189 2026.72207 1983.60898  2.13%  30.3 12902s
 2137415 409520 infeasible   95      2026.72207 1983.62849  2.13%  30.3 12905s
 2138281 409620 2013.06033   98   82 2026.72207 1983.64261  2.13%  30.3 12910s
 2139413 409749     cutoff   97      2026.72207 1983.65951  2.12%  30.3 12917s
 2140515 409835 infeasible   65      2026.72207 1983.67380  2.12%  30.3 12920s
 2141120 409960 1989.21771   79  176 2026.72207 1983.68152  2.12%  30.3 12925s
 2141692 409959 infeasible   90      2026.72207 1983.69155  2.12%  30.3 12936s
 2141827 410179 2006.64374   84   45 2026.72207 1983.69361  2.12%  30.3 12946s
 2144262 410234 2014.96445   93  171 2026.72207 1983.72175  2.12%  30.3 12952s
 2144806 410329 infeasible   54      2026.72207 1983.72951  2.12%  30.3 12955s
 2145737 410337 infeasible   78      2026.72207 1983.74286  2.12%  30.3 12960s
 2146808 410391 infeasible   92      2026.72207 1983.76001  2.12%  30.3 12966s
 2147478 410453 2026.37077   91   80 2026.72207 1983.77597  2.12%  30.3 12971s
 2148087 410555 2016.04322   94  188 2026.72207 1983.78718  2.12%  30.3 12976s
 2148882 410697 2009.60945   83  164 2026.72207 1983.79788  2.12%  30.3 12980s
 2150194 410838 1999.29722  104   13 2026.72207 1983.81122  2.12%  30.3 12985s
 2151640 410964     cutoff   91      2026.72207 1983.83481  2.12%  30.3 12991s
 2152367 411055 1985.53765  112  193 2026.72207 1983.84338  2.12%  30.3 13004s
 2152545 411145 2006.82939   83  153 2026.72207 1983.84708  2.12%  30.3 13011s
 2154150 411141 2012.89478  108   26 2026.72207 1983.86991  2.11%  30.3 13015s
 2154896 411273     cutoff   92      2026.72207 1983.88133  2.11%  30.3 13021s
 2156393 411415 2024.41646  111   54 2026.72207 1983.90448  2.11%  30.3 13026s
 2156490 411397     cutoff   56      2026.72207 1983.90757  2.11%  30.3 13030s
 2157151 411441 2005.76595   90  142 2026.72207 1983.92640  2.11%  30.3 13035s
 2157990 411438     cutoff  119      2026.72207 1983.94114  2.11%  30.3 13040s
 2159147 411520 2018.51093   86  134 2026.72207 1983.95667  2.11%  30.3 13046s
 2159914 411711     cutoff   70      2026.72207 1983.96935  2.11%  30.3 13052s
 2160669 411809 1984.01044  101  110 2026.72207 1983.98032  2.11%  30.3 13056s
 2161414 411903 1984.32280   87  135 2026.72207 1983.98965  2.11%  30.3 13060s
 2162631 412034 1994.10414   67   83 2026.72207 1984.01185  2.11%  30.3 13076s
 2163520 412066 2017.17897   92  157 2026.72207 1984.02439  2.11%  30.3 13083s
 2163829 412196     cutoff   92      2026.72207 1984.03708  2.11%  30.3 13086s
 2164845 412232 2026.68574   70   63 2026.72207 1984.05205  2.11%  30.3 13092s
 2165631 412327 2003.81353   72   48 2026.72207 1984.07414  2.10%  30.3 13097s
 2167012 412377 infeasible   90      2026.72207 1984.09807  2.10%  30.3 13101s
 2167774 412507 2023.91385   96   35 2026.72207 1984.11072  2.10%  30.3 13105s
 2168464 412600 2000.14826   77  220 2026.72207 1984.12000  2.10%  30.3 13110s
 2169262 412702 2021.72588   71  132 2026.72207 1984.13568  2.10%  30.3 13116s
 2170469 412816 1984.65695   71  132 2026.72207 1984.15801  2.10%  30.3 13122s
 2171278 412937     cutoff   94      2026.72207 1984.17099  2.10%  30.3 13125s
 2172309 412977     cutoff  100      2026.72207 1984.18269  2.10%  30.3 13130s
 2173043 413006 2002.12274   86  170 2026.72207 1984.20251  2.10%  30.3 13157s
 2173268 413197 infeasible  118      2026.72207 1984.20291  2.10%  30.3 13163s
 2174659 413210 infeasible   76      2026.72207 1984.22533  2.10%  30.3 13166s
 2174738 413217 infeasible  100      2026.72207 1984.22615  2.10%  30.3 13170s
 2175892 413385 infeasible   73      2026.72207 1984.24189  2.10%  30.3 13176s
 2176768 413493 2003.99570   90  132 2026.72207 1984.26029  2.10%  30.3 13182s
 2177474 413498 2018.77861   58   86 2026.72207 1984.27069  2.09%  30.3 13185s
 2178874 413725 infeasible   62      2026.72207 1984.28403  2.09%  30.3 13192s
 2179585 413791 1984.33364   75  191 2026.72207 1984.29202  2.09%  30.3 13196s
 2179680 413892 2025.54062   77   70 2026.72207 1984.29428  2.09%  30.3 13200s
 2180629 413941     cutoff   85      2026.72207 1984.31168  2.09%  30.3 13205s
 2181888 414086 2020.66481   77  134 2026.72207 1984.33048  2.09%  30.3 13212s
 2182713 414087 infeasible  103      2026.72207 1984.34409  2.09%  30.3 13216s
 2183457 414168 2021.91021   84   75 2026.72207 1984.35716  2.09%  30.2 13231s
 2184305 414226 infeasible   91      2026.72207 1984.37084  2.09%  30.2 13235s
 2185247 414304     cutoff  104      2026.72207 1984.38950  2.09%  30.2 13240s
 2186368 414328 2015.69843   75   38 2026.72207 1984.40929  2.09%  30.2 13246s
 2187149 414494     cutoff   67      2026.72207 1984.42684  2.09%  30.2 13251s
 2187968 414547 1987.13611   76  117 2026.72207 1984.43576  2.09%  30.2 13255s
 2189136 414540     cutoff   81      2026.72207 1984.45793  2.09%  30.2 13260s
 2189801 414595 2022.94199   91  131 2026.72207 1984.46734  2.08%  30.2 13265s
 2190837 414720 infeasible   72      2026.72207 1984.48397  2.08%  30.2 13270s
 2191467 414785 infeasible   89      2026.72207 1984.49247  2.08%  30.2 13275s
 2192700 414760 infeasible   84      2026.72207 1984.51413  2.08%  30.2 13281s
 2192947 414884 1984.53623   75  222 2026.72207 1984.51845  2.08%  30.2 13285s
 2193689 415039 infeasible   83      2026.72207 1984.52616  2.08%  30.2 13297s
 2194719 415100 2007.65980  106   77 2026.72207 1984.53972  2.08%  30.2 13301s
 2195402 415179 2009.57861   91   93 2026.72207 1984.54916  2.08%  30.2 13306s
 2195917 415183 2024.06907   98  165 2026.72207 1984.56090  2.08%  30.2 13311s
 2196787 415222 infeasible   79      2026.72207 1984.57817  2.08%  30.2 13316s
 2196892 415304 infeasible   56      2026.72207 1984.58042  2.08%  30.2 13320s
 2197614 415359 2022.90823   96  131 2026.72207 1984.59007  2.08%  30.2 13325s
 2199131 415426 infeasible   50      2026.72207 1984.61686  2.08%  30.2 13331s
 2199691 415565 2001.20571   75  151 2026.72207 1984.62782  2.08%  30.2 13337s
 2200521 415613 infeasible   57      2026.72207 1984.64218  2.08%  30.2 13342s
 2201224 415680 2017.46646   62   31 2026.72207 1984.65126  2.08%  30.2 13346s
 2201971 415682 infeasible   92      2026.72207 1984.66244  2.08%  30.2 13351s
 2201984 415681     cutoff   72      2026.72207 1984.66408  2.08%  30.2 13357s
 2201999 415684 2001.97286   82  157 2026.72207 1984.66408  2.08%  30.2 13363s
 2202005 415685 2008.90442   83  148 2026.72207 1984.66408  2.08%  30.2 13366s
 2202010 415674 2020.25427   84  142 2026.72207 1984.66408  2.08%  30.2 13371s
 2202034 415674     cutoff   86      2026.72207 1984.66577  2.08%  30.2 13378s
 2202041 415671 2016.95845   76  127 2026.72207 1984.66640  2.08%  30.2 13381s
 2202055 415672 infeasible   76      2026.72207 1984.66640  2.08%  30.2 13387s
 2202064 415665 infeasible   77      2026.72207 1984.66709  2.08%  30.2 13390s
 2202110 415658 1999.93779   49  121 2026.72207 1984.66739  2.08%  30.2 13395s
 2202210 415691 infeasible   72      2026.72207 1984.66923  2.07%  30.2 13402s
 2202288 415687 2015.66876   44   51 2026.72207 1984.66966  2.07%  30.2 13405s
 2202329 415675     cutoff   75      2026.72207 1984.67276  2.07%  30.2 13410s
 2202408 415687 infeasible   63      2026.72207 1984.67276  2.07%  30.2 13415s
 2202550 415713 1985.87118   65  127 2026.72207 1984.67276  2.07%  30.2 13422s
 2202598 415692 2022.03323   83  251 2026.72207 1984.67276  2.07%  30.2 13425s
 2202747 415713 1988.39804   70   71 2026.72207 1984.67276  2.07%  30.2 13431s
 2202837 415706 2001.77557   93  162 2026.72207 1984.67276  2.07%  30.2 13437s
 2202931 415681 2009.30650   61  191 2026.72207 1984.67276  2.07%  30.2 13441s
 2203044 415673 2010.57477   66  172 2026.72207 1984.67276  2.07%  30.2 13445s
 2203283 415643 2013.29593   71   40 2026.72207 1984.67276  2.07%  30.2 13451s
 2203440 415630 infeasible   68      2026.72207 1984.67276  2.07%  30.2 13456s
 2203896 415610 infeasible  101      2026.72207 1984.70654  2.07%  30.2 13462s
 2204003 415698 2009.20640   54   33 2026.72207 1984.70866  2.07%  30.2 13466s
 2204916 415710 infeasible   80      2026.72207 1984.71888  2.07%  30.2 13479s
 2205202 415882 2008.60563   80  157 2026.72207 1984.72650  2.07%  30.2 13484s
 2206323 415895 1984.76378   87   42 2026.72207 1984.74039  2.07%  30.2 13486s
 2206949 415984     cutoff   97      2026.72207 1984.75012  2.07%  30.2 13490s
 2207730 416169 2006.50035   90  151 2026.72207 1984.75648  2.07%  30.2 13495s
 2208460 416181 2001.23978  107   52 2026.72207 1984.77218  2.07%  30.2 13500s
 2209379 416334 infeasible   86      2026.72207 1984.78400  2.07%  30.2 13508s
 2209941 416347 1984.97071   72  222 2026.72207 1984.79175  2.07%  30.2 13510s
 2210624 416481 1986.84959  101  192 2026.72207 1984.80091  2.07%  30.2 13515s
 2211322 416519 1989.06274   76  172 2026.72207 1984.81044  2.07%  30.2 13521s
 2212146 416602 2008.16832   77  161 2026.72207 1984.82316  2.07%  30.2 13526s
 2212898 416686 2009.19595  101  164 2026.72207 1984.83554  2.07%  30.2 13530s
 2213626 416724 1985.14563   67  145 2026.72207 1984.84699  2.07%  30.2 13535s
 2214487 416754 infeasible   75      2026.72207 1984.85870  2.07%  30.2 13542s
 2215083 416796 2011.41947   65   23 2026.72207 1984.87364  2.06%  30.2 13545s
 2215677 416802 2017.89103   83  168 2026.72207 1984.88051  2.06%  30.2 13573s
 2215835 417031 1990.96158   60  102 2026.72207 1984.88869  2.06%  30.2 13582s
 2217884 417021 2001.84090   81   79 2026.72207 1984.91310  2.06%  30.2 13585s
 2218738 417128 infeasible   61      2026.72207 1984.92980  2.06%  30.2 13590s
 2219878 417155 infeasible   67      2026.72207 1984.94913  2.06%  30.2 13596s
 2220632 417213 infeasible   85      2026.72207 1984.96732  2.06%  30.2 13600s
 2221335 417380 infeasible   64      2026.72207 1984.98163  2.06%  30.2 13605s
 2222020 417456     cutoff   66      2026.72207 1984.98955  2.06%  30.2 13610s
 2223389 417524 1998.18064   52   18 2026.72207 1985.01075  2.06%  30.2 13616s
 2224544 417596 infeasible   70      2026.72207 1985.02721  2.06%  30.2 13620s
 2225169 417775 infeasible   78      2026.72207 1985.03613  2.06%  30.2 13625s
 2226315 417949 2000.18585  101   71 2026.72207 1985.04826  2.06%  30.2 13663s
 2227199 417911 2019.22296   82  148 2026.72207 1985.05706  2.06%  30.2 13667s
 2227633 417902     cutoff   88      2026.72207 1985.06404  2.06%  30.2 13670s
 2228665 418120     cutoff   77      2026.72207 1985.07853  2.05%  30.2 13675s
 2229695 418316 2009.20169   95  153 2026.72207 1985.08819  2.05%  30.2 13683s
 2230285 418328 2025.95955   89   39 2026.72207 1985.09921  2.05%  30.2 13685s
 2231003 418435 1989.13545   74   89 2026.72207 1985.11181  2.05%  30.2 13690s
 2231617 418540 infeasible   74      2026.72207 1985.12084  2.05%  30.2 13695s
 2232179 418640 infeasible   81      2026.72207 1985.12921  2.05%  30.2 13701s
 2232703 418721     cutoff   75      2026.72207 1985.13656  2.05%  30.2 13706s
 2232882 418732 infeasible   80      2026.72207 1985.13908  2.05%  30.2 13710s
 2233539 418764     cutoff   95      2026.72207 1985.15402  2.05%  30.2 13717s
 2234152 418889     cutoff   84      2026.72207 1985.16171  2.05%  30.2 13723s
 2234852 418934 infeasible   79      2026.72207 1985.17245  2.05%  30.2 13726s
 2235123 418973 infeasible   71      2026.72207 1985.17356  2.05%  30.2 13730s
 2235860 419013 2015.80515  107  232 2026.72207 1985.18905  2.05%  30.2 13735s
 2237170 419144 1987.35031   73  149 2026.72207 1985.20547  2.05%  30.2 13749s
 2237287 419532 infeasible   68      2026.72207 1985.20646  2.05%  30.2 13762s
 2240248 419524 2020.82799   93  147 2026.72207 1985.23451  2.05%  30.1 13765s
 2240782 419591 1995.41023   78  166 2026.72207 1985.24515  2.05%  30.1 13770s
 2241539 419829 infeasible  103      2026.72207 1985.25530  2.05%  30.1 13775s
 2242692 419936     cutoff   87      2026.72207 1985.26896  2.05%  30.1 13782s
 2243357 419943 infeasible   81      2026.72207 1985.28086  2.04%  30.1 13786s
 2244109 419997 2018.21585  113   37 2026.72207 1985.29458  2.04%  30.1 13790s
 2245314 420032 1985.31417   64    9 2026.72207 1985.31270  2.04%  30.1 13795s
 2246112 420019 infeasible   62      2026.72207 1985.33174  2.04%  30.1 13800s
 2246797 420142 infeasible  105      2026.72207 1985.34325  2.04%  30.1 13806s
 2247490 420198 2021.93982   73   39 2026.72207 1985.35383  2.04%  30.1 13819s
 2248283 420204 1986.45231   77  147 2026.72207 1985.36771  2.04%  30.1 13820s
 2248942 420352     cutoff   77      2026.72207 1985.37145  2.04%  30.1 13826s
 2249975 420444 1990.68973   84   22 2026.72207 1985.39115  2.04%  30.1 13830s
 2250715 420646 infeasible   95      2026.72207 1985.39876  2.04%  30.1 13836s
 2251379 420756     cutoff  104      2026.72207 1985.40837  2.04%  30.1 13840s
 2252551 420863 2013.44709   85   84 2026.72207 1985.42615  2.04%  30.1 13846s
 2253645 421064     cutoff   72      2026.72207 1985.44355  2.04%  30.1 13852s
 2254147 421157 infeasible   94      2026.72207 1985.44963  2.04%  30.1 13857s
 2254683 421215 infeasible   83      2026.72207 1985.45801  2.04%  30.1 13861s
 2255880 421232 infeasible  106      2026.72207 1985.47426  2.04%  30.1 13865s
 2256654 421396 1991.77656   76  162 2026.72207 1985.49060  2.03%  30.1 13871s
 2257367 421404 2009.31983   75  137 2026.72207 1985.49934  2.03%  30.1 13875s
 2257878 421386 infeasible   92      2026.72207 1985.50889  2.03%  30.1 13903s
 2258177 421579 2009.71594   78  242 2026.72207 1985.51174  2.03%  30.1 13907s
 2259302 421635 2009.55661   90   43 2026.72207 1985.52748  2.03%  30.1 13911s
 2260263 421741 1992.33250   78   92 2026.72207 1985.54039  2.03%  30.1 13916s
 2261065 421914 infeasible   88      2026.72207 1985.55263  2.03%  30.1 13922s
 2262060 422012 1985.72999   70   37 2026.72207 1985.56269  2.03%  30.1 13926s
 2262765 422136 infeasible   60      2026.72207 1985.57179  2.03%  30.1 13931s
 2263644 422245 1986.94749   74  223 2026.72207 1985.57987  2.03%  30.1 13935s
 2264369 422360 1995.15946   92  161 2026.72207 1985.59306  2.03%  30.1 13941s
 2265071 422435 1989.86915   94  200 2026.72207 1985.60266  2.03%  30.1 13946s
 2266437 422715 infeasible   68      2026.72207 1985.61693  2.03%  30.1 13952s
 2267345 422728 infeasible   65      2026.72207 1985.62729  2.03%  30.1 13957s
 2267583 422765 2000.59809   48  107 2026.72207 1985.63624  2.03%  30.1 13960s
 2268134 422844 infeasible   62      2026.72207 1985.64772  2.03%  30.1 13976s
 2269471 422893 2019.89399   76   53 2026.72207 1985.67374  2.03%  30.1 13980s
 2270194 422950 infeasible   67      2026.72207 1985.68614  2.02%  30.1 13986s
 2270986 423030 infeasible   54      2026.72207 1985.69789  2.02%  30.1 13990s
 2271623 423056 2013.95138  112  154 2026.72207 1985.70600  2.02%  30.1 13995s
 2272766 423072 infeasible  108      2026.72207 1985.73027  2.02%  30.1 14001s
 2273495 423187 infeasible   89      2026.72207 1985.74115  2.02%  30.1 14005s
 2274300 423284 1985.77710  100   51 2026.72207 1985.75137  2.02%  30.1 14011s
 2274957 423346 2008.79415  107   21 2026.72207 1985.76203  2.02%  30.1 14015s
 2276287 423404 1997.25281   64   61 2026.72207 1985.77772  2.02%  30.1 14021s
 2277072 423613 2024.49425   65   27 2026.72207 1985.78226  2.02%  30.1 14025s
 2278440 423845 1993.09301   56   63 2026.72207 1985.79786  2.02%  30.1 14058s
 2279156 423945 1997.67724  103  139 2026.72207 1985.81576  2.02%  30.1 14061s
 2279812 424066 2002.74776  114   19 2026.72207 1985.82407  2.02%  30.1 14065s
 2280895 424139 infeasible   93      2026.72207 1985.84414  2.02%  30.1 14071s
 2281640 424185 2018.25634   84   78 2026.72207 1985.85605  2.02%  30.1 14075s
 2282871 424249 infeasible   87      2026.72207 1985.87740  2.02%  30.1 14080s
 2283941 424266 1990.59175   97  182 2026.72207 1985.89302  2.01%  30.1 14085s
 2284435 424260 infeasible   69      2026.72207 1985.90331  2.01%  30.1 14091s
 2285073 424335 infeasible   66      2026.72207 1985.91188  2.01%  30.1 14096s
 2285625 424415 2022.82481  103   35 2026.72207 1985.91757  2.01%  30.1 14101s
 2286447 424475 1986.18746   60   80 2026.72207 1985.93336  2.01%  30.1 14106s
 2287189 424489 1986.22280  118  187 2026.72207 1985.94318  2.01%  30.1 14110s
 2288427 424563 2008.04465   65  199 2026.72207 1985.96537  2.01%  30.1 14117s
 2289016 424556 infeasible   75      2026.72207 1985.97601  2.01%  30.1 14132s
 2289298 424675 1985.98369   96  146 2026.72207 1985.98152  2.01%  30.1 14137s
 2290494 424768     cutoff   85      2026.72207 1985.99710  2.01%  30.1 14142s
 2291384 424831 1998.21745   77   16 2026.72207 1986.01690  2.01%  30.1 14147s
 2292046 424911 2022.64446   99   54 2026.72207 1986.02231  2.01%  30.1 14151s
 2292734 424980 1998.13788   98  155 2026.72207 1986.03801  2.01%  30.1 14155s
 2294074 425000 2002.97357  104  227 2026.72207 1986.06034  2.01%  30.1 14161s
 2294754 425151 1995.81861   94  178 2026.72207 1986.07160  2.01%  30.1 14165s
 2295653 425210 2015.25471   72   81 2026.72207 1986.08703  2.00%  30.1 14170s
 2296385 425382 1988.36643   79    9 2026.72207 1986.09871  2.00%  30.1 14177s
 2297093 425421 1987.75585  113  131 2026.72207 1986.10476  2.00%  30.1 14182s
 2298262 425510 1986.92293   88  189 2026.72207 1986.12787  2.00%  30.1 14186s
 2298835 425630 2026.69781   88   66 2026.72207 1986.13632  2.00%  30.1 14191s
 2299277 425615 2009.92987   94  123 2026.72207 1986.13919  2.00%  30.1 14204s
 2299464 425975 infeasible  106      2026.72207 1986.14243  2.00%  30.1 14212s
 2301438 425966 infeasible   84      2026.72207 1986.16358  2.00%  30.0 14215s
 2301687 425968 1997.30630   54  146 2026.72207 1986.16493  2.00%  30.0 14220s
 2302420 425974 infeasible   97      2026.72207 1986.17846  2.00%  30.0 14226s
 2302460 426008 1986.23034   63  163 2026.72207 1986.17846  2.00%  30.0 14230s
 2302630 426055 2013.46168   65  136 2026.72207 1986.18310  2.00%  30.0 14235s
 2303548 426102 infeasible   83      2026.72207 1986.19741  2.00%  30.0 14241s
 2304341 426156     cutoff   63      2026.72207 1986.20897  2.00%  30.0 14245s
 2305991 426329 infeasible   86      2026.72207 1986.23034  2.00%  30.0 14251s
 2306255 426363 infeasible   51      2026.72207 1986.23320  2.00%  30.0 14255s
 2306960 426373 infeasible   70      2026.72207 1986.24025  2.00%  30.0 14260s
 2307661 426455 infeasible   87      2026.72207 1986.25596  2.00%  30.0 14265s
 2309027 426532 2008.17367   65   77 2026.72207 1986.27020  2.00%  30.0 14271s
 2309716 426751 2024.82356   73   43 2026.72207 1986.27886  2.00%  30.0 14290s
 2310456 426782 1987.14486   89  157 2026.72207 1986.28537  2.00%  30.0 14296s
 2311233 426895 infeasible   38      2026.72207 1986.29426  1.99%  30.0 14302s
 2312294 426961     cutoff   77      2026.72207 1986.31409  1.99%  30.0 14306s
 2313093 427046 2024.07806   85  176 2026.72207 1986.32865  1.99%  30.0 14310s
 2314025 427108 infeasible   79      2026.72207 1986.34364  1.99%  30.0 14317s
 2314474 427110     cutoff   88      2026.72207 1986.35248  1.99%  30.0 14320s
 2315239 427211 2003.54364   76  174 2026.72207 1986.36265  1.99%  30.0 14326s
 2315339 427311     cutoff   57      2026.72207 1986.36265  1.99%  30.0 14330s
 2316427 427367 1986.39181   76   38 2026.72207 1986.38220  1.99%  30.0 14336s
 2317623 427504 2006.77849   66   26 2026.72207 1986.39635  1.99%  30.0 14341s
 2318348 427543     cutoff   76      2026.72207 1986.40436  1.99%  30.0 14346s
 2319331 427550     cutoff   96      2026.72207 1986.41839  1.99%  30.0 14351s
 2320073 427609     cutoff   74      2026.72207 1986.42817  1.99%  30.0 14386s
 2320324 427640 2016.43094   70  230 2026.72207 1986.43603  1.99%  30.0 14392s
 2321672 427594 infeasible   62      2026.72207 1986.45797  1.99%  30.0 14396s
 2322514 427662 2015.30275  100  180 2026.72207 1986.46799  1.99%  30.0 14400s
 2323226 427724 2024.44649  101  184 2026.72207 1986.48259  1.99%  30.0 14405s
 2323907 427764 1987.05460  110  196 2026.72207 1986.49807  1.98%  30.0 14412s
 2324705 427759 2010.97777   96  155 2026.72207 1986.51314  1.98%  30.0 14416s
 2325417 427740 1989.62056   68  107 2026.72207 1986.53051  1.98%  30.0 14420s
 2326501 427897 1994.31287   75  107 2026.72207 1986.54594  1.98%  30.0 14427s
 2327302 427894 2008.39631   90  155 2026.72207 1986.56446  1.98%  30.0 14431s
 2327655 427954 infeasible  112      2026.72207 1986.56851  1.98%  30.0 14435s
 2329050 428032 2021.52784   78  148 2026.72207 1986.58863  1.98%  30.0 14443s
 2329631 428040 infeasible   72      2026.72207 1986.60040  1.98%  30.0 14446s
 2330371 428077 1986.63524  114   46 2026.72207 1986.61723  1.98%  30.0 14488s
 2330844 428098 infeasible   87      2026.72207 1986.62071  1.98%  30.0 14490s
 2332007 428125 infeasible   80      2026.72207 1986.64126  1.98%  30.0 14496s
 2332732 428180 1991.71355   87   25 2026.72207 1986.65450  1.98%  30.0 14502s
 2333005 428172 2024.79303   81  103 2026.72207 1986.65730  1.98%  30.0 14505s
 2333985 428358 2024.58213   81  145 2026.72207 1986.67225  1.98%  30.0 14510s
 2334770 428534 1991.50341   45   30 2026.72207 1986.68447  1.98%  30.0 14517s
 2335541 428626 2022.21273   92   38 2026.72207 1986.69471  1.97%  30.0 14523s
 2336077 428611 2014.57018   62   24 2026.72207 1986.70138  1.97%  30.0 14526s
 2336598 428705 infeasible   77      2026.72207 1986.71166  1.97%  30.0 14531s
 2337368 428753 1987.18435   70  201 2026.72207 1986.71906  1.97%  30.0 14536s
 2338220 428807 infeasible   93      2026.72207 1986.73095  1.97%  30.0 14541s
 2338773 428779 1987.58012   87   12 2026.72207 1986.73782  1.97%  30.0 14546s
 2339598 428745 infeasible   61      2026.72207 1986.75410  1.97%  30.0 14550s
 2340102 428815     cutoff   80      2026.72207 1986.76315  1.97%  30.0 14556s
 2340675 428924 infeasible   84      2026.72207 1986.77043  1.97%  30.0 14598s
 2341560 429025 1987.49361   90  131 2026.72207 1986.78286  1.97%  30.0 14601s
 2342522 429151 2023.19378   74   76 2026.72207 1986.79576  1.97%  30.0 14606s
 2343166 429248 infeasible   73      2026.72207 1986.80637  1.97%  30.0 14610s
 2344219 429307 infeasible   64      2026.72207 1986.81847  1.97%  30.0 14616s
 2345083 429434 infeasible   66      2026.72207 1986.83335  1.97%  30.0 14621s
 2345903 429516     cutoff   79      2026.72207 1986.84346  1.97%  30.0 14625s
 2347114 429599 2004.48126   97   46 2026.72207 1986.86219  1.97%  30.0 14631s
 2347771 429639 1986.87322   73   14 2026.72207 1986.86875  1.97%  30.0 14635s
 2348407 429649 infeasible   58      2026.72207 1986.87903  1.97%  30.0 14641s
 2348582 429706 1999.92780   82   19 2026.72207 1986.88349  1.97%  30.0 14645s
 2349300 429788 1997.65350   85   84 2026.72207 1986.89368  1.97%  30.0 14650s
 2350594 429858 infeasible   79      2026.72207 1986.90846  1.96%  30.0 14656s
 2351125 429899     cutoff   68      2026.72207 1986.91894  1.96%  30.0 14694s
 2351616 429899 1996.70762   95  181 2026.72207 1986.92835  1.96%  30.0 14696s
 2351802 429964 2006.23577   89  154 2026.72207 1986.92967  1.96%  30.0 14700s
 2353425 430114 2024.92892   80   70 2026.72207 1986.95402  1.96%  30.0 14706s
 2354004 430114 2003.67853   79  196 2026.72207 1986.96270  1.96%  30.0 14711s
 2354261 430111     cutoff   90      2026.72207 1986.96286  1.96%  30.0 14716s
 2354840 430032 2011.66602   76  175 2026.72207 1986.97821  1.96%  30.0 14720s
 2355691 430102     cutoff   83      2026.72207 1986.99804  1.96%  30.0 14725s
 2357081 430250     cutoff   73      2026.72207 1987.01581  1.96%  30.0 14732s
 2357847 430540 1997.47460   87   54 2026.72207 1987.02409  1.96%  30.0 14736s
 2358576 430670 2006.54387   63   57 2026.72207 1987.03388  1.96%  30.0 14740s
 2360074 430761 infeasible   71      2026.72207 1987.05124  1.96%  30.0 14746s
 2360921 430753     cutoff   83      2026.72207 1987.06217  1.96%  30.0 14750s
 2361769 430955 1993.84194   75    8 2026.72207 1987.07479  1.96%  29.9 14792s
 2362564 431040 infeasible   83      2026.72207 1987.08973  1.96%  29.9 14799s
 2363105 431067 2021.88295   43   75 2026.72207 1987.10174  1.95%  29.9 14802s
 2363373 431091 1987.13028   75  104 2026.72207 1987.10596  1.95%  29.9 14805s
 2363959 431131 1988.54332  102   51 2026.72207 1987.11661  1.95%  29.9 14812s
 2364540 431110 2011.22955   99  131 2026.72207 1987.12310  1.95%  29.9 14816s
 2364601 431266     cutoff   59      2026.72207 1987.12351  1.95%  29.9 14820s
 2365488 431307     cutoff   62      2026.72207 1987.13415  1.95%  29.9 14825s
 2366391 431422 2006.10818   62  139 2026.72207 1987.14779  1.95%  29.9 14831s
 2367061 431456     cutoff   85      2026.72207 1987.15745  1.95%  29.9 14837s
 2367814 431461 infeasible   87      2026.72207 1987.17259  1.95%  29.9 14842s
 2368511 431451 1999.80943   62  150 2026.72207 1987.18576  1.95%  29.9 14848s
 2369037 431461 2022.95804   79  140 2026.72207 1987.18925  1.95%  29.9 14850s
 2369167 431465     cutoff   82      2026.72207 1987.18925  1.95%  29.9 14855s
 2369313 431427 2009.03567   78   57 2026.72207 1987.19680  1.95%  29.9 14862s
 2369480 431574 infeasible   76      2026.72207 1987.20456  1.95%  29.9 14865s
 2370964 431681 1987.44173   91  158 2026.72207 1987.22394  1.95%  29.9 14871s
 2371071 431630 1988.08845   66  195 2026.72207 1987.22642  1.95%  29.9 14875s
 2371646 431672 infeasible   86      2026.72207 1987.23808  1.95%  29.9 14880s
 2372240 431656     cutoff   68      2026.72207 1987.24456  1.95%  29.9 14918s
 2372425 431864 infeasible   76      2026.72207 1987.24818  1.95%  29.9 14927s
 2374339 431872 2020.78677   62  150 2026.72207 1987.27186  1.95%  29.9 14930s
 2374455 431904 1994.10123   65  153 2026.72207 1987.27376  1.95%  29.9 14935s
 2375108 431957 infeasible   80      2026.72207 1987.28110  1.95%  29.9 14941s
 2375791 432016 infeasible   90      2026.72207 1987.29496  1.95%  29.9 14945s
 2376532 432038 infeasible   69      2026.72207 1987.30684  1.94%  29.9 14950s
 2377083 432021 2012.71393   91  191 2026.72207 1987.31665  1.94%  29.9 14955s
 2378229 432104 infeasible   89      2026.72207 1987.33558  1.94%  29.9 14960s
 2378812 432270 1987.63308   87  232 2026.72207 1987.33973  1.94%  29.9 14965s
 2379477 432313 1987.35212   94   31 2026.72207 1987.34949  1.94%  29.9 14971s
 2380236 432317 1987.36301   54   16 2026.72207 1987.36085  1.94%  29.9 14978s
 2380777 432331 infeasible   74      2026.72207 1987.37010  1.94%  29.9 14980s
 2381389 432394 1987.99559   62  152 2026.72207 1987.38135  1.94%  29.9 14985s
 2382240 432448     cutoff   62      2026.72207 1987.39481  1.94%  29.9 14991s
 2382353 432597 infeasible   89      2026.72207 1987.39619  1.94%  29.9 14995s
 2382935 432653 2015.35342   75   35 2026.72207 1987.40269  1.94%  29.9 15040s
 2383597 432741 infeasible   64      2026.72207 1987.41329  1.94%  29.9 15048s
 2384272 432738 infeasible   76      2026.72207 1987.42114  1.94%  29.9 15051s
 2384374 432779 2018.75615   76   49 2026.72207 1987.42453  1.94%  29.9 15058s
 2385132 432772 1994.56012   89   43 2026.72207 1987.43539  1.94%  29.9 15060s
 2386043 432819 2000.97966   64  123 2026.72207 1987.45190  1.94%  29.9 15065s
 2386162 432894 2019.44939   77   42 2026.72207 1987.45526  1.94%  29.9 15070s
 2387384 432945 1987.61318   73  165 2026.72207 1987.47176  1.94%  29.9 15076s
 2387483 432976 1999.07207   71   96 2026.72207 1987.47506  1.94%  29.9 15080s
 2388196 433013 2008.89521   89   62 2026.72207 1987.48573  1.94%  29.9 15086s
 2388846 432997     cutoff   77      2026.72207 1987.49855  1.94%  29.9 15090s
 2389646 433050 1987.52539   56   78 2026.72207 1987.51203  1.93%  29.9 15096s
 2389778 433071     cutoff   74      2026.72207 1987.51414  1.93%  29.9 15101s
 2390472 433098 1999.14440   73  131 2026.72207 1987.52920  1.93%  29.9 15107s
 2391349 433142 2011.64035   98   53 2026.72207 1987.54389  1.93%  29.9 15114s
 2391967 433124 2023.04216   90  106 2026.72207 1987.55125  1.93%  29.9 15116s
 2392254 433140 infeasible   95      2026.72207 1987.55535  1.93%  29.9 15121s
 2392486 433111 2004.38417   84  153 2026.72207 1987.55535  1.93%  29.9 15125s
 2392686 433090 1989.10442   82   27 2026.72207 1987.56485  1.93%  29.9 15131s
 2393481 433113 infeasible   63      2026.72207 1987.58272  1.93%  29.9 15139s
 2394062 433114 infeasible   82      2026.72207 1987.58866  1.93%  29.9 15172s
 2394288 433093 infeasible   80      2026.72207 1987.59573  1.93%  29.9 15183s
 2395634 433086 2024.78664   79  155 2026.72207 1987.61492  1.93%  29.9 15186s
 2395722 433076 1991.32205   88  183 2026.72207 1987.61582  1.93%  29.9 15190s
 2396460 433113 2002.98339   84   18 2026.72207 1987.62561  1.93%  29.9 15197s
 2397205 433175 1988.28061   65   20 2026.72207 1987.64217  1.93%  29.9 15204s
 2397752 433139     cutoff   76      2026.72207 1987.65105  1.93%  29.9 15208s
 2397971 433191 infeasible   61      2026.72207 1987.65706  1.93%  29.9 15212s
 2398495 433178 2005.82915   92  140 2026.72207 1987.66525  1.93%  29.9 15215s
 2399112 433190 2005.22814   55  100 2026.72207 1987.67529  1.93%  29.9 15224s
 2399627 433189 2025.61949   80  112 2026.72207 1987.68557  1.93%  29.9 15226s
 2399718 433233     cutoff   80      2026.72207 1987.68720  1.93%  29.9 15231s
 2400430 433338 2018.01096   64   52 2026.72207 1987.69870  1.93%  29.9 15239s
 2401010 433303 infeasible  108      2026.72207 1987.70486  1.93%  29.9 15242s
 2401162 433320 1989.70094   74   99 2026.72207 1987.70759  1.93%  29.9 15248s
 2401778 433335     cutoff   78      2026.72207 1987.71869  1.92%  29.9 15251s
 2402008 433384 2022.02866   89   74 2026.72207 1987.72405  1.92%  29.9 15256s
 2402705 433450 1987.91352   80  125 2026.72207 1987.73543  1.92%  29.9 15265s
 2403624 433459 2024.74609   75   32 2026.72207 1987.75234  1.92%  29.9 15271s
 2403952 433479 1988.66700   91  110 2026.72207 1987.75851  1.92%  29.9 15276s
 2404441 433483 1992.00062   53   25 2026.72207 1987.77187  1.92%  29.9 15303s
 2404660 433621 infeasible   57      2026.72207 1987.77214  1.92%  29.9 15310s
 2406145 433612 infeasible   75      2026.72207 1987.79523  1.92%  29.9 15316s
 2406848 433670     cutoff  101      2026.72207 1987.80867  1.92%  29.9 15323s
 2407497 433672 2021.43146   75   86 2026.72207 1987.81456  1.92%  29.9 15326s
 2408037 433682 2006.21965   74   67 2026.72207 1987.82107  1.92%  29.9 15332s
 2408879 433651     cutoff   61      2026.72207 1987.83862  1.92%  29.9 15336s
 2409429 433605 infeasible  102      2026.72207 1987.85417  1.92%  29.9 15342s
 2410091 433652 2019.23157   65  107 2026.72207 1987.86258  1.92%  29.9 15347s
 2410665 433700 2024.64583   75  194 2026.72207 1987.87061  1.92%  29.9 15350s
 2411391 433683 infeasible   81      2026.72207 1987.88288  1.92%  29.9 15356s
 2412158 433725 1987.91902   89   60 2026.72207 1987.90239  1.92%  29.9 15363s
 2412749 433700 1989.01234   56   85 2026.72207 1987.91081  1.91%  29.9 15366s
 2412891 433789 2010.49398   54  142 2026.72207 1987.91172  1.91%  29.9 15370s
 2413706 433795 2001.91665   61   92 2026.72207 1987.92873  1.91%  29.9 15378s
 2414221 433777 2003.24797   88   27 2026.72207 1987.93974  1.91%  29.9 15380s
 2414368 433921 2013.48171   90   51 2026.72207 1987.94143  1.91%  29.9 15387s
 2414957 433961 infeasible   87      2026.72207 1987.94799  1.91%  29.9 15423s
 2415183 434035 2026.26209  104  217 2026.72207 1987.95062  1.91%  29.9 15432s
 2416088 434028 1999.64935   93  182 2026.72207 1987.96107  1.91%  29.9 15435s
 2416326 434040     cutoff   67      2026.72207 1987.97179  1.91%  29.9 15440s
 2416364 434033     cutoff   71      2026.72207 1987.97280  1.91%  29.9 15447s
 2416541 434037 1999.09754   74  131 2026.72207 1987.97484  1.91%  29.9 15451s
 2416771 434076     cutoff   83      2026.72207 1987.97839  1.91%  29.9 15461s
 2418213 434158 infeasible  108      2026.72207 1988.00052  1.91%  29.9 15470s
 2419278 434140 1988.19843   74   69 2026.72207 1988.01582  1.91%  29.9 15480s
 2420173 434127 2010.12303   75  145 2026.72207 1988.03834  1.91%  29.9 15487s
 2420918 434136 1988.18376   79  194 2026.72207 1988.05199  1.91%  29.9 15492s
 2421258 434138     cutoff   87      2026.72207 1988.06042  1.91%  29.9 15498s
 2421975 434134 infeasible   90      2026.72207 1988.06872  1.91%  29.9 15501s
 2422052 434173 1988.72708   91  163 2026.72207 1988.07351  1.91%  29.9 15506s
 2423097 434281     cutoff   85      2026.72207 1988.08443  1.91%  29.9 15514s
 2423813 434278 infeasible   68      2026.72207 1988.09636  1.91%  29.9 15516s
 2423917 434336 infeasible   67      2026.72207 1988.09663  1.91%  29.9 15521s
 2424762 434369 2006.95348  105  215 2026.72207 1988.11168  1.91%  29.9 15530s
 2425469 434385 infeasible   72      2026.72207 1988.12485  1.90%  29.9 15565s
 2425836 434394 infeasible   78      2026.72207 1988.13061  1.90%  29.9 15570s
 2426436 434326 infeasible   92      2026.72207 1988.13925  1.90%  29.9 15581s
 2427401 434339 1998.58491   74   15 2026.72207 1988.15652  1.90%  29.9 15585s
 2427590 434334     cutoff   76      2026.72207 1988.15748  1.90%  29.9 15592s
 2428247 434339     cutoff   62      2026.72207 1988.16897  1.90%  29.9 15595s
 2428498 434407 2019.22515   67   24 2026.72207 1988.17435  1.90%  29.9 15603s
 2429221 434464 infeasible   77      2026.72207 1988.19300  1.90%  29.9 15610s
 2430488 434482 2017.31577  112  163 2026.72207 1988.21801  1.90%  29.9 15616s
 2430577 434514     cutoff  114      2026.72207 1988.21965  1.90%  29.9 15621s
 2431221 434540     cutoff   58      2026.72207 1988.23848  1.90%  29.9 15626s
 2431858 434575 2022.47971   88  122 2026.72207 1988.24841  1.90%  29.9 15634s
 2432456 434570 2022.49011   79   66 2026.72207 1988.26446  1.90%  29.9 15636s
 2432615 434562 2021.64527   94    9 2026.72207 1988.26719  1.90%  29.9 15640s
 2433170 434677 2008.77099   71  129 2026.72207 1988.27548  1.90%  29.9 15647s
 2433856 434649 infeasible   81      2026.72207 1988.29439  1.90%  29.9 15650s
 2433913 434627 2023.12915   97   29 2026.72207 1988.29673  1.90%  29.9 15656s
 2434439 434692 2006.28896   59  143 2026.72207 1988.30801  1.90%  29.9 15663s
 2435010 434812 2025.28412   69   29 2026.72207 1988.31673  1.89%  29.9 15669s
 2435674 434806 infeasible   63      2026.72207 1988.32449  1.89%  29.9 15704s
 2435834 434733     cutoff   66      2026.72207 1988.32449  1.89%  29.9 15716s
 2437756 434756 2013.76533   61   40 2026.72207 1988.34924  1.89%  29.9 15720s
 2438198 434888     cutoff   68      2026.72207 1988.35605  1.89%  29.9 15728s
 2438907 434864 infeasible   90      2026.72207 1988.36533  1.89%  29.9 15730s
 2439489 434857 1988.49627   57  147 2026.72207 1988.37781  1.89%  29.9 15735s
 2440088 434810 2023.40280  100  137 2026.72207 1988.39183  1.89%  29.9 15742s
 2440270 434764 1988.48952   56  270 2026.72207 1988.39374  1.89%  29.9 15746s
 2440862 434762 2024.34508  105   86 2026.72207 1988.41467  1.89%  29.9 15751s
 2440950 434748 2024.34508  106   86 2026.72207 1988.41467  1.89%  29.9 15755s
 2441371 434785 2007.35361   97   23 2026.72207 1988.42620  1.89%  29.9 15763s
 2441922 434821 2025.74564   91   88 2026.72207 1988.43992  1.89%  29.9 15766s
 2442199 434924 infeasible   72      2026.72207 1988.44614  1.89%  29.9 15770s
 2442914 434965 2002.10400   55  132 2026.72207 1988.45312  1.89%  29.9 15778s
 2443487 434972 2006.82163  102   90 2026.72207 1988.46407  1.89%  29.9 15781s
 2443725 434948 2012.44816   81   49 2026.72207 1988.46576  1.89%  29.9 15787s
 2444415 434951 1996.30284   79  186 2026.72207 1988.48236  1.89%  29.9 15796s
 2445091 434955 1988.69042   88  133 2026.72207 1988.49396  1.89%  29.9 15801s
 2445632 435015 1988.90003   70  156 2026.72207 1988.50193  1.89%  29.9 15808s
 2446289 435071 2007.50584   77   67 2026.72207 1988.51582  1.89%  29.9 15838s
 2446874 435093 infeasible   86      2026.72207 1988.52644  1.88%  29.9 15841s
 2446977 435158     cutoff   65      2026.72207 1988.52843  1.88%  29.9 15848s
 2447741 435117 1998.28632   65  150 2026.72207 1988.54150  1.88%  29.9 15852s
 2448051 435090 infeasible   67      2026.72207 1988.54891  1.88%  29.9 15857s
 2448577 435089 infeasible   85      2026.72207 1988.56130  1.88%  29.9 15860s
 2448674 435115 1989.26400   82  203 2026.72207 1988.56228  1.88%  29.9 15867s
 2449248 435111 infeasible   60      2026.72207 1988.57054  1.88%  29.9 15871s
 2449433 435170 infeasible   83      2026.72207 1988.57647  1.88%  29.9 15876s
 2450321 435301 1988.74905   84  217 2026.72207 1988.59318  1.88%  29.9 15884s
 2450963 435271 infeasible   82      2026.72207 1988.59524  1.88%  29.9 15887s
 2451098 435267 2025.61011   71  227 2026.72207 1988.59672  1.88%  29.9 15893s
 2451701 435259 infeasible   76      2026.72207 1988.61280  1.88%  29.9 15896s
 2451785 435307 2020.35521   68   84 2026.72207 1988.61620  1.88%  29.9 15901s
 2452587 435392 2023.01409   94   45 2026.72207 1988.63124  1.88%  29.9 15908s
 2453155 435362     cutoff   75      2026.72207 1988.63882  1.88%  29.9 15910s
 2453315 435445 infeasible   84      2026.72207 1988.64230  1.88%  29.9 15915s
 2454279 435470 2008.23728   92   72 2026.72207 1988.66156  1.88%  29.9 15920s
 2454608 435475 2011.92562   75  173 2026.72207 1988.66293  1.88%  29.9 15925s
 2455122 435555 2011.10080   89  182 2026.72207 1988.67799  1.88%  29.9 15935s
 2455718 435593     cutoff   89      2026.72207 1988.68488  1.88%  29.9 15940s
 2456430 435628 2021.35819   83   12 2026.72207 1988.69681  1.88%  29.9 15947s
 2457061 435653 infeasible   64      2026.72207 1988.70462  1.88%  29.9 15983s
 2457873 435669 infeasible   51      2026.72207 1988.71851  1.88%  29.8 15987s
 2458167 435671 infeasible   79      2026.72207 1988.72371  1.87%  29.8 15992s
 2458789 435655 infeasible   81      2026.72207 1988.74065  1.87%  29.8 15998s
 2459491 435642 infeasible   80      2026.72207 1988.75117  1.87%  29.8 16001s
 2460100 435631 infeasible   75      2026.72207 1988.76089  1.87%  29.8 16007s
 2460737 435635     cutoff   91      2026.72207 1988.77432  1.87%  29.8 16010s
 2461492 435684 infeasible   74      2026.72207 1988.78527  1.87%  29.8 16015s
 2461582 435739 infeasible  100      2026.72207 1988.78533  1.87%  29.8 16020s
 2462368 435798 2017.28056   68   40 2026.72207 1988.80143  1.87%  29.8 16026s
 2463050 435806 2021.50174   83  133 2026.72207 1988.81126  1.87%  29.8 16031s
 2463609 435848 1998.72166   79   72 2026.72207 1988.81994  1.87%  29.8 16036s
 2464368 435963 1989.33640   48  172 2026.72207 1988.83099  1.87%  29.8 16044s
 2464959 435967 infeasible   91      2026.72207 1988.83459  1.87%  29.8 16048s
 2465504 435965     cutoff   80      2026.72207 1988.85038  1.87%  29.8 16052s
 2465623 435961 1993.59455   63  188 2026.72207 1988.85114  1.87%  29.8 16058s
 2466211 435952 2024.13639  109   16 2026.72207 1988.86417  1.87%  29.8 16061s
 2466499 435946 infeasible   95      2026.72207 1988.86928  1.87%  29.8 16069s
 2466976 435926     cutoff   85      2026.72207 1988.87965  1.87%  29.8 16074s
 2467521 435916 2020.65053   66  179 2026.72207 1988.88693  1.87%  29.8 16076s
 2467609 435948     cutoff   76      2026.72207 1988.88796  1.87%  29.8 16081s
 2468174 435929 2011.85635   80   53 2026.72207 1988.90026  1.87%  29.8 16117s
 2468498 435949 1988.92053  103   98 2026.72207 1988.90670  1.87%  29.8 16125s
 2469586 435956 infeasible   66      2026.72207 1988.92209  1.87%  29.8 16132s
 2470238 435956 2009.65219  101  126 2026.72207 1988.93975  1.86%  29.8 16138s
 2470796 435980     cutoff   93      2026.72207 1988.95252  1.86%  29.8 16140s
 2470962 436035 1995.26318  101  214 2026.72207 1988.95512  1.86%  29.8 16145s
 2471684 436060     cutoff   93      2026.72207 1988.96620  1.86%  29.8 16154s
 2472269 436042 infeasible   85      2026.72207 1988.97616  1.86%  29.8 16156s
 2472368 436124 2024.28663   67  228 2026.72207 1988.97817  1.86%  29.8 16160s
 2473134 436126 1991.55298   98  163 2026.72207 1988.99367  1.86%  29.8 16165s
 2473692 436121 2006.56363   84  270 2026.72207 1989.00074  1.86%  29.8 16170s
 2474325 436222 1999.52113   90    7 2026.72207 1989.01529  1.86%  29.8 16179s
 2474878 436206     cutoff   65      2026.72207 1989.02189  1.86%  29.8 16182s
 2474992 436214 1993.24631   84  142 2026.72207 1989.02723  1.86%  29.8 16186s
 2475765 436213 infeasible   60      2026.72207 1989.04413  1.86%  29.8 16191s
 2476417 436259 1989.32288   91  135 2026.72207 1989.05370  1.86%  29.8 16199s
 2477035 436280 2011.83746   56   26 2026.72207 1989.06158  1.86%  29.8 16203s
 2477543 436276 infeasible   95      2026.72207 1989.07208  1.86%  29.8 16205s
 2477658 436396 2024.43260   81   43 2026.72207 1989.07378  1.86%  29.8 16210s
 2478842 436382 infeasible   61      2026.72207 1989.09015  1.86%  29.8 16243s
 2478990 436476 2005.66500   86  192 2026.72207 1989.09411  1.86%  29.8 16258s
 2480896 436468     cutoff   96      2026.72207 1989.11537  1.86%  29.8 16261s
 2481065 436515 2003.73344   82   28 2026.72207 1989.11680  1.86%  29.8 16267s
 2481891 436572 2015.26898   65  110 2026.72207 1989.13029  1.85%  29.8 16274s
 2482595 436552 infeasible   59      2026.72207 1989.14251  1.85%  29.8 16276s
 2482692 436612 1989.24722   89  155 2026.72207 1989.14471  1.85%  29.8 16281s
 2483300 436579 2000.64569   69   55 2026.72207 1989.15477  1.85%  29.8 16285s
 2483832 436701 1989.17114   80   53 2026.72207 1989.16859  1.85%  29.8 16292s
 2484651 436662 infeasible   81      2026.72207 1989.18171  1.85%  29.8 16297s
 2485234 436696 infeasible   78      2026.72207 1989.19280  1.85%  29.8 16302s
 2485798 436685 1995.91454   77   48 2026.72207 1989.19686  1.85%  29.8 16305s
 2486471 436676     cutoff   74      2026.72207 1989.21035  1.85%  29.8 16311s
 2486532 436716 infeasible   86      2026.72207 1989.21309  1.85%  29.8 16316s
 2487653 436704 infeasible   93      2026.72207 1989.22572  1.85%  29.8 16320s
 2488346 436776     cutoff   79      2026.72207 1989.24407  1.85%  29.8 16328s
 2488737 436772 1990.67430   69  129 2026.72207 1989.24986  1.85%  29.8 16330s
 2488822 436708 1990.71359   75  126 2026.72207 1989.25285  1.85%  29.8 16335s
 2489826 436825     cutoff   74      2026.72207 1989.27432  1.85%  29.8 16368s
 2490119 436840 1989.87574   65   16 2026.72207 1989.27574  1.85%  29.8 16374s
 2491267 436835 2023.07178   84   32 2026.72207 1989.29575  1.85%  29.8 16375s
 2491396 436812 2024.16547   96   77 2026.72207 1989.29854  1.85%  29.8 16381s
 2492242 436874 infeasible   78      2026.72207 1989.31237  1.85%  29.8 16385s
 2492924 436901     cutoff   91      2026.72207 1989.32250  1.85%  29.8 16391s
 2493674 436869 1989.64990   79   68 2026.72207 1989.33551  1.84%  29.8 16396s
 2494640 436931 infeasible   64      2026.72207 1989.34543  1.84%  29.8 16401s
 2495411 436994 2019.74492   87    9 2026.72207 1989.35900  1.84%  29.8 16406s
 2495519 437074 infeasible   67      2026.72207 1989.36098  1.84%  29.8 16410s
 2496209 437100 1989.64784   80   48 2026.72207 1989.37120  1.84%  29.8 16416s
 2496941 437087 infeasible   84      2026.72207 1989.37993  1.84%  29.8 16421s
 2497488 437118 1989.40178   50   41 2026.72207 1989.39395  1.84%  29.8 16425s
 2498172 437118 2023.57201   66  138 2026.72207 1989.40234  1.84%  29.8 16431s
 2498875 437090 2007.31613   73   71 2026.72207 1989.41195  1.84%  29.8 16438s
 2499426 437072 2012.94490   89  104 2026.72207 1989.42132  1.84%  29.8 16440s
 2500122 437152 2019.96892   70  300 2026.72207 1989.43222  1.84%  29.8 16469s
 2500800 437147 1990.12189   46    9 2026.72207 1989.44347  1.84%  29.8 16471s
 2501381 437096 2023.83390   73  163 2026.72207 1989.45262  1.84%  29.8 16476s
 2501444 437099 1999.23119   70   63 2026.72207 1989.45513  1.84%  29.8 16482s
 2502060 437190 1995.07441   64  110 2026.72207 1989.46544  1.84%  29.8 16489s
 2502695 437189 2026.10102  102  148 2026.72207 1989.47248  1.84%  29.8 16491s
 2502817 437240 2010.20981   62   77 2026.72207 1989.47470  1.84%  29.8 16496s
 2503599 437282 infeasible   87      2026.72207 1989.49103  1.84%  29.8 16503s
 2504172 437258     cutoff   95      2026.72207 1989.49493  1.84%  29.8 16506s
 2504278 437293 1998.59909   65   10 2026.72207 1989.49781  1.84%  29.8 16510s
 2504885 437294 infeasible   75      2026.72207 1989.49781  1.84%  29.8 16517s
 2505417 437279 infeasible   78      2026.72207 1989.51093  1.84%  29.8 16521s
 2505563 437358 infeasible   78      2026.72207 1989.51948  1.84%  29.8 16529s
 2506081 437350 2022.22475   68  167 2026.72207 1989.51948  1.84%  29.8 16531s
 2506176 437332     cutoff   88      2026.72207 1989.52550  1.84%  29.8 16535s
 2506780 437303 2025.37299   87  197 2026.72207 1989.53569  1.83%  29.8 16542s
 2507266 437301 1989.63767   77   84 2026.72207 1989.53569  1.83%  29.8 16545s
 2507961 437356 infeasible   79      2026.72207 1989.54616  1.83%  29.8 16552s
 2508081 437352 2006.76897   77  169 2026.72207 1989.55974  1.83%  29.8 16556s
 2508527 437405     cutoff   98      2026.72207 1989.56670  1.83%  29.8 16563s
 2508906 437407 infeasible   81      2026.72207 1989.57259  1.83%  29.8 16566s
 2509010 437415 1990.73851   75  181 2026.72207 1989.57634  1.83%  29.8 16571s
 2509763 437533 2007.73101   77    6 2026.72207 1989.59185  1.83%  29.8 16581s
 2510523 437531 1989.72672   77  163 2026.72207 1989.60721  1.83%  29.8 16618s
 2510779 437511 infeasible   84      2026.72207 1989.61229  1.83%  29.8 16628s
 2511772 437496 2007.55810   62   98 2026.72207 1989.62684  1.83%  29.8 16631s
 2511937 437515 infeasible   64      2026.72207 1989.62969  1.83%  29.8 16637s
 2512883 437515 infeasible   52      2026.72207 1989.64684  1.83%  29.8 16648s
 2513591 437532 2022.63155   98  230 2026.72207 1989.65813  1.83%  29.8 16651s
 2513697 437562 2004.74069   99  161 2026.72207 1989.65991  1.83%  29.8 16657s
 2514355 437596 1989.71854   93  168 2026.72207 1989.67327  1.83%  29.8 16663s
 2514936 437574     cutoff   63      2026.72207 1989.68134  1.83%  29.8 16665s
 2515553 437599 1998.91690   90  124 2026.72207 1989.69244  1.83%  29.8 16671s
 2515734 437605 2022.19631   64    9 2026.72207 1989.69579  1.83%  29.8 16675s
 2516455 437651 2018.21830   65  137 2026.72207 1989.70954  1.83%  29.8 16682s
 2517078 437677 infeasible  104      2026.72207 1989.71698  1.83%  29.8 16685s
 2517305 437722 2008.33345   68   35 2026.72207 1989.72295  1.83%  29.8 16690s
 2518315 437731 infeasible  105      2026.72207 1989.73875  1.82%  29.8 16695s
 2518936 437662 2007.42829   52  123 2026.72207 1989.74618  1.82%  29.8 16702s
 2519533 437629 2000.21973   89  156 2026.72207 1989.76029  1.82%  29.8 16708s
 2520137 437614 1997.26177   77  149 2026.72207 1989.77326  1.82%  29.8 16710s
 2520765 437601 infeasible   97      2026.72207 1989.78283  1.82%  29.8 16715s
 2521530 437637 infeasible   67      2026.72207 1989.79365  1.82%  29.8 16742s
 2521627 437546 1990.19659   62  118 2026.72207 1989.79567  1.82%  29.8 16752s
 2523354 437537 1992.07394   65  250 2026.72207 1989.81773  1.82%  29.8 16757s
 2523602 437588 2006.46254   58  132 2026.72207 1989.81953  1.82%  29.8 16762s
 2524415 437591 1989.83965   66   79 2026.72207 1989.83359  1.82%  29.8 16769s
 2525154 437596     cutoff   75      2026.72207 1989.84804  1.82%  29.8 16773s
 2525666 437572 infeasible   64      2026.72207 1989.85455  1.82%  29.8 16775s
 2525796 437627 1997.23204   58  108 2026.72207 1989.85725  1.82%  29.8 16781s
 2526442 437726 infeasible   89      2026.72207 1989.86277  1.82%  29.8 16786s
 2527181 437756 1997.42386   74   50 2026.72207 1989.87275  1.82%  29.8 16794s
 2527800 437707 infeasible   53      2026.72207 1989.88022  1.82%  29.8 16797s
 2528477 437691 2006.76896   69   71 2026.72207 1989.89320  1.82%  29.8 16805s
 2529319 437647 infeasible   67      2026.72207 1989.90831  1.82%  29.8 16811s
 2529549 437754     cutoff   82      2026.72207 1989.91314  1.82%  29.8 16818s
 2530201 437741 infeasible   74      2026.72207 1989.91521  1.82%  29.8 16820s
 2530970 437888 2024.89755   84   33 2026.72207 1989.92674  1.82%  29.8 16827s
 2531082 437966 2008.32377   65   62 2026.72207 1989.92853  1.82%  29.8 16832s
 2531772 438018 1994.86069   54  138 2026.72207 1989.93889  1.81%  29.8 16877s
 2532628 438067 1989.95412  103   63 2026.72207 1989.95012  1.81%  29.8 16883s
 2533129 438073 2007.21680   79  164 2026.72207 1989.95968  1.81%  29.8 16886s
 2533731 438032 1989.97407   84  168 2026.72207 1989.97176  1.81%  29.8 16891s
 2534411 438013 2004.37137   87  128 2026.72207 1989.98576  1.81%  29.8 16897s
 2534570 437973 2017.76952   64   38 2026.72207 1989.99088  1.81%  29.8 16904s
 2535106 437956 2020.63113   88  115 2026.72207 1990.00127  1.81%  29.8 16906s
 2535189 438004 1997.35677   77  100 2026.72207 1990.00132  1.81%  29.8 16911s
 2535788 437988     cutoff   94      2026.72207 1990.01333  1.81%  29.8 16915s
 2535996 438010 infeasible   67      2026.72207 1990.01730  1.81%  29.8 16920s
 2536600 438066 1999.15964   96  154 2026.72207 1990.03160  1.81%  29.8 16926s
 2537219 438082 infeasible   81      2026.72207 1990.04280  1.81%  29.8 16931s
 2537704 438066 infeasible   59      2026.72207 1990.05030  1.81%  29.8 16935s
 2537818 438094 infeasible   67      2026.72207 1990.05063  1.81%  29.8 16940s
 2538763 438031 1990.47548   51  187 2026.72207 1990.07051  1.81%  29.8 16946s
 2539385 438036 infeasible   87      2026.72207 1990.07897  1.81%  29.8 16952s
 2539979 438003 1991.21903   91   26 2026.72207 1990.08964  1.81%  29.8 16959s
 2540601 437970 infeasible   90      2026.72207 1990.10328  1.81%  29.8 16964s
 2541166 437964 2000.93128   78   45 2026.72207 1990.11554  1.81%  29.8 16966s
 2541290 437997 infeasible   76      2026.72207 1990.11972  1.81%  29.8 16971s
 2542360 438042 2010.80948   89   86 2026.72207 1990.13368  1.81%  29.8 17005s
 2542494 438013     cutoff   89      2026.72207 1990.13473  1.81%  29.8 17024s
 2545167 438013 2023.46960   65   90 2026.72207 1990.15749  1.80%  29.8 17025s
 2545554 438033 infeasible   75      2026.72207 1990.16245  1.80%  29.8 17035s
 2546282 438001 infeasible   97      2026.72207 1990.17501  1.80%  29.8 17044s
 2546852 437982 2003.47244   61   10 2026.72207 1990.18762  1.80%  29.8 17046s
 2547555 437982 2003.23381   57   19 2026.72207 1990.20084  1.80%  29.8 17051s
 2548261 438024 1991.79513   81  120 2026.72207 1990.20914  1.80%  29.8 17057s
 2548702 438003 infeasible   83      2026.72207 1990.21749  1.80%  29.8 17060s
 2548793 438040 2024.10359   90   29 2026.72207 1990.21768  1.80%  29.8 17068s
 2549355 438029 infeasible   67      2026.72207 1990.22790  1.80%  29.8 17072s
 2549635 438053 2024.09595   78  174 2026.72207 1990.23587  1.80%  29.8 17077s
 2549908 438043 infeasible   75      2026.72207 1990.23894  1.80%  29.8 17081s
 2550193 438137 2010.45036   94  177 2026.72207 1990.24457  1.80%  29.8 17089s
 2550786 438115 infeasible   82      2026.72207 1990.25512  1.80%  29.8 17092s
 2550913 438108 1990.25828   74   63 2026.72207 1990.25713  1.80%  29.8 17098s
 2551497 438121 2007.61194   88  195 2026.72207 1990.26933  1.80%  29.8 17100s
 2551555 438144 2017.78922   95   74 2026.72207 1990.26933  1.80%  29.8 17106s
 2552302 438141 2004.26861   81   57 2026.72207 1990.28067  1.80%  29.8 17115s
 2552872 438112 1999.96762   77   91 2026.72207 1990.29289  1.80%  29.8 17152s
 2553057 438228     cutoff   79      2026.72207 1990.29846  1.80%  29.8 17170s
 2554861 438172     cutoff   79      2026.72207 1990.32339  1.80%  29.7 17176s
 2554996 438186     cutoff   72      2026.72207 1990.32618  1.80%  29.7 17180s
 2555568 438167 1999.86357   82   49 2026.72207 1990.33677  1.80%  29.7 17189s
 2556184 438125 infeasible   70      2026.72207 1990.34658  1.79%  29.7 17192s
 2556302 438153 2016.65514   96  148 2026.72207 1990.35306  1.79%  29.7 17198s
 2556923 438155     cutoff   61      2026.72207 1990.37141  1.79%  29.7 17201s
 2557091 438193 1998.75019   88  225 2026.72207 1990.37408  1.79%  29.7 17206s
 2557869 438189 2004.71833   84  193 2026.72207 1990.38541  1.79%  29.7 17215s
 2558806 438192 2014.03914   88   32 2026.72207 1990.40335  1.79%  29.7 17222s
 2559450 438179 infeasible   68      2026.72207 1990.41023  1.79%  29.7 17225s
 2559553 438199 1993.14685   96   68 2026.72207 1990.41040  1.79%  29.7 17234s
 2560188 438209 2001.17408   62   10 2026.72207 1990.42487  1.79%  29.7 17239s
 2560435 438235 1990.51296   68    7 2026.72207 1990.42972  1.79%  29.7 17245s
 2561163 438211     cutoff   76      2026.72207 1990.43972  1.79%  29.7 17255s
 2561703 438207     cutoff   94      2026.72207 1990.44945  1.79%  29.7 17261s
 2562339 438158 infeasible   74      2026.72207 1990.46205  1.79%  29.7 17274s
 2562925 438172 infeasible   82      2026.72207 1990.47486  1.79%  29.7 17278s
 2563249 438181 infeasible   72      2026.72207 1990.48417  1.79%  29.7 17284s
 2563465 438277 infeasible   65      2026.72207 1990.48964  1.79%  29.7 17337s
 2564205 438259 2008.53803   53   15 2026.72207 1990.50370  1.79%  29.7 17340s
 2564480 438310 1990.52161  106  131 2026.72207 1990.50925  1.79%  29.7 17350s
 2565316 438324 1990.82171   61   16 2026.72207 1990.52437  1.79%  29.7 17362s
 2565888 438328 infeasible   53      2026.72207 1990.53025  1.79%  29.7 17365s
 2566018 438322 infeasible   80      2026.72207 1990.53031  1.79%  29.7 17373s
 2566574 438402 1990.82596   83  198 2026.72207 1990.54256  1.79%  29.7 17380s
 2567278 438430 2024.98544  109   31 2026.72207 1990.55067  1.78%  29.7 17391s
 2567994 438510 2013.17609   72  170 2026.72207 1990.56222  1.78%  29.7 17399s
 2568564 438530     cutoff  106      2026.72207 1990.56671  1.78%  29.7 17402s
 2568699 438589 infeasible   70      2026.72207 1990.56927  1.78%  29.7 17409s
 2569211 438683 1998.53889   85   55 2026.72207 1990.57810  1.78%  29.7 17414s
 2569779 438692 infeasible   98      2026.72207 1990.58476  1.78%  29.7 17416s
 2569901 438722 2025.99106   93   38 2026.72207 1990.58476  1.78%  29.7 17422s
 2570467 438795 infeasible   93      2026.72207 1990.59194  1.78%  29.7 17430s
 2571071 438864     cutoff   70      2026.72207 1990.59942  1.78%  29.7 17443s
 2571664 438893 infeasible  108      2026.72207 1990.60634  1.78%  29.7 17448s
 2571930 438899 1990.93666   62   21 2026.72207 1990.60940  1.78%  29.7 17452s
 2572045 438959 infeasible   65      2026.72207 1990.61035  1.78%  29.7 17458s
 2572625 438950     cutoff  108      2026.72207 1990.61681  1.78%  29.7 17461s
 2572772 439074 2007.75525   82  150 2026.72207 1990.61776  1.78%  29.7 17466s
 2573702 439158 1990.65342   81  209 2026.72207 1990.63014  1.78%  29.7 17536s
 2574468 439188     cutoff   59      2026.72207 1990.64215  1.78%  29.7 17542s
 2575075 439192 infeasible   67      2026.72207 1990.65308  1.78%  29.7 17550s
 2575730 439240 2024.72690   85  153 2026.72207 1990.66668  1.78%  29.7 17556s
 2576549 439254 infeasible   72      2026.72207 1990.67779  1.78%  29.7 17562s
 2577266 439331 2011.21469   74  183 2026.72207 1990.68923  1.78%  29.7 17566s
 2578321 439278 2004.60912   54   13 2026.72207 1990.70642  1.78%  29.7 17571s
 2578993 439270 infeasible   78      2026.72207 1990.71658  1.78%  29.7 17576s
 2579187 439277 2007.53837   86  141 2026.72207 1990.72081  1.78%  29.7 17580s
 2579751 439287 infeasible   70      2026.72207 1990.72911  1.78%  29.7 17585s
 2579855 439338     cutoff   80      2026.72207 1990.72976  1.78%  29.7 17590s
 2580897 439347 2017.48879   99  182 2026.72207 1990.74744  1.78%  29.7 17595s
 2581572 439358 2025.82257  103  119 2026.72207 1990.75603  1.77%  29.7 17602s
 2581775 439424 infeasible   85      2026.72207 1990.76171  1.77%  29.7 17607s
 2582372 439431     cutoff   76      2026.72207 1990.77237  1.77%  29.7 17610s
 2582456 439461 2022.48545   65   85 2026.72207 1990.77273  1.77%  29.7 17615s
 2583429 439456 infeasible   82      2026.72207 1990.78776  1.77%  29.7 17620s
 2583562 439455 1994.56885   74  126 2026.72207 1990.79186  1.77%  29.7 17625s
 2584725 439531 infeasible   55      2026.72207 1990.80648  1.77%  29.7 17647s
 2584860 439526 infeasible  100      2026.72207 1990.80971  1.77%  29.7 17663s
 2587282 439509 2017.63997   78  126 2026.72207 1990.83296  1.77%  29.7 17666s
 2587333 439571 1998.77218   79  205 2026.72207 1990.83372  1.77%  29.7 17671s
 2587990 439559     cutoff   46      2026.72207 1990.84861  1.77%  29.7 17676s
 2588643 439475 1996.45831   68  206 2026.72207 1990.85623  1.77%  29.7 17682s
 2589256 439509 1990.96960   73  278 2026.72207 1990.87112  1.77%  29.7 17687s
 2589803 439503 2017.92752   85   89 2026.72207 1990.87768  1.77%  29.7 17690s
 2590482 439523     cutoff   73      2026.72207 1990.89162  1.77%  29.7 17696s
 2590539 439510 2000.49875   91  207 2026.72207 1990.89267  1.77%  29.7 17700s
 2591695 439518 infeasible   66      2026.72207 1990.91417  1.77%  29.7 17706s
 2591835 439562 1992.84215   80   37 2026.72207 1990.91724  1.77%  29.7 17710s
 2592913 439656 2008.32010  102  126 2026.72207 1990.92932  1.77%  29.7 17717s
 2593009 439709 2023.43200   88    2 2026.72207 1990.93090  1.77%  29.7 17720s
 2593727 439771 2004.04671   58   44 2026.72207 1990.93967  1.77%  29.7 17726s
 2594333 439769 2024.18370   67   52 2026.72207 1990.94219  1.77%  29.7 17732s
 2594757 439767     cutoff   89      2026.72207 1990.94868  1.77%  29.7 17735s
 2595103 439831 1991.64907   63   22 2026.72207 1990.95736  1.76%  29.7 17760s
 2595353 439851 2018.28897  106  108 2026.72207 1990.95884  1.76%  29.7 17769s
 2596271 439829 infeasible   78      2026.72207 1990.96611  1.76%  29.7 17773s
 2596357 439817 2015.58635  113   48 2026.72207 1990.96708  1.76%  29.7 17778s
 2596490 439848 2023.79051   68   40 2026.72207 1990.98232  1.76%  29.7 17784s
 2596937 439853 1997.50515   78   53 2026.72207 1990.98232  1.76%  29.7 17787s
 2597074 439880     cutoff   73      2026.72207 1990.99160  1.76%  29.7 17793s
 2597910 439874 2004.42154   67   16 2026.72207 1990.99160  1.76%  29.7 17797s
 2598023 439915 infeasible   59      2026.72207 1991.00258  1.76%  29.7 17802s
 2598788 439948     cutoff   51      2026.72207 1991.02009  1.76%  29.7 17805s
 2598900 440022 2020.37550   77   75 2026.72207 1991.02009  1.76%  29.7 17812s
 2599781 440074     cutoff   67      2026.72207 1991.03238  1.76%  29.7 17816s
 2600622 440048 1991.21481   80   31 2026.72207 1991.04333  1.76%  29.7 17823s
 2601305 440018 infeasible   79      2026.72207 1991.05565  1.76%  29.7 17826s
 2601866 440018 2024.60765   76  110 2026.72207 1991.06630  1.76%  29.7 17836s
 2602679 439955     cutoff   95      2026.72207 1991.08320  1.76%  29.7 17843s
 2603289 439928 infeasible   75      2026.72207 1991.09095  1.76%  29.7 17845s
 2603478 439936 infeasible   95      2026.72207 1991.09899  1.76%  29.7 17853s
 2604187 439941 infeasible   84      2026.72207 1991.11120  1.76%  29.7 17855s
 2605009 440058 2013.70416   63   89 2026.72207 1991.12556  1.76%  29.7 17864s
 2605392 440094 2026.17699  105  130 2026.72207 1991.13076  1.76%  29.7 17895s
 2606070 440021 2026.02160   72   18 2026.72207 1991.13954  1.76%  29.7 17905s
 2606962 440007 2026.02776  104  166 2026.72207 1991.15902  1.75%  29.7 17913s
 2607733 439925     cutoff   68      2026.72207 1991.17011  1.75%  29.7 17917s
 2608113 439945 2022.30991   79  113 2026.72207 1991.17861  1.75%  29.7 17920s
 2608752 439936 infeasible   87      2026.72207 1991.18664  1.75%  29.7 17931s
 2609527 439954     cutoff   93      2026.72207 1991.20302  1.75%  29.7 17938s
 2610178 439949 infeasible   81      2026.72207 1991.21522  1.75%  29.7 17940s
 2610984 439980     cutoff   80      2026.72207 1991.22793  1.75%  29.7 17946s
 2611661 439986 2011.35640  105  155 2026.72207 1991.23910  1.75%  29.7 17951s
 2612409 439947 2014.55959   91  136 2026.72207 1991.24853  1.75%  29.7 17956s
 2612614 439838 infeasible   90      2026.72207 1991.25368  1.75%  29.7 17963s
 2613256 439764 2015.19688   86   38 2026.72207 1991.26219  1.75%  29.7 17966s
 2613396 439746 1991.67627   92  211 2026.72207 1991.27140  1.75%  29.7 17972s
 2614068 439744 2021.32568   98   30 2026.72207 1991.28555  1.75%  29.7 17975s
 2614335 439823     cutoff   84      2026.72207 1991.29212  1.75%  29.7 17980s
 2615197 439817 2003.16558  110  173 2026.72207 1991.30613  1.75%  29.7 17987s
 2615802 439809 1994.29017   56  121 2026.72207 1991.31390  1.75%  29.7 18023s
 2615908 439825     cutoff   87      2026.72207 1991.32028  1.75%  29.7 18040s
 2618752 439776 infeasible   53      2026.72207 1991.34421  1.75%  29.7 18045s
 2619445 439836 1991.48750  104  221 2026.72207 1991.35132  1.75%  29.7 18054s
 2619958 439796 2015.36043   93  145 2026.72207 1991.36089  1.74%  29.7 18056s
 2620069 439824     cutoff   88      2026.72207 1991.36136  1.74%  29.7 18060s
 2620819 439841 2026.51419   78  124 2026.72207 1991.37402  1.74%  29.7 18067s
 2621386 439850     cutoff  108      2026.72207 1991.38037  1.74%  29.7 18070s
 2621934 439868 2023.82691   77   23 2026.72207 1991.38805  1.74%  29.7 18076s
 2622616 439883 infeasible   71      2026.72207 1991.40266  1.74%  29.7 18083s
 2623203 439869 infeasible   70      2026.72207 1991.41059  1.74%  29.7 18085s
 2623301 439914 1992.48137   66   91 2026.72207 1991.41332  1.74%  29.7 18094s
 2623914 439896 1991.54305   63  139 2026.72207 1991.42099  1.74%  29.7 18096s
 2624073 439941 2025.26096   79  127 2026.72207 1991.42248  1.74%  29.7 18101s
 2625065 439902 2001.15302   81   25 2026.72207 1991.44028  1.74%  29.7 18107s
 2625354 439902 1991.45828   56   76 2026.72207 1991.44539  1.74%  29.7 18110s
 2625969 439935     cutoff   65      2026.72207 1991.45506  1.74%  29.7 18118s
 2626527 439926 infeasible   91      2026.72207 1991.46081  1.74%  29.7 18120s
 2626600 440006 2023.95697   93  195 2026.72207 1991.46364  1.74%  29.7 18125s
 2627156 439989 2007.61813   80    8 2026.72207 1991.47227  1.74%  29.7 18163s
 2627339 440146 infeasible   79      2026.72207 1991.47441  1.74%  29.7 18177s
 2629237 440135     cutoff   80      2026.72207 1991.49989  1.74%  29.7 18182s
 2629822 440146 infeasible   73      2026.72207 1991.51258  1.74%  29.7 18186s
 2630492 440238     cutoff   58      2026.72207 1991.51863  1.74%  29.7 18191s
 2631195 440299 1992.93024   77   33 2026.72207 1991.52863  1.74%  29.7 18196s
 2632004 440290 2005.93958   73   39 2026.72207 1991.53958  1.74%  29.7 18201s
 2632509 440294 2011.68991   72   50 2026.72207 1991.54646  1.74%  29.7 18207s
 2633411 440389 2024.87981   90  226 2026.72207 1991.56059  1.73%  29.7 18213s
 2634192 440365 infeasible   99      2026.72207 1991.57364  1.73%  29.7 18218s
 2634744 440353 infeasible   86      2026.72207 1991.58032  1.73%  29.7 18220s
 2634854 440443 2008.46312   86   69 2026.72207 1991.58549  1.73%  29.7 18225s
 2635898 440501 1991.75194   73  127 2026.72207 1991.59386  1.73%  29.7 18232s
 2636040 440660 1992.16852   80  211 2026.72207 1991.59881  1.73%  29.7 18235s
 2636799 440633 2016.44356   70  134 2026.72207 1991.60279  1.73%  29.7 18242s
 2637314 440591     cutoff   81      2026.72207 1991.61155  1.73%  29.7 18245s
 2638024 440596 infeasible   66      2026.72207 1991.62283  1.73%  29.7 18250s
 2638117 440634 2014.90640   88   65 2026.72207 1991.62434  1.73%  29.7 18255s
 2638703 440596 1991.64203   69  235 2026.72207 1991.63320  1.73%  29.7 18287s
 2638899 440649 infeasible   81      2026.72207 1991.63769  1.73%  29.7 18298s
 2640535 440709 2015.13234   91  180 2026.72207 1991.65675  1.73%  29.7 18303s
 2641090 440698 infeasible  101      2026.72207 1991.66461  1.73%  29.7 18306s
 2641216 440742 2006.02407   91  165 2026.72207 1991.66877  1.73%  29.7 18310s
 2641937 440699 2011.77638   51  153 2026.72207 1991.67861  1.73%  29.7 18317s
 2642632 440676     cutoff   71      2026.72207 1991.69200  1.73%  29.7 18324s
 2643194 440653     cutoff   79      2026.72207 1991.70040  1.73%  29.7 18327s
 2643442 440710 infeasible   77      2026.72207 1991.70689  1.73%  29.7 18330s
 2644052 440747 2019.86731   97   10 2026.72207 1991.71653  1.73%  29.7 18338s
 2644673 440713 2013.20269   74  177 2026.72207 1991.72513  1.73%  29.7 18341s
 2644779 440740 infeasible   72      2026.72207 1991.72794  1.73%  29.7 18346s
 2645444 440818 infeasible   89      2026.72207 1991.74128  1.73%  29.7 18354s
 2646064 440839 infeasible   61      2026.72207 1991.74565  1.73%  29.7 18357s
 2646429 440831 infeasible   57      2026.72207 1991.75034  1.73%  29.7 18360s
 2646848 440880 infeasible   77      2026.72207 1991.75805  1.73%  29.7 18366s
 2647026 440899 infeasible   94      2026.72207 1991.76066  1.73%  29.7 18371s
 2647660 440869 infeasible   73      2026.72207 1991.77206  1.72%  29.7 18376s
 2648723 440852 infeasible   80      2026.72207 1991.79188  1.72%  29.7 18381s
 2648928 440930 infeasible   78      2026.72207 1991.79472  1.72%  29.7 18386s
 2649544 440922 infeasible   99      2026.72207 1991.80030  1.72%  29.7 18417s
 2649714 441144 infeasible  101      2026.72207 1991.80108  1.72%  29.7 18432s
 2651622 441124 1996.84815   86  161 2026.72207 1991.82559  1.72%  29.7 18436s
 2651699 441135 infeasible   55      2026.72207 1991.82567  1.72%  29.7 18440s
 2652442 441142 1992.67823   94  150 2026.72207 1991.83855  1.72%  29.7 18445s
 2653128 441119 2013.87847  104   19 2026.72207 1991.84949  1.72%  29.7 18451s
 2653893 441103 infeasible   74      2026.72207 1991.86438  1.72%  29.7 18457s
 2654495 441089 1995.79643   63   32 2026.72207 1991.86998  1.72%  29.7 18461s
 2654826 441074 infeasible   61      2026.72207 1991.87725  1.72%  29.7 18466s
 2655116 441121 infeasible   81      2026.72207 1991.88368  1.72%  29.7 18470s
 2655669 441098 1992.20910   97  153 2026.72207 1991.89280  1.72%  29.7 18476s
 2656321 441131     cutoff   73      2026.72207 1991.90549  1.72%  29.7 18483s
 2656921 441111 infeasible   80      2026.72207 1991.91055  1.72%  29.7 18486s
 2657477 441136 1994.25899   77  141 2026.72207 1991.92142  1.72%  29.7 18491s
 2658102 441305 infeasible   77      2026.72207 1991.93019  1.72%  29.7 18496s
 2658813 441359 1993.74949   90  200 2026.72207 1991.93795  1.72%  29.7 18503s
 2659370 441509 2017.60334   75   54 2026.72207 1991.94740  1.72%  29.7 18508s
 2659908 441480 2022.29039   85   11 2026.72207 1991.95095  1.72%  29.7 18542s
 2660152 441606 infeasible   85      2026.72207 1991.95603  1.72%  29.7 18551s
 2661418 441627 1992.24262  101  181 2026.72207 1991.97663  1.71%  29.7 18556s
 2662120 441590 2016.31239  109  182 2026.72207 1991.98597  1.71%  29.7 18561s
 2662815 441592 1998.55167   90  151 2026.72207 1991.99789  1.71%  29.7 18567s
 2663519 441575 2019.91080   59   19 2026.72207 1992.00712  1.71%  29.7 18573s
 2663978 441601 2020.08572   61   18 2026.72207 1992.01028  1.71%  29.7 18579s
 2664530 441597 2020.08572   62   18 2026.72207 1992.01310  1.71%  29.7 18581s
 2664652 441622 1995.37758   57  217 2026.72207 1992.01780  1.71%  29.7 18587s
 2665367 441620 2017.81599   87   42 2026.72207 1992.03226  1.71%  29.7 18590s
 2665593 441634 infeasible   94      2026.72207 1992.03571  1.71%  29.7 18595s
 2666480 441722 2009.68386   87   24 2026.72207 1992.05309  1.71%  29.7 18600s
 2667153 441699 2024.72098   75   97 2026.72207 1992.05848  1.71%  29.7 18609s
 2667774 441662 infeasible   81      2026.72207 1992.06895  1.71%  29.7 18612s
 2668114 441692 infeasible   73      2026.72207 1992.07541  1.71%  29.7 18615s
 2668811 441693 2001.39108   96  143 2026.72207 1992.08533  1.71%  29.7 18621s
 2669837 441709 2009.12073   76   34 2026.72207 1992.10490  1.71%  29.7 18627s
 2670450 441695 1992.11678   72   62 2026.72207 1992.11165  1.71%  29.7 18655s
 2670596 441673 2009.79776   96  146 2026.72207 1992.11657  1.71%  29.7 18663s
 2672852 441647 2020.41546   83   33 2026.72207 1992.13603  1.71%  29.7 18666s
 2673447 441667     cutoff   81      2026.72207 1992.14516  1.71%  29.7 18670s
 2674153 441696 2015.83170   80  141 2026.72207 1992.15875  1.71%  29.7 18676s
 2674336 441727 infeasible   89      2026.72207 1992.16455  1.71%  29.7 18681s
 2674929 441728 2020.38902   83   35 2026.72207 1992.17128  1.70%  29.7 18685s
 2675403 441795 2002.77194   91   31 2026.72207 1992.18189  1.70%  29.7 18692s
 2676137 441880 2022.12350   90   64 2026.72207 1992.19103  1.70%  29.7 18698s
 2676737 441904 2018.76528   52  170 2026.72207 1992.19318  1.70%  29.7 18703s
 2677344 441900     cutoff   85      2026.72207 1992.20283  1.70%  29.7 18705s
 2678054 441943 1992.93984   93   38 2026.72207 1992.21465  1.70%  29.7 18712s
 2678514 441976 2007.75767   61  225 2026.72207 1992.22388  1.70%  29.7 18718s
 2679339 442059 2013.41073   63   34 2026.72207 1992.23347  1.70%  29.7 18724s
 2679921 442056 infeasible   69      2026.72207 1992.24030  1.70%  29.7 18726s
 2680109 442105     cutoff   93      2026.72207 1992.24372  1.70%  29.7 18731s
 2680694 442108 infeasible   65      2026.72207 1992.25047  1.70%  29.7 18775s
 2681447 442248 2019.59275   83  157 2026.72207 1992.26360  1.70%  29.7 18782s
 2682392 442286 2022.21880   65  118 2026.72207 1992.26988  1.70%  29.6 18788s
 2682999 442280 infeasible   80      2026.72207 1992.27930  1.70%  29.6 18790s
 2683096 442366 2018.08410   89   89 2026.72207 1992.28163  1.70%  29.6 18795s
 2683871 442423 infeasible   75      2026.72207 1992.28800  1.70%  29.6 18802s
 2684397 442401     cutoff   85      2026.72207 1992.29321  1.70%  29.6 18805s
 2685138 442400 1993.02234   68  206 2026.72207 1992.30600  1.70%  29.6 18810s
 2685834 442451 1992.31516   70   68 2026.72207 1992.31516  1.70%  29.6 18817s
 2686478 442487 2016.09278   83   92 2026.72207 1992.32257  1.70%  29.6 18821s
 2686926 442501 2011.26992  111   81 2026.72207 1992.32503  1.70%  29.6 18825s
 2687291 442505     cutoff   99      2026.72207 1992.32685  1.70%  29.6 18830s
 2687955 442534     cutoff   93      2026.72207 1992.32925  1.70%  29.6 18838s
 2688429 442508 2009.21590   80  135 2026.72207 1992.35195  1.70%  29.6 18841s
 2689283 442478 2009.79134   78  171 2026.72207 1992.37067  1.69%  29.6 18846s
 2689361 442488 2009.90642   79   41 2026.72207 1992.37067  1.69%  29.6 18851s
 2690011 442502 2009.34994  119   48 2026.72207 1992.37892  1.69%  29.6 18857s
 2690436 442505 2011.37285   90   27 2026.72207 1992.38192  1.69%  29.6 18860s
 2690584 442564 2005.36140   90  193 2026.72207 1992.38524  1.69%  29.6 18866s
 2691223 442672 1994.20474  102   21 2026.72207 1992.39300  1.69%  29.6 18896s
 2692007 442669 1992.40315   58   49 2026.72207 1992.40139  1.69%  29.6 18900s
 2692368 442657 2000.98805   70  172 2026.72207 1992.40724  1.69%  29.6 18905s
 2693110 442631 infeasible   91      2026.72207 1992.41599  1.69%  29.6 18911s
 2693376 442646 2015.58875   75  102 2026.72207 1992.42304  1.69%  29.6 18916s
 2694239 442651 2009.54627   74   62 2026.72207 1992.43544  1.69%  29.6 18923s
 2694925 442651     cutoff   81      2026.72207 1992.44464  1.69%  29.6 18925s
 2695707 442628 2023.78835   77   86 2026.72207 1992.45536  1.69%  29.6 18931s
 2695860 442676     cutoff   93      2026.72207 1992.45879  1.69%  29.6 18935s
 2696642 442718 2013.34329   99  124 2026.72207 1992.46833  1.69%  29.6 18942s
 2697452 442795 2004.93940   65   83 2026.72207 1992.48072  1.69%  29.6 18951s
 2698383 442772 infeasible   76      2026.72207 1992.49204  1.69%  29.6 18957s
 2698961 442764 infeasible  100      2026.72207 1992.50408  1.69%  29.6 18961s
 2699143 442814 2014.87194   49  244 2026.72207 1992.50658  1.69%  29.6 18966s
 2699924 442780 1994.99227   53  222 2026.72207 1992.51649  1.69%  29.6 18973s
 2700590 442805 infeasible   79      2026.72207 1992.52409  1.69%  29.6 18976s
 2700897 442883 infeasible   91      2026.72207 1992.52944  1.69%  29.6 18980s
 2701460 442855 1992.56838  103   38 2026.72207 1992.53542  1.69%  29.6 19017s
 2701646 442766 infeasible   65      2026.72207 1992.53590  1.69%  29.6 19027s
 2703419 442761 1993.99685  105  244 2026.72207 1992.56168  1.69%  29.6 19031s
 2703583 442751 2011.28606   92   39 2026.72207 1992.56420  1.69%  29.6 19035s
 2704361 442806 1999.06182   94  154 2026.72207 1992.57627  1.68%  29.6 19043s
 2705002 442854 2021.32361   88  169 2026.72207 1992.58320  1.68%  29.6 19048s
 2705671 442849     cutoff   85      2026.72207 1992.58899  1.68%  29.6 19051s
 2706303 442931 2025.67903   84  185 2026.72207 1992.59853  1.68%  29.6 19056s
 2707138 442885 infeasible   71      2026.72207 1992.60945  1.68%  29.6 19062s
 2707772 442898 1993.29106   82  191 2026.72207 1992.61858  1.68%  29.6 19070s
 2708709 442915 infeasible   56      2026.72207 1992.63238  1.68%  29.6 19076s
 2709407 442894     cutoff   99      2026.72207 1992.64639  1.68%  29.6 19081s
 2709661 442852 2023.34291   79   14 2026.72207 1992.65220  1.68%  29.6 19085s
 2710153 442873 2012.14271   98   40 2026.72207 1992.66123  1.68%  29.6 19090s
 2710847 442865 1993.48736   89   33 2026.72207 1992.67192  1.68%  29.6 19095s
 2711661 442798     cutoff   92      2026.72207 1992.68526  1.68%  29.6 19101s
 2712499 442756 infeasible   62      2026.72207 1992.69962  1.68%  29.6 19105s
 2712738 442694 1993.22971   82  148 2026.72207 1992.70368  1.68%  29.6 19111s
 2713274 442629 2022.01942   76   43 2026.72207 1992.72103  1.68%  29.6 19116s
 2713690 442610 1992.88912   75   52 2026.72207 1992.72993  1.68%  29.6 19121s
 2714245 442586 2002.55218   65  105 2026.72207 1992.73920  1.68%  29.6 19125s
 2714426 442644 2015.49092   90  133 2026.72207 1992.74244  1.68%  29.6 19130s
 2715052 442650 2013.07729   93  171 2026.72207 1992.75141  1.68%  29.6 19170s
 2715210 442796 1995.28499   63  284 2026.72207 1992.75315  1.68%  29.6 19187s
 2717417 442775     cutoff   62      2026.72207 1992.77089  1.68%  29.6 19190s
 2718035 442792 infeasible   65      2026.72207 1992.78162  1.67%  29.6 19195s
 2718115 442785 infeasible   69      2026.72207 1992.78221  1.67%  29.6 19200s
 2718821 442787 1998.42868   90   57 2026.72207 1992.79404  1.67%  29.6 19207s
 2719394 442845 1993.22789   96  172 2026.72207 1992.80082  1.67%  29.6 19212s
 2719970 442810 1992.83100   66   18 2026.72207 1992.80918  1.67%  29.6 19216s
 2720594 442829 1994.75963   88  258 2026.72207 1992.81835  1.67%  29.6 19222s
 2721304 442842 2011.43410   67  146 2026.72207 1992.82857  1.67%  29.6 19227s
 2722089 442881 2003.92316   65   13 2026.72207 1992.84191  1.67%  29.6 19234s
 2722644 442854 infeasible   78      2026.72207 1992.84794  1.67%  29.6 19236s
 2723311 442920 infeasible   77      2026.72207 1992.85722  1.67%  29.6 19243s
 2723507 442964     cutoff   87      2026.72207 1992.86371  1.67%  29.6 19248s
 2724117 442942 infeasible   68      2026.72207 1992.86747  1.67%  29.6 19250s
 2724434 442908 infeasible   73      2026.72207 1992.87365  1.67%  29.6 19256s
 2725101 442927 infeasible   61      2026.72207 1992.88055  1.67%  29.6 19263s
 2725707 442975 infeasible   93      2026.72207 1992.89171  1.67%  29.6 19297s
 2726539 442992 2017.14712   80  267 2026.72207 1992.90306  1.67%  29.6 19302s
 2727223 443086 1992.95324   88   43 2026.72207 1992.91388  1.67%  29.6 19307s
 2727788 443095 infeasible   76      2026.72207 1992.91892  1.67%  29.6 19311s
 2728346 443127 2015.65720   66  282 2026.72207 1992.92738  1.67%  29.6 19315s
 2728932 443132     cutoff   68      2026.72207 1992.93459  1.67%  29.6 19321s
 2729703 443143 2005.44515   82   88 2026.72207 1992.94739  1.67%  29.6 19327s
 2730293 443286 infeasible   88      2026.72207 1992.95772  1.67%  29.6 19332s
 2730941 443417 infeasible   46      2026.72207 1992.95772  1.67%  29.6 19336s
 2731576 443469 1993.45143   58   49 2026.72207 1992.96997  1.67%  29.6 19343s
 2732132 443498 2012.66994   78   38 2026.72207 1992.98090  1.66%  29.6 19345s
 2732952 443498 1996.78101   60   24 2026.72207 1992.99197  1.66%  29.6 19351s
 2733654 443582 1993.46534   52  179 2026.72207 1993.00009  1.66%  29.6 19359s
 2734070 443565 infeasible   60      2026.72207 1993.00260  1.66%  29.6 19360s
 2734182 443565 1995.74506   84  137 2026.72207 1993.00569  1.66%  29.6 19365s
 2734358 443542 2016.29934   92  152 2026.72207 1993.00646  1.66%  29.6 19370s
 2734429 443538 2010.91119   66   18 2026.72207 1993.00646  1.66%  29.6 19375s
 2734605 443506 infeasible   79      2026.72207 1993.00781  1.66%  29.6 19381s
 2734744 443478 infeasible   97      2026.72207 1993.01162  1.66%  29.6 19386s
 2734817 443464 1993.19962   82  167 2026.72207 1993.01162  1.66%  29.6 19390s
 2735131 443463 1998.55514   68   26 2026.72207 1993.01892  1.66%  29.6 19397s
 2735206 443450 2013.24528   89   91 2026.72207 1993.02262  1.66%  29.6 19401s
 2735497 443435 1997.72202  107   47 2026.72207 1993.02474  1.66%  29.6 19407s
 2735633 443444 1993.79674   70  120 2026.72207 1993.02738  1.66%  29.6 19410s
 2735858 443473 1995.47737   99  241 2026.72207 1993.03395  1.66%  29.6 19415s
 2736043 443472     cutoff   99      2026.72207 1993.03589  1.66%  29.6 19459s
 2736181 443458 2010.88602   55   12 2026.72207 1993.04150  1.66%  29.6 19471s
 2736808 443344     cutoff   67      2026.72207 1993.04179  1.66%  29.6 19475s
 2737236 443366 1995.51621   91  334 2026.72207 1993.05726  1.66%  29.6 19489s
 2738695 443325     cutoff   73      2026.72207 1993.07804  1.66%  29.6 19492s
 2738852 443397 infeasible   94      2026.72207 1993.07970  1.66%  29.6 19498s
 2739758 443395 infeasible  106      2026.72207 1993.08781  1.66%  29.6 19501s
 2739849 443456 2008.59997   61   39 2026.72207 1993.08835  1.66%  29.6 19505s
 2740772 443395 infeasible   65      2026.72207 1993.10716  1.66%  29.6 19514s
 2741441 443404 1998.23982   85  174 2026.72207 1993.11635  1.66%  29.6 19519s
 2741669 443409 1993.56076   59  119 2026.72207 1993.11828  1.66%  29.6 19526s
 2742530 443495     cutoff   96      2026.72207 1993.13220  1.66%  29.6 19537s
 2743222 443631     cutoff   98      2026.72207 1993.13685  1.66%  29.6 19541s
 2744009 443620     cutoff   71      2026.72207 1993.14630  1.66%  29.6 19547s
 2744735 443552 1993.58851   99  154 2026.72207 1993.15660  1.66%  29.6 19554s
 2745364 443521 infeasible   68      2026.72207 1993.16691  1.66%  29.6 19557s
 2745471 443500 1993.57182  101  151 2026.72207 1993.17053  1.66%  29.6 19562s
 2746065 443504 2017.32011  111   39 2026.72207 1993.18016  1.65%  29.6 19566s
 2746799 443532 2020.87876   67   75 2026.72207 1993.18998  1.65%  29.6 19573s
 2747386 443503 2004.94726   58   77 2026.72207 1993.19610  1.65%  29.6 19603s
 2748006 443578     cutoff   97      2026.72207 1993.20479  1.65%  29.6 19609s
 2748775 443582 2003.62587   80   44 2026.72207 1993.21711  1.65%  29.6 19611s
 2749272 443518 infeasible   47      2026.72207 1993.22740  1.65%  29.6 19619s
 2749928 443495 1993.27213   51  110 2026.72207 1993.23680  1.65%  29.6 19621s
 2750729 443495 infeasible   66      2026.72207 1993.24986  1.65%  29.6 19627s
 2750936 443595 1993.75775  107  138 2026.72207 1993.25097  1.65%  29.6 19632s
 2751610 443600 1993.32399   50  287 2026.72207 1993.25751  1.65%  29.6 19635s
 2752262 443549 2004.08143   96  220 2026.72207 1993.26875  1.65%  29.6 19642s
 2752800 443499     cutoff   85      2026.72207 1993.27829  1.65%  29.6 19645s
 2753521 443613     cutoff   78      2026.72207 1993.28929  1.65%  29.6 19652s
 2753637 443603 1993.90697   77   65 2026.72207 1993.29122  1.65%  29.6 19656s
 2754557 443629 2025.74266   55   75 2026.72207 1993.30584  1.65%  29.6 19663s
 2755005 443640 2003.69724   92  149 2026.72207 1993.31062  1.65%  29.6 19666s
 2755194 443641 2025.53996   66   38 2026.72207 1993.31470  1.65%  29.6 19674s
 2755766 443634 infeasible   52      2026.72207 1993.32063  1.65%  29.6 19678s
 2755892 443622 2015.68169   79  197 2026.72207 1993.32222  1.65%  29.6 19684s
 2756486 443576 infeasible   94      2026.72207 1993.33287  1.65%  29.6 19688s
 2756755 443593 infeasible  111      2026.72207 1993.33644  1.65%  29.6 19694s
 2757305 443594 2019.36147   59  120 2026.72207 1993.34467  1.65%  29.6 19697s
 2757413 443625 infeasible   62      2026.72207 1993.34467  1.65%  29.6 19701s
 2757969 443639     cutoff  108      2026.72207 1993.35397  1.65%  29.6 19737s
 2758812 443648 infeasible   81      2026.72207 1993.36315  1.65%  29.6 19744s
 2759417 443643 2019.39508   83  257 2026.72207 1993.36583  1.65%  29.6 19747s
 2759566 443642 2009.06964   82  108 2026.72207 1993.36692  1.65%  29.6 19753s
 2760150 443614 infeasible   62      2026.72207 1993.37727  1.65%  29.6 19755s
 2760242 443695 2004.98791   87  127 2026.72207 1993.38015  1.65%  29.6 19761s
 2761073 443643 1993.40374  101  141 2026.72207 1993.39145  1.64%  29.6 19769s
 2761605 443643     cutoff   67      2026.72207 1993.40076  1.64%  29.6 19770s
 2761672 443660 1993.42731  103  139 2026.72207 1993.40364  1.64%  29.6 19775s
 2762447 443728 2018.25001   91   46 2026.72207 1993.41635  1.64%  29.6 19783s
 2763020 443726 infeasible   73      2026.72207 1993.42223  1.64%  29.6 19785s
 2763108 443687 1994.56907  104  203 2026.72207 1993.42223  1.64%  29.6 19792s
 2763644 443640 infeasible   80      2026.72207 1993.43164  1.64%  29.6 19795s
 2763756 443622 2024.25208   89  142 2026.72207 1993.43601  1.64%  29.6 19801s
 2764517 443627 2009.54051  101   76 2026.72207 1993.44911  1.64%  29.6 19811s
 2765269 443634 1994.17543   72  163 2026.72207 1993.45984  1.64%  29.6 19818s
 2765887 443624 infeasible   83      2026.72207 1993.46839  1.64%  29.6 19820s
 2766592 443701 2024.90864   88  172 2026.72207 1993.47828  1.64%  29.6 19828s
 2767187 443711 infeasible  126      2026.72207 1993.48469  1.64%  29.6 19830s
 2767281 443724 infeasible   83      2026.72207 1993.48590  1.64%  29.6 19836s
 2767961 443706 2003.82324   93  161 2026.72207 1993.49667  1.64%  29.6 19844s
 2768529 443693 infeasible   95      2026.72207 1993.50584  1.64%  29.6 19847s
 2768797 443687 2010.54905   87   56 2026.72207 1993.50883  1.64%  29.6 19852s
 2769423 443841 infeasible   82      2026.72207 1993.51458  1.64%  29.5 19858s
 2770125 443832 infeasible   62      2026.72207 1993.52090  1.64%  29.5 19895s
 2770323 443825     cutoff   99      2026.72207 1993.52348  1.64%  29.5 19907s
 2772116 443816 2024.26733   74   31 2026.72207 1993.54386  1.64%  29.5 19914s
 2772377 443800 infeasible   98      2026.72207 1993.54742  1.64%  29.5 19921s
 2773065 443904     cutoff  118      2026.72207 1993.55859  1.64%  29.5 19931s
 2773805 443859     cutoff   89      2026.72207 1993.56575  1.64%  29.5 19937s
 2774629 443837 2020.38429  124   64 2026.72207 1993.58141  1.64%  29.5 19943s
 2775190 443841 infeasible   93      2026.72207 1993.58927  1.63%  29.5 19945s
 2775280 443921 infeasible   61      2026.72207 1993.59184  1.63%  29.5 19951s
 2775891 443959 1995.04080   56    5 2026.72207 1993.59972  1.63%  29.5 19955s
 2776223 443918 infeasible  102      2026.72207 1993.60295  1.63%  29.5 19960s
 2776879 443909 2022.77131   97   35 2026.72207 1993.61258  1.63%  29.5 19967s
 2777573 443926 2015.34999   54   16 2026.72207 1993.62237  1.63%  29.5 19973s
 2778163 443911 infeasible   50      2026.72207 1993.63083  1.63%  29.5 19976s
 2778424 443863 infeasible  103      2026.72207 1993.63379  1.63%  29.5 19983s
 2778963 443844 1998.45939   85  152 2026.72207 1993.64476  1.63%  29.5 19986s
 2779060 443858 2017.34541   65   26 2026.72207 1993.64799  1.63%  29.5 19991s
 2779747 443858 infeasible   61      2026.72207 1993.65572  1.63%  29.5 19998s
 2780330 443824 2001.51557   92  194 2026.72207 1993.66372  1.63%  29.5 20029s
 2780464 443662     cutoff   97      2026.72207 1993.66467  1.63%  29.5 20045s
 2782372 443662     cutoff   60      2026.72207 1993.68910  1.63%  29.5 20051s
 2782526 443706 infeasible   68      2026.72207 1993.69061  1.63%  29.5 20056s
 2783162 443718 2009.23786  100  165 2026.72207 1993.69696  1.63%  29.5 20061s
 2783893 443739 2015.10156   69  163 2026.72207 1993.70723  1.63%  29.5 20066s
 2784510 443771 infeasible   90      2026.72207 1993.72014  1.63%  29.5 20072s
 2785125 443826 infeasible  104      2026.72207 1993.73043  1.63%  29.5 20075s
 2785813 443738 infeasible   72      2026.72207 1993.74234  1.63%  29.5 20084s
 2786305 443721     cutoff   75      2026.72207 1993.75025  1.63%  29.5 20086s
 2786396 443752 2020.68516  103   96 2026.72207 1993.75162  1.63%  29.5 20090s
 2787061 443744 1993.92016   79   34 2026.72207 1993.75849  1.63%  29.5 20096s
 2787877 443674 infeasible   74      2026.72207 1993.77051  1.63%  29.5 20104s
 2788300 443647     cutoff   93      2026.72207 1993.77361  1.63%  29.5 20107s
 2788415 443622     cutoff   84      2026.72207 1993.77837  1.63%  29.5 20113s
 2788963 443609 2008.26875   98   66 2026.72207 1993.78655  1.63%  29.5 20116s
 2789073 443600 2023.20431  108  119 2026.72207 1993.78823  1.62%  29.5 20122s
 2789598 443628 infeasible   99      2026.72207 1993.79245  1.62%  29.5 20128s
 2789934 443588     cutoff   89      2026.72207 1993.79814  1.62%  29.5 20133s
 2790151 443622 infeasible   94      2026.72207 1993.80269  1.62%  29.5 20138s
 2790665 443574 infeasible  101      2026.72207 1993.80896  1.62%  29.5 20197s
 2790852 443639 infeasible   63      2026.72207 1993.81205  1.62%  29.5 20206s
 2792662 443622 2001.94807   90  167 2026.72207 1993.83137  1.62%  29.5 20211s
 2792736 443647 infeasible   67      2026.72207 1993.83208  1.62%  29.5 20217s
 2793304 443661 1993.85114   67   20 2026.72207 1993.84348  1.62%  29.5 20222s
 2793835 443621 infeasible   90      2026.72207 1993.84998  1.62%  29.5 20225s
 2793926 443644 2020.60468   90   91 2026.72207 1993.85425  1.62%  29.5 20232s
 2794472 443631 infeasible   94      2026.72207 1993.86232  1.62%  29.5 20235s
 2794554 443586 infeasible   74      2026.72207 1993.86464  1.62%  29.5 20241s
 2795290 443571 2022.55946   88  125 2026.72207 1993.87948  1.62%  29.5 20245s
 2795377 443703 2022.64343   92   55 2026.72207 1993.87958  1.62%  29.5 20253s
 2796030 443735     cutoff   71      2026.72207 1993.87958  1.62%  29.5 20256s
 2796278 443727 infeasible   77      2026.72207 1993.88652  1.62%  29.5 20262s
 2796859 443754 1994.24659   74  100 2026.72207 1993.90194  1.62%  29.5 20269s
 2797438 443755 1994.52403  115  138 2026.72207 1993.90641  1.62%  29.5 20272s
 2797622 443823 infeasible   82      2026.72207 1993.90996  1.62%  29.5 20280s
 2798385 443842     cutoff   83      2026.72207 1993.92317  1.62%  29.5 20290s
 2799081 443830 1993.94619  104   26 2026.72207 1993.93073  1.62%  29.5 20296s
 2799842 443761 infeasible   87      2026.72207 1993.94616  1.62%  29.5 20305s
 2800444 443743 1996.21464   59  223 2026.72207 1993.95296  1.62%  29.5 20313s
 2800975 443752 2001.14052   89  172 2026.72207 1993.95985  1.62%  29.5 20317s
 2801111 443748 1993.98420   86  203 2026.72207 1993.96537  1.62%  29.5 20325s
 2801872 443719 1994.28762  101  147 2026.72207 1993.97880  1.62%  29.5 20334s
 2802452 443721 infeasible   89      2026.72207 1993.98982  1.62%  29.5 20370s
 2802720 443742 2020.57090   74  151 2026.72207 1993.99077  1.61%  29.5 20384s
 2803882 443721     cutoff  100      2026.72207 1994.00789  1.61%  29.5 20387s
 2803995 443691     cutoff   90      2026.72207 1994.01042  1.61%  29.5 20396s
 2804656 443702 2012.59229   85  179 2026.72207 1994.02215  1.61%  29.5 20405s
 2805520 443654 1996.09841   79  164 2026.72207 1994.03562  1.61%  29.5 20415s
 2806250 443705 2000.82032   83   12 2026.72207 1994.04856  1.61%  29.5 20421s
 2806863 443750 2021.00846   59   87 2026.72207 1994.05446  1.61%  29.5 20426s
 2807172 443768 2003.70501   68   17 2026.72207 1994.05657  1.61%  29.5 20430s
 2807467 443761 1997.32161   56   24 2026.72207 1994.05955  1.61%  29.5 20436s
 2808037 443780 infeasible   68      2026.72207 1994.06694  1.61%  29.5 20445s
 2808912 443767 infeasible   93      2026.72207 1994.08017  1.61%  29.5 20451s
 2809090 443788 infeasible  112      2026.72207 1994.08078  1.61%  29.5 20456s
 2809741 443841     cutoff   64      2026.72207 1994.09744  1.61%  29.5 20463s
 2810342 443843 2004.90734  104  204 2026.72207 1994.10179  1.61%  29.5 20465s
 2810512 443880 2011.08897   82  171 2026.72207 1994.10667  1.61%  29.5 20472s
 2811130 443868 infeasible   68      2026.72207 1994.11656  1.61%  29.5 20480s
 2811513 443870 1994.44213   68   49 2026.72207 1994.12176  1.61%  29.5 20485s
 2811795 443912 infeasible   69      2026.72207 1994.12546  1.61%  29.5 20490s
 2812469 443935 1998.62765   81  227 2026.72207 1994.13507  1.61%  29.5 20496s
 2813134 443940 1997.83054   85  156 2026.72207 1994.14406  1.61%  29.5 20534s
 2813468 443984 infeasible   80      2026.72207 1994.14924  1.61%  29.5 20539s
 2814084 443981 1994.16651   43  110 2026.72207 1994.15672  1.61%  29.5 20541s
 2814243 444017 1999.26534   92   72 2026.72207 1994.15899  1.61%  29.5 20550s
 2815227 444077 2015.74713   86  135 2026.72207 1994.17139  1.61%  29.5 20559s
 2815933 444018 2008.53907   77   47 2026.72207 1994.17936  1.61%  29.5 20564s
 2816330 443968 1995.52932   97  125 2026.72207 1994.18940  1.61%  29.5 20567s
 2816472 444004 1994.68557   88   85 2026.72207 1994.19221  1.61%  29.5 20571s
 2817262 444062     cutoff  132      2026.72207 1994.20113  1.60%  29.5 20578s
 2817965 444077 infeasible   90      2026.72207 1994.21132  1.60%  29.5 20580s
 2818031 444009 1995.12732  102  201 2026.72207 1994.21132  1.60%  29.5 20585s
 2819250 444016     cutoff   81      2026.72207 1994.23363  1.60%  29.5 20590s
 2819318 444078     cutoff   95      2026.72207 1994.23443  1.60%  29.5 20598s
 2819889 444067 infeasible   68      2026.72207 1994.24085  1.60%  29.5 20602s
 2820106 444064 1994.75149   75  222 2026.72207 1994.24315  1.60%  29.5 20606s
 2820806 444069 infeasible   79      2026.72207 1994.25477  1.60%  29.5 20616s
 2821391 444068 1994.27931   89   56 2026.72207 1994.25868  1.60%  29.5 20620s
 2821896 444106 infeasible   79      2026.72207 1994.26700  1.60%  29.5 20627s
 2822396 444103     cutoff   63      2026.72207 1994.27082  1.60%  29.5 20630s
 2822530 444173     cutoff   70      2026.72207 1994.27606  1.60%  29.5 20637s
 2823038 444152 infeasible   84      2026.72207 1994.27633  1.60%  29.5 20642s
 2823217 444119 2012.59685   99  137 2026.72207 1994.28127  1.60%  29.5 20649s
 2823748 444115 infeasible   48      2026.72207 1994.28838  1.60%  29.5 20652s
 2823917 444079     cutoff   80      2026.72207 1994.29309  1.60%  29.5 20657s
 2824499 444045 infeasible   92      2026.72207 1994.30145  1.60%  29.5 20661s
 2824705 444096 1994.30855   81  119 2026.72207 1994.30551  1.60%  29.5 20669s
 2825348 444094 infeasible   84      2026.72207 1994.31078  1.60%  29.5 20701s
 2825470 444025 2016.15893   60   90 2026.72207 1994.31179  1.60%  29.5 20731s
 2827859 443992 1995.42268   95  183 2026.72207 1994.33115  1.60%  29.5 20735s
 2827959 444061 2024.89495   43   60 2026.72207 1994.33163  1.60%  29.5 20740s
 2828490 444071 infeasible   54      2026.72207 1994.33760  1.60%  29.5 20749s
 2829042 444048 1994.34533   95   28 2026.72207 1994.34492  1.60%  29.5 20756s
 2829559 444001     cutoff   81      2026.72207 1994.35180  1.60%  29.5 20765s
 2830374 443967 infeasible  102      2026.72207 1994.36740  1.60%  29.5 20773s
 2830909 443935 1994.44030   61   89 2026.72207 1994.37541  1.60%  29.5 20775s
 2830983 443991 infeasible   65      2026.72207 1994.37727  1.60%  29.5 20780s
 2831678 443977     cutoff   82      2026.72207 1994.38381  1.60%  29.5 20788s
 2832247 443960 infeasible   68      2026.72207 1994.39102  1.60%  29.5 20791s
 2832369 443933 2001.68795   92  156 2026.72207 1994.39378  1.60%  29.5 20799s
 2832908 443901 infeasible   93      2026.72207 1994.39804  1.59%  29.5 20804s
 2833105 443870 1994.56319  103   40 2026.72207 1994.40213  1.59%  29.5 20811s
 2833797 444013 2024.37378   94   54 2026.72207 1994.41715  1.59%  29.5 20818s
 2834497 443989 infeasible   55      2026.72207 1994.41871  1.59%  29.5 20821s
 2834681 444015 infeasible   75      2026.72207 1994.42332  1.59%  29.5 20828s
 2835245 443996 infeasible   58      2026.72207 1994.43146  1.59%  29.5 20832s
 2835368 443949 1994.59362  105   56 2026.72207 1994.43146  1.59%  29.5 20838s
 2835927 443928 infeasible   65      2026.72207 1994.44138  1.59%  29.5 20841s
 2836048 443890 1997.71300   64   24 2026.72207 1994.44471  1.59%  29.5 20845s
 2836608 443860 1994.45656   73   43 2026.72207 1994.45569  1.59%  29.5 20850s
 2837239 443756 1994.93823  102   54 2026.72207 1994.46381  1.59%  29.5 20857s
 2837780 443749 infeasible   83      2026.72207 1994.47291  1.59%  29.5 20862s
 2838371 443713 2002.12189   86  165 2026.72207 1994.48515  1.59%  29.5 20871s
 2838905 443702 2016.59636   74  199 2026.72207 1994.49335  1.59%  29.5 20875s
 2839110 443703 infeasible   76      2026.72207 1994.49726  1.59%  29.5 20882s
 2839687 443665 infeasible   79      2026.72207 1994.50320  1.59%  29.5 20885s
 2839833 443698 infeasible   80      2026.72207 1994.50785  1.59%  29.5 20890s
 2840702 443665 infeasible   71      2026.72207 1994.52291  1.59%  29.5 20897s
 2840958 443682 infeasible   80      2026.72207 1994.52758  1.59%  29.5 20900s
 2841215 443640 2025.33897   80   88 2026.72207 1994.53234  1.59%  29.5 20940s
 2841943 443600 1997.45081   68  165 2026.72207 1994.54180  1.59%  29.5 20949s
 2842624 443599 1994.55306   60   23 2026.72207 1994.55191  1.59%  29.5 20952s
 2842794 443660     cutoff  103      2026.72207 1994.55661  1.59%  29.5 20958s
 2843419 443650     cutoff   83      2026.72207 1994.56089  1.59%  29.5 20960s
 2843521 443613 2023.62615  107   34 2026.72207 1994.56229  1.59%  29.5 20966s
 2844294 443583     cutoff   57      2026.72207 1994.57715  1.59%  29.5 20972s
 2844418 443706 2023.64899   80   65 2026.72207 1994.57720  1.59%  29.5 20979s
 2845096 443682     cutoff   67      2026.72207 1994.58590  1.59%  29.5 20982s
 2845375 443644 2002.35188   77   85 2026.72207 1994.59321  1.59%  29.5 20987s
 2845726 443636 2023.19198  108  210 2026.72207 1994.59871  1.58%  29.5 20991s
 2845984 443663 1994.61660   79  147 2026.72207 1994.60394  1.58%  29.5 20998s
 2846618 443640 2011.84604   92  196 2026.72207 1994.61274  1.58%  29.5 21003s
 2846756 443603 1999.72474   86  157 2026.72207 1994.61628  1.58%  29.5 21011s
 2847457 443593     cutoff   68      2026.72207 1994.62559  1.58%  29.5 21020s
 2848199 443540 1994.88238  113   25 2026.72207 1994.63989  1.58%  29.5 21029s
 2848827 443526 1994.95101   91  157 2026.72207 1994.64776  1.58%  29.4 21033s
 2848930 443538 2024.08760  134   35 2026.72207 1994.64859  1.58%  29.5 21040s
 2849679 443504 2003.63839   89   81 2026.72207 1994.65770  1.58%  29.5 21051s
 2850351 443521 infeasible   98      2026.72207 1994.67176  1.58%  29.4 21060s
 2850957 443497 2022.74394   60  123 2026.72207 1994.68119  1.58%  29.4 21065s
 2851518 443540 2006.25703   85   48 2026.72207 1994.69114  1.58%  29.4 21074s
 2852138 443525 infeasible   92      2026.72207 1994.70011  1.58%  29.4 21109s
 2852314 443441     cutoff   70      2026.72207 1994.70340  1.58%  29.4 21116s
 2852787 443550 2007.41139   85   82 2026.72207 1994.71033  1.58%  29.4 21128s
 2854398 443522 infeasible   65      2026.72207 1994.72743  1.58%  29.4 21130s
 2854556 443534 1995.67766   97  163 2026.72207 1994.72968  1.58%  29.4 21135s
 2855854 443557 1994.74568   65   97 2026.72207 1994.74487  1.58%  29.4 21142s
 2856046 443566 2012.80979   71   86 2026.72207 1994.74663  1.58%  29.4 21150s
 2857005 443541 infeasible   97      2026.72207 1994.75758  1.58%  29.4 21157s
 2857149 443630 infeasible   85      2026.72207 1994.76177  1.58%  29.4 21163s
 2857793 443623 2003.32421   76   25 2026.72207 1994.76834  1.58%  29.4 21167s
 2858064 443730 1995.98414  100   61 2026.72207 1994.77285  1.58%  29.4 21175s
 2858771 443707 infeasible   99      2026.72207 1994.77652  1.58%  29.4 21181s
 2859072 443692 2003.33268   71  167 2026.72207 1994.78090  1.58%  29.4 21191s
 2859796 443630 1996.26579   98  154 2026.72207 1994.78952  1.58%  29.4 21201s
 2860502 443638 infeasible   85      2026.72207 1994.80397  1.57%  29.4 21207s
 2861202 443703 2021.82914   41   40 2026.72207 1994.81254  1.57%  29.4 21217s
 2861952 443682 infeasible  103      2026.72207 1994.82103  1.57%  29.4 21227s
 2862589 443670     cutoff   42      2026.72207 1994.82786  1.57%  29.4 21260s
 2862780 443614 infeasible   82      2026.72207 1994.82817  1.57%  29.4 21289s
 2864039 443585 2012.73181  113  156 2026.72207 1994.84884  1.57%  29.4 21292s
 2864144 443595     cutoff   56      2026.72207 1994.85014  1.57%  29.4 21298s
 2864335 443632 2023.32993   72    8 2026.72207 1994.85186  1.57%  29.4 21304s
 2865024 443626 infeasible   58      2026.72207 1994.85729  1.57%  29.4 21306s
 2865081 443689 2011.59962   90  150 2026.72207 1994.85908  1.57%  29.4 21312s
 2865791 443669 1999.44292   98  207 2026.72207 1994.86842  1.57%  29.4 21315s
 2865956 443737 infeasible   73      2026.72207 1994.87130  1.57%  29.4 21321s
 2866613 443728 1995.74541  105  161 2026.72207 1994.87917  1.57%  29.4 21327s
 2866744 443819 infeasible   67      2026.72207 1994.88120  1.57%  29.4 21337s
 2867388 443833     cutoff   71      2026.72207 1994.88628  1.57%  29.4 21340s
 2867521 443840 2008.56512   75  171 2026.72207 1994.89137  1.57%  29.4 21345s
 2868110 443830 2022.14725   81  125 2026.72207 1994.89635  1.57%  29.4 21350s
 2868377 443835 2024.50379   88   35 2026.72207 1994.90357  1.57%  29.4 21356s
 2868990 443835 infeasible   62      2026.72207 1994.91291  1.57%  29.4 21365s
 2869913 443814 infeasible   84      2026.72207 1994.92524  1.57%  29.4 21374s
 2870519 443821 infeasible   69      2026.72207 1994.93254  1.57%  29.4 21375s
 2870591 443886 1995.21517   86  159 2026.72207 1994.93324  1.57%  29.4 21380s
 2871155 443940 infeasible   70      2026.72207 1994.93845  1.57%  29.4 21386s
 2871759 443995 1999.17352   90   45 2026.72207 1994.94499  1.57%  29.4 21395s
 2872358 443959 2023.83145  110   36 2026.72207 1994.94937  1.57%  29.4 21401s
 2872885 443940 1997.12328   90  168 2026.72207 1994.96039  1.57%  29.4 21436s
 2873814 443938 2013.35093   60   70 2026.72207 1994.97783  1.57%  29.4 21447s
 2874348 443928 2012.19699   86  129 2026.72207 1994.98594  1.57%  29.4 21450s
 2874431 443939     cutoff  100      2026.72207 1994.98699  1.57%  29.4 21458s
 2875013 443928 infeasible   48      2026.72207 1994.99325  1.57%  29.4 21460s
 2875605 443958 infeasible   55      2026.72207 1995.00234  1.57%  29.4 21466s
 2875707 443994 infeasible   74      2026.72207 1995.00275  1.57%  29.4 21471s
 2876648 444074 2017.96956   93  188 2026.72207 1995.01317  1.56%  29.4 21480s
 2877276 444092 infeasible  124      2026.72207 1995.01872  1.56%  29.4 21492s
 2877885 444101 infeasible   82      2026.72207 1995.02587  1.56%  29.4 21498s
 2878416 444087 1996.53481   58  111 2026.72207 1995.03291  1.56%  29.4 21501s
 2878493 444116 1995.19730   96  160 2026.72207 1995.03433  1.56%  29.4 21510s
 2879295 444098 2010.87381  109  160 2026.72207 1995.04311  1.56%  29.4 21518s
 2879891 444106 2002.72857   67   20 2026.72207 1995.05186  1.56%  29.4 21525s
 2880134 444132 1995.62715   83  210 2026.72207 1995.05620  1.56%  29.4 21533s
 2880670 444138 1995.79548   61  158 2026.72207 1995.06197  1.56%  29.4 21535s
 2880760 444210 1999.09543   63  112 2026.72207 1995.06199  1.56%  29.4 21541s
 2881358 444187 2011.96800   89   28 2026.72207 1995.07166  1.56%  29.4 21547s
 2881816 444183 infeasible   83      2026.72207 1995.07689  1.56%  29.4 21550s
 2882540 444225 1995.76362   56  107 2026.72207 1995.08203  1.56%  29.4 21560s
 2883017 444245 infeasible   74      2026.72207 1995.08786  1.56%  29.4 21571s
 2883609 444237 2007.97853   84   68 2026.72207 1995.09669  1.56%  29.4 21578s
 2883994 444217 infeasible   69      2026.72207 1995.10166  1.56%  29.4 21582s
 2884204 444170     cutoff   74      2026.72207 1995.10757  1.56%  29.4 21590s
 2884929 444179 2012.49995   82  141 2026.72207 1995.11898  1.56%  29.4 21600s
 2885543 444216 2002.90136   75   29 2026.72207 1995.12439  1.56%  29.4 21605s
 2885783 444178 2024.00568   63   32 2026.72207 1995.12874  1.56%  29.4 21639s
 2886206 444162 1996.31945   64  132 2026.72207 1995.13709  1.56%  29.4 21644s
 2886449 444252 2017.19228   64  180 2026.72207 1995.14526  1.56%  29.4 21654s
 2887453 444235 1999.80563   69  125 2026.72207 1995.15465  1.56%  29.4 21656s
 2887560 444253 2024.67810   96   36 2026.72207 1995.15598  1.56%  29.4 21664s
 2888209 444252 1995.48900   58   14 2026.72207 1995.16414  1.56%  29.4 21666s
 2888305 444265 2014.82221   82   99 2026.72207 1995.16654  1.56%  29.4 21672s
 2888919 444286 infeasible   88      2026.72207 1995.17375  1.56%  29.4 21677s
 2889523 444283 2020.39822   97  179 2026.72207 1995.18029  1.56%  29.4 21685s
 2890110 444219 infeasible   77      2026.72207 1995.19068  1.56%  29.4 21691s
 2890708 444211 1999.90397   80  115 2026.72207 1995.19849  1.56%  29.4 21696s
 2891633 444132 2014.71979   91  185 2026.72207 1995.21609  1.55%  29.4 21704s
 2891847 444167 2011.10760   73  180 2026.72207 1995.21850  1.55%  29.4 21707s
 2892546 444174     cutoff  109      2026.72207 1995.22621  1.55%  29.4 21712s
 2893260 444209 2011.09940   54  193 2026.72207 1995.23612  1.55%  29.4 21718s
 2893863 444152 infeasible   84      2026.72207 1995.24327  1.55%  29.4 21721s
 2893989 444123 2018.98081   57  195 2026.72207 1995.24579  1.55%  29.4 21725s
 2894661 444178 2021.47163   82  180 2026.72207 1995.25816  1.55%  29.4 21732s
 2895243 444145     cutoff   86      2026.72207 1995.26121  1.55%  29.4 21737s
 2895492 444141 2004.81842   96   71 2026.72207 1995.26375  1.55%  29.4 21740s
 2896034 444066 1995.57599  122  138 2026.72207 1995.27363  1.55%  29.4 21747s
 2896277 443990 1998.32857   81   65 2026.72207 1995.27867  1.55%  29.4 21753s
 2896794 443989     cutoff  111      2026.72207 1995.28732  1.55%  29.4 21756s
 2896871 443908 1996.03306  101  156 2026.72207 1995.28871  1.55%  29.4 21762s
 2897457 443890 2025.62008   56  260 2026.72207 1995.29843  1.55%  29.4 21767s
 2897831 443885 infeasible   79      2026.72207 1995.30780  1.55%  29.4 21771s
 2897985 443916 1995.90237   76  127 2026.72207 1995.30861  1.55%  29.4 21779s
 2898643 443874 2020.47835   60  100 2026.72207 1995.31544  1.55%  29.4 21811s
 2898847 443870 1995.93469   85  182 2026.72207 1995.31866  1.55%  29.4 21827s
 2900053 443847 infeasible   70      2026.72207 1995.33145  1.55%  29.4 21830s
 2900383 443808 1995.42907   94   96 2026.72207 1995.33670  1.55%  29.4 21840s
 2901247 443791 infeasible   98      2026.72207 1995.34394  1.55%  29.4 21848s
 2901957 443771 2026.11888   65   20 2026.72207 1995.35562  1.55%  29.4 21852s
 2902333 443761 infeasible   68      2026.72207 1995.36107  1.55%  29.4 21857s
 2902631 443788 1995.46655   93  183 2026.72207 1995.36578  1.55%  29.4 21870s
 2903404 443757 2001.65063  106  193 2026.72207 1995.37525  1.55%  29.4 21882s
 2904006 443716 infeasible   82      2026.72207 1995.38136  1.55%  29.4 21887s
 2904257 443752 infeasible   80      2026.72207 1995.38840  1.55%  29.4 21894s
 2904948 443713 1996.39623   78  250 2026.72207 1995.39614  1.55%  29.4 21896s
 2905073 443784 1995.71356  107   53 2026.72207 1995.39933  1.55%  29.4 21902s
 2905743 443760 2010.43572  115  181 2026.72207 1995.40789  1.55%  29.4 21905s
 2905897 443812 infeasible   94      2026.72207 1995.40855  1.55%  29.4 21913s
 2906583 443805 infeasible   86      2026.72207 1995.41699  1.54%  29.4 21918s
 2906771 443785 infeasible   65      2026.72207 1995.41880  1.54%  29.4 21926s
 2907389 443760 infeasible   98      2026.72207 1995.43031  1.54%  29.4 21930s
 2907521 443759     cutoff   72      2026.72207 1995.43477  1.54%  29.4 21937s
 2908283 443752     cutoff   82      2026.72207 1995.44444  1.54%  29.3 21945s
 2908904 443739 1995.47426   95   54 2026.72207 1995.45273  1.54%  29.3 21966s
 2909532 443766 infeasible   90      2026.72207 1995.46527  1.54%  29.3 21976s
 2910472 443745     cutoff   67      2026.72207 1995.47279  1.54%  29.3 21980s
 2910575 443773 2020.68873   61  122 2026.72207 1995.47650  1.54%  29.3 21989s
 2911304 443775 2025.69156   92  140 2026.72207 1995.48395  1.54%  29.3 21994s
 2911658 443776 2003.13042   85  162 2026.72207 1995.48913  1.54%  29.3 21998s
 2911918 443786 2000.54592   85   78 2026.72207 1995.49279  1.54%  29.3 22002s
 2912286 443789 infeasible   59      2026.72207 1995.49707  1.54%  29.3 22008s
 2912766 443785 1995.55073   74  159 2026.72207 1995.50169  1.54%  29.3 22012s
 2913015 443738 2007.29661   93   70 2026.72207 1995.50502  1.54%  29.3 22018s
 2913260 443729 1996.46504   49  186 2026.72207 1995.50994  1.54%  29.3 22021s
 2913414 443746     cutoff   68      2026.72207 1995.51318  1.54%  29.3 22029s
 2914114 443789 infeasible   91      2026.72207 1995.52273  1.54%  29.3 22038s
 2914854 443759 infeasible   86      2026.72207 1995.53446  1.54%  29.3 22041s
 2914960 443787 infeasible   72      2026.72207 1995.53911  1.54%  29.3 22048s
 2915629 443779 1995.58666   89  119 2026.72207 1995.54548  1.54%  29.3 22056s
 2916132 443765 infeasible   90      2026.72207 1995.55373  1.54%  29.3 22060s
 2916250 443752 infeasible   55      2026.72207 1995.55469  1.54%  29.3 22067s
 2916908 443762 1995.79063   60  191 2026.72207 1995.56491  1.54%  29.3 22070s
 2917145 443791 infeasible   58      2026.72207 1995.56660  1.54%  29.3 22079s
 2917776 443769 infeasible  111      2026.72207 1995.57366  1.54%  29.3 22083s
 2917908 443743 infeasible   94      2026.72207 1995.57506  1.54%  29.3 22090s
 2918472 443725 infeasible  117      2026.72207 1995.58410  1.54%  29.3 22099s
 2918665 443711 infeasible   60      2026.72207 1995.58647  1.54%  29.3 22109s
 2919332 443709     cutoff   88      2026.72207 1995.59599  1.54%  29.3 22112s
 2919378 443722 2000.28217   66  274 2026.72207 1995.59813  1.54%  29.3 22119s
 2920066 443779     cutoff   78      2026.72207 1995.60527  1.54%  29.3 22126s
 2920711 443764 2000.39499   71   57 2026.72207 1995.61252  1.53%  29.3 22156s
 2920809 443818     cutoff   83      2026.72207 1995.61252  1.53%  29.3 22188s
 2923657 443794 2025.67067  110   53 2026.72207 1995.62975  1.53%  29.3 22190s
 2923830 443776 2017.84768   90  120 2026.72207 1995.63135  1.53%  29.3 22196s
 2924319 443783 1995.64655   60   76 2026.72207 1995.63520  1.53%  29.3 22200s
 2924522 443772 2009.56774   75  136 2026.72207 1995.63953  1.53%  29.3 22207s
 2925033 443770 infeasible   93      2026.72207 1995.64603  1.53%  29.3 22210s
 2925126 443745 2024.49343   50  119 2026.72207 1995.64736  1.53%  29.3 22215s
 2925893 443720 infeasible   98      2026.72207 1995.66150  1.53%  29.3 22221s
 2926134 443763 2020.10454   80  100 2026.72207 1995.66493  1.53%  29.3 22225s
 2926837 443717 2003.28739   67  118 2026.72207 1995.67183  1.53%  29.3 22232s
 2926981 443764 2018.50789   97  256 2026.72207 1995.67535  1.53%  29.3 22238s
 2927694 443757 infeasible   70      2026.72207 1995.68224  1.53%  29.3 22244s
 2928055 443767 1996.74359   85  259 2026.72207 1995.68507  1.53%  29.3 22246s
 2928138 443732     cutoff   86      2026.72207 1995.68507  1.53%  29.3 22250s
 2928397 443671 2017.89445   78  226 2026.72207 1995.68844  1.53%  29.3 22256s
 2928862 443673 infeasible   54      2026.72207 1995.69866  1.53%  29.3 22260s
 2929071 443723     cutoff   75      2026.72207 1995.70056  1.53%  29.3 22266s
 2929852 443765 1996.63299  103  208 2026.72207 1995.71094  1.53%  29.3 22272s
 2930824 443750 1996.43948   81  200 2026.72207 1995.71813  1.53%  29.3 22281s
 2931625 443768     cutoff   66      2026.72207 1995.73256  1.53%  29.3 22290s
 2932264 443741     cutoff   63      2026.72207 1995.73732  1.53%  29.3 22328s
 2932390 443692     cutoff   92      2026.72207 1995.73871  1.53%  29.3 22350s
 2934439 443674 2018.32754   85   15 2026.72207 1995.75617  1.53%  29.3 22358s
 2934675 443621 infeasible   73      2026.72207 1995.75816  1.53%  29.3 22365s
 2935315 443665     cutoff   58      2026.72207 1995.76702  1.53%  29.3 22374s
 2935962 443668 2020.02536   96   10 2026.72207 1995.77417  1.53%  29.3 22377s
 2936174 443631 2023.50249   72   66 2026.72207 1995.77728  1.53%  29.3 22382s
 2936592 443609 infeasible   75      2026.72207 1995.78194  1.53%  29.3 22385s
 2936717 443745 1997.48212   97   69 2026.72207 1995.78559  1.53%  29.3 22393s
 2937432 443760     cutoff  109      2026.72207 1995.79125  1.53%  29.3 22396s
 2937715 443768 2022.50785  104   59 2026.72207 1995.79204  1.53%  29.3 22402s
 2938291 443845 2005.14346   97  191 2026.72207 1995.80527  1.53%  29.3 22411s
 2938955 443824 1995.82043   48   41 2026.72207 1995.81202  1.53%  29.3 22415s
 2939491 443801 infeasible  106      2026.72207 1995.82035  1.52%  29.3 22423s
 2940064 443719 2008.13636   86   30 2026.72207 1995.82850  1.52%  29.3 22428s
 2940428 443666 2016.54411   77  131 2026.72207 1995.83347  1.52%  29.3 22431s
 2940640 443729     cutoff  110      2026.72207 1995.84017  1.52%  29.3 22436s
 2941336 443723 2012.24594   67  260 2026.72207 1995.84771  1.52%  29.3 22445s
 2941951 443696 1995.98410   98  140 2026.72207 1995.85396  1.52%  29.3 22452s
 2942349 443694 1996.17745   79   37 2026.72207 1995.85975  1.52%  29.3 22455s
 2942506 443698 infeasible   79      2026.72207 1995.86008  1.52%  29.3 22462s
 2943092 443713 2025.04111   90  201 2026.72207 1995.87412  1.52%  29.3 22469s
 2943276 443697 2025.39070  110  197 2026.72207 1995.87486  1.52%  29.3 22507s
 2943384 443690 infeasible  108      2026.72207 1995.87600  1.52%  29.3 22517s
 2944243 443653 1995.87665   65   90 2026.72207 1995.87665  1.52%  29.3 22522s
 2944467 443778 2026.13717   45  105 2026.72207 1995.88560  1.52%  29.3 22539s
 2945793 443754 infeasible   92      2026.72207 1995.90549  1.52%  29.3 22546s
 2945935 443730 2002.63935   73  208 2026.72207 1995.90601  1.52%  29.3 22559s
 2946937 443720 1998.23696   96  170 2026.72207 1995.92107  1.52%  29.3 22561s
 2947032 443718 infeasible  119      2026.72207 1995.92335  1.52%  29.3 22570s
 2948094 443726 1996.07395   70  167 2026.72207 1995.93860  1.52%  29.3 22580s
 2948921 443723 infeasible   81      2026.72207 1995.95180  1.52%  29.3 22590s
 2949836 443714 1996.32043   58  276 2026.72207 1995.96330  1.52%  29.3 22599s
 2950596 443699 2003.86521   68  134 2026.72207 1995.97156  1.52%  29.3 22601s
 2950701 443703 1996.60313  108   32 2026.72207 1995.97331  1.52%  29.3 22614s
 2951355 443699 1999.42831   91  189 2026.72207 1995.98272  1.52%  29.3 22622s
 2952058 443658 infeasible   82      2026.72207 1995.99228  1.52%  29.3 22630s
 2953123 443616 infeasible   72      2026.72207 1996.01095  1.52%  29.3 22635s
 2953390 443632 2001.63557  105   23 2026.72207 1996.01336  1.52%  29.3 22642s
 2954206 443687 2017.26406   66  120 2026.72207 1996.02519  1.51%  29.3 22651s
 2954992 443754 2021.04853   79  187 2026.72207 1996.03536  1.51%  29.3 22684s
 2955398 443730 2016.40873   82   35 2026.72207 1996.03708  1.51%  29.3 22693s
 2956061 443705 infeasible   84      2026.72207 1996.04744  1.51%  29.3 22696s
 2956213 443723 infeasible   65      2026.72207 1996.04916  1.51%  29.3 22704s
 2956885 443731 infeasible   67      2026.72207 1996.05622  1.51%  29.3 22706s
 2957026 443727 infeasible   91      2026.72207 1996.05864  1.51%  29.3 22714s
 2957748 443722 infeasible   72      2026.72207 1996.06443  1.51%  29.3 22715s
 2958452 443783 infeasible   71      2026.72207 1996.07146  1.51%  29.3 22724s
 2958718 443762 2017.87759   66  130 2026.72207 1996.07391  1.51%  29.3 22729s
 2959133 443764 2002.33817   54  107 2026.72207 1996.08247  1.51%  29.3 22734s
 2959437 443783 2026.20982   46  104 2026.72207 1996.08785  1.51%  29.3 22743s
 2960025 443771 infeasible   80      2026.72207 1996.09632  1.51%  29.3 22745s
 2960150 443798 2018.58959   62  149 2026.72207 1996.09767  1.51%  29.3 22752s
 2960780 443818 infeasible   72      2026.72207 1996.10675  1.51%  29.3 22756s
 2961481 443852 infeasible   97      2026.72207 1996.11221  1.51%  29.3 22766s
 2962084 443818     cutoff   77      2026.72207 1996.12196  1.51%  29.3 22771s
 2962607 443822     cutoff   89      2026.72207 1996.13071  1.51%  29.3 22781s
 2963298 443871     cutoff   80      2026.72207 1996.14034  1.51%  29.3 22787s
 2963933 443836 infeasible   56      2026.72207 1996.14755  1.51%  29.3 22790s
 2964115 443900 1999.62197   82  158 2026.72207 1996.15277  1.51%  29.3 22795s
 2964842 443905 1997.50919   98  163 2026.72207 1996.16061  1.51%  29.3 22801s
 2965437 443877 2024.55354  115  180 2026.72207 1996.17008  1.51%  29.3 22838s
 2965532 443667 2020.10131   84   61 2026.72207 1996.17065  1.51%  29.3 22861s
 2967986 443629 infeasible   59      2026.72207 1996.18827  1.51%  29.3 22865s
 2968202 443682     cutoff   81      2026.72207 1996.19144  1.51%  29.3 22876s
 2968851 443637 1998.45313   79  208 2026.72207 1996.20028  1.51%  29.3 22883s
 2969392 443626 1998.97230   59  138 2026.72207 1996.20772  1.51%  29.3 22888s
 2969628 443589 infeasible  105      2026.72207 1996.21138  1.51%  29.3 22894s
 2970165 443581 1998.84341   61  192 2026.72207 1996.21868  1.51%  29.3 22896s
 2970243 443529 infeasible   86      2026.72207 1996.22049  1.50%  29.3 22902s
 2970773 443465     cutoff   84      2026.72207 1996.22618  1.50%  29.3 22905s
 2970994 443456 2023.44833   93   42 2026.72207 1996.23045  1.50%  29.3 22913s
 2971537 443451 2013.61564   80   18 2026.72207 1996.23747  1.50%  29.3 22918s
 2971631 443455 infeasible   65      2026.72207 1996.23881  1.50%  29.3 22926s
 2972244 443477 2023.91215   72   32 2026.72207 1996.24637  1.50%  29.3 22930s
 2972506 443425 2026.53561  106   63 2026.72207 1996.25010  1.50%  29.3 22936s
 2973160 443390 2010.96188   53   32 2026.72207 1996.26206  1.50%  29.3 22946s
 2973712 443407 2000.61687   74  150 2026.72207 1996.26639  1.50%  29.3 22951s
 2974410 443429 1996.27607   93   58 2026.72207 1996.27262  1.50%  29.2 22958s
 2975014 443447 infeasible  100      2026.72207 1996.28100  1.50%  29.2 22963s
 2975504 443418 infeasible   67      2026.72207 1996.28510  1.50%  29.2 22965s
 2975602 443407     cutoff   73      2026.72207 1996.28763  1.50%  29.2 22972s
 2976293 443487 infeasible   92      2026.72207 1996.29782  1.50%  29.2 22982s
 2976927 443505     cutoff   92      2026.72207 1996.30334  1.50%  29.2 23016s
 2977770 443496     cutoff   87      2026.72207 1996.31355  1.50%  29.2 23027s
 2978366 443427 2019.73857   74   67 2026.72207 1996.32029  1.50%  29.2 23037s
 2978918 443434 2015.46777   75  114 2026.72207 1996.32815  1.50%  29.2 23040s
 2979143 443393 infeasible   79      2026.72207 1996.33011  1.50%  29.2 23048s
 2979669 443385 2015.99410  106  186 2026.72207 1996.33689  1.50%  29.2 23050s
 2979754 443357     cutoff  101      2026.72207 1996.33991  1.50%  29.2 23055s
 2980556 443360 2019.31591   97  200 2026.72207 1996.35437  1.50%  29.2 23064s
 2981061 443344 1996.92420  100  192 2026.72207 1996.35894  1.50%  29.2 23067s
 2981141 443370 infeasible   84      2026.72207 1996.35967  1.50%  29.2 23074s
 2981738 443363 infeasible   82      2026.72207 1996.36709  1.50%  29.2 23077s
 2982021 443381 infeasible   76      2026.72207 1996.37151  1.50%  29.2 23081s
 2982693 443358 2024.18816   71   38 2026.72207 1996.38050  1.50%  29.2 23088s
 2983303 443389 infeasible   99      2026.72207 1996.38625  1.50%  29.2 23090s
 2983502 443431     cutoff  103      2026.72207 1996.38793  1.50%  29.2 23095s
 2984359 443413 infeasible   76      2026.72207 1996.39623  1.50%  29.2 23103s
 2984845 443398 infeasible   69      2026.72207 1996.40531  1.50%  29.2 23107s
 2984944 443339 infeasible   75      2026.72207 1996.40752  1.50%  29.2 23111s
 2985392 443299 infeasible  109      2026.72207 1996.41535  1.50%  29.2 23119s
 2985961 443311 2024.24653   72  145 2026.72207 1996.42142  1.50%  29.2 23122s
 2986061 443418 2001.62409   79   53 2026.72207 1996.42259  1.49%  29.2 23127s
 2986712 443407 2013.77234   95   48 2026.72207 1996.42844  1.49%  29.2 23132s
 2986996 443443     cutoff  117      2026.72207 1996.43303  1.49%  29.2 23136s
 2987424 443429 1997.00916   74   60 2026.72207 1996.43840  1.49%  29.2 23164s
 2987619 443305 2019.94526  100  177 2026.72207 1996.43918  1.49%  29.2 23175s
 2988938 443282 2025.89429   57  105 2026.72207 1996.44913  1.49%  29.2 23187s
 2989594 443250     cutoff  101      2026.72207 1996.45663  1.49%  29.2 23191s
 2989747 443236 infeasible   95      2026.72207 1996.46223  1.49%  29.2 23196s
 2990473 443198 infeasible   89      2026.72207 1996.47319  1.49%  29.2 23203s
 2991142 443195 infeasible   63      2026.72207 1996.48292  1.49%  29.2 23205s
 2991351 443247 2013.71354   74  173 2026.72207 1996.48586  1.49%  29.2 23210s
 2992127 443151 infeasible   92      2026.72207 1996.49283  1.49%  29.2 23217s
 2992682 443139 infeasible   62      2026.72207 1996.50021  1.49%  29.2 23220s
 2992802 443207 infeasible   78      2026.72207 1996.50288  1.49%  29.2 23229s
 2993410 443165 1996.88012   66  246 2026.72207 1996.51033  1.49%  29.2 23233s
 2993567 443118 2017.98055   92  172 2026.72207 1996.51206  1.49%  29.2 23236s
 2993849 443080     cutoff   91      2026.72207 1996.51823  1.49%  29.2 23242s
 2994409 443102 1998.04584   83   18 2026.72207 1996.52430  1.49%  29.2 23249s
 2995029 443079 infeasible   62      2026.72207 1996.53095  1.49%  29.2 23256s
 2995425 443073 1996.99712   72   56 2026.72207 1996.53603  1.49%  29.2 23260s
 2995523 443056 2015.40194   87  171 2026.72207 1996.53806  1.49%  29.2 23266s
 2996068 443032 2009.02516   75   59 2026.72207 1996.54520  1.49%  29.2 23270s
 2996255 442988 infeasible   66      2026.72207 1996.54691  1.49%  29.2 23278s
 2996839 442966     cutoff   83      2026.72207 1996.55593  1.49%  29.2 23282s
 2996946 443038 infeasible   56      2026.72207 1996.56007  1.49%  29.2 23288s
 2997567 443013 infeasible   83      2026.72207 1996.56552  1.49%  29.2 23291s
 2997718 443117 2005.91453   96  147 2026.72207 1996.56811  1.49%  29.2 23322s
 2998559 443209 2022.19301   99   51 2026.72207 1996.57647  1.49%  29.2 23328s
 2999125 443182 infeasible   86      2026.72207 1996.58102  1.49%  29.2 23332s
 2999315 443165 infeasible   68      2026.72207 1996.58683  1.49%  29.2 23338s
 2999894 443156     cutoff   75      2026.72207 1996.59485  1.49%  29.2 23346s
 3000402 443174 1996.61424   86  196 2026.72207 1996.60357  1.49%  29.2 23350s
 3000949 443223 2002.62136   71   36 2026.72207 1996.61096  1.49%  29.2 23355s
 3002003 443183 infeasible  104      2026.72207 1996.62720  1.48%  29.2 23360s
 3002084 443227 2021.99124   90  135 2026.72207 1996.62803  1.48%  29.2 23367s
 3002605 443252 infeasible  116      2026.72207 1996.63215  1.48%  29.2 23376s
 3003245 443256 1997.60927  105  157 2026.72207 1996.64171  1.48%  29.2 23385s
 3003748 443251 infeasible   62      2026.72207 1996.64692  1.48%  29.2 23391s
 3004275 443299 infeasible   76      2026.72207 1996.65770  1.48%  29.2 23398s
 3004761 443277 infeasible   99      2026.72207 1996.66015  1.48%  29.2 23402s
 3004897 443335 1997.30994   73  111 2026.72207 1996.66258  1.48%  29.2 23409s
 3005510 443309 1996.92868   72   79 2026.72207 1996.66736  1.48%  29.2 23412s
 3005634 443311 infeasible   60      2026.72207 1996.67263  1.48%  29.2 23420s
 3006283 443297 infeasible   70      2026.72207 1996.68244  1.48%  29.2 23431s
 3006830 443308 2025.06083   75  129 2026.72207 1996.68874  1.48%  29.2 23438s
 3007220 443267 2008.39924   64   97 2026.72207 1996.69388  1.48%  29.2 23442s
 3007355 443237 infeasible   83      2026.72207 1996.69864  1.48%  29.2 23449s
 3007918 443221 infeasible   67      2026.72207 1996.70562  1.48%  29.2 23453s
 3008248 443240 1998.35699   93  124 2026.72207 1996.71159  1.48%  29.2 23457s
 3008560 443230 2012.13032   68   17 2026.72207 1996.71521  1.48%  29.2 23460s
 3008665 443260 1998.72269   82  152 2026.72207 1996.71674  1.48%  29.2 23466s
 3009255 443247 infeasible   94      2026.72207 1996.72150  1.48%  29.2 23491s
 3009443 443126 infeasible   52      2026.72207 1996.72489  1.48%  29.2 23505s
 3010796 443093 infeasible   69      2026.72207 1996.74068  1.48%  29.2 23513s
 3011354 443081 infeasible   63      2026.72207 1996.74475  1.48%  29.2 23515s
 3011418 443128 1997.19335   74   87 2026.72207 1996.74631  1.48%  29.2 23521s
 3011978 443117 2012.96006   85  156 2026.72207 1996.75393  1.48%  29.2 23526s
 3012040 443217 2014.93208   93   20 2026.72207 1996.75411  1.48%  29.2 23535s
 3012744 443216 2018.99611   87  110 2026.72207 1996.76211  1.48%  29.2 23543s
 3013322 443195 infeasible   79      2026.72207 1996.76810  1.48%  29.2 23549s
 3013896 443176 infeasible   75      2026.72207 1996.77348  1.48%  29.2 23553s
 3014003 443195 infeasible   50      2026.72207 1996.77778  1.48%  29.2 23556s
 3014157 443193 2013.69100   60  133 2026.72207 1996.77944  1.48%  29.2 23561s
 3014340 443170 2007.36133   93  162 2026.72207 1996.78054  1.48%  29.2 23565s
 3014577 443119 2017.75837   61   79 2026.72207 1996.78478  1.48%  29.2 23571s
 3014907 443117 2002.25828  105  135 2026.72207 1996.79113  1.48%  29.2 23576s
 3015121 443107 1996.83805   69  173 2026.72207 1996.79485  1.48%  29.2 23584s
 3015682 443094     cutoff   58      2026.72207 1996.80250  1.48%  29.2 23586s
 3015759 443092 2019.83172   75  241 2026.72207 1996.80374  1.48%  29.2 23594s
 3016394 443025 infeasible   88      2026.72207 1996.81360  1.48%  29.2 23597s
 3016508 442960 infeasible   84      2026.72207 1996.81668  1.48%  29.2 23604s
 3017119 442945 infeasible   71      2026.72207 1996.82356  1.48%  29.2 23609s
 3017193 442978 2020.88407   75  221 2026.72207 1996.82539  1.48%  29.2 23619s
 3017852 442987 infeasible   75      2026.72207 1996.83152  1.47%  29.2 23623s
 3018006 443052 2014.22701   89   15 2026.72207 1996.83371  1.47%  29.2 23631s
 3018898 442988 2012.22429   89  277 2026.72207 1996.84622  1.47%  29.2 23645s
 3019450 442985 infeasible   93      2026.72207 1996.85402  1.47%  29.2 23650s
 3019687 442932 1996.93253   81  103 2026.72207 1996.85931  1.47%  29.2 23661s
 3020400 442922 1997.66593  104  150 2026.72207 1996.86797  1.47%  29.2 23672s
 3021010 442942 2001.40924   78  116 2026.72207 1996.87851  1.47%  29.2 23675s
 3021185 443010 infeasible   75      2026.72207 1996.87975  1.47%  29.2 23705s
 3021982 442986 1999.33182   68   44 2026.72207 1996.88817  1.47%  29.2 23718s
 3022483 442989 2009.17830   85  136 2026.72207 1996.89421  1.47%  29.2 23721s
 3022624 442929 1997.54832   83  141 2026.72207 1996.89550  1.47%  29.2 23726s
 3023492 442911     cutoff  104      2026.72207 1996.90707  1.47%  29.2 23732s
 3023607 442914     cutoff   89      2026.72207 1996.90789  1.47%  29.2 23738s
 3024159 442872 1997.38751   95   42 2026.72207 1996.91457  1.47%  29.2 23744s
 3024383 442863 infeasible  121      2026.72207 1996.91538  1.47%  29.2 23747s
 3024476 442850 1998.41775   91  166 2026.72207 1996.91728  1.47%  29.2 23752s
 3024577 442847 infeasible   64      2026.72207 1996.91935  1.47%  29.2 23760s
 3025395 442798 infeasible   93      2026.72207 1996.93585  1.47%  29.2 23777s
 3026045 442769 infeasible  100      2026.72207 1996.94129  1.47%  29.2 23784s
 3026315 442772 2012.33750   86  155 2026.72207 1996.94811  1.47%  29.2 23787s
 3026473 442833 2002.33704   91   67 2026.72207 1996.95256  1.47%  29.2 23795s
 3027428 442765 1997.72322   76  147 2026.72207 1996.96323  1.47%  29.2 23805s
 3028135 442692 2023.42977   73   43 2026.72207 1996.97306  1.47%  29.2 23817s
 3028820 442695 infeasible   95      2026.72207 1996.98390  1.47%  29.2 23822s
 3029065 442710 infeasible  107      2026.72207 1996.98615  1.47%  29.2 23829s
 3029633 442678 infeasible   98      2026.72207 1996.99272  1.47%  29.2 23833s
 3029735 442673 2010.92084   68  166 2026.72207 1996.99580  1.47%  29.2 23842s
 3030363 442639 2011.72786   90   70 2026.72207 1997.00143  1.47%  29.2 23845s
 3030504 442523 1997.54150   75   46 2026.72207 1997.00436  1.47%  29.2 23853s
 3031123 442496 infeasible   87      2026.72207 1997.01648  1.47%  29.2 23856s
 3031280 442499 2016.47736   87  128 2026.72207 1997.01882  1.47%  29.2 23866s
 3032026 442492 2000.20822   91  160 2026.72207 1997.02985  1.47%  29.2 23878s
 3032664 442498     cutoff   61      2026.72207 1997.03800  1.46%  29.2 23921s
 3033271 442399 infeasible   70      2026.72207 1997.04661  1.46%  29.2 23932s
 3034151 442420 infeasible   89      2026.72207 1997.06331  1.46%  29.2 23940s
 3034818 442383 2010.79312   90  146 2026.72207 1997.07100  1.46%  29.2 23952s
 3035472 442361 infeasible   57      2026.72207 1997.08151  1.46%  29.2 23955s
 3035607 442374 2010.33452   91  159 2026.72207 1997.08332  1.46%  29.2 23962s
 3036379 442354     cutoff   96      2026.72207 1997.09049  1.46%  29.2 23969s
 3036999 442343 infeasible   67      2026.72207 1997.09637  1.46%  29.2 23970s
 3037726 442361 1997.50872   78  172 2026.72207 1997.10828  1.46%  29.2 23975s
 3038455 442428     cutoff   85      2026.72207 1997.11597  1.46%  29.2 23982s
 3038730 442432 infeasible   86      2026.72207 1997.12060  1.46%  29.2 23985s
 3039307 442388 2002.46621   70   99 2026.72207 1997.12662  1.46%  29.2 23991s
 3039967 442345 2017.04602   93   38 2026.72207 1997.13609  1.46%  29.2 23999s
 3040562 442344 infeasible   70      2026.72207 1997.14438  1.46%  29.2 24002s
 3040655 442299 2017.63462   74  217 2026.72207 1997.14438  1.46%  29.2 24011s
 3041232 442302 2022.59298   80   76 2026.72207 1997.15374  1.46%  29.1 24017s
 3041262 442300 1998.79079   89  125 2026.72207 1997.15374  1.46%  29.1 24020s
 3041319 442232 2020.15818   94   47 2026.72207 1997.15374  1.46%  29.1 24026s
 3041640 442199 2001.07157   78   84 2026.72207 1997.15982  1.46%  29.2 24033s
 3041830 442169 1997.70790   82  152 2026.72207 1997.16022  1.46%  29.2 24037s
 3041984 442137 infeasible   64      2026.72207 1997.16919  1.46%  29.2 24045s
 3042800 442128 infeasible   99      2026.72207 1997.17861  1.46%  29.1 24058s
 3043498 442137 2002.40789   86   65 2026.72207 1997.18475  1.46%  29.1 24064s
 3043668 442095 2020.23164   86   68 2026.72207 1997.18680  1.46%  29.1 24100s
 3044609 441996 infeasible   62      2026.72207 1997.19772  1.46%  29.1 24109s
 3045092 441994     cutoff   78      2026.72207 1997.20456  1.46%  29.1 24112s
 3045144 441995     cutoff   59      2026.72207 1997.20614  1.46%  29.1 24119s
 3045397 441978 infeasible   77      2026.72207 1997.20721  1.46%  29.1 24121s
 3045510 441948 2004.22079  116  164 2026.72207 1997.20985  1.46%  29.1 24132s
 3046144 441939 1997.42048   85  230 2026.72207 1997.21774  1.46%  29.1 24137s
 3046430 441914 infeasible   57      2026.72207 1997.22196  1.46%  29.1 24141s
 3047075 441904     cutoff  104      2026.72207 1997.23024  1.46%  29.1 24152s
 3047700 441895 1997.40046   94   97 2026.72207 1997.23733  1.45%  29.1 24157s
 3048143 441865 2019.79210   61  140 2026.72207 1997.24613  1.45%  29.1 24162s
 3048304 441874 infeasible   80      2026.72207 1997.24757  1.45%  29.1 24171s
 3048939 441838 infeasible   52      2026.72207 1997.25683  1.45%  29.1 24177s
 3049116 441827 2009.90713   58    2 2026.72207 1997.26136  1.45%  29.1 24185s
 3049910 441765 1997.27567   76  108 2026.72207 1997.27010  1.45%  29.1 24196s
 3050559 441740 2007.09631   77  144 2026.72207 1997.27848  1.45%  29.1 24200s
 3050680 441745 2016.48667   65   74 2026.72207 1997.28182  1.45%  29.1 24209s
 3051313 441711 infeasible   87      2026.72207 1997.28900  1.45%  29.1 24214s
 3051716 441730 infeasible   78      2026.72207 1997.29748  1.45%  29.1 24216s
 3051788 441757     cutoff   94      2026.72207 1997.29770  1.45%  29.1 24224s
 3052380 441731 infeasible   73      2026.72207 1997.30708  1.45%  29.1 24230s
 3052642 441726 infeasible   71      2026.72207 1997.30934  1.45%  29.1 24236s
 3053009 441714 1997.32525   62  213 2026.72207 1997.31683  1.45%  29.1 24243s
 3053320 441690 2002.94216  109   37 2026.72207 1997.32221  1.45%  29.1 24248s
 3053706 441712 1997.74228   61   35 2026.72207 1997.32854  1.45%  29.1 24252s
 3053925 441748 infeasible   87      2026.72207 1997.33103  1.45%  29.1 24278s
 3054734 441751     cutoff   84      2026.72207 1997.34002  1.45%  29.1 24280s
 3054785 441714 infeasible   65      2026.72207 1997.34002  1.45%  29.1 24286s
 3055335 441748 infeasible   71      2026.72207 1997.34870  1.45%  29.1 24292s
 3055868 441744 2021.57736   95  102 2026.72207 1997.35459  1.45%  29.1 24295s
 3056323 441711 2017.92654   66  240 2026.72207 1997.36051  1.45%  29.1 24301s
 3056471 441695 infeasible   90      2026.72207 1997.36284  1.45%  29.1 24306s
 3057143 441587 2019.69500   91  144 2026.72207 1997.37431  1.45%  29.1 24313s
 3057735 441555 2025.87687   90   59 2026.72207 1997.38321  1.45%  29.1 24317s
 3057909 441547 infeasible   59      2026.72207 1997.38564  1.45%  29.1 24323s
 3058453 441556 2013.23643  113  176 2026.72207 1997.39281  1.45%  29.1 24325s
 3058673 441504 infeasible   68      2026.72207 1997.39374  1.45%  29.1 24330s
 3059316 441474 1998.07135   53   19 2026.72207 1997.39934  1.45%  29.1 24338s
 3059927 441453 2019.24741   88   42 2026.72207 1997.40802  1.45%  29.1 24340s
 3060025 441444 infeasible   89      2026.72207 1997.40904  1.45%  29.1 24347s
 3060804 441424 infeasible   78      2026.72207 1997.41987  1.45%  29.1 24357s
 3061395 441410 1997.55134   45   21 2026.72207 1997.42467  1.45%  29.1 24362s
 3061521 441456 2015.65593   85   62 2026.72207 1997.42635  1.45%  29.1 24369s
 3062223 441432 2017.72152  125   60 2026.72207 1997.43301  1.45%  29.1 24377s
 3062591 441399 infeasible  105      2026.72207 1997.44044  1.44%  29.1 24380s
 3062691 441375 infeasible   83      2026.72207 1997.44188  1.44%  29.1 24386s
 3063254 441346 1998.04747   66   82 2026.72207 1997.45000  1.44%  29.1 24390s
 3063482 441332 infeasible   67      2026.72207 1997.45478  1.44%  29.1 24396s
 3064028 441285 infeasible   74      2026.72207 1997.46037  1.44%  29.1 24407s
 3064567 441260 1997.86552   98  153 2026.72207 1997.46644  1.44%  29.1 24410s
 3064720 441269 1998.61904  101  119 2026.72207 1997.46644  1.44%  29.1 24419s
 3065322 441260 infeasible   76      2026.72207 1997.47680  1.44%  29.1 24422s
 3065442 441291 infeasible   55      2026.72207 1997.48157  1.44%  29.1 24430s
 3066023 441318 2005.72522   95   75 2026.72207 1997.49029  1.44%  29.1 24467s
 3066355 441368 1998.01856   70  225 2026.72207 1997.49350  1.44%  29.1 24479s
 3067401 441364 infeasible   71      2026.72207 1997.49890  1.44%  29.1 24481s
 3067440 441329 infeasible   85      2026.72207 1997.50014  1.44%  29.1 24485s
 3068005 441381 2010.58572   88   58 2026.72207 1997.50859  1.44%  29.1 24491s
 3068539 441335 infeasible   85      2026.72207 1997.51571  1.44%  29.1 24495s
 3069066 441307 infeasible   79      2026.72207 1997.52075  1.44%  29.1 24502s
 3069714 441273 2020.50453   94   94 2026.72207 1997.53159  1.44%  29.1 24507s
 3070353 441256     cutoff   71      2026.72207 1997.53914  1.44%  29.1 24514s
 3070930 441234 infeasible   55      2026.72207 1997.54846  1.44%  29.1 24516s
 3071150 441269 2003.21751  113   84 2026.72207 1997.55106  1.44%  29.1 24522s
 3071847 441259     cutoff   62      2026.72207 1997.55970  1.44%  29.1 24527s
 3072402 441242 infeasible   98      2026.72207 1997.56692  1.44%  29.1 24534s
 3073015 441231     cutoff   74      2026.72207 1997.57525  1.44%  29.1 24537s
 3073130 441215 1997.91870   81   55 2026.72207 1997.57884  1.44%  29.1 24544s
 3073639 441154 infeasible   99      2026.72207 1997.58602  1.44%  29.1 24549s
 3073861 441135 infeasible   82      2026.72207 1997.58971  1.44%  29.1 24560s
 3074561 441161 2022.37057   83   39 2026.72207 1997.59787  1.44%  29.1 24571s
 3075163 441153 infeasible   71      2026.72207 1997.60535  1.44%  29.1 24577s
 3075463 441133 1997.70873   87   21 2026.72207 1997.60907  1.44%  29.1 24585s
 3075996 441058 2024.28045   53   71 2026.72207 1997.61696  1.44%  29.1 24594s
 3076504 441020 2022.49290   78  135 2026.72207 1997.62359  1.44%  29.1 24598s
 3076759 441009 infeasible   92      2026.72207 1997.62823  1.44%  29.1 24602s
 3076952 441018 2014.45402   92  159 2026.72207 1997.62995  1.44%  29.1 24606s
 3077139 440987 infeasible   93      2026.72207 1997.63117  1.44%  29.1 24611s
 3077251 440961 infeasible   95      2026.72207 1997.63310  1.44%  29.1 24616s
 3077334 440960 2003.53794   69   54 2026.72207 1997.63481  1.44%  29.1 24621s
 3077429 440953 infeasible   72      2026.72207 1997.63636  1.44%  29.1 24626s
 3077508 440925 infeasible   71      2026.72207 1997.63707  1.44%  29.1 24630s
 3077566 440907 infeasible   73      2026.72207 1997.63828  1.44%  29.1 24635s
 3077693 440885 2026.65315   73  132 2026.72207 1997.63901  1.43%  29.1 24642s
 3077875 440845 1998.45225  104  165 2026.72207 1997.64413  1.43%  29.1 24649s
 3078007 440819 1998.01833   62   86 2026.72207 1997.64697  1.43%  29.1 24652s
 3078142 440793 infeasible   59      2026.72207 1997.64807  1.43%  29.1 24660s
 3078318 440776 1998.97446   78   38 2026.72207 1997.64991  1.43%  29.1 24672s
 3079096 440710 infeasible   55      2026.72207 1997.65934  1.43%  29.1 24678s
 3079605 440717 2008.65983   71  143 2026.72207 1997.66793  1.43%  29.1 24685s
 3079797 440719     cutoff   96      2026.72207 1997.67095  1.43%  29.1 24692s
 3080189 440690     cutoff   77      2026.72207 1997.67256  1.43%  29.1 24696s
 3080442 440721 2021.85268   96  191 2026.72207 1997.67829  1.43%  29.1 24707s
 3081226 440730 1998.13746   83  196 2026.72207 1997.68675  1.43%  29.1 24739s
 3081289 440599 2013.71993   88  195 2026.72207 1997.68675  1.43%  29.1 24778s
 3083910 440569 2005.55633   60  139 2026.72207 1997.70065  1.43%  29.1 24782s
 3084024 440630     cutoff  104      2026.72207 1997.70205  1.43%  29.1 24790s
 3084659 440622 2025.89574   81  174 2026.72207 1997.70779  1.43%  29.1 24798s
 3085238 440592 infeasible   64      2026.72207 1997.71497  1.43%  29.1 24800s
 3085346 440500 1997.90974   78  133 2026.72207 1997.71527  1.43%  29.1 24806s
 3085905 440474 infeasible   80      2026.72207 1997.72367  1.43%  29.1 24810s
 3086048 440429     cutoff   77      2026.72207 1997.72401  1.43%  29.1 24817s
 3086620 440388 infeasible   65      2026.72207 1997.73395  1.43%  29.1 24821s
 3086869 440375 infeasible   68      2026.72207 1997.73999  1.43%  29.1 24825s
 3087455 440315 infeasible   78      2026.72207 1997.74900  1.43%  29.1 24833s
 3088015 440288 2000.73394   84   30 2026.72207 1997.75600  1.43%  29.1 24837s
 3088125 440291 1997.75738  104  110 2026.72207 1997.75624  1.43%  29.1 24844s
 3088766 440310 2020.48684   78  155 2026.72207 1997.76604  1.43%  29.1 24852s
 3089394 440294 1997.99313   73  127 2026.72207 1997.77593  1.43%  29.1 24855s
 3089480 440345 2001.05200   59  154 2026.72207 1997.77714  1.43%  29.1 24862s
 3090102 440317 1998.31729   75  161 2026.72207 1997.78498  1.43%  29.1 24865s
 3090320 440316 1997.99165   83  218 2026.72207 1997.78680  1.43%  29.1 24871s
 3090922 440323 2013.26947   73   94 2026.72207 1997.79485  1.43%  29.1 24876s
 3091161 440302 infeasible   75      2026.72207 1997.79799  1.43%  29.1 24883s
 3091624 440273     cutoff   94      2026.72207 1997.80574  1.43%  29.1 24885s
 3091713 440258 2015.09862   79  174 2026.72207 1997.80675  1.43%  29.1 24894s
 3092301 440245     cutoff   74      2026.72207 1997.81618  1.43%  29.1 24899s
 3092557 440157 infeasible   54      2026.72207 1997.81793  1.43%  29.1 24907s
 3093165 440171 1997.84652   93  170 2026.72207 1997.82913  1.43%  29.1 24917s
 3093719 440166 2021.84408   85  191 2026.72207 1997.83764  1.43%  29.1 24924s
 3094206 440123 infeasible   65      2026.72207 1997.84063  1.43%  29.1 24928s
 3094298 440173 2007.56733   65  106 2026.72207 1997.84130  1.42%  29.1 24935s
 3094931 440197 2026.07865   76   37 2026.72207 1997.84917  1.42%  29.1 24966s
 3095387 440168 2007.46326   74  181 2026.72207 1997.85369  1.42%  29.1 24982s
 3095521 440228 1998.50194   58  140 2026.72207 1997.85467  1.42%  29.1 24988s
 3096173 440242 2006.06651   59  151 2026.72207 1997.85467  1.42%  29.1 24991s
 3096217 440177 2024.11138   63   92 2026.72207 1997.85524  1.42%  29.1 24998s
 3096663 440160 2011.00722   99   35 2026.72207 1997.86849  1.42%  29.1 25007s
 3097111 440181 2020.40798   76  139 2026.72207 1997.87133  1.42%  29.1 25020s
 3098038 440205 2021.38127  110   24 2026.72207 1997.88249  1.42%  29.1 25030s
 3098839 440183 2019.23946  104  132 2026.72207 1997.88801  1.42%  29.1 25035s
 3099177 440148 2015.80861   59   67 2026.72207 1997.89483  1.42%  29.1 25040s
 3099547 440150 1998.73245   83  217 2026.72207 1997.89927  1.42%  29.1 25046s
 3099883 440144 2014.90218   99   18 2026.72207 1997.90462  1.42%  29.1 25053s
 3100585 440111 infeasible   76      2026.72207 1997.91334  1.42%  29.1 25058s
 3100694 440084     cutoff   72      2026.72207 1997.91681  1.42%  29.1 25065s
 3101480 440085 2000.76472   86  185 2026.72207 1997.92288  1.42%  29.1 25073s
 3102295 440112 1999.71413   63  212 2026.72207 1997.93001  1.42%  29.1 25079s
 3102967 440113 1998.09486   79  177 2026.72207 1997.93996  1.42%  29.1 25082s
 3103556 440115 2015.75923  102   46 2026.72207 1997.94660  1.42%  29.1 25088s
 3104215 440103 1997.96111   68  142 2026.72207 1997.95494  1.42%  29.1 25093s
 3104820 440100 infeasible   84      2026.72207 1997.96001  1.42%  29.1 25095s
 3105443 439973 infeasible   76      2026.72207 1997.96679  1.42%  29.1 25104s
 3105957 439958 2000.41916   54   95 2026.72207 1997.97540  1.42%  29.1 25106s
 3106025 439930 1999.73259   83   26 2026.72207 1997.97672  1.42%  29.1 25116s
 3106761 439907 1998.21064   65   69 2026.72207 1997.98618  1.42%  29.1 25123s
 3107464 439874 2017.31424   97  170 2026.72207 1997.99278  1.42%  29.1 25125s
 3107583 439891 2026.49913   82   64 2026.72207 1997.99472  1.42%  29.1 25133s
 3108199 439885 infeasible   83      2026.72207 1997.99949  1.42%  29.1 25136s
 3108405 439932 2024.20828  104   45 2026.72207 1998.00349  1.42%  29.1 25143s
 3109048 439898 infeasible   77      2026.72207 1998.01068  1.42%  29.1 25175s
 3109307 439873 infeasible   74      2026.72207 1998.01789  1.42%  29.1 25191s
 3110663 439827     cutoff   96      2026.72207 1998.03284  1.42%  29.1 25197s
 3110758 439798 1998.26688   70  129 2026.72207 1998.03393  1.42%  29.1 25205s
 3111411 439824     cutoff   95      2026.72207 1998.04531  1.41%  29.1 25214s
 3112035 439818     cutoff  114      2026.72207 1998.05091  1.41%  29.0 25216s
 3112179 439788 infeasible   81      2026.72207 1998.05324  1.41%  29.0 25222s
 3112878 439696 infeasible   95      2026.72207 1998.06283  1.41%  29.0 25234s
 3113488 439656 1998.36419  110  156 2026.72207 1998.07061  1.41%  29.0 25238s
 3113679 439642 2012.83478  113   57 2026.72207 1998.07454  1.41%  29.0 25246s
 3114416 439632 1999.90079   73  252 2026.72207 1998.08052  1.41%  29.0 25258s
 3115010 439600 infeasible   73      2026.72207 1998.08981  1.41%  29.0 25261s
 3115221 439626 infeasible   88      2026.72207 1998.09246  1.41%  29.0 25267s
 3115824 439605 2010.92459   65   19 2026.72207 1998.10168  1.41%  29.0 25271s
 3115996 439679 2022.02841  107   41 2026.72207 1998.10467  1.41%  29.0 25278s
 3116652 439675 infeasible   84      2026.72207 1998.11182  1.41%  29.0 25280s
 3116789 439707 infeasible   82      2026.72207 1998.11225  1.41%  29.0 25287s
 3117408 439697     cutoff   71      2026.72207 1998.11921  1.41%  29.0 25290s
 3117497 439767 infeasible   70      2026.72207 1998.11945  1.41%  29.0 25299s
 3118096 439768 infeasible  100      2026.72207 1998.12966  1.41%  29.0 25305s
 3118795 439756 2020.45521   77   42 2026.72207 1998.13559  1.41%  29.0 25315s
 3119376 439728 2015.58598   86  141 2026.72207 1998.14379  1.41%  29.0 25351s
 3119544 439669 1998.51079   93  197 2026.72207 1998.14679  1.41%  29.0 25363s
 3120641 439657 infeasible  108      2026.72207 1998.16034  1.41%  29.0 25366s
 3120773 439710 2016.38226   72  116 2026.72207 1998.16167  1.41%  29.0 25372s
 3121698 439678 infeasible   78      2026.72207 1998.16958  1.41%  29.0 25375s
 3121859 439590 1999.03741   83   86 2026.72207 1998.17563  1.41%  29.0 25383s
 3122540 439557 infeasible   62      2026.72207 1998.18072  1.41%  29.0 25387s
 3122793 439666 2021.18551   78  159 2026.72207 1998.18587  1.41%  29.0 25396s
 3123556 439655 infeasible   77      2026.72207 1998.19160  1.41%  29.0 25402s
 3123605 439636 2019.12213   67   92 2026.72207 1998.19251  1.41%  29.0 25405s
 3123752 439589 2023.77900   87  198 2026.72207 1998.19451  1.41%  29.0 25415s
 3124478 439508 2013.12339   86  157 2026.72207 1998.20830  1.41%  29.0 25425s
 3125099 439469 infeasible  111      2026.72207 1998.21558  1.41%  29.0 25430s
 3125278 439487     cutoff   99      2026.72207 1998.22046  1.41%  29.0 25437s
 3125916 439477     cutoff   91      2026.72207 1998.22812  1.41%  29.0 25441s
 3126046 439502 2016.57996   76  126 2026.72207 1998.22934  1.41%  29.0 25451s
 3126819 439537 infeasible   83      2026.72207 1998.23762  1.41%  29.0 25463s
 3127476 439541 2007.79161   95   79 2026.72207 1998.24494  1.41%  29.0 25469s
 3127946 439524 infeasible   82      2026.72207 1998.25203  1.40%  29.0 25473s
 3128039 439481 2016.33988   71   31 2026.72207 1998.25353  1.40%  29.0 25479s
 3128664 439471 infeasible   74      2026.72207 1998.26055  1.40%  29.0 25481s
 3128729 439437     cutoff   83      2026.72207 1998.26079  1.40%  29.0 25488s
 3129380 439413 2023.50005  103  103 2026.72207 1998.26647  1.40%  29.0 25495s
 3129988 439328 2022.08950  105   96 2026.72207 1998.27784  1.40%  29.0 25505s
 3130695 439378 infeasible   95      2026.72207 1998.28909  1.40%  29.0 25514s
 3131411 439361 1999.32728   86   95 2026.72207 1998.29632  1.40%  29.0 25550s
 3132022 439310 infeasible   87      2026.72207 1998.30406  1.40%  29.0 25564s
 3132835 439282 2021.28847   81  166 2026.72207 1998.31292  1.40%  29.0 25570s
 3133523 439347 2015.10398   84  162 2026.72207 1998.31936  1.40%  29.0 25578s
 3134181 439347 infeasible  116      2026.72207 1998.32537  1.40%  29.0 25582s
 3134728 439349 1998.71210   69  128 2026.72207 1998.33312  1.40%  29.0 25591s
 3135571 439301 infeasible   82      2026.72207 1998.34052  1.40%  29.0 25602s
 3136178 439363 infeasible   85      2026.72207 1998.34949  1.40%  29.0 25610s
 3136876 439370 infeasible  102      2026.72207 1998.35743  1.40%  29.0 25617s
 3137514 439380 2020.87099  102   92 2026.72207 1998.36408  1.40%  29.0 25621s
 3138167 439343 2013.52266   84  226 2026.72207 1998.37165  1.40%  29.0 25627s
 3138760 439381 2021.31551  100   20 2026.72207 1998.38306  1.40%  29.0 25633s
 3139372 439355 2005.95098  106  188 2026.72207 1998.38752  1.40%  29.0 25635s
 3140029 439306 1999.93475   89   59 2026.72207 1998.39754  1.40%  29.0 25641s
 3140082 439312 infeasible   90      2026.72207 1998.39890  1.40%  29.0 25647s
 3140755 439343 2003.23910   80  140 2026.72207 1998.40568  1.40%  29.0 25654s
 3141397 439306 infeasible   87      2026.72207 1998.41340  1.40%  29.0 25655s
 3142063 439217 infeasible   65      2026.72207 1998.41961  1.40%  29.0 25663s
 3142203 439248 1998.56783   95   94 2026.72207 1998.42327  1.40%  29.0 25668s
 3142793 439199     cutoff   63      2026.72207 1998.42771  1.40%  29.0 25696s
 3143070 439191 infeasible   84      2026.72207 1998.43330  1.40%  29.0 25706s
 3143952 439106 2018.77456   78  143 2026.72207 1998.44283  1.40%  29.0 25718s
 3144859 439028 infeasible   75      2026.72207 1998.45089  1.39%  29.0 25725s
 3145492 438968     cutoff   91      2026.72207 1998.46669  1.39%  29.0 25736s
 3145520 438933 2005.62416   56  193 2026.72207 1998.46726  1.39%  29.0 25741s
 3145616 438920 2022.94566   94  107 2026.72207 1998.46726  1.39%  29.0 25745s
 3145734 438881 1998.51899   97  128 2026.72207 1998.46982  1.39%  29.0 25754s
 3146500 438883 2011.49128   83   72 2026.72207 1998.48002  1.39%  29.0 25757s
 3146609 438906 infeasible  103      2026.72207 1998.48308  1.39%  29.0 25767s
 3147382 438861     cutoff  103      2026.72207 1998.49068  1.39%  29.0 25779s
 3148047 438835 infeasible   79      2026.72207 1998.50035  1.39%  29.0 25781s
 3148128 438881 1999.48519   77   29 2026.72207 1998.50194  1.39%  29.0 25792s
 3148848 438841 1999.30208  121  134 2026.72207 1998.51237  1.39%  29.0 25796s
 3148983 438865 2000.95695   83   26 2026.72207 1998.51432  1.39%  29.0 25808s
 3149625 438847 2011.92366   95   40 2026.72207 1998.52088  1.39%  29.0 25812s
 3149840 438858 infeasible  109      2026.72207 1998.52318  1.39%  29.0 25821s
 3150652 438881 1999.10859   74  174 2026.72207 1998.53227  1.39%  29.0 25832s
 3151340 438858 infeasible   89      2026.72207 1998.53884  1.39%  29.0 25837s
 3151666 438870 1998.58467   61   58 2026.72207 1998.54234  1.39%  29.0 25847s
 3152428 438860 infeasible   68      2026.72207 1998.54974  1.39%  29.0 25856s
 3153042 438803 2024.79379   81   59 2026.72207 1998.55861  1.39%  29.0 25863s
 3153382 438790 infeasible  104      2026.72207 1998.56236  1.39%  29.0 25866s
 3153545 438787 2000.46353   82  168 2026.72207 1998.56464  1.39%  29.0 25873s
 3154173 438775 2011.77165   79   65 2026.72207 1998.57367  1.39%  29.0 25882s
 3154728 438773 infeasible   71      2026.72207 1998.58131  1.39%  29.0 25886s
 3154835 438794 2018.99172   70  109 2026.72207 1998.58319  1.39%  29.0 25893s
 3155449 438760 1998.61728   86  163 2026.72207 1998.58538  1.39%  29.0 25931s
 3155581 438666 infeasible   75      2026.72207 1998.58837  1.39%  29.0 25952s
 3157779 438656 infeasible   87      2026.72207 1998.60283  1.39%  29.0 25955s
 3157894 438667 infeasible   47      2026.72207 1998.60431  1.39%  29.0 25961s
 3157990 438638 2022.08263   81   60 2026.72207 1998.60440  1.39%  29.0 25969s
 3158492 438600 2000.61999  101   50 2026.72207 1998.61023  1.39%  29.0 25976s
 3158958 438648     cutoff   77      2026.72207 1998.61466  1.39%  29.0 25983s
 3159531 438625 infeasible  104      2026.72207 1998.62031  1.39%  29.0 25987s
 3159707 438547 infeasible   93      2026.72207 1998.62360  1.39%  29.0 25994s
 3160261 438532 infeasible   98      2026.72207 1998.62771  1.39%  29.0 25999s
 3160394 438592 infeasible   86      2026.72207 1998.62930  1.39%  29.0 26007s
 3161036 438602     cutoff   76      2026.72207 1998.63691  1.39%  29.0 26014s
 3161650 438614 1998.68038   58   10 2026.72207 1998.64273  1.39%  29.0 26017s
 3161782 438653 2020.93360   52   53 2026.72207 1998.64411  1.39%  29.0 26029s
 3162360 438623 2015.89264   69  110 2026.72207 1998.65149  1.39%  29.0 26037s
 3162693 438617 2016.01384   90   76 2026.72207 1998.65566  1.38%  29.0 26040s
 3162872 438631 infeasible  115      2026.72207 1998.65878  1.38%  29.0 26047s
 3163468 438590 infeasible   90      2026.72207 1998.66635  1.38%  29.0 26052s
 3163655 438575 infeasible   99      2026.72207 1998.66892  1.38%  29.0 26059s
 3164210 438576 infeasible   56      2026.72207 1998.67559  1.38%  29.0 26062s
 3164277 438605 infeasible  122      2026.72207 1998.67586  1.38%  29.0 26068s
 3164901 438557 infeasible   69      2026.72207 1998.67902  1.38%  29.0 26072s
 3164993 438558 2024.89698   96  198 2026.72207 1998.68159  1.38%  29.0 26083s
 3165576 438518 1998.73061   70   66 2026.72207 1998.68986  1.38%  29.0 26087s
 3165765 438529 infeasible   85      2026.72207 1998.69435  1.38%  29.0 26094s
 3166363 438545 2016.80315   84  121 2026.72207 1998.69856  1.38%  29.0 26118s
 3166488 438311 1999.94252   56  210 2026.72207 1998.69961  1.38%  29.0 26135s
 3168141 438341 1999.00377   85  154 2026.72207 1998.71062  1.38%  28.9 26145s
 3168816 438333 infeasible   81      2026.72207 1998.71628  1.38%  28.9 26152s
 3169569 438318 infeasible   91      2026.72207 1998.72612  1.38%  28.9 26160s
 3170260 438355 1998.76119   98  204 2026.72207 1998.73114  1.38%  28.9 26168s
 3170869 438384 2024.48707   78   47 2026.72207 1998.73757  1.38%  28.9 26173s
 3171316 438411 1999.78586   71  176 2026.72207 1998.73953  1.38%  28.9 26175s
 3171459 438418 2022.33159   85  147 2026.72207 1998.74147  1.38%  28.9 26181s
 3172155 438349     cutoff  106      2026.72207 1998.75038  1.38%  28.9 26190s
 3172725 438295 2002.89536   92  178 2026.72207 1998.75657  1.38%  28.9 26196s
 3173247 438202 infeasible   95      2026.72207 1998.76441  1.38%  28.9 26200s
 3173750 438125     cutoff   89      2026.72207 1998.77244  1.38%  28.9 26210s
 3174307 438110 2015.63158   99   63 2026.72207 1998.78245  1.38%  28.9 26216s
 3174655 438115 2010.40421   95   37 2026.72207 1998.78714  1.38%  28.9 26220s
 3174906 438155 2000.82102   98   35 2026.72207 1998.79003  1.38%  28.9 26225s
 3175554 438194 2004.44627   80   92 2026.72207 1998.79768  1.38%  28.9 26235s
 3176379 438125 1999.90874  118   14 2026.72207 1998.80575  1.38%  28.9 26250s
 3177025 438098 1999.33516   77  215 2026.72207 1998.81320  1.38%  28.9 26258s
 3177608 438044 infeasible  101      2026.72207 1998.82264  1.38%  28.9 26262s
 3177835 438065 2014.62211   81  144 2026.72207 1998.82929  1.38%  28.9 26273s
 3178482 438064 infeasible   83      2026.72207 1998.83369  1.38%  28.9 26277s
 3178557 438118     cutoff  102      2026.72207 1998.83403  1.38%  28.9 26287s
 3179109 438117 infeasible   85      2026.72207 1998.84227  1.38%  28.9 26328s
 3179420 438078 2022.65517  101   83 2026.72207 1998.84504  1.38%  28.9 26339s
 3179996 438061 2023.70405  101  159 2026.72207 1998.85179  1.38%  28.9 26343s
 3180064 438077 infeasible  102      2026.72207 1998.85304  1.38%  28.9 26358s
 3181079 438097 1999.64754   81   61 2026.72207 1998.86635  1.37%  28.9 26363s
 3181418 438048 infeasible  103      2026.72207 1998.87071  1.37%  28.9 26367s
 3181742 438012 infeasible   80      2026.72207 1998.87603  1.37%  28.9 26371s
 3181983 438020 2017.15969   88  189 2026.72207 1998.88023  1.37%  28.9 26381s
 3182725 437984     cutoff   86      2026.72207 1998.88736  1.37%  28.9 26385s
 3182871 437964 1999.36862   74   20 2026.72207 1998.89229  1.37%  28.9 26395s
 3183531 437960 infeasible   66      2026.72207 1998.90033  1.37%  28.9 26400s
 3183820 437872 2018.57513   84   32 2026.72207 1998.90419  1.37%  28.9 26411s
 3184570 437839 2023.83323  118  165 2026.72207 1998.91530  1.37%  28.9 26421s
 3185232 437824 1999.50165   77  254 2026.72207 1998.92226  1.37%  28.9 26431s
 3185867 437786 infeasible   74      2026.72207 1998.93105  1.37%  28.9 26436s
 3186102 437719 2001.64331   92  189 2026.72207 1998.93929  1.37%  28.9 26444s
 3186731 437685 2023.81496   63   51 2026.72207 1998.94765  1.37%  28.9 26448s
 3186873 437614 infeasible  102      2026.72207 1998.95132  1.37%  28.9 26457s
 3187432 437579 2022.53826   77  150 2026.72207 1998.96142  1.37%  28.9 26460s
 3187633 437483     cutoff  101      2026.72207 1998.96373  1.37%  28.9 26468s
 3188253 437486     cutoff   88      2026.72207 1998.97160  1.37%  28.9 26474s
 3188443 437470 2008.82782   83  195 2026.72207 1998.97477  1.37%  28.9 26484s
 3189068 437464 1999.43817   54  191 2026.72207 1998.98442  1.37%  28.9 26487s
 3189231 437424 infeasible   57      2026.72207 1998.98442  1.37%  28.9 26494s
 3189872 437425 2018.61435   86  125 2026.72207 1998.99356  1.37%  28.9 26498s
 3190074 437393 2000.24132   79  165 2026.72207 1998.99711  1.37%  28.9 26505s
 3190790 437457 2012.54305   55   10 2026.72207 1999.00336  1.37%  28.9 26516s
 3191534 437434 infeasible  101      2026.72207 1999.01056  1.37%  28.9 26547s
 3191829 437436 1999.37120   94   97 2026.72207 1999.01511  1.37%  28.9 26560s
 3192931 437390 2013.54618  106  223 2026.72207 1999.02683  1.37%  28.9 26566s
 3193047 437350 2021.98213  115   17 2026.72207 1999.03233  1.37%  28.9 26575s
 3193902 437318 1999.04219   52   15 2026.72207 1999.04219  1.37%  28.9 26584s
 3194533 437330 infeasible   52      2026.72207 1999.05019  1.37%  28.9 26592s
 3195041 437301 2019.11847   98   45 2026.72207 1999.05305  1.37%  28.9 26600s
 3195228 437335 2005.97617   88  102 2026.72207 1999.05695  1.37%  28.9 26609s
 3195925 437304 infeasible   82      2026.72207 1999.06258  1.36%  28.9 26612s
 3196081 437297 1999.62889  118   19 2026.72207 1999.06499  1.36%  28.9 26621s
 3196706 437350 2015.21050  110   71 2026.72207 1999.07276  1.36%  28.9 26629s
 3197182 437320     cutoff  100      2026.72207 1999.08081  1.36%  28.9 26632s
 3197275 437279 infeasible   79      2026.72207 1999.08200  1.36%  28.9 26642s
 3197894 437269 infeasible  103      2026.72207 1999.09081  1.36%  28.9 26645s
 3198030 437238 infeasible  104      2026.72207 1999.09121  1.36%  28.9 26651s
 3198840 437154 infeasible   61      2026.72207 1999.09917  1.36%  28.9 26662s
 3199455 437141 1999.55458   57   13 2026.72207 1999.10916  1.36%  28.9 26665s
 3199557 437059     cutoff   60      2026.72207 1999.11075  1.36%  28.9 26672s
 3200179 437008 infeasible   60      2026.72207 1999.12206  1.36%  28.9 26678s
 3200638 436983 2001.26026   89   98 2026.72207 1999.12606  1.36%  28.9 26682s
 3200734 436987 2000.38241   73  185 2026.72207 1999.12696  1.36%  28.9 26689s
 3201381 436989 2022.66178   75  113 2026.72207 1999.13412  1.36%  28.9 26693s
 3201588 437040 2000.44675   85  127 2026.72207 1999.13913  1.36%  28.9 26698s
 3202250 437010 2020.17958   84   83 2026.72207 1999.14375  1.36%  28.9 26745s
 3202411 436841 infeasible   87      2026.72207 1999.14693  1.36%  28.9 26772s
 3204231 436833 2023.11737   87  168 2026.72207 1999.15866  1.36%  28.9 26777s
 3204325 436860 1999.27027   74   43 2026.72207 1999.15866  1.36%  28.9 26786s
 3204956 436932 2020.86079   66  177 2026.72207 1999.16661  1.36%  28.9 26793s
 3205439 436922     cutoff   92      2026.72207 1999.17156  1.36%  28.9 26796s
 3205576 436884 1999.17576   87   24 2026.72207 1999.17283  1.36%  28.9 26803s
 3206143 436878 infeasible   84      2026.72207 1999.17998  1.36%  28.9 26805s
 3206366 436842 infeasible   53      2026.72207 1999.18526  1.36%  28.9 26811s
 3207027 436846     cutoff   80      2026.72207 1999.19149  1.36%  28.9 26820s
 3207629 436886     cutoff  104      2026.72207 1999.19961  1.36%  28.9 26826s
 3208148 436908 2000.28456   71  136 2026.72207 1999.20430  1.36%  28.9 26832s
 3208711 436874 2023.65253   90   69 2026.72207 1999.20923  1.36%  28.9 26836s
 3208885 436884 2022.57430   99  101 2026.72207 1999.21123  1.36%  28.9 26841s
 3209338 436901 2010.65922   78  125 2026.72207 1999.21884  1.36%  28.9 26847s
 3209795 436913 2018.16997   82  113 2026.72207 1999.21984  1.36%  28.9 26855s
 3210414 436850 1999.85747   82   39 2026.72207 1999.22644  1.36%  28.9 26862s
 3210804 436842 infeasible   80      2026.72207 1999.23489  1.36%  28.9 26866s
 3210965 436839 1999.82748   64   69 2026.72207 1999.23667  1.36%  28.9 26876s
 3211564 436834 infeasible   83      2026.72207 1999.24371  1.36%  28.9 26883s
 3212109 436827 infeasible  106      2026.72207 1999.24939  1.36%  28.9 26887s
 3212228 436817 1999.50163   89  163 2026.72207 1999.25028  1.36%  28.9 26896s
 3212857 436815 infeasible   93      2026.72207 1999.25698  1.36%  28.9 26947s
 3213559 436775 infeasible   60      2026.72207 1999.26692  1.35%  28.9 26957s
 3214221 436780 infeasible   92      2026.72207 1999.27763  1.35%  28.9 26967s
 3214891 436756     cutoff   92      2026.72207 1999.28620  1.35%  28.9 26970s
 3215020 436802 2023.68804   73   70 2026.72207 1999.28870  1.35%  28.9 26978s
 3215664 436760 2000.98452  110  139 2026.72207 1999.29344  1.35%  28.9 26984s
 3215928 436699 2020.08626   89   74 2026.72207 1999.29811  1.35%  28.9 26989s
 3216374 436674 infeasible   66      2026.72207 1999.30314  1.35%  28.9 26992s
 3216531 436715 2015.44254   89   49 2026.72207 1999.30709  1.35%  28.9 27003s
 3217158 436740 1999.62154   94   72 2026.72207 1999.31309  1.35%  28.9 27013s
 3217782 436721 2009.95876   95   28 2026.72207 1999.31772  1.35%  28.9 27017s
 3217894 436689     cutoff   69      2026.72207 1999.32070  1.35%  28.9 27024s
 3218389 436639 2020.74983   75   44 2026.72207 1999.32604  1.35%  28.9 27030s
 3218941 436622     cutoff   80      2026.72207 1999.33319  1.35%  28.9 27043s
 3219474 436580 2020.96503   88   30 2026.72207 1999.34040  1.35%  28.9 27048s
 3219733 436582     cutoff   70      2026.72207 1999.34567  1.35%  28.9 27059s
 3220339 436526 infeasible  105      2026.72207 1999.35022  1.35%  28.9 27064s
 3220461 436564 2008.96580   73  129 2026.72207 1999.35331  1.35%  28.9 27073s
 3221045 436547 infeasible  101      2026.72207 1999.35873  1.35%  28.9 27078s
 3221289 436552 2010.43399   85  186 2026.72207 1999.36257  1.35%  28.9 27081s
 3221545 436613 infeasible   76      2026.72207 1999.36624  1.35%  28.9 27089s
 3222192 436612 infeasible   73      2026.72207 1999.37464  1.35%  28.9 27092s
 3222254 436599 infeasible   67      2026.72207 1999.37528  1.35%  28.9 27097s
 3222852 436543     cutoff   60      2026.72207 1999.38053  1.35%  28.9 27101s
 3223027 436577     cutoff  105      2026.72207 1999.38372  1.35%  28.9 27109s
 3223170 436577 infeasible   79      2026.72207 1999.38372  1.35%  28.9 27110s
 3223643 436558 infeasible   87      2026.72207 1999.38812  1.35%  28.9 27143s
 3223781 436384     cutoff   98      2026.72207 1999.39017  1.35%  28.9 27162s
 3225577 436352 infeasible   85      2026.72207 1999.40120  1.35%  28.8 27165s
 3225737 436259 2002.57075  102  206 2026.72207 1999.40330  1.35%  28.8 27174s
 3226263 436237 1999.50897   93  111 2026.72207 1999.41052  1.35%  28.8 27182s
 3226647 436228 infeasible   85      2026.72207 1999.41275  1.35%  28.8 27187s
 3226753 436207 2014.33401   89    5 2026.72207 1999.41425  1.35%  28.8 27195s
 3227571 436137 2019.53666  122   97 2026.72207 1999.42642  1.35%  28.8 27201s
 3227929 436164 1999.96897   52  123 2026.72207 1999.42976  1.35%  28.8 27205s
 3228847 436155 infeasible   60      2026.72207 1999.43938  1.35%  28.8 27210s
 3228970 436137 2001.75623   68  176 2026.72207 1999.44027  1.35%  28.8 27216s
 3229596 436112 infeasible   70      2026.72207 1999.44891  1.35%  28.8 27220s
 3230144 436066     cutoff   79      2026.72207 1999.45511  1.35%  28.8 27225s
 3230280 436061 2006.37290  110   73 2026.72207 1999.45589  1.35%  28.8 27230s
 3231110 436122 infeasible  103      2026.72207 1999.46240  1.35%  28.8 27236s
 3231976 436108 infeasible   86      2026.72207 1999.47239  1.34%  28.8 27244s
 3232553 436082 infeasible   85      2026.72207 1999.47669  1.34%  28.8 27247s
 3232694 436005 2026.62841  115   44 2026.72207 1999.47712  1.34%  28.8 27251s
 3233276 436022 2002.43200   90  190 2026.72207 1999.49014  1.34%  28.8 27255s
 3233744 435957     cutoff   55      2026.72207 1999.49371  1.34%  28.8 27262s
 3234412 435969 2015.06086  108  162 2026.72207 1999.50489  1.34%  28.8 27269s
 3235053 435970 infeasible   95      2026.72207 1999.50996  1.34%  28.8 27272s
 3235214 436036 1999.51633   93   91 2026.72207 1999.51097  1.34%  28.8 27277s
 3235883 436020 infeasible   86      2026.72207 1999.51895  1.34%  28.8 27321s
 3236253 436001     cutoff   78      2026.72207 1999.52341  1.34%  28.8 27328s
 3236645 435955 2001.39057  118   35 2026.72207 1999.52649  1.34%  28.8 27335s
 3237167 435956 2024.13530  101  113 2026.72207 1999.53327  1.34%  28.8 27343s
 3237388 435898 1999.98746   56  118 2026.72207 1999.53763  1.34%  28.8 27359s
 3238347 435868 2014.66246   79  138 2026.72207 1999.54587  1.34%  28.8 27363s
 3238469 435910 2026.10612   76   33 2026.72207 1999.54804  1.34%  28.8 27372s
 3239255 435877 infeasible  100      2026.72207 1999.55366  1.34%  28.8 27378s
 3239583 435884 2026.52320   82   40 2026.72207 1999.55639  1.34%  28.8 27386s
 3240328 435854 2021.25745   68   53 2026.72207 1999.56515  1.34%  28.8 27396s
 3241132 435857 infeasible   82      2026.72207 1999.57220  1.34%  28.8 27407s
 3241808 435826 infeasible   82      2026.72207 1999.57738  1.34%  28.8 27412s
 3241907 435764     cutoff   85      2026.72207 1999.58007  1.34%  28.8 27421s
 3242532 435788 2012.44001   70   19 2026.72207 1999.58811  1.34%  28.8 27429s
 3242874 435815 2009.84464   54   16 2026.72207 1999.59105  1.34%  28.8 27438s
 3243585 435776     cutoff   85      2026.72207 1999.59887  1.34%  28.8 27447s
 3244257 435760 1999.62502  117   76 2026.72207 1999.60777  1.34%  28.8 27451s
 3244360 435808 1999.79118   92  176 2026.72207 1999.60886  1.34%  28.8 27460s
 3245021 435824 2019.93772   89  171 2026.72207 1999.61377  1.34%  28.8 27468s
 3245637 435824     cutoff  111      2026.72207 1999.61971  1.34%  28.8 27478s
 3246257 435836 infeasible   78      2026.72207 1999.62685  1.34%  28.8 27529s
 3246677 435811 2001.01069   80  179 2026.72207 1999.63327  1.34%  28.8 27535s
 3247075 435789 2019.90015   64  140 2026.72207 1999.63764  1.34%  28.8 27548s
 3247939 435781     cutoff  103      2026.72207 1999.64653  1.34%  28.8 27551s
 3248008 435799 2012.32043   96  189 2026.72207 1999.64700  1.34%  28.8 27563s
 3248759 435803 2017.72763   67    7 2026.72207 1999.65586  1.34%  28.8 27568s
 3248770 435803 2017.72763   68    7 2026.72207 1999.65586  1.34%  28.8 27571s
 3248843 435795 2000.25265   99  189 2026.72207 1999.65635  1.34%  28.8 27578s
 3248911 435829 infeasible   93      2026.72207 1999.65705  1.34%  28.8 27589s
 3249374 435777     cutoff   77      2026.72207 1999.65758  1.34%  28.8 27595s
 3249499 435776 2000.14030   90   16 2026.72207 1999.66187  1.34%  28.8 27605s
 3250333 435735 2021.86992   63   38 2026.72207 1999.67216  1.33%  28.8 27617s
 3251015 435716 infeasible   90      2026.72207 1999.67961  1.33%  28.8 27621s
 3251301 435709 1999.69230   98  205 2026.72207 1999.68430  1.33%  28.8 27626s
 3251650 435712 2003.15665   84  156 2026.72207 1999.68810  1.33%  28.8 27636s
 3252375 435698 2000.38589  104  116 2026.72207 1999.69547  1.33%  28.8 27644s
 3253048 435721 1999.87782   77   50 2026.72207 1999.70119  1.33%  28.8 27651s
 3253713 435719     cutoff   90      2026.72207 1999.70778  1.33%  28.8 27665s
 3254360 435676 1999.72806   87  162 2026.72207 1999.71695  1.33%  28.8 27675s
 3255080 435759     cutoff   79      2026.72207 1999.72923  1.33%  28.8 27688s
 3255714 435738     cutoff   76      2026.72207 1999.73277  1.33%  28.8 27692s
 3255798 435703 2000.17660   52  164 2026.72207 1999.73446  1.33%  28.8 27698s
 3256393 435682 2004.32574   69  157 2026.72207 1999.74217  1.33%  28.8 27701s
 3256481 435695 infeasible   65      2026.72207 1999.74303  1.33%  28.8 27711s
 3257221 435653 2022.58084   80   37 2026.72207 1999.74937  1.33%  28.8 27718s
 3257823 435641 infeasible   76      2026.72207 1999.75466  1.33%  28.8 27722s
 3257998 435649 infeasible   94      2026.72207 1999.75698  1.33%  28.8 27729s
 3258274 435608 infeasible   96      2026.72207 1999.76062  1.33%  28.8 27735s
 3258548 435626 2021.20992   71   42 2026.72207 1999.76404  1.33%  28.8 27740s
 3258942 435612 2022.61497  101   99 2026.72207 1999.76928  1.33%  28.8 27767s
 3259276 435605 infeasible   63      2026.72207 1999.77530  1.33%  28.8 27778s
 3260135 435589 2022.19087   70   41 2026.72207 1999.78246  1.33%  28.8 27782s
 3260313 435609 2020.86415   67  213 2026.72207 1999.78549  1.33%  28.8 27790s
 3261035 435593     cutoff   94      2026.72207 1999.79001  1.33%  28.8 27800s
 3261603 435596 2001.54002   84  176 2026.72207 1999.79850  1.33%  28.8 27809s
 3262231 435597 2002.14441   78   74 2026.72207 1999.80486  1.33%  28.8 27815s
 3262794 435525 infeasible   92      2026.72207 1999.81206  1.33%  28.8 27827s
 3263326 435537 2016.15406   81  131 2026.72207 1999.81733  1.33%  28.8 27830s
 3263453 435487 infeasible   71      2026.72207 1999.81911  1.33%  28.8 27837s
 3264086 435522 2004.62705   72   95 2026.72207 1999.82467  1.33%  28.8 27846s
 3264762 435505     cutoff   89      2026.72207 1999.83071  1.33%  28.8 27850s
 3264872 435537 2013.38356  112  153 2026.72207 1999.83229  1.33%  28.8 27856s
 3265503 435536 2000.33410   98  123 2026.72207 1999.83913  1.33%  28.8 27861s
 3265737 435553 2023.67319   85   40 2026.72207 1999.84053  1.33%  28.8 27871s
 3266394 435535     cutoff   65      2026.72207 1999.84660  1.33%  28.8 27885s
 3267026 435463 2000.64032   91  244 2026.72207 1999.85472  1.33%  28.8 27891s
 3267651 435404     cutoff   70      2026.72207 1999.86229  1.33%  28.8 27899s
 3267895 435381 2004.16588   73   95 2026.72207 1999.86453  1.33%  28.8 27906s
 3268560 435391 1999.88431   61  208 2026.72207 1999.87279  1.32%  28.8 27919s
 3269185 435353     cutoff   64      2026.72207 1999.88056  1.32%  28.8 27922s
 3269361 435307 infeasible   94      2026.72207 1999.88337  1.32%  28.8 27930s
 3270068 435280 infeasible   76      2026.72207 1999.89029  1.32%  28.8 27942s
 3270654 435257 2002.25307   74  151 2026.72207 1999.89812  1.32%  28.8 27946s
 3270769 435232     cutoff   89      2026.72207 1999.89962  1.32%  28.8 27955s
 3271486 435252 2021.71341   97  248 2026.72207 1999.90760  1.32%  28.8 27967s
 3272155 435235 2001.23919  111  166 2026.72207 1999.91222  1.32%  28.8 28011s
 3272452 435203 infeasible   61      2026.72207 1999.91719  1.32%  28.8 28021s
 3273222 435202 2001.23277   73    9 2026.72207 1999.92491  1.32%  28.8 28025s
 3273333 435190 infeasible  105      2026.72207 1999.92780  1.32%  28.8 28037s
 3274163 435161     cutoff   82      2026.72207 1999.93804  1.32%  28.8 28045s
 3274797 435132 infeasible   70      2026.72207 1999.94707  1.32%  28.8 28057s
 3275471 435104 infeasible   95      2026.72207 1999.95579  1.32%  28.8 28062s
 3275642 435068 infeasible  109      2026.72207 1999.95783  1.32%  28.8 28071s
 3276380 434983 2009.32413   77   53 2026.72207 1999.96882  1.32%  28.8 28080s
 3277237 434963 2001.28325  107   12 2026.72207 1999.98013  1.32%  28.8 28087s
 3277993 434987 infeasible   59      2026.72207 1999.98879  1.32%  28.8 28096s
 3278624 435007 infeasible   92      2026.72207 1999.99462  1.32%  28.8 28102s
 3279120 435014     cutoff   75      2026.72207 1999.99765  1.32%  28.8 28106s
 3279242 435063 2001.41515   49  169 2026.72207 1999.99917  1.32%  28.8 28115s
 3279914 435018 2013.07474   60   47 2026.72207 2000.00608  1.32%  28.8 28121s
 3280158 435016 2000.02290   51   66 2026.72207 2000.00959  1.32%  28.8 28130s
 3280738 435022 infeasible  104      2026.72207 2000.01700  1.32%  28.8 28144s
 3281331 435002 2000.49567   81   25 2026.72207 2000.02259  1.32%  28.8 28149s
 3281616 434985 2017.40651  100   47 2026.72207 2000.02671  1.32%  28.8 28152s
 3281987 434984 2022.66451  102  194 2026.72207 2000.03149  1.32%  28.8 28157s
 3282301 435025 2024.06519  104   25 2026.72207 2000.03602  1.32%  28.8 28166s
 3282904 435015 2025.87008   63  116 2026.72207 2000.04522  1.32%  28.7 28215s
 3283049 435024 infeasible   83      2026.72207 2000.04570  1.32%  28.8 28247s
 3285163 435012 2010.67617   73  148 2026.72207 2000.05792  1.32%  28.7 28251s
 3285260 435007 2000.41092   73  153 2026.72207 2000.05877  1.32%  28.7 28255s
 3285382 435005 2026.39495   76   33 2026.72207 2000.06082  1.32%  28.7 28263s
 3285960 434958 2011.13729   77  196 2026.72207 2000.06667  1.32%  28.7 28269s
 3286296 434941 infeasible   66      2026.72207 2000.06859  1.32%  28.7 28272s
 3286412 434886     cutoff   64      2026.72207 2000.07056  1.32%  28.7 28282s
 3286921 434865 2001.78803   66  179 2026.72207 2000.07676  1.31%  28.7 28286s
 3287063 434856 infeasible   87      2026.72207 2000.07883  1.31%  28.7 28296s
 3287675 434891 2002.55295   93  132 2026.72207 2000.08300  1.31%  28.7 28300s
 3287868 434883 2001.75827   55   60 2026.72207 2000.08491  1.31%  28.7 28308s
 3288429 434863 infeasible   73      2026.72207 2000.09148  1.31%  28.7 28310s
 3288507 434772 2022.57205   81  218 2026.72207 2000.09426  1.31%  28.7 28318s
 3289073 434730 2007.94046   81  153 2026.72207 2000.10279  1.31%  28.7 28323s
 3289345 434721 2000.24237   74  146 2026.72207 2000.10560  1.31%  28.7 28329s
 3289727 434715 2004.02182   85   91 2026.72207 2000.11184  1.31%  28.7 28333s
 3289878 434730     cutoff   94      2026.72207 2000.11357  1.31%  28.7 28340s
 3290468 434712 infeasible   71      2026.72207 2000.11979  1.31%  28.7 28348s
 3290831 434691 infeasible   95      2026.72207 2000.12426  1.31%  28.7 28352s
 3290925 434719 2000.16776  115   44 2026.72207 2000.12441  1.31%  28.7 28358s
 3291540 434715 2000.56653   77  164 2026.72207 2000.13141  1.31%  28.7 28360s
 3291596 434681 2000.16004   84   67 2026.72207 2000.13174  1.31%  28.7 28365s
 3292598 434682 infeasible   90      2026.72207 2000.14677  1.31%  28.7 28372s
 3292705 434654 2001.81638  106   80 2026.72207 2000.14795  1.31%  28.7 28379s
 3293295 434653 2015.53724  104   31 2026.72207 2000.15500  1.31%  28.7 28383s
 3293385 434641 2026.48155  108   45 2026.72207 2000.15623  1.31%  28.7 28388s
 3293994 434632 infeasible   57      2026.72207 2000.15990  1.31%  28.7 28391s
 3294226 434596 2023.72670   67   78 2026.72207 2000.16240  1.31%  28.7 28397s
 3294774 434591 2001.38541  108   18 2026.72207 2000.17012  1.31%  28.7 28401s
 3294934 434611 infeasible   69      2026.72207 2000.17238  1.31%  28.7 28409s
 3295526 434584 infeasible  104      2026.72207 2000.17834  1.31%  28.7 28414s
 3295996 434527     cutoff   94      2026.72207 2000.18406  1.31%  28.7 28415s
 3296699 434447 infeasible   69      2026.72207 2000.19342  1.31%  28.7 28421s
 3296908 434439     cutoff   77      2026.72207 2000.19910  1.31%  28.7 28428s
 3297501 434400 infeasible   69      2026.72207 2000.20485  1.31%  28.7 28433s
 3297581 434443 2000.21555   93  117 2026.72207 2000.20644  1.31%  28.7 28436s
 3298194 434404 infeasible   88      2026.72207 2000.21209  1.31%  28.7 28478s
 3298368 434364 2000.21873   94   60 2026.72207 2000.21678  1.31%  28.7 28499s
 3300301 434351 infeasible   82      2026.72207 2000.22820  1.31%  28.7 28500s
 3300480 434369     cutoff  101      2026.72207 2000.23055  1.31%  28.7 28508s
 3301044 434372 infeasible   93      2026.72207 2000.23652  1.31%  28.7 28512s
 3301305 434378 2000.90756   63   10 2026.72207 2000.23874  1.31%  28.7 28517s
 3301706 434366 infeasible   77      2026.72207 2000.24280  1.31%  28.7 28521s
 3301899 434322 2017.80852   51   66 2026.72207 2000.24437  1.31%  28.7 28529s
 3302485 434305 infeasible   72      2026.72207 2000.24911  1.31%  28.7 28531s
 3302539 434227 2000.81640   83  136 2026.72207 2000.25043  1.31%  28.7 28539s
 3303082 434193     cutoff  103      2026.72207 2000.25724  1.31%  28.7 28545s
 3303705 434166 infeasible   84      2026.72207 2000.26669  1.31%  28.7 28551s
 3303907 434160 2017.88388   79   61 2026.72207 2000.26867  1.31%  28.7 28558s
 3304502 434111 infeasible   63      2026.72207 2000.27524  1.30%  28.7 28563s
 3304760 434060 infeasible   62      2026.72207 2000.27882  1.30%  28.7 28574s
 3305359 434023     cutoff  105      2026.72207 2000.28475  1.30%  28.7 28577s
 3305455 434040 2010.66593   89  244 2026.72207 2000.28745  1.30%  28.7 28586s
 3306079 434004 2023.17087   78   32 2026.72207 2000.29439  1.30%  28.7 28593s
 3306465 434002 2018.34086   63  215 2026.72207 2000.29784  1.30%  28.7 28598s
 3306624 433996 2000.30949   81  128 2026.72207 2000.29909  1.30%  28.7 28603s
 3307236 434011 2006.98608   56  125 2026.72207 2000.30567  1.30%  28.7 28606s
 3307376 433993 infeasible   92      2026.72207 2000.30665  1.30%  28.7 28612s
 3307986 433985 infeasible  100      2026.72207 2000.31382  1.30%  28.7 28619s
 3308609 433967     cutoff  113      2026.72207 2000.32040  1.30%  28.7 28621s
 3308687 433997 2001.32614  114  149 2026.72207 2000.32211  1.30%  28.7 28628s
 3309324 433980 infeasible   89      2026.72207 2000.32842  1.30%  28.7 28670s
 3309442 433756 infeasible   70      2026.72207 2000.32969  1.30%  28.7 28690s
 3310824 433743 infeasible  104      2026.72207 2000.34224  1.30%  28.7 28696s
 3310939 433739 2017.71560   60   20 2026.72207 2000.34288  1.30%  28.7 28705s
 3311642 433683 2022.05516   64   22 2026.72207 2000.35189  1.30%  28.7 28714s
 3312254 433663     cutoff   61      2026.72207 2000.36125  1.30%  28.7 28717s
 3312339 433651 infeasible   91      2026.72207 2000.36260  1.30%  28.7 28721s
 3312491 433618 2021.30761   70  161 2026.72207 2000.36346  1.30%  28.7 28725s
 3312787 433600 infeasible   78      2026.72207 2000.36749  1.30%  28.7 28735s
 3313355 433565 2000.91156   77  125 2026.72207 2000.36911  1.30%  28.7 28743s
 3313564 433552 infeasible   91      2026.72207 2000.37042  1.30%  28.7 28746s
 3313706 433540 infeasible   82      2026.72207 2000.37042  1.30%  28.7 28754s
 3314420 433517 infeasible   78      2026.72207 2000.38754  1.30%  28.7 28757s
 3314531 433487 infeasible   84      2026.72207 2000.38963  1.30%  28.7 28762s
 3315243 433482 2018.66854   93   65 2026.72207 2000.39737  1.30%  28.7 28771s
 3315758 433459     cutoff   86      2026.72207 2000.40140  1.30%  28.7 28775s
 3315917 433417 infeasible  117      2026.72207 2000.40578  1.30%  28.7 28781s
 3316551 433392     cutoff   98      2026.72207 2000.41297  1.30%  28.7 28786s
 3316915 433381 infeasible   79      2026.72207 2000.41689  1.30%  28.7 28794s
 3317276 433371 2018.17050   83  159 2026.72207 2000.41983  1.30%  28.7 28799s
 3317681 433370 2002.13858   65  232 2026.72207 2000.42286  1.30%  28.7 28805s
 3318745 433382 2000.61735   89  171 2026.72207 2000.43629  1.30%  28.7 28812s
 3318862 433403 2022.33711   95   11 2026.72207 2000.43664  1.30%  28.7 28818s
 3319562 433361 infeasible   85      2026.72207 2000.44283  1.30%  28.7 28860s
 3319759 433237 infeasible   97      2026.72207 2000.44498  1.30%  28.7 28871s
 3321187 433242 2023.86888   94  102 2026.72207 2000.45631  1.30%  28.7 28875s
 3321365 433290 2001.98195   85  184 2026.72207 2000.45784  1.30%  28.7 28880s
 3322072 433329 2000.93700   55  148 2026.72207 2000.46198  1.30%  28.7 28886s
 3322722 433378 infeasible   80      2026.72207 2000.46821  1.30%  28.7 28894s
 3323363 433361 infeasible  110      2026.72207 2000.47338  1.30%  28.7 28898s
 3323665 433373     cutoff   82      2026.72207 2000.47663  1.29%  28.7 28903s
 3324037 433354 infeasible   60      2026.72207 2000.48036  1.29%  28.7 28906s
 3324207 433390 infeasible   89      2026.72207 2000.48276  1.29%  28.7 28912s
 3324838 433390 infeasible   61      2026.72207 2000.48937  1.29%  28.7 28915s
 3324912 433427 infeasible   55      2026.72207 2000.49131  1.29%  28.7 28921s
 3325746 433383     cutoff   99      2026.72207 2000.49759  1.29%  28.7 28931s
 3326279 433375 2000.57699   79  101 2026.72207 2000.50383  1.29%  28.7 28943s
 3326835 433370 2025.44686   87   37 2026.72207 2000.51136  1.29%  28.7 28948s
 3327403 433328 infeasible   92      2026.72207 2000.51805  1.29%  28.7 28952s
 3327547 433259 infeasible   53      2026.72207 2000.52069  1.29%  28.7 28961s
 3328089 433249     cutoff   72      2026.72207 2000.52764  1.29%  28.7 28965s
 3328214 433290 2011.05131   74  261 2026.72207 2000.52851  1.29%  28.7 28975s
 3329068 433276 2000.56523   73  192 2026.72207 2000.53726  1.29%  28.7 28980s
 3329791 433182 2009.12097   96   29 2026.72207 2000.54464  1.29%  28.7 28988s
 3330138 433147 infeasible   93      2026.72207 2000.54963  1.29%  28.7 28991s
 3330383 433130 2000.87296   88   16 2026.72207 2000.55458  1.29%  28.7 28995s
 3331054 433091 infeasible   96      2026.72207 2000.56433  1.29%  28.7 29006s
 3331651 433069 2022.03535   92  178 2026.72207 2000.56766  1.29%  28.7 29013s
 3332248 433040 infeasible   58      2026.72207 2000.57538  1.29%  28.7 29015s
 3332384 433067 2011.76664  108  262 2026.72207 2000.57790  1.29%  28.7 29020s
 3333022 433016 2023.66722   91   59 2026.72207 2000.58639  1.29%  28.7 29051s
 3333660 432980 infeasible   54      2026.72207 2000.59537  1.29%  28.7 29064s
 3334437 432997     cutoff   75      2026.72207 2000.60394  1.29%  28.7 29068s
 3334599 432928 infeasible   99      2026.72207 2000.60499  1.29%  28.7 29078s
 3335235 432901 2019.41892   56  125 2026.72207 2000.61146  1.29%  28.7 29083s
 3335399 432840 2023.00491   86  158 2026.72207 2000.61543  1.29%  28.7 29091s
 3336011 432838 infeasible  100      2026.72207 2000.62230  1.29%  28.7 29095s
 3336104 432865     cutoff   88      2026.72207 2000.62298  1.29%  28.7 29106s
 3336807 432847 2023.02334   82   74 2026.72207 2000.62771  1.29%  28.7 29112s
 3337408 432875 infeasible   71      2026.72207 2000.63566  1.29%  28.7 29121s
 3338271 432859 2001.59156   83  161 2026.72207 2000.64276  1.29%  28.7 29131s
 3338945 432860 2011.73969   95  200 2026.72207 2000.64957  1.29%  28.7 29140s
 3339550 432892 2021.39776   92  147 2026.72207 2000.65576  1.29%  28.7 29147s
 3340146 432858 2021.94390  105   53 2026.72207 2000.66116  1.29%  28.7 29153s
 3340340 432863 2024.58055   99   92 2026.72207 2000.66638  1.29%  28.7 29160s
 3341032 432854 infeasible  108      2026.72207 2000.67179  1.29%  28.7 29170s
 3341838 432887 2000.91334  103   44 2026.72207 2000.67984  1.28%  28.7 29179s
 3342465 432891 2018.52753   93  239 2026.72207 2000.68570  1.28%  28.7 29180s
 3342508 432898 2018.52753   94  241 2026.72207 2000.68570  1.28%  28.7 29187s
 3343256 432904 2013.50317   84  209 2026.72207 2000.69352  1.28%  28.7 29194s
 3343424 432904 infeasible   67      2026.72207 2000.69352  1.28%  28.7 29195s
 3343868 432917 infeasible   61      2026.72207 2000.69837  1.28%  28.7 29250s
 3344174 432911     cutoff   85      2026.72207 2000.70215  1.28%  28.7 29259s
 3344726 432909 2002.84750  108  171 2026.72207 2000.70996  1.28%  28.6 29265s
 3345109 432923 2001.16939   55  174 2026.72207 2000.71252  1.28%  28.6 29276s
 3345987 432900 2021.57471   82  159 2026.72207 2000.72252  1.28%  28.6 29280s
 3346085 432957 2003.23448   79  156 2026.72207 2000.72397  1.28%  28.6 29289s
 3346845 432940 infeasible  104      2026.72207 2000.73178  1.28%  28.6 29292s
 3346938 432893 2001.55133   74  155 2026.72207 2000.73439  1.28%  28.6 29301s
 3347621 432937 2001.87264   51  275 2026.72207 2000.74371  1.28%  28.6 29306s
 3348224 432904 2012.42986   93  151 2026.72207 2000.74410  1.28%  28.6 29315s
 3348868 432852 infeasible   95      2026.72207 2000.75450  1.28%  28.6 29321s
 3349266 432836 2000.89940   64  128 2026.72207 2000.76033  1.28%  28.6 29326s
 3349366 432768 2002.26223  103  228 2026.72207 2000.76142  1.28%  28.6 29334s
 3349902 432734 infeasible   65      2026.72207 2000.76773  1.28%  28.6 29339s
 3350422 432751     cutoff  109      2026.72207 2000.77421  1.28%  28.6 29345s
 3350560 432780 2007.70385   58   39 2026.72207 2000.77427  1.28%  28.6 29353s
 3351146 432773 2001.22218   83  130 2026.72207 2000.78071  1.28%  28.6 29357s
 3351377 432784 2024.03563   91   37 2026.72207 2000.78291  1.28%  28.6 29363s
 3352036 432758 infeasible   68      2026.72207 2000.78896  1.28%  28.6 29365s
 3352128 432744 infeasible   58      2026.72207 2000.78910  1.28%  28.6 29371s
 3352835 432676 2000.81015   56  137 2026.72207 2000.80159  1.28%  28.6 29379s
 3353074 432667 2020.48966   89  115 2026.72207 2000.80550  1.28%  28.6 29386s
 3353439 432631 2018.51444   82    6 2026.72207 2000.81061  1.28%  28.6 29392s
 3353689 432647 2001.28545  113   71 2026.72207 2000.81359  1.28%  28.6 29399s
 3354155 432638 infeasible   72      2026.72207 2000.81691  1.28%  28.6 29402s
 3354349 432653     cutoff   59      2026.72207 2000.82127  1.28%  28.6 29411s
 3355031 432645 2003.40731   92  114 2026.72207 2000.82900  1.28%  28.6 29458s
 3355128 432761 2001.66274  111  167 2026.72207 2000.83089  1.28%  28.6 29497s
 3357657 432752 2015.71642   98  183 2026.72207 2000.84343  1.28%  28.6 29500s
 3357715 432782 2005.76066  105  220 2026.72207 2000.84343  1.28%  28.6 29506s
 3358339 432729     cutoff   82      2026.72207 2000.84484  1.28%  28.6 29517s
 3358844 432716 2019.24959   68  110 2026.72207 2000.85484  1.28%  28.6 29521s
 3358954 432724 infeasible   66      2026.72207 2000.85635  1.28%  28.6 29527s
 3359622 432698 2002.29504   81  184 2026.72207 2000.86230  1.28%  28.6 29536s
 3360276 432681     cutoff   70      2026.72207 2000.87032  1.28%  28.6 29545s
 3360984 432736 2001.29180  121  182 2026.72207 2000.87889  1.28%  28.6 29554s
 3361565 432711 infeasible   65      2026.72207 2000.88372  1.27%  28.6 29559s
 3361719 432693 2022.55419   88  146 2026.72207 2000.88500  1.27%  28.6 29565s
 3362360 432738 2000.91356   64   60 2026.72207 2000.89290  1.27%  28.6 29578s
 3362970 432710     cutoff  100      2026.72207 2000.89682  1.27%  28.6 29582s
 3363078 432658 2018.52503  112  253 2026.72207 2000.89912  1.27%  28.6 29587s
 3363587 432630 infeasible   57      2026.72207 2000.90621  1.27%  28.6 29592s
 3363953 432599 infeasible   84      2026.72207 2000.91053  1.27%  28.6 29596s
 3364216 432613 2007.77610   71  170 2026.72207 2000.91223  1.27%  28.6 29603s
 3364758 432604 2018.30228   69    8 2026.72207 2000.91731  1.27%  28.6 29605s
 3364852 432590 2022.83006   82  135 2026.72207 2000.91744  1.27%  28.6 29610s
 3365591 432561 2001.09412   81  144 2026.72207 2000.92348  1.27%  28.6 29618s
 3366162 432550 2007.91269   92  119 2026.72207 2000.93364  1.27%  28.6 29626s
 3366605 432493 infeasible   75      2026.72207 2000.93729  1.27%  28.6 29630s
 3366772 432463 infeasible   96      2026.72207 2000.94021  1.27%  28.6 29636s
 3367496 432407 infeasible   75      2026.72207 2000.94547  1.27%  28.6 29644s
 3368061 432424 2001.94768   97   69 2026.72207 2000.95433  1.27%  28.6 29647s
 3368241 432383 infeasible   73      2026.72207 2000.95554  1.27%  28.6 29652s
 3368700 432351     cutoff   81      2026.72207 2000.96105  1.27%  28.6 29655s
 3368825 432317 2001.12175  108   29 2026.72207 2000.96134  1.27%  28.6 29660s
 3369718 432250 infeasible   71      2026.72207 2000.97268  1.27%  28.6 29665s
 3370111 432242 2017.11558  102  186 2026.72207 2000.97546  1.27%  28.6 29671s
 3370396 432225 2004.72905   88  143 2026.72207 2000.97678  1.27%  28.6 29676s
 3370683 432203 infeasible   77      2026.72207 2000.98430  1.27%  28.6 29685s
 3371000 432204 2012.54135   83   28 2026.72207 2000.98534  1.27%  28.6 29693s
 3371232 432104 2026.29811   94  146 2026.72207 2000.98875  1.27%  28.6 29701s
 3371909 432052 infeasible   80      2026.72207 2000.99747  1.27%  28.6 29706s
 3372086 432028 2001.40852  108  273 2026.72207 2001.00221  1.27%  28.6 29714s
 3372797 432011 2022.51784   89   50 2026.72207 2001.00900  1.27%  28.6 29720s
 3373636 431914 2018.43691   77   98 2026.72207 2001.01932  1.27%  28.6 29727s
 3373817 431889 2018.36719   86   53 2026.72207 2001.02495  1.27%  28.6 29734s
 3374513 431881     cutoff  120      2026.72207 2001.03274  1.27%  28.6 29737s
 3374609 431857 infeasible   85      2026.72207 2001.03405  1.27%  28.6 29746s
 3375485 431770 2001.79502  105  201 2026.72207 2001.04456  1.27%  28.6 29754s
 3375961 431714 2021.45584   83  166 2026.72207 2001.05041  1.27%  28.6 29759s
 3376147 431713 infeasible   70      2026.72207 2001.05400  1.27%  28.6 29769s
 3376794 431679 infeasible  123      2026.72207 2001.06173  1.27%  28.6 29775s
 3377101 431697 infeasible   84      2026.72207 2001.06515  1.27%  28.6 29783s
 3377682 431707 infeasible   86      2026.72207 2001.07077  1.27%  28.6 29822s
 3377831 431569     cutoff   54      2026.72207 2001.07292  1.27%  28.6 29838s
 3379400 431545 2001.08586   64   11 2026.72207 2001.08586  1.26%  28.6 29842s
 3379539 431521 infeasible   93      2026.72207 2001.08631  1.26%  28.6 29846s
 3379886 431541 infeasible   77      2026.72207 2001.08917  1.26%  28.6 29853s
 3380447 431525     cutoff   57      2026.72207 2001.09444  1.26%  28.6 29855s
 3380517 431550 2025.44778   88   49 2026.72207 2001.09584  1.26%  28.6 29864s
 3381146 431544     cutoff   76      2026.72207 2001.10075  1.26%  28.6 29866s
 3381185 431516 2025.91801   58   56 2026.72207 2001.10108  1.26%  28.6 29876s
 3381944 431504 2003.16829  103  108 2026.72207 2001.10783  1.26%  28.6 29887s
 3382514 431446 2001.62454  133   49 2026.72207 2001.11410  1.26%  28.6 29894s
 3383065 431421     cutoff   93      2026.72207 2001.12125  1.26%  28.6 29900s
 3383200 431432 infeasible   60      2026.72207 2001.12170  1.26%  28.6 29909s
 3383757 431428 2021.95789   61  122 2026.72207 2001.12754  1.26%  28.6 29911s
 3383871 431352 2001.53778  119  160 2026.72207 2001.12976  1.26%  28.6 29918s
 3384413 431344 2011.81555   93   35 2026.72207 2001.13589  1.26%  28.6 29920s
 3384500 431292 infeasible   71      2026.72207 2001.13890  1.26%  28.6 29926s
 3385219 431231 2001.21449   82  192 2026.72207 2001.14526  1.26%  28.6 29937s
 3385779 431208 2014.42309  104  233 2026.72207 2001.15482  1.26%  28.6 29940s
 3385943 431288 2015.38172   93  145 2026.72207 2001.15578  1.26%  28.6 29948s
 3386552 431356 2001.16675   65  152 2026.72207 2001.16046  1.26%  28.6 29958s
 3387154 431337 2023.36528   70  118 2026.72207 2001.16675  1.26%  28.6 29962s
 3387238 431337 2001.18107   77  145 2026.72207 2001.16872  1.26%  28.6 29969s
 3387801 431316 infeasible   72      2026.72207 2001.17551  1.26%  28.6 29971s
 3387922 431300 2001.35779  113  148 2026.72207 2001.17658  1.26%  28.6 29975s
 3388631 431221 2001.19375  108   57 2026.72207 2001.18332  1.26%  28.6 29984s
 3389160 431229 2001.36935   83  270 2026.72207 2001.18945  1.26%  28.6 29988s
 3389473 431191 2011.25702   80   41 2026.72207 2001.19466  1.26%  28.6 29992s
 3389751 431167 infeasible   93      2026.72207 2001.19658  1.26%  28.6 29998s
 3390341 431168 2024.39482   85  142 2026.72207 2001.19949  1.26%  28.6 30001s
 3390420 431154 2024.58828   87  188 2026.72207 2001.20035  1.26%  28.6 30010s
 3391026 431097 2018.01605   93   97 2026.72207 2001.20904  1.26%  28.6 30015s
 3391572 431051     cutoff   81      2026.72207 2001.21549  1.26%  28.6 30023s
 3392063 430963 infeasible   91      2026.72207 2001.22427  1.26%  28.6 30031s
 3392766 430772 2002.99918   94  180 2026.72207 2001.23226  1.26%  28.6 30040s
 3393430 430720 2022.85296   94   35 2026.72207 2001.24623  1.26%  28.6 30049s
 3394024 430703 2005.31944   89  166 2026.72207 2001.25326  1.26%  28.6 30053s
 3394131 430697 2001.32444   88  143 2026.72207 2001.25345  1.26%  28.6 30060s
 3394857 430641 2002.28034   75   29 2026.72207 2001.26035  1.26%  28.6 30073s
 3395444 430622 infeasible   88      2026.72207 2001.26723  1.26%  28.6 30075s
 3395597 430642 2001.35037   90  142 2026.72207 2001.26778  1.26%  28.6 30084s
 3396186 430626 infeasible   41      2026.72207 2001.27291  1.26%  28.6 30090s
 3396444 430541 2024.41722   69   61 2026.72207 2001.27942  1.26%  28.6 30098s
 3397005 430573 2009.57747   75   59 2026.72207 2001.28545  1.26%  28.6 30101s
 3397094 430598     cutoff   91      2026.72207 2001.28567  1.26%  28.6 30107s
 3397711 430569     cutoff   78      2026.72207 2001.29255  1.25%  28.6 30140s
 3397963 430530 2017.11394   59  152 2026.72207 2001.29646  1.25%  28.6 30150s
 3398674 430486 infeasible  104      2026.72207 2001.30446  1.25%  28.6 30156s
 3399000 430447 2013.50286   64   66 2026.72207 2001.30835  1.25%  28.6 30166s
 3400068 430411 2007.56032  103   76 2026.72207 2001.31758  1.25%  28.6 30174s
 3400234 430411 2023.41226   98   45 2026.72207 2001.31758  1.25%  28.6 30175s
 3400906 430340 infeasible  100      2026.72207 2001.32868  1.25%  28.6 30184s
 3401605 430284 infeasible   59      2026.72207 2001.33684  1.25%  28.6 30187s
 3401876 430266 2018.58514   61   50 2026.72207 2001.34105  1.25%  28.6 30192s
 3402565 430223 infeasible   71      2026.72207 2001.35083  1.25%  28.6 30200s
 3402622 430229 2020.61937   69  177 2026.72207 2001.35125  1.25%  28.6 30206s
 3403089 430216 infeasible  100      2026.72207 2001.35466  1.25%  28.6 30215s
 3403800 430199 infeasible  103      2026.72207 2001.36097  1.25%  28.6 30221s
 3404092 430269     cutoff  106      2026.72207 2001.36496  1.25%  28.6 30227s
 3404783 430247     cutoff   75      2026.72207 2001.36956  1.25%  28.5 30230s
 3404897 430196     cutoff   78      2026.72207 2001.37225  1.25%  28.5 30239s
 3405563 430123 infeasible   83      2026.72207 2001.37881  1.25%  28.5 30242s
 3405785 430123 infeasible   63      2026.72207 2001.38224  1.25%  28.5 30249s
 3406476 430126 2010.95407   55  158 2026.72207 2001.39130  1.25%  28.5 30253s
 3406617 430102 2002.07452   55   39 2026.72207 2001.39292  1.25%  28.5 30262s
 3407237 430093     cutoff   97      2026.72207 2001.39952  1.25%  28.5 30268s
 3407656 430041     cutoff   70      2026.72207 2001.40249  1.25%  28.5 30273s
 3407800 429989 infeasible   75      2026.72207 2001.40803  1.25%  28.5 30281s
 3408525 429970 2011.90179   98  192 2026.72207 2001.41868  1.25%  28.5 30294s
 3409181 429935 2001.72254   67   37 2026.72207 2001.42348  1.25%  28.5 30300s
 3409835 429881 infeasible   59      2026.72207 2001.43434  1.25%  28.5 30310s
 3410478 429857 2003.13601   54  182 2026.72207 2001.44247  1.25%  28.5 30316s
 3410668 429833 2018.82267   84   70 2026.72207 2001.44729  1.25%  28.5 30327s
 3411328 429782 infeasible  102      2026.72207 2001.45372  1.25%  28.5 30330s
 3411488 429763     cutoff   59      2026.72207 2001.45660  1.25%  28.5 30336s
 3412002 429704 2001.62984   87   58 2026.72207 2001.46320  1.25%  28.5 30340s
 3412445 429591     cutoff  104      2026.72207 2001.46732  1.25%  28.5 30349s
 3413032 429575 2002.62325   86  143 2026.72207 2001.47686  1.25%  28.5 30352s
 3413169 429522 infeasible   95      2026.72207 2001.47768  1.25%  28.5 30361s
 3413763 429495 2020.45261   96  128 2026.72207 2001.48661  1.25%  28.5 30367s
 3414001 429472 infeasible  106      2026.72207 2001.48952  1.24%  28.5 30377s
 3414581 429458     cutoff   88      2026.72207 2001.49907  1.24%  28.5 30382s
 3414709 429417 2019.06126   78   90 2026.72207 2001.50199  1.24%  28.5 30393s
 3415283 429391 2025.93980   84   42 2026.72207 2001.50967  1.24%  28.5 30398s
 3415564 429454 infeasible   81      2026.72207 2001.51324  1.24%  28.5 30404s
 3416266 429424 2019.06203  108  130 2026.72207 2001.52060  1.24%  28.5 30438s
 3416409 429263 infeasible   77      2026.72207 2001.52230  1.24%  28.5 30456s
 3417721 429232 infeasible   92      2026.72207 2001.53418  1.24%  28.5 30464s
 3417821 429236 2006.00080   65  137 2026.72207 2001.53458  1.24%  28.5 30472s
 3418304 429206 2024.95847   87  171 2026.72207 2001.53749  1.24%  28.5 30475s
 3418438 429226 infeasible   88      2026.72207 2001.53946  1.24%  28.5 30482s
 3419043 429178 2008.08221   92   56 2026.72207 2001.54695  1.24%  28.5 30485s
 3419164 429157     cutoff  107      2026.72207 2001.54933  1.24%  28.5 30492s
 3419810 429144 infeasible   68      2026.72207 2001.55661  1.24%  28.5 30496s
 3419958 429170 2002.44633  105  171 2026.72207 2001.55859  1.24%  28.5 30502s
 3420615 429194 2021.47555   94  129 2026.72207 2001.56368  1.24%  28.5 30507s
 3420908 429176 2026.12000   91  140 2026.72207 2001.56606  1.24%  28.5 30511s
 3421150 429252 2002.77109   97  120 2026.72207 2001.56721  1.24%  28.5 30517s
 3421888 429166     cutoff  105      2026.72207 2001.57476  1.24%  28.5 30530s
 3422519 429216 2012.87787   86   32 2026.72207 2001.58172  1.24%  28.5 30540s
 3423190 429169 infeasible   85      2026.72207 2001.58797  1.24%  28.5 30552s
 3423745 429179 infeasible   90      2026.72207 2001.59367  1.24%  28.5 30556s
 3424065 429140 2017.79101   61  138 2026.72207 2001.59887  1.24%  28.5 30561s
 3424577 429078     cutoff   73      2026.72207 2001.60702  1.24%  28.5 30571s
 3425112 429027 infeasible   81      2026.72207 2001.61018  1.24%  28.5 30575s
 3425366 428931 2008.47816   81  177 2026.72207 2001.61425  1.24%  28.5 30583s
 3425952 428927 2001.93312   67   45 2026.72207 2001.62473  1.24%  28.5 30585s
 3426012 428910 infeasible   74      2026.72207 2001.62540  1.24%  28.5 30591s
 3426574 428902 2018.72543   95  146 2026.72207 2001.63204  1.24%  28.5 30595s
 3426692 428971 infeasible   94      2026.72207 2001.63222  1.24%  28.5 30600s
 3427372 429032 2021.11566  116  141 2026.72207 2001.63640  1.24%  28.5 30631s
 3428211 428977 infeasible   69      2026.72207 2001.64352  1.24%  28.5 30638s
 3428655 428936 2022.49889   88   41 2026.72207 2001.65075  1.24%  28.5 30643s
 3428888 428950 infeasible   58      2026.72207 2001.65383  1.24%  28.5 30649s
 3429477 428946 infeasible   72      2026.72207 2001.66063  1.24%  28.5 30652s
 3429554 428902 2005.09468   73  227 2026.72207 2001.66150  1.24%  28.5 30658s
 3430110 428909 infeasible   99      2026.72207 2001.66605  1.24%  28.5 30663s
 3430340 428904 2023.79339   66  134 2026.72207 2001.66957  1.24%  28.5 30671s
 3430921 428914 2002.36818   54  204 2026.72207 2001.67603  1.24%  28.5 30682s
 3431433 428980 infeasible   60      2026.72207 2001.68015  1.24%  28.5 30689s
 3432010 428952 infeasible   93      2026.72207 2001.68219  1.24%  28.5 30693s
 3432128 428873 infeasible   56      2026.72207 2001.68219  1.24%  28.5 30702s
 3432672 428816 2001.97941  103  165 2026.72207 2001.69249  1.23%  28.5 30706s
 3432842 428770 2023.60820   86   42 2026.72207 2001.69446  1.23%  28.5 30710s
 3433204 428716 2025.76965   81   37 2026.72207 2001.70051  1.23%  28.5 30724s
 3433713 428719 2022.46771   75  152 2026.72207 2001.70609  1.23%  28.5 30729s
 3433926 428710 2018.48384   94  129 2026.72207 2001.70847  1.23%  28.5 30740s
 3434604 428651 2026.06078   89   32 2026.72207 2001.71460  1.23%  28.5 30751s
 3435159 428692 2023.06092   60  124 2026.72207 2001.71914  1.23%  28.5 30760s
 3435780 428641 infeasible  100      2026.72207 2001.72557  1.23%  28.5 30770s
 3436406 428582     cutoff  112      2026.72207 2001.73301  1.23%  28.5 30782s
 3436962 428555 2022.85935   75   31 2026.72207 2001.74019  1.23%  28.5 30789s
 3437522 428551     cutoff  122      2026.72207 2001.74704  1.23%  28.5 30791s
 3437626 428561 infeasible  109      2026.72207 2001.74775  1.23%  28.5 30799s
 3438113 428541 2003.08732  100  140 2026.72207 2001.75240  1.23%  28.5 30807s
 3438483 428519 2018.33517   80   94 2026.72207 2001.75625  1.23%  28.5 30811s
 3438736 428559 2019.33874   98   16 2026.72207 2001.76174  1.23%  28.5 30817s
 3439304 428500 infeasible   77      2026.72207 2001.76614  1.23%  28.5 30846s
 3439472 428607 2005.74191   96  157 2026.72207 2001.77077  1.23%  28.5 30866s
 3441434 428585 2021.00963   89  222 2026.72207 2001.78331  1.23%  28.5 30871s
 3441493 428621 2024.17238   88  139 2026.72207 2001.78399  1.23%  28.5 30875s
 3441751 428629     cutoff   68      2026.72207 2001.78534  1.23%  28.5 30881s
 3442441 428587 2002.11026   75  112 2026.72207 2001.79261  1.23%  28.5 30890s
 3443003 428670 infeasible   59      2026.72207 2001.80089  1.23%  28.5 30896s
 3443410 428670     cutoff   77      2026.72207 2001.80286  1.23%  28.5 30900s
 3443550 428667 2021.09835   69  156 2026.72207 2001.80377  1.23%  28.5 30909s
 3444146 428614 2014.86430   60  130 2026.72207 2001.81244  1.23%  28.5 30913s
 3444493 428571 2001.82862   77  153 2026.72207 2001.81424  1.23%  28.5 30917s
 3444666 428609 2001.98570   50   30 2026.72207 2001.81979  1.23%  28.5 30923s
 3445285 428588 infeasible   83      2026.72207 2001.82384  1.23%  28.5 30926s
 3445472 428539 infeasible   69      2026.72207 2001.82604  1.23%  28.5 30934s
 3446032 428504 infeasible   63      2026.72207 2001.83403  1.23%  28.5 30940s
 3446273 428467 infeasible   84      2026.72207 2001.83644  1.23%  28.5 30951s
 3446831 428427 2003.53529   77  141 2026.72207 2001.84447  1.23%  28.5 30956s
 3446907 428430     cutoff   76      2026.72207 2001.84645  1.23%  28.5 30964s
 3447453 428425     cutoff   95      2026.72207 2001.85131  1.23%  28.5 30968s
 3447687 428391 infeasible   95      2026.72207 2001.85480  1.23%  28.5 30975s
 3448254 428380     cutoff  107      2026.72207 2001.86003  1.23%  28.5 30981s
 3448307 428345 2017.28446   79  194 2026.72207 2001.86081  1.23%  28.5 30985s
 3448537 428357 2002.77020   80  208 2026.72207 2001.86365  1.23%  28.5 30991s
 3448741 428337 2002.54528   91   53 2026.72207 2001.86365  1.23%  28.5 30997s
 3449020 428340 infeasible   84      2026.72207 2001.86365  1.23%  28.5 31001s
 3449233 428302 2009.79728   93  241 2026.72207 2001.86365  1.23%  28.5 31005s
 3449491 428284 2004.17653   98  221 2026.72207 2001.87667  1.23%  28.5 31014s
 3450073 428278     cutoff   62      2026.72207 2001.88514  1.23%  28.5 31018s
 3450180 428255 2016.66192   56   99 2026.72207 2001.88569  1.23%  28.5 31028s
 3450829 428157 2003.70755  137   36 2026.72207 2001.89528  1.22%  28.5 31038s
 3451366 428138 infeasible   73      2026.72207 2001.90192  1.22%  28.5 31042s
 3451448 428158     cutoff   66      2026.72207 2001.90255  1.22%  28.5 31052s
 3452013 428124 2015.58805   75   90 2026.72207 2001.91166  1.22%  28.5 31058s
 3452339 428122     cutoff   54      2026.72207 2001.91547  1.22%  28.5 31062s
 3452512 428169 infeasible   52      2026.72207 2001.92006  1.22%  28.5 31071s
 3453187 428136 2024.21492   97   37 2026.72207 2001.92509  1.22%  28.5 31115s
 3453798 428118 2019.57592   94  135 2026.72207 2001.93024  1.22%  28.5 31129s
 3454512 428074 2015.48992   76  185 2026.72207 2001.93726  1.22%  28.5 31134s
 3454752 428024 infeasible   99      2026.72207 2001.93931  1.22%  28.5 31139s
 3455067 428050 infeasible   53      2026.72207 2001.94709  1.22%  28.5 31150s
 3455766 428041 2021.27711   66  155 2026.72207 2001.95350  1.22%  28.5 31155s
 3455892 428059 infeasible   52      2026.72207 2001.95594  1.22%  28.5 31167s
 3456417 428048 2023.88059   94  126 2026.72207 2001.96097  1.22%  28.5 31172s
 3456560 428045 2002.63370   57   79 2026.72207 2001.96208  1.22%  28.5 31182s
 3457159 427981     cutoff   67      2026.72207 2001.96835  1.22%  28.5 31188s
 3457491 427961 2025.19953   92   42 2026.72207 2001.97214  1.22%  28.5 31195s
 3457923 427928 infeasible  102      2026.72207 2001.97701  1.22%  28.5 31202s
 3458107 427912 2003.63296   51   86 2026.72207 2001.97940  1.22%  28.5 31206s
 3458277 427887 infeasible   94      2026.72207 2001.98112  1.22%  28.5 31215s
 3458989 427850 infeasible   52      2026.72207 2001.99097  1.22%  28.5 31221s
 3459332 427776 2002.05775   83   62 2026.72207 2001.99486  1.22%  28.5 31228s
 3459705 427793 2012.11508  100  154 2026.72207 2002.00291  1.22%  28.5 31235s
 3460084 427751 2020.68077  108   35 2026.72207 2002.00696  1.22%  28.5 31240s
 3460731 427643 infeasible  116      2026.72207 2002.01608  1.22%  28.5 31253s
 3461391 427614 infeasible   63      2026.72207 2002.02431  1.22%  28.5 31257s
 3461593 427589 2023.67810   90  149 2026.72207 2002.02700  1.22%  28.5 31267s
 3462288 427559 2007.56000   89  128 2026.72207 2002.03409  1.22%  28.5 31271s
 3462380 427518 2003.63633   87  204 2026.72207 2002.03516  1.22%  28.5 31283s
 3463031 427467 2002.04836   40    7 2026.72207 2002.04264  1.22%  28.5 31289s
 3463161 427438 2019.05492   96  205 2026.72207 2002.04777  1.22%  28.5 31298s
 3463829 427425     cutoff   91      2026.72207 2002.05503  1.22%  28.5 31302s
 3464107 427416 2002.06984   59  223 2026.72207 2002.05909  1.22%  28.5 31308s
 3464837 427361 infeasible   67      2026.72207 2002.06777  1.22%  28.5 31311s
 3464967 427278 2006.54112   74  151 2026.72207 2002.07087  1.22%  28.5 31319s
 3465562 427224 infeasible   82      2026.72207 2002.07970  1.22%  28.5 31323s
 3465851 427166 2002.56077   82   64 2026.72207 2002.08489  1.22%  28.5 31332s
 3466331 427169 infeasible   64      2026.72207 2002.09111  1.22%  28.5 31337s
 3466502 427051 2018.75324   85   46 2026.72207 2002.09421  1.22%  28.5 31347s
 3467129 427028 2014.73745   97  110 2026.72207 2002.10153  1.21%  28.5 31351s
 3467322 426974 infeasible   80      2026.72207 2002.10636  1.21%  28.5 31363s
 3467927 426953 infeasible   78      2026.72207 2002.11101  1.21%  28.5 31366s
 3468036 426908 2024.27610   93  162 2026.72207 2002.11221  1.21%  28.5 31375s
 3468671 426857 infeasible  105      2026.72207 2002.12197  1.21%  28.5 31381s
 3468965 426833 infeasible  104      2026.72207 2002.12594  1.21%  28.5 31390s
 3469586 426737     cutoff  100      2026.72207 2002.13623  1.21%  28.5 31404s
 3470218 426660 2016.04786   69   56 2026.72207 2002.14464  1.21%  28.5 31411s
 3470740 426632 infeasible   86      2026.72207 2002.15186  1.21%  28.4 31415s
 3470850 426628 2002.78036   65  166 2026.72207 2002.15244  1.21%  28.4 31426s
 3471492 426635 2006.17590   79   76 2026.72207 2002.15941  1.21%  28.4 31432s
 3471726 426636 2007.04048   56   65 2026.72207 2002.16262  1.21%  28.4 31439s
 3472219 426605 infeasible  105      2026.72207 2002.16685  1.21%  28.4 31443s
 3472361 426612 2018.45602  105   75 2026.72207 2002.16910  1.21%  28.4 31454s
 3473053 426581 infeasible   91      2026.72207 2002.17688  1.21%  28.4 31485s
 3473441 426561     cutoff  122      2026.72207 2002.18323  1.21%  28.4 31490s
 3474101 426614 2003.84840   91   48 2026.72207 2002.18912  1.21%  28.4 31504s
 3474957 426616 infeasible   85      2026.72207 2002.19562  1.21%  28.4 31505s
 3475028 426586 2017.89039   92  151 2026.72207 2002.19582  1.21%  28.4 31514s
 3475705 426564 2019.40624   74  195 2026.72207 2002.20673  1.21%  28.4 31519s
 3476028 426583 2016.18493   80   42 2026.72207 2002.21099  1.21%  28.4 31525s
 3476329 426499 2002.41341  123  158 2026.72207 2002.21323  1.21%  28.4 31532s
 3476792 426487     cutoff   48      2026.72207 2002.21985  1.21%  28.4 31535s
 3476899 426467 2003.35517  109  163 2026.72207 2002.22129  1.21%  28.4 31540s
 3477541 426393 2002.23854   66  164 2026.72207 2002.23084  1.21%  28.4 31545s
 3477764 426355 2021.07038   66   25 2026.72207 2002.23317  1.21%  28.4 31550s
 3477995 426355 2024.76104   70  148 2026.72207 2002.23503  1.21%  28.4 31556s
 3478686 426341 infeasible   74      2026.72207 2002.24162  1.21%  28.4 31560s
 3478784 426346 2022.13540   73  148 2026.72207 2002.24257  1.21%  28.4 31569s
 3479415 426309 infeasible   61      2026.72207 2002.25064  1.21%  28.4 31573s
 3479532 426283 infeasible   89      2026.72207 2002.25304  1.21%  28.4 31584s
 3480234 426270 2002.26201   67  228 2026.72207 2002.26066  1.21%  28.4 31593s
 3480729 426239 infeasible   89      2026.72207 2002.26596  1.21%  28.4 31596s
 3480853 426271 2002.74042   89   69 2026.72207 2002.26800  1.21%  28.4 31602s
 3481558 426241     cutoff   97      2026.72207 2002.27324  1.21%  28.4 31607s
 3481901 426163 2024.84606   83   99 2026.72207 2002.27833  1.21%  28.4 31615s
 3482425 426114 2003.41691   93  119 2026.72207 2002.28684  1.21%  28.4 31627s
 3483004 426090 infeasible   88      2026.72207 2002.29298  1.21%  28.4 31633s
 3483217 426104 2003.28056   57  149 2026.72207 2002.29477  1.21%  28.4 31639s
 3483443 426081 2009.46882   58  240 2026.72207 2002.29477  1.21%  28.4 31640s
 3483528 426052     cutoff   58      2026.72207 2002.29477  1.21%  28.4 31646s
 3484105 426025 2009.94161   61  240 2026.72207 2002.30060  1.20%  28.4 31653s
 3484562 425963 infeasible   67      2026.72207 2002.30857  1.20%  28.4 31656s
 3484697 425897 2003.80532   89  199 2026.72207 2002.31129  1.20%  28.4 31668s
 3485419 425907 infeasible   95      2026.72207 2002.31903  1.20%  28.4 31672s
 3485517 425875 infeasible   56      2026.72207 2002.32070  1.20%  28.4 31683s
 3486180 425949 2002.33649   92   45 2026.72207 2002.33073  1.20%  28.4 31690s
 3486760 425942 2025.76876   94   30 2026.72207 2002.33580  1.20%  28.4 31729s
 3486897 425760 2002.97834   95   74 2026.72207 2002.33819  1.20%  28.4 31748s
 3488379 425768 2002.47441   84  145 2026.72207 2002.34940  1.20%  28.4 31751s
 3488456 425796 2017.22253   76  142 2026.72207 2002.35045  1.20%  28.4 31762s
 3489034 425788 2003.03939   63  128 2026.72207 2002.35170  1.20%  28.4 31765s
 3489102 425760 2002.92623  108  181 2026.72207 2002.35287  1.20%  28.4 31771s
 3489666 425738 infeasible  104      2026.72207 2002.35853  1.20%  28.4 31780s
 3490279 425673 infeasible   66      2026.72207 2002.36637  1.20%  28.4 31791s
 3490932 425771     cutoff   93      2026.72207 2002.37570  1.20%  28.4 31801s
 3491684 425666 2017.47082   97  143 2026.72207 2002.38516  1.20%  28.4 31810s
 3492302 425641 2002.89438   71  136 2026.72207 2002.39299  1.20%  28.4 31820s
 3492850 425615 2024.64240   84   37 2026.72207 2002.40034  1.20%  28.4 31826s
 3493187 425580 infeasible   70      2026.72207 2002.40367  1.20%  28.4 31830s
 3493482 425624 2020.02744  110  215 2026.72207 2002.40793  1.20%  28.4 31841s
 3494038 425587 infeasible   68      2026.72207 2002.41441  1.20%  28.4 31845s
 3494129 425564 2003.34455   91  191 2026.72207 2002.41553  1.20%  28.4 31852s
 3494662 425547 2010.95530   87  152 2026.72207 2002.42222  1.20%  28.4 31858s
 3495143 425521 2017.80563   80   95 2026.72207 2002.42875  1.20%  28.4 31863s
 3495246 425506 2002.82029   80  211 2026.72207 2002.43076  1.20%  28.4 31869s
 3495790 425471 2009.29926   78  152 2026.72207 2002.43573  1.20%  28.4 31873s
 3496049 425409 2002.59757   96   47 2026.72207 2002.44021  1.20%  28.4 31884s
 3496589 425392 infeasible   66      2026.72207 2002.44824  1.20%  28.4 31888s
 3496733 425356 2017.12446   94  135 2026.72207 2002.44973  1.20%  28.4 31895s
 3497329 425312 2019.77879   74  126 2026.72207 2002.45591  1.20%  28.4 31900s
 3497796 425303 2003.54760   94  177 2026.72207 2002.46362  1.20%  28.4 31913s
 3498414 425273 infeasible  100      2026.72207 2002.46971  1.20%  28.4 31919s
 3498577 425243 infeasible  103      2026.72207 2002.47049  1.20%  28.4 31926s
 3499087 425175     cutoff   91      2026.72207 2002.47697  1.20%  28.4 31932s
 3499323 425176 infeasible  104      2026.72207 2002.48286  1.20%  28.4 31940s
 3500155 425186 2025.20576  105   94 2026.72207 2002.49158  1.20%  28.4 31982s
 3500818 425192 2026.47651   82  120 2026.72207 2002.49977  1.20%  28.4 31986s
 3501154 425173 infeasible   99      2026.72207 2002.50392  1.19%  28.4 31990s
 3501346 425161     cutoff   94      2026.72207 2002.50562  1.19%  28.4 31999s
 3501908 425135 2019.60218  119  127 2026.72207 2002.51072  1.19%  28.4 32001s
 3502010 425081 2020.18946  124   14 2026.72207 2002.51117  1.19%  28.4 32012s
 3502646 425043 2002.53986   96   53 2026.72207 2002.51699  1.19%  28.4 32017s
 3502806 425017 infeasible   97      2026.72207 2002.52201  1.19%  28.4 32026s
 3503452 425021 infeasible   73      2026.72207 2002.53027  1.19%  28.4 32031s
 3503547 424918     cutoff   81      2026.72207 2002.53077  1.19%  28.4 32037s
 3504105 424875 2007.79002   74   78 2026.72207 2002.53876  1.19%  28.4 32042s
 3504577 424817 2002.85877   96  100 2026.72207 2002.54428  1.19%  28.4 32052s
 3505174 424836 infeasible   46      2026.72207 2002.55537  1.19%  28.4 32062s
 3505798 424824 2025.94200   88   46 2026.72207 2002.56216  1.19%  28.4 32065s
 3505890 424754 2018.56552   76  198 2026.72207 2002.56238  1.19%  28.4 32073s
 3506431 424738 2003.44884   57  229 2026.72207 2002.57125  1.19%  28.4 32077s
 3506610 424743 2002.58201  100   39 2026.72207 2002.57238  1.19%  28.4 32085s
 3507282 424733 2020.57579  115   74 2026.72207 2002.58015  1.19%  28.4 32090s
 3507503 424747 infeasible   79      2026.72207 2002.58160  1.19%  28.4 32100s
 3508291 424709 2023.97526   80   35 2026.72207 2002.58916  1.19%  28.4 32108s
 3508565 424695 2002.83224   91  143 2026.72207 2002.59393  1.19%  28.4 32111s
 3508650 424672 2002.83224   92  144 2026.72207 2002.59488  1.19%  28.4 32115s
 3508714 424644 infeasible   93      2026.72207 2002.59520  1.19%  28.4 32122s
 3508790 424621 2012.68501  101  102 2026.72207 2002.60014  1.19%  28.4 32130s
 3509547 424554 2011.51391  102  190 2026.72207 2002.60879  1.19%  28.4 32140s
 3510169 424573 infeasible   72      2026.72207 2002.61623  1.19%  28.4 32150s
 3510474 424551 infeasible   89      2026.72207 2002.62063  1.19%  28.4 32159s
 3511124 424530 2012.72402   96   51 2026.72207 2002.62903  1.19%  28.4 32163s
 3511261 424520 2003.10094   91  247 2026.72207 2002.63154  1.19%  28.4 32172s
 3511904 424531 2002.66494   75   30 2026.72207 2002.63797  1.19%  28.4 32180s
 3512581 424521 2025.41027   73   36 2026.72207 2002.64463  1.19%  28.4 32194s
 3513231 424510 infeasible   76      2026.72207 2002.65276  1.19%  28.4 32201s
 3513513 424446 infeasible   80      2026.72207 2002.65473  1.19%  28.4 32206s
 3514186 424438 infeasible   94      2026.72207 2002.66506  1.19%  28.4 32215s
 3514839 424403 2024.02060   62  100 2026.72207 2002.67411  1.19%  28.4 32222s
 3515511 424377 2003.38151   94  155 2026.72207 2002.68193  1.19%  28.4 32227s
 3515561 424393 2003.47692   95  155 2026.72207 2002.68193  1.19%  28.4 32232s
 3515629 424376 2003.69687   96  154 2026.72207 2002.68381  1.19%  28.4 32235s
 3515812 424311 2003.72581   97  131 2026.72207 2002.68381  1.19%  28.4 32240s
 3516054 424257 infeasible   77      2026.72207 2002.69165  1.19%  28.4 32245s
 3516340 424211 2003.54110   88  179 2026.72207 2002.69695  1.19%  28.4 32253s
 3516712 424173 infeasible  105      2026.72207 2002.70125  1.19%  28.4 32256s
 3516915 424183 2002.91177   99  268 2026.72207 2002.70466  1.19%  28.4 32260s
 3517086 424106 2007.13881   78  137 2026.72207 2002.70466  1.19%  28.4 32269s
 3517700 424092 infeasible   93      2026.72207 2002.71323  1.18%  28.4 32274s
 3517899 424081 2020.88260   60   95 2026.72207 2002.71786  1.18%  28.4 32285s
 3518568 424038 2009.14418   70    4 2026.72207 2002.72502  1.18%  28.4 32291s
 3518688 424027 infeasible  102      2026.72207 2002.72790  1.18%  28.4 32302s
 3519456 423926 2002.95636   78  192 2026.72207 2002.73545  1.18%  28.4 32311s
 3520081 423885     cutoff   72      2026.72207 2002.74503  1.18%  28.4 32317s
 3520346 423814     cutoff   92      2026.72207 2002.75061  1.18%  28.4 32326s
 3521084 423792 2005.75451   92  191 2026.72207 2002.75920  1.18%  28.4 32334s
 3521706 423766 2002.91761   96   70 2026.72207 2002.76526  1.18%  28.4 32343s
 3522349 423742     cutoff   72      2026.72207 2002.77509  1.18%  28.4 32348s
 3522627 423708 infeasible   90      2026.72207 2002.77857  1.18%  28.4 32359s
 3523280 423694 2019.35535   81   86 2026.72207 2002.78475  1.18%  28.4 32362s
 3523396 423743 2003.37868   85  186 2026.72207 2002.78681  1.18%  28.4 32373s
 3524030 423688     cutoff  100      2026.72207 2002.79267  1.18%  28.4 32419s
 3524232 423585 2024.51198   90  116 2026.72207 2002.79499  1.18%  28.4 32439s
 3525662 423562 infeasible   71      2026.72207 2002.80817  1.18%  28.4 32442s
 3525748 423547 2007.45108   77   13 2026.72207 2002.80898  1.18%  28.4 32446s
 3525891 423637 2004.97566   63  186 2026.72207 2002.81004  1.18%  28.4 32454s
 3526511 423636 infeasible   65      2026.72207 2002.81435  1.18%  28.4 32461s
 3526889 423626 2022.98463   94   36 2026.72207 2002.81921  1.18%  28.4 32467s
 3527113 423586 2012.48710   60   85 2026.72207 2002.82163  1.18%  28.4 32476s
 3527726 423552 2003.03722   50   73 2026.72207 2002.82675  1.18%  28.4 32480s
 3527842 423484 2019.12082   84   32 2026.72207 2002.82675  1.18%  28.4 32488s
 3528436 423468 2020.53754   56   58 2026.72207 2002.83458  1.18%  28.4 32492s
 3528791 423452 infeasible  101      2026.72207 2002.84292  1.18%  28.4 32495s
 3529000 423391 infeasible  114      2026.72207 2002.84481  1.18%  28.4 32503s
 3529640 423383 infeasible   82      2026.72207 2002.85256  1.18%  28.4 32505s
 3530297 423276 infeasible   93      2026.72207 2002.86157  1.18%  28.4 32514s
 3530691 423288 infeasible   84      2026.72207 2002.86827  1.18%  28.4 32517s
 3530787 423237 2002.86903   59   97 2026.72207 2002.86903  1.18%  28.4 32524s
 3531343 423204 infeasible   58      2026.72207 2002.87603  1.18%  28.4 32527s
 3531531 423169 2003.58317  117  235 2026.72207 2002.87882  1.18%  28.4 32533s
 3532160 423123 infeasible  102      2026.72207 2002.88477  1.18%  28.4 32536s
 3532350 423162 infeasible   97      2026.72207 2002.88721  1.18%  28.4 32541s
 3533282 423127 infeasible   97      2026.72207 2002.89992  1.18%  28.4 32553s
 3534007 423095 2014.01066   88  149 2026.72207 2002.90827  1.17%  28.4 32560s
 3534580 423137 infeasible  105      2026.72207 2002.91710  1.17%  28.4 32567s
 3535224 423120 2018.03915   89   56 2026.72207 2002.92312  1.17%  28.4 32596s
 3535391 422981 2021.76466  110  128 2026.72207 2002.92457  1.17%  28.4 32615s
 3537075 422944     cutoff   58      2026.72207 2002.93463  1.17%  28.3 32621s
 3537186 422921 2003.10961  110  115 2026.72207 2002.93558  1.17%  28.3 32631s
 3537782 422888 2006.72003   80  162 2026.72207 2002.94293  1.17%  28.3 32641s
 3538296 422921 2002.95110   91   64 2026.72207 2002.94960  1.17%  28.3 32651s
 3539004 422883     cutoff   66      2026.72207 2002.95791  1.17%  28.3 32659s
 3539588 422874 2003.58970  103  153 2026.72207 2002.96355  1.17%  28.3 32663s
 3539721 422798 infeasible   63      2026.72207 2002.96389  1.17%  28.3 32674s
 3540350 422775 2022.60796   75   61 2026.72207 2002.97435  1.17%  28.3 32680s
 3541020 422743 2002.98272   91  146 2026.72207 2002.98272  1.17%  28.3 32691s
 3541718 422638 2003.74252   56  187 2026.72207 2002.98989  1.17%  28.3 32703s
 3542257 422613 2011.76740  103   24 2026.72207 2002.99508  1.17%  28.3 32706s
 3542433 422575 2024.16624   83  143 2026.72207 2002.99709  1.17%  28.3 32713s
 3542801 422546 2020.82297   83   87 2026.72207 2003.00549  1.17%  28.3 32718s
 3542908 422520 infeasible   66      2026.72207 2003.00652  1.17%  28.3 32727s
 3543478 422499     cutoff   83      2026.72207 2003.01392  1.17%  28.3 32731s
 3543588 422414 2012.10319   89  179 2026.72207 2003.01490  1.17%  28.3 32741s
 3544407 422395 2003.16880   99  211 2026.72207 2003.02546  1.17%  28.3 32751s
 3545126 422395 2003.74798   78  191 2026.72207 2003.03306  1.17%  28.3 32761s
 3545757 422394     cutoff   85      2026.72207 2003.03866  1.17%  28.3 32800s
 3545961 422289 infeasible   92      2026.72207 2003.04096  1.17%  28.3 32823s
 3547532 422245 infeasible   55      2026.72207 2003.05221  1.17%  28.3 32825s
 3547740 422159 2003.40993  100   64 2026.72207 2003.05462  1.17%  28.3 32838s
 3548299 422153 2009.53615  110   45 2026.72207 2003.06394  1.17%  28.3 32841s
 3548502 422073 2003.13331   77   60 2026.72207 2003.06689  1.17%  28.3 32847s
 3549153 422099 2003.12504   70  100 2026.72207 2003.07305  1.17%  28.3 32856s
 3549741 422085 infeasible   51      2026.72207 2003.08109  1.17%  28.3 32861s
 3549983 422062 2018.92748   71  130 2026.72207 2003.08436  1.17%  28.3 32867s
 3550675 422036 infeasible   81      2026.72207 2003.09057  1.17%  28.3 32877s
 3551288 422007 2018.80553   87   74 2026.72207 2003.09877  1.17%  28.3 32880s
 3551399 421978 2003.57435   52  152 2026.72207 2003.10148  1.17%  28.3 32888s
 3551918 421977     cutoff   73      2026.72207 2003.10593  1.17%  28.3 32891s
 3552058 421952 2013.38715   86   20 2026.72207 2003.10940  1.17%  28.3 32899s
 3552691 421894 infeasible   77      2026.72207 2003.11739  1.16%  28.3 32904s
 3553081 421880 2011.10146   63  188 2026.72207 2003.12334  1.16%  28.3 32907s
 3553335 421792 2004.46284   84   52 2026.72207 2003.12847  1.16%  28.3 32912s
 3554088 421718     cutoff   78      2026.72207 2003.13821  1.16%  28.3 32923s
 3554704 421688 infeasible  109      2026.72207 2003.14131  1.16%  28.3 32926s
 3554809 421609 infeasible   59      2026.72207 2003.14403  1.16%  28.3 32936s
 3555388 421574 2003.52369   58  183 2026.72207 2003.15436  1.16%  28.3 32940s
 3555586 421580     cutoff   69      2026.72207 2003.15607  1.16%  28.3 32951s
 3555667 421557     cutoff   71      2026.72207 2003.15664  1.16%  28.3 32956s
 3555821 421498 2016.44385  112  127 2026.72207 2003.15738  1.16%  28.3 32964s
 3556396 421487 infeasible   69      2026.72207 2003.16673  1.16%  28.3 32966s
 3556544 421532 infeasible  102      2026.72207 2003.16790  1.16%  28.3 32973s
 3557238 421511 infeasible   89      2026.72207 2003.17354  1.16%  28.3 33018s
 3557618 421436 2003.43363   79  138 2026.72207 2003.18085  1.16%  28.3 33026s
 3558130 421390     cutoff   73      2026.72207 2003.18711  1.16%  28.3 33031s
 3558408 421328     cutoff   82      2026.72207 2003.19325  1.16%  28.3 33042s
 3559206 421329 infeasible   80      2026.72207 2003.20381  1.16%  28.3 33045s
 3559310 421368 infeasible   65      2026.72207 2003.20439  1.16%  28.3 33052s
 3559999 421390 infeasible   66      2026.72207 2003.21068  1.16%  28.3 33058s
 3560513 421405 2003.65399   74  186 2026.72207 2003.21564  1.16%  28.3 33060s
 3560632 421459 2005.00557   82  201 2026.72207 2003.21594  1.16%  28.3 33071s
 3561304 421413     cutoff  125      2026.72207 2003.22140  1.16%  28.3 33078s
 3561695 421370     cutoff   85      2026.72207 2003.22547  1.16%  28.3 33084s
 3561964 421303 2004.35251   80  128 2026.72207 2003.22973  1.16%  28.3 33091s
 3562690 421377 2003.92026  101  179 2026.72207 2003.23741  1.16%  28.3 33103s
 3563300 421373 infeasible   63      2026.72207 2003.24353  1.16%  28.3 33110s
 3563989 421256 infeasible   58      2026.72207 2003.24980  1.16%  28.3 33122s
 3564596 421233 infeasible   71      2026.72207 2003.25701  1.16%  28.3 33127s
 3564873 421200 2025.98758   85   98 2026.72207 2003.26314  1.16%  28.3 33133s
 3565213 421194 2012.97455   77   42 2026.72207 2003.26529  1.16%  28.3 33142s
 3565751 421167 2005.33370   78  108 2026.72207 2003.27138  1.16%  28.3 33145s
 3565882 421176 infeasible   93      2026.72207 2003.27344  1.16%  28.3 33154s
 3566479 421114 infeasible   83      2026.72207 2003.28111  1.16%  28.3 33163s
 3566910 421097 2019.16519   57  153 2026.72207 2003.28631  1.16%  28.3 33165s
 3566995 421025 2025.83321   59  135 2026.72207 2003.28739  1.16%  28.3 33175s
 3567611 420981 2014.73004   91  147 2026.72207 2003.29462  1.16%  28.3 33181s
 3567916 420919 infeasible   90      2026.72207 2003.30242  1.16%  28.3 33189s
 3568398 420909 2013.11633   68  101 2026.72207 2003.30752  1.16%  28.3 33192s
 3568528 420908 2004.08106   76  222 2026.72207 2003.30858  1.16%  28.3 33201s
 3569127 420914 infeasible   89      2026.72207 2003.31579  1.15%  28.3 33210s
 3569768 420895 infeasible   66      2026.72207 2003.32371  1.15%  28.3 33261s
 3569917 420733 2004.88708   74   46 2026.72207 2003.32577  1.15%  28.3 33285s
 3571847 420708     cutoff   75      2026.72207 2003.34053  1.15%  28.3 33291s
 3572050 420669 2004.83428  102   73 2026.72207 2003.34126  1.15%  28.3 33307s
 3572546 420650     cutoff   85      2026.72207 2003.34335  1.15%  28.3 33314s
 3572704 420607 infeasible   90      2026.72207 2003.34690  1.15%  28.3 33323s
 3573409 420580 infeasible   98      2026.72207 2003.36170  1.15%  28.3 33325s
 3573505 420537 2022.01230   71    8 2026.72207 2003.36265  1.15%  28.3 33337s
 3574210 420505 infeasible   66      2026.72207 2003.37075  1.15%  28.3 33341s
 3574335 420432 infeasible   88      2026.72207 2003.37216  1.15%  28.3 33347s
 3575079 420413 2004.12191  103  157 2026.72207 2003.38019  1.15%  28.3 33351s
 3575194 420390 2015.13343   91  133 2026.72207 2003.38019  1.15%  28.3 33359s
 3575864 420387 infeasible  102      2026.72207 2003.39358  1.15%  28.3 33365s
 3576200 420363 2003.44015   79  114 2026.72207 2003.39847  1.15%  28.3 33376s
 3576831 420333 2011.53275   87  141 2026.72207 2003.40505  1.15%  28.3 33380s
 3576982 420329 2009.05012  112   38 2026.72207 2003.40783  1.15%  28.3 33388s
 3577672 420274 2003.91323   96  250 2026.72207 2003.41619  1.15%  28.3 33393s
 3577993 420209 2009.65125   92   45 2026.72207 2003.42132  1.15%  28.3 33399s
 3578284 420136 2014.49605  100  172 2026.72207 2003.42672  1.15%  28.3 33405s
 3578940 420048 infeasible   65      2026.72207 2003.43553  1.15%  28.3 33417s
 3579534 420023 2019.86139   68   60 2026.72207 2003.44025  1.15%  28.3 33424s
 3579763 419966 infeasible   93      2026.72207 2003.44401  1.15%  28.3 33433s
 3580393 419951 2005.23098   68   33 2026.72207 2003.45425  1.15%  28.3 33436s
 3580488 419931 2003.50132   75  202 2026.72207 2003.45516  1.15%  28.3 33447s
 3581113 419898     cutoff   84      2026.72207 2003.46087  1.15%  28.3 33456s
 3581575 419851     cutoff  111      2026.72207 2003.46593  1.15%  28.3 33461s
 3581702 419850 2024.47505   88  143 2026.72207 2003.46923  1.15%  28.3 33468s
 3582397 419838 2013.67289  108  195 2026.72207 2003.47605  1.15%  28.3 33470s
 3582580 419775     cutoff   57      2026.72207 2003.47834  1.15%  28.3 33479s
 3583194 419745 2013.46642   70  137 2026.72207 2003.48758  1.15%  28.3 33484s
 3583375 419756 2017.83335   92  163 2026.72207 2003.49051  1.15%  28.3 33490s
 3584220 419648 2020.85872   94   36 2026.72207 2003.50054  1.15%  28.3 33501s
 3584952 419561 infeasible   80      2026.72207 2003.51056  1.15%  28.3 33515s
 3585587 419507 2004.02291   79  206 2026.72207 2003.51780  1.14%  28.3 33520s
 3585730 419491 2020.45149   85   94 2026.72207 2003.52287  1.14%  28.3 33533s
 3586322 419444 2011.46359   64  164 2026.72207 2003.52910  1.14%  28.3 33538s
 3586473 419402 2003.69404   99  155 2026.72207 2003.53234  1.14%  28.3 33546s
 3587227 419329 2022.18024  104  136 2026.72207 2003.54269  1.14%  28.3 33555s
 3588064 419269 2020.22084   52   38 2026.72207 2003.55609  1.14%  28.3 33564s
 3588669 419251     cutoff   85      2026.72207 2003.56431  1.14%  28.3 33569s
 3588757 419220 2013.03750   87   39 2026.72207 2003.56461  1.14%  28.3 33577s
 3589366 419209 2014.39080  118  130 2026.72207 2003.57232  1.14%  28.3 33580s
 3590053 419136 2023.66599   83   13 2026.72207 2003.58083  1.14%  28.3 33586s
 3590162 419069     cutoff   81      2026.72207 2003.58245  1.14%  28.3 33594s
 3590751 419032 infeasible  111      2026.72207 2003.59109  1.14%  28.3 33598s
 3590974 419023 infeasible   95      2026.72207 2003.59542  1.14%  28.3 33604s
 3591662 418971 infeasible  104      2026.72207 2003.60266  1.14%  28.3 33608s
 3591809 418956 2026.04144   78   48 2026.72207 2003.60664  1.14%  28.3 33617s
 3592498 418932 infeasible   88      2026.72207 2003.61640  1.14%  28.3 33624s
 3592647 418908 2004.68694   61  154 2026.72207 2003.61859  1.14%  28.3 33628s
 3592909 418891 2004.83877   62  154 2026.72207 2003.61887  1.14%  28.3 33633s
 3592986 418848 2026.62454   61  129 2026.72207 2003.61989  1.14%  28.3 33640s
 3593581 418757 2016.24187   52  338 2026.72207 2003.62997  1.14%  28.3 33652s
 3594191 418716 infeasible   85      2026.72207 2003.63945  1.14%  28.3 33657s
 3594342 418681 2006.26689  105  149 2026.72207 2003.64167  1.14%  28.3 33666s
 3594949 418627     cutoff   92      2026.72207 2003.65171  1.14%  28.3 33673s
 3595157 418620 2023.56390  128   20 2026.72207 2003.65474  1.14%  28.3 33685s
 3595750 418559     cutoff   68      2026.72207 2003.66086  1.14%  28.3 33690s
 3595922 418490 2005.11482   69  155 2026.72207 2003.66477  1.14%  28.3 33698s
 3596554 418433 2003.82703  124  135 2026.72207 2003.67454  1.14%  28.3 33702s
 3596750 418392 2015.23603  113  134 2026.72207 2003.67983  1.14%  28.3 33707s
 3597247 418357 2004.25772   94  176 2026.72207 2003.68534  1.14%  28.3 33710s
 3597437 418255 2004.11823  104  173 2026.72207 2003.68964  1.14%  28.3 33716s
 3597978 418217     cutoff  106      2026.72207 2003.69776  1.14%  28.3 33720s
 3598248 418219 infeasible   70      2026.72207 2003.70020  1.14%  28.3 33729s
 3598890 418223 infeasible   88      2026.72207 2003.70640  1.14%  28.3 33732s
 3599027 418230 2010.47372   88  157 2026.72207 2003.70671  1.14%  28.3 33741s
 3599718 418196 infeasible   74      2026.72207 2003.71194  1.14%  28.3 33745s
 3599845 418176 2011.31869   80  134 2026.72207 2003.71501  1.14%  28.3 33757s
 3600468 418161 infeasible   60      2026.72207 2003.72084  1.13%  28.3 33760s
 3600572 418111     cutoff  120      2026.72207 2003.72213  1.13%  28.3 33770s
 3601207 418058 2019.50416   84   45 2026.72207 2003.72686  1.13%  28.2 33781s
 3601817 418017     cutoff   62      2026.72207 2003.73525  1.13%  28.2 33785s
 3601955 417950 infeasible   99      2026.72207 2003.73897  1.13%  28.2 33794s
 3602575 417918 2024.73144   71   21 2026.72207 2003.74674  1.13%  28.2 33798s
 3602713 417941 2009.11555   89  143 2026.72207 2003.74936  1.13%  28.2 33804s
 3603305 417938 infeasible   73      2026.72207 2003.75398  1.13%  28.2 33807s
 3603455 417854 infeasible  107      2026.72207 2003.75708  1.13%  28.2 33815s
 3604031 417861 2020.56108  104  237 2026.72207 2003.76604  1.13%  28.2 33822s
 3604646 417826 2005.66491   86   81 2026.72207 2003.77069  1.13%  28.2 33826s
 3604771 417732 2011.62970   77  157 2026.72207 2003.77349  1.13%  28.2 33833s
 3605402 417669     cutoff   69      2026.72207 2003.78084  1.13%  28.2 33838s
 3605544 417691 2019.77578   81   88 2026.72207 2003.78715  1.13%  28.2 33845s
 3606198 417667 2004.35076  101  187 2026.72207 2003.79363  1.13%  28.2 33857s
 3606801 417622 infeasible   96      2026.72207 2003.80126  1.13%  28.2 33861s
 3606986 417496 infeasible  113      2026.72207 2003.80440  1.13%  28.2 33870s
 3607705 417390 2005.57676  100   94 2026.72207 2003.81771  1.13%  28.2 33883s
 3608274 417381 infeasible  102      2026.72207 2003.82434  1.13%  28.2 33886s
 3608630 417292 infeasible   56      2026.72207 2003.82904  1.13%  28.2 33895s
 3608947 417291 2016.87935  129   29 2026.72207 2003.83450  1.13%  28.2 33906s
 3609592 417257 2012.39249   67   92 2026.72207 2003.84489  1.13%  28.2 33911s
 3609737 417262 2010.25502   92  123 2026.72207 2003.84967  1.13%  28.2 33918s
 3610306 417237 2003.89124   79  183 2026.72207 2003.85635  1.13%  28.2 33929s
 3610926 417213 2005.86025   95   56 2026.72207 2003.86248  1.13%  28.2 33933s
 3611102 417273 2005.52052   70  130 2026.72207 2003.86737  1.13%  28.2 33940s
 3611721 417253 2025.33763   69   44 2026.72207 2003.87057  1.13%  28.2 33976s
 3611978 417210 2014.92766  102   60 2026.72207 2003.87465  1.13%  28.2 33990s
 3612927 417194 2024.01275   78   21 2026.72207 2003.88477  1.13%  28.2 33995s
 3613005 417099 infeasible   75      2026.72207 2003.88706  1.13%  28.2 34008s
 3613726 417058 2023.16164  118  157 2026.72207 2003.89839  1.13%  28.2 34013s
 3613976 417038 2025.89268   95   37 2026.72207 2003.90173  1.13%  28.2 34023s
 3614727 416998 infeasible  102      2026.72207 2003.91239  1.13%  28.2 34028s
 3614928 416907 infeasible   75      2026.72207 2003.91569  1.13%  28.2 34037s
 3615586 416873 infeasible   87      2026.72207 2003.92633  1.12%  28.2 34041s
 3615759 416801 2008.91597   66  227 2026.72207 2003.92989  1.12%  28.2 34050s
 3616492 416691 2023.40275  114  153 2026.72207 2003.94151  1.12%  28.2 34062s
 3617179 416588 infeasible   57      2026.72207 2003.94986  1.12%  28.2 34072s
 3617690 416534 infeasible   66      2026.72207 2003.95981  1.12%  28.2 34075s
 3617829 416472 2004.47383   78  115 2026.72207 2003.95996  1.12%  28.2 34085s
 3618439 416443     cutoff  100      2026.72207 2003.96828  1.12%  28.2 34090s
 3618662 416378 2020.87791   77   32 2026.72207 2003.97105  1.12%  28.2 34097s
 3619246 416382 infeasible   77      2026.72207 2003.97993  1.12%  28.2 34100s
 3619349 416364 2005.05147  108  111 2026.72207 2003.98054  1.12%  28.2 34108s
 3620029 416399 2003.99716   70  157 2026.72207 2003.99029  1.12%  28.2 34115s
 3620737 416394 2003.99779   80  156 2026.72207 2003.99716  1.12%  28.2 34124s
 3621376 416393 2021.84697   97  195 2026.72207 2004.00166  1.12%  28.2 34128s
 3621494 416413 2021.81005   69  153 2026.72207 2004.00266  1.12%  28.2 34138s
 3622126 416381 infeasible   40      2026.72207 2004.00983  1.12%  28.2 34190s
 3622338 416254 infeasible   91      2026.72207 2004.01397  1.12%  28.2 34209s
 3623598 416243 infeasible   95      2026.72207 2004.02923  1.12%  28.2 34213s
 3623723 416201     cutoff   62      2026.72207 2004.02974  1.12%  28.2 34219s
 3624020 416173 infeasible   73      2026.72207 2004.03457  1.12%  28.2 34223s
 3624181 416072 infeasible   92      2026.72207 2004.03753  1.12%  28.2 34231s
 3624762 416043 infeasible   68      2026.72207 2004.04483  1.12%  28.2 34237s
 3625107 415982 2023.07576   76   67 2026.72207 2004.04782  1.12%  28.2 34248s
 3625766 415923 infeasible  104      2026.72207 2004.05703  1.12%  28.2 34252s
 3625876 415845 infeasible   85      2026.72207 2004.05735  1.12%  28.2 34259s
 3626480 415825 2015.69418  101  156 2026.72207 2004.07032  1.12%  28.2 34262s
 3626568 415765     cutoff  102      2026.72207 2004.07080  1.12%  28.2 34270s
 3627344 415660 infeasible   69      2026.72207 2004.08321  1.12%  28.2 34280s
 3628136 415636 infeasible   84      2026.72207 2004.09413  1.12%  28.2 34289s
 3628750 415594 infeasible   73      2026.72207 2004.10138  1.12%  28.2 34292s
 3628955 415514 2009.84670   57  203 2026.72207 2004.10437  1.12%  28.2 34298s
 3629422 415498 2010.85715   50   55 2026.72207 2004.10987  1.12%  28.2 34301s
 3629479 415473 2019.54495   87   64 2026.72207 2004.11014  1.12%  28.2 34308s
 3630105 415442 infeasible   70      2026.72207 2004.12048  1.12%  28.2 34311s
 3630209 415399     cutoff   95      2026.72207 2004.12204  1.12%  28.2 34319s
 3630732 415343 infeasible   88      2026.72207 2004.12896  1.11%  28.2 34326s
 3631075 415306 2009.30815   88   73 2026.72207 2004.13384  1.11%  28.2 34333s
 3631478 415263 infeasible  105      2026.72207 2004.13878  1.11%  28.2 34337s
 3631745 415182 2004.20758   98  162 2026.72207 2004.14225  1.11%  28.2 34345s
 3632424 415133 2004.44119   91  143 2026.72207 2004.15271  1.11%  28.2 34356s
 3633106 415036 infeasible   88      2026.72207 2004.16269  1.11%  28.2 34361s
 3633821 415001 2005.10812  102  142 2026.72207 2004.17055  1.11%  28.2 34376s
 3634054 414980 infeasible  104      2026.72207 2004.17121  1.11%  28.2 34382s
 3634174 414951 2005.90892  105  149 2026.72207 2004.17436  1.11%  28.2 34387s
 3634592 414937 infeasible  106      2026.72207 2004.17622  1.11%  28.2 34390s
 3634651 414837 infeasible   88      2026.72207 2004.18134  1.11%  28.2 34400s
 3635342 414815 2010.93771   85  155 2026.72207 2004.19690  1.11%  28.2 34412s
 3635971 414787 infeasible   86      2026.72207 2004.20230  1.11%  28.2 34425s
 3636628 414720 infeasible   57      2026.72207 2004.21142  1.11%  28.2 34440s
 3637309 414684 2006.60959   87  152 2026.72207 2004.21730  1.11%  28.2 34447s
 3637589 414595 2025.10248   92  114 2026.72207 2004.22350  1.11%  28.2 34453s
 3637975 414535 infeasible   84      2026.72207 2004.22952  1.11%  28.2 34457s
 3638217 414504 2013.51723   68  171 2026.72207 2004.23369  1.11%  28.2 34466s
 3638832 414446 2005.06752  106   57 2026.72207 2004.24502  1.11%  28.2 34477s
 3639443 414350 infeasible   84      2026.72207 2004.25195  1.11%  28.2 34483s
 3639867 414317 2005.42642   64   66 2026.72207 2004.25988  1.11%  28.2 34487s
 3640003 414262     cutoff   47      2026.72207 2004.26144  1.11%  28.2 34497s
 3640583 414242 2004.85698   70   28 2026.72207 2004.27052  1.11%  28.2 34501s
 3640777 414185 2021.09829   86   91 2026.72207 2004.27552  1.11%  28.2 34513s
 3641444 414173 2016.48545   89  131 2026.72207 2004.28261  1.11%  28.2 34517s
 3641531 414159 2004.64557   67  147 2026.72207 2004.28329  1.11%  28.2 34527s
 3642177 414144 infeasible   51      2026.72207 2004.29068  1.11%  28.2 34534s
 3642726 414131 infeasible   85      2026.72207 2004.29442  1.11%  28.2 34537s
 3642825 414087     cutoff   80      2026.72207 2004.29597  1.11%  28.2 34543s
 3643422 414073     cutoff   54      2026.72207 2004.30467  1.11%  28.2 34547s
 3643823 414036 2025.02491   91  142 2026.72207 2004.30825  1.11%  28.2 34550s
 3643956 414015 infeasible   91      2026.72207 2004.31240  1.11%  28.2 34558s
 3644565 414003 infeasible   84      2026.72207 2004.31662  1.11%  28.2 34562s
 3644715 413929 2004.59528  108  220 2026.72207 2004.32104  1.11%  28.2 34572s
 3645345 413902 2004.40785   87   30 2026.72207 2004.33301  1.10%  28.2 34576s
 3645521 413854     cutoff  106      2026.72207 2004.33470  1.10%  28.2 34582s
 3646138 413836 infeasible   86      2026.72207 2004.34474  1.10%  28.2 34586s
 3646261 413801 2020.36461   90   80 2026.72207 2004.34609  1.10%  28.2 34591s
 3646894 413777 infeasible   82      2026.72207 2004.35314  1.10%  28.2 34597s
 3647147 413772 2013.09428   54   89 2026.72207 2004.35739  1.10%  28.2 34604s
 3647776 413716     cutoff   70      2026.72207 2004.36309  1.10%  28.2 34609s
 3647966 413708 infeasible  103      2026.72207 2004.36731  1.10%  28.2 34615s
 3648893 413650     cutoff   94      2026.72207 2004.37946  1.10%  28.2 34627s
 3649460 413624 infeasible   94      2026.72207 2004.38545  1.10%  28.2 34632s
 3649663 413667 2023.67291   80  190 2026.72207 2004.38826  1.10%  28.2 34639s
 3650307 413626     cutoff   68      2026.72207 2004.38901  1.10%  28.2 34687s
 3650657 413477 2014.45159   80  117 2026.72207 2004.39691  1.10%  28.2 34702s
 3651592 413437 infeasible   93      2026.72207 2004.41239  1.10%  28.2 34717s
 3652218 413417 2005.48069   66  154 2026.72207 2004.41990  1.10%  28.2 34721s
 3652334 413271 infeasible   79      2026.72207 2004.42069  1.10%  28.2 34732s
 3652901 413210 2005.10416   65  104 2026.72207 2004.43220  1.10%  28.2 34735s
 3653174 413193 2007.01135   63  191 2026.72207 2004.43699  1.10%  28.2 34742s
 3653831 413170 infeasible  106      2026.72207 2004.44643  1.10%  28.2 34745s
 3653960 413074 2004.44850   79   50 2026.72207 2004.44809  1.10%  28.2 34752s
 3654507 413062     cutoff  111      2026.72207 2004.45257  1.10%  28.2 34755s
 3654575 412986 2008.26036   77  192 2026.72207 2004.45257  1.10%  28.2 34763s
 3655212 412946     cutoff   92      2026.72207 2004.46519  1.10%  28.2 34767s
 3655363 412874 infeasible   77      2026.72207 2004.46818  1.10%  28.2 34773s
 3655984 412843     cutoff   69      2026.72207 2004.47549  1.10%  28.2 34776s
 3656098 412843 2026.70281   96  127 2026.72207 2004.47588  1.10%  28.2 34784s
 3656697 412799 2004.72004   88   12 2026.72207 2004.48164  1.10%  28.2 34786s
 3656910 412755 infeasible   76      2026.72207 2004.48372  1.10%  28.2 34791s
 3657544 412717 infeasible   88      2026.72207 2004.48981  1.10%  28.2 34795s
 3657643 412732 2010.81570   90   61 2026.72207 2004.49075  1.10%  28.2 34801s
 3658272 412684 2004.90659  116   62 2026.72207 2004.50081  1.10%  28.2 34810s
 3658897 412668 infeasible   79      2026.72207 2004.50718  1.10%  28.2 34816s
 3659187 412643 infeasible  111      2026.72207 2004.51086  1.10%  28.2 34827s
 3659855 412633 2011.56341   83  151 2026.72207 2004.51675  1.10%  28.2 34836s
 3660633 412584 infeasible   76      2026.72207 2004.52506  1.10%  28.2 34847s
 3661334 412503 infeasible  109      2026.72207 2004.53422  1.09%  28.2 34855s
 3662069 412395 infeasible  101      2026.72207 2004.54201  1.09%  28.2 34864s
 3662622 412320 infeasible   90      2026.72207 2004.55054  1.09%  28.2 34869s
 3663094 412272     cutoff   76      2026.72207 2004.55589  1.09%  28.2 34872s
 3663234 412177 2009.70018   97  149 2026.72207 2004.55788  1.09%  28.2 34877s
 3663914 412072 2004.58154   86   40 2026.72207 2004.57099  1.09%  28.2 34886s
 3664487 412009 2004.58133   91   49 2026.72207 2004.57618  1.09%  28.1 34892s
 3665124 411946     cutoff   93      2026.72207 2004.58290  1.09%  28.1 34900s
 3665698 411968 2026.17949   63    7 2026.72207 2004.59272  1.09%  28.1 34907s
 3666499 411918 infeasible   87      2026.72207 2004.60210  1.09%  28.1 34915s
 3667073 411839 2014.95007   87  139 2026.72207 2004.60816  1.09%  28.1 34922s
 3667419 411833 2008.53007   79  172 2026.72207 2004.61488  1.09%  28.1 34926s
 3667705 411816 2006.48716   89   16 2026.72207 2004.61914  1.09%  28.1 34935s
 3668333 411786 2015.64007   90   55 2026.72207 2004.62735  1.09%  28.1 34948s
 3668982 411739     cutoff  106      2026.72207 2004.63512  1.09%  28.1 34953s
 3669130 411737 infeasible  118      2026.72207 2004.63924  1.09%  28.1 34958s
 3669751 411733 infeasible   72      2026.72207 2004.64631  1.09%  28.1 34962s
 3669869 411717 2005.21949   50  188 2026.72207 2004.64704  1.09%  28.1 34969s
 3670439 411677 infeasible  105      2026.72207 2004.65442  1.09%  28.1 34976s
 3671134 411596 2006.35921   93   67 2026.72207 2004.66156  1.09%  28.1 34987s
 3671737 411594 2004.74131   98  162 2026.72207 2004.67212  1.09%  28.1 34992s
 3671964 411530 2012.10928   99  143 2026.72207 2004.67591  1.09%  28.1 35002s
 3672601 411520 infeasible   98      2026.72207 2004.68359  1.09%  28.1 35005s
 3672671 411469 2004.82826   95  163 2026.72207 2004.68393  1.09%  28.1 35011s
 3673401 411468 2015.23273   79  182 2026.72207 2004.69366  1.09%  28.1 35020s
 3674039 411422 2014.86864   76  207 2026.72207 2004.69788  1.09%  28.1 35030s
 3674943 411338 2005.26318   62   78 2026.72207 2004.71383  1.09%  28.1 35037s
 3675171 411320 2012.34843   89   54 2026.72207 2004.71720  1.09%  28.1 35041s
 3675856 411279 infeasible   85      2026.72207 2004.72405  1.09%  28.1 35052s
 3676443 411215 infeasible   81      2026.72207 2004.73135  1.09%  28.1 35061s
 3677093 411174 2008.99898   96   78 2026.72207 2004.74084  1.08%  28.1 35069s
 3677658 411169 2024.97727   74   19 2026.72207 2004.75014  1.08%  28.1 35073s
 3677926 411209 infeasible   79      2026.72207 2004.75236  1.08%  28.1 35079s
 3678528 411153 2013.67780   55   44 2026.72207 2004.75998  1.08%  28.1 35121s
 3678703 411034 infeasible   78      2026.72207 2004.76106  1.08%  28.1 35142s
 3680389 410965 2023.99131   82   90 2026.72207 2004.77455  1.08%  28.1 35148s
 3680536 410928 infeasible   82      2026.72207 2004.77663  1.08%  28.1 35154s
 3681090 410873 2022.14963   69   50 2026.72207 2004.78366  1.08%  28.1 35160s
 3681316 410868 infeasible  113      2026.72207 2004.78753  1.08%  28.1 35167s
 3681606 410810     cutoff  100      2026.72207 2004.79188  1.08%  28.1 35177s
 3682179 410749 infeasible  108      2026.72207 2004.79879  1.08%  28.1 35183s
 3682501 410717 infeasible   73      2026.72207 2004.80370  1.08%  28.1 35191s
 3682882 410683 2021.80943   70  129 2026.72207 2004.80973  1.08%  28.1 35198s
 3683175 410626 infeasible   82      2026.72207 2004.81268  1.08%  28.1 35207s
 3683825 410623 2010.28813   95  122 2026.72207 2004.82212  1.08%  28.1 35211s
 3683957 410588 2017.49620   66   36 2026.72207 2004.82316  1.08%  28.1 35221s
 3684604 410526 infeasible   97      2026.72207 2004.82823  1.08%  28.1 35227s
 3685277 410505 infeasible   89      2026.72207 2004.83908  1.08%  28.1 35235s
 3686131 410446 2013.61835   52   98 2026.72207 2004.84757  1.08%  28.1 35244s
 3686779 410397     cutoff   92      2026.72207 2004.85586  1.08%  28.1 35248s
 3687248 410392 2008.22089  106  152 2026.72207 2004.86162  1.08%  28.1 35252s
 3687346 410380 2007.75517  106  180 2026.72207 2004.86317  1.08%  28.1 35259s
 3687964 410333 infeasible   75      2026.72207 2004.87034  1.08%  28.1 35264s
 3688407 410320     cutoff   93      2026.72207 2004.87433  1.08%  28.1 35269s
 3688583 410272 2006.37142   81   42 2026.72207 2004.87649  1.08%  28.1 35278s
 3689206 410229 2015.00957   87  193 2026.72207 2004.88288  1.08%  28.1 35284s
 3689360 410127 2005.58682   69  123 2026.72207 2004.88290  1.08%  28.1 35293s
 3689921 410091 infeasible  102      2026.72207 2004.89230  1.08%  28.1 35298s
 3690180 410063 2022.55462   62    9 2026.72207 2004.89680  1.08%  28.1 35303s
 3690382 410033 infeasible   88      2026.72207 2004.89947  1.08%  28.1 35311s
 3691152 409952 2004.91748   79   55 2026.72207 2004.90844  1.08%  28.1 35318s
 3691781 409918 infeasible  104      2026.72207 2004.91333  1.08%  28.1 35321s
 3691909 409904     cutoff  110      2026.72207 2004.91440  1.08%  28.1 35329s
 3692568 409848 2004.92394   84   99 2026.72207 2004.92167  1.08%  28.1 35334s
 3692939 409841 infeasible   88      2026.72207 2004.92696  1.08%  28.1 35339s
 3693055 409842 2021.02585   65  192 2026.72207 2004.92895  1.08%  28.1 35345s
 3693815 409831 infeasible   79      2026.72207 2004.93499  1.07%  28.1 35356s
 3694469 409798 infeasible   57      2026.72207 2004.94120  1.07%  28.1 35383s
 3694727 409770 infeasible   75      2026.72207 2004.94595  1.07%  28.1 35394s
 3695507 409733 2014.47748   83   34 2026.72207 2004.95481  1.07%  28.1 35397s
 3695607 409662 2021.14665   67  101 2026.72207 2004.95710  1.07%  28.1 35409s
 3696392 409622 infeasible   75      2026.72207 2004.96734  1.07%  28.1 35412s
 3696518 409588 2005.87612   77  141 2026.72207 2004.97057  1.07%  28.1 35422s
 3697316 409566 2010.54736  100  162 2026.72207 2004.97940  1.07%  28.1 35425s
 3697413 409508 2004.99464  102  206 2026.72207 2004.98128  1.07%  28.1 35436s
 3698067 409501     cutoff  105      2026.72207 2004.98858  1.07%  28.1 35441s
 3698439 409492     cutoff   90      2026.72207 2004.99110  1.07%  28.1 35447s
 3698849 409472     cutoff   89      2026.72207 2004.99539  1.07%  28.1 35451s
 3699021 409396 2024.30188  108   42 2026.72207 2004.99843  1.07%  28.1 35458s
 3699688 409329 2009.74656   93  166 2026.72207 2005.00719  1.07%  28.1 35460s
 3699871 409229 infeasible   62      2026.72207 2005.01079  1.07%  28.1 35466s
 3700674 409179 2015.10119   71   73 2026.72207 2005.02486  1.07%  28.1 35473s
 3701328 409115 infeasible   96      2026.72207 2005.03234  1.07%  28.1 35476s
 3701483 409084 infeasible   96      2026.72207 2005.03575  1.07%  28.1 35481s
 3702221 409023 2014.49220   81  222 2026.72207 2005.04299  1.07%  28.1 35488s
 3702862 409010 infeasible   95      2026.72207 2005.05081  1.07%  28.1 35490s
 3703714 408960 2010.12905   97  175 2026.72207 2005.06105  1.07%  28.1 35496s
 3703862 408862 infeasible   66      2026.72207 2005.06269  1.07%  28.1 35503s
 3704442 408833     cutoff   89      2026.72207 2005.07124  1.07%  28.1 35508s
 3704833 408772     cutoff   79      2026.72207 2005.07644  1.07%  28.1 35512s
 3705128 408684 infeasible   59      2026.72207 2005.08251  1.07%  28.1 35517s
 3705683 408568 infeasible   61      2026.72207 2005.09282  1.07%  28.1 35524s
 3706289 408563     cutoff   87      2026.72207 2005.09811  1.07%  28.1 35527s
 3706379 408541 2020.31174   85   88 2026.72207 2005.09811  1.07%  28.1 35532s
 3706513 408472 2014.89586   82  150 2026.72207 2005.10352  1.07%  28.1 35543s
 3706944 408468 infeasible   82      2026.72207 2005.10396  1.07%  28.1 35546s
 3706991 408336 2005.65112   88  216 2026.72207 2005.10472  1.07%  28.1 35557s
 3707556 408303 2012.05235   91  203 2026.72207 2005.11991  1.07%  28.1 35560s
 3707686 408257 infeasible  103      2026.72207 2005.12195  1.07%  28.1 35570s
 3708315 408192     cutoff  101      2026.72207 2005.12945  1.07%  28.1 35575s
 3708600 408109 2019.74994   66   76 2026.72207 2005.13559  1.07%  28.1 35585s
 3709433 408033 2005.14795   67  174 2026.72207 2005.14763  1.06%  28.1 35596s
 3710346 407905 infeasible   82      2026.72207 2005.16129  1.06%  28.1 35607s
 3710961 407908 2024.50478   77  119 2026.72207 2005.16868  1.06%  28.1 35610s
 3711064 407932 infeasible   70      2026.72207 2005.16873  1.06%  28.1 35617s
 3711722 407907 2011.09063   73  117 2026.72207 2005.17475  1.06%  28.1 35658s
 3712480 407894 infeasible   63      2026.72207 2005.18377  1.06%  28.1 35660s
 3712535 407852 infeasible   87      2026.72207 2005.18458  1.06%  28.1 35665s
 3712694 407901 infeasible   52      2026.72207 2005.18782  1.06%  28.1 35672s
 3713447 407856     cutoff   88      2026.72207 2005.19433  1.06%  28.1 35679s
 3714001 407848 2018.99217   90  110 2026.72207 2005.20127  1.06%  28.1 35684s
 3714572 407811 infeasible   63      2026.72207 2005.20578  1.06%  28.1 35686s
 3714665 407824 2006.38890   76   56 2026.72207 2005.20772  1.06%  28.1 35690s
 3715328 407792 2020.33043   93   48 2026.72207 2005.21533  1.06%  28.1 35699s
 3715822 407769     cutoff   69      2026.72207 2005.21864  1.06%  28.1 35703s
 3715913 407780 2014.23941   76  158 2026.72207 2005.21958  1.06%  28.1 35710s
 3716605 407698 2022.51193   87   92 2026.72207 2005.22882  1.06%  28.1 35720s
 3717363 407677 2026.09830   99   33 2026.72207 2005.23844  1.06%  28.1 35734s
 3717976 407656 infeasible   88      2026.72207 2005.24369  1.06%  28.1 35736s
 3718074 407569 2009.85465  106  152 2026.72207 2005.24476  1.06%  28.1 35742s
 3718775 407532 2005.26667   57   43 2026.72207 2005.25678  1.06%  28.1 35751s
 3719373 407516 2005.41936   92   52 2026.72207 2005.26267  1.06%  28.1 35761s
 3719938 407454     cutoff  111      2026.72207 2005.26735  1.06%  28.1 35765s
 3720158 407449 2011.95681   80  259 2026.72207 2005.27294  1.06%  28.1 35770s
 3720892 407380 infeasible   83      2026.72207 2005.27865  1.06%  28.1 35779s
 3721413 407350 infeasible   59      2026.72207 2005.28670  1.06%  28.1 35786s
 3721783 407318 2016.56072   60   67 2026.72207 2005.29226  1.06%  28.1 35792s
 3721968 407318 2022.48087   84    6 2026.72207 2005.29413  1.06%  28.1 35802s
 3722503 407291 infeasible   78      2026.72207 2005.30040  1.06%  28.1 35806s
 3722635 407308 infeasible   81      2026.72207 2005.30257  1.06%  28.1 35813s
 3723236 407278 infeasible   63      2026.72207 2005.30985  1.06%  28.1 35844s
 3723470 407178 2006.87781   71  143 2026.72207 2005.31053  1.06%  28.1 35853s
 3724719 407159 infeasible   64      2026.72207 2005.32350  1.06%  28.1 35855s
 3725012 407146 2011.78925   85  164 2026.72207 2005.32664  1.06%  28.1 35864s
 3725607 407119 infeasible   72      2026.72207 2005.33151  1.06%  28.1 35868s
 3725707 407121 infeasible  102      2026.72207 2005.33276  1.06%  28.1 35876s
 3726336 407114 2020.64836   95   65 2026.72207 2005.33702  1.06%  28.1 35881s
 3726465 407081     cutoff  106      2026.72207 2005.33942  1.06%  28.1 35889s
 3727076 407045 infeasible   84      2026.72207 2005.34632  1.05%  28.1 35893s
 3727355 407011 2015.11977   65  139 2026.72207 2005.35138  1.05%  28.1 35900s
 3727978 406996     cutoff   88      2026.72207 2005.35967  1.05%  28.1 35912s
 3728566 406959     cutoff   85      2026.72207 2005.36207  1.05%  28.1 35916s
 3728829 406965 2021.73439   91   44 2026.72207 2005.36907  1.05%  28.1 35923s
 3729350 406931 2018.27529   55    5 2026.72207 2005.37555  1.05%  28.1 35927s
 3729481 406880 2005.66073   64  167 2026.72207 2005.37584  1.05%  28.1 35935s
 3730014 406869 infeasible   71      2026.72207 2005.38305  1.05%  28.0 35942s
 3730527 406837 infeasible   71      2026.72207 2005.38761  1.05%  28.0 35945s
 3730666 406777 2012.61120   78  191 2026.72207 2005.38880  1.05%  28.0 35953s
 3731319 406750 2006.43369  100  178 2026.72207 2005.39650  1.05%  28.0 35959s
 3731661 406750 2005.98981   64   50 2026.72207 2005.40079  1.05%  28.0 35962s
 3731912 406717 2006.63682   83  115 2026.72207 2005.40268  1.05%  28.0 35973s
 3732521 406709 2013.26897   85  175 2026.72207 2005.40879  1.05%  28.0 35975s
 3732623 406649 2013.26897   91  171 2026.72207 2005.40879  1.05%  28.0 35982s
 3733172 406615 2026.65571   61   87 2026.72207 2005.41918  1.05%  28.0 35989s
 3733764 406587 2026.62922  109   39 2026.72207 2005.42500  1.05%  28.0 35991s
 3733874 406561 2020.42764   94  141 2026.72207 2005.42796  1.05%  28.0 35999s
 3734445 406536     cutoff   75      2026.72207 2005.43165  1.05%  28.0 36001s
 3734600 406484 2013.19108   66  104 2026.72207 2005.43315  1.05%  28.0 36007s
 3735168 406428 infeasible   72      2026.72207 2005.44114  1.05%  28.0 36011s
 3735370 406363 infeasible  121      2026.72207 2005.44362  1.05%  28.0 36019s
 3735934 406361 infeasible   86      2026.72207 2005.45158  1.05%  28.0 36022s
 3736028 406398 2005.46530   82   49 2026.72207 2005.45226  1.05%  28.0 36028s
 3736667 406412 infeasible   81      2026.72207 2005.45645  1.05%  28.0 36077s
 3737455 406449 2005.72799  123  166 2026.72207 2005.46461  1.05%  28.0 36085s
 3738130 406355 2010.86029   86  182 2026.72207 2005.47215  1.05%  28.0 36091s
 3738624 406269 infeasible   89      2026.72207 2005.47980  1.05%  28.0 36096s
 3738994 406265     cutoff   69      2026.72207 2005.48479  1.05%  28.0 36100s
 3739177 406322 2006.10009   88  202 2026.72207 2005.48565  1.05%  28.0 36105s
 3739964 406353 infeasible   66      2026.72207 2005.49241  1.05%  28.0 36115s
 3741040 406307 infeasible   93      2026.72207 2005.50040  1.05%  28.0 36122s
 3741114 406342 2006.56315   80  265 2026.72207 2005.50049  1.05%  28.0 36129s
 3741690 406346 infeasible   67      2026.72207 2005.50862  1.05%  28.0 36136s
 3742269 406304     cutoff   76      2026.72207 2005.51345  1.05%  28.0 36148s
 3742814 406289 infeasible   72      2026.72207 2005.51815  1.05%  28.0 36154s
 3743148 406258     cutoff   92      2026.72207 2005.52306  1.05%  28.0 36159s
 3743420 406244 2019.05840   80  161 2026.72207 2005.52598  1.05%  28.0 36167s
 3744082 406131 2008.05603   69   26 2026.72207 2005.53532  1.05%  28.0 36175s
 3744851 406107     cutoff   69      2026.72207 2005.54647  1.04%  28.0 36182s
 3745208 406101 2006.95425   75   42 2026.72207 2005.55223  1.04%  28.0 36187s
 3745470 406086 2024.37321   99  121 2026.72207 2005.55363  1.04%  28.0 36192s
 3746099 406084 2005.56199  100  140 2026.72207 2005.55912  1.04%  28.0 36195s
 3746231 406041 2010.95815   94  179 2026.72207 2005.56118  1.04%  28.0 36201s
 3746733 406014 2005.93909   84  202 2026.72207 2005.56616  1.04%  28.0 36205s
 3747261 405955 2005.58255   87  166 2026.72207 2005.57352  1.04%  28.0 36216s
 3747790 405929 infeasible   84      2026.72207 2005.57803  1.04%  28.0 36221s
 3748118 405871 2005.64971   87  131 2026.72207 2005.58320  1.04%  28.0 36225s
 3748417 405822     cutoff   68      2026.72207 2005.58627  1.04%  28.0 36231s
 3748726 405754 2023.49912   78   97 2026.72207 2005.59258  1.04%  28.0 36236s
 3749150 405693     cutoff   93      2026.72207 2005.59944  1.04%  28.0 36245s
 3749954 405676 2011.59401   92   60 2026.72207 2005.60820  1.04%  28.0 36254s
 3750569 405667 2010.78174   90  144 2026.72207 2005.61661  1.04%  28.0 36257s
 3750692 405617 infeasible  101      2026.72207 2005.61679  1.04%  28.0 36267s
 3751227 405521 infeasible   95      2026.72207 2005.62348  1.04%  28.0 36274s
 3751538 405504 infeasible   61      2026.72207 2005.62938  1.04%  28.0 36279s
 3751709 405498 2021.92233   90   51 2026.72207 2005.63110  1.04%  28.0 36288s
 3752314 405510 2018.07078   72  157 2026.72207 2005.63948  1.04%  28.0 36291s
 3752449 405582 infeasible   95      2026.72207 2005.64121  1.04%  28.0 36300s
 3753141 405537 2021.85662  101  126 2026.72207 2005.64748  1.04%  28.0 36347s
 3753321 405358 2006.42951   67   85 2026.72207 2005.65021  1.04%  28.0 36366s
 3754842 405246 2012.32610  107   75 2026.72207 2005.66296  1.04%  28.0 36373s
 3755075 405243 2006.07363   43   16 2026.72207 2005.66546  1.04%  28.0 36381s
 3755829 405153     cutoff   93      2026.72207 2005.67393  1.04%  28.0 36392s
 3756416 405061 2005.68917   93   82 2026.72207 2005.68396  1.04%  28.0 36402s
 3756979 405068 2005.70772   65  142 2026.72207 2005.69137  1.04%  28.0 36405s
 3757178 405014 2008.03862   98   38 2026.72207 2005.69137  1.04%  28.0 36415s
 3757622 404969 2005.70192   78   33 2026.72207 2005.69191  1.04%  28.0 36423s
 3758072 404979 2011.26530   65  214 2026.72207 2005.69657  1.04%  28.0 36433s
 3758549 404946     cutoff   93      2026.72207 2005.69657  1.04%  28.0 36436s
 3758659 404925 2021.13005   96   53 2026.72207 2005.70662  1.04%  28.0 36440s
 3759137 404906 infeasible   67      2026.72207 2005.70967  1.04%  28.0 36449s
 3759429 404890 2022.97992   73    8 2026.72207 2005.71248  1.04%  28.0 36452s
 3759516 404903 2016.95632   80  159 2026.72207 2005.71723  1.04%  28.0 36460s
 3760172 404869 2005.81454   83   78 2026.72207 2005.72165  1.04%  28.0 36470s
 3760817 404769 2007.03202  106  177 2026.72207 2005.73055  1.04%  28.0 36478s
 3761333 404756     cutoff   79      2026.72207 2005.73277  1.04%  28.0 36482s
 3761522 404700 2016.97100   50   99 2026.72207 2005.74063  1.04%  28.0 36489s
 3761987 404669 2009.35620   96   70 2026.72207 2005.74063  1.04%  28.0 36493s
 3762092 404681 2019.27328   89   45 2026.72207 2005.74770  1.03%  28.0 36497s
 3762602 404627     cutoff   72      2026.72207 2005.75470  1.03%  28.0 36502s
 3762865 404506 2006.32972  114  184 2026.72207 2005.75788  1.03%  28.0 36509s
 3763575 404540 2018.61145   58  137 2026.72207 2005.76855  1.03%  28.0 36514s
 3763821 404478 2015.54744   97   34 2026.72207 2005.76888  1.03%  28.0 36521s
 3764531 404451 2006.01618   65   56 2026.72207 2005.77553  1.03%  28.0 36525s
 3764779 404394 infeasible   73      2026.72207 2005.77926  1.03%  28.0 36533s
 3765414 404368 2022.15498   85  162 2026.72207 2005.78434  1.03%  28.0 36535s
 3765491 404351 2006.19935   82  148 2026.72207 2005.78605  1.03%  28.0 36543s
 3766281 404301 2006.50356   83   27 2026.72207 2005.79761  1.03%  28.0 36548s
 3766575 404245 2021.77700   84  154 2026.72207 2005.80188  1.03%  28.0 36556s
 3767478 404243     cutoff   66      2026.72207 2005.81354  1.03%  28.0 36565s
 3768510 404246 2006.86658   77  103 2026.72207 2005.82240  1.03%  28.0 36576s
 3769266 404199 2007.31113   96  202 2026.72207 2005.82942  1.03%  28.0 36588s
 3769913 404157 infeasible   91      2026.72207 2005.83501  1.03%  28.0 36595s
 3770455 404104 2023.60049   74   36 2026.72207 2005.84364  1.03%  28.0 36607s
 3771161 404053 2005.85453   88   14 2026.72207 2005.85082  1.03%  28.0 36612s
 3771426 404028 2023.37723   50  144 2026.72207 2005.85692  1.03%  28.0 36617s
 3771471 403999 infeasible   51      2026.72207 2005.85772  1.03%  28.0 36620s
 3771564 403914     cutoff   96      2026.72207 2005.85854  1.03%  28.0 36626s
 3772199 403857 infeasible   78      2026.72207 2005.86890  1.03%  28.0 36630s
 3772343 403777 2010.72467   66   33 2026.72207 2005.87223  1.03%  28.0 36638s
 3773042 403715     cutoff   94      2026.72207 2005.87916  1.03%  28.0 36645s
 3773687 403695 infeasible   63      2026.72207 2005.88807  1.03%  28.0 36659s
 3774266 403702 infeasible   99      2026.72207 2005.89293  1.03%  28.0 36667s
 3774966 403679     cutoff   63      2026.72207 2005.89796  1.03%  28.0 36675s
 3775816 403613 infeasible   97      2026.72207 2005.90576  1.03%  28.0 36688s
 3776453 403575 2022.61913   72  112 2026.72207 2005.91573  1.03%  28.0 36692s
 3776700 403541 infeasible   98      2026.72207 2005.91938  1.03%  28.0 36699s
 3777226 403509 2011.69018   68  148 2026.72207 2005.92510  1.03%  28.0 36702s
 3777389 403445     cutoff  107      2026.72207 2005.92823  1.03%  28.0 36707s
 3778036 403397 infeasible   92      2026.72207 2005.93575  1.03%  28.0 36710s
 3778292 403402 2016.21883   99  139 2026.72207 2005.94032  1.03%  28.0 36715s
 3779097 403309 2022.25962   90   74 2026.72207 2005.95163  1.02%  28.0 36724s
 3779724 403263 infeasible   77      2026.72207 2005.95803  1.02%  28.0 36728s
 3779828 403311 2024.72347   94  118 2026.72207 2005.95853  1.02%  28.0 36734s
 3780497 403281 infeasible   66      2026.72207 2005.96688  1.02%  28.0 36781s
 3780711 403193 2006.81409   85  108 2026.72207 2005.96750  1.02%  28.0 36798s
 3782179 403188 infeasible   81      2026.72207 2005.97580  1.02%  28.0 36800s
 3782236 403150 2006.42438   65   44 2026.72207 2005.97621  1.02%  28.0 36806s
 3782468 403104     cutoff   76      2026.72207 2005.98216  1.02%  28.0 36812s
 3783021 403054 infeasible   56      2026.72207 2005.98551  1.02%  28.0 36816s
 3783124 402973 2006.25696   88  150 2026.72207 2005.98996  1.02%  28.0 36823s
 3783727 402971     cutoff   86      2026.72207 2005.99849  1.02%  28.0 36827s
 3783822 402940 2006.08983   65  141 2026.72207 2005.99897  1.02%  28.0 36835s
 3784520 402903     cutoff   94      2026.72207 2006.00606  1.02%  28.0 36845s
 3785048 402862 2006.01757   94   86 2026.72207 2006.01337  1.02%  28.0 36853s
 3785644 402855 2006.25180   61  157 2026.72207 2006.01839  1.02%  28.0 36856s
 3785751 402791 infeasible   87      2026.72207 2006.01898  1.02%  28.0 36862s
 3786272 402728 2010.15702  102  153 2026.72207 2006.02844  1.02%  28.0 36866s
 3786702 402705 2006.15090   77  157 2026.72207 2006.03405  1.02%  28.0 36870s
 3786871 402636 2010.43703   90   68 2026.72207 2006.03615  1.02%  28.0 36877s
 3787474 402582 infeasible   95      2026.72207 2006.04486  1.02%  28.0 36880s
 3787681 402539 infeasible   73      2026.72207 2006.04803  1.02%  28.0 36887s
 3788266 402487 infeasible   84      2026.72207 2006.05501  1.02%  28.0 36892s
 3788414 402519 infeasible  116      2026.72207 2006.05678  1.02%  28.0 36898s
 3789031 402488     cutoff   88      2026.72207 2006.06289  1.02%  28.0 36902s
 3789223 402470 infeasible   73      2026.72207 2006.06690  1.02%  28.0 36906s
 3789965 402326 2024.32869   50   79 2026.72207 2006.07480  1.02%  28.0 36916s
 3790635 402312 infeasible   82      2026.72207 2006.08464  1.02%  28.0 36926s
 3791240 402306     cutoff   53      2026.72207 2006.09237  1.02%  28.0 36932s
 3791700 402279 2023.19628  111  124 2026.72207 2006.09889  1.02%  28.0 36935s
 3791815 402193 2009.36986   59   82 2026.72207 2006.10112  1.02%  28.0 36943s
 3792416 402172 infeasible   83      2026.72207 2006.10734  1.02%  28.0 36946s
 3792518 402244 2017.67757   81   48 2026.72207 2006.10809  1.02%  28.0 36953s
 3793121 402205 2021.19228   92   37 2026.72207 2006.11693  1.02%  28.0 36988s
 3793472 402105     cutoff  106      2026.72207 2006.11908  1.02%  28.0 36998s
 3794031 402018 2023.66740   79  159 2026.72207 2006.12933  1.02%  28.0 37004s
 3794345 401957 2007.32604   86  134 2026.72207 2006.13305  1.02%  28.0 37015s
 3795279 401921 2013.90267   99   37 2026.72207 2006.14588  1.02%  28.0 37021s
 3795439 401877 2011.24632   97  148 2026.72207 2006.14698  1.02%  28.0 37029s
 3795539 401869 2006.94990   60  181 2026.72207 2006.14698  1.02%  28.0 37034s
 3795708 401825 2014.32993   87   43 2026.72207 2006.14867  1.02%  28.0 37045s
 3796302 401843 infeasible   79      2026.72207 2006.14958  1.02%  28.0 37051s
 3796467 401803 infeasible   95      2026.72207 2006.15099  1.01%  28.0 37064s
 3797286 401791 2025.40996   69  103 2026.72207 2006.16663  1.01%  28.0 37071s
 3797569 401757     cutoff   87      2026.72207 2006.17111  1.01%  27.9 37081s
 3798344 401689 infeasible  101      2026.72207 2006.17949  1.01%  27.9 37086s
 3798553 401727 2006.34667   88  143 2026.72207 2006.18392  1.01%  28.0 37095s
 3799435 401696 2007.96180   83  163 2026.72207 2006.19460  1.01%  27.9 37107s
 3800207 401603     cutoff   85      2026.72207 2006.20196  1.01%  27.9 37112s
 3800446 401579 infeasible   99      2026.72207 2006.20727  1.01%  27.9 37118s
 3800982 401554 infeasible   84      2026.72207 2006.21243  1.01%  27.9 37122s
 3801116 401500 2017.87571   87  149 2026.72207 2006.21532  1.01%  27.9 37132s
 3801793 401492 2006.80774  111  194 2026.72207 2006.22357  1.01%  27.9 37135s
 3801920 401435 2015.57824   92   40 2026.72207 2006.22651  1.01%  27.9 37142s
 3802594 401403 2015.37663   74  115 2026.72207 2006.23438  1.01%  27.9 37148s
 3803030 401349 2019.72875   99   84 2026.72207 2006.24150  1.01%  27.9 37151s
 3803265 401325 2006.71847   86  141 2026.72207 2006.24425  1.01%  27.9 37159s
 3804010 401304 infeasible   89      2026.72207 2006.25264  1.01%  27.9 37163s
 3804141 401281 2007.08220   92  114 2026.72207 2006.25360  1.01%  27.9 37173s
 3804857 401304 2006.26587   88  132 2026.72207 2006.26166  1.01%  27.9 37180s
 3805577 401270 2024.02227   62   62 2026.72207 2006.27177  1.01%  27.9 37192s
 3806232 401266 2006.36288   92  173 2026.72207 2006.27745  1.01%  27.9 37198s
 3806732 401239 infeasible   87      2026.72207 2006.28367  1.01%  27.9 37202s
 3806885 401228 2007.82670   63   56 2026.72207 2006.28770  1.01%  27.9 37210s
 3807583 401224     cutoff   96      2026.72207 2006.29371  1.01%  27.9 37215s
 3808016 401190 infeasible   59      2026.72207 2006.29981  1.01%  27.9 37225s
 3808828 401224     cutoff   94      2026.72207 2006.30797  1.01%  27.9 37237s
 3809550 401220 2014.14766   96   58 2026.72207 2006.31367  1.01%  27.9 37277s
 3809745 401106 2007.18691   70  281 2026.72207 2006.31694  1.01%  27.9 37297s
 3811260 401076     cutoff   70      2026.72207 2006.32759  1.01%  27.9 37300s
 3811342 401057 2017.95868   68   57 2026.72207 2006.32846  1.01%  27.9 37306s
 3811660 400984     cutoff   87      2026.72207 2006.33294  1.01%  27.9 37314s
 3812224 400951 infeasible  109      2026.72207 2006.34079  1.01%  27.9 37316s
 3812282 400882 infeasible  113      2026.72207 2006.34100  1.01%  27.9 37324s
 3812925 400833 2008.03221  106  193 2026.72207 2006.34876  1.01%  27.9 37328s
 3813145 400815 infeasible   75      2026.72207 2006.35344  1.01%  27.9 37335s
 3813816 400741 2011.15409   84   41 2026.72207 2006.36095  1.00%  27.9 37341s
 3814393 400671 infeasible   70      2026.72207 2006.36929  1.00%  27.9 37345s
 3814585 400651 2006.38884   84   50 2026.72207 2006.37034  1.00%  27.9 37351s
 3815255 400541 infeasible   90      2026.72207 2006.38060  1.00%  27.9 37357s
 3815834 400511 2019.22505  121   64 2026.72207 2006.38773  1.00%  27.9 37361s
 3816002 400518 2008.69398   83   80 2026.72207 2006.39197  1.00%  27.9 37367s
 3816688 400492 2006.98123   62   64 2026.72207 2006.39688  1.00%  27.9 37371s
 3816795 400462 2006.48318   78  151 2026.72207 2006.39850  1.00%  27.9 37375s
 3817127 400456 2006.53356   78   36 2026.72207 2006.40651  1.00%  27.9 37382s
 3817617 400418 2020.89065   97   53 2026.72207 2006.41039  1.00%  27.9 37386s
 3817759 400368 2020.70183  101  192 2026.72207 2006.41142  1.00%  27.9 37392s
 3818377 400319 2006.42228  101   25 2026.72207 2006.42115  1.00%  27.9 37396s
 3818690 400271 infeasible  110      2026.72207 2006.42364  1.00%  27.9 37401s
 3819330 400178 infeasible   91      2026.72207 2006.43067  1.00%  27.9 37407s
 3819898 400145 2022.49114   79  172 2026.72207 2006.44099  1.00%  27.9 37413s
 3820608 400136 infeasible   66      2026.72207 2006.45071  1.00%  27.9 37420s
 3821175 400104 infeasible  108      2026.72207 2006.45625  1.00%  27.9 37426s
 3821800 400034 2022.60337   79   66 2026.72207 2006.46329  1.00%  27.9 37434s
 3822353 400001 2006.47335  102    9 2026.72207 2006.47291  1.00%  27.9 37442s
 3822947 399980 infeasible   73      2026.72207 2006.47949  1.00%  27.9 37445s
 3823077 399910 2019.17504  106  200 2026.72207 2006.48206  1.00%  27.9 37452s
 3823680 399875 2006.76055  101  187 2026.72207 2006.48996  1.00%  27.9 37455s
 3823859 399939 2007.87856   96  152 2026.72207 2006.49380  1.00%  27.9 37461s
 3824531 399928     cutoff   88      2026.72207 2006.50005  1.00%  27.9 37507s
 3824717 399723 infeasible   69      2026.72207 2006.50312  1.00%  27.9 37524s
 3826068 399695 infeasible   57      2026.72207 2006.51233  1.00%  27.9 37526s
 3826145 399707     cutoff   72      2026.72207 2006.51329  1.00%  27.9 37532s
 3826815 399650 infeasible   85      2026.72207 2006.52166  1.00%  27.9 37538s
 3827117 399615 2006.88689   84   93 2026.72207 2006.52266  1.00%  27.9 37541s
 3827316 399563 2006.96947   86   93 2026.72207 2006.52302  1.00%  27.9 37546s
 3827402 399529 2007.31254   87   93 2026.72207 2006.52370  1.00%  27.9 37550s
 3827648 399452 2007.84335   89  120 2026.72207 2006.52627  1.00%  27.9 37557s
 3828082 399438 2010.28094   90  112 2026.72207 2006.53061  1.00%  27.9 37561s
 3828220 399383 infeasible   76      2026.72207 2006.53575  1.00%  27.9 37572s
 3829012 399336 infeasible   66      2026.72207 2006.54657  1.00%  27.9 37577s
 3829151 399333 infeasible   88      2026.72207 2006.54864  1.00%  27.9 37586s
 3829914 399295 infeasible   79      2026.72207 2006.55633  0.99%  27.9 37590s
 3830109 399276 2006.57266   78  184 2026.72207 2006.55813  0.99%  27.9 37599s
 3830837 399237 infeasible   72      2026.72207 2006.56550  0.99%  27.9 37604s
 3831060 399161 2023.87128   71  127 2026.72207 2006.56863  0.99%  27.9 37615s
 3831919 399109 2008.34317   65  166 2026.72207 2006.57979  0.99%  27.9 37625s
 3832662 399125     cutoff   89      2026.72207 2006.58766  0.99%  27.9 37630s
 3833080 399138 2009.12718   97   32 2026.72207 2006.59111  0.99%  27.9 37637s
 3833873 399067 2012.01313   65  182 2026.72207 2006.59388  0.99%  27.9 37647s
 3834555 399018 infeasible   75      2026.72207 2006.60644  0.99%  27.9 37653s
 3835060 398963 infeasible   91      2026.72207 2006.61126  0.99%  27.9 37656s
 3835170 398937 infeasible   88      2026.72207 2006.61426  0.99%  27.9 37666s
 3835817 398916 infeasible   56      2026.72207 2006.61933  0.99%  27.9 37670s
 3835917 398898 2006.64443   97   52 2026.72207 2006.62071  0.99%  27.9 37678s
 3836573 398865 2024.51988   79   36 2026.72207 2006.62818  0.99%  27.9 37683s
 3836900 398883     cutoff   90      2026.72207 2006.63423  0.99%  27.9 37689s
 3837158 398873 infeasible   73      2026.72207 2006.63575  0.99%  27.9 37693s
 3837464 398795 infeasible   99      2026.72207 2006.64044  0.99%  27.9 37698s
 3838079 398784     cutoff   66      2026.72207 2006.64589  0.99%  27.9 37701s
 3838166 398705 infeasible  108      2026.72207 2006.64661  0.99%  27.9 37708s
 3838810 398662 2006.77463   67  164 2026.72207 2006.65618  0.99%  27.9 37712s
 3839112 398604 2021.08379   74   60 2026.72207 2006.66176  0.99%  27.9 37718s
 3839581 398558 infeasible   58      2026.72207 2006.66599  0.99%  27.9 37722s
 3839776 398510 2006.66875   73  158 2026.72207 2006.66875  0.99%  27.9 37732s
 3840434 398461 2022.30989  107  134 2026.72207 2006.67272  0.99%  27.9 37736s
 3840688 398461 infeasible   77      2026.72207 2006.67732  0.99%  27.9 37745s
 3841524 398387 infeasible   81      2026.72207 2006.68451  0.99%  27.9 37756s
 3842399 398325 2023.80096   80   28 2026.72207 2006.69631  0.99%  27.9 37765s
 3843173 398199 2020.61866  103   67 2026.72207 2006.70619  0.99%  27.9 37775s
 3843931 398132     cutoff   95      2026.72207 2006.71721  0.99%  27.9 37790s
 3844691 398073     cutoff   62      2026.72207 2006.72622  0.99%  27.9 37805s
 3845299 398047 2012.91949   53  177 2026.72207 2006.73416  0.99%  27.9 37811s
 3845623 398030 infeasible   53      2026.72207 2006.73877  0.99%  27.9 37815s
 3845824 398147 infeasible  117      2026.72207 2006.74140  0.99%  27.9 37821s
 3846513 398114 2006.77505   94  130 2026.72207 2006.74509  0.99%  27.9 37853s
 3846618 397883 2006.96838   90  178 2026.72207 2006.74841  0.99%  27.9 37893s
 3848402 397852 2021.89625   99  136 2026.72207 2006.75927  0.98%  27.9 37897s
 3848515 397876 2023.63259   78  141 2026.72207 2006.76059  0.98%  27.9 37901s
 3848881 397839 2007.08954   73  139 2026.72207 2006.76295  0.98%  27.9 37906s
 3849152 397821     cutoff   61      2026.72207 2006.76592  0.98%  27.9 37910s
 3849413 397759 2013.60146   95  137 2026.72207 2006.76863  0.98%  27.9 37915s
 3850095 397695 2008.84538   89  183 2026.72207 2006.77551  0.98%  27.9 37925s
 3850870 397558 2022.91991   88   41 2026.72207 2006.78514  0.98%  27.9 37938s
 3851421 397547 infeasible   77      2026.72207 2006.79416  0.98%  27.9 37942s
 3851559 397469 2011.32945   80  139 2026.72207 2006.79561  0.98%  27.9 37950s
 3852273 397371     cutoff   96      2026.72207 2006.80322  0.98%  27.9 37962s
 3852914 397370 infeasible   60      2026.72207 2006.81224  0.98%  27.9 37966s
 3853148 397324 2006.87866   65  139 2026.72207 2006.81426  0.98%  27.9 37973s
 3853652 397308 infeasible   59      2026.72207 2006.82061  0.98%  27.9 37977s
 3853848 397263 infeasible   65      2026.72207 2006.82368  0.98%  27.9 37984s
 3854508 397210 2007.15111  107   94 2026.72207 2006.82703  0.98%  27.9 37990s
 3855139 397257 2007.56749  108  160 2026.72207 2006.83578  0.98%  27.9 38001s
 3855827 397236 2020.16958   78   15 2026.72207 2006.83900  0.98%  27.9 38008s
 3856377 397212 infeasible  100      2026.72207 2006.84430  0.98%  27.9 38011s
 3856518 397146 2008.77270   57  208 2026.72207 2006.84839  0.98%  27.9 38017s
 3857120 397090 infeasible   95      2026.72207 2006.85554  0.98%  27.9 38021s
 3857287 397024 2020.29211   83  195 2026.72207 2006.85957  0.98%  27.9 38026s
 3858056 396946     cutoff   85      2026.72207 2006.86570  0.98%  27.9 38034s
 3858613 396989     cutoff   68      2026.72207 2006.87287  0.98%  27.9 38041s
 3859280 396977 infeasible   74      2026.72207 2006.87782  0.98%  27.9 38066s
 3859403 396769 2008.24314  108  137 2026.72207 2006.87782  0.98%  27.9 38081s
 3861434 396721 2007.14839   68  150 2026.72207 2006.89414  0.98%  27.8 38089s
 3861564 396667 infeasible   94      2026.72207 2006.89573  0.98%  27.8 38096s
 3862294 396632 2007.31401  120  174 2026.72207 2006.90692  0.98%  27.8 38107s
 3863041 396556 infeasible  109      2026.72207 2006.91324  0.98%  27.8 38117s
 3863567 396512 infeasible   85      2026.72207 2006.92252  0.98%  27.8 38121s
 3863675 396586     cutoff   80      2026.72207 2006.92440  0.98%  27.8 38127s
 3864337 396550 infeasible   62      2026.72207 2006.93096  0.98%  27.8 38131s
 3864480 396499 2017.66378   89   31 2026.72207 2006.93368  0.98%  27.8 38138s
 3865063 396456 infeasible   85      2026.72207 2006.94389  0.98%  27.8 38142s
 3865316 396499 2013.78989   67  138 2026.72207 2006.94804  0.98%  27.8 38147s
 3865764 396438 2008.15432   93   38 2026.72207 2006.94956  0.98%  27.8 38150s
 3865920 396431 2006.95448   80   65 2026.72207 2006.95418  0.98%  27.8 38157s
 3866517 396399 infeasible   72      2026.72207 2006.96075  0.98%  27.8 38161s
 3866640 396372     cutoff   68      2026.72207 2006.96325  0.97%  27.8 38170s
 3867508 396244 infeasible   74      2026.72207 2006.97483  0.97%  27.8 38178s
 3867819 396181 infeasible   43      2026.72207 2006.98537  0.97%  27.8 38184s
 3868088 396194 2010.97850   78   81 2026.72207 2006.98953  0.97%  27.8 38191s
 3868729 396150     cutoff   84      2026.72207 2006.99354  0.97%  27.8 38201s
 3869533 396062 2014.02163   80   45 2026.72207 2007.00613  0.97%  27.8 38212s
 3870138 396057 infeasible  101      2026.72207 2007.01226  0.97%  27.8 38217s
 3870456 395984 2012.92898   74  141 2026.72207 2007.01703  0.97%  27.8 38226s
 3871178 395972 2022.58049   81  140 2026.72207 2007.02416  0.97%  27.8 38236s
 3871768 395989 2013.05563   86  126 2026.72207 2007.03322  0.97%  27.8 38243s
 3872362 395956 2025.49956   91  147 2026.72207 2007.03976  0.97%  27.8 38247s
 3872499 395892 infeasible   84      2026.72207 2007.04136  0.97%  27.8 38255s
 3873251 395810 2017.16527  102  179 2026.72207 2007.05194  0.97%  27.8 38266s
 3874036 395758 2007.10294   95   48 2026.72207 2007.06052  0.97%  27.8 38273s
 3874314 395726 2021.84036   79   83 2026.72207 2007.06288  0.97%  27.8 38284s
 3874924 395734     cutoff   82      2026.72207 2007.06820  0.97%  27.8 38290s
 3875101 395688 2011.37858   60   89 2026.72207 2007.06820  0.97%  27.8 38299s
 3875731 395632 2015.23113   90   14 2026.72207 2007.07456  0.97%  27.8 38304s
 3876192 395620 2017.80516   74   19 2026.72207 2007.08284  0.97%  27.8 38308s
 3876392 395542 infeasible   81      2026.72207 2007.08520  0.97%  27.8 38315s
 3877184 395504 2008.28989   88   39 2026.72207 2007.09714  0.97%  27.8 38325s
 3877931 395423 2007.75162   65   70 2026.72207 2007.10652  0.97%  27.8 38335s
 3878710 395396 2008.88786   99   59 2026.72207 2007.11592  0.97%  27.8 38342s
 3879272 395382 2010.95995   77  209 2026.72207 2007.12436  0.97%  27.8 38347s
 3879447 395330 2007.36892   80   18 2026.72207 2007.12695  0.97%  27.8 38352s
 3879790 395284     cutoff   86      2026.72207 2007.13085  0.97%  27.8 38355s
 3879969 395238 infeasible   86      2026.72207 2007.13423  0.97%  27.8 38360s
 3880639 395180 2025.93759   78  171 2026.72207 2007.14113  0.97%  27.8 38370s
 3881229 395242 2018.16381   97   32 2026.72207 2007.14811  0.97%  27.8 38377s
 3881890 395243 2010.62465   78  149 2026.72207 2007.15128  0.97%  27.8 38404s
 3882156 395265 infeasible   73      2026.72207 2007.15128  0.97%  27.8 38413s
 3883318 395251     cutoff   71      2026.72207 2007.16252  0.97%  27.8 38415s
 3883373 395230 2007.17793   65  184 2026.72207 2007.16301  0.97%  27.8 38420s
 3884118 395207 infeasible   51      2026.72207 2007.17195  0.96%  27.8 38427s
 3884850 395183 infeasible   95      2026.72207 2007.18035  0.96%  27.8 38433s
 3885412 395126 2007.42099   58   11 2026.72207 2007.18495  0.96%  27.8 38436s
 3885668 395108 infeasible   90      2026.72207 2007.18692  0.96%  27.8 38440s
 3886256 395106 2007.20228  102   89 2026.72207 2007.19198  0.96%  27.8 38449s
 3886744 395068 2013.08342   77   68 2026.72207 2007.19736  0.96%  27.8 38452s
 3886818 395063 2023.04114   67   52 2026.72207 2007.19842  0.96%  27.8 38456s
 3886950 395046 2007.62013   54  199 2026.72207 2007.19845  0.96%  27.8 38462s
 3887546 395022 2009.03012   79   65 2026.72207 2007.20560  0.96%  27.8 38465s
 3887904 394968     cutoff  104      2026.72207 2007.20818  0.96%  27.8 38471s
 3888516 394944 infeasible   73      2026.72207 2007.21431  0.96%  27.8 38475s
 3888665 394938 2009.31690   84  170 2026.72207 2007.21694  0.96%  27.8 38481s
 3889144 394908 2024.93291   77  108 2026.72207 2007.21982  0.96%  27.8 38489s
 3889486 394890 infeasible  102      2026.72207 2007.21982  0.96%  27.8 38493s
 3889525 394884 infeasible  126      2026.72207 2007.21982  0.96%  27.8 38498s
 3889711 394866 2018.09060   91   20 2026.72207 2007.21982  0.96%  27.8 38501s
 3889911 394810 infeasible  117      2026.72207 2007.22968  0.96%  27.8 38511s
 3890739 394683 2011.20950  106  140 2026.72207 2007.23996  0.96%  27.8 38521s
 3891371 394678 2007.25145   71   34 2026.72207 2007.24860  0.96%  27.8 38526s
 3891449 394659 2008.08189   76  150 2026.72207 2007.24900  0.96%  27.8 38535s
 3892474 394536 2010.89570   73  217 2026.72207 2007.26206  0.96%  27.8 38549s
 3892877 394497 infeasible   63      2026.72207 2007.26784  0.96%  27.8 38556s
 3893249 394434 2007.55121   82   88 2026.72207 2007.27072  0.96%  27.8 38561s
 3893518 394404 2022.97574   77   72 2026.72207 2007.27653  0.96%  27.8 38568s
 3894069 394355 2007.52646  118  165 2026.72207 2007.28012  0.96%  27.8 38572s
 3894184 394320 2007.53860  106  133 2026.72207 2007.28191  0.96%  27.8 38580s
 3894908 394227 infeasible  106      2026.72207 2007.28898  0.96%  27.8 38585s
 3895554 394121     cutoff   71      2026.72207 2007.30051  0.96%  27.8 38600s
 3896393 394024 2010.13848   92  198 2026.72207 2007.31036  0.96%  27.8 38610s
 3897283 393966 2008.31540   86   86 2026.72207 2007.32174  0.96%  27.8 38622s
 3897893 393939 2010.64527   65   63 2026.72207 2007.32718  0.96%  27.8 38625s
 3897976 393852 2009.48124   70  157 2026.72207 2007.32792  0.96%  27.8 38631s
 3898814 393727 2007.41944   85   47 2026.72207 2007.34230  0.96%  27.8 38639s
 3899496 393678 infeasible  105      2026.72207 2007.34893  0.96%  27.8 38644s
 3899724 393697 2007.47104   95  191 2026.72207 2007.35159  0.96%  27.8 38648s
 3900380 393666 infeasible   94      2026.72207 2007.35551  0.96%  27.8 38651s
 3900526 393648 2011.35369   74   44 2026.72207 2007.35834  0.96%  27.8 38658s
 3901171 393619 2023.93408   74   69 2026.72207 2007.36818  0.95%  27.8 38662s
 3901351 393551     cutoff   80      2026.72207 2007.36996  0.95%  27.8 38668s
 3901998 393610     cutoff  100      2026.72207 2007.37747  0.95%  27.8 38676s
 3902601 393554     cutoff   90      2026.72207 2007.38206  0.95%  27.8 38714s
 3902872 393508 infeasible   94      2026.72207 2007.38623  0.95%  27.8 38731s
 3904015 393461 2019.86019   99   32 2026.72207 2007.39976  0.95%  27.8 38742s
 3904759 393437     cutoff   68      2026.72207 2007.40799  0.95%  27.8 38750s
 3905386 393426     cutoff  109      2026.72207 2007.41576  0.95%  27.8 38757s
 3905543 393342 2007.93984   60   41 2026.72207 2007.41576  0.95%  27.8 38761s
 3906120 393289 infeasible  101      2026.72207 2007.42266  0.95%  27.8 38765s
 3906467 393264 2018.28650   91   33 2026.72207 2007.42504  0.95%  27.8 38770s
 3906700 393272 infeasible   54      2026.72207 2007.42679  0.95%  27.8 38777s
 3907265 393249 2008.49825   98   59 2026.72207 2007.43452  0.95%  27.8 38780s
 3907472 393152 2020.68561   79   51 2026.72207 2007.43497  0.95%  27.8 38788s
 3908066 393154     cutoff   75      2026.72207 2007.44460  0.95%  27.8 38791s
 3908232 393033 2014.10209   90  240 2026.72207 2007.44609  0.95%  27.8 38797s
 3908832 393001 infeasible   70      2026.72207 2007.45551  0.95%  27.8 38800s
 3909033 392940 infeasible   76      2026.72207 2007.45823  0.95%  27.8 38807s
 3909629 392903 infeasible   57      2026.72207 2007.46544  0.95%  27.8 38810s
 3909715 392841 2023.68541   90  151 2026.72207 2007.46871  0.95%  27.8 38819s
 3910319 392833 2007.47992   99  122 2026.72207 2007.47550  0.95%  27.8 38822s
 3910522 392841 2007.88550   70  113 2026.72207 2007.47772  0.95%  27.8 38831s
 3911275 392762 2024.08587   73   57 2026.72207 2007.48448  0.95%  27.8 38841s
 3911825 392726 infeasible  107      2026.72207 2007.49070  0.95%  27.8 38846s
 3911953 392745     cutoff   62      2026.72207 2007.49416  0.95%  27.8 38855s
 3912720 392686 2007.99626   82  119 2026.72207 2007.50069  0.95%  27.8 38868s
 3913325 392658 2021.56231  103   51 2026.72207 2007.50560  0.95%  27.8 38871s
 3913443 392644 2022.00587   61  142 2026.72207 2007.50780  0.95%  27.8 38878s
 3914085 392627 2007.84537  110   93 2026.72207 2007.51659  0.95%  27.8 38901s
 3914123 392619 infeasible  111      2026.72207 2007.51708  0.95%  27.8 38907s
 3914173 392595 2016.41552   91  130 2026.72207 2007.51768  0.95%  27.8 38911s
 3914316 392572 infeasible   99      2026.72207 2007.51883  0.95%  27.8 38918s
 3914373 392528 2007.52680   61  234 2026.72207 2007.51883  0.95%  27.8 38923s
 3914592 392494 infeasible   81      2026.72207 2007.51943  0.95%  27.8 38928s
 3914746 392420 2007.59473   56   69 2026.72207 2007.52398  0.95%  27.8 38936s
 3915118 392391 2008.66110   90  171 2026.72207 2007.52471  0.95%  27.8 38940s
 3915228 392362 2011.93340   78   87 2026.72207 2007.52645  0.95%  27.8 38950s
 3915742 392339 infeasible   86      2026.72207 2007.53036  0.95%  27.8 38955s
 3915990 392289 2008.92005   88  113 2026.72207 2007.53799  0.95%  27.8 38966s
 3916265 392276 2020.76518   77   53 2026.72207 2007.53811  0.95%  27.8 38971s
 3916457 392232 2008.77618   93  150 2026.72207 2007.53986  0.95%  27.8 38978s
 3916693 392204 infeasible  102      2026.72207 2007.54218  0.95%  27.8 38981s
 3916826 392129 infeasible   57      2026.72207 2007.54490  0.95%  27.8 38991s
 3917383 392093 2015.69317   72   88 2026.72207 2007.54745  0.95%  27.8 38995s
 3917477 392050 2019.15922   80  243 2026.72207 2007.54940  0.95%  27.8 39003s
 3917961 392032 infeasible   62      2026.72207 2007.55889  0.95%  27.8 39009s
 3918036 391998     cutoff   98      2026.72207 2007.56212  0.95%  27.8 39020s
 3918719 391919 infeasible   73      2026.72207 2007.56915  0.95%  27.8 39035s
 3919469 391882 infeasible   66      2026.72207 2007.57812  0.94%  27.8 39040s
 3919797 391831 infeasible  109      2026.72207 2007.58116  0.94%  27.8 39046s
 3920581 391826 infeasible   95      2026.72207 2007.58916  0.94%  27.8 39054s
 3921335 391852 2008.60029  111  163 2026.72207 2007.59772  0.94%  27.8 39089s
 3922116 391824 infeasible   75      2026.72207 2007.60538  0.94%  27.8 39091s
 3922217 391785 infeasible   75      2026.72207 2007.60893  0.94%  27.8 39095s
 3922665 391688 2017.68013   66   62 2026.72207 2007.61510  0.94%  27.8 39104s
 3923193 391658 2007.62771   76   47 2026.72207 2007.61845  0.94%  27.8 39109s
 3923442 391602 2011.06458   79   25 2026.72207 2007.61845  0.94%  27.8 39116s
 3924172 391593 2007.80816  106  101 2026.72207 2007.63335  0.94%  27.8 39125s
 3924885 391562 infeasible   81      2026.72207 2007.64271  0.94%  27.8 39132s
 3925542 391529 infeasible   50      2026.72207 2007.64684  0.94%  27.8 39135s
 3925710 391491 2025.90864   84  132 2026.72207 2007.65307  0.94%  27.8 39145s
 3926359 391442     cutoff   99      2026.72207 2007.66046  0.94%  27.8 39153s
 3926962 391414 infeasible   78      2026.72207 2007.66631  0.94%  27.8 39156s
 3927071 391380 2013.49624   88  141 2026.72207 2007.66962  0.94%  27.8 39164s
 3927678 391318     cutoff  101      2026.72207 2007.67502  0.94%  27.8 39169s
 3927913 391319     cutoff   84      2026.72207 2007.68050  0.94%  27.8 39176s
 3928542 391322 2007.98150   91   65 2026.72207 2007.68754  0.94%  27.8 39180s
 3929027 391323 infeasible   71      2026.72207 2007.68906  0.94%  27.8 39187s
 3929090 391305 infeasible   99      2026.72207 2007.68906  0.94%  27.8 39197s
 3929672 391259 2008.54919  116   80 2026.72207 2007.69260  0.94%  27.8 39206s
 3930262 391161 infeasible   89      2026.72207 2007.70153  0.94%  27.8 39216s
 3930836 391109 infeasible  101      2026.72207 2007.71214  0.94%  27.8 39220s
 3930993 391047 infeasible   78      2026.72207 2007.71394  0.94%  27.8 39226s
 3931756 391054 infeasible   89      2026.72207 2007.72446  0.94%  27.8 39235s
 3932402 391079 2024.61713   86  135 2026.72207 2007.73056  0.94%  27.7 39243s
 3932992 391067 2008.14209   86  187 2026.72207 2007.73566  0.94%  27.7 39272s
 3933138 391115 2016.35594  100   14 2026.72207 2007.73761  0.94%  27.7 39289s
 3935106 391069 2008.82301  112  232 2026.72207 2007.74895  0.94%  27.7 39292s
 3935378 391053 2007.86702   94   83 2026.72207 2007.75150  0.94%  27.7 39300s
 3936105 390947 2008.09330   71  166 2026.72207 2007.76149  0.94%  27.7 39306s
 3936659 390904 infeasible   92      2026.72207 2007.76840  0.94%  27.7 39311s
 3936903 390898 2020.40145   63   53 2026.72207 2007.77210  0.94%  27.7 39319s
 3937497 390851 infeasible   77      2026.72207 2007.77775  0.93%  27.7 39323s
 3937636 390787 infeasible   82      2026.72207 2007.78146  0.93%  27.7 39332s
 3938230 390779 2019.40828   73    3 2026.72207 2007.78822  0.93%  27.7 39337s
 3938649 390722 2008.32853   92  158 2026.72207 2007.79393  0.93%  27.7 39340s
 3938833 390711 2007.79856   85  151 2026.72207 2007.79704  0.93%  27.7 39346s
 3939448 390650     cutoff   81      2026.72207 2007.80413  0.93%  27.7 39350s
 3939583 390648 2013.52391   72  170 2026.72207 2007.80691  0.93%  27.7 39359s
 3940202 390640 infeasible   84      2026.72207 2007.81253  0.93%  27.7 39362s
 3940448 390670 2022.10866   89  140 2026.72207 2007.81340  0.93%  27.7 39371s
 3941060 390614 2022.97655   86  163 2026.72207 2007.82032  0.93%  27.7 39375s
 3941667 390561 2008.46340   83  186 2026.72207 2007.82789  0.93%  27.7 39388s
 3942214 390548 infeasible   71      2026.72207 2007.83401  0.93%  27.7 39391s
 3942351 390525 2013.56947   64   71 2026.72207 2007.83600  0.93%  27.7 39398s
 3942948 390486 infeasible   98      2026.72207 2007.84123  0.93%  27.7 39401s
 3943128 390433 infeasible   96      2026.72207 2007.84447  0.93%  27.7 39407s
 3943736 390407     cutoff   78      2026.72207 2007.85294  0.93%  27.7 39411s
 3943849 390400 2021.45934   77   36 2026.72207 2007.85389  0.93%  27.7 39415s
 3944341 390392 2009.62306   95   41 2026.72207 2007.85728  0.93%  27.7 39422s
 3944955 390374 2023.77747  105   54 2026.72207 2007.86431  0.93%  27.7 39425s
 3945041 390345 2010.01684   91   43 2026.72207 2007.86606  0.93%  27.7 39433s
 3945648 390307 2007.87267   72   39 2026.72207 2007.87056  0.93%  27.7 39438s
 3945799 390290 2008.08205   66  172 2026.72207 2007.87300  0.93%  27.7 39444s
 3946465 390304 2022.42101  117  148 2026.72207 2007.87947  0.93%  27.7 39450s
 3947022 390212 infeasible  101      2026.72207 2007.88457  0.93%  27.7 39461s
 3947780 390097 2007.98044   83   63 2026.72207 2007.89448  0.93%  27.7 39469s
 3948382 390058 2008.63456   86  243 2026.72207 2007.90326  0.93%  27.7 39473s
 3948694 390014 2016.97016   85   24 2026.72207 2007.90812  0.93%  27.7 39482s
 3949249 389992 2016.03148   93  135 2026.72207 2007.91436  0.93%  27.7 39485s
 3949387 389901 2025.88483  108  191 2026.72207 2007.91551  0.93%  27.7 39494s
 3949939 389829 2007.92887   93  148 2026.72207 2007.92347  0.93%  27.7 39502s
 3950542 389796     cutoff   75      2026.72207 2007.93100  0.93%  27.7 39505s
 3950673 389780 2023.21877   74  134 2026.72207 2007.93125  0.93%  27.7 39514s
 3951293 389758 infeasible   78      2026.72207 2007.93768  0.93%  27.7 39522s
 3951715 389730 infeasible   86      2026.72207 2007.94213  0.93%  27.7 39526s
 3951811 389702 2023.85376   80   38 2026.72207 2007.94354  0.93%  27.7 39533s
 3952450 389676 2015.91667   86   42 2026.72207 2007.95271  0.93%  27.7 39535s
 3952562 389676     cutoff  100      2026.72207 2007.95466  0.93%  27.7 39540s
 3952856 389647 2008.25760   89   52 2026.72207 2007.95466  0.93%  27.7 39545s
 3953140 389664 infeasible   64      2026.72207 2007.96142  0.93%  27.7 39551s
 3953271 389585 2020.55060   65   23 2026.72207 2007.96323  0.93%  27.7 39558s
 3953746 389594 infeasible   76      2026.72207 2007.96509  0.93%  27.7 39562s
 3954000 389582 infeasible   56      2026.72207 2007.96518  0.93%  27.7 39569s
 3954673 389580 2008.01950   78  133 2026.72207 2007.97523  0.92%  27.7 39574s
 3955032 389545 infeasible   66      2026.72207 2007.97758  0.92%  27.7 39580s
 3955420 389479 2012.60698  108  160 2026.72207 2007.98112  0.92%  27.7 39587s
 3955971 389460 infeasible   98      2026.72207 2007.98702  0.92%  27.7 39591s
 3956076 389443 2026.65734   75  178 2026.72207 2007.98769  0.92%  27.7 39600s
 3956649 389422 2016.34500   92  141 2026.72207 2007.99589  0.92%  27.7 39605s
 3956888 389372 infeasible   69      2026.72207 2007.99738  0.92%  27.7 39616s
 3957468 389341 2018.11541   91  232 2026.72207 2008.00486  0.92%  27.7 39620s
 3957574 389352 2016.96511   50    5 2026.72207 2008.00592  0.92%  27.7 39630s
 3958335 389362 2011.57970   69  187 2026.72207 2008.01309  0.92%  27.7 39641s
 3958986 389315 2010.77400   79  149 2026.72207 2008.01683  0.92%  27.7 39678s
 3959147 389078 infeasible   83      2026.72207 2008.01981  0.92%  27.7 39695s
 3960836 389049 infeasible  104      2026.72207 2008.03551  0.92%  27.7 39701s
 3960955 388982 2024.55118   77  135 2026.72207 2008.03711  0.92%  27.7 39710s
 3961766 388771 2010.57932   72  163 2026.72207 2008.04910  0.92%  27.7 39719s
 3962368 388749 2008.44048   79  156 2026.72207 2008.05719  0.92%  27.7 39723s
 3962505 388704 2010.35998   90  290 2026.72207 2008.05800  0.92%  27.7 39732s
 3963053 388649 infeasible   71      2026.72207 2008.06533  0.92%  27.7 39736s
 3963440 388635 infeasible   81      2026.72207 2008.07034  0.92%  27.7 39742s
 3963629 388625 2008.50214   90  143 2026.72207 2008.07244  0.92%  27.7 39746s
 3963977 388592 infeasible   90      2026.72207 2008.07260  0.92%  27.7 39750s
 3964177 388587 2021.12078   94  158 2026.72207 2008.07306  0.92%  27.7 39756s
 3964495 388575 2008.07895   97   45 2026.72207 2008.07895  0.92%  27.7 39764s
 3965070 388563 2008.07895   98  104 2026.72207 2008.07895  0.92%  27.7 39766s
 3965159 388561     cutoff   83      2026.72207 2008.08367  0.92%  27.7 39772s
 3966083 388386 2019.48492   82  169 2026.72207 2008.09467  0.92%  27.7 39783s
 3966793 388374 infeasible   89      2026.72207 2008.10515  0.92%  27.7 39785s
 3966914 388361 infeasible   66      2026.72207 2008.10644  0.92%  27.7 39792s
 3967652 388321 2008.35198   66  124 2026.72207 2008.11422  0.92%  27.7 39802s
 3968192 388285 2021.37977   92   65 2026.72207 2008.12142  0.92%  27.7 39806s
 3968305 388249 2008.80610   97  161 2026.72207 2008.12277  0.92%  27.7 39816s
 3969010 388210 infeasible   69      2026.72207 2008.13094  0.92%  27.7 39822s
 3969350 388192 2021.96734  116  110 2026.72207 2008.13424  0.92%  27.7 39828s
 3970054 388195 infeasible   75      2026.72207 2008.14130  0.92%  27.7 39831s
 3970166 388179 2015.33909   99  150 2026.72207 2008.14229  0.92%  27.7 39838s
 3970856 388134 2024.57063   89  122 2026.72207 2008.14811  0.92%  27.7 39848s
 3971496 388126 infeasible   95      2026.72207 2008.15571  0.92%  27.7 39851s
 3971643 388126 2018.85661   89  125 2026.72207 2008.15713  0.92%  27.7 39860s
 3972620 388042 2013.30919   98  159 2026.72207 2008.17009  0.92%  27.7 39872s
 3973104 388012 2011.01483  103  115 2026.72207 2008.17300  0.92%  27.7 39876s
 3973235 388015 2008.18881   95  150 2026.72207 2008.17446  0.92%  27.7 39887s
 3973880 387985 infeasible   60      2026.72207 2008.18168  0.91%  27.7 39894s
 3974415 387964 infeasible   92      2026.72207 2008.18735  0.91%  27.7 39897s
 3974540 387999 infeasible   68      2026.72207 2008.18953  0.91%  27.7 39904s
 3975221 387901 2008.29811   96   86 2026.72207 2008.19819  0.91%  27.7 39909s
 3975620 387856     cutoff   83      2026.72207 2008.20346  0.91%  27.7 39913s
 3975867 387859 2009.13409   69   51 2026.72207 2008.20836  0.91%  27.7 39918s
 3976511 387833 infeasible   89      2026.72207 2008.21444  0.91%  27.7 39921s
 3976669 387832     cutoff   73      2026.72207 2008.21648  0.91%  27.7 39928s
 3977311 387762 infeasible  108      2026.72207 2008.22129  0.91%  27.7 39959s
 3977580 387722 2014.62582   86   73 2026.72207 2008.22735  0.91%  27.7 39971s
 3978853 387686     cutoff   63      2026.72207 2008.23905  0.91%  27.7 39977s
 3979180 387613 infeasible   64      2026.72207 2008.24337  0.91%  27.7 39983s
 3979629 387594 2018.93169   70   58 2026.72207 2008.24880  0.91%  27.7 39985s
 3979794 387559     cutoff   76      2026.72207 2008.25173  0.91%  27.7 39996s
 3980070 387493 infeasible   93      2026.72207 2008.25427  0.91%  27.7 40000s
 3980323 387385 2008.34067   93  143 2026.72207 2008.25927  0.91%  27.7 40008s
 3980996 387342 infeasible   84      2026.72207 2008.26915  0.91%  27.7 40012s
 3981131 387317 2008.70687   65  195 2026.72207 2008.27155  0.91%  27.7 40021s
 3981838 387264 infeasible   60      2026.72207 2008.27950  0.91%  27.7 40028s
 3982510 387239 infeasible   70      2026.72207 2008.28386  0.91%  27.7 40032s
 3982639 387224 infeasible   99      2026.72207 2008.28675  0.91%  27.7 40039s
 3983290 387194     cutoff   94      2026.72207 2008.29199  0.91%  27.7 40043s
 3983426 387125 2023.45258   69  173 2026.72207 2008.29295  0.91%  27.7 40054s
 3984067 387073     cutoff  102      2026.72207 2008.30099  0.91%  27.7 40059s
 3984419 387019     cutoff   81      2026.72207 2008.30811  0.91%  27.7 40064s
 3984618 387103 2008.77026   75  219 2026.72207 2008.31100  0.91%  27.7 40070s
 3985299 387080     cutoff   93      2026.72207 2008.31681  0.91%  27.7 40075s
 3985518 387045 2021.89359   68   54 2026.72207 2008.31937  0.91%  27.7 40080s
 3986171 386971 2013.78175   99  140 2026.72207 2008.32646  0.91%  27.7 40086s
 3986755 386822 infeasible   74      2026.72207 2008.33284  0.91%  27.7 40095s
 3987313 386822 infeasible   94      2026.72207 2008.34023  0.91%  27.7 40100s
 3987995 386780 2008.39841   88  126 2026.72207 2008.34843  0.91%  27.7 40109s
 3988605 386746 infeasible   41      2026.72207 2008.35455  0.91%  27.7 40111s
 3988743 386736 2023.44325   85  171 2026.72207 2008.35645  0.91%  27.7 40117s
 3989368 386717 infeasible  104      2026.72207 2008.36460  0.91%  27.7 40120s
 3989465 386748 2019.58680  100  203 2026.72207 2008.36484  0.91%  27.7 40130s
 3990070 386703 infeasible   64      2026.72207 2008.36903  0.91%  27.7 40163s
 3990218 386507 2008.39142   89   56 2026.72207 2008.37202  0.91%  27.7 40196s
 3991998 386492 infeasible   74      2026.72207 2008.38599  0.90%  27.7 40200s
 3992215 386507     cutoff   82      2026.72207 2008.38803  0.90%  27.7 40209s
 3992799 386475 2019.37840   88  212 2026.72207 2008.39281  0.90%  27.7 40212s
 3993022 386447     cutoff   88      2026.72207 2008.39708  0.90%  27.7 40215s
 3993294 386489 2010.42327   96   49 2026.72207 2008.39989  0.90%  27.7 40223s
 3994000 386500 2009.80297   98  166 2026.72207 2008.40785  0.90%  27.7 40226s
 3994229 386485 infeasible   99      2026.72207 2008.41009  0.90%  27.7 40234s
 3994870 386453 infeasible   86      2026.72207 2008.41434  0.90%  27.6 40238s
 3994992 386403 2026.19883   88   43 2026.72207 2008.41506  0.90%  27.6 40243s
 3995567 386400 infeasible   94      2026.72207 2008.42274  0.90%  27.6 40246s
 3995826 386374 infeasible   50      2026.72207 2008.42389  0.90%  27.6 40252s
 3996421 386344 2018.58922   79   48 2026.72207 2008.43236  0.90%  27.6 40257s
 3996532 386325 2010.23612   52  129 2026.72207 2008.43263  0.90%  27.6 40265s
 3997365 386348 2016.07492  108  135 2026.72207 2008.44137  0.90%  27.6 40275s
 3998242 386213 2013.60901  113  149 2026.72207 2008.45029  0.90%  27.6 40287s
 3998850 386189 2008.76486   61   33 2026.72207 2008.46003  0.90%  27.6 40292s
 3998922 386240 2025.47745  102  144 2026.72207 2008.46246  0.90%  27.6 40299s
 3999571 386205 2010.06622   64    6 2026.72207 2008.46826  0.90%  27.6 40303s
 3999736 386146     cutoff  105      2026.72207 2008.46933  0.90%  27.6 40308s
 4000294 386087 2009.16749   94  158 2026.72207 2008.47437  0.90%  27.6 40311s
 4000478 386026 infeasible   72      2026.72207 2008.47652  0.90%  27.6 40316s
 4001251 385963 2013.64661   63  170 2026.72207 2008.48745  0.90%  27.6 40325s
 4002142 385905 infeasible   79      2026.72207 2008.49762  0.90%  27.6 40330s
 4002262 385855 2008.98480   81  181 2026.72207 2008.49762  0.90%  27.6 40337s
 4002978 385722 2016.66875   74  189 2026.72207 2008.50646  0.90%  27.6 40349s
 4003560 385676 infeasible   89      2026.72207 2008.51672  0.90%  27.6 40355s
 4003744 385584 2009.24421   69   83 2026.72207 2008.52032  0.90%  27.6 40362s
 4004316 385555 infeasible  101      2026.72207 2008.52661  0.90%  27.6 40365s
 4004518 385530 2008.53538   94   73 2026.72207 2008.52811  0.90%  27.6 40371s
 4005212 385405     cutoff   95      2026.72207 2008.53325  0.90%  27.6 40381s
 4005808 385361 2025.81105   88  142 2026.72207 2008.54288  0.90%  27.6 40386s
 4006030 385294 infeasible   65      2026.72207 2008.54404  0.90%  27.6 40392s
 4006534 385297 2010.66645  109  211 2026.72207 2008.55188  0.90%  27.6 40395s
 4006659 385368     cutoff   72      2026.72207 2008.55502  0.90%  27.6 40401s
 4007324 385257 2008.91994  111  146 2026.72207 2008.56021  0.90%  27.6 40440s
 4008028 385204 infeasible   92      2026.72207 2008.56962  0.90%  27.6 40452s
 4008723 385165 infeasible   94      2026.72207 2008.57528  0.90%  27.6 40455s
 4008842 385180     cutoff   65      2026.72207 2008.57873  0.90%  27.6 40461s
 4009688 385039     cutoff   99      2026.72207 2008.58832  0.89%  27.6 40470s
 4010369 385043 2024.88611   87   54 2026.72207 2008.59723  0.89%  27.6 40478s
 4010993 385030 2026.36060   82   33 2026.72207 2008.60086  0.89%  27.6 40483s
 4011320 384961 2008.93486   80  145 2026.72207 2008.60418  0.89%  27.6 40487s
 4011554 384930 2011.97809  105  246 2026.72207 2008.60862  0.89%  27.6 40492s
 4011874 384848     cutoff   69      2026.72207 2008.61158  0.89%  27.6 40498s
 4012130 384837 2008.61888   87  208 2026.72207 2008.61407  0.89%  27.6 40504s
 4012526 384848 infeasible   58      2026.72207 2008.61925  0.89%  27.6 40506s
 4012603 384787 infeasible   91      2026.72207 2008.61953  0.89%  27.6 40516s
 4013222 384719 infeasible  111      2026.72207 2008.62596  0.89%  27.6 40522s
 4013729 384690 2008.63611   87  100 2026.72207 2008.63264  0.89%  27.6 40526s
 4013960 384613 2009.27016   98  140 2026.72207 2008.63645  0.89%  27.6 40535s
 4014730 384587 2008.84197   87   60 2026.72207 2008.64529  0.89%  27.6 40545s
 4015614 384519 2010.76105   80  157 2026.72207 2008.65338  0.89%  27.6 40555s
 4016326 384466 infeasible   92      2026.72207 2008.65884  0.89%  27.6 40565s
 4016977 384419     cutoff  105      2026.72207 2008.66775  0.89%  27.6 40570s
 4017570 384470 infeasible  106      2026.72207 2008.67077  0.89%  27.6 40580s
 4018208 384423 infeasible   75      2026.72207 2008.68052  0.89%  27.6 40606s
 4018484 384299 2015.79219   72  253 2026.72207 2008.68285  0.89%  27.6 40615s
 4019682 384211 2026.57026  101   43 2026.72207 2008.69321  0.89%  27.6 40623s
 4020283 384202 2009.06635   94  136 2026.72207 2008.70042  0.89%  27.6 40626s
 4020987 384141     cutoff   95      2026.72207 2008.70794  0.89%  27.6 40632s
 4021334 384108     cutoff   78      2026.72207 2008.71216  0.89%  27.6 40635s
 4021442 384118 2009.39084   97  160 2026.72207 2008.71349  0.89%  27.6 40640s
 4022145 384100 2008.72382   88   36 2026.72207 2008.72137  0.89%  27.6 40647s
 4022769 384075 2019.18653   66   45 2026.72207 2008.72742  0.89%  27.6 40650s
 4023193 384007 2014.74519  110  156 2026.72207 2008.72848  0.89%  27.6 40656s
 4023372 383903 infeasible   98      2026.72207 2008.73504  0.89%  27.6 40661s
 4023914 383867 infeasible  122      2026.72207 2008.74215  0.89%  27.6 40665s
 4024046 383873 infeasible   81      2026.72207 2008.74316  0.89%  27.6 40671s
 4024894 383810 infeasible   78      2026.72207 2008.75107  0.89%  27.6 40682s
 4025501 383725 2025.85342  113   51 2026.72207 2008.75681  0.89%  27.6 40688s
 4025874 383707 2023.21947   91   85 2026.72207 2008.76284  0.89%  27.6 40693s
 4026186 383625 2009.08076  102  161 2026.72207 2008.76440  0.89%  27.6 40699s
 4026691 383591 2014.76640   86  174 2026.72207 2008.76996  0.89%  27.6 40703s
 4026847 383537 2010.56134   84   19 2026.72207 2008.77027  0.89%  27.6 40712s
 4027438 383496 2015.83758   90   29 2026.72207 2008.77811  0.89%  27.6 40719s
 4027892 383487 2008.79527   71  182 2026.72207 2008.78407  0.89%  27.6 40722s
 4027979 383451 2008.83809   72  173 2026.72207 2008.78407  0.89%  27.6 40728s
 4028656 383454 2008.94580   68  166 2026.72207 2008.79230  0.88%  27.6 40734s
 4028946 383462 2008.85864   92   55 2026.72207 2008.79415  0.88%  27.6 40742s
 4029573 383437 2015.66315   62   55 2026.72207 2008.80025  0.88%  27.6 40775s
 4029769 383255 2012.63846   92  155 2026.72207 2008.80294  0.88%  27.6 40790s
 4031242 383185 2015.75384   77  147 2026.72207 2008.81332  0.88%  27.6 40800s
 4031937 383147 infeasible   66      2026.72207 2008.82145  0.88%  27.6 40806s
 4032638 383056 2010.54211   88  147 2026.72207 2008.82886  0.88%  27.6 40813s
 4033196 383027 2008.83798   69    9 2026.72207 2008.83697  0.88%  27.6 40815s
 4033284 382988 2011.45157   93  175 2026.72207 2008.83798  0.88%  27.6 40820s
 4033969 382894     cutoff   77      2026.72207 2008.84324  0.88%  27.6 40827s
 4034545 382845 2008.86020   89  144 2026.72207 2008.85291  0.88%  27.6 40831s
 4034721 382779 2008.93511   88  159 2026.72207 2008.85641  0.88%  27.6 40838s
 4035303 382734 infeasible   61      2026.72207 2008.86296  0.88%  27.6 40842s
 4035476 382751 infeasible   98      2026.72207 2008.86518  0.88%  27.6 40848s
 4036028 382714 2013.68062   78  188 2026.72207 2008.86853  0.88%  27.6 40850s
 4036204 382705 2018.54736   90   93 2026.72207 2008.87058  0.88%  27.6 40856s
 4036842 382637 infeasible   92      2026.72207 2008.87836  0.88%  27.6 40861s
 4037050 382606 2008.89242   86  141 2026.72207 2008.88116  0.88%  27.6 40865s
 4037700 382485 infeasible   82      2026.72207 2008.89064  0.88%  27.6 40873s
 4038165 382467 infeasible   67      2026.72207 2008.89562  0.88%  27.6 40875s
 4038264 382437 infeasible   69      2026.72207 2008.89605  0.88%  27.6 40881s
 4038349 382427 2018.37461   76  248 2026.72207 2008.90082  0.88%  27.6 40886s
 4038891 382350 infeasible   99      2026.72207 2008.90341  0.88%  27.6 40891s
 4039047 382343 infeasible   77      2026.72207 2008.90749  0.88%  27.6 40897s
 4039706 382314 infeasible   59      2026.72207 2008.91325  0.88%  27.6 40900s
 4039892 382220 2008.91685   79  127 2026.72207 2008.91500  0.88%  27.6 40907s
 4040441 382171     cutoff   67      2026.72207 2008.92278  0.88%  27.6 40910s
 4040586 382160 2022.12085   97  122 2026.72207 2008.92580  0.88%  27.6 40916s
 4041375 382107 2009.86053   99   65 2026.72207 2008.93329  0.88%  27.6 40927s
 4042039 382056 2022.32010   56  133 2026.72207 2008.93973  0.88%  27.6 40934s
 4042433 381962 2012.99670  113  143 2026.72207 2008.94497  0.88%  27.6 40939s
 4042692 381957 infeasible   51      2026.72207 2008.94907  0.88%  27.6 40952s
 4043314 381940 2019.19396   76  134 2026.72207 2008.95247  0.88%  27.6 40955s
 4043416 381944 2009.53945   91  143 2026.72207 2008.95575  0.88%  27.6 40962s
 4044036 381888 2016.05394   81  181 2026.72207 2008.96077  0.88%  27.6 40968s
 4044357 381888 2023.67762   52  133 2026.72207 2008.96361  0.88%  27.6 40974s
 4044794 381830 infeasible   89      2026.72207 2008.96666  0.88%  27.6 40978s
 4044975 381743 2017.46013   86  139 2026.72207 2008.97236  0.88%  27.6 40985s
 4045713 381670 2013.37857   88  189 2026.72207 2008.98384  0.88%  27.6 40995s
 4046343 381612 2009.03161   85  145 2026.72207 2008.98851  0.87%  27.6 41000s
 4046570 381758 2009.99321   81  162 2026.72207 2008.99281  0.87%  27.6 41005s
 4047301 381737 2015.50883  113   29 2026.72207 2008.99296  0.87%  27.6 41027s
 4047413 381664 2019.79383  104   53 2026.72207 2008.99497  0.87%  27.6 41049s
 4049840 381653 2011.57006   99   83 2026.72207 2009.00868  0.87%  27.6 41052s
 4049905 381631 2011.26585   84  176 2026.72207 2009.00909  0.87%  27.6 41055s
 4050009 381635 infeasible   83      2026.72207 2009.00959  0.87%  27.6 41060s
 4050670 381576 2018.70705   88   52 2026.72207 2009.01656  0.87%  27.6 41069s
 4051183 381518 infeasible   93      2026.72207 2009.01978  0.87%  27.6 41073s
 4051383 381459 infeasible   58      2026.72207 2009.02482  0.87%  27.6 41081s
 4051938 381397 infeasible   76      2026.72207 2009.03015  0.87%  27.6 41086s
 4052065 381335 2013.01773   88   75 2026.72207 2009.03059  0.87%  27.6 41093s
 4052528 381312 infeasible   82      2026.72207 2009.03865  0.87%  27.6 41095s
 4052595 381269 2011.72998   78  134 2026.72207 2009.03970  0.87%  27.6 41102s
 4053182 381232 2013.29647   83  175 2026.72207 2009.04576  0.87%  27.6 41107s
 4053492 381187 infeasible   50      2026.72207 2009.04896  0.87%  27.6 41111s
 4053638 381188 2017.46353   52   91 2026.72207 2009.05037  0.87%  27.6 41118s
 4054206 381169 2012.55026   68   95 2026.72207 2009.05477  0.87%  27.6 41123s
 4054518 381123 2015.31693   58   35 2026.72207 2009.05930  0.87%  27.6 41127s
 4054847 381084     cutoff   69      2026.72207 2009.06281  0.87%  27.6 41131s
 4055080 381021 2009.19253   96   87 2026.72207 2009.06517  0.87%  27.6 41139s
 4055647 380995 2025.14878   83  162 2026.72207 2009.07131  0.87%  27.6 41142s
 4055744 380974 2009.90977   57   64 2026.72207 2009.07313  0.87%  27.6 41150s
 4056550 380934 infeasible   69      2026.72207 2009.08113  0.87%  27.6 41159s
 4057110 380899 2012.88541   63   62 2026.72207 2009.08770  0.87%  27.6 41161s
 4057199 380863 2009.75607   55  141 2026.72207 2009.08931  0.87%  27.6 41167s
 4057755 380836 2009.43263   83  165 2026.72207 2009.09478  0.87%  27.6 41170s
 4057854 380763 2009.25605  122   48 2026.72207 2009.09703  0.87%  27.6 41176s
 4058480 380697 infeasible  102      2026.72207 2009.10416  0.87%  27.6 41180s
 4059087 380620 2018.21391   70  140 2026.72207 2009.11482  0.87%  27.6 41188s
 4059609 380600 infeasible   74      2026.72207 2009.11984  0.87%  27.6 41190s
 4059693 380493 2021.65239   57  188 2026.72207 2009.12163  0.87%  27.6 41195s
 4060511 380415     cutoff  100      2026.72207 2009.13369  0.87%  27.6 41202s
 4061201 380359 2014.55600   80  244 2026.72207 2009.14013  0.87%  27.5 41210s
 4062078 380244 2009.15810   80  195 2026.72207 2009.14885  0.87%  27.5 41217s
 4062596 380136 2015.16777   95   28 2026.72207 2009.15574  0.87%  27.5 41227s
 4063214 380123 infeasible   80      2026.72207 2009.16298  0.87%  27.5 41231s
 4063357 380044 2024.86726   91   37 2026.72207 2009.16456  0.87%  27.5 41238s
 4063935 380033     cutoff   96      2026.72207 2009.17313  0.87%  27.5 41241s
 4064092 379966 infeasible  102      2026.72207 2009.17427  0.87%  27.5 41246s
 4064768 379932 2011.47499   71   38 2026.72207 2009.18334  0.87%  27.5 41254s
 4065394 379878 2021.27013   43    7 2026.72207 2009.18888  0.87%  27.5 41256s
 4065619 379838 infeasible   73      2026.72207 2009.19175  0.86%  27.5 41264s
 4066155 379835 2025.17299   78   91 2026.72207 2009.19665  0.86%  27.5 41266s
 4066193 379756 2010.41389  102  155 2026.72207 2009.19736  0.86%  27.5 41276s
 4066786 379706     cutoff   72      2026.72207 2009.20330  0.86%  27.5 41280s
 4067366 379720 infeasible   59      2026.72207 2009.21306  0.86%  27.5 41291s
 4068026 379701 infeasible   67      2026.72207 2009.21854  0.86%  27.5 41329s
 4068180 379532 2019.07083   78  101 2026.72207 2009.22027  0.86%  27.5 41349s
 4069710 379470     cutoff   96      2026.72207 2009.23223  0.86%  27.5 41353s
 4069819 379470 infeasible  105      2026.72207 2009.23369  0.86%  27.5 41358s
 4069941 379402     cutoff   76      2026.72207 2009.23396  0.86%  27.5 41369s
 4070545 379366 2009.24749   97  155 2026.72207 2009.23862  0.86%  27.5 41373s
 4070753 379340 2012.45275   95  147 2026.72207 2009.24270  0.86%  27.5 41383s
 4071390 379310 2009.76342   71  109 2026.72207 2009.24983  0.86%  27.5 41386s
 4071498 379254 infeasible   67      2026.72207 2009.25221  0.86%  27.5 41394s
 4072166 379215 2009.27671   55  127 2026.72207 2009.26008  0.86%  27.5 41401s
 4072532 379190 2009.82020   89  158 2026.72207 2009.26509  0.86%  27.5 41406s
 4072743 379176 2025.88780   93   43 2026.72207 2009.26681  0.86%  27.5 41412s
 4073384 379144 infeasible  121      2026.72207 2009.27007  0.86%  27.5 41416s
 4073574 379091     cutoff   77      2026.72207 2009.27202  0.86%  27.5 41423s
 4074207 379093 infeasible   98      2026.72207 2009.27903  0.86%  27.5 41425s
 4074352 379035 2025.69373   77  258 2026.72207 2009.28115  0.86%  27.5 41435s
 4074940 378995 infeasible  120      2026.72207 2009.28820  0.86%  27.5 41444s
 4075552 378941 infeasible   73      2026.72207 2009.29340  0.86%  27.5 41448s
 4075720 378899 2009.45835   56  157 2026.72207 2009.29649  0.86%  27.5 41455s
 4076447 378784 infeasible   89      2026.72207 2009.30503  0.86%  27.5 41465s
 4077220 378611 2010.36250   95  127 2026.72207 2009.31520  0.86%  27.5 41478s
 4077785 378596 infeasible   64      2026.72207 2009.32061  0.86%  27.5 41480s
 4077884 378561 2010.98044  101  166 2026.72207 2009.32178  0.86%  27.5 41489s
 4078468 378516 infeasible  114      2026.72207 2009.32730  0.86%  27.5 41493s
 4078580 378452 infeasible   96      2026.72207 2009.33176  0.86%  27.5 41502s
 4079220 378458 2009.33991  100  158 2026.72207 2009.33983  0.86%  27.5 41505s
 4079298 378437 2016.49737   94   33 2026.72207 2009.34083  0.86%  27.5 41513s
 4079892 378405 2009.72701   80   30 2026.72207 2009.34364  0.86%  27.5 41521s
 4080454 378406     cutoff   80      2026.72207 2009.35254  0.86%  27.5 41528s
 4080664 378363 2011.97448   83   41 2026.72207 2009.35338  0.86%  27.5 41539s
 4081274 378342 2009.87261   95   40 2026.72207 2009.35636  0.86%  27.5 41544s
 4081689 378341 infeasible   82      2026.72207 2009.36122  0.86%  27.5 41549s
 4081955 378290 infeasible   85      2026.72207 2009.36410  0.86%  27.5 41555s
 4082278 378270 2009.46829   85  213 2026.72207 2009.36634  0.86%  27.5 41560s
 4082906 378214 infeasible   84      2026.72207 2009.37278  0.86%  27.5 41571s
 4083463 378150 2009.46258   62   33 2026.72207 2009.38028  0.86%  27.5 41578s
 4084089 378117 2019.68543   86  162 2026.72207 2009.38782  0.86%  27.5 41580s
 4084172 378081 infeasible   97      2026.72207 2009.38915  0.86%  27.5 41585s
 4084845 378011 2026.20478   90   58 2026.72207 2009.39700  0.85%  27.5 41595s
 4085589 377918 infeasible   77      2026.72207 2009.40676  0.85%  27.5 41605s
 4086518 377848 infeasible   73      2026.72207 2009.41723  0.85%  27.5 41617s
 4087305 377738 2009.55525  118   49 2026.72207 2009.42595  0.85%  27.5 41626s
 4087909 377662 infeasible   83      2026.72207 2009.43240  0.85%  27.5 41631s
 4088229 377655 2009.44533   95   57 2026.72207 2009.43835  0.85%  27.5 41637s
 4088737 377637 2009.44022   86  186 2026.72207 2009.44022  0.85%  27.5 41640s
 4088877 377560 2018.85395   78  169 2026.72207 2009.44218  0.85%  27.5 41645s
 4089782 377396     cutoff   95      2026.72207 2009.45570  0.85%  27.5 41653s
 4090071 377435 2009.49807   92  117 2026.72207 2009.45973  0.85%  27.5 41660s
 4090712 377254 infeasible   88      2026.72207 2009.46707  0.85%  27.5 41676s
 4091304 377229 infeasible   60      2026.72207 2009.47362  0.85%  27.5 41680s
 4091379 377157 infeasible   98      2026.72207 2009.47610  0.85%  27.5 41688s
 4091983 377124 2025.61341   99  131 2026.72207 2009.48236  0.85%  27.5 41695s
 4092598 377012 2023.14901   62   23 2026.72207 2009.48691  0.85%  27.5 41705s
 4093194 377005 2023.50395   69   48 2026.72207 2009.49452  0.85%  27.5 41710s
 4093329 376906 2009.64823   83  168 2026.72207 2009.49606  0.85%  27.5 41718s
 4093956 376837     cutoff   84      2026.72207 2009.50292  0.85%  27.5 41722s
 4094182 376764 2009.59050   99   47 2026.72207 2009.50568  0.85%  27.5 41727s
 4094759 376741 2014.73531  100  170 2026.72207 2009.51152  0.85%  27.5 41730s
 4094981 376698 2011.11546   78   56 2026.72207 2009.51352  0.85%  27.5 41736s
 4095287 376652 2009.61893   93  134 2026.72207 2009.51491  0.85%  27.5 41740s
 4095448 376607 2022.26854   64   51 2026.72207 2009.51749  0.85%  27.5 41747s
 4096095 376523 2009.57178   95  137 2026.72207 2009.52403  0.85%  27.5 41750s
 4096273 376413 infeasible  103      2026.72207 2009.52610  0.85%  27.5 41757s
 4096896 376387     cutoff  105      2026.72207 2009.53589  0.85%  27.5 41768s
 4097536 376472 infeasible   58      2026.72207 2009.54215  0.85%  27.5 41776s
 4097973 376453 infeasible   95      2026.72207 2009.54228  0.85%  27.5 41817s
 4098656 376327 2010.26396   85   59 2026.72207 2009.54982  0.85%  27.5 41828s
 4099249 376293 2026.51619   82   32 2026.72207 2009.55637  0.85%  27.5 41831s
 4099447 376257 2024.53782   87  147 2026.72207 2009.55861  0.85%  27.5 41837s
 4100089 376192 infeasible  131      2026.72207 2009.56630  0.85%  27.5 41840s
 4100235 376158 infeasible  106      2026.72207 2009.56855  0.85%  27.5 41847s
 4100835 376113 infeasible   76      2026.72207 2009.57581  0.85%  27.5 41850s
 4100941 376105 2020.08961   82   80 2026.72207 2009.57607  0.85%  27.5 41856s
 4101712 375979 infeasible   76      2026.72207 2009.58499  0.85%  27.5 41864s
 4102374 375936     cutoff   85      2026.72207 2009.59380  0.85%  27.5 41868s
 4102496 375913 2016.52850   61   27 2026.72207 2009.59581  0.85%  27.5 41874s
 4103028 375872 2009.63091   87  189 2026.72207 2009.59872  0.84%  27.5 41877s
 4103146 375845     cutoff   72      2026.72207 2009.59872  0.84%  27.5 41883s
 4103782 375826     cutoff   68      2026.72207 2009.60962  0.84%  27.5 41885s
 4103930 375800 2011.11089   69   59 2026.72207 2009.61022  0.84%  27.5 41892s
 4104495 375756 infeasible   89      2026.72207 2009.61649  0.84%  27.5 41898s
 4104753 375677 infeasible  112      2026.72207 2009.61912  0.84%  27.5 41907s
 4105394 375667 infeasible   93      2026.72207 2009.62504  0.84%  27.5 41915s
 4106402 375616 infeasible   75      2026.72207 2009.63256  0.84%  27.5 41920s
 4106518 375540 infeasible   91      2026.72207 2009.63296  0.84%  27.5 41925s
 4107192 375436     cutoff   62      2026.72207 2009.64451  0.84%  27.5 41932s
 4107787 375425     cutoff   88      2026.72207 2009.64925  0.84%  27.5 41935s
 4107846 375374 2009.76887   75  239 2026.72207 2009.64941  0.84%  27.5 41940s
 4108698 375286 infeasible   94      2026.72207 2009.66265  0.84%  27.5 41950s
 4109339 375205 2009.96794   74   55 2026.72207 2009.66905  0.84%  27.5 41960s
 4110094 375153 2019.77731   96   90 2026.72207 2009.67955  0.84%  27.5 41969s
 4110729 375119 2009.75016   80  130 2026.72207 2009.68539  0.84%  27.5 41972s
 4110940 375022 2020.01162   98   54 2026.72207 2009.68920  0.84%  27.5 41979s
 4111508 374995 infeasible   91      2026.72207 2009.69521  0.84%  27.5 41983s
 4111652 374938 2021.44053   89   36 2026.72207 2009.69830  0.84%  27.5 41989s
 4112240 374881 infeasible   77      2026.72207 2009.70357  0.84%  27.5 41991s
 4112426 374821 infeasible  112      2026.72207 2009.70763  0.84%  27.5 41996s
 4113069 374818     cutoff   78      2026.72207 2009.71231  0.84%  27.5 42000s
 4113325 374725 2011.86582   71  133 2026.72207 2009.71243  0.84%  27.5 42010s
 4113765 374579 2010.58301   83  206 2026.72207 2009.72372  0.84%  27.5 42022s
 4114325 374550     cutoff   91      2026.72207 2009.73110  0.84%  27.5 42026s
 4114595 374510 2021.20432   98   46 2026.72207 2009.73389  0.84%  27.5 42033s
 4115206 374517 2009.98927  112   41 2026.72207 2009.73948  0.84%  27.5 42037s
 4115294 374431 infeasible   89      2026.72207 2009.74027  0.84%  27.5 42043s
 4115688 374420 2024.30177  101   34 2026.72207 2009.74569  0.84%  27.5 42048s
 4115779 374346 infeasible   85      2026.72207 2009.74643  0.84%  27.5 42056s
 4116346 374275 infeasible  100      2026.72207 2009.75529  0.84%  27.5 42062s
 4116692 374221 2009.77323   77  199 2026.72207 2009.76099  0.84%  27.5 42069s
 4117149 374222 2021.03316   83   28 2026.72207 2009.76600  0.84%  27.5 42072s
 4117336 374140 2024.64185   72   82 2026.72207 2009.76743  0.84%  27.5 42079s
 4117987 374089 infeasible   87      2026.72207 2009.77399  0.84%  27.5 42082s
 4118116 374083 2009.98527  110   69 2026.72207 2009.77428  0.84%  27.5 42090s
 4118686 374058 infeasible   46      2026.72207 2009.78007  0.84%  27.5 42095s
 4118812 373948 infeasible   97      2026.72207 2009.78396  0.84%  27.5 42102s
 4119439 373925 infeasible   64      2026.72207 2009.79062  0.84%  27.5 42106s
 4119579 373853 2010.26583   98  137 2026.72207 2009.79294  0.84%  27.5 42114s
 4120228 373832 2010.11001   77  235 2026.72207 2009.80085  0.83%  27.5 42119s
 4120696 373828 2010.85778   71  172 2026.72207 2009.80421  0.83%  27.5 42122s
 4120824 373743 infeasible   93      2026.72207 2009.80433  0.83%  27.5 42130s
 4121646 373723 2010.28851   73  183 2026.72207 2009.81479  0.83%  27.5 42143s
 4122339 373706 infeasible   87      2026.72207 2009.81948  0.83%  27.5 42146s
 4122445 373642 2011.92088   97  172 2026.72207 2009.81997  0.83%  27.5 42155s
 4123039 373575 2016.67068   77  181 2026.72207 2009.82537  0.83%  27.5 42160s
 4123738 373440     cutoff  100      2026.72207 2009.83400  0.83%  27.5 42173s
 4124339 373454 infeasible   77      2026.72207 2009.84137  0.83%  27.5 42176s
 4124445 373395 2010.81860   92  120 2026.72207 2009.84199  0.83%  27.5 42184s
 4125022 373371 infeasible   85      2026.72207 2009.84953  0.83%  27.5 42188s
 4125223 373284 2020.01119  121   23 2026.72207 2009.85106  0.83%  27.5 42196s
 4125942 373238 2009.86440   72   93 2026.72207 2009.86011  0.83%  27.5 42206s
 4126505 373185 infeasible   73      2026.72207 2009.86501  0.83%  27.5 42211s
 4126737 373147 infeasible   92      2026.72207 2009.87040  0.83%  27.5 42215s
 4126999 373124 2009.87301   83   67 2026.72207 2009.87301  0.83%  27.5 42222s
 4127627 373107 2010.06206   74  192 2026.72207 2009.87942  0.83%  27.5 42225s
 4127733 373061 2020.77479   81   49 2026.72207 2009.87994  0.83%  27.5 42235s
 4128533 372993 infeasible   91      2026.72207 2009.89001  0.83%  27.4 42248s
 4129135 372944 2009.89795   86   15 2026.72207 2009.89728  0.83%  27.4 42256s
 4129724 372876 infeasible   71      2026.72207 2009.90402  0.83%  27.4 42264s
 4130330 372857 infeasible   77      2026.72207 2009.91069  0.83%  27.4 42269s
 4130622 372829 infeasible   70      2026.72207 2009.91333  0.83%  27.4 42273s
 4130943 372797 2010.93142   54  205 2026.72207 2009.91749  0.83%  27.4 42277s
 4131270 372762 2009.92919   63   16 2026.72207 2009.92089  0.83%  27.4 42281s
 4131567 372740     cutoff   78      2026.72207 2009.92443  0.83%  27.4 42286s
 4131924 372697 infeasible   79      2026.72207 2009.92707  0.83%  27.4 42294s
 4132561 372672 2010.12213  106  191 2026.72207 2009.93294  0.83%  27.4 42299s
 4132645 372624 infeasible   83      2026.72207 2009.93426  0.83%  27.4 42307s
 4133241 372581 infeasible   79      2026.72207 2009.94228  0.83%  27.4 42312s
 4133390 372536 infeasible   83      2026.72207 2009.94525  0.83%  27.4 42320s
 4134082 372509 2024.47864   66   15 2026.72207 2009.95204  0.83%  27.4 42325s
 4134339 372477 infeasible   90      2026.72207 2009.95423  0.83%  27.4 42332s
 4134941 372441 2010.81252   71  108 2026.72207 2009.95959  0.83%  27.4 42337s
 4135097 372450 infeasible   67      2026.72207 2009.96070  0.83%  27.4 42345s
 4135683 372376 infeasible  115      2026.72207 2009.96691  0.83%  27.4 42350s
 4135992 372326 infeasible  103      2026.72207 2009.97122  0.83%  27.4 42357s
 4136427 372291 infeasible   74      2026.72207 2009.97658  0.83%  27.4 42360s
 4136603 372197 2009.98545   91  260 2026.72207 2009.97853  0.83%  27.4 42368s
 4137206 372162 infeasible  113      2026.72207 2009.98609  0.83%  27.4 42373s
 4137447 372222 2010.85483   98   63 2026.72207 2009.98902  0.83%  27.4 42381s
 4138191 372142 2010.92217  105   88 2026.72207 2009.99238  0.83%  27.4 42385s
 4138597 372077 2010.24308   84   55 2026.72207 2009.99516  0.83%  27.4 42392s
 4138784 372030 2010.00179   79   18 2026.72207 2009.99594  0.83%  27.4 42399s
 4139158 372014     cutoff  110      2026.72207 2010.00109  0.83%  27.4 42401s
 4139248 371932 2019.07205   73   76 2026.72207 2010.00180  0.82%  27.4 42408s
 4139675 371906 2018.11223   55   43 2026.72207 2010.00297  0.82%  27.4 42412s
 4139793 371907 2010.75164   62  162 2026.72207 2010.00669  0.82%  27.4 42420s
 4140333 371870 2010.83629  100  125 2026.72207 2010.01279  0.82%  27.4 42429s
 4140814 371854     cutoff   63      2026.72207 2010.01534  0.82%  27.4 42431s
 4141168 371784 infeasible   95      2026.72207 2010.02172  0.82%  27.4 42438s
 4141377 371715 infeasible   59      2026.72207 2010.02588  0.82%  27.4 42445s
 4141845 371630 2012.12246   64  118 2026.72207 2010.03184  0.82%  27.4 42453s
 4142555 371564 2011.15812   95  202 2026.72207 2010.04717  0.82%  27.4 42459s
 4142852 371528 infeasible   67      2026.72207 2010.05025  0.82%  27.4 42469s
 4143555 371514 2011.71215  100  163 2026.72207 2010.05440  0.82%  27.4 42472s
 4143647 371486 2011.77727  101  149 2026.72207 2010.05552  0.82%  27.4 42480s
 4144772 371395     cutoff   97      2026.72207 2010.06946  0.82%  27.4 42488s
 4145051 371272 infeasible   92      2026.72207 2010.07145  0.82%  27.4 42495s
 4145867 371187 2019.65452   99  187 2026.72207 2010.08295  0.82%  27.4 42505s
 4146528 371158     cutoff   58      2026.72207 2010.08841  0.82%  27.4 42511s
 4147392 371028 infeasible   85      2026.72207 2010.09800  0.82%  27.4 42520s
 4148356 370916 2019.86456   96   35 2026.72207 2010.10942  0.82%  27.4 42530s
 4149049 370838 infeasible   63      2026.72207 2010.11579  0.82%  27.4 42539s
 4149696 370816 2018.08872   64  267 2026.72207 2010.12390  0.82%  27.4 42544s
 4150080 370784     cutoff   91      2026.72207 2010.12736  0.82%  27.4 42549s
 4150333 370690     cutoff  100      2026.72207 2010.12984  0.82%  27.4 42559s
 4150963 370684 infeasible   54      2026.72207 2010.13475  0.82%  27.4 42562s
 4151052 370667 2026.54260   86   40 2026.72207 2010.13500  0.82%  27.4 42568s
 4151637 370598 infeasible   96      2026.72207 2010.14242  0.82%  27.4 42575s
 4152427 370465 2011.38479  100   49 2026.72207 2010.15154  0.82%  27.4 42581s
 4153019 370427 2010.22153   84   56 2026.72207 2010.15607  0.82%  27.4 42586s
 4153298 370344     cutoff   98      2026.72207 2010.16134  0.82%  27.4 42591s
 4153864 370271     cutoff   93      2026.72207 2010.16739  0.82%  27.4 42601s
 4154491 370203 infeasible   90      2026.72207 2010.17218  0.82%  27.4 42609s
 4154867 370188 2011.93021   56    6 2026.72207 2010.17803  0.82%  27.4 42617s
 4155096 370134 2014.05352   70   46 2026.72207 2010.17803  0.82%  27.4 42627s
 4155760 370055     cutoff   66      2026.72207 2010.18700  0.82%  27.4 42631s
 4155910 370019 2010.85722   97   54 2026.72207 2010.19023  0.82%  27.4 42638s
 4156546 369917 2024.08871   57   92 2026.72207 2010.19650  0.82%  27.4 42643s
 4156749 369896 2010.23861   84  182 2026.72207 2010.20321  0.82%  27.4 42654s
 4157421 369890 2010.23657   76  187 2026.72207 2010.20758  0.81%  27.4 42656s
 4157494 369915     cutoff   84      2026.72207 2010.20758  0.81%  27.4 42662s
 4158097 369902 2010.22012   68  136 2026.72207 2010.21436  0.81%  27.4 42697s
 4158931 369817 2020.04764  101   32 2026.72207 2010.21866  0.81%  27.4 42706s
 4159582 369778 2018.37065   61   46 2026.72207 2010.22686  0.81%  27.4 42713s
 4160141 369776 2021.06374   92  191 2026.72207 2010.23132  0.81%  27.4 42716s
 4160298 369685 2010.56979   68   76 2026.72207 2010.23322  0.81%  27.4 42721s
 4160905 369577 2019.87873   78   37 2026.72207 2010.23628  0.81%  27.4 42730s
 4161390 369471 infeasible   48      2026.72207 2010.24583  0.81%  27.4 42736s
 4161636 369378 infeasible   97      2026.72207 2010.25321  0.81%  27.4 42741s
 4161797 369332 2021.79931   60   17 2026.72207 2010.25471  0.81%  27.4 42750s
 4162516 369198 infeasible   78      2026.72207 2010.26488  0.81%  27.4 42760s
 4163405 369110 2014.56234   98  164 2026.72207 2010.27277  0.81%  27.4 42768s
 4163724 369076 2026.28667   84   29 2026.72207 2010.27636  0.81%  27.4 42772s
 4163982 369020 infeasible   93      2026.72207 2010.27847  0.81%  27.4 42777s
 4164241 369009 2021.52195   85  133 2026.72207 2010.28129  0.81%  27.4 42781s
 4164797 368836 infeasible   89      2026.72207 2010.28958  0.81%  27.4 42792s
 4165413 368782 infeasible   92      2026.72207 2010.29663  0.81%  27.4 42798s
 4165574 368739 2010.29979   73   43 2026.72207 2010.29779  0.81%  27.4 42806s
 4166284 368595 2020.25243   84  229 2026.72207 2010.30496  0.81%  27.4 42817s
 4166902 368545 infeasible   77      2026.72207 2010.31433  0.81%  27.4 42823s
 4167213 368477 infeasible  109      2026.72207 2010.31646  0.81%  27.4 42827s
 4167434 368420 infeasible   74      2026.72207 2010.32189  0.81%  27.4 42834s
 4167975 368410 infeasible   60      2026.72207 2010.32777  0.81%  27.4 42837s
 4168091 368345 infeasible   81      2026.72207 2010.33020  0.81%  27.4 42844s
 4168718 368316 infeasible   91      2026.72207 2010.33644  0.81%  27.4 42847s
 4168860 368249 infeasible   86      2026.72207 2010.33809  0.81%  27.4 42853s
 4169458 368209 2011.26021   97  174 2026.72207 2010.34599  0.81%  27.4 42856s
 4169770 368191 infeasible   60      2026.72207 2010.34902  0.81%  27.4 42863s
 4170483 368101 2014.73677  112  162 2026.72207 2010.35720  0.81%  27.4 42871s
 4171043 368074 infeasible   89      2026.72207 2010.36363  0.81%  27.4 42876s
 4171412 368052 2017.39197   92   44 2026.72207 2010.36691  0.81%  27.4 42880s
 4171739 367992     cutoff   83      2026.72207 2010.36894  0.81%  27.4 42886s
 4172377 367907 infeasible  112      2026.72207 2010.37661  0.81%  27.4 42894s
 4173044 367841 2010.57102   80   92 2026.72207 2010.38315  0.81%  27.4 42900s
 4173740 367772 2019.29164  105  152 2026.72207 2010.39202  0.81%  27.4 42914s
 4174294 367771 2010.39808   83  138 2026.72207 2010.39808  0.81%  27.4 42916s
 4174344 367718 infeasible   83      2026.72207 2010.39808  0.81%  27.4 42922s
 4174825 367689 2010.39808   85  137 2026.72207 2010.39808  0.81%  27.4 42925s
 4175195 367614 infeasible   52      2026.72207 2010.40610  0.81%  27.4 42931s
 4175336 367620 2015.09536   86   16 2026.72207 2010.40764  0.80%  27.4 42936s
 4176169 367482 2017.16232   89  147 2026.72207 2010.41591  0.80%  27.4 42944s
 4176814 367416 infeasible   63      2026.72207 2010.42255  0.80%  27.4 42948s
 4177185 367345 2024.72656   55   41 2026.72207 2010.42955  0.80%  27.4 42951s
 4177417 367349 infeasible   87      2026.72207 2010.43243  0.80%  27.4 42957s
 4178162 367289 2010.59674  122  132 2026.72207 2010.43846  0.80%  27.4 42967s
 4178791 367245 2010.60252   73  171 2026.72207 2010.44538  0.80%  27.4 42975s
 4179359 367236 2018.68146   64  149 2026.72207 2010.45048  0.80%  27.4 42980s
 4179593 367188     cutoff   97      2026.72207 2010.45221  0.80%  27.4 42993s
 4180216 367181 2010.97686   56   54 2026.72207 2010.45277  0.80%  27.4 43001s
 4180993 367058     cutoff   88      2026.72207 2010.46250  0.80%  27.4 43011s
 4181576 367028 2010.53867   72   14 2026.72207 2010.47073  0.80%  27.4 43017s
 4181967 366992 infeasible   94      2026.72207 2010.47544  0.80%  27.4 43021s
 4182335 366932 2023.29633   86   77 2026.72207 2010.47809  0.80%  27.4 43026s
 4182755 366934 2011.42946   76  219 2026.72207 2010.48177  0.80%  27.4 43031s
 4183092 366900 infeasible   89      2026.72207 2010.48488  0.80%  27.4 43038s
 4183727 366861 infeasible   56      2026.72207 2010.48908  0.80%  27.4 43041s
 4183859 366762 infeasible   94      2026.72207 2010.48989  0.80%  27.4 43050s
 4184635 366675 infeasible   95      2026.72207 2010.49942  0.80%  27.4 43063s
 4185233 366635 infeasible  119      2026.72207 2010.50762  0.80%  27.4 43067s
 4185459 366512 2016.51291   51   91 2026.72207 2010.51161  0.80%  27.4 43074s
 4186071 366435     cutoff   96      2026.72207 2010.51757  0.80%  27.4 43077s
 4186209 366433 2010.63424   95  193 2026.72207 2010.52268  0.80%  27.4 43086s
 4186879 366416 infeasible  103      2026.72207 2010.52742  0.80%  27.4 43091s
 4187158 366391 2017.14670  112  147 2026.72207 2010.53073  0.80%  27.4 43098s
 4187791 366397 2011.41241   99   82 2026.72207 2010.53451  0.80%  27.4 43101s
 4187919 366340 2011.33508   78  220 2026.72207 2010.53598  0.80%  27.4 43108s
 4188526 366308 infeasible   77      2026.72207 2010.53890  0.80%  27.4 43112s
 4188717 366224 2011.49835   87  227 2026.72207 2010.54334  0.80%  27.4 43119s
 4189243 366191 2010.94906   70  129 2026.72207 2010.54996  0.80%  27.4 43123s
 4189415 366078     cutoff   90      2026.72207 2010.55433  0.80%  27.4 43131s
 4189948 366059 infeasible   50      2026.72207 2010.55938  0.80%  27.4 43135s
 4190082 366007 2020.69139   91   59 2026.72207 2010.56134  0.80%  27.4 43140s
 4190658 365951 infeasible   97      2026.72207 2010.56613  0.80%  27.4 43145s
 4190983 365937 infeasible   91      2026.72207 2010.57074  0.80%  27.4 43150s
 4191289 365893 2011.51589  107  199 2026.72207 2010.57285  0.80%  27.4 43156s
 4191648 365864 2010.58411   77   85 2026.72207 2010.57782  0.80%  27.4 43163s
 4192280 365849 infeasible   76      2026.72207 2010.58203  0.80%  27.4 43166s
 4192359 365819 2011.27806   83   75 2026.72207 2010.58498  0.80%  27.4 43173s
 4193009 365808     cutoff  100      2026.72207 2010.59192  0.80%  27.4 43179s
 4193642 365726 2019.56520   81  102 2026.72207 2010.59722  0.80%  27.4 43182s
 4193791 365697 2012.34154   91  130 2026.72207 2010.59979  0.80%  27.4 43189s
 4194451 365680 infeasible   92      2026.72207 2010.60356  0.80%  27.3 43191s
 4194531 365616 2017.95730   56  244 2026.72207 2010.60379  0.80%  27.3 43198s
 4195079 365586 infeasible  111      2026.72207 2010.61167  0.79%  27.3 43207s
 4195668 365509 2013.01305   61  106 2026.72207 2010.61647  0.79%  27.3 43210s
 4195840 365432 2020.03493  106   79 2026.72207 2010.62221  0.79%  27.3 43216s
 4196571 365358 2020.15822   87  170 2026.72207 2010.62985  0.79%  27.3 43226s
 4197270 365292 2022.23679   92  143 2026.72207 2010.63768  0.79%  27.3 43235s
 4197939 365158     cutoff   86      2026.72207 2010.64548  0.79%  27.3 43247s
 4198522 365124 2021.96185   92   54 2026.72207 2010.65180  0.79%  27.3 43250s
 4198683 365072 2010.76463   95  143 2026.72207 2010.65526  0.79%  27.3 43255s
 4199450 365023     cutoff   87      2026.72207 2010.66437  0.79%  27.3 43261s
 4200425 364907 infeasible   67      2026.72207 2010.67544  0.79%  27.3 43266s
 4200697 364954 2014.41985   73  115 2026.72207 2010.67898  0.79%  27.3 43271s
 4201290 364903 2012.55568   99  138 2026.72207 2010.68195  0.79%  27.3 43311s
 4201456 364708     cutoff  106      2026.72207 2010.68215  0.79%  27.3 43327s
 4203168 364624 2011.71200   88   88 2026.72207 2010.69635  0.79%  27.3 43332s
 4203345 364632     cutoff   74      2026.72207 2010.69696  0.79%  27.3 43338s
 4203893 364569 2011.77268  108  174 2026.72207 2010.70305  0.79%  27.3 43346s
 4204371 364549 infeasible   75      2026.72207 2010.70655  0.79%  27.3 43350s
 4204483 364480 2023.57854   80  190 2026.72207 2010.70675  0.79%  27.3 43361s
 4205049 364403 infeasible   80      2026.72207 2010.71565  0.79%  27.3 43366s
 4205331 364369 2016.92500   72  205 2026.72207 2010.71799  0.79%  27.3 43372s
 4205612 364322 2018.06029   76  148 2026.72207 2010.72124  0.79%  27.3 43378s
 4205953 364291 infeasible   53      2026.72207 2010.72673  0.79%  27.3 43385s
 4206241 364261 2024.21373   68   42 2026.72207 2010.72787  0.79%  27.3 43395s
 4206839 364147 2013.69296   96   68 2026.72207 2010.73441  0.79%  27.3 43408s
 4207446 364065 2012.00784   86   52 2026.72207 2010.74213  0.79%  27.3 43412s
 4207719 363979 infeasible   92      2026.72207 2010.74786  0.79%  27.3 43418s
 4208325 363963     cutoff   90      2026.72207 2010.75060  0.79%  27.3 43420s
 4208398 363896 2011.21082   80   87 2026.72207 2010.75076  0.79%  27.3 43428s
 4208991 363849 infeasible  112      2026.72207 2010.75859  0.79%  27.3 43432s
 4209216 363797     cutoff  126      2026.72207 2010.76176  0.79%  27.3 43440s
 4210030 363737 2024.85169   56  144 2026.72207 2010.76881  0.79%  27.3 43451s
 4210640 363662 infeasible  111      2026.72207 2010.77550  0.79%  27.3 43457s
 4210939 363611 2013.36925   96   94 2026.72207 2010.77965  0.79%  27.3 43462s
 4211380 363605 infeasible   70      2026.72207 2010.78381  0.79%  27.3 43465s
 4211593 363531 2012.61594   94  107 2026.72207 2010.78646  0.79%  27.3 43471s
 4212228 363478 infeasible   87      2026.72207 2010.79283  0.79%  27.3 43476s
 4212470 363370 infeasible   66      2026.72207 2010.79497  0.79%  27.3 43484s
 4213064 363352 2017.85786   92  135 2026.72207 2010.80140  0.79%  27.3 43486s
 4213132 363356 2019.79525   88  150 2026.72207 2010.80243  0.79%  27.3 43495s
 4213811 363465 2010.96655   73  131 2026.72207 2010.81084  0.79%  27.3 43507s
 4214507 363451 2012.56511   55    3 2026.72207 2010.81292  0.78%  27.3 43544s
 4215023 363405 2015.78928   90  147 2026.72207 2010.81632  0.78%  27.3 43547s
 4215189 363395 infeasible   46      2026.72207 2010.82166  0.78%  27.3 43556s
 4215973 363346 infeasible   98      2026.72207 2010.82796  0.78%  27.3 43560s
 4216106 363280 2012.36152   74   53 2026.72207 2010.82939  0.78%  27.3 43567s
 4216797 363242 2011.29626   83  166 2026.72207 2010.83605  0.78%  27.3 43571s
 4217036 363194 2015.81372  104  185 2026.72207 2010.84076  0.78%  27.3 43577s
 4217729 363110 2011.59390   91   72 2026.72207 2010.84718  0.78%  27.3 43584s
 4218261 363098 infeasible   99      2026.72207 2010.85285  0.78%  27.3 43587s
 4218438 363035 2010.85562  100   42 2026.72207 2010.85516  0.78%  27.3 43594s
 4219089 362935 2010.88059  111  137 2026.72207 2010.86070  0.78%  27.3 43600s
 4219732 362834 infeasible  113      2026.72207 2010.87049  0.78%  27.3 43605s
 4219850 362772 infeasible   60      2026.72207 2010.87158  0.78%  27.3 43611s
 4220804 362686 infeasible   82      2026.72207 2010.88094  0.78%  27.3 43618s
 4221151 362673 2014.42845   75  109 2026.72207 2010.88511  0.78%  27.3 43623s
 4221686 362723 2010.99287   64  149 2026.72207 2010.89152  0.78%  27.3 43626s
 4221946 362691 2020.50573   97   43 2026.72207 2010.89346  0.78%  27.3 43634s
 4222585 362672 2026.40269   82  127 2026.72207 2010.90024  0.78%  27.3 43640s
 4223369 362574 2013.35676   84  247 2026.72207 2010.90966  0.78%  27.3 43650s
 4223941 362564 infeasible   78      2026.72207 2010.91684  0.78%  27.3 43658s
 4224430 362520 infeasible   93      2026.72207 2010.92116  0.78%  27.3 43661s
 4224573 362398     cutoff   93      2026.72207 2010.92316  0.78%  27.3 43667s
 4225133 362344 2011.38800   78   93 2026.72207 2010.92923  0.78%  27.3 43671s
 4225458 362267 2010.96937   87   59 2026.72207 2010.93346  0.78%  27.3 43677s
 4226075 362200 2020.35655   72   44 2026.72207 2010.94206  0.78%  27.3 43685s
 4226750 362120     cutoff  102      2026.72207 2010.94620  0.78%  27.3 43695s
 4227334 362109 2023.66004  101   79 2026.72207 2010.95275  0.78%  27.3 43702s
 4227914 362078 2021.25697   84   51 2026.72207 2010.95344  0.78%  27.3 43705s
 4228051 362059 2011.63834   89   64 2026.72207 2010.95691  0.78%  27.3 43713s
 4228667 361987 2026.03746   92   40 2026.72207 2010.96119  0.78%  27.3 43722s
 4229204 361945 infeasible   80      2026.72207 2010.96858  0.78%  27.3 43726s
 4229356 361932 2012.11134   85  172 2026.72207 2010.97036  0.78%  27.3 43736s
 4229940 361856 2024.03656   62    4 2026.72207 2010.97269  0.78%  27.3 43745s
 4230482 361729 2011.01512   83   65 2026.72207 2010.98117  0.78%  27.3 43757s
 4231012 361696 infeasible   86      2026.72207 2010.98853  0.78%  27.3 43761s
 4231141 361636     cutoff   54      2026.72207 2010.99123  0.78%  27.3 43770s
 4231706 361601 2025.55366   79   68 2026.72207 2010.99655  0.78%  27.3 43775s
 4232016 361602 2012.61021   97   39 2026.72207 2011.00090  0.78%  27.3 43785s
 4232726 361473 2013.33248  100  102 2026.72207 2011.00512  0.78%  27.3 43796s
 4233292 361432 infeasible   64      2026.72207 2011.01566  0.77%  27.3 43801s
 4233428 361308 infeasible   73      2026.72207 2011.01716  0.77%  27.3 43810s
 4234210 361251 infeasible   82      2026.72207 2011.02687  0.77%  27.3 43822s
 4234738 361199 infeasible  121      2026.72207 2011.03223  0.77%  27.3 43826s
 4235014 361156 infeasible   82      2026.72207 2011.03672  0.77%  27.3 43836s
 4235599 361131     cutoff   94      2026.72207 2011.04265  0.77%  27.3 43841s
 4235753 361099 2012.10977   79   53 2026.72207 2011.04344  0.77%  27.3 43849s
 4236337 361076     cutoff   87      2026.72207 2011.05075  0.77%  27.3 43854s
 4236711 361081 infeasible   66      2026.72207 2011.05397  0.77%  27.3 43857s
 4236757 361065 2023.26972   66  146 2026.72207 2011.05427  0.77%  27.3 43860s
 4236826 361059 2018.47879   73  121 2026.72207 2011.05427  0.77%  27.3 43867s
 4237397 360908 2018.07110   82  212 2026.72207 2011.05956  0.77%  27.3 43876s
 4238097 360736 2012.46303   93  131 2026.72207 2011.07006  0.77%  27.3 43885s
 4238686 360660 infeasible   77      2026.72207 2011.07500  0.77%  27.3 43890s
 4239287 360569 infeasible   93      2026.72207 2011.08266  0.77%  27.3 43898s
 4239863 360538 2018.34353  104  140 2026.72207 2011.08752  0.77%  27.3 43901s
 4240029 360521 2014.43867   68  168 2026.72207 2011.08951  0.77%  27.3 43908s
 4240651 360471 2011.17464   73  208 2026.72207 2011.09633  0.77%  27.3 43912s
 4240881 360472 2011.94915  108  252 2026.72207 2011.09899  0.77%  27.3 43921s
 4241600 360401 2011.57740  107   51 2026.72207 2011.10514  0.77%  27.3 43930s
 4242169 360337 2011.11047   81  258 2026.72207 2011.11047  0.77%  27.3 43935s
 4242797 360229 infeasible   73      2026.72207 2011.11710  0.77%  27.3 43941s
 4243442 360142 2026.16872   78  236 2026.72207 2011.12438  0.77%  27.3 43949s
 4244007 360096 infeasible   97      2026.72207 2011.12966  0.77%  27.3 43954s
 4244234 359981 2014.14935   61   48 2026.72207 2011.13157  0.77%  27.3 43961s
 4244747 359955 2012.73931   93   42 2026.72207 2011.13846  0.77%  27.3 43965s
 4244878 359875 2012.71332  105  185 2026.72207 2011.14078  0.77%  27.3 43972s
 4245552 359816 2011.15945  102  151 2026.72207 2011.14615  0.77%  27.3 43977s
 4245897 359773     cutoff   80      2026.72207 2011.14978  0.77%  27.3 43980s
 4246028 359741 2011.15207   96  107 2026.72207 2011.15207  0.77%  27.3 43988s
 4246605 359703 2011.17355   52  157 2026.72207 2011.15772  0.77%  27.3 43995s
 4246822 359661 infeasible   62      2026.72207 2011.16088  0.77%  27.3 44002s
 4247444 359641     cutoff  111      2026.72207 2011.16679  0.77%  27.3 44005s
 4247568 359574 2011.31000   74   47 2026.72207 2011.16695  0.77%  27.3 44014s
 4248217 359552 2011.50853   68  170 2026.72207 2011.17465  0.77%  27.3 44025s
 4248895 359460 infeasible   99      2026.72207 2011.18338  0.77%  27.3 44034s
 4249468 359418 infeasible   60      2026.72207 2011.18760  0.77%  27.3 44037s
 4249599 359450 2016.87438   94   36 2026.72207 2011.18773  0.77%  27.3 44043s
 4250212 359413 infeasible  107      2026.72207 2011.19266  0.77%  27.3 44069s
 4250799 359411 2011.60687   60   34 2026.72207 2011.19970  0.77%  27.2 44070s
 4250875 359353 2012.04390  109  177 2026.72207 2011.19984  0.77%  27.2 44078s
 4251511 359304 infeasible   79      2026.72207 2011.20671  0.77%  27.2 44087s
 4251912 359250 2011.21342   91  124 2026.72207 2011.21021  0.77%  27.2 44091s
 4252223 359224 2017.87715   54   57 2026.72207 2011.21493  0.77%  27.2 44098s
 4252590 359197 2011.21821   88   30 2026.72207 2011.21821  0.76%  27.2 44100s
 4252709 359075     cutoff   90      2026.72207 2011.22013  0.76%  27.2 44108s
 4253314 359022 infeasible   68      2026.72207 2011.22491  0.76%  27.2 44116s
 4254002 358917 2012.33440   92  184 2026.72207 2011.23190  0.76%  27.2 44128s
 4254624 358872 2017.99783  105  170 2026.72207 2011.23936  0.76%  27.2 44133s
 4255294 358830 infeasible  122      2026.72207 2011.24606  0.76%  27.2 44136s
 4255414 358790     cutoff   86      2026.72207 2011.24828  0.76%  27.2 44145s
 4255983 358763 infeasible   82      2026.72207 2011.25448  0.76%  27.2 44150s
 4256672 358695 infeasible   90      2026.72207 2011.26202  0.76%  27.2 44160s
 4257450 358589 infeasible   59      2026.72207 2011.27019  0.76%  27.2 44170s
 4258248 358441 2020.35637   66   76 2026.72207 2011.27752  0.76%  27.2 44181s
 4258813 358410 infeasible   82      2026.72207 2011.28407  0.76%  27.2 44186s
 4259067 358333 infeasible   76      2026.72207 2011.28754  0.76%  27.2 44193s
 4259603 358315 infeasible   67      2026.72207 2011.29315  0.76%  27.2 44195s
 4259701 358228 2016.49512  106  183 2026.72207 2011.29464  0.76%  27.2 44202s
 4260293 358167 infeasible   85      2026.72207 2011.30111  0.76%  27.2 44208s
 4260683 358147 infeasible   99      2026.72207 2011.30359  0.76%  27.2 44212s
 4260846 358040 infeasible   82      2026.72207 2011.30639  0.76%  27.2 44221s
 4261632 357971 2024.78144   63   84 2026.72207 2011.31580  0.76%  27.2 44230s
 4262384 357797 infeasible   92      2026.72207 2011.32116  0.76%  27.2 44239s
 4262923 357765 2011.33027   85   43 2026.72207 2011.32958  0.76%  27.2 44243s
 4263175 357694 infeasible   85      2026.72207 2011.33200  0.76%  27.2 44249s
 4263645 357643 infeasible   53      2026.72207 2011.33681  0.76%  27.2 44253s
 4263773 357582 2011.66931   72   95 2026.72207 2011.33773  0.76%  27.2 44262s
 4264335 357512 infeasible   68      2026.72207 2011.34282  0.76%  27.2 44266s
 4264484 357489 infeasible  110      2026.72207 2011.34627  0.76%  27.2 44272s
 4265084 357423 2021.00609   96   36 2026.72207 2011.35089  0.76%  27.2 44275s
 4265241 357343 infeasible   78      2026.72207 2011.35416  0.76%  27.2 44282s
 4265876 357283 2012.48232  109  196 2026.72207 2011.35930  0.76%  27.2 44286s
 4265982 357312 2022.89647   67   90 2026.72207 2011.35930  0.76%  27.2 44292s
 4266179 357287 2023.24681  108   36 2026.72207 2011.35930  0.76%  27.2 44295s
 4266363 357300 2013.42727   97  144 2026.72207 2011.36276  0.76%  27.2 44304s
 4266924 357296 2011.50974   69    3 2026.72207 2011.36735  0.76%  27.2 44307s
 4267033 357246 2011.73909   60  148 2026.72207 2011.36918  0.76%  27.2 44313s
 4267652 357204 2015.49076   70   31 2026.72207 2011.37753  0.76%  27.2 44318s
 4268202 357174 infeasible   79      2026.72207 2011.38365  0.76%  27.2 44321s
 4268317 357175 2023.79747   87  179 2026.72207 2011.38591  0.76%  27.2 44329s
 4268983 357086     cutoff   82      2026.72207 2011.39145  0.76%  27.2 44336s
 4269382 357035 2014.24363   60   55 2026.72207 2011.39776  0.76%  27.2 44341s
 4269626 356971 infeasible   71      2026.72207 2011.39919  0.76%  27.2 44348s
 4270195 356936 infeasible   62      2026.72207 2011.40575  0.76%  27.2 44350s
 4270308 356952 infeasible   70      2026.72207 2011.40746  0.76%  27.2 44359s
 4270987 356877 infeasible  114      2026.72207 2011.41043  0.76%  27.2 44365s
 4271436 356811 infeasible   75      2026.72207 2011.41721  0.76%  27.2 44370s
 4271655 356753 2017.38426   84   44 2026.72207 2011.41831  0.76%  27.2 44378s
 4272241 356667 infeasible   72      2026.72207 2011.42367  0.75%  27.2 44384s
 4272472 356622 2011.43061  119   25 2026.72207 2011.42670  0.75%  27.2 44393s
 4273073 356593 2020.25362   89  138 2026.72207 2011.43238  0.75%  27.2 44396s
 4273170 356472 infeasible   72      2026.72207 2011.43409  0.75%  27.2 44403s
 4273722 356397 infeasible   79      2026.72207 2011.44060  0.75%  27.2 44409s
 4274066 356333     cutoff   97      2026.72207 2011.44598  0.75%  27.2 44413s
 4274292 356352 infeasible   65      2026.72207 2011.44868  0.75%  27.2 44421s
 4274954 356263 2011.99921  100  165 2026.72207 2011.45265  0.75%  27.2 44427s
 4275515 356252 2011.91709   85  110 2026.72207 2011.45900  0.75%  27.2 44432s
 4276138 356262 infeasible   98      2026.72207 2011.46245  0.75%  27.2 44435s
 4276259 356288 infeasible   96      2026.72207 2011.46250  0.75%  27.2 44477s
 4277013 356296 infeasible   86      2026.72207 2011.47017  0.75%  27.2 44481s
 4277271 356235     cutoff   94      2026.72207 2011.47220  0.75%  27.2 44485s
 4277428 356216 2021.12906   65  134 2026.72207 2011.47347  0.75%  27.2 44493s
 4278032 356205     cutoff  100      2026.72207 2011.47903  0.75%  27.2 44495s
 4278110 356152 2011.47974   91  151 2026.72207 2011.47903  0.75%  27.2 44503s
 4278684 356103 2011.91001   77  100 2026.72207 2011.48569  0.75%  27.2 44507s
 4278815 356027 infeasible   78      2026.72207 2011.48698  0.75%  27.2 44512s
 4279527 355910 infeasible   62      2026.72207 2011.49650  0.75%  27.2 44520s
 4280210 355780 infeasible   73      2026.72207 2011.50483  0.75%  27.2 44528s
 4280743 355743 infeasible  109      2026.72207 2011.51176  0.75%  27.2 44531s
 4281048 355712 infeasible   94      2026.72207 2011.51491  0.75%  27.2 44537s
 4281265 355681     cutoff   58      2026.72207 2011.51766  0.75%  27.2 44545s
 4282012 355562 2011.59486  109   45 2026.72207 2011.52459  0.75%  27.2 44555s
 4282563 355487 2011.57452  119  141 2026.72207 2011.53058  0.75%  27.2 44560s
 4282823 355391 infeasible   83      2026.72207 2011.53429  0.75%  27.2 44566s
 4283392 355307 2021.22723   94  211 2026.72207 2011.54040  0.75%  27.2 44574s
 4283912 355243 2018.86573  113  126 2026.72207 2011.54727  0.75%  27.2 44579s
 4284229 355194 infeasible   69      2026.72207 2011.55176  0.75%  27.2 44583s
 4284561 355148 2011.55453   83  150 2026.72207 2011.55430  0.75%  27.2 44587s
 4284965 355097 2016.89035   87  241 2026.72207 2011.55878  0.75%  27.2 44590s
 4285253 355035 2011.56725   98  159 2026.72207 2011.56077  0.75%  27.2 44595s
 4285708 354925 2014.50375  105  203 2026.72207 2011.56489  0.75%  27.2 44605s
 4286532 354715 2017.88265   79   94 2026.72207 2011.57422  0.75%  27.2 44617s
 4287099 354644 infeasible   80      2026.72207 2011.58021  0.75%  27.2 44638s
 4287232 354637 2011.96490  107  129 2026.72207 2011.58213  0.75%  27.2 44641s
 4287255 354613 2011.96490  108  129 2026.72207 2011.58213  0.75%  27.2 44648s
 4287299 354595 2018.96500  109  129 2026.72207 2011.58232  0.75%  27.2 44655s
 4287356 354589 2015.65937  107  140 2026.72207 2011.58232  0.75%  27.2 44668s
 4287388 354564 infeasible   67      2026.72207 2011.58409  0.75%  27.2 44674s
 4287470 354544 2014.85007   68  246 2026.72207 2011.58459  0.75%  27.2 44677s
 4287512 354532 2015.97441   70  226 2026.72207 2011.58459  0.75%  27.2 44680s
 4287589 354505 infeasible   93      2026.72207 2011.58670  0.75%  27.2 44687s
 4287798 354433 2018.65313   89   65 2026.72207 2011.58858  0.75%  27.2 44694s
 4288201 354395 2023.82398   53   96 2026.72207 2011.58992  0.75%  27.2 44698s
 4288286 354370     cutoff   67      2026.72207 2011.59374  0.75%  27.2 44706s
 4288688 354373 2011.60795   82   50 2026.72207 2011.59449  0.75%  27.2 44712s
 4288797 354307 2020.84318   98  153 2026.72207 2011.59449  0.75%  27.2 44723s
 4289296 354284 infeasible  102      2026.72207 2011.60141  0.75%  27.2 44726s
 4289409 354236 2022.61093   80  157 2026.72207 2011.60711  0.75%  27.2 44735s
 4290090 354103 infeasible  105      2026.72207 2011.60821  0.75%  27.2 44749s
 4290578 354084 infeasible   95      2026.72207 2011.61145  0.75%  27.2 44752s
 4290644 354046 2014.02002  112  185 2026.72207 2011.62038  0.75%  27.2 44761s
 4291176 353993 2015.99618   93  242 2026.72207 2011.62038  0.75%  27.2 44766s
 4291282 354010 2017.11877   77   44 2026.72207 2011.62285  0.75%  27.2 44771s
 4291506 353963     cutoff   78      2026.72207 2011.62679  0.74%  27.2 44779s
 4291816 353936 infeasible   84      2026.72207 2011.63337  0.74%  27.2 44783s
 4292536 353904 infeasible   99      2026.72207 2011.63757  0.74%  27.2 44786s
 4292673 353858 2013.06085  100   35 2026.72207 2011.63880  0.74%  27.2 44799s
 4293384 353798 infeasible   77      2026.72207 2011.64642  0.74%  27.2 44805s
 4293582 353703 infeasible   66      2026.72207 2011.64853  0.74%  27.2 44817s
 4294215 353648 infeasible   74      2026.72207 2011.65418  0.74%  27.2 44821s
 4294450 353576 infeasible  100      2026.72207 2011.65773  0.74%  27.2 44829s
 4295110 353511 2011.71090   99  129 2026.72207 2011.66296  0.74%  27.2 44832s
 4295329 353460 2011.66769   51   85 2026.72207 2011.66769  0.74%  27.2 44840s
 4296180 353324 2024.53362   84   77 2026.72207 2011.67468  0.74%  27.2 44853s
 4296911 353229 infeasible   97      2026.72207 2011.68456  0.74%  27.2 44861s
 4297659 353100 2012.58160   96  184 2026.72207 2011.69366  0.74%  27.2 44870s
 4298706 352905 infeasible   64      2026.72207 2011.70182  0.74%  27.2 44878s
 4299037 352810 infeasible   95      2026.72207 2011.70675  0.74%  27.2 44882s
 4299464 352798 infeasible   70      2026.72207 2011.71267  0.74%  27.2 44886s
 4299796 352748 2026.64064   95  178 2026.72207 2011.71744  0.74%  27.2 44896s
 4300629 352682 2012.45182   87   58 2026.72207 2011.72429  0.74%  27.2 44909s
 4301293 352631 2022.77334   95   47 2026.72207 2011.72914  0.74%  27.2 44917s
 4301768 352605 2018.84117   93  129 2026.72207 2011.73602  0.74%  27.2 44922s
 4302087 352477 2016.18946   72  181 2026.72207 2011.73909  0.74%  27.2 44934s
 4302686 352459 infeasible   98      2026.72207 2011.74530  0.74%  27.2 44937s
 4302772 352439 2012.85320   93  185 2026.72207 2011.74570  0.74%  27.2 44946s
 4303395 352341 2011.91839   93   47 2026.72207 2011.75076  0.74%  27.2 44952s
 4304064 352307 2019.93795   95  135 2026.72207 2011.75904  0.74%  27.2 44957s
 4304156 352273 2018.41476   86  147 2026.72207 2011.75956  0.74%  27.2 44965s
 4304920 352173 2012.29986   67   89 2026.72207 2011.76431  0.74%  27.2 44975s
 4305568 352104 2018.13505   81   89 2026.72207 2011.77467  0.74%  27.2 44980s
 4305850 352039 infeasible   85      2026.72207 2011.77813  0.74%  27.2 44986s
 4306130 352005 infeasible   94      2026.72207 2011.78198  0.74%  27.2 44992s
 4306781 351919     cutoff   66      2026.72207 2011.78756  0.74%  27.2 45002s
 4307450 351885 2012.63655   99   40 2026.72207 2011.79258  0.74%  27.2 45008s
 4307829 351831 2013.33027   92   60 2026.72207 2011.79622  0.74%  27.2 45012s
 4308117 351732 2012.31656   86  107 2026.72207 2011.80025  0.74%  27.2 45023s
 4308700 351709 infeasible   80      2026.72207 2011.80736  0.74%  27.2 45027s
 4308819 351612     cutoff   84      2026.72207 2011.80736  0.74%  27.2 45036s
 4309545 351569 2021.09722   90  169 2026.72207 2011.81622  0.74%  27.2 45046s
 4310174 351515     cutoff   60      2026.72207 2011.82046  0.74%  27.2 45051s
 4310422 351504 2017.97529   84  167 2026.72207 2011.82508  0.74%  27.2 45061s
 4311153 351447 2022.49509   99  166 2026.72207 2011.82925  0.73%  27.1 45071s
 4311765 351329 infeasible   84      2026.72207 2011.83489  0.73%  27.1 45079s
 4312403 351300 infeasible  106      2026.72207 2011.84155  0.73%  27.1 45081s
 4312518 351295 2012.63379   86  119 2026.72207 2011.84274  0.73%  27.1 45090s
 4313132 351202 2012.09593   85  159 2026.72207 2011.84891  0.73%  27.1 45095s
 4313634 351106 infeasible   95      2026.72207 2011.85601  0.73%  27.1 45105s
 4314211 351032 2018.78806  104  128 2026.72207 2011.86174  0.73%  27.1 45111s
 4314430 350936 infeasible   76      2026.72207 2011.86614  0.73%  27.1 45120s
 4315191 350821 2012.64307   97  154 2026.72207 2011.87495  0.73%  27.1 45131s
 4315784 350788     cutoff   63      2026.72207 2011.87798  0.73%  27.1 45135s
 4315951 350649 2012.04067   86   40 2026.72207 2011.88166  0.73%  27.1 45144s
 4316482 350601 infeasible   91      2026.72207 2011.88897  0.73%  27.1 45148s
 4316703 350495 infeasible  102      2026.72207 2011.89315  0.73%  27.1 45156s
 4317488 350408 2011.91807  103   70 2026.72207 2011.90102  0.73%  27.1 45167s
 4317783 350349 infeasible   65      2026.72207 2011.90433  0.73%  27.1 45171s
 4317933 350305     cutoff  106      2026.72207 2011.90612  0.73%  27.1 45184s
 4318498 350264 infeasible   58      2026.72207 2011.91205  0.73%  27.1 45192s
 4318875 350144 2019.75413   89  175 2026.72207 2011.91580  0.73%  27.1 45196s
 4319531 350088 2013.90584   68   88 2026.72207 2011.92565  0.73%  27.1 45206s
 4320174 350043 infeasible   73      2026.72207 2011.93128  0.73%  27.1 45211s
 4320752 349978     cutoff  109      2026.72207 2011.93746  0.73%  27.1 45216s
 4320900 349836 2013.29445  113  127 2026.72207 2011.93925  0.73%  27.1 45223s
 4321487 349758     cutoff   79      2026.72207 2011.94574  0.73%  27.1 45227s
 4321845 349647 2014.20518   91  187 2026.72207 2011.94970  0.73%  27.1 45232s
 4322124 349577 2023.98348   71   93 2026.72207 2011.95391  0.73%  27.1 45239s
 4322680 349530 infeasible   93      2026.72207 2011.95975  0.73%  27.1 45243s
 4322820 349511 2011.96316   93   30 2026.72207 2011.96107  0.73%  27.1 45252s
 4323463 349454     cutoff  105      2026.72207 2011.96648  0.73%  27.1 45255s
 4323582 349389 infeasible   82      2026.72207 2011.96772  0.73%  27.1 45260s
 4324194 349346 2023.78392   98   46 2026.72207 2011.97357  0.73%  27.1 45265s
 4325040 349218 infeasible   96      2026.72207 2011.98479  0.73%  27.1 45272s
 4325207 349193 infeasible   67      2026.72207 2011.98578  0.73%  27.1 45277s
 4325906 349052 2016.15828   98   57 2026.72207 2011.99036  0.73%  27.1 45284s
 4326523 348988 2016.73372   99  274 2026.72207 2011.99862  0.73%  27.1 45288s
 4326942 348900 2014.41911   69  150 2026.72207 2012.00505  0.73%  27.1 45291s
 4327115 348792 infeasible  101      2026.72207 2012.00777  0.73%  27.1 45299s
 4327766 348715 2018.56153   83  178 2026.72207 2012.01292  0.73%  27.1 45303s
 4327941 348684 2018.70975   78  183 2026.72207 2012.01707  0.73%  27.1 45310s
 4328534 348659 2019.56196  103  185 2026.72207 2012.02387  0.73%  27.1 45319s
 4328783 348648 2019.83528  104  187 2026.72207 2012.02395  0.73%  27.1 45324s
 4328912 348607 2021.75221  105  180 2026.72207 2012.02440  0.73%  27.1 45332s
 4329549 348544 infeasible   87      2026.72207 2012.03097  0.72%  27.1 45336s
 4329715 348445 2012.38360  115   58 2026.72207 2012.03362  0.72%  27.1 45344s
 4330349 348370 infeasible   70      2026.72207 2012.03786  0.72%  27.1 45349s
 4330650 348310 2012.26695  112  121 2026.72207 2012.04311  0.72%  27.1 45358s
 4331099 348293 2020.04614   90  172 2026.72207 2012.04638  0.72%  27.1 45360s
 4331184 348189 infeasible   69      2026.72207 2012.04665  0.72%  27.1 45369s
 4331728 348227 infeasible   83      2026.72207 2012.05479  0.72%  27.1 45375s
 4332512 348115 2013.07554   77  172 2026.72207 2012.05910  0.72%  27.1 45387s
 4333155 348080     cutoff   87      2026.72207 2012.06543  0.72%  27.1 45392s
 4333541 348010 2012.07193   82  138 2026.72207 2012.07193  0.72%  27.1 45396s
 4333824 347956 infeasible   83      2026.72207 2012.07341  0.72%  27.1 45402s
 4334279 347897 infeasible   83      2026.72207 2012.07775  0.72%  27.1 45407s
 4334518 347859 infeasible   62      2026.72207 2012.08087  0.72%  27.1 45417s
 4335104 347841 2013.00246  101  114 2026.72207 2012.08654  0.72%  27.1 45422s
 4335222 347813 2019.90916   82   46 2026.72207 2012.08654  0.72%  27.1 45429s
 4335888 347740 infeasible  106      2026.72207 2012.09228  0.72%  27.1 45435s
 4336176 347662     cutoff   74      2026.72207 2012.09692  0.72%  27.1 45442s
 4336748 347608 infeasible   80      2026.72207 2012.10459  0.72%  27.1 45445s
 4336892 347519 infeasible   92      2026.72207 2012.10660  0.72%  27.1 45452s
 4337478 347497 2012.14437   63  101 2026.72207 2012.11163  0.72%  27.1 45455s
 4337624 347361 2012.73481   98   66 2026.72207 2012.11412  0.72%  27.1 45461s
 4338366 347256 2020.49536   93  128 2026.72207 2012.12539  0.72%  27.1 45472s
 4339046 347244 infeasible   80      2026.72207 2012.12935  0.72%  27.1 45475s
 4339156 347233 2012.45614   91  157 2026.72207 2012.13000  0.72%  27.1 45483s
 4339795 347153 infeasible   89      2026.72207 2012.13635  0.72%  27.1 45488s
 4340073 347084 infeasible   82      2026.72207 2012.14097  0.72%  27.1 45496s
 4340815 347011 2023.16092   87  133 2026.72207 2012.14878  0.72%  27.1 45506s
 4341417 346952 infeasible   54      2026.72207 2012.15370  0.72%  27.1 45512s
 4341780 346864 2012.44294   84  148 2026.72207 2012.15788  0.72%  27.1 45517s
 4342052 346825 2018.36468   53   11 2026.72207 2012.16261  0.72%  27.1 45523s
 4342623 346797 2024.54250   79  151 2026.72207 2012.16841  0.72%  27.1 45525s
 4342692 346713     cutoff   83      2026.72207 2012.16929  0.72%  27.1 45533s
 4343287 346680 2023.39190   67  177 2026.72207 2012.17628  0.72%  27.1 45536s
 4343504 346626 infeasible   60      2026.72207 2012.17753  0.72%  27.1 45544s
 4344090 346604     cutoff   84      2026.72207 2012.18423  0.72%  27.1 45547s
 4344225 346616 2012.65789  102   38 2026.72207 2012.18557  0.72%  27.1 45555s
 4344926 346553 infeasible   71      2026.72207 2012.18700  0.72%  27.1 45560s
 4345322 346514 2015.07435  106   82 2026.72207 2012.19317  0.72%  27.1 45566s
 4345636 346475 infeasible  114      2026.72207 2012.19535  0.72%  27.1 45574s
 4346209 346444 infeasible   70      2026.72207 2012.20257  0.72%  27.1 45577s
 4346337 346387 2016.58265   90   11 2026.72207 2012.20425  0.72%  27.1 45586s
 4346926 346313     cutoff  102      2026.72207 2012.20846  0.72%  27.1 45592s
 4347368 346242 2012.46931  103  176 2026.72207 2012.21456  0.72%  27.1 45597s
 4347548 346143     cutoff   86      2026.72207 2012.21665  0.72%  27.1 45606s
 4348263 346062 infeasible   96      2026.72207 2012.22651  0.72%  27.1 45615s
 4348829 346061     cutoff   99      2026.72207 2012.23176  0.71%  27.1 45620s
 4349555 345951 infeasible   65      2026.72207 2012.23684  0.71%  27.1 45629s
 4350116 345932 2020.60242   69   92 2026.72207 2012.24390  0.71%  27.1 45634s
 4350774 345884 infeasible   74      2026.72207 2012.24675  0.71%  27.1 45637s
 4350894 345833 2012.52631   59   41 2026.72207 2012.24850  0.71%  27.1 45643s
 4351557 345781 infeasible   81      2026.72207 2012.25560  0.71%  27.1 45652s
 4352166 345747 2012.37520  108  147 2026.72207 2012.26304  0.71%  27.1 45657s
 4352385 345668 infeasible   90      2026.72207 2012.26480  0.71%  27.1 45664s
 4352935 345619 infeasible   93      2026.72207 2012.27082  0.71%  27.1 45667s
 4353076 345556 2012.51894   96  214 2026.72207 2012.27277  0.71%  27.1 45673s
 4353577 345490 infeasible  111      2026.72207 2012.27754  0.71%  27.1 45677s
 4353848 345405 2020.73055   83  138 2026.72207 2012.27833  0.71%  27.1 45681s
 4354471 345379 infeasible   98      2026.72207 2012.28998  0.71%  27.1 45689s
 4355106 345375 2012.31927  109   83 2026.72207 2012.29482  0.71%  27.1 45690s
 4355225 345307 infeasible   96      2026.72207 2012.29503  0.71%  27.1 45696s
 4355653 345230 2014.37345  100  156 2026.72207 2012.30038  0.71%  27.1 45706s
 4356368 345157 2019.77117   79  149 2026.72207 2012.30361  0.71%  27.1 45715s
 4357473 345083 infeasible   75      2026.72207 2012.31372  0.71%  27.1 45724s
 4357629 345009 infeasible  100      2026.72207 2012.31673  0.71%  27.1 45731s
 4358208 344911 infeasible   95      2026.72207 2012.32191  0.71%  27.1 45738s
 4358754 344859 infeasible   87      2026.72207 2012.32605  0.71%  27.1 45741s
 4358862 344769 2025.73308   76  151 2026.72207 2012.32842  0.71%  27.1 45749s
 4359481 344660 infeasible   72      2026.72207 2012.33545  0.71%  27.1 45754s
 4359700 344590 infeasible   91      2026.72207 2012.34079  0.71%  27.1 45762s
 4360303 344566 infeasible   96      2026.72207 2012.34743  0.71%  27.1 45765s
 4360439 344499 infeasible   86      2026.72207 2012.35031  0.71%  27.1 45774s
 4360967 344455 2019.24370   80  133 2026.72207 2012.35360  0.71%  27.1 45783s
 4361615 344412     cutoff   92      2026.72207 2012.36051  0.71%  27.1 45787s
 4361723 344352 2012.36312   73   47 2026.72207 2012.36178  0.71%  27.1 45793s
 4362302 344289 infeasible   76      2026.72207 2012.36669  0.71%  27.1 45798s
 4362666 344142 infeasible  107      2026.72207 2012.37094  0.71%  27.1 45803s
 4363230 344075 2016.47291   84  143 2026.72207 2012.37767  0.71%  27.1 45807s
 4363373 343984 infeasible   81      2026.72207 2012.38059  0.71%  27.1 45814s
 4363916 343979     cutoff   80      2026.72207 2012.38529  0.71%  27.1 45816s
 4363984 343934 2013.23256   93  108 2026.72207 2012.38794  0.71%  27.1 45823s
 4364594 343878 2025.92382   78   95 2026.72207 2012.39240  0.71%  27.1 45827s
 4364823 343792 2018.71952   92  103 2026.72207 2012.39584  0.71%  27.1 45835s
 4365458 343684 2012.68047   84  110 2026.72207 2012.40344  0.71%  27.1 45846s
 4366032 343606 2015.55921   85  188 2026.72207 2012.40810  0.71%  27.1 45853s
 4366380 343549 2012.72089   89  138 2026.72207 2012.41242  0.71%  27.1 45859s
 4366812 343545 infeasible   86      2026.72207 2012.41535  0.71%  27.0 45863s
 4366927 343477 2012.80993   94   94 2026.72207 2012.41560  0.71%  27.0 45869s
 4367473 343432 2012.66062   98  166 2026.72207 2012.42035  0.71%  27.0 45874s
 4367914 343409 2020.20080   90   38 2026.72207 2012.42503  0.71%  27.0 45877s
 4368123 343305 infeasible   79      2026.72207 2012.42594  0.71%  27.0 45884s
 4368747 343289 infeasible   82      2026.72207 2012.43305  0.71%  27.0 45887s
 4368860 343282 2012.54213  102  171 2026.72207 2012.43390  0.70%  27.0 45893s
 4369402 343180 infeasible  100      2026.72207 2012.43755  0.70%  27.0 45898s
 4370029 343127 infeasible  102      2026.72207 2012.44436  0.70%  27.0 45902s
 4370147 343076 2012.44883  112  116 2026.72207 2012.44756  0.70%  27.0 45908s
 4370766 343025 2022.86050  104  195 2026.72207 2012.45310  0.70%  27.0 45912s
 4370886 343019 2013.03894   97  192 2026.72207 2012.45352  0.70%  27.0 45918s
 4371526 343023     cutoff  104      2026.72207 2012.46093  0.70%  27.0 45922s
 4371803 342968     cutoff   83      2026.72207 2012.46160  0.70%  27.0 45930s
 4372624 342903 2012.50524   90  180 2026.72207 2012.46981  0.70%  27.0 45938s
 4373144 342872 infeasible   86      2026.72207 2012.47558  0.70%  27.0 45941s
 4373253 342803 2013.65005  101  140 2026.72207 2012.47595  0.70%  27.0 45948s
 4373816 342723 infeasible   86      2026.72207 2012.48096  0.70%  27.0 45952s
 4374021 342658 infeasible  100      2026.72207 2012.48419  0.70%  27.0 45956s
 4374586 342644 2012.54404   69   94 2026.72207 2012.48964  0.70%  27.0 45960s
 4374671 342580 2014.08370   70  183 2026.72207 2012.49080  0.70%  27.0 45965s
 4375269 342508 2013.72521   90  181 2026.72207 2012.49645  0.70%  27.0 45972s
 4375851 342485 infeasible   92      2026.72207 2012.50051  0.70%  27.0 45975s
 4375949 342407 2013.16329  101  238 2026.72207 2012.50051  0.70%  27.0 45983s
 4376515 342366 infeasible   78      2026.72207 2012.50608  0.70%  27.0 45986s
 4376791 342233     cutoff  118      2026.72207 2012.50925  0.70%  27.0 45991s
 4377395 342131 2016.32628   93  185 2026.72207 2012.51730  0.70%  27.0 46001s
 4377991 342084 infeasible   86      2026.72207 2012.52497  0.70%  27.0 46006s
 4378257 341990 2022.35682   91  182 2026.72207 2012.52769  0.70%  27.0 46013s
 4378797 341986 infeasible   87      2026.72207 2012.53082  0.70%  27.0 46017s
 4378866 341892     cutoff   79      2026.72207 2012.53223  0.70%  27.0 46026s
 4379428 341846 infeasible   89      2026.72207 2012.53805  0.70%  27.0 46035s
 4380206 341700 infeasible   55      2026.72207 2012.54558  0.70%  27.0 46045s
 4380934 341545 infeasible   85      2026.72207 2012.55480  0.70%  27.0 46056s
 4381498 341523     cutoff   74      2026.72207 2012.55845  0.70%  27.0 46060s
 4381733 341433 infeasible   77      2026.72207 2012.56315  0.70%  27.0 46065s
 4382367 341324 infeasible   95      2026.72207 2012.56867  0.70%  27.0 46075s
 4383044 341223     cutoff   93      2026.72207 2012.57500  0.70%  27.0 46084s
 4383627 341189 2018.19047  100  213 2026.72207 2012.58207  0.70%  27.0 46089s
 4383885 341165 infeasible  100      2026.72207 2012.58560  0.70%  27.0 46096s
 4384563 341107 2013.09596   93  186 2026.72207 2012.58959  0.70%  27.0 46106s
 4385160 341081 2012.60649   82  147 2026.72207 2012.59531  0.70%  27.0 46110s
 4385297 341043 2019.48069   74   40 2026.72207 2012.59700  0.70%  27.0 46116s
 4385910 340949 2012.72007  107   20 2026.72207 2012.60039  0.70%  27.0 46120s
 4386505 340840 2012.98987   80   44 2026.72207 2012.60686  0.70%  27.0 46128s
 4387094 340763 2012.85201   90   31 2026.72207 2012.61351  0.70%  27.0 46132s
 4387396 340649 2021.71273   94  144 2026.72207 2012.61569  0.70%  27.0 46135s
 4387980 340588 infeasible   80      2026.72207 2012.62341  0.70%  27.0 46140s
 4388309 340445 2012.75672   68   49 2026.72207 2012.62615  0.70%  27.0 46149s
 4388971 340392     cutoff   87      2026.72207 2012.63384  0.70%  27.0 46153s
 4389104 340358 infeasible   85      2026.72207 2012.63440  0.70%  27.0 46161s
 4389719 340338 2012.64518   87   23 2026.72207 2012.64036  0.69%  27.0 46167s
 4390256 340315 infeasible  111      2026.72207 2012.64203  0.69%  27.0 46170s
 4390332 340297 2012.90266   91  132 2026.72207 2012.64416  0.69%  27.0 46180s
 4391108 340197 2013.09954  102  119 2026.72207 2012.65192  0.69%  27.0 46192s
 4391768 340157 infeasible   88      2026.72207 2012.65684  0.69%  27.0 46195s
 4391954 340135 infeasible  109      2026.72207 2012.65985  0.69%  27.0 46203s
 4392583 340092 infeasible   98      2026.72207 2012.66233  0.69%  27.0 46206s
 4392686 340015 2017.79036   86  183 2026.72207 2012.66620  0.69%  27.0 46216s
 4393227 339922 2014.76577   82  182 2026.72207 2012.67106  0.69%  27.0 46223s
 4393840 339883 infeasible  126      2026.72207 2012.67617  0.69%  27.0 46227s
 4393936 339888 2014.31701   96   64 2026.72207 2012.67628  0.69%  27.0 46234s
 4394592 339908 infeasible   46      2026.72207 2012.68292  0.69%  27.0 46238s
 4394730 339904 2013.53846   77  138 2026.72207 2012.68292  0.69%  27.0 46286s
 4395499 339866 infeasible   57      2026.72207 2012.68945  0.69%  27.0 46290s
 4395615 339778 2014.53762   82   16 2026.72207 2012.68945  0.69%  27.0 46296s
 4396305 339741 2020.26467  113  162 2026.72207 2012.69748  0.69%  27.0 46304s
 4396816 339667 infeasible   59      2026.72207 2012.70207  0.69%  27.0 46308s
 4396995 339604 2014.26603   60  184 2026.72207 2012.70505  0.69%  27.0 46312s
 4397293 339524 2013.47772   69  230 2026.72207 2012.70841  0.69%  27.0 46317s
 4397594 339470 2020.45418  103  151 2026.72207 2012.71245  0.69%  27.0 46325s
 4398153 339344 infeasible   54      2026.72207 2012.71692  0.69%  27.0 46335s
 4398809 339216 infeasible   52      2026.72207 2012.72561  0.69%  27.0 46344s
 4399343 339150 infeasible   81      2026.72207 2012.73098  0.69%  27.0 46348s
 4399561 339076 infeasible   80      2026.72207 2012.73433  0.69%  27.0 46357s
 4400150 339055 2012.74765   69   28 2026.72207 2012.73992  0.69%  27.0 46360s
 4400295 338943 infeasible   88      2026.72207 2012.74191  0.69%  27.0 46368s
 4400879 338932 2019.40964   98   73 2026.72207 2012.74777  0.69%  27.0 46375s
 4401532 338765 2014.19651   88  161 2026.72207 2012.75077  0.69%  27.0 46384s
 4402087 338690 2013.38614   79   78 2026.72207 2012.75793  0.69%  27.0 46389s
 4402442 338601 2012.97293   81   78 2026.72207 2012.76201  0.69%  27.0 46393s
 4402743 338554 infeasible  101      2026.72207 2012.76648  0.69%  27.0 46399s
 4403098 338484 2013.58547  110  208 2026.72207 2012.76976  0.69%  27.0 46403s
 4403296 338412 infeasible  108      2026.72207 2012.77264  0.69%  27.0 46410s
 4404073 338293 2013.82330   60  139 2026.72207 2012.77963  0.69%  27.0 46420s
 4404675 338229 2012.88508   78  267 2026.72207 2012.78565  0.69%  27.0 46425s
 4405015 338143 2019.11337   66   34 2026.72207 2012.78796  0.69%  27.0 46431s
 4405677 337988     cutoff   98      2026.72207 2012.79728  0.69%  27.0 46443s
 4406311 337940 infeasible   82      2026.72207 2012.80272  0.69%  27.0 46447s
 4406388 337911 2018.57724   85  159 2026.72207 2012.80570  0.69%  27.0 46454s
 4406949 337888 2018.65586  104  144 2026.72207 2012.81035  0.69%  27.0 46457s
 4407099 337787 2013.08451  105   68 2026.72207 2012.81094  0.69%  27.0 46467s
 4407778 337758 infeasible   71      2026.72207 2012.81827  0.69%  27.0 46471s
 4407917 337725 2017.49038   92   68 2026.72207 2012.81967  0.69%  27.0 46476s
 4408223 337658 2017.96842  102   46 2026.72207 2012.82038  0.69%  27.0 46487s
 4408822 337609 infeasible  102      2026.72207 2012.82764  0.69%  27.0 46491s
 4408949 337533 infeasible   85      2026.72207 2012.82926  0.69%  27.0 46499s
 4409561 337395 infeasible   73      2026.72207 2012.83440  0.69%  27.0 46510s
 4410292 337346 infeasible   91      2026.72207 2012.84367  0.68%  27.0 46520s
 4411175 337208 2023.26853   93    6 2026.72207 2012.85330  0.68%  27.0 46527s
 4411956 337092 2018.46792   78   39 2026.72207 2012.85974  0.68%  27.0 46536s
 4412663 337032 2020.01613   85   77 2026.72207 2012.86730  0.68%  27.0 46547s
 4413284 336984 infeasible   86      2026.72207 2012.87404  0.68%  27.0 46551s
 4413464 336954 2024.87201   73  133 2026.72207 2012.87862  0.68%  27.0 46558s
 4414035 336949 infeasible   99      2026.72207 2012.88248  0.68%  27.0 46560s
 4414115 336848     cutoff   98      2026.72207 2012.88257  0.68%  27.0 46566s
 4414722 336811 2013.73801   73  180 2026.72207 2012.88732  0.68%  27.0 46572s
 4415424 336791     cutoff   80      2026.72207 2012.89240  0.68%  27.0 46580s
 4416167 336768 2013.55516   82  112 2026.72207 2012.90125  0.68%  27.0 46588s
 4417000 336632 2013.93957   91  220 2026.72207 2012.90570  0.68%  27.0 46594s
 4417600 336599     cutoff  103      2026.72207 2012.91216  0.68%  27.0 46597s
 4417735 336528 2013.45857   72   31 2026.72207 2012.91449  0.68%  27.0 46602s
 4418289 336517 2022.97954   97  171 2026.72207 2012.92024  0.68%  27.0 46605s
 4418423 336429 2013.90029  105  149 2026.72207 2012.92024  0.68%  27.0 46610s
 4419034 336296 infeasible   89      2026.72207 2012.92713  0.68%  27.0 46615s
 4419616 336103 2013.51391   56  155 2026.72207 2012.93474  0.68%  27.0 46622s
 4420120 336083 infeasible   73      2026.72207 2012.94125  0.68%  27.0 46625s
 4420278 336024 2020.40147   85   66 2026.72207 2012.94420  0.68%  27.0 46631s
 4421092 335868 2012.95864   70  209 2026.72207 2012.95228  0.68%  27.0 46636s
 4421768 335683 2013.98321   91   41 2026.72207 2012.96062  0.68%  27.0 46643s
 4422337 335620 infeasible   95      2026.72207 2012.96817  0.68%  27.0 46646s
 4422550 335542 2013.29154   89  147 2026.72207 2012.97131  0.68%  27.0 46650s
 4423253 335395 2013.14896   77   41 2026.72207 2012.97791  0.68%  26.9 46656s
 4423910 335261 2018.09659   58   69 2026.72207 2012.98636  0.68%  26.9 46664s
 4424544 335245     cutoff  107      2026.72207 2012.99334  0.68%  26.9 46667s
 4424721 335165 2013.79793   79   30 2026.72207 2012.99589  0.68%  26.9 46674s
 4425311 335118 infeasible  110      2026.72207 2013.00109  0.68%  26.9 46676s
 4425416 335017 2013.94384   81   53 2026.72207 2013.00284  0.68%  26.9 46681s
 4426015 334948 infeasible   72      2026.72207 2013.00869  0.68%  26.9 46687s
 4426450 334885 2013.45120  110   24 2026.72207 2013.01298  0.68%  26.9 46691s
 4426650 334845 infeasible   84      2026.72207 2013.01428  0.68%  26.9 46700s
 4427400 334673 infeasible   95      2026.72207 2013.02279  0.68%  26.9 46709s
 4427965 334639     cutoff   90      2026.72207 2013.02933  0.68%  26.9 46712s
 4428015 334597 2016.80728   91  168 2026.72207 2013.02976  0.68%  26.9 46715s
 4428156 334605 2016.93505   92  178 2026.72207 2013.02976  0.68%  26.9 46720s
 4428696 334511 2013.06955   69  154 2026.72207 2013.03322  0.68%  26.9 46730s
 4429336 334452 2016.26947   79   93 2026.72207 2013.04193  0.67%  26.9 46742s
 4429938 334418 2020.22635   85   38 2026.72207 2013.04602  0.67%  26.9 46753s
 4430530 334392 2013.38292   93  202 2026.72207 2013.05177  0.67%  26.9 46756s
 4430703 334323 infeasible   93      2026.72207 2013.05372  0.67%  26.9 46762s
 4431306 334232 infeasible   76      2026.72207 2013.05946  0.67%  26.9 46769s
 4431771 334227 2013.72352   74  175 2026.72207 2013.06295  0.67%  26.9 46771s
 4431915 334182 2026.50185   64  171 2026.72207 2013.06347  0.67%  26.9 46779s
 4432476 334132 infeasible   77      2026.72207 2013.06813  0.67%  26.9 46784s
 4432802 334005 infeasible   95      2026.72207 2013.07141  0.67%  26.9 46791s
 4433184 333957 infeasible   72      2026.72207 2013.07629  0.67%  26.9 46798s
 4433441 333865 2020.83770   89   35 2026.72207 2013.07953  0.67%  26.9 46804s
 4434046 333806 infeasible   90      2026.72207 2013.08474  0.67%  26.9 46807s
 4434173 333696 2013.82159   87   48 2026.72207 2013.08600  0.67%  26.9 46814s
 4434819 333654 infeasible   95      2026.72207 2013.09328  0.67%  26.9 46817s
 4434953 333602 infeasible   87      2026.72207 2013.09534  0.67%  26.9 46824s
 4435555 333521     cutoff   97      2026.72207 2013.09870  0.67%  26.9 46828s
 4435871 333457 infeasible   74      2026.72207 2013.10388  0.67%  26.9 46831s
 4436051 333400 2016.82057   90  162 2026.72207 2013.10549  0.67%  26.9 46837s
 4436636 333388     cutoff   75      2026.72207 2013.11076  0.67%  26.9 46840s
 4436704 333213 2014.64851  110   57 2026.72207 2013.11125  0.67%  26.9 46849s
 4437277 333145 2013.12898   72  116 2026.72207 2013.12015  0.67%  26.9 46855s
 4437820 333103 2013.60301   90  142 2026.72207 2013.12418  0.67%  26.9 46860s
 4437904 332970 infeasible   95      2026.72207 2013.12649  0.67%  26.9 46869s
 4438517 332922 2016.87795   97  204 2026.72207 2013.13102  0.67%  26.9 46874s
 4438751 332812 infeasible   65      2026.72207 2013.13438  0.67%  26.9 46881s
 4439424 332812 2013.72513   99  149 2026.72207 2013.14225  0.67%  26.9 46892s
 4440125 332778 infeasible   83      2026.72207 2013.14633  0.67%  26.9 46895s
 4440216 332684     cutoff   91      2026.72207 2013.14839  0.67%  26.9 46903s
 4440817 332632 2013.35643  101   95 2026.72207 2013.15437  0.67%  26.9 46910s
 4441298 332587 2019.34102   77  134 2026.72207 2013.15740  0.67%  26.9 46916s
 4441435 332537     cutoff   81      2026.72207 2013.15909  0.67%  26.9 46924s
 4442023 332490 infeasible   90      2026.72207 2013.16353  0.67%  26.9 46930s
 4442863 332387 2016.52569   95   45 2026.72207 2013.17214  0.67%  26.9 46937s
 4443009 332331     cutoff  101      2026.72207 2013.17225  0.67%  26.9 46941s
 4443740 332297 2013.18153   60  129 2026.72207 2013.18153  0.67%  26.9 46947s
 4444419 332241     cutoff   92      2026.72207 2013.18548  0.67%  26.9 46951s
 4444729 332166 2018.26510   99  162 2026.72207 2013.18795  0.67%  26.9 46955s
 4445296 332015 2013.91066   71  201 2026.72207 2013.19469  0.67%  26.9 46963s
 4445781 332000 2014.85603  105  165 2026.72207 2013.20059  0.67%  26.9 46965s
 4445859 331967 2015.55709  111  146 2026.72207 2013.20154  0.67%  26.9 46972s
 4446428 331917 2013.84947   73  188 2026.72207 2013.20710  0.67%  26.9 46978s
 4446811 331824 2013.28853   94   59 2026.72207 2013.20996  0.67%  26.9 46983s
 4447048 331721 infeasible   89      2026.72207 2013.21290  0.67%  26.9 46990s
 4447647 331642 2016.38436   97  135 2026.72207 2013.21870  0.67%  26.9 46995s
 4447839 331539 infeasible   56      2026.72207 2013.22188  0.67%  26.9 47005s
 4448523 331411 2014.01475   94   67 2026.72207 2013.22910  0.67%  26.9 47016s
 4449124 331313 2013.24937   94   82 2026.72207 2013.23376  0.67%  26.9 47020s
 4449355 331258 infeasible   90      2026.72207 2013.23913  0.67%  26.9 47026s
 4449736 331195 infeasible   96      2026.72207 2013.24341  0.67%  26.9 47031s
 4449972 331043 infeasible   89      2026.72207 2013.24636  0.66%  26.9 47038s
 4450495 330997 infeasible   47      2026.72207 2013.25295  0.66%  26.9 47043s
 4450625 330834     cutoff  109      2026.72207 2013.25641  0.66%  26.9 47050s
 4451208 330787 2014.18086  108  187 2026.72207 2013.26363  0.66%  26.9 47055s
 4451486 330690 2013.26969  104   49 2026.72207 2013.26555  0.66%  26.9 47062s
 4452040 330648 infeasible  100      2026.72207 2013.27154  0.66%  26.9 47066s
 4452189 330578     cutoff  120      2026.72207 2013.27351  0.66%  26.9 47074s
 4452776 330548     cutoff  100      2026.72207 2013.27895  0.66%  26.9 47081s
 4453472 330515 infeasible   70      2026.72207 2013.28366  0.66%  26.9 47085s
 4453607 330391 2026.49759   78  162 2026.72207 2013.28593  0.66%  26.9 47093s
 4454156 330302 infeasible   69      2026.72207 2013.28936  0.66%  26.9 47100s
 4454773 330126 2013.57838   90  170 2026.72207 2013.29675  0.66%  26.9 47111s
 4455485 329969 2020.50969   96  150 2026.72207 2013.30557  0.66%  26.9 47122s
 4455906 329926 2015.15803   83  187 2026.72207 2013.30935  0.66%  26.9 47126s
 4456068 329901 2018.39748   78  114 2026.72207 2013.31023  0.66%  26.9 47134s
 4456202 329888     cutoff   79      2026.72207 2013.31092  0.66%  26.9 47140s
 4456455 329793 2025.12275   86   36 2026.72207 2013.31493  0.66%  26.9 47148s
 4457036 329738 infeasible  101      2026.72207 2013.32175  0.66%  26.9 47151s
 4457168 329634 2013.48437   98  119 2026.72207 2013.32382  0.66%  26.9 47161s
 4457829 329564 infeasible  113      2026.72207 2013.33131  0.66%  26.9 47169s
 4458284 329522 2013.91632   94  125 2026.72207 2013.33523  0.66%  26.9 47173s
 4458437 329393 2021.46202   92  163 2026.72207 2013.33863  0.66%  26.9 47184s
 4459078 329354 2013.37022  105  168 2026.72207 2013.34617  0.66%  26.9 47189s
 4459407 329307 2014.11823   82  161 2026.72207 2013.34891  0.66%  26.9 47194s
 4459782 329257 2013.35161  113   33 2026.72207 2013.35040  0.66%  26.9 47199s
 4460115 329236 infeasible   92      2026.72207 2013.35351  0.66%  26.9 47201s
 4460200 329147 2013.79872   92  171 2026.72207 2013.35503  0.66%  26.9 47207s
 4460799 329004 infeasible   92      2026.72207 2013.36013  0.66%  26.9 47211s
 4461203 328943 infeasible   88      2026.72207 2013.36497  0.66%  26.9 47215s
 4461413 328813 2019.40993   71   15 2026.72207 2013.36757  0.66%  26.9 47222s
 4461998 328768 infeasible   84      2026.72207 2013.37470  0.66%  26.9 47225s
 4462141 328677 infeasible  108      2026.72207 2013.37799  0.66%  26.9 47232s
 4462816 328624 2013.70215   87  171 2026.72207 2013.38619  0.66%  26.9 47236s
 4463035 328527 2022.74210   74   38 2026.72207 2013.38830  0.66%  26.9 47244s
 4463610 328466 infeasible   75      2026.72207 2013.39606  0.66%  26.9 47247s
 4463739 328303 infeasible   98      2026.72207 2013.39783  0.66%  26.9 47256s
 4464335 328217 infeasible   74      2026.72207 2013.40650  0.66%  26.9 47262s
 4464651 328155 2020.31999   84  185 2026.72207 2013.41241  0.66%  26.9 47267s
 4465121 328132 2013.42370   70   11 2026.72207 2013.41843  0.66%  26.9 47270s
 4465252 328016 infeasible  106      2026.72207 2013.42015  0.66%  26.9 47276s
 4465836 327905 infeasible   86      2026.72207 2013.42527  0.66%  26.9 47281s
 4466384 327762 2013.96592   81   65 2026.72207 2013.43333  0.66%  26.9 47289s
 4466953 327730 2014.53822   76  107 2026.72207 2013.44074  0.66%  26.9 47292s
 4467086 327673 2013.86499   74   99 2026.72207 2013.44168  0.66%  26.9 47298s
 4467732 327645 infeasible   77      2026.72207 2013.44706  0.65%  26.9 47301s
 4467823 327614 infeasible  100      2026.72207 2013.44806  0.65%  26.9 47309s
 4468493 327564 infeasible   80      2026.72207 2013.45212  0.65%  26.9 47312s
 4468811 327535 2022.54023   79   24 2026.72207 2013.45606  0.65%  26.9 47315s
 4469026 327355 2020.04446   88  170 2026.72207 2013.45952  0.65%  26.9 47322s
 4469704 327297 2015.91729   87  162 2026.72207 2013.46861  0.65%  26.9 47327s
 4469928 327247     cutoff   69      2026.72207 2013.46972  0.65%  26.9 47331s
 4469980 327240     cutoff   70      2026.72207 2013.46972  0.65%  26.9 47335s
 4470066 327218     cutoff   88      2026.72207 2013.46983  0.65%  26.9 47340s
 4470185 327196 infeasible   91      2026.72207 2013.46983  0.65%  26.9 47345s
 4470275 327156 2014.10794  100  187 2026.72207 2013.47120  0.65%  26.9 47350s
 4470360 327116 2015.88272   96   81 2026.72207 2013.47656  0.65%  26.9 47355s
 4470411 327089     cutoff   97      2026.72207 2013.47656  0.65%  26.9 47360s
 4470478 327055     cutoff  112      2026.72207 2013.47814  0.65%  26.9 47366s
 4470554 327015 2014.71281  114   59 2026.72207 2013.47814  0.65%  26.9 47370s
 4470719 326953 infeasible   67      2026.72207 2013.48269  0.65%  26.9 47376s
 4470880 326882 infeasible   86      2026.72207 2013.48508  0.65%  26.9 47384s
 4471019 326841 infeasible   88      2026.72207 2013.48617  0.65%  26.9 47388s
 4471170 326774 infeasible   87      2026.72207 2013.49037  0.65%  26.9 47392s
 4471403 326566 2013.75293   98   62 2026.72207 2013.49545  0.65%  26.9 47401s
 4472090 326481 infeasible   94      2026.72207 2013.50371  0.65%  26.9 47407s
 4472367 326455 2014.18536  103  148 2026.72207 2013.50411  0.65%  26.9 47417s
 4473164 326378     cutoff   63      2026.72207 2013.51323  0.65%  26.9 47422s
 4473321 326226 2013.65842   91  137 2026.72207 2013.51417  0.65%  26.9 47432s
 4474168 326207 infeasible   97      2026.72207 2013.52380  0.65%  26.9 47435s
 4474232 326158     cutoff   83      2026.72207 2013.52393  0.65%  26.9 47441s
 4474583 326132 infeasible  109      2026.72207 2013.52445  0.65%  26.9 47445s
 4474714 325960 2014.09617  104  175 2026.72207 2013.52955  0.65%  26.9 47455s
 4475395 325834 infeasible   88      2026.72207 2013.53984  0.65%  26.9 47468s
 4476118 325797 2019.26539   83  167 2026.72207 2013.54649  0.65%  26.9 47471s
 4476218 325642 infeasible   98      2026.72207 2013.54789  0.65%  26.9 47480s
 4476936 325568 2014.32074  111  180 2026.72207 2013.55485  0.65%  26.9 47485s
 4477186 325437 infeasible  101      2026.72207 2013.55758  0.65%  26.9 47496s
 4477887 325365 infeasible   98      2026.72207 2013.56540  0.65%  26.9 47500s
 4478048 325200 2014.83170   64  123 2026.72207 2013.56838  0.65%  26.9 47513s
 4478734 325180 infeasible   66      2026.72207 2013.57772  0.65%  26.9 47516s
 4478896 325061 infeasible   91      2026.72207 2013.57908  0.65%  26.9 47524s
 4479618 325026 2019.84380   66  149 2026.72207 2013.58411  0.65%  26.9 47527s
 4479940 324911 infeasible   91      2026.72207 2013.58763  0.65%  26.9 47535s
 4480621 324836 infeasible  109      2026.72207 2013.59535  0.65%  26.9 47540s
 4480775 324720 2014.55941   85  110 2026.72207 2013.59924  0.65%  26.9 47549s
 4481195 324653 infeasible  101      2026.72207 2013.60410  0.65%  26.9 47555s
 4481349 324495 infeasible   92      2026.72207 2013.60668  0.65%  26.9 47563s
 4482044 324473 2014.65623   84  180 2026.72207 2013.61760  0.65%  26.9 47566s
 4482162 324363     cutoff   74      2026.72207 2013.61772  0.65%  26.9 47579s
 4482866 324228 infeasible   82      2026.72207 2013.62390  0.65%  26.9 47588s
 4483524 324180     cutoff   97      2026.72207 2013.63273  0.65%  26.9 47591s
 4483638 324014 2014.45859   71   41 2026.72207 2013.63356  0.65%  26.9 47601s
 4484270 323914 infeasible   91      2026.72207 2013.64160  0.65%  26.9 47608s
 4484560 323801 2014.47964   61   36 2026.72207 2013.64680  0.65%  26.9 47617s
 4485273 323761 infeasible   95      2026.72207 2013.65192  0.64%  26.8 47620s
 4485432 323579 2016.66661   70  213 2026.72207 2013.65572  0.64%  26.8 47628s
 4486046 323503 infeasible   78      2026.72207 2013.66428  0.64%  26.8 47637s
 4486717 323459 infeasible   96      2026.72207 2013.66917  0.64%  26.8 47641s
 4486870 323357 infeasible  105      2026.72207 2013.67052  0.64%  26.8 47649s
 4487563 323312 2013.95907   74  173 2026.72207 2013.67994  0.64%  26.8 47655s
 4488216 323165 infeasible   87      2026.72207 2013.68745  0.64%  26.8 47668s
 4488839 323116 infeasible   87      2026.72207 2013.69354  0.64%  26.8 47671s
 4488954 322990 2023.01107   92  218 2026.72207 2013.69596  0.64%  26.8 47681s
 4489562 322827     cutoff   76      2026.72207 2013.70192  0.64%  26.8 47689s
 4489983 322780 2016.15833  111  134 2026.72207 2013.71130  0.64%  26.8 47694s
 4490200 322736 2014.37820   64  111 2026.72207 2013.71387  0.64%  26.8 47702s
 4490869 322661 2014.23129  109  157 2026.72207 2013.71962  0.64%  26.8 47708s
 4491166 322608 infeasible   84      2026.72207 2013.72497  0.64%  26.8 47713s
 4491677 322583 infeasible   68      2026.72207 2013.72991  0.64%  26.8 47716s
 4491815 322504 2021.77524   85   40 2026.72207 2013.73242  0.64%  26.8 47723s
 4492477 322391 infeasible   94      2026.72207 2013.73704  0.64%  26.8 47730s
 4493273 322244 infeasible   88      2026.72207 2013.74698  0.64%  26.8 47741s
 4493925 322153 2014.68619   92  158 2026.72207 2013.75510  0.64%  26.8 47746s
 4494265 322054     cutoff   85      2026.72207 2013.75914  0.64%  26.8 47751s
 4494663 321978 2022.54722   82   25 2026.72207 2013.76639  0.64%  26.8 47757s
 4495007 321898 infeasible   90      2026.72207 2013.77142  0.64%  26.8 47763s
 4495310 321752 2015.05480   93  179 2026.72207 2013.77592  0.64%  26.8 47770s
 4495942 321588 infeasible   81      2026.72207 2013.78458  0.64%  26.8 47781s
 4496564 321547 infeasible   99      2026.72207 2013.79299  0.64%  26.8 47786s
 4496790 321484 2014.48602   64  126 2026.72207 2013.79545  0.64%  26.8 47793s
 4497037 321462 infeasible   63      2026.72207 2013.79696  0.64%  26.8 47796s
 4497118 321381 infeasible   88      2026.72207 2013.79696  0.64%  26.8 47805s
 4497704 321229 2015.86833  115  177 2026.72207 2013.80052  0.64%  26.8 47815s
 4498401 321078 2014.94192   94  198 2026.72207 2013.81741  0.64%  26.8 47821s
 4498998 320905 2014.81503   77   51 2026.72207 2013.82613  0.64%  26.8 47827s
 4499595 320881 infeasible   76      2026.72207 2013.83240  0.64%  26.8 47831s
 4499722 320739 infeasible   86      2026.72207 2013.83503  0.64%  26.8 47838s
 4500330 320594 2013.84293   83   65 2026.72207 2013.84082  0.64%  26.8 47847s
 4500908 320560     cutoff   95      2026.72207 2013.84709  0.64%  26.8 47851s
 4501015 320485 2014.01113  104  149 2026.72207 2013.84939  0.64%  26.8 47861s
 4501860 320305 2018.33948   95  193 2026.72207 2013.85622  0.63%  26.8 47875s
 4502485 320256 2014.98930  106  154 2026.72207 2013.86216  0.63%  26.8 47880s
 4502791 320222 2014.09807  105  157 2026.72207 2013.86627  0.63%  26.8 47886s
 4503146 320161 2013.91750  102  138 2026.72207 2013.86953  0.63%  26.8 47891s
 4503731 320031     cutoff   71      2026.72207 2013.87600  0.63%  26.8 47897s
 4503950 319968     cutoff   85      2026.72207 2013.87988  0.63%  26.8 47902s
 4504653 319918 2023.55508  112  156 2026.72207 2013.88704  0.63%  26.8 47905s
 4504771 319862 2016.49272   93  178 2026.72207 2013.88814  0.63%  26.8 47912s
 4505482 319771 2020.24673  105  187 2026.72207 2013.89711  0.63%  26.8 47916s
 4505649 319664 infeasible   85      2026.72207 2013.89968  0.63%  26.8 47924s
 4506264 319633 2023.24457   64    6 2026.72207 2013.90518  0.63%  26.8 47928s
 4506499 319527 infeasible   68      2026.72207 2013.90934  0.63%  26.8 47937s
 4507132 319486 2018.19500   87  172 2026.72207 2013.91730  0.63%  26.8 47940s
 4507254 319386 2020.66271   78  157 2026.72207 2013.91791  0.63%  26.8 47948s
 4507903 319300 2013.93163   71   84 2026.72207 2013.92461  0.63%  26.8 47953s
 4508242 319269 infeasible   86      2026.72207 2013.93165  0.63%  26.8 47958s
 4508666 319194 2014.09761  101  125 2026.72207 2013.93273  0.63%  26.8 47963s
 4508981 319094 infeasible   96      2026.72207 2013.93622  0.63%  26.8 47970s
 4509619 319009 infeasible   89      2026.72207 2013.94384  0.63%  26.8 47978s
 4510293 318972 2023.05970  106  161 2026.72207 2013.95121  0.63%  26.8 47981s
 4510438 318852 infeasible   86      2026.72207 2013.95279  0.63%  26.8 47985s
 4511185 318730     cutoff   92      2026.72207 2013.96203  0.63%  26.8 47992s
 4511829 318612     cutoff   78      2026.72207 2013.96927  0.63%  26.8 48000s
 4512492 318527 2014.80764   79  155 2026.72207 2013.97512  0.63%  26.8 48009s
 4513080 318434 2013.98609   50   13 2026.72207 2013.98024  0.63%  26.8 48017s
 4513571 318400 2023.04242   96  154 2026.72207 2013.98528  0.63%  26.8 48021s
 4513663 318220     cutoff   68      2026.72207 2013.98610  0.63%  26.8 48032s
 4514225 318166 2021.18229   85   43 2026.72207 2013.99538  0.63%  26.8 48037s
 4514419 318093 infeasible   76      2026.72207 2013.99681  0.63%  26.8 48043s
 4514808 318057 2014.79088   93  162 2026.72207 2014.00037  0.63%  26.8 48048s
 4514963 317961 infeasible  102      2026.72207 2014.00067  0.63%  26.8 48056s
 4515599 317916 2024.21574   96  122 2026.72207 2014.00650  0.63%  26.8 48060s
 4515762 317787 2021.07767   80   33 2026.72207 2014.00979  0.63%  26.8 48071s
 4516361 317700 2014.91292   86  181 2026.72207 2014.01438  0.63%  26.8 48076s
 4516634 317571 infeasible   87      2026.72207 2014.01767  0.63%  26.8 48084s
 4517241 317529 2018.79892   84   42 2026.72207 2014.02195  0.63%  26.8 48087s
 4517331 317424 2015.54316  100  168 2026.72207 2014.02228  0.63%  26.8 48095s
 4518135 317318 2023.30092   58  123 2026.72207 2014.02994  0.63%  26.8 48106s
 4518609 317261 2020.02159   70   77 2026.72207 2014.03773  0.63%  26.8 48111s
 4518727 317155 2016.17389   65   52 2026.72207 2014.04086  0.63%  26.8 48121s
 4519348 317048 infeasible   95      2026.72207 2014.04648  0.63%  26.8 48126s
 4519627 316955     cutoff   94      2026.72207 2014.05209  0.63%  26.8 48134s
 4520011 316914 2021.09371   75   47 2026.72207 2014.05437  0.63%  26.8 48138s
 4520140 316778 infeasible   57      2026.72207 2014.05444  0.63%  26.8 48147s
 4520819 316691 2014.10731   81  145 2026.72207 2014.06705  0.62%  26.8 48154s
 4521390 316671 2014.73628   62  192 2026.72207 2014.07211  0.62%  26.8 48156s
 4521496 316503 infeasible  103      2026.72207 2014.07376  0.62%  26.8 48164s
 4522047 316394 infeasible   95      2026.72207 2014.07864  0.62%  26.8 48169s
 4522270 316334 2017.12691   90  160 2026.72207 2014.08366  0.62%  26.8 48173s
 4522488 316273 2016.06547   64   82 2026.72207 2014.08686  0.62%  26.8 48180s
 4523288 316027 infeasible   79      2026.72207 2014.09694  0.62%  26.8 48188s
 4523899 315996 2020.25245   79   87 2026.72207 2014.10406  0.62%  26.8 48192s
 4524137 315893 2014.83355   97  211 2026.72207 2014.10782  0.62%  26.8 48199s
 4524728 315860 infeasible   92      2026.72207 2014.11269  0.62%  26.8 48203s
 4524857 315704     cutoff   83      2026.72207 2014.11530  0.62%  26.8 48209s
 4525456 315628 2019.39092   81   52 2026.72207 2014.12431  0.62%  26.8 48216s
 4526167 315599 2021.68323   96  141 2026.72207 2014.13161  0.62%  26.8 48225s
 4526188 315592 2021.99953   98  144 2026.72207 2014.13161  0.62%  26.8 48230s
 4526215 315566 infeasible  105      2026.72207 2014.13277  0.62%  26.8 48235s
 4526333 315518     cutoff   72      2026.72207 2014.13512  0.62%  26.8 48241s
 4526503 315447 2017.06418  107  183 2026.72207 2014.13608  0.62%  26.8 48246s
 4526664 315365 2014.52400   92  167 2026.72207 2014.14031  0.62%  26.8 48250s
 4526901 315172 2023.66599   62   63 2026.72207 2014.14427  0.62%  26.8 48264s
 4527606 315088 2014.78693   75  189 2026.72207 2014.15570  0.62%  26.8 48271s
 4528279 314892 infeasible   86      2026.72207 2014.16319  0.62%  26.8 48282s
 4528948 314877     cutoff   57      2026.72207 2014.17168  0.62%  26.8 48285s
 4529138 314756     cutoff   64      2026.72207 2014.17398  0.62%  26.8 48295s
 4529797 314670 infeasible   98      2026.72207 2014.18189  0.62%  26.8 48303s
 4530020 314569 infeasible   88      2026.72207 2014.18250  0.62%  26.8 48313s
 4530661 314541 infeasible   80      2026.72207 2014.19289  0.62%  26.8 48315s
 4530748 314456 infeasible   97      2026.72207 2014.19384  0.62%  26.8 48322s
 4531383 314372 infeasible   75      2026.72207 2014.20198  0.62%  26.8 48328s
 4531682 314312 infeasible   62      2026.72207 2014.20639  0.62%  26.8 48339s
 4532267 314289 infeasible   66      2026.72207 2014.21180  0.62%  26.8 48343s
 4532389 314142 infeasible   86      2026.72207 2014.21413  0.62%  26.8 48353s
 4533032 314028 2020.48694  111  169 2026.72207 2014.22127  0.62%  26.8 48360s
 4533774 313839 2017.77798   71  191 2026.72207 2014.23213  0.62%  26.8 48373s
 4534430 313726 infeasible   65      2026.72207 2014.23995  0.62%  26.8 48381s
 4535170 313612 2015.20950   80  160 2026.72207 2014.24751  0.62%  26.8 48391s
 4535834 313558 2016.42269  116  160 2026.72207 2014.25461  0.62%  26.8 48395s
 4536054 313446 infeasible   88      2026.72207 2014.25801  0.61%  26.8 48402s
 4536701 313377 infeasible   79      2026.72207 2014.26848  0.61%  26.8 48405s
 4536954 313296 2014.30302   61  154 2026.72207 2014.27181  0.61%  26.8 48412s
 4537517 313274     cutoff  100      2026.72207 2014.27918  0.61%  26.8 48415s
 4537630 313089 2021.09597   88  191 2026.72207 2014.28059  0.61%  26.8 48422s
 4538225 312971 2014.39265   57  111 2026.72207 2014.28841  0.61%  26.8 48429s
 4538626 312933 infeasible   72      2026.72207 2014.29526  0.61%  26.8 48432s
 4538770 312825 infeasible   87      2026.72207 2014.29626  0.61%  26.8 48443s
 4539419 312761     cutoff   72      2026.72207 2014.30326  0.61%  26.8 48448s
 4539574 312642 2014.65262   76  138 2026.72207 2014.30456  0.61%  26.8 48460s
 4540247 312622 infeasible   68      2026.72207 2014.31214  0.61%  26.8 48465s
 4540455 312540     cutoff  101      2026.72207 2014.31214  0.61%  26.8 48473s
 4541060 312477     cutoff   91      2026.72207 2014.32226  0.61%  26.8 48477s
 4541192 312404 2021.17044   91  178 2026.72207 2014.32339  0.61%  26.8 48483s
 4541830 312388 2016.02028   86  133 2026.72207 2014.32922  0.61%  26.8 48486s
 4542045 312245     cutoff  101      2026.72207 2014.33307  0.61%  26.8 48493s
 4542657 312218 infeasible   84      2026.72207 2014.33893  0.61%  26.8 48497s
 4542747 312211 2016.14811   82  151 2026.72207 2014.33988  0.61%  26.8 48504s
 4543417 312185 infeasible  106      2026.72207 2014.34946  0.61%  26.8 48507s
 4543528 312127     cutoff   72      2026.72207 2014.35121  0.61%  26.8 48515s
 4544172 312047 2016.11096   81  247 2026.72207 2014.35713  0.61%  26.7 48520s
 4544470 311964     cutoff  118      2026.72207 2014.36234  0.61%  26.7 48525s
 4544874 311921 infeasible   76      2026.72207 2014.36733  0.61%  26.7 48530s
 4545070 311863 2014.63808   79   67 2026.72207 2014.36965  0.61%  26.7 48536s
 4545661 311850     cutoff   91      2026.72207 2014.37490  0.61%  26.7 48540s
 4545772 311736 2019.93318   72  152 2026.72207 2014.37537  0.61%  26.7 48546s
 4546388 311701 infeasible   85      2026.72207 2014.38262  0.61%  26.7 48551s
 4546758 311685 2021.52023   96   39 2026.72207 2014.38556  0.61%  26.7 48555s
 4547046 311641     cutoff   86      2026.72207 2014.38841  0.61%  26.7 48562s
 4547699 311600 2015.00685   87   99 2026.72207 2014.39271  0.61%  26.7 48565s
 4547838 311591 infeasible   65      2026.72207 2014.39395  0.61%  26.7 48571s
 4548741 311516 2020.43964   87   93 2026.72207 2014.40101  0.61%  26.7 48613s
 4549366 311493 infeasible   63      2026.72207 2014.40469  0.61%  26.7 48616s
 4549436 311398 infeasible   74      2026.72207 2014.40515  0.61%  26.7 48623s
 4550101 311354 2026.54052   53   28 2026.72207 2014.41621  0.61%  26.7 48628s
 4550603 311335 infeasible   94      2026.72207 2014.42074  0.61%  26.7 48631s
 4550673 311246     cutoff   66      2026.72207 2014.42083  0.61%  26.7 48637s
 4551235 311172 infeasible   98      2026.72207 2014.42624  0.61%  26.7 48641s
 4551772 310980 2014.43451   88   38 2026.72207 2014.43451  0.61%  26.7 48652s
 4552404 310892 2015.58875   94  146 2026.72207 2014.44192  0.61%  26.7 48664s
 4552978 310849 infeasible   77      2026.72207 2014.44659  0.61%  26.7 48668s
 4553206 310767 infeasible   96      2026.72207 2014.44934  0.61%  26.7 48675s
 4553882 310649 2018.57272   98   55 2026.72207 2014.45604  0.61%  26.7 48683s
 4554471 310610 infeasible  104      2026.72207 2014.46154  0.60%  26.7 48686s
 4554537 310511 2015.68495  102  163 2026.72207 2014.46287  0.60%  26.7 48692s
 4555130 310483 2014.60991   76   54 2026.72207 2014.46963  0.60%  26.7 48696s
 4555359 310353 2022.63889   91  166 2026.72207 2014.47288  0.60%  26.7 48705s
 4555931 310308 2015.55040   95   88 2026.72207 2014.48109  0.60%  26.7 48710s
 4556199 310258 2014.72175  107   60 2026.72207 2014.48444  0.60%  26.7 48718s
 4556821 310254 2016.72079   77   97 2026.72207 2014.49132  0.60%  26.7 48721s
 4556912 310126 2017.29981   88   78 2026.72207 2014.49153  0.60%  26.7 48728s
 4557486 310074     cutoff   83      2026.72207 2014.49925  0.60%  26.7 48732s
 4557673 309962 2020.09654   83   91 2026.72207 2014.50158  0.60%  26.7 48738s
 4558257 309950 infeasible   69      2026.72207 2014.50805  0.60%  26.7 48741s
 4558393 309884 2014.61804   48    9 2026.72207 2014.50997  0.60%  26.7 48748s
 4559002 309824 infeasible  114      2026.72207 2014.51480  0.60%  26.7 48753s
 4559252 309767 2016.22730   96  131 2026.72207 2014.51726  0.60%  26.7 48759s
 4559737 309738 2015.31433   89  149 2026.72207 2014.52169  0.60%  26.7 48762s
 4559836 309671 2026.04924   68  199 2026.72207 2014.52332  0.60%  26.7 48769s
 4560398 309569 infeasible  113      2026.72207 2014.52724  0.60%  26.7 48774s
 4560840 309542 2024.18666   65   62 2026.72207 2014.53522  0.60%  26.7 48777s
 4560946 309444 infeasible   48      2026.72207 2014.53571  0.60%  26.7 48786s
 4561516 309342 infeasible  103      2026.72207 2014.54352  0.60%  26.7 48792s
 4561861 309328 2016.08555  104  175 2026.72207 2014.54891  0.60%  26.7 48795s
 4561947 309256 infeasible  107      2026.72207 2014.54919  0.60%  26.7 48803s
 4562561 309226     cutoff   89      2026.72207 2014.55639  0.60%  26.7 48810s
 4563138 309056 2016.09189   83   52 2026.72207 2014.56297  0.60%  26.7 48823s
 4563690 309022     cutoff  109      2026.72207 2014.57278  0.60%  26.7 48831s
 4564341 308999 infeasible  109      2026.72207 2014.57884  0.60%  26.7 48835s
 4564436 308911 2015.10363   71   78 2026.72207 2014.57952  0.60%  26.7 48845s
 4565017 308816 2015.68792   48   54 2026.72207 2014.58492  0.60%  26.7 48853s
 4565449 308741     cutoff   72      2026.72207 2014.59091  0.60%  26.7 48858s
 4565594 308653 infeasible   75      2026.72207 2014.59336  0.60%  26.7 48863s
 4565908 308599 2014.75177   78  133 2026.72207 2014.59631  0.60%  26.7 48866s
 4566163 308506 infeasible   92      2026.72207 2014.60169  0.60%  26.7 48872s
 4566857 308308 infeasible   98      2026.72207 2014.60842  0.60%  26.7 48885s
 4567643 308131 infeasible   93      2026.72207 2014.61946  0.60%  26.7 48897s
 4568292 308038 2023.34455   96  172 2026.72207 2014.62655  0.60%  26.7 48907s
 4568881 307950 infeasible   67      2026.72207 2014.63250  0.60%  26.7 48914s
 4569226 307901 2016.81829   95   51 2026.72207 2014.63696  0.60%  26.7 48921s
 4569596 307832 infeasible   63      2026.72207 2014.64245  0.60%  26.7 48930s
 4570263 307721     cutoff   89      2026.72207 2014.64670  0.60%  26.7 48942s
 4570831 307678 2014.65570   73   32 2026.72207 2014.65482  0.60%  26.7 48946s
 4571580 307530 infeasible  108      2026.72207 2014.66152  0.60%  26.7 48957s
 4572139 307477 2016.61592  103  151 2026.72207 2014.67034  0.59%  26.7 48962s
 4572458 307447 2019.80507   66  194 2026.72207 2014.67232  0.59%  26.7 48967s
 4572690 307389 2015.52620   87  191 2026.72207 2014.67666  0.59%  26.7 48973s
 4573320 307327 2023.35918   89  142 2026.72207 2014.68225  0.59%  26.7 48978s
 4573445 307330 infeasible   64      2026.72207 2014.68355  0.59%  26.7 48987s
 4574096 307253 infeasible  107      2026.72207 2014.69126  0.59%  26.7 48994s
 4574401 307149     cutoff  107      2026.72207 2014.69273  0.59%  26.7 48999s
 4574612 307014 infeasible   70      2026.72207 2014.69993  0.59%  26.7 49009s
 4575164 306989 infeasible   56      2026.72207 2014.70612  0.59%  26.7 49012s
 4575244 306839 2016.44822   86  103 2026.72207 2014.70763  0.59%  26.7 49022s
 4575805 306778 2015.87020   91  175 2026.72207 2014.71519  0.59%  26.7 49027s
 4575984 306714 2022.64316  105   51 2026.72207 2014.71671  0.59%  26.7 49035s
 4576686 306534 2020.05954   78   35 2026.72207 2014.72619  0.59%  26.7 49046s
 4577267 306469 2015.02478   48   52 2026.72207 2014.73252  0.59%  26.7 49050s
 4577395 306413 2015.63098   80  237 2026.72207 2014.73397  0.59%  26.7 49058s
 4577973 306368 infeasible   56      2026.72207 2014.73987  0.59%  26.7 49060s
 4578082 306270 2016.38208   82  253 2026.72207 2014.74190  0.59%  26.7 49070s
 4578694 306243     cutoff   88      2026.72207 2014.75034  0.59%  26.7 49075s
 4578786 306149 2015.22779   94  104 2026.72207 2014.75103  0.59%  26.7 49082s
 4579387 306084 infeasible  112      2026.72207 2014.75653  0.59%  26.7 49087s
 4579614 305963 2016.49414   80  159 2026.72207 2014.76148  0.59%  26.7 49094s
 4580131 305910     cutoff   91      2026.72207 2014.76686  0.59%  26.7 49097s
 4580255 305771     cutoff   82      2026.72207 2014.77061  0.59%  26.7 49105s
 4580898 305626 infeasible   76      2026.72207 2014.77736  0.59%  26.7 49115s
 4581597 305622     cutoff   79      2026.72207 2014.78512  0.59%  26.7 49125s
 4582281 305510 infeasible   94      2026.72207 2014.78932  0.59%  26.7 49131s
 4582609 305454     cutoff  102      2026.72207 2014.79435  0.59%  26.7 49136s
 4582851 305381 2016.19591   79  180 2026.72207 2014.79866  0.59%  26.7 49142s
 4583455 305363     cutoff  101      2026.72207 2014.80184  0.59%  26.7 49145s
 4583512 305236 2015.50567   74  159 2026.72207 2014.80209  0.59%  26.7 49153s
 4584074 305194 infeasible   94      2026.72207 2014.81021  0.59%  26.7 49158s
 4584357 305176 2016.12114   64   48 2026.72207 2014.81365  0.59%  26.7 49166s
 4585111 305028 infeasible   77      2026.72207 2014.82303  0.59%  26.7 49174s
 4585360 304974 infeasible   82      2026.72207 2014.82623  0.59%  26.7 49176s
 4585473 304899 infeasible   64      2026.72207 2014.82693  0.59%  26.7 49182s
 4585880 304857 infeasible   91      2026.72207 2014.83308  0.59%  26.7 49185s
 4586073 304791     cutoff   78      2026.72207 2014.83550  0.59%  26.7 49192s
 4586704 304730     cutoff   72      2026.72207 2014.84288  0.59%  26.7 49195s
 4586811 304692 2016.00575   88  156 2026.72207 2014.84614  0.59%  26.7 49201s
 4587451 304627 2015.12058   83   73 2026.72207 2014.85183  0.59%  26.7 49205s
 4587623 304580     cutoff   85      2026.72207 2014.85472  0.59%  26.7 49212s
 4588403 304452     cutoff   89      2026.72207 2014.86261  0.59%  26.7 49220s
 4589367 304271 2014.87831   80  147 2026.72207 2014.87375  0.58%  26.7 49229s
 4589941 304231 2014.94960   77   29 2026.72207 2014.88023  0.58%  26.7 49232s
 4590047 304156 2015.39459   83  199 2026.72207 2014.88090  0.58%  26.7 49239s
 4590684 304060     cutoff   90      2026.72207 2014.88775  0.58%  26.7 49243s
 4591045 303999 2019.31146   99  146 2026.72207 2014.89396  0.58%  26.7 49247s
 4591320 303983 2014.96991   76  254 2026.72207 2014.89619  0.58%  26.7 49254s
 4591995 303953 infeasible   84      2026.72207 2014.90264  0.58%  26.7 49257s
 4592070 303878 infeasible   95      2026.72207 2014.90377  0.58%  26.7 49261s
 4592282 303820 2015.56194   69   85 2026.72207 2014.90621  0.58%  26.7 49269s
 4592849 303772 infeasible  102      2026.72207 2014.91286  0.58%  26.7 49272s
 4592984 303726 infeasible   67      2026.72207 2014.91458  0.58%  26.7 49278s
 4593617 303654 2019.45329  100   99 2026.72207 2014.92008  0.58%  26.7 49280s
 4593808 303528 2023.96646   86  112 2026.72207 2014.92308  0.58%  26.7 49287s
 4594398 303493 infeasible   93      2026.72207 2014.92923  0.58%  26.7 49290s
 4594511 303323 infeasible   89      2026.72207 2014.93201  0.58%  26.7 49297s
 4595071 303243 infeasible   79      2026.72207 2014.93996  0.58%  26.7 49301s
 4595402 303204 infeasible   87      2026.72207 2014.94289  0.58%  26.7 49305s
 4596027 303133 2015.38231   69   84 2026.72207 2014.94930  0.58%  26.7 49315s
 4596833 302969 2015.14517   71  187 2026.72207 2014.95912  0.58%  26.7 49325s
 4597619 302859 infeasible  103      2026.72207 2014.96857  0.58%  26.7 49334s
 4598252 302793 infeasible  113      2026.72207 2014.97467  0.58%  26.7 49337s
 4598481 302666     cutoff   73      2026.72207 2014.97658  0.58%  26.7 49342s
 4598980 302636 infeasible   86      2026.72207 2014.98415  0.58%  26.7 49345s
 4599071 302540 infeasible   96      2026.72207 2014.98598  0.58%  26.7 49353s
 4599660 302475 infeasible  114      2026.72207 2014.99335  0.58%  26.7 49360s
 4600263 302379 infeasible   78      2026.72207 2015.00009  0.58%  26.7 49373s
 4600943 302328 infeasible   98      2026.72207 2015.00653  0.58%  26.7 49377s
 4601096 302171 infeasible   97      2026.72207 2015.00746  0.58%  26.7 49388s
 4601675 302128 infeasible  110      2026.72207 2015.01457  0.58%  26.7 49393s
 4601916 302005 2017.56405   80  109 2026.72207 2015.01714  0.58%  26.6 49400s
 4602641 301905 2025.65822   71  108 2026.72207 2015.02582  0.58%  26.6 49411s
 4603290 301842 infeasible   99      2026.72207 2015.03410  0.58%  26.6 49415s
 4603432 301738 infeasible   84      2026.72207 2015.03590  0.58%  26.6 49422s
 4604117 301591     cutoff   97      2026.72207 2015.04510  0.58%  26.6 49430s
 4604704 301524 infeasible   66      2026.72207 2015.05089  0.58%  26.6 49438s
 4605306 301473 2015.14699   92   29 2026.72207 2015.06014  0.58%  26.6 49441s
 4605455 301350 infeasible  102      2026.72207 2015.06157  0.58%  26.6 49448s
 4606021 301270 2016.17632   57   32 2026.72207 2015.06873  0.57%  26.6 49453s
 4606213 301170 2015.46435   60   43 2026.72207 2015.07317  0.57%  26.6 49459s
 4606799 301160 infeasible   86      2026.72207 2015.07957  0.57%  26.6 49460s
 4606844 301087 infeasible   96      2026.72207 2015.08051  0.57%  26.6 49467s
 4607410 300993 infeasible   76      2026.72207 2015.08848  0.57%  26.6 49473s
 4607774 300954 infeasible   84      2026.72207 2015.09273  0.57%  26.6 49476s
 4607980 300875 2015.34824   75  147 2026.72207 2015.09451  0.57%  26.6 49483s
 4608564 300838 infeasible   90      2026.72207 2015.10109  0.57%  26.6 49486s
 4608644 300753 2015.27075  115   58 2026.72207 2015.10124  0.57%  26.6 49492s
 4609339 300612 2015.56279  101  176 2026.72207 2015.10760  0.57%  26.6 49500s
 4609944 300573     cutoff   69      2026.72207 2015.11468  0.57%  26.6 49507s
 4610639 300482 infeasible   95      2026.72207 2015.12288  0.57%  26.6 49514s
 4611219 300416 infeasible   94      2026.72207 2015.12714  0.57%  26.6 49518s
 4611551 300423 2019.13085   78  160 2026.72207 2015.13298  0.57%  26.6 49523s
 4611957 300385 2015.65044  101  144 2026.72207 2015.13790  0.57%  26.6 49526s
 4612139 300330     cutoff   77      2026.72207 2015.13976  0.57%  26.6 49533s
 4612665 300287 2024.27996  110  121 2026.72207 2015.14335  0.57%  26.6 49536s
 4612810 300155 2015.63231   75   35 2026.72207 2015.14684  0.57%  26.6 49541s
 4613349 300082 infeasible   69      2026.72207 2015.15301  0.57%  26.6 49546s
 4613573 300009 2015.39327   95  224 2026.72207 2015.15477  0.57%  26.6 49552s
 4614209 299945 2018.73035   85  190 2026.72207 2015.16171  0.57%  26.6 49555s
 4614307 299873     cutoff   85      2026.72207 2015.16171  0.57%  26.6 49564s
 4614943 299809 infeasible  104      2026.72207 2015.17010  0.57%  26.6 49569s
 4615064 299735 2022.88041   68  123 2026.72207 2015.17131  0.57%  26.6 49573s
 4615440 299667 infeasible   97      2026.72207 2015.17656  0.57%  26.6 49579s
 4615720 299611 infeasible   83      2026.72207 2015.18063  0.57%  26.6 49585s
 4615993 299505 2015.19497   52  124 2026.72207 2015.18341  0.57%  26.6 49593s
 4616573 299513 infeasible   93      2026.72207 2015.18936  0.57%  26.6 49599s
 4616776 299418 infeasible  114      2026.72207 2015.18936  0.57%  26.6 49606s
 4617384 299399 2015.20413   78   65 2026.72207 2015.19842  0.57%  26.6 49613s
 4617905 299376 infeasible   72      2026.72207 2015.20170  0.57%  26.6 49616s
 4618013 299229 2021.28630   96  149 2026.72207 2015.20171  0.57%  26.6 49623s
 4618579 299205     cutoff   60      2026.72207 2015.21276  0.57%  26.6 49625s
 4618658 299139 2015.25543   69  144 2026.72207 2015.21307  0.57%  26.6 49630s
 4619461 299029 2021.50191   56  155 2026.72207 2015.22364  0.57%  26.6 49640s
 4620272 298869 2015.61744   97  135 2026.72207 2015.23263  0.57%  26.6 49649s
 4620670 298825 2024.35861   77   38 2026.72207 2015.23947  0.57%  26.6 49653s
 4620926 298679 2015.24964   75   45 2026.72207 2015.24252  0.57%  26.6 49660s
 4621675 298550 infeasible   95      2026.72207 2015.25088  0.57%  26.6 49674s
 4622250 298489 infeasible   63      2026.72207 2015.25614  0.57%  26.6 49682s
 4622668 298425 infeasible   70      2026.72207 2015.26103  0.57%  26.6 49685s
 4622926 298312 infeasible   97      2026.72207 2015.26564  0.57%  26.6 49691s
 4623572 298268 infeasible   64      2026.72207 2015.26940  0.57%  26.6 49695s
 4623670 298238 2017.15494  100   78 2026.72207 2015.27347  0.56%  26.6 49702s
 4624317 298193 infeasible  112      2026.72207 2015.27667  0.56%  26.6 49705s
 4624443 298071 infeasible   70      2026.72207 2015.27883  0.56%  26.6 49710s
 4625063 298052 2020.35628   94   53 2026.72207 2015.28733  0.56%  26.6 49715s
 4625788 297991 2015.37360   94   20 2026.72207 2015.29345  0.56%  26.6 49728s
 4626397 297964 infeasible   73      2026.72207 2015.29821  0.56%  26.6 49731s
 4626480 297877 2022.75820   86  151 2026.72207 2015.29830  0.56%  26.6 49739s
 4627073 297814 infeasible   64      2026.72207 2015.30525  0.56%  26.6 49746s
 4627631 297756 infeasible   70      2026.72207 2015.31131  0.56%  26.6 49750s
 4627736 297687 2016.47674  110  121 2026.72207 2015.31281  0.56%  26.6 49757s
 4628339 297610 2021.40492   85  165 2026.72207 2015.31850  0.56%  26.6 49762s
 4628614 297515     cutoff   84      2026.72207 2015.32284  0.56%  26.6 49769s
 4629079 297461 infeasible   87      2026.72207 2015.32750  0.56%  26.6 49774s
 4629271 297406     cutoff   97      2026.72207 2015.33096  0.56%  26.6 49779s
 4629870 297389 infeasible   69      2026.72207 2015.33645  0.56%  26.6 49781s
 4630002 297321 2015.43219   84  181 2026.72207 2015.33776  0.56%  26.6 49786s
 4630436 297275 2015.74716   85  181 2026.72207 2015.33776  0.56%  26.6 49790s
 4630520 297202 2015.49158   95   81 2026.72207 2015.33876  0.56%  26.6 49797s
 4631135 297133 infeasible   63      2026.72207 2015.35187  0.56%  26.6 49800s
 4631273 297035 2017.76802  102   90 2026.72207 2015.35575  0.56%  26.6 49810s
 4631901 297025 infeasible  101      2026.72207 2015.36261  0.56%  26.6 49815s
 4632102 296959     cutoff   87      2026.72207 2015.36564  0.56%  26.6 49822s
 4632708 296882 infeasible   70      2026.72207 2015.37087  0.56%  26.6 49825s
 4632829 296776     cutoff   77      2026.72207 2015.37113  0.56%  26.6 49831s
 4633608 296637 2025.56940   73  151 2026.72207 2015.38407  0.56%  26.6 49843s
 4634229 296599     cutoff   67      2026.72207 2015.39045  0.56%  26.6 49847s
 4634383 296540 2016.14407   59  180 2026.72207 2015.39181  0.56%  26.6 49856s
 4634966 296503 2021.23163   81  149 2026.72207 2015.39727  0.56%  26.6 49861s
 4635264 296342 2023.91671   92  204 2026.72207 2015.40211  0.56%  26.6 49870s
 4635890 296285 2015.91158   50  113 2026.72207 2015.40794  0.56%  26.6 49875s
 4636130 296210 2024.89346   84  140 2026.72207 2015.41317  0.56%  26.6 49881s
 4636826 296093 2018.00447   86  246 2026.72207 2015.42020  0.56%  26.6 49891s
